request_id,model_name,phase,scheduled_offset_seconds,started_offset_seconds,completed_offset_seconds,latency_ms,success,error
0,onnx_model_071,warmup,0.008936844641308611,0.010014587081968784,0.02121233195066452,11.197744868695736,True,
1,onnx_model_073,warmup,0.009838374197299549,0.01022761082276702,0.021473608911037445,11.245998088270426,True,
2,onnx_model_073,warmup,0.0112269237932667,0.011690663173794746,0.021497244015336037,9.80658084154129,True,
3,onnx_model_077,warmup,0.015051833973468414,0.016005204059183598,0.02700170688331127,10.996502824127674,True,
4,onnx_model_027,warmup,0.01846052320934253,0.019401549827307463,0.03049298282712698,11.091432999819517,True,
5,onnx_model_086,warmup,0.01858987463192055,0.019541315734386444,0.030580318998545408,11.039003264158964,True,
6,onnx_model_045,warmup,0.02093633272584426,0.02126308809965849,0.03214989276602864,10.886804666370153,True,
7,onnx_model_079,warmup,0.022765388406861573,0.023642731830477715,0.034523394890129566,10.880663059651852,True,
8,onnx_model_020,warmup,0.03481660117029188,0.03568430105224252,0.046686755027621984,11.002453975379467,True,
9,onnx_model_074,warmup,0.037605606933127006,0.038023177068680525,0.049019480124115944,10.996303055435419,True,
10,onnx_model_083,warmup,0.039135617567100746,0.03941856976598501,0.0502899051643908,10.87133539840579,True,
11,onnx_model_041,warmup,0.04553982038114869,0.04584252089262009,0.05688598286360502,11.043461970984936,True,
12,onnx_model_070,warmup,0.05149593861049432,0.05252691684290767,0.06350724911317229,10.980332270264626,True,
13,onnx_model_003,warmup,0.05470424738504798,0.05498406710103154,0.06600101897493005,11.016951873898506,True,
14,onnx_model_066,warmup,0.05601613304317514,0.056406871881335974,0.06725250789895654,10.845636017620564,True,
15,onnx_model_047,warmup,0.05867601814096957,0.059106953907758,0.0701463189907372,11.039365082979202,True,
16,onnx_model_054,warmup,0.06423483446012014,0.06473223678767681,0.0756734050810337,10.941168293356895,True,
17,onnx_model_015,warmup,0.0692398256412556,0.06948638381436467,0.08049771515652537,11.011331342160702,True,
18,onnx_model_027,warmup,0.07061104847136435,0.07135999575257301,0.08242056984454393,11.06057409197092,True,
19,onnx_model_085,warmup,0.08091011233258,0.08173439605161548,0.09280973905697465,11.075343005359173,True,
20,onnx_model_081,warmup,0.08336664294387001,0.0836471519432962,0.09464920591562986,11.00205397233367,True,
21,onnx_model_023,warmup,0.09178444733188842,0.09208111371845007,0.10290446691215038,10.823353193700314,True,
22,onnx_model_069,warmup,0.0928489448343676,0.09402645193040371,0.10510114300996065,11.074691079556942,True,
23,onnx_model_041,warmup,0.09718337004721175,0.09787127003073692,0.10885309474542737,10.981824714690447,True,
24,onnx_model_001,warmup,0.09956234427804374,0.10033620614558458,0.11168625997379422,11.350053828209639,True,
25,onnx_model_099,warmup,0.10104742354896287,0.10175965074449778,0.11281426483765244,11.054614093154669,True,
26,onnx_model_097,warmup,0.11055121075482496,0.111072754021734,0.12211269978433847,11.039945762604475,True,
27,onnx_model_070,warmup,0.11089842045175338,0.11123470216989517,0.12218252196907997,10.9478197991848,True,
28,onnx_model_052,warmup,0.11164377536307712,0.11183142615482211,0.12263657571747899,10.80514956265688,True,
29,onnx_model_093,warmup,0.13001641955100698,0.1308040707372129,0.14166496600955725,10.86089527234435,True,
30,onnx_model_003,warmup,0.13220386002441833,0.13309918390586972,0.14385598106309772,10.756797157227993,True,
31,onnx_model_026,warmup,0.13408746111413997,0.13437934685498476,0.14527743309736252,10.898086242377758,True,
32,onnx_model_085,warmup,0.1360134086393183,0.13666900899261236,0.1473735268227756,10.70451783016324,True,
33,onnx_model_046,warmup,0.13673690148227582,0.13688568072393537,0.14765458088368177,10.768900159746408,True,
34,onnx_model_075,warmup,0.14482125316260258,0.14502831874415278,0.1558038117364049,10.775492992252111,True,
35,onnx_model_091,warmup,0.1657242316247351,0.1659657978452742,0.17672368790954351,10.757890064269304,True,
36,onnx_model_029,warmup,0.16787775531780103,0.16826554015278816,0.17900776909664273,10.74222894385457,True,
37,onnx_model_067,warmup,0.1686485932186068,0.16955470014363527,0.1804518341086805,10.897133965045214,True,
38,onnx_model_044,warmup,0.16941496543020873,0.16966287605464458,0.1805246127769351,10.861736722290516,True,
39,onnx_model_044,warmup,0.17284385523247656,0.17398819793015718,0.1807112479582429,6.723050028085709,True,
40,onnx_model_062,warmup,0.17602919390095437,0.1762701361440122,0.18733042990788817,11.060293763875961,True,
41,onnx_model_007,warmup,0.17704772306691702,0.17788861179724336,0.18882494093850255,10.936329141259193,True,
42,onnx_model_092,warmup,0.1837884719903549,0.18492427607998252,0.19595373095944524,11.029454879462719,True,
43,onnx_model_070,warmup,0.194424085127805,0.19504075590521097,0.20599151216447353,10.950756259262562,True,
44,onnx_model_010,warmup,0.19862307303673085,0.19912597071379423,0.21015693992376328,11.030969209969044,True,
45,onnx_model_002,warmup,0.20193652217876296,0.20257943589240313,0.21338679874315858,10.807362850755453,True,
46,onnx_model_056,warmup,0.2074314709117855,0.20821402594447136,0.21915505407378078,10.941028129309416,True,
47,onnx_model_009,warmup,0.20895527363094818,0.20965743996202946,0.2205997398123145,10.942299850285053,True,
48,onnx_model_022,warmup,0.21346268536975255,0.21463842783123255,0.22569374274462461,11.055314913392067,True,
49,onnx_model_087,warmup,0.21363838112390476,0.21479771099984646,0.22578153992071748,10.98382892087102,True,
50,onnx_model_050,warmup,0.2153663636030129,0.2162942960858345,0.22697584005072713,10.681543964892626,True,
51,onnx_model_048,warmup,0.22248492481697593,0.22283760411664844,0.23380238702520728,10.964782908558846,True,
52,onnx_model_072,warmup,0.2225711430667502,0.2229949631728232,0.23410511203110218,11.11014885827899,True,
53,onnx_model_065,warmup,0.22405149326537796,0.22448562690988183,0.23521752702072263,10.731900110840797,True,
54,onnx_model_064,warmup,0.22728299493877982,0.2281258860602975,0.23891463410109282,10.788748040795326,True,
55,onnx_model_068,warmup,0.22866618558792337,0.2294061197899282,0.24039028910920024,10.984169319272041,True,
56,onnx_model_085,warmup,0.23010433921398268,0.23068886809051037,0.24152884306386113,10.839974973350763,True,
57,onnx_model_073,warmup,0.23375812928963824,0.23390266671776772,0.2447819267399609,10.879260022193193,True,
58,onnx_model_054,warmup,0.2358475401450706,0.23637716099619865,0.24737709993496537,10.999938938766718,True,
59,onnx_model_094,warmup,0.24046249149138654,0.24166515190154314,0.25265791779384017,10.99276589229703,True,
60,onnx_model_051,warmup,0.24663546421070648,0.24700206704437733,0.25784809375181794,10.846026707440615,True,
61,onnx_model_098,warmup,0.2519321648544843,0.2527528591454029,0.26359718199819326,10.844322852790356,True,
62,onnx_model_021,warmup,0.2538240483005548,0.2541840891353786,0.26506607374176383,10.881984606385231,True,
63,onnx_model_076,warmup,0.27249654506508547,0.273300948087126,0.28430759999901056,11.006651911884546,True,
64,onnx_model_061,warmup,0.2768901389790128,0.27775075612589717,0.28879770496860147,11.046948842704296,True,
65,onnx_model_041,warmup,0.28216680698679086,0.2831766400486231,0.29411064414307475,10.934004094451666,True,
66,onnx_model_005,warmup,0.28931340828299384,0.2900123540312052,0.30090998904779553,10.897635016590357,True,
67,onnx_model_084,warmup,0.29437565006473604,0.29527894500643015,0.3063203329220414,11.041387915611267,True,
68,onnx_model_083,warmup,0.29699548837121753,0.29775464115664363,0.3086473657749593,10.892724618315697,True,
69,onnx_model_031,warmup,0.2988958793633701,0.2991837467998266,0.3100888058543205,10.905059054493904,True,
70,onnx_model_019,warmup,0.30388697704198975,0.3041322138160467,0.3151621101424098,11.029896326363087,True,
71,onnx_model_030,warmup,0.31024627011131733,0.31132959481328726,0.3225670657120645,11.237470898777246,True,
72,onnx_model_075,warmup,0.3108172103649078,0.31149141304194927,0.32245634496212006,10.964931920170784,True,
73,onnx_model_006,warmup,0.31168298786395726,0.31194179877638817,0.3231050088070333,11.163210030645132,True,
74,onnx_model_034,warmup,0.32046991880854203,0.3213861407712102,0.33256168384104967,11.175543069839478,True,
75,onnx_model_095,warmup,0.3225412292663895,0.3227272811345756,0.3337637288495898,11.03644771501422,True,
76,onnx_model_028,warmup,0.3249365108872474,0.3253316110931337,0.33641044003888965,11.078828945755959,True,
77,onnx_model_094,warmup,0.32924399700352486,0.32976113073527813,0.34065402671694756,10.892895981669426,True,
78,onnx_model_042,warmup,0.3316479119888688,0.3321886849589646,0.3430943349376321,10.905649978667498,True,
79,onnx_model_047,warmup,0.3336641337258265,0.33390377508476377,0.34478549007326365,10.88171498849988,True,
80,onnx_model_030,warmup,0.33644700097920394,0.3376420307904482,0.34862205293029547,10.980022139847279,True,
81,onnx_model_088,warmup,0.3445727237444472,0.34487918810918927,0.35585879907011986,10.979610960930586,True,
82,onnx_model_020,warmup,0.3468574790688999,0.3473215908743441,0.3582210587337613,10.8994678594172,True,
83,onnx_model_024,warmup,0.35896401066878825,0.3594393548555672,0.3704127538949251,10.9733990393579,True,
84,onnx_model_059,warmup,0.3645794753148779,0.36490138806402683,0.3758565620519221,10.95517398789525,True,
85,onnx_model_058,warmup,0.36780511233226304,0.36833709804341197,0.3793282308615744,10.991132818162441,True,
86,onnx_model_091,warmup,0.3761416250854702,0.3770859190262854,0.38797733187675476,10.89141285046935,True,
87,onnx_model_065,warmup,0.378117506662445,0.37855056300759315,0.3894570139236748,10.906450916081667,True,
88,onnx_model_060,warmup,0.3787459019488154,0.3789439108222723,0.3898890260607004,10.945115238428116,True,
89,onnx_model_044,warmup,0.3812295025906563,0.3815560359507799,0.3924665651284158,10.910529177635908,True,
90,onnx_model_090,warmup,0.3820328296866853,0.38300448888912797,0.393886333797127,10.881844907999039,True,
91,onnx_model_096,warmup,0.38328143731453085,0.38443381572142243,0.395310680847615,10.87686512619257,True,
92,onnx_model_075,warmup,0.3863232355813063,0.3868804471567273,0.3977113049477339,10.830857791006565,True,
93,onnx_model_084,warmup,0.38966548215422314,0.38998354505747557,0.4010790861211717,11.095541063696146,True,
94,onnx_model_013,warmup,0.3915286579011669,0.39256216678768396,0.4034816427156329,10.919475927948952,True,
95,onnx_model_029,warmup,0.39549097396647775,0.39652858674526215,0.40738373110070825,10.8551443554461,True,
96,onnx_model_041,warmup,0.39703827420812826,0.3978076479397714,0.409099412150681,11.291764210909605,True,
97,onnx_model_099,warmup,0.3985496358579223,0.39924947917461395,0.41012356895953417,10.874089784920216,True,
98,onnx_model_098,warmup,0.3997096055673795,0.400691329035908,0.4115083608776331,10.817031841725111,True,
99,onnx_model_062,warmup,0.40746029924627636,0.4086885307915509,0.41966974502429366,10.981214232742786,True,
100,onnx_model_061,warmup,0.4121424148686127,0.4127352028153837,0.4236352229490876,10.900020133703947,True,
101,onnx_model_087,warmup,0.41942042549021136,0.4197683520615101,0.43066960386931896,10.901251807808876,True,
102,onnx_model_000,warmup,0.41981980057857926,0.4201299697160721,0.4312072857283056,11.077316012233496,True,
103,onnx_model_007,warmup,0.42734619474671953,0.42786046396940947,0.43886273773387074,11.002273764461279,True,
104,onnx_model_058,warmup,0.4285179147020559,0.42930044094100595,0.4402924161404371,10.991975199431181,True,
105,onnx_model_069,warmup,0.43025616948834916,0.4307883200235665,0.44162777392193675,10.839453898370266,True,
106,onnx_model_029,warmup,0.4309309911500397,0.43130231695249677,0.44222403690218925,10.921719949692488,True,
107,onnx_model_048,warmup,0.44628347658118744,0.44744567293673754,0.45833192579448223,10.886252857744694,True,
108,onnx_model_067,warmup,0.4666845470116445,0.46855979785323143,0.4797233981080353,11.163600254803896,True,
109,onnx_model_002,warmup,0.4731961628257096,0.4740405958145857,0.48495573410764337,10.91513829305768,True,
110,onnx_model_039,warmup,0.47494452801427794,0.47547447215765715,0.4864830980077386,11.008625850081444,True,
111,onnx_model_007,warmup,0.47898703157752115,0.47982141515240073,0.4908530837856233,11.03166863322258,True,
112,onnx_model_071,warmup,0.4822966761332353,0.48326913779601455,0.4943196540698409,11.05051627382636,True,
113,onnx_model_053,warmup,0.49971422230080875,0.5005424227565527,0.5115797929465771,11.037370190024376,True,
114,onnx_model_080,warmup,0.5012529683264855,0.5020027989521623,0.5130931497551501,11.090350802987814,True,
115,onnx_model_002,warmup,0.5082554443001394,0.509440076071769,0.5203368691727519,10.896793100982904,True,
116,onnx_model_076,warmup,0.5167429734781739,0.5173194529488683,0.5284103760495782,11.090923100709915,True,
117,onnx_model_070,warmup,0.5219284218155379,0.522568300832063,0.5336614567786455,11.093155946582556,True,
118,onnx_model_089,warmup,0.5225298396879214,0.5229477719403803,0.5338953421451151,10.947570204734802,True,
119,onnx_model_027,warmup,0.5236512443795074,0.5243764077313244,0.5353123447857797,10.93593705445528,True,
120,onnx_model_099,warmup,0.5355849813068104,0.5365440170280635,0.5476570311002433,11.113014072179794,True,
121,onnx_model_056,warmup,0.5387376635032083,0.5390055160969496,0.5502673629671335,11.261846870183945,True,
122,onnx_model_003,warmup,0.5449921969032293,0.545445506926626,0.5563800618983805,10.934554971754551,True,
123,onnx_model_072,warmup,0.5489438134519385,0.5498873498290777,0.5610341690480709,11.146819218993187,True,
124,onnx_model_066,warmup,0.5510386173261044,0.551494425162673,0.5624904367141426,10.996011551469564,True,
125,onnx_model_078,warmup,0.5519254405880758,0.5529461349360645,0.564128341153264,11.182206217199564,True,
126,onnx_model_098,warmup,0.5551747172346398,0.5564781790599227,0.5674051288515329,10.926949791610241,True,
127,onnx_model_004,warmup,0.5594549724562289,0.5599397090263665,0.570983000099659,11.043291073292494,True,
128,onnx_model_072,warmup,0.5627412018013083,0.5637435088865459,0.5748667730949819,11.123264208436012,True,
129,onnx_model_048,warmup,0.5657354248705702,0.566354813054204,0.5774289430119097,11.074129957705736,True,
130,onnx_model_058,warmup,0.5808081593091516,0.5816799737513065,0.5927754947915673,11.095521040260792,True,
131,onnx_model_059,warmup,0.5849481594438656,0.5861516841687262,0.5972400717437267,11.088387575000525,True,
132,onnx_model_011,warmup,0.5944053662448663,0.5950018567964435,0.6065634437836707,11.561586987227201,True,
133,onnx_model_065,warmup,0.6008665452356906,0.6014627078548074,0.612468137871474,11.00543001666665,True,
134,onnx_model_007,warmup,0.6048401232322083,0.60595089988783,0.6172967660240829,11.34586613625288,True,
135,onnx_model_046,warmup,0.6050803568064572,0.6061180867254734,0.6171538750641048,11.035788338631392,True,
136,onnx_model_008,warmup,0.6070145882671797,0.6077585760504007,0.6187780019827187,11.019425932317972,True,
137,onnx_model_026,warmup,0.6153395299065088,0.6157243470661342,0.6268002507276833,11.075903661549091,True,
138,onnx_model_025,warmup,0.6220718062066751,0.6230196049436927,0.6340656620450318,11.046057101339102,True,
139,onnx_model_021,warmup,0.6355812281446643,0.6362844901159406,0.6474958308972418,11.21134078130126,True,
140,onnx_model_021,warmup,0.6362090787752509,0.6366591821424663,0.6475434610620141,10.884278919547796,True,
141,onnx_model_068,warmup,0.6383330721322812,0.6390917957760394,0.6500887898728251,10.996994096785784,True,
142,onnx_model_061,warmup,0.6393290007491617,0.6405363017693162,0.6516794231720269,11.143121402710676,True,
143,onnx_model_082,warmup,0.6398246687521018,0.6407535150647163,0.6522513898089528,11.49787474423647,True,
144,onnx_model_070,warmup,0.6448211371714081,0.6456291517242789,0.6565915709361434,10.962419211864471,True,
145,onnx_model_053,warmup,0.6459636874402195,0.6470635989680886,0.65797806577757,10.914466809481382,True,
146,onnx_model_088,warmup,0.6516353297741011,0.6518291179090738,0.6627787407487631,10.949622839689255,True,
147,onnx_model_084,warmup,0.6574370478043686,0.6577671547420323,0.6685735769569874,10.806422214955091,True,
148,onnx_model_041,warmup,0.6626879984064424,0.6628454178571701,0.6736956629902124,10.850245133042336,True,
149,onnx_model_035,warmup,0.6767972406958119,0.6778507609851658,0.6888376357965171,10.9868748113513,True,
150,onnx_model_026,warmup,0.6773656867230197,0.6779471137560904,0.6887658787891269,10.81876503303647,True,
151,onnx_model_028,warmup,0.6986509344698988,0.6989869177341461,0.7099314518272877,10.944534093141556,True,
152,onnx_model_018,warmup,0.7152303146948696,0.7161364471539855,0.7271505729295313,11.014125775545835,True,
153,onnx_model_076,warmup,0.7198071989131907,0.7204811261035502,0.7314781597815454,10.997033677995205,True,
154,onnx_model_006,warmup,0.7383900721551607,0.7387897679582238,0.7499538389965892,11.164071038365364,True,
155,onnx_model_007,warmup,0.745376341811275,0.7463223361410201,0.7575152120552957,11.192875914275646,True,
156,onnx_model_085,warmup,0.7492754227720549,0.7500650207512081,0.7612909600138664,11.225939262658358,True,
157,onnx_model_052,warmup,0.7638126337689359,0.7645919439382851,0.7757079037837684,11.115959845483303,True,
158,onnx_model_080,warmup,0.7651524535906143,0.7661352381110191,0.7772474908269942,11.112252715975046,True,
159,onnx_model_009,warmup,0.7709952101257206,0.7716896058991551,0.7834348417818546,11.74523588269949,True,
160,onnx_model_047,warmup,0.7787733414719477,0.7795561291277409,0.7908700150437653,11.313885916024446,True,
161,onnx_model_033,warmup,0.7789791177900013,0.7797834910452366,0.7909230757504702,11.139584705233574,True,
162,onnx_model_042,warmup,0.7840052382970627,0.7847441709600389,0.7958770929835737,11.132922023534775,True,
163,onnx_model_073,warmup,0.7861633733282422,0.7872818447649479,0.7985488520935178,11.267007328569889,True,
164,onnx_model_043,warmup,0.8058244577339875,0.8068600897677243,0.8179821721278131,11.122082360088825,True,
165,onnx_model_090,warmup,0.8087404964109234,0.8093975740484893,0.820506720803678,11.109146755188704,True,
166,onnx_model_079,warmup,0.8121055795801271,0.8129488541744649,0.8241387847810984,11.189930606633425,True,
167,onnx_model_080,warmup,0.8133014558686953,0.8144890419207513,0.8255123659037054,11.023323982954025,True,
168,onnx_model_015,warmup,0.816201425394395,0.8169804881326854,0.8278512521646917,10.870764032006264,True,
169,onnx_model_053,warmup,0.818566952442645,0.8192111179232597,0.8299567438662052,10.74562594294548,True,
170,onnx_model_059,warmup,0.8228842868489586,0.8237662469036877,0.8349320809356868,11.165834031999111,True,
171,onnx_model_095,warmup,0.8286230382418088,0.8290297919884324,0.8400139310397208,10.984139051288366,True,
172,onnx_model_065,warmup,0.8342694315407719,0.8350270921364427,0.8460588217712939,11.031729634851217,True,
173,onnx_model_026,warmup,0.8357298596664364,0.836462200153619,0.8474693628959358,11.007162742316723,True,
174,onnx_model_024,warmup,0.8413961571801234,0.8422354338690639,0.8533295318484306,11.09409797936678,True,
175,onnx_model_062,warmup,0.8448680099414764,0.8456816449761391,0.8567006797529757,11.019034776836634,True,
176,onnx_model_068,warmup,0.8502020351811103,0.8507046331651509,0.8619050928391516,11.20045967400074,True,
177,onnx_model_041,warmup,0.8502084576914342,0.8508648369461298,0.8620350798591971,11.17024291306734,True,
178,onnx_model_088,warmup,0.8547107697426448,0.8555500931106508,0.8666431400924921,11.093046981841326,True,
179,onnx_model_057,warmup,0.856606415661863,0.8568462268449366,0.8680248358286917,11.178608983755112,True,
180,onnx_model_020,warmup,0.8566913102854524,0.8570025539956987,0.8680821950547397,11.079641059041023,True,
181,onnx_model_042,warmup,0.8586406966764957,0.8595112827606499,0.870460756123066,10.949473362416029,True,
182,onnx_model_010,warmup,0.8626766198657042,0.8632485968992114,0.874181258957833,10.932662058621645,True,
183,onnx_model_087,warmup,0.8738027449262782,0.8742734538391232,0.885325341951102,11.05188811197877,True,
184,onnx_model_053,warmup,0.8744090018779275,0.8746530949138105,0.8856356618925929,10.982566978782415,True,
185,onnx_model_059,warmup,0.8748454520658988,0.875002158805728,0.8859083601273596,10.90620132163167,True,
186,onnx_model_026,warmup,0.8762558332465139,0.8774316268973053,0.8886778047308326,11.246177833527327,True,
187,onnx_model_058,warmup,0.8771005229455462,0.8775894967839122,0.8886385401710868,11.049043387174606,True,
188,onnx_model_064,warmup,0.8998283349281995,0.9008951880969107,0.9119070200249553,11.011831928044558,True,
189,onnx_model_013,warmup,0.9128289445265755,0.9131224197335541,0.9240812417119741,10.95882197842002,True,
190,onnx_model_028,warmup,0.9140937676578541,0.9145514168776572,0.9255633191205561,11.011902242898941,True,
191,onnx_model_059,warmup,0.9164348188721434,0.9170050011016428,0.9280551350675523,11.050133965909481,True,
192,onnx_model_039,warmup,0.9251307731078674,0.9256961108185351,0.9367631077766418,11.066996958106756,True,
193,onnx_model_043,warmup,0.9271665849710524,0.9281517188064754,0.9393884679302573,11.23674912378192,True,
194,onnx_model_062,warmup,0.9279553744445219,0.9283165419474244,0.9394316500984132,11.115108150988817,True,
195,onnx_model_029,warmup,0.9388888352230634,0.9395244768820703,0.9504725481383502,10.948071256279945,True,
196,onnx_model_087,warmup,0.9406842955076605,0.9409880391322076,0.9519135267473757,10.925487615168095,True,
197,onnx_model_058,warmup,0.9554917451048827,0.9561324757523835,0.9672127487137914,11.0802729614079,True,
198,onnx_model_008,warmup,0.9570268825854304,0.9575616628862917,0.9685399211011827,10.978258214890957,True,
199,onnx_model_001,warmup,0.9592060274771791,0.9599936059676111,0.9711435409262776,11.149934958666563,True,
200,onnx_model_024,warmup,0.969682126765286,0.9707634677179158,0.9818293531425297,11.065885424613953,True,
201,onnx_model_024,warmup,0.9764505446729334,0.97736895410344,0.9819384198635817,4.569465760141611,True,
202,onnx_model_044,warmup,0.9895733783474568,0.9902352807112038,1.0012301211245358,10.994840413331985,True,
203,onnx_model_086,warmup,0.9929918991134736,0.9938111579976976,1.004971792921424,11.16063492372632,True,
204,onnx_model_048,warmup,0.9977154652125164,0.9983563381247222,1.0094464290887117,11.090090963989496,True,
205,onnx_model_030,warmup,1.0056479088111407,1.0062025929801166,1.0172909898683429,11.08839688822627,True,
206,onnx_model_048,warmup,1.0089811101760087,1.0095474007539451,1.020925709977746,11.378309223800898,True,
207,onnx_model_043,warmup,1.01030616127552,1.0110149001702666,1.0219817669130862,10.966866742819548,True,
208,onnx_model_070,warmup,1.0118828590553806,1.0124509697780013,1.023432114161551,10.98114438354969,True,
209,onnx_model_009,warmup,1.0194876380953979,1.0205510267987847,1.0315287341363728,10.977707337588072,True,
210,onnx_model_028,warmup,1.0357209337874735,1.0367721309885383,1.0482357018627226,11.46357087418437,True,
211,onnx_model_039,warmup,1.0383829064183925,1.0392999658361077,1.0504918810911477,11.19191525503993,True,
212,onnx_model_072,warmup,1.042791655003541,1.0437832488678396,1.054985902737826,11.202653869986534,True,
213,onnx_model_047,warmup,1.0461414128139561,1.0472340378910303,1.058330049738288,11.096011847257614,True,
214,onnx_model_018,warmup,1.0546439844422202,1.0550856529735029,1.0660703130997717,10.984660126268864,True,
215,onnx_model_024,warmup,1.0549297534091027,1.055450445972383,1.066414127126336,10.963681153953075,True,
216,onnx_model_030,warmup,1.0567210080699982,1.057934699114412,1.0689103221520782,10.975623037666082,True,
217,onnx_model_044,warmup,1.059851196027506,1.0605603191070259,1.0715112057514489,10.950886644423008,True,
218,onnx_model_053,warmup,1.0739423415286249,1.0747529678046703,1.0857874630019069,11.034495197236538,True,
219,onnx_model_019,warmup,1.0755154162732425,1.0762025229632854,1.0872073420323431,11.004819069057703,True,
220,onnx_model_000,warmup,1.0800049008144865,1.0806573410518467,1.0918498770333827,11.192535981535912,True,
221,onnx_model_008,warmup,1.082573254527288,1.0831044628284872,1.094147864729166,11.043401900678873,True,
222,onnx_model_071,warmup,1.0905846399637737,1.0914452369324863,1.1024888497777283,11.043612845242023,True,
223,onnx_model_042,warmup,1.114166924343726,1.114821142051369,1.1260458580218256,11.2247159704566,True,
224,onnx_model_043,warmup,1.1194182736210996,1.120440754108131,1.131653397809714,11.212643701583147,True,
225,onnx_model_018,warmup,1.1251502855467337,1.1261791619472206,1.1371965338476002,11.017371900379658,True,
226,onnx_model_054,warmup,1.1314694637765865,1.131810275837779,1.1428527859970927,11.042510159313679,True,
227,onnx_model_010,warmup,1.1359978395556183,1.136371715925634,1.1473197969608009,10.948081035166979,True,
228,onnx_model_050,warmup,1.1391483885306692,1.1394368628971279,1.1503733419813216,10.936479084193707,True,
229,onnx_model_038,warmup,1.1397223569628638,1.1409121467731893,1.1519677927717566,11.055645998567343,True,
230,onnx_model_044,warmup,1.1433323610180948,1.1440790868364275,1.155087382066995,11.008295230567455,True,
231,onnx_model_008,warmup,1.1443815356633396,1.1455292641185224,1.1566872028633952,11.157938744872808,True,
232,onnx_model_070,warmup,1.1473179143835446,1.147473739925772,1.1584460167214274,10.972276795655489,True,
233,onnx_model_008,warmup,1.1480433514585673,1.1489282348193228,1.1568084741011262,7.8802392818033695,True,
234,onnx_model_052,warmup,1.149180664101488,1.1504709967412055,1.1614203909412026,10.949394199997187,True,
235,onnx_model_020,warmup,1.1619438770910375,1.162652573082596,1.1736788018606603,11.026228778064251,True,
236,onnx_model_034,warmup,1.1740143209578104,1.1749001140706241,1.1859244490042329,11.02433493360877,True,
237,onnx_model_001,warmup,1.186020805246479,1.1871428950689733,1.1980636538937688,10.920758824795485,True,
238,onnx_model_097,warmup,1.1995242061801377,1.2002259348519146,1.2110632248222828,10.837289970368147,True,
239,onnx_model_029,warmup,1.2167732620832232,1.2172651840373874,1.2281506257131696,10.885441675782204,True,
240,onnx_model_006,warmup,1.2217279000277512,1.222622466739267,1.2336479350924492,11.025468353182077,True,
241,onnx_model_010,warmup,1.2222566766865248,1.2227352517656982,1.2335526337847114,10.817382019013166,True,
242,onnx_model_067,warmup,1.227631464222746,1.2282170518301427,1.2393047781661153,11.087726335972548,True,
243,onnx_model_084,warmup,1.234137220962786,1.234851383138448,1.246001707855612,11.15032471716404,True,
244,onnx_model_032,warmup,1.2342073078830706,1.2349610510282218,1.2459692158736289,11.00816484540701,True,
245,onnx_model_020,warmup,1.2365108377937748,1.2373352241702378,1.248194286134094,10.85906196385622,True,
246,onnx_model_022,warmup,1.2382446831459863,1.2387252459302545,1.249555863905698,10.830617975443602,True,
247,onnx_model_077,warmup,1.2431658248945088,1.2435082881711423,1.2543177558109164,10.809467639774084,True,
248,onnx_model_076,warmup,1.2443214349233784,1.2448711888864636,1.2557497480884194,10.878559201955795,True,
249,onnx_model_004,warmup,1.2573318744379638,1.257950201164931,1.2689613411203027,11.011139955371618,True,
250,onnx_model_062,warmup,1.26296001339974,1.2634322810918093,1.274511902127415,11.079621035605669,True,
251,onnx_model_009,warmup,1.266874029803379,1.2679941928945482,1.2790383258834481,11.044132988899946,True,
252,onnx_model_027,warmup,1.2697059029429971,1.2702577547170222,1.2813799870200455,11.122232303023338,True,
253,onnx_model_017,warmup,1.277069963756612,1.2778117847628891,1.2888108720071614,10.999087244272232,True,
254,onnx_model_021,warmup,1.2834724149379637,1.2846536599099636,1.2961079329252243,11.454273015260696,True,
255,onnx_model_035,warmup,1.2839520866381235,1.2848372287116945,1.2961569060571492,11.319677345454693,True,
256,onnx_model_081,warmup,1.2935098008656745,1.2940419660881162,1.3052925718948245,11.250605806708336,True,
257,onnx_model_012,warmup,1.294274584753409,1.2954841670580208,1.3065213281661272,11.037161108106375,True,
258,onnx_model_039,warmup,1.2957866341736934,1.2962492918595672,1.3071154868230224,10.8661949634552,True,
259,onnx_model_019,warmup,1.2964117521136655,1.296628172043711,1.3076308970339596,11.00272499024868,True,
260,onnx_model_004,warmup,1.2993608286332883,1.3000586028210819,1.3110490241087973,10.990421287715435,True,
261,onnx_model_063,warmup,1.3003091669744227,1.301480244845152,1.312471958808601,10.991713963449001,True,
262,onnx_model_099,warmup,1.3040230923978051,1.304929481819272,1.3158685551024973,10.939073283225298,True,
263,onnx_model_050,warmup,1.3053927410286355,1.3066284009255469,1.31754394993186,10.915549006313086,True,
264,onnx_model_042,warmup,1.308044313190603,1.30885124579072,1.3197607239708304,10.909478180110455,True,
265,onnx_model_023,warmup,1.318126095074863,1.3187588988803327,1.3296864009462297,10.927502065896988,True,
266,onnx_model_032,warmup,1.3303351354989827,1.330921288114041,1.341880600899458,10.959312785416842,True,
267,onnx_model_047,warmup,1.3310339420983286,1.331273467745632,1.342225425876677,10.951958131045103,True,
268,onnx_model_038,warmup,1.3317288755038075,1.3327051387168467,1.3435883768834174,10.883238166570663,True,
269,onnx_model_073,warmup,1.3479928819299634,1.3488208930939436,1.3598096808418632,10.98878774791956,True,
270,onnx_model_054,warmup,1.350588928679243,1.351263807155192,1.3624121379107237,11.148330755531788,True,
271,onnx_model_024,warmup,1.3610882770931536,1.3620403511449695,1.372973513789475,10.9331626445055,True,
272,onnx_model_040,warmup,1.3632273790075653,1.3636663020588458,1.374870809726417,11.204507667571306,True,
273,onnx_model_004,warmup,1.3632932894623095,1.3638262557797134,1.3749287710525095,11.102515272796154,True,
274,onnx_model_065,warmup,1.3649315043710843,1.3653277400881052,1.3762427978217602,10.915057733654976,True,
275,onnx_model_083,warmup,1.382017824720234,1.3824820080772042,1.3939696550369263,11.487646959722042,True,
276,onnx_model_046,warmup,1.3853449000217741,1.3859368860721588,1.3970762398093939,11.13935373723507,True,
277,onnx_model_076,warmup,1.3853766443270963,1.3860958381555974,1.3971959170885384,11.10007893294096,True,
278,onnx_model_081,warmup,1.3873597712218977,1.3875777651555836,1.3986225090920925,11.044743936508894,True,
279,onnx_model_040,warmup,1.388484503170782,1.3890187540091574,1.3999941968359053,10.975442826747894,True,
280,onnx_model_038,warmup,1.3927696750966396,1.393467971123755,1.4046472711488605,11.179300025105476,True,
281,onnx_model_032,warmup,1.3971609004623848,1.3973376168869436,1.4082449697889388,10.907352901995182,True,
282,onnx_model_092,warmup,1.3982140393404365,1.398719493765384,1.4098809100687504,11.161416303366423,True,
283,onnx_model_091,warmup,1.4019169942695384,1.4022110211662948,1.413034944795072,10.823923628777266,True,
284,onnx_model_004,warmup,1.4074165153328422,1.4078674521297216,1.4190657287836075,11.198276653885841,True,
285,onnx_model_054,warmup,1.4088401791957823,1.4094935827888548,1.4204974798485637,11.003897059708834,True,
286,onnx_model_009,warmup,1.4182603487114098,1.4191593970172107,1.4301155428402126,10.956145823001862,True,
287,onnx_model_055,warmup,1.4197635993029947,1.4205908081494272,1.431714742910117,11.123934760689735,True,
288,onnx_model_017,warmup,1.4203600053959569,1.4207636658102274,1.4317691661417484,11.005500331521034,True,
289,onnx_model_000,warmup,1.4266965936807705,1.427266538143158,1.438196123111993,10.929584968835115,True,
290,onnx_model_040,warmup,1.428279665840923,1.4286972470581532,1.439571256749332,10.874009691178799,True,
291,onnx_model_023,warmup,1.4430080949058706,1.4438157849945128,1.4547625738196075,10.9467888250947,True,
292,onnx_model_010,warmup,1.4492177097997645,1.450249183923006,1.4613332538865507,11.084069963544607,True,
293,onnx_model_047,warmup,1.457716295382516,1.4579826649278402,1.4689552220515907,10.972557123750448,True,
294,onnx_model_041,warmup,1.4593673649228074,1.4604130941443145,1.471458600834012,11.045506689697504,True,
295,onnx_model_006,warmup,1.4671030708574122,1.467552094720304,1.4786261348053813,11.074040085077286,True,
296,onnx_model_063,warmup,1.4692998380572801,1.4701716541312635,1.4810819830745459,10.910328943282366,True,
297,onnx_model_015,warmup,1.4747805808548633,1.4756914367899299,1.4867324838414788,11.041047051548958,True,
298,onnx_model_084,warmup,1.4765911646029424,1.4771179780364037,1.4880929598584771,10.97498182207346,True,
299,onnx_model_092,warmup,1.4829973680462434,1.4833146771416068,1.4942774861119688,10.962808970361948,True,
300,onnx_model_077,warmup,1.485585039343232,1.486825780943036,1.4978799037635326,11.05412282049656,True,
301,onnx_model_011,warmup,1.4928755263334046,1.4933150568976998,1.5044126720167696,11.097615119069815,True,
302,onnx_model_026,warmup,1.4931912521283288,1.4934728471562266,1.5045214178971946,11.048570740967989,True,
303,onnx_model_086,warmup,1.501006895908613,1.502115575131029,1.5131085207685828,10.99294563755393,True,
304,onnx_model_063,warmup,1.5060911026890211,1.5067480308935046,1.517943853046745,11.195822153240442,True,
305,onnx_model_028,warmup,1.5094184175866199,1.5101845627650619,1.5212553068995476,11.070744134485722,True,
306,onnx_model_009,warmup,1.5100051412401072,1.5103414207696915,1.5213765078224242,11.035087052732706,True,
307,onnx_model_062,warmup,1.5162323574507086,1.51733588706702,1.5283670257776976,11.031138710677624,True,
308,onnx_model_059,warmup,1.5162608023119168,1.5174944680184126,1.5284959711134434,11.001503095030785,True,
309,onnx_model_065,warmup,1.538203869285749,1.5387253961525857,1.5497646387666464,11.03924261406064,True,
310,onnx_model_091,warmup,1.5416493367334667,1.5421579200774431,1.5531426607631147,10.984740685671568,True,
311,onnx_model_015,warmup,1.545661911952853,1.546580446884036,1.5575358918868005,10.955445002764463,True,
312,onnx_model_009,warmup,1.5499361097231068,1.5510107181034982,1.5618430287577212,10.832310654222965,True,
313,onnx_model_054,warmup,1.5512750133763116,1.5524014420807362,1.56330675072968,10.905308648943901,True,
314,onnx_model_049,warmup,1.5548685767109613,1.5553623801097274,1.5664048697799444,11.042489670217037,True,
315,onnx_model_083,warmup,1.5646292162005084,1.5655407379381359,1.5765634700655937,11.022732127457857,True,
316,onnx_model_037,warmup,1.5656056224142507,1.5659108408726752,1.5768764051608741,10.965564288198948,True,
317,onnx_model_085,warmup,1.5695173401407967,1.5706608700565994,1.5816406919620931,10.979821905493736,True,
318,onnx_model_063,warmup,1.5758387754435241,1.5760975549928844,1.586960514076054,10.862959083169699,True,
319,onnx_model_021,warmup,1.5835078832272518,1.5838612630032003,1.59493667492643,11.075411923229694,True,
320,onnx_model_068,warmup,1.5888181069660876,1.5891832988709211,1.6002502860501409,11.066987179219723,True,
321,onnx_model_085,warmup,1.6004278895353437,1.601485833991319,1.6124931080266833,11.00727403536439,True,
322,onnx_model_030,warmup,1.60230616479579,1.602940449025482,1.6138783609494567,10.937911923974752,True,
323,onnx_model_025,warmup,1.6067974745373061,1.6073742471635342,1.618357946164906,10.98369900137186,True,
324,onnx_model_072,warmup,1.6088113253754033,1.609833462163806,1.620865672826767,11.032210662961006,True,
325,onnx_model_013,warmup,1.6249080225986938,1.6260852948762476,1.6404871298000216,14.401834923774004,True,
326,onnx_model_006,warmup,1.6356530338715707,1.6365275937132537,1.647647290956229,11.119697242975235,True,
327,onnx_model_029,warmup,1.6372639938798046,1.6379857459105551,1.6488884901627898,10.902744252234697,True,
328,onnx_model_005,warmup,1.6430097500694512,1.6437288518063724,1.6547725549899042,11.043703183531761,True,
329,onnx_model_099,warmup,1.6433635253351124,1.6438900087960064,1.6548947067931294,11.004697997123003,True,
330,onnx_model_040,warmup,1.6583318843494235,1.6591143677942455,1.6702759847976267,11.161617003381252,True,
331,onnx_model_027,warmup,1.6591786026777866,1.6594770280644298,1.6705250591039658,11.048031039536,True,
332,onnx_model_008,warmup,1.6608846171143046,1.6619239691644907,1.6728736530058086,10.949683841317892,True,
333,onnx_model_082,warmup,1.6636911080257337,1.6643557008355856,1.675372343044728,11.016642209142447,True,
334,onnx_model_006,warmup,1.6656615618125965,1.6668036049231887,1.677834692876786,11.031087953597307,True,
335,onnx_model_034,warmup,1.6666887600248335,1.6669644499197602,1.6779822437092662,11.017793789505959,True,
336,onnx_model_012,warmup,1.668755143624703,1.6694704638794065,1.6804962819442153,11.025818064808846,True,
337,onnx_model_080,warmup,1.669593626484709,1.6698477207683027,1.6807939978316426,10.946277063339949,True,
338,onnx_model_060,warmup,1.6713930056176802,1.671755266841501,1.6827065339311957,10.951267089694738,True,
339,onnx_model_045,warmup,1.6734648626592803,1.6741198720410466,1.6850527939386666,10.932921897619963,True,
340,onnx_model_005,warmup,1.6759803117853243,1.6765919411554933,1.6875202041119337,10.928262956440449,True,
341,onnx_model_028,warmup,1.6766635338099942,1.676962835714221,1.6879189619794488,10.956126265227795,True,
342,onnx_model_062,warmup,1.6827753451149658,1.6839367817156017,1.6948678707703948,10.93108905479312,True,
343,onnx_model_019,warmup,1.6963214973318812,1.6971102030947804,1.7081059347838163,10.995731689035892,True,
344,onnx_model_033,warmup,1.6989111181885177,1.699551603756845,1.7106218370608985,11.070233304053545,True,
345,onnx_model_009,warmup,1.710285802376563,1.7107172477990389,1.721655230037868,10.937982238829136,True,
346,onnx_model_075,warmup,1.7108051970832139,1.7110857390798628,1.7222764207981527,11.190681718289852,True,
347,onnx_model_036,warmup,1.7108300901358866,1.7112421058118343,1.7223167568445206,11.074651032686234,True,
348,onnx_model_044,warmup,1.7113544411085484,1.7116839359514415,1.7226389697752893,10.95503382384777,True,
349,onnx_model_028,warmup,1.7120089964231373,1.713111149147153,1.7245235117152333,11.412362568080425,True,
350,onnx_model_043,warmup,1.717424407137795,1.7185393371619284,1.7295190580189228,10.97972085699439,True,
351,onnx_model_063,warmup,1.7197800268545296,1.7209889329969883,1.731965227983892,10.976294986903667,True,
352,onnx_model_065,warmup,1.7228767795792759,1.723859149031341,1.7348427567631006,10.983607731759548,True,
353,onnx_model_013,warmup,1.7302823161846612,1.7307599768973887,1.7416977477259934,10.937770828604698,True,
354,onnx_model_002,warmup,1.7348289263824768,1.7349876128137112,1.7458610218018293,10.873408988118172,True,
355,onnx_model_013,warmup,1.7404860456481688,1.741390964947641,1.7522430727258325,10.852107778191566,True,
356,onnx_model_005,warmup,1.7478399591027267,1.7480144151486456,1.7586757307872176,10.661315638571978,True,
357,onnx_model_005,warmup,1.7586964907320668,1.759829293936491,1.7705676760524511,10.738382115960121,True,
358,onnx_model_094,warmup,1.7648126131246122,1.7651093699969351,1.7758770380169153,10.767668019980192,True,
359,onnx_model_090,warmup,1.768673622897024,1.7693861201405525,1.7801790861412883,10.79296600073576,True,
360,onnx_model_012,warmup,1.7711372521549016,1.7716927439905703,1.7823863308876753,10.693586897104979,True,
361,onnx_model_018,warmup,1.7723718686573533,1.7729712850414217,1.7837917730212212,10.820487979799509,True,
362,onnx_model_024,warmup,1.7744098482043804,1.7752656061202288,1.7860160507261753,10.75044460594654,True,
363,onnx_model_029,warmup,1.7749608607854075,1.7753614177927375,1.7860729689709842,10.711551178246737,True,
364,onnx_model_043,warmup,1.7878689048518428,1.7882231660187244,1.7990418309345841,10.8186649158597,True,
365,onnx_model_023,warmup,1.792623486429275,1.793505446985364,1.804470419883728,10.964972898364067,True,
366,onnx_model_032,warmup,1.7948046136957996,1.7958003599196672,1.8065965818241239,10.796221904456615,True,
367,onnx_model_071,warmup,1.7963535216007365,1.7970726881176233,1.8079390027560294,10.866314638406038,True,
368,onnx_model_005,warmup,1.8004955091285664,1.8011958659626544,1.8120236080139875,10.827742051333189,True,
369,onnx_model_001,warmup,1.8044101086246547,1.8046248741447926,1.815680949948728,11.056075803935528,True,
370,onnx_model_002,warmup,1.8087231639100678,1.8091703737154603,1.820128042716533,10.957669001072645,True,
371,onnx_model_054,warmup,1.8093278710993195,1.809525298886001,1.820546749047935,11.021450161933899,True,
372,onnx_model_006,warmup,1.8134345716105689,1.8142488477751613,1.8253247910179198,11.075943242758512,True,
373,onnx_model_016,warmup,1.8140227336759254,1.814409513026476,1.8257926111109555,11.38309808447957,True,
374,onnx_model_042,warmup,1.8157985860279107,1.8169043748639524,1.827944730874151,11.040356010198593,True,
375,onnx_model_044,warmup,1.8158382923941174,1.8170614340342581,1.8280630558729172,11.001621838659048,True,
376,onnx_model_073,warmup,1.81887897607448,1.8195650628767908,1.8305255970917642,10.96053421497345,True,
377,onnx_model_026,warmup,1.820312428721093,1.8206565380096436,1.8315329421311617,10.876404121518135,True,
378,onnx_model_077,warmup,1.8235155679691901,1.8240876598283648,1.8350482238456607,10.960564017295837,True,
379,onnx_model_058,warmup,1.8250399561784576,1.8254370149224997,1.836664856877178,11.227841954678297,True,
380,onnx_model_005,warmup,1.835564307060911,1.8363090408965945,1.8472900739870965,10.981033090502024,True,
381,onnx_model_005,warmup,1.836826678762724,1.8378846659325063,1.8474164251238108,9.531759191304445,True,
382,onnx_model_006,warmup,1.8425916683855594,1.843312923796475,1.8542440431192517,10.931119322776794,True,
383,onnx_model_045,warmup,1.8518995838960557,1.852645213715732,1.8634810107760131,10.835797060281038,True,
384,onnx_model_057,warmup,1.8586650530589706,1.859466230031103,1.8704490959644318,10.982865933328867,True,
385,onnx_model_002,warmup,1.8714062520633457,1.8717457209713757,1.8826760579831898,10.930337011814117,True,
386,onnx_model_006,warmup,1.8730684742025125,1.87417668197304,1.8851485778577626,10.971895884722471,True,
387,onnx_model_046,warmup,1.8754234111329764,1.8765990370884538,1.8875149060040712,10.915868915617466,True,
388,onnx_model_066,warmup,1.881089595763058,1.8820453388616443,1.8930380251258612,10.9926862642169,True,
389,onnx_model_097,warmup,1.8818944154966257,1.8822025377303362,1.8931807861663401,10.978248436003923,True,
390,onnx_model_009,warmup,1.8836787270953086,1.8838927508331835,1.8948412230238318,10.948472190648317,True,
391,onnx_model_088,warmup,1.8914943013835137,1.8917535431683064,1.9031372419558465,11.383698787540197,True,
392,onnx_model_034,warmup,1.8951810498911388,1.8960525747388601,1.9070156151428819,10.96304040402174,True,
393,onnx_model_015,warmup,1.901291719694906,1.902488789986819,1.9138898607343435,11.4010707475245,True,
394,onnx_model_052,warmup,1.9013493104369006,1.9027093891054392,1.913934376090765,11.224986985325813,True,
395,onnx_model_097,warmup,1.9030199003109072,1.9032688927836716,1.9142117127776146,10.942819993942976,True,
396,onnx_model_067,warmup,1.9115268836023258,1.9122371301054955,1.923304167110473,11.067037004977465,True,
397,onnx_model_002,warmup,1.9168175594864707,1.9174281368032098,1.9283680617809296,10.939924977719784,True,
398,onnx_model_086,warmup,1.9217923492280606,1.9228701321408153,1.933871854096651,11.00172195583582,True,
399,onnx_model_019,warmup,1.9236220437667104,1.9245462981052697,1.9354819050058722,10.93560690060258,True,
400,onnx_model_097,warmup,1.9401393811302041,1.9407178577966988,1.951802046969533,11.084189172834158,True,
401,onnx_model_045,warmup,1.9437544704857277,1.9441603519953787,1.9550273180939257,10.866966098546982,True,
402,onnx_model_072,warmup,1.956607144600075,1.9572455249726772,1.9682949078269303,11.049382854253054,True,
403,onnx_model_044,warmup,1.9623560929806898,1.9626898630522192,1.9736622399650514,10.97237691283226,True,
404,onnx_model_068,warmup,1.9690152241778083,1.9695100979879498,1.9806403047405183,11.130206752568483,True,
405,onnx_model_063,warmup,1.9730110542308088,1.9737580930814147,1.984725740738213,10.967647656798363,True,
406,onnx_model_080,warmup,1.9768903627689853,1.9771896260790527,1.9881617119535804,10.972085874527693,True,
407,onnx_model_025,warmup,1.9844709329630703,1.9848185870796442,1.9958235058002174,11.004918720573187,True,
408,onnx_model_086,warmup,1.9889589960491971,1.9893774627707899,2.0003467737697065,10.969310998916626,True,
409,onnx_model_007,warmup,1.9901714451415464,1.990759199950844,2.001943709794432,11.184509843587875,True,
410,onnx_model_011,warmup,1.9925867682530718,1.993182114791125,2.004050954710692,10.868839919567108,True,
411,onnx_model_072,warmup,1.9975662435030075,1.998061740770936,2.009394441731274,11.332700960338116,True,
412,onnx_model_052,warmup,1.9978428754370992,1.9982203617691994,2.0098812077194452,11.660845950245857,True,
413,onnx_model_078,warmup,2.001249789766684,2.0015633469447494,2.012547736056149,10.98438911139965,True,
414,onnx_model_036,warmup,2.005753323729378,2.006285984069109,2.0172540927305818,10.968108661472797,True,
415,onnx_model_076,warmup,2.008684105017927,2.0094956448301673,2.020479683764279,10.984038934111595,True,
416,onnx_model_036,warmup,2.0214614330351934,2.021741732954979,2.032689572777599,10.947839822620153,True,
417,onnx_model_082,warmup,2.029150798146998,2.0302081569097936,2.041126551106572,10.918394196778536,True,
418,onnx_model_071,warmup,2.0330949875886786,2.033928928896785,2.044859335757792,10.930406861007214,True,
419,onnx_model_018,warmup,2.0339807486075485,2.03428770089522,2.0452743247151375,10.98662381991744,True,
420,onnx_model_084,warmup,2.0498789149839647,2.050513524096459,2.061790038831532,11.276514735072851,True,
421,onnx_model_015,warmup,2.0520253244954794,2.052970403805375,2.063981465063989,11.011061258614063,True,
422,onnx_model_090,warmup,2.0607905112465037,2.061422340106219,2.072411639150232,10.989299044013023,True,
423,onnx_model_032,warmup,2.0656555574083497,2.066219017840922,2.077140187844634,10.921170003712177,True,
424,onnx_model_095,warmup,2.0753634736549773,2.0756464079022408,2.0866021937690675,10.955785866826773,True,
425,onnx_model_003,warmup,2.0769198488505936,2.0772374127991498,2.088188348803669,10.950936004519463,True,
426,onnx_model_032,warmup,2.079038847925825,2.0796881010755897,2.0908039207570255,11.115819681435823,True,
427,onnx_model_023,warmup,2.0809405664823037,2.08211968280375,2.0930623039603233,10.942621156573296,True,
428,onnx_model_019,warmup,2.085077033582925,2.0855506248772144,2.0966374087147415,11.086783837527037,True,
429,onnx_model_061,warmup,2.089800422978733,2.0904081580229104,2.101479162927717,11.071004904806614,True,
430,onnx_model_060,warmup,2.0963292844226293,2.0967315579764545,2.107697042170912,10.965484194457531,True,
431,onnx_model_063,warmup,2.1049707161427036,2.105715374927968,2.1166569739580154,10.941599030047655,True,
432,onnx_model_087,warmup,2.1209469590891117,2.12188188591972,2.132854853756726,10.972967837005854,True,
433,onnx_model_034,warmup,2.1402117649982113,2.1411560028791428,2.1522562131285667,11.10021024942398,True,
434,onnx_model_014,warmup,2.1467025357911513,2.147717645857483,2.1588871679268777,11.169522069394588,True,
435,onnx_model_012,warmup,2.151712629906499,2.152366212103516,2.1634326078929007,11.066395789384842,True,
436,onnx_model_057,warmup,2.160649701309705,2.1611916278488934,2.172264526132494,11.072898283600807,True,
437,onnx_model_094,warmup,2.1624625340082884,2.163544660899788,2.1745446999557316,11.000039055943489,True,
438,onnx_model_052,warmup,2.169044525891187,2.170108478050679,2.1813356690108776,11.22719096019864,True,
439,onnx_model_060,warmup,2.169463851483701,2.170300231780857,2.181210560724139,10.910328943282366,True,
440,onnx_model_058,warmup,2.1705634132354685,2.1707831397652626,2.1815863959491253,10.803256183862686,True,
441,onnx_model_087,warmup,2.173546291852454,2.174669518135488,2.1855305028147995,10.860984679311514,True,
442,onnx_model_085,warmup,2.1790407880706546,2.180167007725686,2.1909240349195898,10.757027193903923,True,
443,onnx_model_015,warmup,2.209428047847772,2.2102196030318737,2.2212693481706083,11.049745138734579,True,
444,onnx_model_050,warmup,2.2136077242769194,2.214790371712297,2.2258474198170006,11.057048104703426,True,
445,onnx_model_035,warmup,2.21380640333898,2.2149789398536086,2.2259700130671263,10.991073213517666,True,
446,onnx_model_056,warmup,2.2228331505977246,2.2235995270311832,2.234632678795606,11.033151764422655,True,
447,onnx_model_020,warmup,2.2275083760701926,2.2282699649222195,2.2392433639615774,10.9733990393579,True,
448,onnx_model_042,warmup,2.235516899389289,2.235934543889016,2.247419905848801,11.485361959785223,True,
449,onnx_model_039,warmup,2.2458893386246572,2.2469956697896123,2.2580066500231624,11.010980233550072,True,
450,onnx_model_007,warmup,2.254163911744306,2.2547457818873227,2.26605669176206,11.310909874737263,True,
451,onnx_model_008,warmup,2.2545941150904523,2.254933848977089,2.266197299119085,11.263450141996145,True,
452,onnx_model_019,warmup,2.256176237995891,2.256548868957907,2.267433037981391,10.884169023483992,True,
453,onnx_model_036,warmup,2.264073917340956,2.2652529240585864,2.2763187689706683,11.065844912081957,True,
454,onnx_model_020,warmup,2.266544530910425,2.267531095072627,2.278234169818461,10.703074745833874,True,
455,onnx_model_086,warmup,2.2724001603405557,2.273000732064247,2.283898777794093,10.898045729845762,True,
456,onnx_model_033,warmup,2.2750046865761053,2.2754448377527297,2.2861470207571983,10.70218300446868,True,
457,onnx_model_084,warmup,2.279594723292569,2.28039502678439,2.290992041118443,10.597014334052801,True,
458,onnx_model_045,warmup,2.2828224652250912,2.283685041125864,2.294299707747996,10.614666622132063,True,
459,onnx_model_012,warmup,2.297302445916537,2.2974960738793015,2.308181365020573,10.685291141271591,True,
460,onnx_model_004,warmup,2.3038386200971814,2.304847388062626,2.3155743777751923,10.726989712566137,True,
461,onnx_model_049,warmup,2.3063731672269263,2.3071876857429743,2.317974019795656,10.786334052681923,True,
462,onnx_model_094,warmup,2.308154110949391,2.3082954017445445,2.319006511941552,10.711110197007656,True,
463,onnx_model_054,warmup,2.316162632605055,2.316740965936333,2.327413803897798,10.67283796146512,True,
464,onnx_model_068,warmup,2.318390375577408,2.3190727080218494,2.329831519164145,10.758811142295599,True,
465,onnx_model_001,warmup,2.318720114094701,2.3191792708821595,2.329912021756172,10.732750874012709,True,
466,onnx_model_064,warmup,2.326131283235285,2.3265555817633867,2.337280788924545,10.725207161158323,True,
467,onnx_model_000,warmup,2.3272206111786367,2.3274801997467875,2.3381059081293643,10.625708382576704,True,
468,onnx_model_052,warmup,2.330779085333122,2.331075794994831,2.3418784090317786,10.802614036947489,True,
469,onnx_model_090,warmup,2.3326824987569665,2.333376848138869,2.3444598759524524,11.083027813583612,True,
470,onnx_model_088,warmup,2.3359203481935804,2.336671250872314,2.347501386888325,10.830136016011238,True,
471,onnx_model_088,warmup,2.3390693794427015,2.3393098157830536,2.3475471138954163,8.237298112362623,True,
472,onnx_model_036,warmup,2.3431851078824355,2.3441242780536413,2.3549483129754663,10.824034921824932,True,
473,onnx_model_096,warmup,2.345467215740622,2.3456952339038253,2.3564578318037093,10.762597899883986,True,
474,onnx_model_078,warmup,2.347592318135518,2.3487603501416743,2.3595882928930223,10.827942751348019,True,
475,onnx_model_005,warmup,2.350726183779564,2.351194608025253,2.362184166908264,10.989558883011341,True,
476,onnx_model_065,warmup,2.3527351198511504,2.353643102105707,2.3646338637918234,10.990761686116457,True,
477,onnx_model_099,warmup,2.3530802254407432,2.353805350139737,2.3647531401365995,10.947789996862411,True,
478,onnx_model_088,warmup,2.3578266003591963,2.3586842138320208,2.3694909657351673,10.806751903146505,True,
479,onnx_model_035,warmup,2.3612353794168404,2.3618209967389703,2.373310998082161,11.49000134319067,True,
480,onnx_model_071,warmup,2.3662807036312867,2.3669878379441798,2.377876345999539,10.888508055359125,True,
481,onnx_model_057,warmup,2.371777861309205,2.3727552611380816,2.383987272158265,11.232011020183563,True,
482,onnx_model_033,warmup,2.3724976852657447,2.3729133121669292,2.383837697096169,10.92438492923975,True,
483,onnx_model_057,warmup,2.3753309676684697,2.376562898978591,2.384024241939187,7.461342960596085,True,
484,onnx_model_061,warmup,2.386519874760365,2.3872417081147432,2.3981241839937866,10.88247587904334,True,
485,onnx_model_046,warmup,2.391906770879458,2.392692789901048,2.4035853850655258,10.892595164477825,True,
486,onnx_model_072,warmup,2.3971621723035486,2.398218853864819,2.4091335111297667,10.914657264947891,True,
487,onnx_model_052,warmup,2.399533095911421,2.4006863650865853,2.411660173907876,10.973808821290731,True,
488,onnx_model_091,warmup,2.4022179099650227,2.4031129870563745,2.413997116032988,10.884128976613283,True,
489,onnx_model_030,warmup,2.4265443462382272,2.428220923990011,2.4393459907732904,11.12506678327918,True,
490,onnx_model_061,warmup,2.4275349079842177,2.4283804367296398,2.4394551888108253,11.07475208118558,True,
491,onnx_model_009,warmup,2.4314968568419753,2.4319249847903848,2.4430537591688335,11.128774378448725,True,
492,onnx_model_099,warmup,2.4331184595999664,2.433351757004857,2.4442993868142366,10.947629809379578,True,
493,onnx_model_086,warmup,2.4423320207149777,2.4426833149045706,2.453698343131691,11.015028227120638,True,
494,onnx_model_042,warmup,2.447850333317791,2.448517634999007,2.459468801971525,10.951166972517967,True,
495,onnx_model_023,warmup,2.4497331178274226,2.4499686527997255,2.46114483801648,11.176185216754675,True,
496,onnx_model_044,warmup,2.449817478654917,2.4501275550574064,2.4612011648714542,11.073609814047813,True,
497,onnx_model_021,warmup,2.452693261492331,2.4538024510256946,2.4648466748185456,11.044223792850971,True,
498,onnx_model_089,warmup,2.464526819042085,2.4649403830990195,2.475978383794427,11.03800069540739,True,
499,onnx_model_019,warmup,2.482129633583189,2.4832718879915774,2.4943437539041042,11.071865912526846,True,
500,onnx_model_012,warmup,2.4868022060135964,2.4878729837946594,2.4991241707466543,11.251186951994896,True,
501,onnx_model_064,warmup,2.4967038247306403,2.4976614308543503,2.508642944972962,10.981514118611813,True,
502,onnx_model_087,warmup,2.49846349709137,2.4992323270998895,2.5103085008449852,11.07617374509573,True,
503,onnx_model_013,warmup,2.4988282453833115,2.499410154763609,2.510455269832164,11.045115068554878,True,
504,onnx_model_031,warmup,2.4993920248572543,2.499885118100792,2.5107968491502106,10.91173104941845,True,
505,onnx_model_038,warmup,2.501213474326456,2.5023280708119273,2.5131910098716617,10.862939059734344,True,
506,onnx_model_051,warmup,2.5048268140756154,2.505759945139289,2.516779512166977,11.019567027688026,True,
507,onnx_model_035,warmup,2.5056795372232106,2.5061051910743117,2.5171072548255324,11.002063751220703,True,
508,onnx_model_086,warmup,2.5092074141162892,2.5098656890913844,2.5208236291073263,10.957940015941858,True,
509,onnx_model_034,warmup,2.514804748174154,2.515425096731633,2.5264050378464162,10.979941114783287,True,
510,onnx_model_051,warmup,2.521571114342307,2.5220577847212553,2.5331469937227666,11.089209001511335,True,
511,onnx_model_026,warmup,2.5265482714748937,2.527656667865813,2.5386875458061695,11.030877940356731,True,
512,onnx_model_067,warmup,2.5285406158304915,2.5291000809520483,2.54016640689224,11.066325940191746,True,
513,onnx_model_050,warmup,2.5301874145874663,2.530524388886988,2.541378912050277,10.854523163288832,True,
514,onnx_model_062,warmup,2.5332277899823383,2.534365269821137,2.5452965288423,10.931259021162987,True,
515,onnx_model_076,warmup,2.541184481315147,2.541470375843346,2.552378810942173,10.908435098826885,True,
516,onnx_model_066,warmup,2.5415741243545584,2.5418484737165272,2.552918235771358,11.06976205483079,True,
517,onnx_model_092,warmup,2.5444085129940173,2.545391298830509,2.5562875610776246,10.896262247115374,True,
518,onnx_model_045,warmup,2.552143733690465,2.552472739946097,2.5633702441118658,10.897504165768623,True,
519,onnx_model_052,warmup,2.563897280659551,2.5646011237986386,2.575738093815744,11.136970017105341,True,
520,onnx_model_012,warmup,2.5642426585082405,2.5647795530967414,2.5758462590165436,11.066705919802189,True,
521,onnx_model_021,warmup,2.564679664919269,2.5651997420936823,2.5759588731452823,10.75913105159998,True,
522,onnx_model_044,warmup,2.56861579500944,2.569642075803131,2.580661582760513,11.019506957381964,True,
523,onnx_model_076,warmup,2.5694694957556545,2.569803813006729,2.580717578995973,10.913765989243984,True,
524,onnx_model_029,warmup,2.5846626447708263,2.584933622740209,2.595900719985366,10.967097245156765,True,
525,onnx_model_035,warmup,2.585395121485348,2.586372708901763,2.5974449049681425,11.072196066379547,True,
526,onnx_model_034,warmup,2.594863555314481,2.5959956510923803,2.6069459160789847,10.950264986604452,True,
527,onnx_model_029,warmup,2.6034999189617967,2.6046960689127445,2.616073274984956,11.377206072211266,True,
528,onnx_model_071,warmup,2.6040137115305027,2.6048883949406445,2.6162775540724397,11.389159131795168,True,
529,onnx_model_024,warmup,2.604190515652804,2.605037217028439,2.6162398420274258,11.202624998986721,True,
530,onnx_model_051,warmup,2.6072434191439764,2.608166956808418,2.6191177321597934,10.950775351375341,True,
531,onnx_model_059,warmup,2.612258500541052,2.6126246699132025,2.6240415419451892,11.416872031986713,True,
532,onnx_model_045,warmup,2.618772871326652,2.6192129030823708,2.6299915220588446,10.778618976473808,True,
533,onnx_model_026,warmup,2.6230829247960257,2.6236818181350827,2.634496035054326,10.814216919243336,True,
534,onnx_model_049,warmup,2.6252913017088475,2.626206256914884,2.6368075478821993,10.601290967315435,True,
535,onnx_model_065,warmup,2.627279635879102,2.6274810899049044,2.6379919699393213,10.510880034416914,True,
536,onnx_model_045,warmup,2.6317166420173312,2.6321455370634794,2.6426829867996275,10.537449736148119,True,
537,onnx_model_036,warmup,2.6342284749622897,2.6345895221456885,2.6454784008674324,10.888878721743822,True,
538,onnx_model_029,warmup,2.6434728326748207,2.6438503060489893,2.654393948148936,10.543642099946737,True,
539,onnx_model_046,warmup,2.6440294361247156,2.645133154001087,2.655763240996748,10.630086995661259,True,
540,onnx_model_089,warmup,2.644543367155675,2.6452278839424253,2.655822623986751,10.59474004432559,True,
541,onnx_model_041,warmup,2.6458228361223477,2.6466399380005896,2.6572413500398397,10.601412039250135,True,
542,onnx_model_020,warmup,2.6459248886693474,2.646734547801316,2.657361599151045,10.6270513497293,True,
543,onnx_model_044,warmup,2.660727916595607,2.661540382076055,2.672366972081363,10.82659000530839,True,
544,onnx_model_027,warmup,2.660813819369789,2.6616801279596984,2.6724742958322167,10.794167872518301,True,
545,onnx_model_098,warmup,2.6714305008543233,2.6720642358995974,2.682794773951173,10.730538051575422,True,
546,onnx_model_030,warmup,2.676404804934278,2.6766708330251276,2.687632299028337,10.961466003209352,True,
547,onnx_model_046,warmup,2.683688906245015,2.683963776100427,2.6949366140179336,10.972837917506695,True,
548,onnx_model_036,warmup,2.69872696571406,2.6991480491124094,2.7098901281133294,10.742079000920057,True,
549,onnx_model_026,warmup,2.705482379793553,2.7064923997968435,2.7172603579238057,10.767958126962185,True,
550,onnx_model_012,warmup,2.735093454571491,2.7365609761327505,2.7479536421597004,11.392666026949883,True,
551,onnx_model_077,warmup,2.7364228034162217,2.7367858830839396,2.747899518813938,11.11363572999835,True,
552,onnx_model_017,warmup,2.7367600069326317,2.737260465975851,2.74833479616791,11.074330192059278,True,
553,onnx_model_031,warmup,2.73701346004926,2.737431219778955,2.7484403271228075,11.00910734385252,True,
554,onnx_model_008,warmup,2.7379671919424524,2.7390280859544873,2.7499530320055783,10.924946051090956,True,
555,onnx_model_069,warmup,2.73919005679488,2.7394384257495403,2.750358723104,10.920297354459763,True,
556,onnx_model_062,warmup,2.7414905859621084,2.741968163754791,2.7527620517648757,10.793888010084629,True,
557,onnx_model_066,warmup,2.7440509650287597,2.7445110180415213,2.7553870920091867,10.876073967665434,True,
558,onnx_model_093,warmup,2.7444738216809528,2.7449602321721613,2.755768597126007,10.80836495384574,True,
559,onnx_model_034,warmup,2.76774256607164,2.7680639387108386,2.779141556005925,11.077617295086384,True,
560,onnx_model_043,warmup,2.770493805702914,2.7716289050877094,2.7829016628675163,11.272757779806852,True,
561,onnx_model_019,warmup,2.78148438878603,2.7824464878067374,2.7936493530869484,11.202865280210972,True,
562,onnx_model_010,warmup,2.7843421750027106,2.785204169806093,2.7962113227695227,11.00715296342969,True,
563,onnx_model_000,warmup,2.786230969429112,2.78675249312073,2.7977476730011404,10.995179880410433,True,
564,onnx_model_059,warmup,2.789960264843958,2.7902438398450613,2.8012486579827964,11.004818137735128,True,
565,onnx_model_071,warmup,2.790255791573839,2.790626958012581,2.8015961390919983,10.969181079417467,True,
566,onnx_model_098,warmup,2.7927063412947772,2.7930671870708466,2.8039222797378898,10.855092667043209,True,
567,onnx_model_048,warmup,2.799129051950022,2.799975116737187,2.8109906557947397,11.015539057552814,True,
568,onnx_model_012,warmup,2.804466441718025,2.80514300102368,2.8159633888863027,10.820387862622738,True,
569,onnx_model_056,warmup,2.807530931673874,2.808626351878047,2.8197718281298876,11.145476251840591,True,
570,onnx_model_045,warmup,2.8078938659311268,2.808797718025744,2.8197340057231486,10.936287697404623,True,
571,onnx_model_091,warmup,2.8165155910190616,2.8171136248856783,2.8278299858793616,10.716360993683338,True,
572,onnx_model_070,warmup,2.821663505237323,2.8219277658499777,2.8327564098872244,10.828644037246704,True,
573,onnx_model_036,warmup,2.8217821900249844,2.822026805020869,2.832885405048728,10.858600027859211,True,
574,onnx_model_000,warmup,2.8238516814540344,2.824351473711431,2.8350850669667125,10.733593255281448,True,
575,onnx_model_063,warmup,2.829108687713561,2.829986405093223,2.8408349570818245,10.848551988601685,True,
576,onnx_model_044,warmup,2.8291481219839625,2.8300825781188905,2.840909036807716,10.826458688825369,True,
577,onnx_model_018,warmup,2.8306068159040834,2.8314028568565845,2.8421193677932024,10.716510936617851,True,
578,onnx_model_010,warmup,2.8327768446115393,2.8329416317865252,2.843560346867889,10.618715081363916,True,
579,onnx_model_042,warmup,2.8396552717180503,2.8402387127280235,2.850953951012343,10.71523828431964,True,
580,onnx_model_050,warmup,2.8429778690135854,2.8432666291482747,2.853928554803133,10.66192565485835,True,
581,onnx_model_074,warmup,2.843537987194109,2.843678331002593,2.854456598870456,10.778267867863178,True,
582,onnx_model_002,warmup,2.848267701152176,2.8489593197591603,2.8597252340987325,10.765914339572191,True,
583,onnx_model_005,warmup,2.8520942802933167,2.853117272723466,2.8638853020966053,10.768029373139143,True,
584,onnx_model_051,warmup,2.853310932416288,2.853991284966469,2.86477021407336,10.778929106891155,True,
585,onnx_model_095,warmup,2.8549110053726134,2.855610623024404,2.8663639230653644,10.753300040960312,True,
586,onnx_model_020,warmup,2.882546965133976,2.8836644389666617,2.894764930009842,11.100491043180227,True,
587,onnx_model_014,warmup,2.912374707555175,2.91407888289541,2.9251843029633164,11.10542006790638,True,
588,onnx_model_032,warmup,2.925024594761372,2.925341261085123,2.9365247087553144,11.183447670191526,True,
589,onnx_model_011,warmup,2.928665209430836,2.9298845478333533,2.9409493999555707,11.064852122217417,True,
590,onnx_model_022,warmup,2.930356680296671,2.931425967719406,2.94252735003829,11.101382318884134,True,
591,onnx_model_016,warmup,2.93185363887872,2.933007744140923,2.9441894791089,11.181734967976809,True,
592,onnx_model_081,warmup,2.9328968989596804,2.9334142967127264,2.9447577791288495,11.343482416123152,True,
593,onnx_model_019,warmup,2.9332158414120655,2.9335847911424935,2.9450028748251498,11.418083682656288,True,
594,onnx_model_096,warmup,2.933258962072338,2.9337590518407524,2.9449571878649294,11.198136024177074,True,
595,onnx_model_072,warmup,2.946540858388568,2.947304179891944,2.958776146173477,11.471966281533241,True,
596,onnx_model_031,warmup,2.9470440739862154,2.9474947820417583,2.958722193725407,11.227411683648825,True,
597,onnx_model_002,warmup,2.9589268355713036,2.9600595757365227,2.9713542461395264,11.294670403003693,True,
598,onnx_model_059,warmup,2.9591033570799925,2.9602488460950553,2.9714744738303125,11.225627735257149,True,
599,onnx_model_037,warmup,2.961570508875412,2.9617729829624295,2.97264437796548,10.871395003050566,True,
600,onnx_model_060,warmup,2.961951899815648,2.9621419440954924,2.973199783824384,11.05783972889185,True,
601,onnx_model_006,warmup,2.9633681749839518,2.9645827640779316,2.975437266752124,10.85450267419219,True,
602,onnx_model_049,warmup,2.965237616224051,2.966033271048218,2.9769818731583655,10.948602110147476,True,
603,onnx_model_079,warmup,2.9661109386807767,2.966386903077364,2.9773392621427774,10.952359065413475,True,
604,onnx_model_081,warmup,2.9885743340451354,2.989596881903708,3.0006729857996106,11.076103895902634,True,
605,onnx_model_041,warmup,2.992057439896086,2.9931004219688475,3.004469633102417,11.369211133569479,True,
606,onnx_model_040,warmup,2.9929327928909584,2.9932666081003845,3.004511232022196,11.24462392181158,True,
607,onnx_model_055,warmup,2.9930821640598024,2.9937685718759894,3.0047703851014376,11.001813225448132,True,
608,onnx_model_098,warmup,3.021044258351844,3.022065441124141,3.0331093329004943,11.04389177635312,True,
609,onnx_model_035,warmup,3.0226083845792817,3.0235514850355685,3.034742747899145,11.191262863576412,True,
610,onnx_model_020,warmup,3.0249760927097937,3.0260133147239685,3.036999066825956,10.9857521019876,True,
611,onnx_model_004,warmup,3.029732779269962,3.030453845858574,3.041711324825883,11.257478967308998,True,
612,onnx_model_055,warmup,3.0333679916260357,3.034339220728725,3.0453401231206954,11.000902391970158,True,
613,onnx_model_004,warmup,3.035730011602997,3.035968217998743,3.0417540059424937,5.78578794375062,True,
614,onnx_model_014,warmup,3.0414247576533477,3.0418466520495713,3.0529896528460085,11.143000796437263,True,
615,onnx_model_036,warmup,3.051902442294686,3.052570967003703,3.063656580168754,11.085613165050745,True,
616,onnx_model_003,warmup,3.053538169893192,3.054212538059801,3.0652236081659794,11.011070106178522,True,
617,onnx_model_075,warmup,3.060937302548364,3.0616735997609794,3.0726786288432777,11.005029082298279,True,
618,onnx_model_042,warmup,3.069691602464657,3.070444392040372,3.081473506987095,11.029114946722984,True,
619,onnx_model_038,warmup,3.071267598139558,3.071897133719176,3.0829789391718805,11.08180545270443,True,
620,onnx_model_039,warmup,3.073846897070669,3.07490222575143,3.0858573797158897,10.955153964459896,True,
621,onnx_model_068,warmup,3.075405712755416,3.0763350087217987,3.0874302401207387,11.095231398940086,True,
622,onnx_model_036,warmup,3.079065898619057,3.079769136849791,3.090672933962196,10.9037971124053,True,
623,onnx_model_069,warmup,3.0922637789921636,3.0929105868563056,3.103882623836398,10.972036980092525,True,
624,onnx_model_033,warmup,3.093581762612879,3.094359301030636,3.10539981815964,11.040517129004002,True,
625,onnx_model_046,warmup,3.0959068558561356,3.0967931877821684,3.107707343995571,10.914156213402748,True,
626,onnx_model_064,warmup,3.0979739176086034,3.0982236368581653,3.1092221341095865,10.998497251421213,True,
627,onnx_model_072,warmup,3.0982875790658193,3.0985710667446256,3.1094597848132253,10.888718068599701,True,
628,onnx_model_011,warmup,3.124991226460355,3.1257174289785326,3.1366245220415294,10.907093062996864,True,
629,onnx_model_037,warmup,3.127387770693557,3.1281638988293707,3.1392493308521807,11.085432022809982,True,
630,onnx_model_081,warmup,3.1384737715936972,3.138858988881111,3.149933489970863,11.07450108975172,True,
631,onnx_model_061,warmup,3.1396122876947556,3.1404709527269006,3.151470801793039,10.999849066138268,True,
632,onnx_model_055,warmup,3.1480095422138143,3.1489292909391224,3.160050560720265,11.121269781142473,True,
633,onnx_model_068,warmup,3.148553339383699,3.1490940847434103,3.16018143016845,11.08734542503953,True,
634,onnx_model_000,warmup,3.148947094929188,3.1495256749913096,3.1605786248110235,11.052949819713831,True,
635,onnx_model_025,warmup,3.152488921020215,3.1527469977736473,3.1637359969317913,10.988999158143997,True,
636,onnx_model_079,warmup,3.163726730820237,3.163911290001124,3.174994026776403,11.082736775279045,True,
637,onnx_model_019,warmup,3.1643176971260822,3.1653746217489243,3.1765781678259373,11.203546077013016,True,
638,onnx_model_078,warmup,3.1679491893247858,3.1688208719715476,3.179758503101766,10.937631130218506,True,
639,onnx_model_008,warmup,3.1689094319523154,3.1691803759895265,3.1800817977637053,10.901421774178743,True,
640,onnx_model_053,warmup,3.1725215924583954,3.1736430288292468,3.1846854090690613,11.04238023981452,True,
641,onnx_model_021,warmup,3.175415453681485,3.176225047092885,3.187248431146145,11.023384053260088,True,
642,onnx_model_050,warmup,3.1839147881219194,3.1843039537779987,3.1951855081133544,10.881554335355759,True,
643,onnx_model_028,warmup,3.185231247293397,3.1859316481277347,3.1969119999557734,10.980351828038692,True,
644,onnx_model_002,warmup,3.1858414823959924,3.186289737932384,3.1973930541425943,11.103316210210323,True,
645,onnx_model_058,warmup,3.1965621519524396,3.1970284511335194,3.208009485155344,10.981034021824598,True,
646,onnx_model_068,warmup,3.2008059135906373,3.201637512072921,3.2126398161053658,11.002304032444954,True,
647,onnx_model_061,warmup,3.2024857757231433,3.2031428338959813,3.2139848731458187,10.842039249837399,True,
648,onnx_model_035,warmup,3.2116097631438825,3.2122347257100046,3.223246368113905,11.011642403900623,True,
649,onnx_model_075,warmup,3.2253607929691697,3.2264736318029463,3.2374817971140146,11.008165311068296,True,
650,onnx_model_070,warmup,3.227952972420367,3.228938117157668,3.2399635948240757,11.025477666407824,True,
651,onnx_model_010,warmup,3.2469126844163583,3.247201001737267,3.2581573389470577,10.956337209790945,True,
652,onnx_model_030,warmup,3.249253074721885,3.2496566199697554,3.2607016251422465,11.045005172491074,True,
653,onnx_model_011,warmup,3.253407135691296,3.254093294031918,3.265101017896086,11.007723864167929,True,
654,onnx_model_013,warmup,3.261769645594013,3.262943496927619,3.273974083829671,11.030586902052164,True,
655,onnx_model_004,warmup,3.2642328446646394,3.26519811199978,3.27618773188442,10.989619884639978,True,
656,onnx_model_054,warmup,3.2698986205638296,3.270656978711486,3.281655705999583,10.998727288097143,True,
657,onnx_model_022,warmup,3.271223747023316,3.272091796156019,3.2831151597201824,11.023363564163446,True,
658,onnx_model_076,warmup,3.2766080962273305,3.277425694745034,3.2884026607498527,10.976966004818678,True,
659,onnx_model_013,warmup,3.279071752247112,3.2798927151598036,3.2911704517900944,11.277736630290747,True,
660,onnx_model_008,warmup,3.279312238743765,3.280059681739658,3.2912120409309864,11.152359191328287,True,
661,onnx_model_062,warmup,3.296562717644759,3.2974340887740254,3.308721504174173,11.287415400147438,True,
662,onnx_model_065,warmup,3.2990810948774167,3.2998961191624403,3.310977633111179,11.081513948738575,True,
663,onnx_model_081,warmup,3.308055489701633,3.308330420870334,3.319328877143562,10.99845627322793,True,
664,onnx_model_025,warmup,3.3089492369144056,3.3099465230479836,3.3209126479923725,10.966124944388866,True,
665,onnx_model_060,warmup,3.317353396583134,3.3182004718109965,3.329282368067652,11.081896256655455,True,
666,onnx_model_014,warmup,3.322794814106169,3.323154268786311,3.33433777699247,11.183508206158876,True,
667,onnx_model_077,warmup,3.3229982322484313,3.3233148637227714,3.3344471850432456,11.132321320474148,True,
668,onnx_model_046,warmup,3.3259734665141902,3.3268408169969916,3.337931317742914,11.090500745922327,True,
669,onnx_model_066,warmup,3.3284786705117946,3.3293798230588436,3.340386043768376,11.0062207095325,True,
670,onnx_model_036,warmup,3.3317367008194605,3.3328341087326407,3.3438675520010293,11.03344326838851,True,
671,onnx_model_054,warmup,3.334973890525683,3.335679948795587,3.346590198110789,10.910249315202236,True,
672,onnx_model_005,warmup,3.340883826495584,3.341617344878614,3.3524880190379918,10.870674159377813,True,
673,onnx_model_086,warmup,3.3420984570148433,3.3430570107884705,3.3542455690912902,11.188558302819729,True,
674,onnx_model_052,warmup,3.342576404873585,3.3432189989835024,3.354282058775425,11.06305979192257,True,
675,onnx_model_040,warmup,3.3459572732450016,3.346668866928667,3.3573304628953338,10.661595966666937,True,
676,onnx_model_027,warmup,3.3476888948209473,3.3479492808692157,3.3587134620174766,10.764181148260832,True,
677,onnx_model_013,warmup,3.3577074186920424,3.358485048171133,3.3692186111584306,10.733562987297773,True,
678,onnx_model_078,warmup,3.3592419010087635,3.3598640891723335,3.370574518106878,10.710428934544325,True,
679,onnx_model_057,warmup,3.360167822236722,3.3611470381729305,3.37190752197057,10.760483797639608,True,
680,onnx_model_080,warmup,3.361389935972723,3.362419115845114,3.3731583901681006,10.739274322986603,True,
681,onnx_model_067,warmup,3.363498943210269,3.3636944200843573,3.3742628288455307,10.568408761173487,True,
682,onnx_model_023,warmup,3.364452471091631,3.364966557826847,3.3756782598793507,10.711702052503824,True,
683,onnx_model_042,warmup,3.3668704620771237,3.367240390740335,3.377946110907942,10.705720167607069,True,
684,onnx_model_068,warmup,3.370969950216091,3.3716935450211167,3.38239985704422,10.706312023103237,True,
685,onnx_model_020,warmup,3.3826028506330235,3.3835519971325994,3.394329293165356,10.777296032756567,True,
686,onnx_model_042,warmup,3.3855802645619795,3.385844273958355,3.3965234640054405,10.679190047085285,True,
687,onnx_model_004,warmup,3.393408246421104,3.394119183998555,3.4050171091221273,10.89792512357235,True,
688,onnx_model_056,warmup,3.3987220489170618,3.39969818899408,3.410810301080346,11.11211208626628,True,
689,onnx_model_097,warmup,3.3991565911855406,3.3997955140657723,3.4109173850156367,11.121870949864388,True,
690,onnx_model_015,warmup,3.4070193763528174,3.407238821964711,3.418214765843004,10.975943878293037,True,
691,onnx_model_058,warmup,3.4086278030452095,3.409688618965447,3.4207750828936696,11.086463928222656,True,
692,onnx_model_081,warmup,3.4189647987090757,3.4194276109337807,3.4303879658691585,10.960354935377836,True,
693,onnx_model_090,warmup,3.4222758506992577,3.4229952730238438,3.434075355064124,11.080082040280104,True,
694,onnx_model_058,warmup,3.42571621906328,3.426430271938443,3.4376738951541483,11.243623215705156,True,
695,onnx_model_009,warmup,3.4286523867548047,3.4288703510537744,3.4398558628745377,10.98551182076335,True,
696,onnx_model_045,warmup,3.433294650708158,3.4336233157664537,3.4446223229169846,10.999007150530815,True,
697,onnx_model_084,warmup,3.4361995060355093,3.437295706011355,3.4484057151712477,11.110009159892797,True,
698,onnx_model_095,warmup,3.4384913728836466,3.438889856915921,3.4499155548401177,11.02569792419672,True,
699,onnx_model_099,warmup,3.4393291639896897,3.439949370920658,3.4508451321162283,10.89576119557023,True,
700,onnx_model_014,warmup,3.44702570405429,3.4478454599156976,3.4587460197508335,10.900559835135937,True,
701,onnx_model_045,warmup,3.464774016388051,3.465960593894124,3.4768787380307913,10.918144136667252,True,
702,onnx_model_079,warmup,3.4680411876659325,3.4683935288339853,3.479432061780244,11.038532946258783,True,
703,onnx_model_082,warmup,3.4833537871300537,3.4837012267671525,3.494688030797988,10.986804030835629,True,
704,onnx_model_008,warmup,3.4868280953809423,3.4871315667405725,3.4981803288683295,11.048762127757072,True,
705,onnx_model_011,warmup,3.5003140994686586,3.5013973647728562,3.5122859720140696,10.888607241213322,True,
706,onnx_model_071,warmup,3.5013856535397694,3.5017590019851923,3.5127931158058345,11.034113820642233,True,
707,onnx_model_069,warmup,3.5095936765903932,3.510176963172853,3.5212023011408746,11.025337968021631,True,
708,onnx_model_016,warmup,3.5168989247578777,3.5180070269852877,3.529044868890196,11.037841904908419,True,
709,onnx_model_039,warmup,3.5193682226293124,3.5204308149404824,3.5314578958787024,11.027080938220024,True,
710,onnx_model_064,warmup,3.5206605810216893,3.5212957090698183,3.5322291920892894,10.933483019471169,True,
711,onnx_model_096,warmup,3.521609437710348,3.522741736844182,3.533645404037088,10.903667192906141,True,
712,onnx_model_079,warmup,3.5237799652541275,3.524158760905266,3.535150915849954,10.992154944688082,True,
713,onnx_model_067,warmup,3.5293485480478153,3.5302609498612583,3.5412130588665605,10.95210900530219,True,
714,onnx_model_071,warmup,3.5353664858673173,3.5363642517477274,3.547336318064481,10.972066316753626,True,
715,onnx_model_007,warmup,3.5409954172439515,3.5413042921572924,3.552245359867811,10.941067710518837,True,
716,onnx_model_081,warmup,3.542294437607393,3.542742947116494,3.553566641174257,10.823694057762623,True,
717,onnx_model_073,warmup,3.5431455877153275,3.5441663931123912,3.555055281147361,10.888888034969568,True,
718,onnx_model_022,warmup,3.545045972728145,3.5455880747176707,3.556521928869188,10.933854151517153,True,
719,onnx_model_008,warmup,3.54579954365249,3.545959149952978,3.5572344129905105,11.275263037532568,True,
720,onnx_model_036,warmup,3.547810924280513,3.548552901018411,3.559466246049851,10.913345031440258,True,
721,onnx_model_011,warmup,3.548824982591182,3.5499997409060597,3.5608937391079962,10.893998201936483,True,
722,onnx_model_088,warmup,3.556216953209531,3.556630806066096,3.56796339713037,11.332591064274311,True,
723,onnx_model_070,warmup,3.5562256191475528,3.5567937861196697,3.5680073611438274,11.213575024157763,True,
724,onnx_model_059,warmup,3.5641426072704503,3.5651109348982573,3.576047674752772,10.936739854514599,True,
725,onnx_model_035,warmup,3.5667522667629714,3.567544070072472,3.578734140843153,11.190070770680904,True,
726,onnx_model_044,warmup,3.5761794020033797,3.5772880320437253,3.588502860162407,11.214828118681908,True,
727,onnx_model_003,warmup,3.576410843236453,3.5774455717764795,3.5887097329832613,11.264161206781864,True,
728,onnx_model_096,warmup,3.5764920698302185,3.577598282136023,3.5887689059600234,11.170623824000359,True,
729,onnx_model_032,warmup,3.5777532563672385,3.5781296817585826,3.589263786096126,11.13410433754325,True,
730,onnx_model_057,warmup,3.5780168421573992,3.57828617002815,3.5893213558010757,11.035185772925615,True,
731,onnx_model_091,warmup,3.586200938568843,3.586956621147692,3.5978330047801137,10.876383632421494,True,
732,onnx_model_062,warmup,3.5913733541672617,3.5925353448837996,3.6034538000822067,10.918455198407173,True,
733,onnx_model_013,warmup,3.594551779118909,3.59498538216576,3.6058866437524557,10.90126158669591,True,
734,onnx_model_008,warmup,3.595962177494697,3.596343955025077,3.6070363400503993,10.692385025322437,True,
735,onnx_model_044,warmup,3.6158221933490724,3.6172540220431983,3.62825830001384,11.004277970641851,True,
736,onnx_model_098,warmup,3.6237409641866263,3.6247200639918447,3.6357428869232535,11.022822931408882,True,
737,onnx_model_008,warmup,3.6298303969901524,3.6304821870289743,3.6414976860396564,11.015499010682106,True,
738,onnx_model_060,warmup,3.6424623990457787,3.6427224441431463,3.653775273822248,11.052829679101706,True,
739,onnx_model_000,warmup,3.6467918552798686,3.6471511931158602,3.6581702078692615,11.01901475340128,True,
740,onnx_model_016,warmup,3.6543169326997655,3.65499001275748,3.6659198189154267,10.929806157946587,True,
741,onnx_model_083,warmup,3.6561009557691233,3.656414480879903,3.667522104922682,11.107624042779207,True,
742,onnx_model_024,warmup,3.660089653410797,3.660387482959777,3.671375159174204,10.987676214426756,True,
743,onnx_model_036,warmup,3.662723665176753,3.6638330020941794,3.6748783979564905,11.045395862311125,True,
744,onnx_model_037,warmup,3.6661055949733012,3.667155066970736,3.678053854033351,10.898787062615156,True,
745,onnx_model_026,warmup,3.670524657475099,3.670746964868158,3.6818817500025034,11.134785134345293,True,
746,onnx_model_021,warmup,3.67966879643908,3.680290636140853,3.691286667715758,10.996031574904919,True,
747,onnx_model_076,warmup,3.6831108765350606,3.684103474020958,3.695185618940741,11.082144919782877,True,
748,onnx_model_045,warmup,3.687840601239005,3.688532381784171,3.6994634908623993,10.931109078228474,True,
749,onnx_model_087,warmup,3.6947193023524294,3.6952785258181393,3.706387843005359,11.109317187219858,True,
750,onnx_model_014,warmup,3.6948221594778916,3.6954351938329637,3.706447557080537,11.012363247573376,True,
751,onnx_model_078,warmup,3.7066337553582205,3.7076757508330047,3.718598965089768,10.923214256763458,True,
752,onnx_model_055,warmup,3.713733770464697,3.7141082491725683,3.7252092100679874,11.10096089541912,True,
753,onnx_model_086,warmup,3.7244138452698823,3.7248354400508106,3.7358348481357098,10.999408084899187,True,
754,onnx_model_079,warmup,3.737272956144509,3.7380483550950885,3.7491590050049126,11.110649909824133,True,
755,onnx_model_038,warmup,3.749928839534873,3.7504358417354524,3.761479865759611,11.044024024158716,True,
756,onnx_model_018,warmup,3.7505500365780136,3.7508430969901383,3.7619277969934046,11.084700003266335,True,
757,onnx_model_097,warmup,3.751928880917864,3.7522801677696407,3.763207689858973,10.927522089332342,True,
758,onnx_model_087,warmup,3.7532662472705285,3.753725575748831,3.764728109817952,11.002534069120884,True,
759,onnx_model_022,warmup,3.7553720921068443,3.756169551052153,3.7672052388079464,11.035687755793333,True,
760,onnx_model_083,warmup,3.755446500439654,3.756332120858133,3.767327161040157,10.99504018202424,True,
761,onnx_model_055,warmup,3.761868272772014,3.76207984611392,3.7730997730977833,11.019926983863115,True,
762,onnx_model_049,warmup,3.767216134475461,3.7674568169750273,3.778375652153045,10.918835178017616,True,
763,onnx_model_033,warmup,3.7691625757587994,3.769920119084418,3.7808418800123036,10.92176092788577,True,
764,onnx_model_040,warmup,3.7740663615575754,3.774337286129594,3.785306687001139,10.969400871545076,True,
765,onnx_model_099,warmup,3.775941699822432,3.7767906188964844,3.787768627051264,10.978008154779673,True,
766,onnx_model_062,warmup,3.781363568252367,3.7819999209605157,3.7930009928531945,11.001071892678738,True,
767,onnx_model_085,warmup,3.7844086578861,3.785399993881583,3.7963457610458136,10.945767164230347,True,
768,onnx_model_010,warmup,3.791668731542193,3.7920043990015984,3.80286803888157,10.863639879971743,True,
769,onnx_model_035,warmup,3.792408765634641,3.793101533781737,3.804023043718189,10.921509936451912,True,
770,onnx_model_092,warmup,3.8009103696866817,3.8015657127834857,3.8123969919979572,10.831279214471579,True,
771,onnx_model_071,warmup,3.808843181390925,3.8092391598038375,3.820218299049884,10.979139246046543,True,
772,onnx_model_063,warmup,3.8203269479145954,3.82137306407094,3.832310935948044,10.937871877104044,True,
773,onnx_model_018,warmup,3.8217220256284805,3.822734181769192,3.833663676865399,10.929495096206665,True,
774,onnx_model_062,warmup,3.8422565952407477,3.84389733010903,3.855012779124081,11.115449015051126,True,
775,onnx_model_005,warmup,3.8556608610332885,3.8563150139525533,3.8675507120788097,11.235698126256466,True,
776,onnx_model_042,warmup,3.855789085584777,3.8564991438761353,3.8677236400544643,11.224496178328991,True,
777,onnx_model_044,warmup,3.857296689528587,3.858043098822236,3.869335944764316,11.292845942080021,True,
778,onnx_model_054,warmup,3.86593843608676,3.866549147758633,3.8775824308395386,11.033283080905676,True,
779,onnx_model_072,warmup,3.8678466668249887,3.8689667829312384,3.8798659811727703,10.899198241531849,True,
780,onnx_model_098,warmup,3.8799509280672613,3.8810240128077567,3.8919638181105256,10.939805302768946,True,
781,onnx_model_080,warmup,3.880166846896816,3.8811246640980244,3.8920345017686486,10.909837670624256,True,
782,onnx_model_068,warmup,3.8891439787076165,3.8894914179109037,3.90028176875785,10.79035084694624,True,
783,onnx_model_069,warmup,3.894738895545868,3.895232261158526,3.9060832168906927,10.850955732166767,True,
784,onnx_model_014,warmup,3.8959132732631723,3.8965388140641153,3.90731329517439,10.774481110274792,True,
785,onnx_model_045,warmup,3.901199465296607,3.9014414828270674,3.912169977091253,10.728494264185429,True,
786,onnx_model_024,warmup,3.9017706456933587,3.9027697280980647,3.913721024990082,10.951296892017126,True,
787,onnx_model_043,warmup,3.902549748407876,3.902873334940523,3.9136508121155202,10.77747717499733,True,
788,onnx_model_052,warmup,3.9201804185850317,3.920874643139541,3.9317130548879504,10.838411748409271,True,
789,onnx_model_045,warmup,3.9237798434334,3.924172761850059,3.9350168658420444,10.844103991985321,True,
790,onnx_model_049,warmup,3.92459739280907,3.925453486852348,3.9362330567091703,10.77956985682249,True,
791,onnx_model_001,warmup,3.930315433276557,3.9307394749484956,3.941557197831571,10.817722883075476,True,
792,onnx_model_006,warmup,3.9370080109041727,3.9373842561617494,3.948339459951967,10.955203790217638,True,
793,onnx_model_055,warmup,3.9464417343524083,3.9467703169211745,3.957833306863904,11.062989942729473,True,
794,onnx_model_016,warmup,3.9469010047185615,3.9471311727538705,3.958184363786131,11.053191032260656,True,
795,onnx_model_081,warmup,3.9478285282017924,3.9484335188753903,3.9593946137465537,10.961094871163368,True,
796,onnx_model_086,warmup,3.964521266113726,3.9656369001604617,3.9769438127987087,11.306912638247013,True,
797,onnx_model_025,warmup,3.964771637073661,3.9658027850091457,3.97699509980157,11.19231479242444,True,
798,onnx_model_070,warmup,3.9743455788973887,3.976373578887433,3.9875142057426274,11.140626855194569,True,
799,onnx_model_056,warmup,3.9826235339476326,3.9832876618020236,3.9944119877181947,11.124325916171074,True,
800,onnx_model_067,warmup,3.9839455117146234,3.984821828082204,3.995793713722378,10.97188564017415,True,
801,onnx_model_074,warmup,4.001806263581711,4.002098970115185,4.013265524990857,11.166554875671864,True,
802,onnx_model_024,warmup,4.015589578710501,4.0165774007327855,4.027896316722035,11.318915989249945,True,
803,onnx_model_048,warmup,4.016353663110048,4.016807809006423,4.027964576147497,11.156767141073942,True,
804,onnx_model_001,warmup,4.0266011610741,4.027416363824159,4.038572079967707,11.155716143548489,True,
805,onnx_model_046,warmup,4.033853362906613,4.034261415712535,4.045376734808087,11.115319095551968,True,
806,onnx_model_079,warmup,4.037629309265963,4.038705392740667,4.0497757671400905,11.0703743994236,True,
807,onnx_model_027,warmup,4.040957440440657,4.042245992925018,4.053471190854907,11.225197929888964,True,
808,onnx_model_027,warmup,4.044253046092276,4.044796420726925,4.053522759117186,8.726338390260935,True,
809,onnx_model_010,warmup,4.050115619312872,4.051078211981803,4.06207280093804,10.99458895623684,True,
810,onnx_model_051,warmup,4.051254439689207,4.051486438140273,4.0625760881230235,11.089649982750416,True,
811,onnx_model_003,warmup,4.051873999537102,4.052990526892245,4.06383679388091,10.846266988664865,True,
812,onnx_model_015,warmup,4.054068998240714,4.054761232808232,4.065777613781393,11.016380973160267,True,
813,onnx_model_052,warmup,4.055003584521164,4.056219223886728,4.067331267055124,11.112043168395758,True,
814,onnx_model_075,warmup,4.05514337154071,4.056392573751509,4.067447598092258,11.055024340748787,True,
815,onnx_model_048,warmup,4.059804734690504,4.060939586721361,4.071818917058408,10.879330337047577,True,
816,onnx_model_054,warmup,4.076826706168384,4.078041836153716,4.08901486499235,10.973028838634491,True,
817,onnx_model_066,warmup,4.089447575075399,4.090238940902054,4.101192913018167,10.953972116112709,True,
818,onnx_model_013,warmup,4.09203925018833,4.092698285821825,4.103672116063535,10.973830241709948,True,
819,onnx_model_038,warmup,4.1044169350374675,4.104892024770379,4.116002042777836,11.110018007457256,True,
820,onnx_model_017,warmup,4.107357188256841,4.108336843084544,4.119412926957011,11.07608387246728,True,
821,onnx_model_058,warmup,4.108998301032968,4.109757863916457,4.120733688119799,10.9758242033422,True,
822,onnx_model_081,warmup,4.113736177797455,4.1141898687928915,4.1253371480852365,11.147279292345047,True,
823,onnx_model_027,warmup,4.115030910045655,4.115627701859921,4.126940296031535,11.312594171613455,True,
824,onnx_model_048,warmup,4.119352471608976,4.119570045731962,4.130599360913038,11.029315181076527,True,
825,onnx_model_047,warmup,4.124601969991578,4.124958048108965,4.136039522010833,11.081473901867867,True,
826,onnx_model_007,warmup,4.125528756690076,4.126616118941456,4.137665432877839,11.049313936382532,True,
827,onnx_model_097,warmup,4.127403406457316,4.128168890718371,4.139123314060271,10.95442334190011,True,
828,onnx_model_043,warmup,4.137623033178854,4.1378305670805275,4.148779788985848,10.949221905320883,True,
829,onnx_model_045,warmup,4.138596293666777,4.139220559038222,4.1502314088866115,11.010849848389626,True,
830,onnx_model_067,warmup,4.140610766769081,4.141675845719874,4.152584220748395,10.908375028520823,True,
831,onnx_model_067,warmup,4.142040784405463,4.143107587005943,4.15272382600233,9.616238996386528,True,
832,onnx_model_084,warmup,4.143209837487838,4.143460367806256,4.154289411846548,10.829044040292501,True,
833,onnx_model_005,warmup,4.143853508971553,4.144902959931642,4.155717306770384,10.814346838742495,True,
834,onnx_model_009,warmup,4.159244822375607,4.159955813083798,4.170914514921606,10.958701837807894,True,
835,onnx_model_066,warmup,4.167408080226209,4.168401817791164,4.179427355993539,11.025538202375174,True,
836,onnx_model_011,warmup,4.169255768227864,4.169845262076706,4.18070302112028,10.857759043574333,True,
837,onnx_model_044,warmup,4.184018936567334,4.18493785103783,4.196094017010182,11.156165972352028,True,
838,onnx_model_066,warmup,4.195758416422266,4.196203514933586,4.207438701763749,11.235186830163002,True,
839,onnx_model_066,warmup,4.197521128354985,4.198682066984475,4.207487003877759,8.80493689328432,True,
840,onnx_model_091,warmup,4.201009084040685,4.202183902729303,4.21309621585533,10.912313126027584,True,
841,onnx_model_045,warmup,4.2133394343989945,4.214332256000489,4.225360649172217,11.028393171727657,True,
842,onnx_model_032,warmup,4.2164154307609625,4.21678058989346,4.227750090882182,10.969500988721848,True,
843,onnx_model_030,warmup,4.21977267686458,4.220215227920562,4.231326560024172,11.111332103610039,True,
844,onnx_model_091,warmup,4.22502310536466,4.2254580040462315,4.236372590996325,10.914586950093508,True,
845,onnx_model_034,warmup,4.226671155493486,4.226932075805962,4.237945851869881,11.013776063919067,True,
846,onnx_model_088,warmup,4.23821414731359,4.239186740946025,4.250446604099125,11.259863153100014,True,
847,onnx_model_024,warmup,4.238892467244503,4.23935457970947,4.2505551697686315,11.200590059161186,True,
848,onnx_model_047,warmup,4.255485324050672,4.2558345859870315,4.266937911976129,11.103325989097357,True,
849,onnx_model_088,warmup,4.25966414385981,4.2603628328070045,4.2714885720051825,11.125739198178053,True,
850,onnx_model_045,warmup,4.271722821887687,4.272732435725629,4.284039248712361,11.30681298673153,True,
851,onnx_model_021,warmup,4.271868533486233,4.272902118973434,4.284262132830918,11.360013857483864,True,
852,onnx_model_030,warmup,4.272267888104392,4.273047444876283,4.284223328810185,11.175883933901787,True,
853,onnx_model_096,warmup,4.278323883917401,4.278657408896834,4.289885953068733,11.228544171899557,True,
854,onnx_model_093,warmup,4.28245864138537,4.283101826906204,4.294074393808842,10.972566902637482,True,
855,onnx_model_041,warmup,4.283033625649645,4.283457993995398,4.294514029752463,11.05603575706482,True,
856,onnx_model_000,warmup,4.288753363438889,4.289482745807618,4.300580070819706,11.097325012087822,True,
857,onnx_model_030,warmup,4.300010351562561,4.300692635122687,4.311772807035595,11.080171912908554,True,
858,onnx_model_001,warmup,4.3135353026040715,4.313998006749898,4.325315789785236,11.317783035337925,True,
859,onnx_model_017,warmup,4.314005144775429,4.314660625997931,4.32591244392097,11.251817923039198,True,
860,onnx_model_098,warmup,4.314610391994123,4.315064623951912,4.326176126021892,11.111502069979906,True,
861,onnx_model_037,warmup,4.315894332121106,4.316548094153404,4.327513067051768,10.964972898364067,True,
862,onnx_model_067,warmup,4.325212995626643,4.325474451761693,4.336542810779065,11.068359017372131,True,
863,onnx_model_092,warmup,4.328087171789058,4.328758543822914,4.339845738839358,11.08719501644373,True,
864,onnx_model_093,warmup,4.331226354014142,4.33222351083532,4.343218490947038,10.994980111718178,True,
865,onnx_model_044,warmup,4.3346881432778614,4.335677826777101,4.346737960819155,11.060134042054415,True,
866,onnx_model_063,warmup,4.339952802512973,4.341114470735192,4.352113408967853,10.998938232660294,True,
867,onnx_model_079,warmup,4.3432134214784455,4.3434261148795485,4.354397900868207,10.971785988658667,True,
868,onnx_model_012,warmup,4.346027819572295,4.346835605800152,4.357781612779945,10.94600697979331,True,
869,onnx_model_067,warmup,4.355526795423436,4.356636526994407,4.367521286942065,10.884759947657585,True,
870,onnx_model_023,warmup,4.36491368342233,4.3660094127990305,4.37700447300449,10.995060205459595,True,
871,onnx_model_072,warmup,4.368474597743918,4.3687540497630835,4.379711429122835,10.95737935975194,True,
872,onnx_model_000,warmup,4.372178277287714,4.373203517869115,4.384212234057486,11.008716188371181,True,
873,onnx_model_051,warmup,4.374692499758113,4.375659486744553,4.386625261045992,10.965774301439524,True,
874,onnx_model_010,warmup,4.382660434936601,4.38293537683785,4.393947570119053,11.012193281203508,True,
875,onnx_model_026,warmup,4.390674831429675,4.391850142739713,4.402775099966675,10.924957226961851,True,
876,onnx_model_043,warmup,4.391834266484047,4.392241226043552,4.4032246940769255,10.983468033373356,True,
877,onnx_model_052,warmup,4.393591550391384,4.394045616034418,4.405154251959175,11.108635924756527,True,
878,onnx_model_005,warmup,4.40415017634819,4.40444046491757,4.415400429163128,10.959964245557785,True,
879,onnx_model_078,warmup,4.404862543097783,4.405249292962253,4.416080080904067,10.830787941813469,True,
880,onnx_model_043,warmup,4.41638954278512,4.41734437411651,4.42849854612723,11.154172010719776,True,
881,onnx_model_074,warmup,4.417112058901276,4.417488948907703,4.428471955936402,10.983007028698921,True,
882,onnx_model_004,warmup,4.418841143349783,4.419819127768278,4.430663801729679,10.844673961400986,True,
883,onnx_model_068,warmup,4.427056977453333,4.428099187090993,4.438989697955549,10.890510864555836,True,
884,onnx_model_034,warmup,4.427110127453811,4.428193966858089,4.439258819911629,11.064853053539991,True,
885,onnx_model_052,warmup,4.431921978476914,4.432827806100249,4.443790373858064,10.962567757815123,True,
886,onnx_model_092,warmup,4.438735102878589,4.439057237002999,4.449883936904371,10.826699901372194,True,
887,onnx_model_053,warmup,4.442271040432669,4.443412445951253,4.454229196999222,10.816751047968864,True,
888,onnx_model_044,warmup,4.445420507401441,4.44595581991598,4.456767942756414,10.812122840434313,True,
889,onnx_model_055,warmup,4.454460455785509,4.455389071721584,4.466188098769635,10.799027048051357,True,
890,onnx_model_098,warmup,4.458925915630686,4.4599306639283895,4.47074157372117,10.810909792780876,True,
891,onnx_model_025,warmup,4.4643692863618645,4.465212034061551,4.4760224330239,10.8103989623487,True,
892,onnx_model_022,warmup,4.465779618600506,4.46624481678009,4.477086825761944,10.842008981853724,True,
893,onnx_model_045,warmup,4.4746693981286825,4.474904567934573,4.485764611046761,10.860043112188578,True,
894,onnx_model_058,warmup,4.478096479763658,4.47933621192351,4.490545678883791,11.209466960281134,True,
895,onnx_model_021,warmup,4.478750681350309,4.479515952989459,4.4905991507694125,11.08319777995348,True,
896,onnx_model_052,warmup,4.48133107915961,4.482065288815647,4.49296805402264,10.902765206992626,True,
897,onnx_model_025,warmup,4.4993549198271445,4.500295351725072,4.511405962053686,11.110610328614712,True,
898,onnx_model_033,warmup,4.50291291789311,4.503840169869363,4.514873052015901,11.032882146537304,True,
899,onnx_model_007,warmup,4.508077399502136,4.508374388795346,4.519334122072905,10.95973327755928,True,
900,onnx_model_070,warmup,4.509614719624491,4.509901181794703,4.5208879159763455,10.986734181642532,True,
901,onnx_model_017,warmup,4.522602051291479,4.523135317955166,4.53424361301586,11.108295060694218,True,
902,onnx_model_083,warmup,4.532986152768873,4.53369819605723,4.544722001068294,11.023805011063814,True,
903,onnx_model_070,warmup,4.538200013774452,4.538478552829474,4.549469595775008,10.99104294553399,True,
904,onnx_model_005,warmup,4.540874611349805,4.541949710808694,4.552964188158512,11.014477349817753,True,
905,onnx_model_088,warmup,4.541373239098006,4.542118591722101,4.553086430765688,10.967839043587446,True,
906,onnx_model_023,warmup,4.5446834738840725,4.5448732590302825,4.555811720900238,10.938461869955063,True,
907,onnx_model_029,warmup,4.561425359304813,4.562049338128418,4.573085846845061,11.036508716642857,True,
908,onnx_model_019,warmup,4.562397277275623,4.5634824321605265,4.574455509893596,10.973077733069658,True,
909,onnx_model_053,warmup,4.571065053016405,4.5719267330132425,4.582878120709211,10.951387695968151,True,
910,onnx_model_017,warmup,4.572788282934436,4.573181558866054,4.584207367151976,11.025808285921812,True,
911,onnx_model_067,warmup,4.574887429138318,4.575684065930545,4.586530243046582,10.846177116036415,True,
912,onnx_model_083,warmup,4.59983491588635,4.600754671730101,4.612004274968058,11.249603237956762,True,
913,onnx_model_038,warmup,4.600231039130373,4.600914905779064,4.6121238130144775,11.20890723541379,True,
914,onnx_model_019,warmup,4.60165326783303,4.602413916029036,4.613647709134966,11.23379310593009,True,
915,onnx_model_041,warmup,4.612113029993002,4.612287723924965,4.623389828018844,11.102104093879461,True,
916,onnx_model_098,warmup,4.616960315100495,4.617927514947951,4.628978732042015,11.051217094063759,True,
917,onnx_model_011,warmup,4.62562824778827,4.626706151757389,4.638087235856801,11.381084099411964,True,
918,onnx_model_021,warmup,4.625671044160221,4.6268920549191535,4.638139083981514,11.247029062360525,True,
919,onnx_model_054,warmup,4.6416976968134795,4.642434178851545,4.653530281037092,11.096102185547352,True,
920,onnx_model_067,warmup,4.643919632929544,4.6450577159412205,4.65669286204502,11.635146103799343,True,
921,onnx_model_026,warmup,4.644109003783718,4.645242816768587,4.656742295715958,11.499478947371244,True,
922,onnx_model_024,warmup,4.644769895549687,4.645396358799189,4.656777874100953,11.381515301764011,True,
923,onnx_model_032,warmup,4.653199426557268,4.653669205028564,4.664747131988406,11.077926959842443,True,
924,onnx_model_090,warmup,4.655153096897148,4.656220144126564,4.667234079912305,11.013935785740614,True,
925,onnx_model_067,warmup,4.658857496208705,4.660028032027185,4.671253851149231,11.225819122046232,True,
926,onnx_model_040,warmup,4.659575980531932,4.660196641925722,4.671135526150465,10.938884224742651,True,
927,onnx_model_016,warmup,4.662400617200259,4.662740318104625,4.673840748146176,11.10043004155159,True,
928,onnx_model_050,warmup,4.664976556963826,4.665970477741212,4.676919660996646,10.949183255434036,True,
929,onnx_model_011,warmup,4.666436004560601,4.66733164479956,4.678307187743485,10.975542943924665,True,
930,onnx_model_055,warmup,4.667850559219727,4.668794014956802,4.679835612885654,11.041597928851843,True,
931,onnx_model_076,warmup,4.686424441681261,4.687083380762488,4.6982050207443535,11.121639981865883,True,
932,onnx_model_091,warmup,4.686541966558485,4.687250568065792,4.698373100720346,11.122532654553652,True,
933,onnx_model_042,warmup,4.698099502320441,4.698467831127346,4.709425619803369,10.957788676023483,True,
934,onnx_model_089,warmup,4.701166277011056,4.701933427713811,4.71318125911057,11.247831396758556,True,
935,onnx_model_074,warmup,4.701487339668943,4.702095887158066,4.713219671975821,11.123784817755222,True,
936,onnx_model_023,warmup,4.713447353564252,4.714444309938699,4.725450811907649,11.006501968950033,True,
937,onnx_model_099,warmup,4.719850268730879,4.720847951713949,4.731809378135949,10.961426421999931,True,
938,onnx_model_016,warmup,4.721536249697731,4.722124808933586,4.732952882070094,10.828073136508465,True,
939,onnx_model_019,warmup,4.722672173298523,4.7234029290266335,4.734214419964701,10.811490938067436,True,
940,onnx_model_086,warmup,4.72373537131695,4.724687030073255,4.735429910942912,10.742880869656801,True,
941,onnx_model_003,warmup,4.727413992547066,4.7276170388795435,4.738468445837498,10.851406957954168,True,
942,onnx_model_020,warmup,4.728971435758139,4.729936528019607,4.740855443757027,10.91891573742032,True,
943,onnx_model_088,warmup,4.730342871823183,4.731277607847005,4.7425361587665975,11.25855091959238,True,
944,onnx_model_057,warmup,4.730750508280284,4.731400400865823,4.74247557297349,11.07517210766673,True,
945,onnx_model_038,warmup,4.748708150719603,4.74976821616292,4.761344309896231,11.5760937333107,True,
946,onnx_model_048,warmup,4.748952712430658,4.749935953877866,4.761390929110348,11.454975232481956,True,
947,onnx_model_081,warmup,4.75370111764807,4.75445689773187,4.76541763311252,10.960735380649567,True,
948,onnx_model_099,warmup,4.759952263042449,4.760931715834886,4.771922627929598,10.990912094712257,True,
949,onnx_model_006,warmup,4.7622765957929305,4.762624994851649,4.773476412054151,10.851417202502489,True,
950,onnx_model_002,warmup,4.7697530683222205,4.770580327138305,4.781533888075501,10.953560937196016,True,
951,onnx_model_048,warmup,4.779197721077029,4.779702596832067,4.790872870013118,11.170273181051016,True,
952,onnx_model_095,warmup,4.780670939089077,4.781146701890975,4.792218457907438,11.071756016463041,True,
953,onnx_model_066,warmup,4.789207282475486,4.789761196821928,4.800708014983684,10.9468181617558,True,
954,onnx_model_095,warmup,4.790198584104553,4.790970455855131,4.792329738847911,1.3592829927802086,True,
955,onnx_model_066,warmup,4.806072113481105,4.806929460726678,4.8179422547109425,11.012793984264135,True,
956,onnx_model_048,warmup,4.812141416873666,4.812369180843234,4.82340567978099,11.036498937755823,True,
957,onnx_model_078,warmup,4.815002502267408,4.815800664015114,4.826784253120422,10.983589105308056,True,
958,onnx_model_007,warmup,4.834949744060581,4.837084893137217,4.848195462021977,11.110568884760141,True,
959,onnx_model_090,warmup,4.839621550053541,4.8406529650092125,4.851822015829384,11.169050820171833,True,
960,onnx_model_065,warmup,4.845759304782041,4.8462042468599975,4.857490740716457,11.286493856459856,True,
961,onnx_model_048,warmup,4.845872234260449,4.846392726060003,4.857654822990298,11.262096930295229,True,
962,onnx_model_041,warmup,4.8556871487074185,4.856126357801259,4.867298353929073,11.171996127814054,True,
963,onnx_model_092,warmup,4.87524374065594,4.875617868732661,4.886887921020389,11.270052287727594,True,
964,onnx_model_092,warmup,4.877228558939854,4.878172223921865,4.886940510943532,8.768287021666765,True,
965,onnx_model_046,warmup,4.877941878942721,4.87835968984291,4.889387712813914,11.028022971004248,True,
966,onnx_model_005,warmup,4.881722838513065,4.882994399871677,4.894915550947189,11.92115107551217,True,
967,onnx_model_031,warmup,4.882843983383823,4.883184551727027,4.894365325104445,11.180773377418518,True,
968,onnx_model_089,warmup,4.883088900526604,4.883676277007908,4.895092216785997,11.415939778089523,True,
969,onnx_model_079,warmup,4.883486466032793,4.883845587726682,4.8951491648331285,11.303577106446028,True,
970,onnx_model_094,warmup,4.891237959931398,4.891668939031661,4.903001090046018,11.332151014357805,True,
971,onnx_model_069,warmup,4.891520923171038,4.89185251807794,4.903121628798544,11.269110720604658,True,
972,onnx_model_083,warmup,4.894025932307664,4.8944844007492065,4.905546257738024,11.061856988817453,True,
973,onnx_model_070,warmup,4.896946929427972,4.897378361783922,4.908361789770424,10.983427986502647,True,
974,onnx_model_053,warmup,4.908379476481624,4.908530750777572,4.919648844748735,11.118093971163034,True,
975,onnx_model_059,warmup,4.923570450751313,4.923878274857998,4.935019934084266,11.14165922626853,True,
976,onnx_model_057,warmup,4.933469226937996,4.93440135801211,4.945641213096678,11.239855084568262,True,
977,onnx_model_085,warmup,4.948488362380793,4.9489469970576465,4.959847456775606,10.900459717959166,True,
978,onnx_model_071,warmup,4.950185824360514,4.950485221110284,4.9615354160778224,11.050194967538118,True,
979,onnx_model_097,warmup,4.9569219906822255,4.9579475261271,4.9688020488247275,10.854522697627544,True,
980,onnx_model_070,warmup,4.973148389183586,4.974005790892988,4.984812481794506,10.806690901517868,True,
981,onnx_model_001,warmup,4.979532122947817,4.980349348857999,4.991251001134515,10.90165227651596,True,
982,onnx_model_067,warmup,4.980851311098222,4.98169732093811,4.992489805910736,10.79248497262597,True,
983,onnx_model_037,warmup,4.983103310289382,4.98404018394649,4.994971273001283,10.93108905479312,True,
984,onnx_model_086,warmup,4.985700340877951,4.986024535726756,4.996940576005727,10.916040278971195,True,
985,onnx_model_000,warmup,4.985860915645963,4.98613378405571,4.997022692114115,10.888908058404922,True,
986,onnx_model_031,warmup,4.987699496178184,4.988509539980441,4.9993752939626575,10.86575398221612,True,
987,onnx_model_067,warmup,4.994400797570755,4.994711779989302,5.005602270830423,10.890490841120481,True,
988,onnx_model_007,warmup,4.9950652300795,4.996169541031122,5.007013774011284,10.844232980161905,True,
989,onnx_model_043,measure,5.005161668952537,5.005688103847206,5.016557956114411,10.869852267205715,True,
990,onnx_model_010,measure,5.005750366117817,5.005920645780861,5.016747917048633,10.82727126777172,True,
991,onnx_model_004,measure,5.020615354535261,5.021044694818556,5.032208315096796,11.16362027823925,True,
992,onnx_model_099,measure,5.023513074928415,5.024580697063357,5.035724729765207,11.144032701849937,True,
993,onnx_model_088,measure,5.024845111998449,5.026127437129617,5.037187770940363,11.06033381074667,True,
994,onnx_model_045,measure,5.0322438136154295,5.033506732899696,5.044563159812242,11.056426912546158,True,
995,onnx_model_090,measure,5.042193319810544,5.042497092857957,5.053570893127471,11.073800269514322,True,
996,onnx_model_003,measure,5.0482899326152895,5.0488112247549,5.059922426007688,11.111201252788305,True,
997,onnx_model_084,measure,5.058974853364818,5.060032606124878,5.071458955761045,11.426349636167288,True,
998,onnx_model_025,measure,5.059569071765875,5.060212547890842,5.0713137299753726,11.101182084530592,True,
999,onnx_model_090,measure,5.062271049689152,5.062802149914205,5.073935582768172,11.133432853966951,True,
1000,onnx_model_061,measure,5.087208760513702,5.0882388218306005,5.099417299963534,11.178478132933378,True,
1001,onnx_model_032,measure,5.089530688835012,5.090790492016822,5.101890611927956,11.100119911134243,True,
1002,onnx_model_090,measure,5.093177955660625,5.094336682930589,5.105819290038198,11.48260710760951,True,
1003,onnx_model_092,measure,5.09376769424481,5.094526844099164,5.105972931720316,11.446087621152401,True,
1004,onnx_model_096,measure,5.093973132042856,5.09469986287877,5.105876588728279,11.17672584950924,True,
1005,onnx_model_001,measure,5.11255457636107,5.113264672923833,5.124434393830597,11.169720906764269,True,
1006,onnx_model_006,measure,5.118364399125872,5.118805123958737,5.129967201966792,11.162078008055687,True,
1007,onnx_model_076,measure,5.120646522950445,5.121336927171797,5.132431665901095,11.094738729298115,True,
1008,onnx_model_068,measure,5.136581612737865,5.137744865845889,5.148710088804364,10.965222958475351,True,
1009,onnx_model_014,measure,5.144283395088267,5.145281692035496,5.1562214768491685,10.939784813672304,True,
1010,onnx_model_004,measure,5.149717787649283,5.150005751755089,5.160925238858908,10.919487103819847,True,
1011,onnx_model_082,measure,5.151228898701555,5.151539177168161,5.162590563762933,11.051386594772339,True,
1012,onnx_model_080,measure,5.160837565883327,5.1610921560786664,5.172141688875854,11.049532797187567,True,
1013,onnx_model_090,measure,5.166795729476281,5.167907441034913,5.178896469064057,10.98902802914381,True,
1014,onnx_model_059,measure,5.170633719366203,5.1713588908314705,5.182505739852786,11.146849021315575,True,
1015,onnx_model_009,measure,5.174007405504476,5.174441852141172,5.185519379097968,11.077526956796646,True,
1016,onnx_model_061,measure,5.175335448360266,5.1759642460383475,5.186941200867295,10.976954828947783,True,
1017,onnx_model_065,measure,5.1810289613853975,5.18215658608824,5.1930620558559895,10.90546976774931,True,
1018,onnx_model_016,measure,5.183805885342659,5.184751879889518,5.196111682802439,11.359802912920713,True,
1019,onnx_model_007,measure,5.184383518322397,5.184916351921856,5.1961594838649035,11.243131943047047,True,
1020,onnx_model_038,measure,5.1930289983220455,5.1932293637655675,5.20415222691372,10.922863148152828,True,
1021,onnx_model_080,measure,5.19516211389812,5.1956970151513815,5.206728553865105,11.031538713723421,True,
1022,onnx_model_067,measure,5.199676710990456,5.200386750046164,5.2113362131640315,10.949463117867708,True,
1023,onnx_model_011,measure,5.207334049559084,5.20797108579427,5.218877227045596,10.906141251325607,True,
1024,onnx_model_081,measure,5.209856623288528,5.210435110144317,5.22130922973156,10.874119587242603,True,
1025,onnx_model_051,measure,5.216043980193016,5.216563078109175,5.2275529387407005,10.989860631525517,True,
1026,onnx_model_074,measure,5.221858674973143,5.222528657875955,5.233430380932987,10.901723057031631,True,
1027,onnx_model_002,measure,5.226995328394096,5.227670080959797,5.238550262991339,10.880182031542063,True,
1028,onnx_model_001,measure,5.234487123617219,5.2356718219816685,5.2467359630391,11.064141057431698,True,
1029,onnx_model_003,measure,5.234655048152085,5.235865579918027,5.2468709498643875,11.005369946360588,True,
1030,onnx_model_024,measure,5.244012945821154,5.244797679129988,5.255995444022119,11.19776489213109,True,
1031,onnx_model_071,measure,5.244159651384228,5.244958113878965,5.255861518904567,10.903405025601387,True,
1032,onnx_model_031,measure,5.246705618585169,5.247000636067241,5.2578007760457695,10.800139978528023,True,
1033,onnx_model_046,measure,5.247238189485275,5.248460270930082,5.259446734096855,10.98646316677332,True,
1034,onnx_model_059,measure,5.248265418282587,5.248641945887357,5.261096029076725,12.454083189368248,True,
1035,onnx_model_012,measure,5.251030479763043,5.251699929125607,5.262518252711743,10.818323586136103,True,
1036,onnx_model_063,measure,5.25949868886688,5.260694356169552,5.271621125750244,10.926769580692053,True,
1037,onnx_model_091,measure,5.269621724714701,5.270762714091688,5.281909973826259,11.14725973457098,True,
1038,onnx_model_063,measure,5.27026631363712,5.270927597768605,5.28197724185884,11.049644090235233,True,
1039,onnx_model_022,measure,5.272047414636283,5.272845322731882,5.283804174978286,10.958852246403694,True,
1040,onnx_model_004,measure,5.282767046157264,5.283197811804712,5.294185978826135,10.988167021423578,True,
1041,onnx_model_013,measure,5.2844247326066744,5.285034813918173,5.295982673764229,10.947859846055508,True,
1042,onnx_model_042,measure,5.285295148176375,5.286472926847637,5.297415358014405,10.942431166768074,True,
1043,onnx_model_062,measure,5.288811524918748,5.289918486960232,5.30105845304206,11.139966081827879,True,
1044,onnx_model_030,measure,5.291206096142177,5.29235709272325,5.303325942717493,10.968849994242191,True,
1045,onnx_model_068,measure,5.299695043321654,5.300674072001129,5.311549023725092,10.874951723963022,True,
1046,onnx_model_078,measure,5.3092561061956465,5.309549402911216,5.3205755720846355,11.026169173419476,True,
1047,onnx_model_054,measure,5.324278494233735,5.324799109715968,5.335934937931597,11.135828215628862,True,
1048,onnx_model_019,measure,5.324591599812767,5.3249641940929,5.3360680509358644,11.103856842964888,True,
1049,onnx_model_037,measure,5.328060983940709,5.328476099763066,5.3396662110462785,11.1901112832129,True,
1050,onnx_model_092,measure,5.328307208408909,5.328661391977221,5.339780738111585,11.119346134364605,True,
1051,onnx_model_053,measure,5.335918431568525,5.336200331803411,5.347050908021629,10.850576218217611,True,
1052,onnx_model_081,measure,5.337067181428737,5.337652673013508,5.348653032910079,11.000359896570444,True,
1053,onnx_model_006,measure,5.342794831897233,5.34402590803802,5.355048529803753,11.022621765732765,True,
1054,onnx_model_080,measure,5.344534033467896,5.345520768780261,5.3564286339096725,10.90786512941122,True,
1055,onnx_model_002,measure,5.347813430156233,5.348271036986262,5.359152331016958,10.881294030696154,True,
1056,onnx_model_002,measure,5.358689880929835,5.359210080932826,5.370002004783601,10.791923850774765,True,
1057,onnx_model_028,measure,5.362353857108146,5.363491077907383,5.3743183799088,10.827302001416683,True,
1058,onnx_model_028,measure,5.364746631811208,5.3657528180629015,5.374665448907763,8.912630844861269,True,
1059,onnx_model_098,measure,5.365423732086243,5.3658337709493935,5.376496669836342,10.662898886948824,True,
1060,onnx_model_060,measure,5.369030715161128,5.370071666780859,5.380723043810576,10.651377029716969,True,
1061,onnx_model_045,measure,5.373275475928292,5.374378283042461,5.385340911801904,10.96262875944376,True,
1062,onnx_model_068,measure,5.3736850716152365,5.374456753022969,5.385296146851033,10.839393828064203,True,
1063,onnx_model_008,measure,5.377684559908482,5.378636507783085,5.389263738878071,10.6272310949862,True,
1064,onnx_model_008,measure,5.384191026827861,5.384923778939992,5.389287292957306,4.363514017313719,True,
1065,onnx_model_080,measure,5.387483361809116,5.3885256657376885,5.399059077724814,10.533411987125874,True,
1066,onnx_model_043,measure,5.400975650187429,5.401209665928036,5.411768788006157,10.559122078120708,True,
1067,onnx_model_048,measure,5.407609836654284,5.408482761122286,5.419041011016816,10.558249894529581,True,
1068,onnx_model_014,measure,5.41540731951196,5.415906262118369,5.42642991617322,10.52365405485034,True,
1069,onnx_model_047,measure,5.419108792452204,5.420188562013209,5.4307908257469535,10.602263733744621,True,
1070,onnx_model_008,measure,5.437187593000504,5.438020908739418,5.448861966840923,10.841058101505041,True,
1071,onnx_model_000,measure,5.452172932265474,5.453158312942833,5.464497798122466,11.339485179632902,True,
1072,onnx_model_001,measure,5.454657366998555,5.455710604786873,5.466800345107913,11.089740321040154,True,
1073,onnx_model_003,measure,5.460650170570191,5.461185783147812,5.472179629839957,10.99384669214487,True,
1074,onnx_model_043,measure,5.462178701944401,5.462639145087451,5.473529115784913,10.889970697462559,True,
1075,onnx_model_066,measure,5.463121057794756,5.464098829776049,5.474972107913345,10.873278137296438,True,
1076,onnx_model_003,measure,5.468987996882372,5.470026847906411,5.472310749813914,2.283901907503605,True,
1077,onnx_model_090,measure,5.476626100899635,5.477206004783511,5.488097107037902,10.891102254390717,True,
1078,onnx_model_091,measure,5.4783596342678225,5.478703732136637,5.489470418076962,10.76668594032526,True,
1079,onnx_model_049,measure,5.4809028419551895,5.482043319847435,5.492860422004014,10.817102156579494,True,
1080,onnx_model_018,measure,5.48538825171512,5.48632211284712,5.497057700064033,10.7355872169137,True,
1081,onnx_model_036,measure,5.491845636075948,5.492645964026451,5.503367704804987,10.721740778535604,True,
1082,onnx_model_018,measure,5.493145174769308,5.494013043120503,5.497123355045915,3.1103119254112244,True,
1083,onnx_model_053,measure,5.509146799922549,5.509518936742097,5.520144023932517,10.625087190419436,True,
1084,onnx_model_046,measure,5.512343907606537,5.512817156966776,5.523497328162193,10.680171195417643,True,
1085,onnx_model_018,measure,5.513823857077183,5.514091117773205,5.52472248673439,10.631368961185217,True,
1086,onnx_model_062,measure,5.517595955565395,5.518366225063801,5.529378938023001,11.012712959200144,True,
1087,onnx_model_097,measure,5.525718141818817,5.525877432897687,5.536919872742146,11.042439844459295,True,
1088,onnx_model_048,measure,5.528149338582634,5.529159580823034,5.539964049123228,10.804468300193548,True,
1089,onnx_model_037,measure,5.5358948786634965,5.536539549939334,5.547727987170219,11.188437230885029,True,
1090,onnx_model_066,measure,5.536354464976642,5.536646523047239,5.547595736104995,10.949213057756424,True,
1091,onnx_model_091,measure,5.537146650678139,5.538073525764048,5.548787000123411,10.713474359363317,True,
1092,onnx_model_094,measure,5.542020072850943,5.543173891026527,5.554112053010613,10.938161984086037,True,
1093,onnx_model_087,measure,5.546055010341583,5.54661848815158,5.5577681520953774,11.14966394379735,True,
1094,onnx_model_097,measure,5.5460734345145735,5.546780455857515,5.557878632098436,11.09817624092102,True,
1095,onnx_model_013,measure,5.549665164982577,5.5500003271736205,5.560907360166311,10.907032992690802,True,
1096,onnx_model_088,measure,5.555609341683689,5.556328775826842,5.567349624820054,11.020848993211985,True,
1097,onnx_model_073,measure,5.569888560072046,5.570564836729318,5.5815549781546,10.990141425281763,True,
1098,onnx_model_042,measure,5.57224769020214,5.573017620015889,5.584224943071604,11.207323055714369,True,
1099,onnx_model_023,measure,5.572707271444432,5.573174498043954,5.584166411776096,10.991913732141256,True,
1100,onnx_model_006,measure,5.585646870447162,5.586440453771502,5.597324352711439,10.883898939937353,True,
1101,onnx_model_039,measure,5.589222782219229,5.589883720036596,5.600893396884203,11.009676847606897,True,
1102,onnx_model_003,measure,5.590260386058415,5.591300072148442,5.602152441162616,10.852369014173746,True,
1103,onnx_model_040,measure,5.6079030807620995,5.608369417954236,5.619420975912362,11.051557958126068,True,
1104,onnx_model_017,measure,5.613561903889258,5.613804059103131,5.624843462835997,11.039403732866049,True,
1105,onnx_model_096,measure,5.616257477680827,5.617242404725403,5.628058794885874,10.816390160471201,True,
1106,onnx_model_092,measure,5.618813767179453,5.619526376016438,5.630455981940031,10.929605923593044,True,
1107,onnx_model_072,measure,5.619221855230996,5.619722479023039,5.630636706016958,10.914226993918419,True,
1108,onnx_model_012,measure,5.628144955620691,5.629287460818887,5.6401669308543205,10.87947003543377,True,
1109,onnx_model_065,measure,5.649196429386262,5.650384433101863,5.6612829701043665,10.898537002503872,True,
1110,onnx_model_064,measure,5.653009499502956,5.653834151104093,5.664791869930923,10.957718826830387,True,
1111,onnx_model_089,measure,5.65743103153012,5.658329555764794,5.669242490082979,10.912934318184853,True,
1112,onnx_model_094,measure,5.658814566619657,5.65987466275692,5.670986134093255,11.111471336334944,True,
1113,onnx_model_041,measure,5.659006598815264,5.6600475711748,5.671133934985846,11.086363811045885,True,
1114,onnx_model_094,measure,5.660772582560967,5.661382689140737,5.671170694753528,9.788005612790585,True,
1115,onnx_model_048,measure,5.660824993330151,5.661544997710735,5.672468312084675,10.92331437394023,True,
1116,onnx_model_013,measure,5.672284590549844,5.672565346118063,5.683446629904211,10.881283786147833,True,
1117,onnx_model_043,measure,5.6799304005501225,5.681044794153422,5.692121719941497,11.076925788074732,True,
1118,onnx_model_001,measure,5.680233577070409,5.68120961682871,5.692592293955386,11.382677126675844,True,
1119,onnx_model_070,measure,5.688370274344361,5.688688843976706,5.699655550997704,10.966707020998001,True,
1120,onnx_model_054,measure,5.691340783864247,5.692239283118397,5.703231427818537,10.992144700139761,True,
1121,onnx_model_039,measure,5.693187144583318,5.693837360944599,5.704812292940915,10.974931996315718,True,
1122,onnx_model_097,measure,5.700864526129407,5.701898493804038,5.713067505043,11.169011238962412,True,
1123,onnx_model_048,measure,5.700915128268026,5.702058047987521,5.71317620202899,11.118154041469097,True,
1124,onnx_model_057,measure,5.706476690678255,5.707031290978193,5.717980533838272,10.949242860078812,True,
1125,onnx_model_001,measure,5.727330464162844,5.728224605787545,5.739418504759669,11.193898972123861,True,
1126,onnx_model_009,measure,5.727390761778214,5.728386634029448,5.739527531899512,11.140897870063782,True,
1127,onnx_model_025,measure,5.732149225487494,5.732974364887923,5.743915883824229,10.941518936306238,True,
1128,onnx_model_034,measure,5.733403794515076,5.734412578865886,5.7453775317408144,10.964952874928713,True,
1129,onnx_model_055,measure,5.735282138741453,5.73586322600022,5.746743298135698,10.880072135478258,True,
1130,onnx_model_026,measure,5.749429316517585,5.749979368876666,5.761117641814053,11.138272937387228,True,
1131,onnx_model_071,measure,5.750327859524245,5.7514179539866745,5.76230017002672,10.882216040045023,True,
1132,onnx_model_035,measure,5.754181518214932,5.754864264745265,5.765880105085671,11.015840340405703,True,
1133,onnx_model_078,measure,5.758102185568237,5.75929705100134,5.770201248116791,10.904197115451097,True,
1134,onnx_model_075,measure,5.759874461242428,5.760738230776042,5.771675800904632,10.937570128589869,True,
1135,onnx_model_016,measure,5.762431246323878,5.763522041961551,5.774624095764011,11.102053802460432,True,
1136,onnx_model_096,measure,5.762617672975439,5.763705321121961,5.774760845117271,11.055523995310068,True,
1137,onnx_model_078,measure,5.769580961455211,5.7702970597893,5.781275117769837,10.978057980537415,True,
1138,onnx_model_038,measure,5.772418717010503,5.772896632086486,5.783921247813851,11.024615727365017,True,
1139,onnx_model_036,measure,5.7762445109250615,5.7769817668013275,5.788073651026934,11.091884225606918,True,
1140,onnx_model_062,measure,5.785790749398724,5.786148240789771,5.797229855787009,11.08161499723792,True,
1141,onnx_model_012,measure,5.786915816545068,5.787588689941913,5.79883620981127,11.247519869357347,True,
1142,onnx_model_038,measure,5.788169329302741,5.78929250780493,5.800306003075093,11.01349527016282,True,
1143,onnx_model_096,measure,5.792492417565204,5.792746693827212,5.803649098146707,10.902404319494963,True,
1144,onnx_model_075,measure,5.795536580802523,5.79618275584653,5.8071149261668324,10.932170320302248,True,
1145,onnx_model_046,measure,5.797319301971118,5.798448963090777,5.809386203996837,10.937240906059742,True,
1146,onnx_model_027,measure,5.821425984628627,5.823682900052518,5.834825189784169,11.142289731651545,True,
1147,onnx_model_095,measure,5.82949505769241,5.830181161873043,5.841186732053757,11.00557018071413,True,
1148,onnx_model_009,measure,5.839253987083023,5.840052425861359,5.850947766099125,10.895340237766504,True,
1149,onnx_model_000,measure,5.844760490032165,5.845410882029682,5.856354373972863,10.943491943180561,True,
1150,onnx_model_006,measure,5.8488346050947415,5.849869226105511,5.860832015052438,10.962788946926594,True,
1151,onnx_model_005,measure,5.850843730452819,5.851096288766712,5.862205456010997,11.109167244285345,True,
1152,onnx_model_030,measure,5.850962951300883,5.851256903726608,5.8623282690532506,11.07136532664299,True,
1153,onnx_model_045,measure,5.865745949654368,5.8665502541698515,5.87772842310369,11.178168933838606,True,
1154,onnx_model_012,measure,5.8764388460304,5.87700922600925,5.887997934129089,10.98870811983943,True,
1155,onnx_model_078,measure,5.878766298730476,5.879951178096235,5.890923333819956,10.972155723720789,True,
1156,onnx_model_027,measure,5.881355450724855,5.882391957100481,5.893308016937226,10.916059836745262,True,
1157,onnx_model_073,measure,5.886477230612803,5.886844150722027,5.898022268898785,11.17811817675829,True,
1158,onnx_model_030,measure,5.896384183089379,5.897557746153325,5.90871515404433,11.157407891005278,True,
1159,onnx_model_020,measure,5.899063680442427,5.900284037925303,5.9116560141555965,11.371976230293512,True,
1160,onnx_model_080,measure,5.900070805449306,5.900451826862991,5.911700609140098,11.248782277107239,True,
1161,onnx_model_013,measure,5.901175723870172,5.901978028006852,5.912965203169733,10.987175162881613,True,
1162,onnx_model_066,measure,5.904400002028026,5.90555609902367,5.916641871910542,11.085772886872292,True,
1163,onnx_model_002,measure,5.906136131946653,5.907007097732276,5.917972089722753,10.964991990476847,True,
1164,onnx_model_049,measure,5.915031487207338,5.916208046954125,5.92723941616714,11.031369213014841,True,
1165,onnx_model_082,measure,5.9164152445621925,5.9167399178259075,5.927709199022502,10.969281196594238,True,
1166,onnx_model_021,measure,5.934087796358513,5.934932019095868,5.946006679907441,11.074660811573267,True,
1167,onnx_model_016,measure,5.935468642834083,5.936400740873069,5.947327530942857,10.926790069788694,True,
1168,onnx_model_042,measure,5.9407683824750865,5.9418723420239985,5.952835580799729,10.963238775730133,True,
1169,onnx_model_027,measure,5.941864020106519,5.942230992950499,5.953086317982525,10.855325032025576,True,
1170,onnx_model_043,measure,5.948428294863193,5.949548663105816,5.960507384035736,10.958720929920673,True,
1171,onnx_model_081,measure,5.954611393884251,5.955338167957962,5.966244298964739,10.906131006777287,True,
1172,onnx_model_040,measure,5.9606549818013095,5.961740046739578,5.9726970051415265,10.956958401948214,True,
1173,onnx_model_003,measure,5.969134518577952,5.969515226781368,5.980594236869365,11.079010087996721,True,
1174,onnx_model_000,measure,5.970755519923966,5.971107934135944,5.982181423809379,11.073489673435688,True,
1175,onnx_model_075,measure,5.98289482512838,5.983486103825271,5.994591973721981,11.105869896709919,True,
1176,onnx_model_060,measure,6.000661907534827,6.001915144734085,6.013068315107375,11.153170373290777,True,
1177,onnx_model_048,measure,6.003058304757485,6.003462185151875,6.014508842956275,11.046657804399729,True,
1178,onnx_model_034,measure,6.0094050363130975,6.010022826027125,6.020961498841643,10.938672814518213,True,
1179,onnx_model_089,measure,6.0178796457033465,6.018723675049841,6.029465253930539,10.741578880697489,True,
1180,onnx_model_037,measure,6.020105401171397,6.021027144044638,6.031786285806447,10.759141761809587,True,
1181,onnx_model_018,measure,6.024007448800341,6.024368916172534,6.035080006811768,10.71109063923359,True,
1182,onnx_model_046,measure,6.037508957649344,6.0382931041531265,6.049190397839993,10.89729368686676,True,
1183,onnx_model_047,measure,6.0452944594740545,6.045662121847272,6.056530531030148,10.868409182876348,True,
1184,onnx_model_067,measure,6.046361416132362,6.047004292719066,6.057777430862188,10.773138143122196,True,
1185,onnx_model_035,measure,6.048419588390291,6.049256683792919,6.059996920172125,10.74023637920618,True,
1186,onnx_model_026,measure,6.053547781297286,6.054615030065179,6.06556996377185,10.954933706671,True,
1187,onnx_model_083,measure,6.054266077764435,6.054729737807065,6.065484561026096,10.754823219031096,True,
1188,onnx_model_018,measure,6.058129128098898,6.058976860716939,6.069772412069142,10.795551352202892,True,
1189,onnx_model_089,measure,6.059041708035272,6.059215744957328,6.0702280779369175,11.0123329795897,True,
1190,onnx_model_086,measure,6.069080562320492,6.069850119762123,6.080982329789549,11.132210027426481,True,
1191,onnx_model_031,measure,6.069092768024321,6.069957754109055,6.0810349909588695,11.077236849814653,True,
1192,onnx_model_072,measure,6.07078268725994,6.071427928749472,6.082349780015647,10.921851266175508,True,
1193,onnx_model_017,measure,6.082467543692753,6.083663566969335,6.09477029973641,11.1067327670753,True,
1194,onnx_model_013,measure,6.085860126925531,6.086207353044301,6.097362597007304,11.155243963003159,True,
1195,onnx_model_076,measure,6.089865248989054,6.090789902955294,6.101818686816841,11.028783861547709,True,
1196,onnx_model_049,measure,6.10188376925799,6.1031155828386545,6.11419019382447,11.074610985815525,True,
1197,onnx_model_073,measure,6.1134698569663755,6.114299250766635,6.125439506955445,11.140256188809872,True,
1198,onnx_model_050,measure,6.116101940667865,6.1168314148671925,6.127877612132579,11.046197265386581,True,
1199,onnx_model_001,measure,6.117373772190354,6.118360571097583,6.129450241103768,11.08967000618577,True,
1200,onnx_model_022,measure,6.118248176355259,6.1187709011137486,6.130003472790122,11.232571676373482,True,
1201,onnx_model_085,measure,6.118314476494499,6.118939992971718,6.130056473892182,11.1164809204638,True,
1202,onnx_model_038,measure,6.119074990268632,6.119377144146711,6.130377484019846,11.00033987313509,True,
1203,onnx_model_000,measure,6.1323589370493865,6.132683917880058,6.143738751765341,11.054833885282278,True,
1204,onnx_model_047,measure,6.1368594206952976,6.137230129912496,6.148423817008734,11.193687096238136,True,
1205,onnx_model_040,measure,6.136933948598155,6.137414881028235,6.1485416907817125,11.126809753477573,True,
1206,onnx_model_053,measure,6.141790508269298,6.143035494722426,6.153979287948459,10.94379322603345,True,
1207,onnx_model_003,measure,6.145633363071107,6.1459762449376285,6.157014446798712,11.038201861083508,True,
1208,onnx_model_084,measure,6.146235819510009,6.14742994774133,6.158366566989571,10.936619248241186,True,
1209,onnx_model_003,measure,6.155597567510422,6.1562034748494625,6.167045223992318,10.841749142855406,True,
1210,onnx_model_081,measure,6.1693104436308435,6.1702833590097725,6.181283588986844,11.000229977071285,True,
1211,onnx_model_088,measure,6.172071736298744,6.172743485774845,6.1836440660990775,10.900580324232578,True,
1212,onnx_model_093,measure,6.177240337694544,6.178183035925031,6.189094746951014,10.911711025983095,True,
1213,onnx_model_037,measure,6.1837889758897315,6.1848615310154855,6.1958030089735985,10.941477958112955,True,
1214,onnx_model_023,measure,6.186407535730393,6.187309694010764,6.198253747075796,10.944053065031767,True,
1215,onnx_model_011,measure,6.192774420771684,6.193318084813654,6.204126610886306,10.808526072651148,True,
1216,onnx_model_068,measure,6.203796388904516,6.204196062870324,6.215152068994939,10.95600612461567,True,
1217,onnx_model_065,measure,6.206650721962095,6.207551811821759,6.218623046763241,11.071234941482544,True,
1218,onnx_model_032,measure,6.207188325657725,6.207737954799086,6.218775535933673,11.037581134587526,True,
1219,onnx_model_058,measure,6.214471788128175,6.215248432010412,6.226255444809794,11.00701279938221,True,
1220,onnx_model_070,measure,6.219592191541186,6.219991467893124,6.230947312898934,10.95584500581026,True,
1221,onnx_model_074,measure,6.229274187846435,6.230480756144971,6.24156867293641,11.087916791439056,True,
1222,onnx_model_083,measure,6.229277748743501,6.230662702117115,6.241706625092775,11.04392297565937,True,
1223,onnx_model_071,measure,6.231140239646704,6.232160408981144,6.242995755746961,10.835346765816212,True,
1224,onnx_model_070,measure,6.262940002064041,6.263307495974004,6.274833384901285,11.525888927280903,True,
1225,onnx_model_044,measure,6.270501419423411,6.270846737083048,6.282690700143576,11.84396306052804,True,
1226,onnx_model_085,measure,6.276294265572628,6.277135329786688,6.288748525083065,11.613195296376944,True,
1227,onnx_model_000,measure,6.284452533543097,6.2849908117204905,6.296112402807921,11.121591087430716,True,
1228,onnx_model_056,measure,6.28597405659793,6.286524808034301,6.297537302132696,11.01249409839511,True,
1229,onnx_model_029,measure,6.291176348404982,6.292051633819938,6.303021535743028,10.96990192309022,True,
1230,onnx_model_046,measure,6.292197352002586,6.292456903960556,6.3037176500074565,11.26074604690075,True,
1231,onnx_model_043,measure,6.300674913238291,6.301848536822945,6.313009051140398,11.160514317452908,True,
1232,onnx_model_015,measure,6.300827958790421,6.302033488173038,6.313182590994984,11.149102821946144,True,
1233,onnx_model_011,measure,6.304628963564818,6.304964298848063,6.315811778884381,10.847480036318302,True,
1234,onnx_model_047,measure,6.307908477513723,6.308431579731405,6.319505549967289,11.07397023588419,True,
1235,onnx_model_045,measure,6.308490647119541,6.308833023067564,6.319671425968409,10.838402900844812,True,
1236,onnx_model_088,measure,6.30961966514179,6.310263602994382,6.321280032861978,11.016429867595434,True,
1237,onnx_model_084,measure,6.320845472454689,6.32137618586421,6.3324612667784095,11.085080914199352,True,
1238,onnx_model_075,measure,6.330070936359613,6.331837000790983,6.34298261674121,11.145615950226784,True,
1239,onnx_model_040,measure,6.330174547398194,6.33200100203976,6.343113345094025,11.112343054264784,True,
1240,onnx_model_048,measure,6.333612616170998,6.334707746747881,6.345953654032201,11.2459072843194,True,
1241,onnx_model_024,measure,6.33805424187515,6.339144360739738,6.350123791024089,10.97943028435111,True,
1242,onnx_model_014,measure,6.340473016615258,6.341573036741465,6.352475030813366,10.901994071900845,True,
1243,onnx_model_034,measure,6.3442645186157165,6.345340298954397,6.356488809920847,11.148510966449976,True,
1244,onnx_model_044,measure,6.344938042337288,6.345521823968738,6.356602406129241,11.080582160502672,True,
1245,onnx_model_097,measure,6.350259875445953,6.3513596300035715,6.362345081754029,10.985451750457287,True,
1246,onnx_model_067,measure,6.3520248272468365,6.352568167727441,6.3635642901062965,10.996122378855944,True,
1247,onnx_model_095,measure,6.35961181778363,6.359837675932795,6.370772201102227,10.934525169432163,True,
1248,onnx_model_047,measure,6.360311866018194,6.361270219087601,6.372324801981449,11.05458289384842,True,
1249,onnx_model_099,measure,6.363303926317629,6.363668899051845,6.374553578905761,10.884679853916168,True,
1250,onnx_model_079,measure,6.38174332849202,6.382788963150233,6.393819029908627,11.030066758394241,True,
1251,onnx_model_041,measure,6.3887559163573835,6.3892260091379285,6.400302663911134,11.076654773205519,True,
1252,onnx_model_072,measure,6.3941510234614185,6.395048798061907,6.4061876009218395,11.138802859932184,True,
1253,onnx_model_044,measure,6.394421938381742,6.3952093231491745,6.406414391938597,11.205068789422512,True,
1254,onnx_model_008,measure,6.394464092684823,6.39534991979599,6.406302679795772,10.952759999781847,True,
1255,onnx_model_028,measure,6.395008959003743,6.3958772318437696,6.4068267261609435,10.949494317173958,True,
1256,onnx_model_042,measure,6.39864940959452,6.399308494757861,6.410274249035865,10.96575427800417,True,
1257,onnx_model_038,measure,6.398816352034594,6.399465492926538,6.410458600148559,10.993107222020626,True,
1258,onnx_model_076,measure,6.4106642873911195,6.411718645133078,6.422640886157751,10.922241024672985,True,
1259,onnx_model_054,measure,6.416336258810772,6.417173803783953,6.428314581047744,11.140777263790369,True,
1260,onnx_model_072,measure,6.416667944191296,6.417329721152782,6.4284237190149724,11.093997862190008,True,
1261,onnx_model_029,measure,6.418352160056546,6.4188464637845755,6.429755509831011,10.909046046435833,True,
1262,onnx_model_061,measure,6.426163583195727,6.426875586155802,6.437895833980292,11.02024782449007,True,
1263,onnx_model_054,measure,6.439709413708299,6.440123708918691,6.451171999797225,11.048290878534317,True,
1264,onnx_model_037,measure,6.439809937028732,6.4402845851145685,6.451307508163154,11.022923048585653,True,
1265,onnx_model_074,measure,6.446410565702004,6.4467949899844825,6.4576876647770405,10.892674792557955,True,
1266,onnx_model_016,measure,6.452862990105582,6.4535250728949904,6.46449123788625,10.966164991259575,True,
1267,onnx_model_027,measure,6.460527446366977,6.460907496046275,6.4718667678534985,10.959271807223558,True,
1268,onnx_model_089,measure,6.465975112325136,6.466723260935396,6.477670710068196,10.947449132800102,True,
1269,onnx_model_060,measure,6.466986392599869,6.46815771702677,6.479139932896942,10.982215870171785,True,
1270,onnx_model_080,measure,6.468738985925361,6.4695814941078424,6.480578627903014,10.997133795171976,True,
1271,onnx_model_098,measure,6.471760081731762,6.472006913740188,6.482998297084123,10.991383343935013,True,
1272,onnx_model_085,measure,6.473168428673023,6.473436370957643,6.484362920746207,10.926549788564444,True,
1273,onnx_model_027,measure,6.480579770449317,6.480753489769995,6.491683195810765,10.929706040769815,True,
1274,onnx_model_032,measure,6.485684577882532,6.486597268842161,6.49777415394783,11.176885105669498,True,
1275,onnx_model_029,measure,6.48783590237733,6.489049199037254,6.49996268376708,10.91348472982645,True,
1276,onnx_model_086,measure,6.492224794378179,6.492920218035579,6.503844614140689,10.924396105110645,True,
1277,onnx_model_035,measure,6.49675898714426,6.497360859066248,6.508493329863995,11.132470797747374,True,
1278,onnx_model_037,measure,6.499480649044894,6.500057914759964,6.51101523404941,10.957319289445877,True,
1279,onnx_model_026,measure,6.501707720707964,6.502495478838682,6.513395858928561,10.900380089879036,True,
1280,onnx_model_060,measure,6.503397919874447,6.503940516151488,6.514910046942532,10.969530791044235,True,
1281,onnx_model_003,measure,6.503546777205963,6.5040994277223945,6.515141617041081,11.042189318686724,True,
1282,onnx_model_089,measure,6.5040139354628534,6.504669141024351,6.515506420750171,10.837279725819826,True,
1283,onnx_model_070,measure,6.506916397042935,6.508106644731015,6.519063411746174,10.95676701515913,True,
1284,onnx_model_022,measure,6.51870064897368,6.5191596248187125,6.530134066008031,10.974441189318895,True,
1285,onnx_model_083,measure,6.522519031904861,6.523627187125385,6.5347751579247415,11.147970799356699,True,
1286,onnx_model_067,measure,6.52314251588204,6.523796057794243,6.534887090791017,11.09103299677372,True,
1287,onnx_model_043,measure,6.528810832910882,6.529303357005119,6.540209208149463,10.905851144343615,True,
1288,onnx_model_027,measure,6.5329194058140185,6.533354717772454,6.544418518897146,11.063801124691963,True,
1289,onnx_model_017,measure,6.54217014422463,6.542426391970366,6.553324727807194,10.898335836827755,True,
1290,onnx_model_056,measure,6.5500981028884215,6.5506540620699525,6.561451134737581,10.797072667628527,True,
1291,onnx_model_025,measure,6.553405491504046,6.554551681037992,6.565225380007178,10.673698969185352,True,
1292,onnx_model_045,measure,6.556514772635352,6.556848636828363,6.567551380954683,10.702744126319885,True,
1293,onnx_model_031,measure,6.560378427887626,6.561130635906011,6.571860591880977,10.729955974966288,True,
1294,onnx_model_017,measure,6.569170391936538,6.569701198022813,6.5803868398070335,10.685641784220934,True,
1295,onnx_model_074,measure,6.574844090617461,6.575011841952801,6.585731720086187,10.719878133386374,True,
1296,onnx_model_077,measure,6.575078150786134,6.575227302033454,6.58598867803812,10.76137600466609,True,
1297,onnx_model_082,measure,6.576392733915589,6.577504611108452,6.588157691061497,10.653079953044653,True,
1298,onnx_model_032,measure,6.5887412179365645,6.589310021139681,6.5999757861718535,10.665765032172203,True,
1299,onnx_model_030,measure,6.595108538685731,6.595596560742706,6.606289717834443,10.693157091736794,True,
1300,onnx_model_017,measure,6.607347525587751,6.6084450939670205,6.6192339030094445,10.788809042423964,True,
1301,onnx_model_066,measure,6.612886863739366,6.613767170812935,6.6247061947360635,10.939023923128843,True,
1302,onnx_model_052,measure,6.615002402687976,6.61621787911281,6.627133619040251,10.915739927440882,True,
1303,onnx_model_048,measure,6.616897994656462,6.617785288952291,6.628900276962668,11.114988010376692,True,
1304,onnx_model_073,measure,6.618416856962441,6.619295991025865,6.63000993616879,10.713945142924786,True,
1305,onnx_model_024,measure,6.62197977960327,6.622678559739143,6.633653070777655,10.974511038511992,True,
1306,onnx_model_082,measure,6.624273777785053,6.624803919810802,6.635699440725148,10.89552091434598,True,
1307,onnx_model_042,measure,6.627439017201201,6.62835471983999,6.639260921161622,10.90620132163167,True,
1308,onnx_model_002,measure,6.6298683593100005,6.630066663958132,6.640829141717404,10.76247775927186,True,
1309,onnx_model_014,measure,6.630190433679246,6.630288565997034,6.6409700200892985,10.681454092264175,True,
1310,onnx_model_075,measure,6.632313046674407,6.632647749967873,6.643497083801776,10.849333833903074,True,
1311,onnx_model_015,measure,6.634053038274097,6.6348168440163136,6.6456226338632405,10.805789846926928,True,
1312,onnx_model_021,measure,6.63981719609904,6.640498112887144,6.651533268857747,11.035155970603228,True,
1313,onnx_model_029,measure,6.6414503658113855,6.642118914052844,6.652808392886072,10.68947883322835,True,
1314,onnx_model_011,measure,6.642287377166823,6.643659112043679,6.6546445628628135,10.985450819134712,True,
1315,onnx_model_010,measure,6.642693229555606,6.643782887142152,6.654784849844873,11.001962702721357,True,
1316,onnx_model_052,measure,6.644151690977882,6.645118506159633,6.655841649044305,10.723142884671688,True,
1317,onnx_model_004,measure,6.645890842877188,6.6467943508178,6.657483819872141,10.689469054341316,True,
1318,onnx_model_033,measure,6.652969640344418,6.654038500972092,6.665091991890222,11.053490918129683,True,
1319,onnx_model_051,measure,6.653121115175068,6.654210438020527,6.665202612988651,10.992174968123436,True,
1320,onnx_model_008,measure,6.6548517711349335,6.655937430914491,6.666889179032296,10.951748117804527,True,
1321,onnx_model_047,measure,6.655629374300025,6.65611422713846,6.6673340438865125,11.219816748052835,True,
1322,onnx_model_072,measure,6.663946943293377,6.664723220746964,6.675491861067712,10.76864032074809,True,
1323,onnx_model_015,measure,6.6665028467476635,6.666984038893133,6.677874470129609,10.890431236475706,True,
1324,onnx_model_030,measure,6.678201639583056,6.679094508755952,6.6899445238523185,10.850015096366405,True,
1325,onnx_model_060,measure,6.683616711112382,6.684551753103733,6.695821624714881,11.269871611148119,True,
1326,onnx_model_020,measure,6.68387008227059,6.6847361931577325,6.695691627915949,10.955434758216143,True,
1327,onnx_model_024,measure,6.687844167545317,6.688248870894313,6.69904308905825,10.79421816393733,True,
1328,onnx_model_089,measure,6.691830339692299,6.692170956172049,6.703031280077994,10.860323905944824,True,
1329,onnx_model_016,measure,6.699609565965622,6.700264960993081,6.7111751800403,10.910219047218561,True,
1330,onnx_model_063,measure,6.705168277188149,6.706256610807031,6.717202957719564,10.946346912533045,True,
1331,onnx_model_089,measure,6.706987881799417,6.707714180927724,6.718661581166089,10.947400238364935,True,
1332,onnx_model_077,measure,6.709697822042595,6.7101590391248465,6.721078354865313,10.919315740466118,True,
1333,onnx_model_047,measure,6.713417220596947,6.714399368967861,6.725304627791047,10.90525882318616,True,
1334,onnx_model_069,measure,6.715594805499543,6.715890322811902,6.726782166864723,10.891844052821398,True,
1335,onnx_model_063,measure,6.727846278196239,6.729006644804031,6.739927724935114,10.921080131083727,True,
1336,onnx_model_045,measure,6.73220515066206,6.732464748900384,6.743384425994009,10.919677093625069,True,
1337,onnx_model_013,measure,6.7443094717204035,6.744621236808598,6.75553974090144,10.91850409284234,True,
1338,onnx_model_090,measure,6.748111872958847,6.749068018980324,6.761635718867183,12.567699886858463,True,
1339,onnx_model_015,measure,6.772412941666543,6.772860374767333,6.783894910942763,11.034536175429821,True,
1340,onnx_model_008,measure,6.782893607085767,6.783376955892891,6.79448457993567,11.107624042779207,True,
1341,onnx_model_087,measure,6.785198337347955,6.786199992056936,6.797276407014579,11.076414957642555,True,
1342,onnx_model_017,measure,6.790226067565805,6.790705456864089,6.801824782975018,11.11932611092925,True,
1343,onnx_model_036,measure,6.79648518379444,6.796736279968172,6.807837883010507,11.101603042334318,True,
1344,onnx_model_071,measure,6.798776958034913,6.79950962215662,6.810731332749128,11.221710592508316,True,
1345,onnx_model_040,measure,6.799304027964739,6.799708269070834,6.810774966143072,11.06669707223773,True,
1346,onnx_model_017,measure,6.8013647388418095,6.801925393752754,6.81294048205018,11.0150882974267,True,
1347,onnx_model_061,measure,6.802516443331889,6.803376100957394,6.814495537895709,11.11943693831563,True,
1348,onnx_model_065,measure,6.8119990502294625,6.813039409928024,6.824030031915754,10.990621987730265,True,
1349,onnx_model_058,measure,6.814464647461548,6.8146616839803755,6.8257209761068225,11.059292126446962,True,
1350,onnx_model_005,measure,6.8179813123760304,6.819114707875997,6.830063019879162,10.948312003165483,True,
1351,onnx_model_026,measure,6.821258369872237,6.821561358869076,6.832581086084247,11.01972721517086,True,
1352,onnx_model_067,measure,6.838163401541626,6.838838240131736,6.849892904050648,11.05466391891241,True,
1353,onnx_model_016,measure,6.842278056430688,6.843287508003414,6.854420069139451,11.132561136037111,True,
1354,onnx_model_021,measure,6.8451521457446045,6.84573941770941,6.856818086933345,11.078669223934412,True,
1355,onnx_model_017,measure,6.854064718795721,6.854518455918878,6.86573532782495,11.216871906071901,True,
1356,onnx_model_071,measure,6.855921823849686,6.856914249714464,6.86798129696399,11.067047249525785,True,
1357,onnx_model_097,measure,6.856853488512456,6.857385145034641,6.86838055588305,10.995410848408937,True,
1358,onnx_model_075,measure,6.86085052911209,6.861855452880263,6.87282576598227,10.970313102006912,True,
1359,onnx_model_070,measure,6.864868308557385,6.86530143301934,6.8762940489687026,10.992615949362516,True,
1360,onnx_model_078,measure,6.865379820064134,6.865832512732595,6.876774631906301,10.942119173705578,True,
1361,onnx_model_094,measure,6.865993197689067,6.866196114104241,6.877049163915217,10.85304981097579,True,
1362,onnx_model_000,measure,6.870687474493426,6.871622347738594,6.882588112726808,10.965764988213778,True,
1363,onnx_model_036,measure,6.877564787247269,6.878268341068178,6.889207414817065,10.939073748886585,True,
1364,onnx_model_076,measure,6.88270579956474,6.883853898849338,6.8947884240187705,10.934525169432163,True,
1365,onnx_model_086,measure,6.887279812050194,6.888303876854479,6.899270974099636,10.967097245156765,True,
1366,onnx_model_058,measure,6.894247877724857,6.894884726963937,6.905878704972565,10.993978008627892,True,
1367,onnx_model_026,measure,6.897027971500765,6.897338251117617,6.908294016029686,10.955764912068844,True,
1368,onnx_model_001,measure,6.898622229556489,6.899368559941649,6.910256005823612,10.887445881962776,True,
1369,onnx_model_037,measure,6.903142276142468,6.903817567043006,6.9149383758194745,11.120808776468039,True,
1370,onnx_model_022,measure,6.903347814215862,6.903985084965825,6.915085144806653,11.10005984082818,True,
1371,onnx_model_044,measure,6.918887081691731,6.9193078419193625,6.930501129012555,11.193287093192339,True,
1372,onnx_model_039,measure,6.92029807807111,6.9207583190873265,6.931844892911613,11.08657382428646,True,
1373,onnx_model_002,measure,6.921634813700918,6.922215067781508,6.933153419755399,10.938351973891258,True,
1374,onnx_model_042,measure,6.92745238270848,6.928688764106482,6.939644840080291,10.956075973808765,True,
1375,onnx_model_085,measure,6.92988498062174,6.930124282836914,6.94111940311268,10.995120275765657,True,
1376,onnx_model_020,measure,6.93693352290821,6.937377138994634,6.948330961167812,10.953822173178196,True,
1377,onnx_model_004,measure,6.96400098011938,6.964583534747362,6.975564518012106,10.980983264744282,True,
1378,onnx_model_026,measure,6.968806262461042,6.969058812130243,6.980116760823876,11.05794869363308,True,
1379,onnx_model_030,measure,6.97210162753194,6.972502517979592,6.9834960349835455,10.993517003953457,True,
1380,onnx_model_023,measure,6.977385890805346,6.977790859993547,6.988753357902169,10.962497908622026,True,
1381,onnx_model_040,measure,6.978766308966216,6.979239693842828,6.990209866780788,10.970172937959433,True,
1382,onnx_model_005,measure,6.980196620054349,6.981335428077728,6.9921958721242845,10.86044404655695,True,
1383,onnx_model_026,measure,6.985224182451398,6.9857337777502835,6.996746391989291,11.012614239007235,True,
1384,onnx_model_029,measure,6.994314686261682,6.995418376754969,7.006368081085384,10.949704330414534,True,
1385,onnx_model_040,measure,6.997912993664204,6.998983304016292,7.010121064726263,11.13776070997119,True,
1386,onnx_model_094,measure,6.99855945621027,6.999146514106542,7.010288933757693,11.142419651150703,True,
1387,onnx_model_033,measure,7.003027234461466,7.0036895498633385,7.014763158746064,11.073608882725239,True,
1388,onnx_model_047,measure,7.003250509332457,7.003856827970594,7.015270202886313,11.413374915719032,True,
1389,onnx_model_001,measure,7.008967775496007,7.009594083763659,7.020905825775117,11.311742011457682,True,
1390,onnx_model_071,measure,7.0145819441710415,7.014859121758491,7.025955062825233,11.095941066741943,True,
1391,onnx_model_046,measure,7.020081973493739,7.020502017810941,7.031572490930557,11.070473119616508,True,
1392,onnx_model_000,measure,7.021552050261124,7.022138057742268,7.033250981941819,11.112924199551344,True,
1393,onnx_model_028,measure,7.026531026633198,7.0271807527169585,7.038108314853162,10.92756213620305,True,
1394,onnx_model_092,measure,7.029287544114044,7.029662490822375,7.040662950836122,11.000460013747215,True,
1395,onnx_model_075,measure,7.032386162687685,7.03275799471885,7.043749989010394,10.99199429154396,True,
1396,onnx_model_034,measure,7.041302728331057,7.041888640727848,7.053082598838955,11.19395811110735,True,
1397,onnx_model_029,measure,7.041475947799491,7.042057431768626,7.0532189179211855,11.161486152559519,True,
1398,onnx_model_030,measure,7.041861779218014,7.042551130056381,7.0535032991319895,10.952169075608253,True,
1399,onnx_model_033,measure,7.051189036972592,7.051975144073367,7.0628751241602,10.899980086833239,True,
1400,onnx_model_056,measure,7.053798280048952,7.054732235148549,7.0657318639568985,10.999628808349371,True,
1401,onnx_model_042,measure,7.055350463257617,7.056178444065154,7.067073423881084,10.894979815930128,True,
1402,onnx_model_073,measure,7.06930033301182,7.070335834752768,7.081399315036833,11.063480284065008,True,
1403,onnx_model_060,measure,7.072926600220007,7.073836288880557,7.085034686140716,11.198397260159254,True,
1404,onnx_model_020,measure,7.0750623138748825,7.076281717047095,7.087246399838477,10.964682791382074,True,
1405,onnx_model_067,measure,7.083891262164752,7.0846426198259,7.095523322932422,10.88070310652256,True,
1406,onnx_model_008,measure,7.085261699196881,7.086257239803672,7.097204469144344,10.947229340672493,True,
1407,onnx_model_059,measure,7.092473450229538,7.093408313114196,7.1041342709213495,10.725957807153463,True,
1408,onnx_model_000,measure,7.093561805863602,7.094694918952882,7.105557506904006,10.862587951123714,True,
1409,onnx_model_026,measure,7.095842426563945,7.096696523018181,7.10762897413224,10.932451114058495,True,
1410,onnx_model_057,measure,7.096252836857792,7.096793396864086,7.108170453924686,11.377057060599327,True,
1411,onnx_model_063,measure,7.096558360789172,7.096881825942546,7.10814110795036,11.259282007813454,True,
1412,onnx_model_075,measure,7.1043492064337705,7.10528688179329,7.115986932069063,10.70005027577281,True,
1413,onnx_model_050,measure,7.106116756647206,7.106696452014148,7.117494917940348,10.798465926200151,True,
1414,onnx_model_016,measure,7.107282397253918,7.107686984818429,7.118330506142229,10.643521323800087,True,
1415,onnx_model_020,measure,7.107566852496328,7.107933051884174,7.1187418778426945,10.808825958520174,True,
1416,onnx_model_056,measure,7.128528352071324,7.12889754306525,7.139867344871163,10.969801805913448,True,
1417,onnx_model_086,measure,7.128635067087449,7.128995117731392,7.139773185830563,10.778068099170923,True,
1418,onnx_model_047,measure,7.135977004727954,7.13632236700505,7.147077620960772,10.755253955721855,True,
1419,onnx_model_041,measure,7.154541924816332,7.155375172849745,7.16665107710287,11.27590425312519,True,
1420,onnx_model_069,measure,7.154711475117044,7.15556351095438,7.166787126101553,11.223615147173405,True,
1421,onnx_model_074,measure,7.156857579128915,7.157109761144966,7.1679746229201555,10.864861775189638,True,
1422,onnx_model_028,measure,7.159712210185312,7.160491539165378,7.171568694990128,11.077155824750662,True,
1423,onnx_model_094,measure,7.1716050652910965,7.172770478762686,7.183859477750957,11.08899898827076,True,
1424,onnx_model_037,measure,7.1721143263314415,7.172945592086762,7.183993903920054,11.048311833292246,True,
1425,onnx_model_013,measure,7.17674122966418,7.177481143735349,7.18841141089797,10.930267162621021,True,
1426,onnx_model_052,measure,7.177583654377773,7.17789214476943,7.188953271135688,11.061126366257668,True,
1427,onnx_model_080,measure,7.178251397518416,7.179315140005201,7.190322963986546,11.0078239813447,True,
1428,onnx_model_080,measure,7.185925813772468,7.186216398142278,7.190459853969514,4.2434558272361755,True,
1429,onnx_model_080,measure,7.188320373349556,7.188551987987012,7.190495252143592,1.9432641565799713,True,
1430,onnx_model_086,measure,7.1922015205339545,7.192731793038547,7.203878040891141,11.14624785259366,True,
1431,onnx_model_045,measure,7.197883134843616,7.198175610974431,7.2090235920622945,10.847981087863445,True,
1432,onnx_model_086,measure,7.199052232305253,7.199618022888899,7.203973432071507,4.355409182608128,True,
1433,onnx_model_097,measure,7.202700374553751,7.203049284871668,7.214035487733781,10.986202862113714,True,
1434,onnx_model_058,measure,7.2099080360111945,7.210254200734198,7.221787693910301,11.533493176102638,True,
1435,onnx_model_080,measure,7.21414649884844,7.215261548757553,7.226243304088712,10.981755331158638,True,
1436,onnx_model_034,measure,7.216254570384712,7.216739939060062,7.227747161872685,11.007222812622786,True,
1437,onnx_model_043,measure,7.220798890955725,7.221198163926601,7.232247797772288,11.049633845686913,True,
1438,onnx_model_084,measure,7.22096240116009,7.221358828712255,7.232377724722028,11.018896009773016,True,
1439,onnx_model_099,measure,7.24611798217097,7.2465966627933085,7.257491401862353,10.89473906904459,True,
1440,onnx_model_014,measure,7.248747892508058,7.249051739927381,7.260064502712339,11.012762784957886,True,
1441,onnx_model_081,measure,7.2505659663604884,7.251488151028752,7.262547112070024,11.058961041271687,True,
1442,onnx_model_029,measure,7.250910012076113,7.2516692550852895,7.262679534032941,11.010278947651386,True,
1443,onnx_model_060,measure,7.255061971714587,7.256171924062073,7.267105947714299,10.934023652225733,True,
1444,onnx_model_058,measure,7.257948124483812,7.25875307014212,7.2698166207410395,11.063550598919392,True,
1445,onnx_model_018,measure,7.260350001143744,7.261280144099146,7.272407294716686,11.127150617539883,True,
1446,onnx_model_007,measure,7.270896822975375,7.2720352578908205,7.283039745874703,11.004487983882427,True,
1447,onnx_model_079,measure,7.278225755327173,7.278652175795287,7.289743239060044,11.091063264757395,True,
1448,onnx_model_004,measure,7.278479888425366,7.278812410775572,7.289806237909943,10.993827134370804,True,
1449,onnx_model_030,measure,7.28815159419811,7.289257145021111,7.30026477901265,11.007633991539478,True,
1450,onnx_model_000,measure,7.291147275659771,7.292023723013699,7.302888967096806,10.865244083106518,True,
1451,onnx_model_098,measure,7.293796668814971,7.29448124486953,7.305802294053137,11.321049183607101,True,
1452,onnx_model_042,measure,7.294274296044016,7.2946693929843605,7.305671896785498,11.002503801137209,True,
1453,onnx_model_084,measure,7.294562200975528,7.295098036993295,7.306003537029028,10.905500035732985,True,
1454,onnx_model_072,measure,7.295121922903026,7.295432081911713,7.306403015740216,10.970933828502893,True,
1455,onnx_model_047,measure,7.303077412154243,7.304126097820699,7.315271142870188,11.145045049488544,True,
1456,onnx_model_021,measure,7.303828936924029,7.3042833767831326,7.315379989799112,11.096613015979528,True,
1457,onnx_model_099,measure,7.30432512204735,7.304724224843085,7.315484278835356,10.760053992271423,True,
1458,onnx_model_040,measure,7.317872073252635,7.318742631934583,7.329709459096193,10.966827161610126,True,
1459,onnx_model_089,measure,7.33343368999007,7.3339381269179285,7.345019260887057,11.081133969128132,True,
1460,onnx_model_044,measure,7.333647894487565,7.334097900893539,7.345158345066011,11.060444172471762,True,
1461,onnx_model_037,measure,7.339305927403709,7.3396021029911935,7.350643461104482,11.04135811328888,True,
1462,onnx_model_093,measure,7.345263750731537,7.345439499709755,7.356396187096834,10.956687387079,True,
1463,onnx_model_057,measure,7.346768028559049,7.347927098162472,7.359195758122951,11.268659960478544,True,
1464,onnx_model_091,measure,7.347400471455819,7.348100346978754,7.359064158052206,10.963811073452234,True,
1465,onnx_model_090,measure,7.364312183476945,7.3654207908548415,7.376894149929285,11.473359074443579,True,
1466,onnx_model_031,measure,7.3645788108587755,7.365596444811672,7.376786254812032,11.189810000360012,True,
1467,onnx_model_014,measure,7.370308385097498,7.371249040123075,7.382343769073486,11.094728950411081,True,
1468,onnx_model_002,measure,7.375406479028456,7.375695331953466,7.386815018951893,11.119686998426914,True,
1469,onnx_model_043,measure,7.377967528264112,7.379114591050893,7.390138035174459,11.02344412356615,True,
1470,onnx_model_096,measure,7.3809264462349855,7.381550821941346,7.392463775817305,10.91295387595892,True,
1471,onnx_model_065,measure,7.38420042508372,7.38457197509706,7.39573115715757,11.15918206050992,True,
1472,onnx_model_012,measure,7.384432182210624,7.384751916863024,7.395848921034485,11.097004171460867,True,
1473,onnx_model_059,measure,7.386073272378867,7.386910990811884,7.397883758880198,10.972768068313599,True,
1474,onnx_model_021,measure,7.389281855800701,7.390234819147736,7.401207927148789,10.973108001053333,True,
1475,onnx_model_086,measure,7.40101117436252,7.401319428812712,7.412445638794452,11.126209981739521,True,
1476,onnx_model_032,measure,7.405077763497137,7.4057644391432405,7.416809253860265,11.044814717024565,True,
1477,onnx_model_072,measure,7.4058488461574346,7.406110316049308,7.417084606830031,10.974290780723095,True,
1478,onnx_model_005,measure,7.411349309508797,7.412541059777141,7.423436541110277,10.895481333136559,True,
1479,onnx_model_023,measure,7.415530244558683,7.416021235752851,7.4268982307985425,10.876995045691729,True,
1480,onnx_model_099,measure,7.419163138044376,7.420307452790439,7.431282083969563,10.974631179124117,True,
1481,onnx_model_032,measure,7.440468299479071,7.441497502848506,7.452500578016043,11.003075167536736,True,
1482,onnx_model_093,measure,7.4416449793094275,7.441870701964945,7.452790018171072,10.919316206127405,True,
1483,onnx_model_073,measure,7.453731101784002,7.454002602957189,7.46499878494069,10.996181983500719,True,
1484,onnx_model_035,measure,7.454422355781297,7.455433132126927,7.466454552020878,11.021419893950224,True,
1485,onnx_model_017,measure,7.455970213407713,7.456896994728595,7.4677267307415605,10.82973601296544,True,
1486,onnx_model_024,measure,7.4593572339915895,7.460293611045927,7.471252752933651,10.9591418877244,True,
1487,onnx_model_040,measure,7.474806897777346,7.475490088108927,7.486572663765401,11.082575656473637,True,
1488,onnx_model_040,measure,7.479388777786459,7.479942029807717,7.486697371117771,6.755341310054064,True,
1489,onnx_model_094,measure,7.4822017524485664,7.483369895722717,7.494324418716133,10.954522993415594,True,
1490,onnx_model_043,measure,7.484534365380779,7.4847583547234535,7.495791928842664,11.033574119210243,True,
1491,onnx_model_070,measure,7.484781874630185,7.48512591375038,7.496260690037161,11.134776286780834,True,
1492,onnx_model_009,measure,7.487487574278676,7.487911539152265,7.498819624073803,10.90808492153883,True,
1493,onnx_model_027,measure,7.490777469428069,7.491343833040446,7.502396512776613,11.052679736167192,True,
1494,onnx_model_097,measure,7.495609441939561,7.4958850857801735,7.506869264878333,10.984179098159075,True,
1495,onnx_model_009,measure,7.5021508233222916,7.502488809172064,7.513548851944506,11.060042772442102,True,
1496,onnx_model_094,measure,7.504308392779327,7.504934648051858,7.515917303971946,10.982655920088291,True,
1497,onnx_model_064,measure,7.507755411601735,7.508086288813502,7.518992369994521,10.906081181019545,True,
1498,onnx_model_003,measure,7.508732406029847,7.509513360913843,7.520535051822662,11.021690908819437,True,
1499,onnx_model_064,measure,7.518677487683922,7.519085906911641,7.530057242140174,10.971335228532553,True,
1500,onnx_model_059,measure,7.523797896049293,7.5247617261484265,7.535864059813321,11.102333664894104,True,
1501,onnx_model_002,measure,7.5307295414337165,7.531294604763389,7.542247744742781,10.95313997939229,True,
1502,onnx_model_033,measure,7.53443408091394,7.534748058766127,7.54585758689791,11.109528131783009,True,
1503,onnx_model_023,measure,7.5404103194759795,7.541081117000431,7.55197701882571,10.895901825278997,True,
1504,onnx_model_025,measure,7.542782257291891,7.543460168875754,7.554482991807163,11.022822931408882,True,
1505,onnx_model_036,measure,7.544212908864432,7.544902099762112,7.55586158297956,10.959483217447996,True,
1506,onnx_model_089,measure,7.5585036470836195,7.5590776558965445,7.5698331207968295,10.755464900285006,True,
1507,onnx_model_048,measure,7.568195358170424,7.569449240807444,7.580094757024199,10.645516216754913,True,
1508,onnx_model_085,measure,7.570302941096251,7.570996703114361,7.581596271134913,10.599568020552397,True,
1509,onnx_model_055,measure,7.579788231288224,7.580160361714661,7.59078840399161,10.62804227694869,True,
1510,onnx_model_082,measure,7.581271962556053,7.581411479972303,7.591984968166798,10.57348819449544,True,
1511,onnx_model_031,measure,7.588675425633466,7.589783464092761,7.6004439778625965,10.660513769835234,True,
1512,onnx_model_022,measure,7.5981889003164165,7.599139547906816,7.6100156819447875,10.876134037971497,True,
1513,onnx_model_077,measure,7.601432219170463,7.601617457810789,7.612374615855515,10.757158044725657,True,
1514,onnx_model_024,measure,7.604109894144674,7.604909847024828,7.615657325834036,10.747478809207678,True,
1515,onnx_model_053,measure,7.6141855334986195,7.614538619760424,7.6253830241039395,10.844404343515635,True,
1516,onnx_model_074,measure,7.619618185117287,7.619831731077284,7.63062757300213,10.795841924846172,True,
1517,onnx_model_028,measure,7.619926014306096,7.620050897821784,7.630770483985543,10.719586163759232,True,
1518,onnx_model_094,measure,7.62313853453128,7.623356761876494,7.634140300098807,10.783538222312927,True,
1519,onnx_model_033,measure,7.625828936985561,7.626579727977514,7.637507299892604,10.927571915090084,True,
1520,onnx_model_077,measure,7.627826963054345,7.62891927594319,7.639685851056129,10.766575112938881,True,
1521,onnx_model_018,measure,7.62893654143714,7.6291296649724245,7.639824404846877,10.694739874452353,True,
1522,onnx_model_014,measure,7.6336691144861675,7.63392180390656,7.644705251790583,10.78344788402319,True,
1523,onnx_model_088,measure,7.636825165744551,7.637299875728786,7.648032085970044,10.732210241258144,True,
1524,onnx_model_025,measure,7.643427568958547,7.6439773589372635,7.654765855986625,10.788497049361467,True,
1525,onnx_model_062,measure,7.644772433747535,7.645856780931354,7.656557481735945,10.700700804591179,True,
1526,onnx_model_007,measure,7.647516222456315,7.648094915784895,7.658762402832508,10.667487047612667,True,
1527,onnx_model_099,measure,7.653739372107443,7.654389790724963,7.665264662820846,10.874872095882893,True,
1528,onnx_model_025,measure,7.656208026745136,7.656623397022486,7.667304419912398,10.681022889912128,True,
1529,onnx_model_090,measure,7.666924411929697,7.6673608077690005,7.678085493855178,10.724686086177826,True,
1530,onnx_model_065,measure,7.6678619954595515,7.668652323074639,7.679460817947984,10.808494873344898,True,
1531,onnx_model_080,measure,7.6698530434850225,7.670939068775624,7.681685226038098,10.746157262474298,True,
1532,onnx_model_089,measure,7.6781821173108655,7.679249015171081,7.6900251689367,10.776153765618801,True,
1533,onnx_model_089,measure,7.680323912674461,7.680632594972849,7.690103056840599,9.470461867749691,True,
1534,onnx_model_052,measure,7.683911370858627,7.6848394917324185,7.695753077045083,10.913585312664509,True,
1535,onnx_model_032,measure,7.685909815086681,7.686121900100261,7.696967605967075,10.84570586681366,True,
1536,onnx_model_044,measure,7.686875152133617,7.687479731161147,7.6982741598039865,10.794428642839193,True,
1537,onnx_model_060,measure,7.6965198971932525,7.697063548024744,7.70794484205544,10.881294030696154,True,
1538,onnx_model_047,measure,7.698397955859235,7.6994928061030805,7.710360885132104,10.868079029023647,True,
1539,onnx_model_015,measure,7.703692250788293,7.703881247900426,7.714967500884086,11.086252983659506,True,
1540,onnx_model_043,measure,7.713764477015672,7.714580495841801,7.725726572796702,11.146076954901218,True,
1541,onnx_model_068,measure,7.71557027959618,7.716187800746411,7.727273522876203,11.085722129791975,True,
1542,onnx_model_026,measure,7.721506911804991,7.722637390717864,7.733506661839783,10.869271121919155,True,
1543,onnx_model_068,measure,7.723778199139581,7.724072407931089,7.727314181160182,3.2417732290923595,True,
1544,onnx_model_041,measure,7.729359524447536,7.7305349027737975,7.7415532767772675,11.018374003469944,True,
1545,onnx_model_083,measure,7.730776344144502,7.731989216990769,7.742818362079561,10.829145088791847,True,
1546,onnx_model_014,measure,7.73693971639426,7.73773775389418,7.7486846428364515,10.946888942271471,True,
1547,onnx_model_044,measure,7.740462348784631,7.741178154014051,7.752188853919506,11.010699905455112,True,
1548,onnx_model_008,measure,7.762571294228388,7.763425813987851,7.77445233380422,11.026519816368818,True,
1549,onnx_model_055,measure,7.764347068804742,7.764890889171511,7.775837366003543,10.946476832032204,True,
1550,onnx_model_029,measure,7.770585637299551,7.77132608089596,7.782293458934873,10.967378038913012,True,
1551,onnx_model_073,measure,7.771180255708096,7.771488799713552,7.78257659683004,11.087797116488218,True,
1552,onnx_model_059,measure,7.7760005213399,7.777078045066446,7.78817167179659,11.093626730144024,True,
1553,onnx_model_087,measure,7.781435985184409,7.782351178117096,7.793305771891028,10.954593773931265,True,
1554,onnx_model_075,measure,7.786598900544968,7.787789886817336,7.798772443085909,10.982556268572807,True,
1555,onnx_model_035,measure,7.789503971995539,7.790392723865807,7.80132184876129,10.929124895483255,True,
1556,onnx_model_001,measure,7.796217013463457,7.7965248809196055,7.807525911834091,11.001030914485455,True,
1557,onnx_model_005,measure,7.805167749625272,7.805559183936566,7.816653442103416,11.094258166849613,True,
1558,onnx_model_095,measure,7.809783052054874,7.810789365787059,7.821776911150664,10.987545363605022,True,
1559,onnx_model_091,measure,7.8158235288914835,7.8162407777272165,7.8271672781556845,10.926500428467989,True,
1560,onnx_model_056,measure,7.81964846123636,7.819889492820948,7.831163353752345,11.273860931396484,True,
1561,onnx_model_056,measure,7.819769227582555,7.820055097807199,7.831276558805257,11.221460998058319,True,
1562,onnx_model_087,measure,7.822256977701643,7.823016196954995,7.834135313052684,11.119116097688675,True,
1563,onnx_model_092,measure,7.82325545869815,7.824457737151533,7.835493043996394,11.035306844860315,True,
1564,onnx_model_001,measure,7.825282554025841,7.825905027799308,7.836931718047708,11.026690248399973,True,
1565,onnx_model_057,measure,7.829899050721761,7.830390585120767,7.841278480831534,10.887895710766315,True,
1566,onnx_model_023,measure,7.8333901334186375,7.834229751955718,7.845196969807148,10.967217851430178,True,
1567,onnx_model_003,measure,7.835432027570374,7.83565457072109,7.846662044990808,11.007474269717932,True,
1568,onnx_model_052,measure,7.83788218773994,7.838153911754489,7.849091683048755,10.937771294265985,True,
1569,onnx_model_065,measure,7.838504574482889,7.839594359975308,7.8504579099826515,10.863550007343292,True,
1570,onnx_model_066,measure,7.855938686921127,7.856690276879817,7.867502518929541,10.812242049723864,True,
1571,onnx_model_025,measure,7.875361817722367,7.87573913577944,7.886771035846323,11.031900066882372,True,
1572,onnx_model_073,measure,7.882082081561668,7.883181342855096,7.894893765915185,11.71242306008935,True,
1573,onnx_model_024,measure,7.882809157671404,7.883341527078301,7.894332739990205,10.991212911903858,True,
1574,onnx_model_073,measure,7.889090808317195,7.8900202927179635,7.894939372781664,4.919080063700676,True,
1575,onnx_model_035,measure,7.89327606154376,7.894449281040579,7.905573056079447,11.123775038868189,True,
1576,onnx_model_011,measure,7.899835522439058,7.90019478276372,7.911167720798403,10.972938034683466,True,
1577,onnx_model_055,measure,7.907354869218283,7.907798286061734,7.919020507950336,11.22222188860178,True,
1578,onnx_model_025,measure,7.9075936439364485,7.907958129886538,7.919496682938188,11.538553051650524,True,
1579,onnx_model_002,measure,7.913082182194497,7.913388100918382,7.924436102155596,11.048001237213612,True,
1580,onnx_model_046,measure,7.917503041280881,7.917841295711696,7.928830535151064,10.989239439368248,True,
1581,onnx_model_081,measure,7.9187073925973435,7.919132941868156,7.929982314817607,10.849372949451208,True,
1582,onnx_model_083,measure,7.919790194756714,7.920725227799267,7.931643962860107,10.918735060840845,True,
1583,onnx_model_048,measure,7.922413418366147,7.923158985096961,7.9340777499601245,10.918764863163233,True,
1584,onnx_model_010,measure,7.931206490307886,7.931738422717899,7.942764070816338,11.025648098438978,True,
1585,onnx_model_091,measure,7.933287599155571,7.934176216833293,7.945063562132418,10.887345299124718,True,
1586,onnx_model_077,measure,7.93442066021528,7.935626643709838,7.946658663917333,11.032020207494497,True,
1587,onnx_model_045,measure,7.934624126423764,7.935793480835855,7.946798480115831,11.004999279975891,True,
1588,onnx_model_095,measure,7.938633037444515,7.9392969608306885,7.950388052966446,11.091092135757208,True,
1589,onnx_model_026,measure,7.940745253624915,7.9417446427978575,7.952871163841337,11.126521043479443,True,
1590,onnx_model_048,measure,7.94095839369365,7.941934835165739,7.9529300248250365,10.995189659297466,True,
1591,onnx_model_050,measure,7.947894493461433,7.9490524851717055,7.960013350006193,10.960864834487438,True,
1592,onnx_model_026,measure,7.969693496151416,7.9702401999384165,7.9812027481384575,10.962548200041056,True,
1593,onnx_model_023,measure,7.974771189369963,7.97570189088583,7.986590949818492,10.88905893266201,True,
1594,onnx_model_018,measure,7.987965497326068,7.988833372946829,7.999978237785399,11.144864838570356,True,
1595,onnx_model_032,measure,7.988511938717983,7.989000250119716,8.000090730842203,11.090480722486973,True,
1596,onnx_model_011,measure,7.9896470623630265,7.990511523094028,8.001411541830748,10.900018736720085,True,
1597,onnx_model_008,measure,7.991224481084438,7.991970826871693,8.002998137846589,11.027310974895954,True,
1598,onnx_model_036,measure,8.01041819399806,8.011220688000321,8.022316168993711,11.095480993390083,True,
1599,onnx_model_058,measure,8.020967657368463,8.021714674774557,8.03282516496256,11.110490188002586,True,
1600,onnx_model_041,measure,8.023527239319009,8.024561065714806,8.035573138855398,11.012073140591383,True,
1601,onnx_model_033,measure,8.027501117365272,8.028030721005052,8.039023477118462,10.992756113409996,True,
1602,onnx_model_074,measure,8.036085734127301,8.036763722077012,8.047827172093093,11.063450016081333,True,
1603,onnx_model_076,measure,8.0514516186897,8.052051561884582,8.06315806414932,11.106502264738083,True,
1604,onnx_model_081,measure,8.053199400626601,8.053489424753934,8.064501096960157,11.011672206223011,True,
1605,onnx_model_029,measure,8.055300275585443,8.055936676915735,8.066856783814728,10.920106898993254,True,
1606,onnx_model_087,measure,8.061722522453742,8.062375655863434,8.073430200107396,11.054544243961573,True,
1607,onnx_model_001,measure,8.064965925908147,8.065733288880438,8.076914502773434,11.181213892996311,True,
1608,onnx_model_001,measure,8.071824173860326,8.07208736706525,8.07697208179161,4.884714726358652,True,
1609,onnx_model_018,measure,8.079409821086971,8.08020427590236,8.091225386131555,11.021110229194164,True,
1610,onnx_model_002,measure,8.084511086140221,8.085671599023044,8.096762790810317,11.091191787272692,True,
1611,onnx_model_099,measure,8.0856854674434,8.08602927904576,8.096975265070796,10.945986025035381,True,
1612,onnx_model_031,measure,8.08801352621486,8.088468194939196,8.099588443059474,11.12024812027812,True,
1613,onnx_model_097,measure,8.093723595476026,8.094451127108186,8.105540296062827,11.089168954640627,True,
1614,onnx_model_053,measure,8.095045482209855,8.095918897073716,8.107012514956295,11.093617882579565,True,
1615,onnx_model_094,measure,8.098587231246544,8.099196127150208,8.110227114986628,11.030987836420536,True,
1616,onnx_model_071,measure,8.10660540730941,8.107109428849071,8.118113777134567,11.004348285496235,True,
1617,onnx_model_022,measure,8.114560737020291,8.115452427882701,8.12652146909386,11.069041211158037,True,
1618,onnx_model_046,measure,8.118277961959173,8.119371988810599,8.130710791796446,11.338802985846996,True,
1619,onnx_model_001,measure,8.118961427271106,8.119555607903749,8.130861008074135,11.305400170385838,True,
1620,onnx_model_015,measure,8.121592128650583,8.122090425807983,8.133146652020514,11.056226212531328,True,
1621,onnx_model_090,measure,8.126222274613351,8.12665372993797,8.137662697117776,11.00896717980504,True,
1622,onnx_model_084,measure,8.13935164073715,8.139886302873492,8.150947879999876,11.061577126383781,True,
1623,onnx_model_078,measure,8.1398089938605,8.140272046905011,8.151533011812717,11.260964907705784,True,
1624,onnx_model_045,measure,8.139901973196583,8.140461597125977,8.151595500763506,11.13390363752842,True,
1625,onnx_model_028,measure,8.144040629729853,8.145034909714013,8.156139007769525,11.104098055511713,True,
1626,onnx_model_027,measure,8.147132947831707,8.147477203048766,8.158766090869904,11.288887821137905,True,
1627,onnx_model_034,measure,8.149477635538268,8.149933160748333,8.160837107803673,10.903947055339813,True,
1628,onnx_model_086,measure,8.157495058656549,8.158380527980626,8.169265740085393,10.885212104767561,True,
1629,onnx_model_030,measure,8.161287227747335,8.162059802096337,8.173086351715028,11.026549618691206,True,
1630,onnx_model_053,measure,8.161782795151707,8.162225145846605,8.173184698913246,10.959553066641092,True,
1631,onnx_model_008,measure,8.164456300206293,8.164753912948072,8.175539405085146,10.78549213707447,True,
1632,onnx_model_027,measure,8.171914073481846,8.172423602081835,8.183241676073521,10.818073991686106,True,
1633,onnx_model_035,measure,8.172011454034887,8.17252005590126,8.183314545080066,10.794489178806543,True,
1634,onnx_model_016,measure,8.178434101445463,8.178691266104579,8.189485413953662,10.794147849082947,True,
1635,onnx_model_077,measure,8.183884761527171,8.184464480727911,8.195287513080984,10.823032353073359,True,
1636,onnx_model_092,measure,8.184981172489668,8.185757016763091,8.19657059200108,10.813575237989426,True,
1637,onnx_model_057,measure,8.188662392021339,8.189037983771414,8.199788428843021,10.750445071607828,True,
1638,onnx_model_031,measure,8.196384554465443,8.19663917273283,8.207502102013677,10.862929280847311,True,
1639,onnx_model_020,measure,8.199179558057388,8.19984513707459,8.210669261869043,10.824124794453382,True,
1640,onnx_model_069,measure,8.209694240877333,8.21073763212189,8.221568720880896,10.83108875900507,True,
1641,onnx_model_019,measure,8.214312016542175,8.215019440744072,8.22590925078839,10.889810044318438,True,
1642,onnx_model_066,measure,8.22282009733501,8.223701484967023,8.234552972018719,10.851487051695585,True,
1643,onnx_model_001,measure,8.226915865287108,8.227127736900002,8.238321935757995,11.194198857992887,True,
1644,onnx_model_009,measure,8.227522752214616,8.22855884814635,8.239501788746566,10.942940600216389,True,
1645,onnx_model_080,measure,8.23732081073418,8.237763193901628,8.248772291000932,11.0090970993042,True,
1646,onnx_model_069,measure,8.242132354613759,8.242765912786126,8.25373071571812,10.9648029319942,True,
1647,onnx_model_018,measure,8.246661992075104,8.247206103987992,8.257916923146695,10.710819158703089,True,
1648,onnx_model_054,measure,8.259168789593824,8.260137023869902,8.271215382032096,11.07835816219449,True,
1649,onnx_model_050,measure,8.259948811129478,8.260293861851096,8.271357452031225,11.063590180128813,True,
1650,onnx_model_040,measure,8.265585980064863,8.266803164966404,8.277772776782513,10.969611816108227,True,
1651,onnx_model_013,measure,8.266524514698096,8.266963829752058,8.277943941764534,10.980112012475729,True,
1652,onnx_model_091,measure,8.274767253220622,8.27558121085167,8.286861632950604,11.28042209893465,True,
1653,onnx_model_030,measure,8.27481807111899,8.275755221955478,8.286735664121807,10.98044216632843,True,
1654,onnx_model_067,measure,8.281384224310866,8.282160436734557,8.29324316373095,11.082726996392012,True,
1655,onnx_model_010,measure,8.282485799137403,8.283621394075453,8.294552512932569,10.931118857115507,True,
1656,onnx_model_089,measure,8.287716994481613,8.288082845043391,8.299145373050123,11.062528006732464,True,
1657,onnx_model_067,measure,8.287913518537401,8.2882403540425,8.293373941909522,5.133587867021561,True,
1658,onnx_model_028,measure,8.290877424306949,8.291753130964935,8.30287509271875,11.121961753815413,True,
1659,onnx_model_088,measure,8.292051514698858,8.292230027727783,8.30325869191438,11.02866418659687,True,
1660,onnx_model_079,measure,8.29379166852974,8.294646861962974,8.305587999988347,10.94113802537322,True,
1661,onnx_model_029,measure,8.301615159483491,8.30236761784181,8.313456866890192,11.089249048382044,True,
1662,onnx_model_055,measure,8.315529231388377,8.316701304167509,8.327792957890779,11.091653723269701,True,
1663,onnx_model_013,measure,8.319985168758206,8.32114198571071,8.332199363969266,11.057378258556128,True,
1664,onnx_model_098,measure,8.335735902706023,8.336419065017253,8.347459562122822,11.040497105568647,True,
1665,onnx_model_042,measure,8.344223230656041,8.344911938998848,8.356203281786293,11.291342787444592,True,
1666,onnx_model_001,measure,8.344333738001314,8.3450744478032,8.356247595977038,11.173148173838854,True,
1667,onnx_model_001,measure,8.354699725108365,8.355696247890592,8.366799433715641,11.103185825049877,True,
1668,onnx_model_029,measure,8.360410548038649,8.361465063877404,8.37256173696369,11.096673086285591,True,
1669,onnx_model_043,measure,8.363804095281878,8.36492050299421,8.37617513583973,11.254632845520973,True,
1670,onnx_model_079,measure,8.367369517218094,8.368037918116897,8.37904106406495,11.003145948052406,True,
1671,onnx_model_062,measure,8.374854738389653,8.375783421099186,8.387227784842253,11.444363743066788,True,
1672,onnx_model_087,measure,8.385842017850145,8.386288900859654,8.397332172840834,11.043271981179714,True,
1673,onnx_model_033,measure,8.399926051097836,8.400549267884344,8.411760388873518,11.21112098917365,True,
1674,onnx_model_058,measure,8.411247722180004,8.411870788782835,8.422944747842848,11.073959060013294,True,
1675,onnx_model_078,measure,8.412765455731389,8.413426245097071,8.424715294037014,11.289048939943314,True,
1676,onnx_model_036,measure,8.41328782300619,8.413623270113021,8.424843207001686,11.21993688866496,True,
1677,onnx_model_034,measure,8.41936012145631,8.420163542032242,8.431365916039795,11.202374007552862,True,
1678,onnx_model_049,measure,8.422395951344425,8.42304373672232,8.434183761943132,11.140025220811367,True,
1679,onnx_model_087,measure,8.438481897369314,8.439438661094755,8.450388805940747,10.950144845992327,True,
1680,onnx_model_089,measure,8.439692343837402,8.440830175764859,8.451924063730985,11.093887966126204,True,
1681,onnx_model_083,measure,8.460347961023418,8.462228931952268,8.47338279383257,11.15386188030243,True,
1682,onnx_model_093,measure,8.462360611375807,8.462653329130262,8.473744250833988,11.090921703726053,True,
1683,onnx_model_066,measure,8.463391293264028,8.464157948736101,8.475123352836818,10.965404100716114,True,
1684,onnx_model_046,measure,8.469079088441164,8.469713339116424,8.480670206714422,10.956867597997189,True,
1685,onnx_model_071,measure,8.47192487173918,8.47229178994894,8.483408371917903,11.116581968963146,True,
1686,onnx_model_044,measure,8.473456733312325,8.473854781128466,8.484864530153573,11.00974902510643,True,
1687,onnx_model_084,measure,8.476171294190479,8.477373911067843,8.488364752847701,10.990841779857874,True,
1688,onnx_model_034,measure,8.48587322028418,8.486090779770166,8.497484998777509,11.394219007343054,True,
1689,onnx_model_034,measure,8.488909371959748,8.489586756099015,8.497530416119844,7.943660020828247,True,
1690,onnx_model_091,measure,8.491262725990426,8.492052191868424,8.50307360291481,11.021411046385765,True,
1691,onnx_model_022,measure,8.496099409985518,8.496489897836,8.50755453016609,11.064632330089808,True,
1692,onnx_model_027,measure,8.496453301420082,8.496863246895373,8.507776030804962,10.912783909589052,True,
1693,onnx_model_072,measure,8.500555390487982,8.50175485573709,8.512782036792487,11.027181055396795,True,
1694,onnx_model_023,measure,8.502645612034659,8.503187648952007,8.514179071877152,10.991422925144434,True,
1695,onnx_model_016,measure,8.505031456816413,8.505673884879798,8.516528298147023,10.854413267225027,True,
1696,onnx_model_078,measure,8.505961363783108,8.507103343028575,8.518046773970127,10.943430941551924,True,
1697,onnx_model_097,measure,8.508617833998066,8.508991952985525,8.519843108952045,10.85115596652031,True,
1698,onnx_model_090,measure,8.511171199149116,8.511439735069871,8.522553079761565,11.113344691693783,True,
1699,onnx_model_058,measure,8.511247716573429,8.511617523152381,8.522685091011226,11.067567858844995,True,
1700,onnx_model_009,measure,8.512331286553568,8.512879000976682,8.523772116750479,10.893115773797035,True,
1701,onnx_model_033,measure,8.528221231615497,8.528990997932851,8.540024911984801,11.033914051949978,True,
1702,onnx_model_061,measure,8.532732244794358,8.533434624783695,8.54445658577606,11.021960992366076,True,
1703,onnx_model_052,measure,8.538485035688435,8.538895033765584,8.549767661839724,10.872628074139357,True,
1704,onnx_model_097,measure,8.552110017631941,8.55298446584493,8.564081920776516,11.09745493158698,True,
1705,onnx_model_060,measure,8.553786897091378,8.554461864754558,8.56543471198529,10.972847230732441,True,
1706,onnx_model_069,measure,8.55592738023734,8.556904558092356,8.567897893954068,10.993335861712694,True,
1707,onnx_model_015,measure,8.562606932687855,8.563360419124365,8.574384585022926,11.024165898561478,True,
1708,onnx_model_015,measure,8.56516156104293,8.565528130158782,8.574509112164378,8.980982005596161,True,
1709,onnx_model_061,measure,8.57254518948696,8.57311777677387,8.584165115840733,11.04733906686306,True,
1710,onnx_model_034,measure,8.580675383729131,8.581742921844125,8.592728013172746,10.98509132862091,True,
1711,onnx_model_089,measure,8.589899872690808,8.590386091731489,8.601384337991476,10.998246259987354,True,
1712,onnx_model_041,measure,8.601433728248274,8.602602312806994,8.613598104100674,10.995791293680668,True,
1713,onnx_model_027,measure,8.602645943115128,8.602972947061062,8.613865212071687,10.892265010625124,True,
1714,onnx_model_098,measure,8.60674477771682,8.607403179164976,8.618328976910561,10.925797745585442,True,
1715,onnx_model_055,measure,8.607655218730471,8.608854447025806,8.61999811977148,11.143672745674849,True,
1716,onnx_model_031,measure,8.608330994393423,8.609015102963895,8.62013943772763,11.124334763735533,True,
1717,onnx_model_037,measure,8.615997609324001,8.61710609216243,8.628149615135044,11.043522972613573,True,
1718,onnx_model_020,measure,8.616639595406092,8.617264964152128,8.628306643106043,11.041678953915834,True,
1719,onnx_model_020,measure,8.618379036659029,8.619548154994845,8.62840416887775,8.856013882905245,True,
1720,onnx_model_000,measure,8.621495388972786,8.622384747024626,8.633233428001404,10.848680976778269,True,
1721,onnx_model_028,measure,8.624374316717889,8.624889847822487,8.635754700750113,10.86485292762518,True,
1722,onnx_model_094,measure,8.630455000556093,8.63164276489988,8.642503309063613,10.86054416373372,True,
1723,onnx_model_011,measure,8.630696023052195,8.63180275913328,8.642704862169921,10.902103036642075,True,
1724,onnx_model_088,measure,8.632383380561688,8.633329932112247,8.644097790122032,10.767858009785414,True,
1725,onnx_model_067,measure,8.645483097108919,8.646315905731171,8.657218219712377,10.902313981205225,True,
1726,onnx_model_057,measure,8.652428401442313,8.652752841822803,8.66370993014425,10.957088321447372,True,
1727,onnx_model_015,measure,8.65303141615991,8.654183111153543,8.665130250155926,10.947139002382755,True,
1728,onnx_model_002,measure,8.658326057342858,8.65945294778794,8.670275720767677,10.822772979736328,True,
1729,onnx_model_023,measure,8.659730065213118,8.660923764109612,8.6720345239155,11.110759805887938,True,
1730,onnx_model_058,measure,8.660771533038279,8.661087614949793,8.672010467853397,10.922852903604507,True,
1731,onnx_model_007,measure,8.66798032532313,8.668364758137614,8.679190315771848,10.825557634234428,True,
1732,onnx_model_009,measure,8.673435684086733,8.674248391762376,8.684977387078106,10.728995315730572,True,
1733,onnx_model_056,measure,8.674436033286234,8.674625880084932,8.685337490867823,10.711610782891512,True,
1734,onnx_model_036,measure,8.675258704423866,8.676055717747658,8.686733333859593,10.677616111934185,True,
1735,onnx_model_002,measure,8.677396607320102,8.678450169041753,8.689092388842255,10.642219800502062,True,
1736,onnx_model_027,measure,8.68725328506866,8.687882238067687,8.698479191865772,10.596953798085451,True,
1737,onnx_model_033,measure,8.688242846119437,8.689150249119848,8.699794821906835,10.644572786986828,True,
1738,onnx_model_098,measure,8.692460339628262,8.693432558793575,8.703989616129547,10.557057335972786,True,
1739,onnx_model_042,measure,8.69952615723632,8.699850799050182,8.710438233800232,10.587434750050306,True,
1740,onnx_model_024,measure,8.717848178199414,8.718591511715204,8.729138641152531,10.547129437327385,True,
1741,onnx_model_022,measure,8.722472263889369,8.722888980992138,8.733501834794879,10.612853802740574,True,
1742,onnx_model_058,measure,8.722989806842639,8.723098749760538,8.7336366311647,10.537881404161453,True,
1743,onnx_model_037,measure,8.72380693077721,8.724372691940516,8.734919008798897,10.546316858381033,True,
1744,onnx_model_047,measure,8.72446686949584,8.724582551047206,8.734997698105872,10.415147058665752,True,
1745,onnx_model_088,measure,8.727434279829918,8.727865341119468,8.738400626927614,10.535285808146,True,
1746,onnx_model_022,measure,8.7314137591584,8.732305922079831,8.733601283747703,1.2953616678714752,True,
1747,onnx_model_090,measure,8.739666918987467,8.740555462893099,8.751092782709748,10.53731981664896,True,
1748,onnx_model_053,measure,8.741835664686324,8.74285351112485,8.75340922595933,10.555714834481478,True,
1749,onnx_model_038,measure,8.749763092283029,8.750134982168674,8.760672391857952,10.53740968927741,True,
1750,onnx_model_033,measure,8.764064121914277,8.764870712999254,8.775629153009504,10.758440010249615,True,
1751,onnx_model_026,measure,8.769495717942338,8.770216735079885,8.781113658100367,10.896923020482063,True,
1752,onnx_model_004,measure,8.776658566833289,8.777934785932302,8.788799267727882,10.864481795579195,True,
1753,onnx_model_026,measure,8.77810977583919,8.7783368001692,8.781167450826615,2.83065065741539,True,
1754,onnx_model_027,measure,8.782835939070532,8.783463093917817,8.79444869607687,10.985602159053087,True,
1755,onnx_model_074,measure,8.792334447401544,8.793097918853164,8.804121262859553,11.02334400638938,True,
1756,onnx_model_049,measure,8.795217061190112,8.795705485157669,8.806568373925984,10.862888768315315,True,
1757,onnx_model_052,measure,8.804610958711867,8.805350448936224,8.816049998160452,10.699549224227667,True,
1758,onnx_model_083,measure,8.807143317185105,8.807757053989917,8.818583422806114,10.826368816196918,True,
1759,onnx_model_040,measure,8.816177926534502,8.81727026682347,8.828178010880947,10.90774405747652,True,
1760,onnx_model_033,measure,8.818034173457388,8.818693262059242,8.829488541930914,10.795279871672392,True,
1761,onnx_model_006,measure,8.826334791718693,8.82713424693793,8.838179982732981,11.04573579505086,True,
1762,onnx_model_080,measure,8.835844244244555,8.836757809855044,8.847768018953502,11.01020909845829,True,
1763,onnx_model_063,measure,8.836652785255454,8.837146638892591,8.84838867885992,11.24203996732831,True,
1764,onnx_model_076,measure,8.836714754070117,8.837309930007905,8.848346858751029,11.036928743124008,True,
1765,onnx_model_046,measure,8.844885778582164,8.845406509935856,8.856315997894853,10.909487958997488,True,
1766,onnx_model_027,measure,8.859905751979182,8.860535056795925,8.87175640789792,11.221351101994514,True,
1767,onnx_model_045,measure,8.8606249933767,8.860936219803989,8.871901133097708,10.964913293719292,True,
1768,onnx_model_046,measure,8.869743147178752,8.871364702936262,8.882228633854538,10.86393091827631,True,
1769,onnx_model_093,measure,8.872964470541731,8.874121494125575,8.885116002056748,10.994507931172848,True,
1770,onnx_model_055,measure,8.876025052712775,8.876555310096592,8.88753518089652,10.979870799928904,True,
1771,onnx_model_051,measure,8.87746496689493,8.878027678932995,8.88892732700333,10.899648070335388,True,
1772,onnx_model_085,measure,8.88485782184673,8.885211374145001,8.896079713013023,10.868338868021965,True,
1773,onnx_model_081,measure,8.891549427619005,8.892144151963294,8.90309461671859,10.950464755296707,True,
1774,onnx_model_079,measure,8.89951248835645,8.900296868756413,8.911218530032784,10.921661276370287,True,
1775,onnx_model_081,measure,8.90351722208217,8.904310267884284,8.915362586732954,11.052318848669529,True,
1776,onnx_model_002,measure,8.907475950778315,8.907753724139184,8.918642091099173,10.888366959989071,True,
1777,onnx_model_015,measure,8.913364332594062,8.914446556009352,8.925761764869094,11.315208859741688,True,
1778,onnx_model_090,measure,8.913657899073229,8.914623252116144,8.925892563071102,11.2693109549582,True,
1779,onnx_model_049,measure,8.919136221348678,8.919856949709356,8.930779000744224,10.922051034867764,True,
1780,onnx_model_094,measure,8.923725453887906,8.924289436079562,8.93516340572387,10.87396964430809,True,
1781,onnx_model_039,measure,8.930607512131589,8.930873651057482,8.941833895165473,10.960244107991457,True,
1782,onnx_model_088,measure,8.938140705140611,8.93838716391474,8.949359960854053,10.972796939313412,True,
1783,onnx_model_038,measure,8.938714762255284,8.939847609959543,8.950961495749652,11.113885790109634,True,
1784,onnx_model_086,measure,8.939671957842398,8.940011981874704,8.951438501942903,11.426520068198442,True,
1785,onnx_model_016,measure,8.950425058733158,8.951074691023678,8.962063419166952,10.988728143274784,True,
1786,onnx_model_004,measure,8.95150133557691,8.952676835935563,8.963805940933526,11.129104997962713,True,
1787,onnx_model_004,measure,8.95379576771035,8.954223196022213,8.963851697742939,9.62850172072649,True,
1788,onnx_model_088,measure,8.95693038511514,8.957717888988554,8.969165378715843,11.447489727288485,True,
1789,onnx_model_041,measure,8.962864604302474,8.963284580036998,8.974397253710777,11.112673673778772,True,
1790,onnx_model_089,measure,8.963948293880096,8.965100100729614,8.97603134997189,10.931249242275953,True,
1791,onnx_model_053,measure,8.97264978380271,8.973391621839255,8.984411179088056,11.019557248800993,True,
1792,onnx_model_058,measure,8.97886305649566,8.979253574740142,8.990106956101954,10.853381361812353,True,
1793,onnx_model_081,measure,8.98341318847915,8.983707651961595,8.994647185783833,10.939533822238445,True,
1794,onnx_model_040,measure,9.002119318504016,9.002872291021049,9.014468323905021,11.59603288397193,True,
1795,onnx_model_026,measure,9.004384218062677,9.005348697770387,9.016399113927037,11.05041615664959,True,
1796,onnx_model_008,measure,9.007151321123667,9.007782654836774,9.018749971874058,10.967317037284374,True,
1797,onnx_model_070,measure,9.008353665797536,9.009260493796319,9.020364772062749,11.104278266429901,True,
1798,onnx_model_064,measure,9.012638168470906,9.013741332106292,9.02498484402895,11.24351192265749,True,
1799,onnx_model_087,measure,9.012792300565918,9.013927234802395,9.025120310951024,11.193076148629189,True,
1800,onnx_model_096,measure,9.019679259908854,9.0199697711505,9.031137588899583,11.167817749083042,True,
1801,onnx_model_003,measure,9.020667595639575,9.021589139010757,9.032648901920766,11.05976291000843,True,
1802,onnx_model_059,measure,9.023399371881883,9.024053412955254,9.034969873726368,10.916460771113634,True,
1803,onnx_model_024,measure,9.02749523831674,9.028343006968498,9.039437796920538,11.094789952039719,True,
1804,onnx_model_061,measure,9.029037100009052,9.029767204076052,9.040818711742759,11.051507666707039,True,
1805,onnx_model_002,measure,9.029873882725433,9.030166854150593,9.04097199300304,10.805138852447271,True,
1806,onnx_model_087,measure,9.033013121474239,9.03387046372518,9.044860744848847,10.990281123667955,True,
1807,onnx_model_070,measure,9.037334793124657,9.03819924313575,9.04926029779017,11.061054654419422,True,
1808,onnx_model_004,measure,9.037814805497147,9.038360478822142,9.049406515900046,11.046037077903748,True,
1809,onnx_model_052,measure,9.039005062949354,9.0395352919586,9.050546182785183,11.010890826582909,True,
1810,onnx_model_065,measure,9.046082413667603,9.047083530109376,9.057936170138419,10.85264002904296,True,
1811,onnx_model_038,measure,9.047685180524468,9.048536552116275,9.059456740040332,10.920187924057245,True,
1812,onnx_model_030,measure,9.050821815197468,9.051758327055722,9.062681891024113,10.923563968390226,True,
1813,onnx_model_033,measure,9.053340068910911,9.054207361768931,9.065522810909897,11.315449140965939,True,
1814,onnx_model_083,measure,9.05501826280998,9.055652318987995,9.06648557074368,10.833251755684614,True,
1815,onnx_model_073,measure,9.060280558241413,9.060704933013767,9.071682679932564,10.977746918797493,True,
1816,onnx_model_047,measure,9.063741387471474,9.06491106795147,9.076102070976049,11.191003024578094,True,
1817,onnx_model_052,measure,9.064509706716308,9.0650747991167,9.076220344752073,11.1455456353724,True,
1818,onnx_model_074,measure,9.067763975429509,9.068739986047149,9.079635748174042,10.895762126892805,True,
1819,onnx_model_020,measure,9.074665097501908,9.074908130802214,9.085895216092467,10.987085290253162,True,
1820,onnx_model_041,measure,9.08380606898504,9.084859026130289,9.0959538561292,11.094829998910427,True,
1821,onnx_model_015,measure,9.089772094373856,9.090118012856692,9.101088075898588,10.970063041895628,True,
1822,onnx_model_098,measure,9.097179542091522,9.098197712097317,9.109270949847996,11.073237750679255,True,
1823,onnx_model_002,measure,9.099263499416537,9.099689797963947,9.110694887116551,11.005089152604342,True,
1824,onnx_model_081,measure,9.100132912998808,9.101184668950737,9.112114424817264,10.929755866527557,True,
1825,onnx_model_067,measure,9.101268042827389,9.10154293011874,9.112496370915323,10.953440796583891,True,
1826,onnx_model_022,measure,9.101491382359276,9.101953260134906,9.112804506905377,10.851246770471334,True,
1827,onnx_model_036,measure,9.10415860828029,9.104401294142008,9.115354253910482,10.952959768474102,True,
1828,onnx_model_050,measure,9.109266923309956,9.109446614049375,9.120453075971454,11.006461922079325,True,
1829,onnx_model_083,measure,9.115932668120067,9.116575203835964,9.127602675929666,11.027472093701363,True,
1830,onnx_model_056,measure,9.117490535674637,9.118089792784303,9.129081015940756,10.991223156452179,True,
1831,onnx_model_084,measure,9.121375147484184,9.121685659047216,9.132729360833764,11.0437017865479,True,
1832,onnx_model_040,measure,9.124310030087878,9.125145085155964,9.136171765159816,11.026680003851652,True,
1833,onnx_model_067,measure,9.124312807471794,9.125313243828714,9.136308243963867,10.995000135153532,True,
1834,onnx_model_008,measure,9.131607832489513,9.132303311023861,9.14332257816568,11.019267141819,True,
1835,onnx_model_061,measure,9.132732592683842,9.132882141973823,9.14388007717207,10.997935198247433,True,
1836,onnx_model_033,measure,9.133404230065098,9.134324282873422,9.14549038792029,11.166105046868324,True,
1837,onnx_model_003,measure,9.144643730410696,9.145120365079492,9.156153266783804,11.03290170431137,True,
1838,onnx_model_070,measure,9.149142032033144,9.14973457576707,9.160882907919586,11.14833215251565,True,
1839,onnx_model_034,measure,9.153562075588184,9.154183201957494,9.165054026059806,10.870824102312326,True,
1840,onnx_model_063,measure,9.158926476090977,9.15937708504498,9.170380360912532,11.003275867551565,True,
1841,onnx_model_007,measure,9.165418424800146,9.166293111164123,9.177260498981923,10.967387817800045,True,
1842,onnx_model_087,measure,9.178780348422752,9.179484786931425,9.190589656122029,11.104869190603495,True,
1843,onnx_model_009,measure,9.188348987122456,9.189963846001774,9.201079244725406,11.115398723632097,True,
1844,onnx_model_096,measure,9.19052824585046,9.190754279028624,9.201642726082355,10.888447053730488,True,
1845,onnx_model_048,measure,9.192602845640506,9.193204707000405,9.204246676061302,11.041969060897827,True,
1846,onnx_model_023,measure,9.203129434115285,9.203864810056984,9.214891670737416,11.026860680431128,True,
1847,onnx_model_000,measure,9.208961697463595,9.209473221097142,9.220538443885744,11.065222788602114,True,
1848,onnx_model_060,measure,9.211568830367906,9.211936824023724,9.222808939870447,10.872115846723318,True,
1849,onnx_model_064,measure,9.21336409095104,9.214381009805948,9.22538480674848,11.003796942532063,True,
1850,onnx_model_022,measure,9.2168426171054,9.217120226938277,9.228083736728877,10.963509790599346,True,
1851,onnx_model_082,measure,9.21751478053321,9.218577016144991,9.229472557082772,10.895540937781334,True,
1852,onnx_model_058,measure,9.219384236206855,9.220026530791074,9.231108836829662,11.082306038588285,True,
1853,onnx_model_006,measure,9.229841347491375,9.23072308395058,9.241769050713629,11.045966763049364,True,
1854,onnx_model_018,measure,9.236016126938893,9.236350010149181,9.247347875032574,10.99786488339305,True,
1855,onnx_model_082,measure,9.240550920709477,9.240791401825845,9.25153616676107,10.744764935225248,True,
1856,onnx_model_001,measure,9.243175358786036,9.243996826000512,9.254910571034998,10.913745034486055,True,
1857,onnx_model_022,measure,9.243590006663593,9.24416220979765,9.255065885838121,10.9036760404706,True,
1858,onnx_model_044,measure,9.25573851101115,9.256216773763299,9.26699466072023,10.77788695693016,True,
1859,onnx_model_052,measure,9.256961134631664,9.257496976759285,9.268290224019438,10.793247260153294,True,
1860,onnx_model_046,measure,9.26228555606793,9.262782523874193,9.273464128840715,10.681604966521263,True,
1861,onnx_model_055,measure,9.266540735287407,9.267051899805665,9.277764473110437,10.712573304772377,True,
1862,onnx_model_026,measure,9.267150604291478,9.26726647792384,9.278003216721117,10.736738797277212,True,
1863,onnx_model_053,measure,9.268268472733217,9.268386736977845,9.279097296763211,10.710559785366058,True,
1864,onnx_model_013,measure,9.271332206951465,9.271677922923118,9.282397639937699,10.719717014580965,True,
1865,onnx_model_037,measure,9.271959029183233,9.272956473752856,9.283635282889009,10.678809136152267,True,
1866,onnx_model_026,measure,9.27924006180652,9.280245169065893,9.291023407131433,10.77823806554079,True,
1867,onnx_model_071,measure,9.284059431254729,9.28478423692286,9.295618701726198,10.83446480333805,True,
1868,onnx_model_025,measure,9.285822224803745,9.286088475957513,9.296866043005139,10.77756704762578,True,
1869,onnx_model_079,measure,9.287691453489948,9.288371875882149,9.299335496965796,10.963621083647013,True,
1870,onnx_model_071,measure,9.288033561320844,9.288467688951641,9.295684957876801,7.21726892516017,True,
1871,onnx_model_007,measure,9.288637666747999,9.28872853377834,9.299425617791712,10.69708401337266,True,
1872,onnx_model_009,measure,9.291643086781697,9.292174104135484,9.302894331049174,10.720226913690567,True,
1873,onnx_model_053,measure,9.292464199723153,9.293453054968268,9.304058624897152,10.605569928884506,True,
1874,onnx_model_087,measure,9.297931715545207,9.299016940873116,9.30969283496961,10.675894096493721,True,
1875,onnx_model_048,measure,9.301457293620592,9.3025760659948,9.313345929142088,10.76986314728856,True,
1876,onnx_model_049,measure,9.306754259861846,9.30720929382369,9.318049859721214,10.840565897524357,True,
1877,onnx_model_024,measure,9.31404436691684,9.314556168857962,9.325397696811706,10.841527953743935,True,
1878,onnx_model_063,measure,9.326423763681278,9.327639538794756,9.33906676992774,11.427231132984161,True,
1879,onnx_model_014,measure,9.327234329945446,9.327811114955693,9.339021184016019,11.210069060325623,True,
1880,onnx_model_047,measure,9.330305962699484,9.331319653894752,9.342273326124996,10.953672230243683,True,
1881,onnx_model_019,measure,9.33270104188558,9.333751606754959,9.344666023738682,10.91441698372364,True,
1882,onnx_model_082,measure,9.333974543182457,9.335174080915749,9.346063470002264,10.889389086514711,True,
1883,onnx_model_016,measure,9.338240942629284,9.338598039001226,9.349462490994483,10.864451993256807,True,
1884,onnx_model_075,measure,9.341061400932588,9.341290778014809,9.352115694899112,10.824916884303093,True,
1885,onnx_model_018,measure,9.353530341231776,9.35435126395896,9.365390177816153,11.038913857191801,True,
1886,onnx_model_090,measure,9.35540560596556,9.3557911911048,9.366903213784099,11.112022679299116,True,
1887,onnx_model_078,measure,9.357308650308916,9.358235857915133,9.369151907972991,10.916050057858229,True,
1888,onnx_model_087,measure,9.359185502606206,9.359693529084325,9.370680843945593,10.987314861267805,True,
1889,onnx_model_061,measure,9.361013958633212,9.362133868038654,9.37290376983583,10.769901797175407,True,
1890,onnx_model_056,measure,9.363326518723364,9.363558676093817,9.374382890760899,10.824214667081833,True,
1891,onnx_model_041,measure,9.367552938072233,9.368118322920054,9.379109665751457,10.991342831403017,True,
1892,onnx_model_071,measure,9.378262555778619,9.378600819036365,9.389636876992881,11.036057956516743,True,
1893,onnx_model_073,measure,9.380281113493853,9.381341648753732,9.392310328781605,10.968680027872324,True,
1894,onnx_model_064,measure,9.397726923161947,9.398528980091214,9.409552062861621,11.0230827704072,True,
1895,onnx_model_053,measure,9.402969447700743,9.403982506133616,9.415045536123216,11.063029989600182,True,
1896,onnx_model_033,measure,9.410728467879771,9.41175278602168,9.422666021157056,10.913235135376453,True,
1897,onnx_model_091,measure,9.413383923883384,9.414198025129735,9.425215336959809,11.017311830073595,True,
1898,onnx_model_019,measure,9.417751435074099,9.418266558088362,9.42938284901902,11.116290930658579,True,
1899,onnx_model_062,measure,9.425395837783961,9.426427500788122,9.437795610167086,11.368109378963709,True,
1900,onnx_model_073,measure,9.42918749325625,9.429477258119732,9.440583469811827,11.106211692094803,True,
1901,onnx_model_022,measure,9.430911170341442,9.431932374835014,9.44297566683963,11.043292004615068,True,
1902,onnx_model_039,measure,9.436269352355707,9.437363708857447,9.448413433041424,11.04972418397665,True,
1903,onnx_model_016,measure,9.43745104312515,9.437893556896597,9.448983336798847,11.089779902249575,True,
1904,onnx_model_099,measure,9.449470893130181,9.450199958868325,9.461307352874428,11.107394006103277,True,
1905,onnx_model_091,measure,9.461111345657834,9.461403496097773,9.472399808000773,10.996311902999878,True,
1906,onnx_model_023,measure,9.463423386828401,9.463870003819466,9.474856026936322,10.986023116856813,True,
1907,onnx_model_010,measure,9.466906589034272,9.467313048895448,9.478130731731653,10.817682836204767,True,
1908,onnx_model_030,measure,9.469638050508886,9.470755451824516,9.481746084056795,10.990632232278585,True,
1909,onnx_model_016,measure,9.478326179145629,9.479363996069878,9.49036587914452,11.001883074641228,True,
1910,onnx_model_046,measure,9.48764259962106,9.487964765168726,9.49899954115972,11.034775990992785,True,
1911,onnx_model_085,measure,9.49811187061289,9.498585944063962,9.50960085215047,11.014908086508512,True,
1912,onnx_model_030,measure,9.505093714252757,9.506220916751772,9.517232118174434,11.011201422661543,True,
1913,onnx_model_026,measure,9.510135886245338,9.51083470787853,9.521840007044375,11.005299165844917,True,
1914,onnx_model_064,measure,9.514379659921731,9.515278024133295,9.52638557786122,11.107553727924824,True,
1915,onnx_model_053,measure,9.51945359926968,9.52045484399423,9.531409056857228,10.954212862998247,True,
1916,onnx_model_065,measure,9.520589756148288,9.52095457399264,9.53195873182267,11.004157830029726,True,
1917,onnx_model_045,measure,9.526567696296786,9.527628039009869,9.538635142147541,11.007103137671947,True,
1918,onnx_model_096,measure,9.534982886512063,9.536176277790219,9.547132214065641,10.955936275422573,True,
1919,onnx_model_084,measure,9.538645958472896,9.538782672956586,9.549719040747732,10.93636779114604,True,
1920,onnx_model_051,measure,9.54784752275898,9.548348295968026,9.55926574813202,10.917452163994312,True,
1921,onnx_model_068,measure,9.55760899635839,9.55793870612979,9.569222694728523,11.28398859873414,True,
1922,onnx_model_087,measure,9.561365780737718,9.562483113724738,9.573528089094907,11.044975370168686,True,
1923,onnx_model_029,measure,9.56466404198976,9.564930086024106,9.575936147011817,11.006060987710953,True,
1924,onnx_model_040,measure,9.570393584158992,9.571462172083557,9.582326723728329,10.864551644772291,True,
1925,onnx_model_037,measure,9.576860164437248,9.577150804921985,9.588151696138084,11.000891216099262,True,
1926,onnx_model_021,measure,9.578928864640542,9.579585503786802,9.590661807917058,11.076304130256176,True,
1927,onnx_model_046,measure,9.584505451702253,9.585556724108756,9.596556643024087,10.999918915331364,True,
1928,onnx_model_014,measure,9.588084089192622,9.58829557010904,9.599266193807125,10.970623698085546,True,
1929,onnx_model_098,measure,9.591336936270237,9.591876145917922,9.60284332279116,10.967176873236895,True,
1930,onnx_model_093,measure,9.602411613465403,9.602936449926347,9.614015890751034,11.079440824687481,True,
1931,onnx_model_048,measure,9.603289981051484,9.604368031956255,9.61541528115049,11.04724919423461,True,
1932,onnx_model_055,measure,9.608601582564301,9.60979874478653,9.62073188694194,10.93314215540886,True,
1933,onnx_model_009,measure,9.610702347192422,9.61129540996626,9.622263387776911,10.967977810651064,True,
1934,onnx_model_057,measure,9.61241716154634,9.612744102720171,9.623560262843966,10.816160123795271,True,
1935,onnx_model_058,measure,9.61358568241331,9.614111523143947,9.625185593031347,11.074069887399673,True,
1936,onnx_model_012,measure,9.616786311571474,9.617652753833681,9.62865512771532,11.00237388163805,True,
1937,onnx_model_016,measure,9.631178448629719,9.631875558756292,9.642893111798912,11.01755304262042,True,
1938,onnx_model_063,measure,9.6415340068087,9.642318670172244,9.653710053768009,11.391383595764637,True,
1939,onnx_model_029,measure,9.644418176039219,9.645116488914937,9.656184867955744,11.068379040807486,True,
1940,onnx_model_031,measure,9.644539982711267,9.645276792813092,9.656312820967287,11.036028154194355,True,
1941,onnx_model_012,measure,9.646232226081617,9.646764431148767,9.657599657773972,10.835226625204086,True,
1942,onnx_model_084,measure,9.651543319630926,9.652208889834583,9.663384012877941,11.175123043358326,True,
1943,onnx_model_063,measure,9.651670770309588,9.652368823997676,9.6537556508556,1.3868268579244614,True,
1944,onnx_model_057,measure,9.651994141131457,9.652514190878719,9.663929460104555,11.4152692258358,True,
1945,onnx_model_039,measure,9.652752276243447,9.653036464005709,9.664078462868929,11.041998863220215,True,
1946,onnx_model_013,measure,9.662895051186696,9.66350005287677,9.674524739850312,11.024686973541975,True,
1947,onnx_model_098,measure,9.669911677905622,9.670288376975805,9.681151687167585,10.863310191780329,True,
1948,onnx_model_000,measure,9.670626186172214,9.67165264999494,9.682857719715685,11.205069720745087,True,
1949,onnx_model_057,measure,9.67153056293882,9.671817232854664,9.682736498769373,10.919265914708376,True,
1950,onnx_model_029,measure,9.672171568176749,9.673319608904421,9.68418121477589,10.861605871468782,True,
1951,onnx_model_067,measure,9.678847715722323,9.679759399965405,9.69085012190044,11.090721935033798,True,
1952,onnx_model_057,measure,9.689815055175227,9.690413511823863,9.701390016824007,10.976505000144243,True,
1953,onnx_model_026,measure,9.69199379640883,9.693072165828198,9.703973338007927,10.901172179728746,True,
1954,onnx_model_007,measure,9.710368801523733,9.7111930209212,9.722136794123799,10.943773202598095,True,
1955,onnx_model_077,measure,9.712529491193372,9.713664408773184,9.724784987978637,11.120579205453396,True,
1956,onnx_model_016,measure,9.713851336922449,9.714020154904574,9.725115666165948,11.095511261373758,True,
1957,onnx_model_014,measure,9.723943403311399,9.724375458899885,9.73550206888467,11.126609984785318,True,
1958,onnx_model_029,measure,9.73199963312186,9.73233292484656,9.74334699101746,11.01406617090106,True,
1959,onnx_model_001,measure,9.734247125629684,9.734773835167289,9.74595555011183,11.181714944541454,True,
1960,onnx_model_010,measure,9.739169618717078,9.739735045935959,9.750747638754547,11.012592818588018,True,
1961,onnx_model_028,measure,9.739982904038492,9.741164662875235,9.7521703527309,11.005689855664968,True,
1962,onnx_model_046,measure,9.741859069114295,9.742630989756435,9.753463331144303,10.832341387867928,True,
1963,onnx_model_022,measure,9.745064472935708,9.745565057732165,9.756502198055387,10.937140323221684,True,
1964,onnx_model_034,measure,9.746464893732721,9.747182282153517,9.758313551079482,11.131268925964832,True,
1965,onnx_model_029,measure,9.746568833878722,9.747370769735426,9.758444249164313,11.073479428887367,True,
1966,onnx_model_048,measure,9.77454178059967,9.775678960140795,9.786877546925098,11.198586784303188,True,
1967,onnx_model_093,measure,9.78017866594942,9.781126163899899,9.792058776132762,10.932612232863903,True,
1968,onnx_model_040,measure,9.786182541520544,9.786501422058791,9.797621630132198,11.120208073407412,True,
1969,onnx_model_048,measure,9.786358383523659,9.786620559170842,9.797646047081798,11.025487910956144,True,
1970,onnx_model_047,measure,9.80203876830328,9.802797307725996,9.813690413720906,10.893105994910002,True,
1971,onnx_model_007,measure,9.803673021247961,9.8040816700086,9.814973033033311,10.891363024711609,True,
1972,onnx_model_012,measure,9.805186147150007,9.805357394739985,9.816171941813082,10.814547073096037,True,
1973,onnx_model_048,measure,9.805633799722843,9.806642468087375,9.817541223950684,10.898755863308907,True,
1974,onnx_model_046,measure,9.813007309662572,9.813749436754733,9.824485334102064,10.735897347331047,True,
1975,onnx_model_032,measure,9.816486013739826,9.817330062855035,9.82809200976044,10.76194690540433,True,
1976,onnx_model_025,measure,9.818881892754861,9.819712230935693,9.830688364803791,10.976133868098259,True,
1977,onnx_model_008,measure,9.819599019240906,9.819808043073863,9.830611418932676,10.803375858813524,True,
1978,onnx_model_023,measure,9.82838720132234,9.829241544939578,9.839991478715092,10.749933775514364,True,
1979,onnx_model_062,measure,9.8339332526125,9.834843062795699,9.845741459168494,10.898396372795105,True,
1980,onnx_model_005,measure,9.834093294390145,9.834937491919845,9.845834616106004,10.89712418615818,True,
1981,onnx_model_063,measure,9.836208682522471,9.8372629028745,9.847967600915581,10.704698041081429,True,
1982,onnx_model_051,measure,9.838786134542202,9.839543637819588,9.850358254741877,10.814616922289133,True,
1983,onnx_model_000,measure,9.842417025226526,9.843156986869872,9.853911448735744,10.754461865872145,True,
1984,onnx_model_006,measure,9.847116586854577,9.848023276776075,9.85936426371336,11.34098693728447,True,
1985,onnx_model_084,measure,9.853451371497266,9.853978897910565,9.86496865702793,10.989759117364883,True,
1986,onnx_model_019,measure,9.856734456240913,9.857323534786701,9.86831951700151,10.995982214808464,True,
1987,onnx_model_019,measure,9.857677217690357,9.858759965747595,9.868441939819604,9.681974072009325,True,
1988,onnx_model_055,measure,9.85844285987843,9.858942131977528,9.869923084974289,10.980952996760607,True,
1989,onnx_model_065,measure,9.863447953621753,9.86458650091663,9.875494204927236,10.907704010605812,True,
1990,onnx_model_071,measure,9.87008289788696,9.871136241126806,9.881966036744416,10.829795617610216,True,
1991,onnx_model_002,measure,9.877604205378606,9.87873530574143,9.889831327833235,11.096022091805935,True,
1992,onnx_model_010,measure,9.878535271441123,9.878894599154592,9.889971443917602,11.07684476301074,True,
1993,onnx_model_080,measure,9.88357160648349,9.884127916768193,9.894970166031271,10.842249263077974,True,
1994,onnx_model_032,measure,9.893915199116632,9.894194873049855,9.905147030949593,10.952157899737358,True,
1995,onnx_model_027,measure,9.900200143718754,9.901206451002508,9.912161535117775,10.9550841152668,True,
1996,onnx_model_031,measure,9.902010685603969,9.902647199109197,9.913784469943494,11.137270834296942,True,
1997,onnx_model_053,measure,9.908288215599653,9.909364016726613,9.920388252008706,11.024235282093287,True,
1998,onnx_model_001,measure,9.911414497793668,9.911792432889342,9.922835604753345,11.043171864002943,True,
1999,onnx_model_002,measure,9.912394320259542,9.913381633814424,9.924587435089052,11.205801274627447,True,
2000,onnx_model_022,measure,9.915457616271429,9.916006122715771,9.926949074026197,10.942951310425997,True,
2001,onnx_model_043,measure,9.923061856685571,9.924049783032387,9.935116108041257,11.066325008869171,True,
2002,onnx_model_031,measure,9.930539543448376,9.931183393113315,9.94225290371105,11.069510597735643,True,
2003,onnx_model_070,measure,9.933006755148131,9.93363466206938,9.944595196750015,10.960534680634737,True,
2004,onnx_model_008,measure,9.934633341687501,9.935227639973164,9.946224654093385,10.997014120221138,True,
2005,onnx_model_042,measure,9.93713632963703,9.937677376903594,9.948666987009346,10.989610105752945,True,
2006,onnx_model_021,measure,9.945523545999064,9.94583947211504,9.956897261086851,11.057788971811533,True,
2007,onnx_model_020,measure,9.946296622592731,9.947450072970241,9.958521097898483,11.071024928241968,True,
2008,onnx_model_095,measure,9.94957311858499,9.94988906988874,9.960959793068469,11.070723179727793,True,
2009,onnx_model_056,measure,9.953180256940316,9.95433292677626,9.965304772835225,10.97184605896473,True,
2010,onnx_model_017,measure,9.95703701538996,9.95811784081161,9.969266192987561,11.148352175951004,True,
2011,onnx_model_087,measure,9.963358844095849,9.964199430774897,9.975117565132678,10.918134357780218,True,
2012,onnx_model_070,measure,9.967795176443518,9.968530513811857,9.979592310730368,11.06179691851139,True,
2013,onnx_model_062,measure,9.971632209958786,9.972490551881492,9.983537029940635,11.046478059142828,True,
2014,onnx_model_027,measure,9.977342667103152,9.97836994798854,9.989383784122765,11.01383613422513,True,
2015,onnx_model_072,measure,9.981844789108882,9.982869680970907,9.993943130131811,11.073449160903692,True,
2016,onnx_model_084,measure,9.989886381010733,9.990602360107005,10.001585316844285,10.982956737279892,True,
2017,onnx_model_000,measure,9.992395115400523,9.99305702606216,10.004064029082656,11.007003020495176,True,
2018,onnx_model_034,measure,9.997393056262776,9.99816856207326,10.00905735976994,10.88879769667983,True,
2019,onnx_model_045,measure,10.000376540343174,10.000640350859612,10.011810553725809,11.170202866196632,True,
2020,onnx_model_057,measure,10.000449007103397,10.0008150129579,10.011873963754624,11.058950796723366,True,
2021,onnx_model_019,measure,10.002554010579033,10.002831855788827,10.013988574035466,11.156718246638775,True,
2022,onnx_model_050,measure,10.00263742733427,10.002998473122716,10.01412169681862,11.123223695904016,True,
2023,onnx_model_057,measure,10.006725812653922,10.007296181749552,10.011989773716778,4.693591967225075,True,
2024,onnx_model_079,measure,10.016043215037422,10.016341435723007,10.027275681030005,10.934245306998491,True,
2025,onnx_model_040,measure,10.019166967564495,10.019787816796452,10.030694028828293,10.906212031841278,True,
2026,onnx_model_090,measure,10.021121908297628,10.022231802809983,10.033143504988402,10.911702178418636,True,
2027,onnx_model_005,measure,10.027744877782856,10.028497432824224,10.039536396972835,11.03896414861083,True,
2028,onnx_model_083,measure,10.030666524618846,10.030845015775412,10.041802124120295,10.957108344882727,True,
2029,onnx_model_036,measure,10.043082060020454,10.044041109737009,10.055122463963926,11.081354226917028,True,
2030,onnx_model_019,measure,10.060133217548106,10.060349700041115,10.07140390202403,11.054201982915401,True,
2031,onnx_model_052,measure,10.062788215438804,10.063801812008023,10.075175682082772,11.373870074748993,True,
2032,onnx_model_022,measure,10.063487460955173,10.063967336900532,10.075026337988675,11.059001088142395,True,
2033,onnx_model_051,measure,10.065154152752093,10.065477075986564,10.076794349122792,11.317273136228323,True,
2034,onnx_model_065,measure,10.069914490592565,10.070937626063824,10.081892198882997,10.954572819173336,True,
2035,onnx_model_073,measure,10.071361848909383,10.071553676854819,10.082661462016404,11.107785161584616,True,
2036,onnx_model_023,measure,10.071537378563411,10.072048837784678,10.08297232305631,10.923485271632671,True,
2037,onnx_model_005,measure,10.073938932860647,10.0744859110564,10.085587312933058,11.101401876658201,True,
2038,onnx_model_050,measure,10.075235405753908,10.076415007933974,10.087417191825807,11.002183891832829,True,
2039,onnx_model_076,measure,10.077765206661978,10.078018586151302,10.088992435950786,10.973849799484015,True,
2040,onnx_model_059,measure,10.08480748738169,10.085192171856761,10.096117760054767,10.925588198006153,True,
2041,onnx_model_068,measure,10.100303867487186,10.101356849074364,10.112276405096054,10.919556021690369,True,
2042,onnx_model_015,measure,10.10462468606248,10.105808911845088,10.116861862130463,11.052950285375118,True,
2043,onnx_model_058,measure,10.113835977622708,10.114501405041665,10.125457942020148,10.9565369784832,True,
2044,onnx_model_062,measure,10.117353558902629,10.118083263747394,10.129159006755799,11.07574300840497,True,
2045,onnx_model_048,measure,10.119964655424173,10.120531887747347,10.131785430014133,11.253542266786098,True,
2046,onnx_model_082,measure,10.120076360730183,10.120710867922753,10.131827268749475,11.116400826722383,True,
2047,onnx_model_030,measure,10.127138696016159,10.127705142833292,10.138657662086189,10.952519252896309,True,
2048,onnx_model_044,measure,10.13126007564842,10.13192036608234,10.142922630067915,11.002263985574245,True,
2049,onnx_model_024,measure,10.13180317307937,10.132289077155292,10.143263096921146,10.974019765853882,True,
2050,onnx_model_020,measure,10.132882324147028,10.13372813211754,10.144640875980258,10.912743862718344,True,
2051,onnx_model_048,measure,10.13716497225919,10.138167991768569,10.149261800106615,11.093808338046074,True,
2052,onnx_model_001,measure,10.148048649090159,10.148870726116002,10.160117183811963,11.246457695960999,True,
2053,onnx_model_030,measure,10.153464337492368,10.154507259838283,10.165462675038725,10.955415200442076,True,
2054,onnx_model_033,measure,10.1581365558107,10.158970164135098,10.16985742887482,10.887264739722013,True,
2055,onnx_model_067,measure,10.160758234809997,10.161340138874948,10.172117004171014,10.776865296065807,True,
2056,onnx_model_042,measure,10.173136392859092,10.173360919114202,10.184344828128815,10.983909014612436,True,
2057,onnx_model_009,measure,10.188224647512538,10.18856969801709,10.199599904939532,11.030206922441721,True,
2058,onnx_model_077,measure,10.192867577710812,10.194033634848893,10.20568550284952,11.651868000626564,True,
2059,onnx_model_035,measure,10.193382872149073,10.194197124801576,10.205803397111595,11.60627231001854,True,
2060,onnx_model_025,measure,10.195940258334504,10.196725470945239,10.207821833901107,11.096362955868244,True,
2061,onnx_model_032,measure,10.208796411215333,10.209062492009252,10.22013405803591,11.07156602665782,True,
2062,onnx_model_051,measure,10.214196716895598,10.21450704196468,10.225453048944473,10.94600697979331,True,
2063,onnx_model_091,measure,10.217691396519308,10.217959684785455,10.22901712404564,11.057439260184765,True,
2064,onnx_model_058,measure,10.228720291752618,10.229111823718995,10.24021149193868,11.099668219685555,True,
2065,onnx_model_010,measure,10.237078879877851,10.237552157137543,10.249024935998023,11.472778860479593,True,
2066,onnx_model_043,measure,10.241438804448347,10.242444967851043,10.253832994960248,11.388027109205723,True,
2067,onnx_model_055,measure,10.241520555935873,10.242627264000475,10.254012315999717,11.385051999241114,True,
2068,onnx_model_039,measure,10.242083902991677,10.242781988810748,10.254052211996168,11.270223185420036,True,
2069,onnx_model_018,measure,10.247349954631233,10.248386241029948,10.259547336958349,11.161095928400755,True,
2070,onnx_model_080,measure,10.247905616830675,10.248573807999492,10.259779178071767,11.2053700722754,True,
2071,onnx_model_091,measure,10.251362838107509,10.252257459796965,10.263178029097617,10.92056930065155,True,
2072,onnx_model_080,measure,10.255378631893333,10.256273403763771,10.259819895029068,3.546491265296936,True,
2073,onnx_model_029,measure,10.256523675675007,10.257734791841358,10.268653927836567,10.919135995209217,True,
2074,onnx_model_020,measure,10.263843274352045,10.264416251797229,10.275445196777582,11.028944980353117,True,
2075,onnx_model_060,measure,10.271020197309676,10.271877876017243,10.282897232100368,11.019356083124876,True,
2076,onnx_model_014,measure,10.283516283065799,10.284129704814404,10.295230065006763,11.100360192358494,True,
2077,onnx_model_070,measure,10.28498514471998,10.285571786109358,10.296684369910508,11.112583801150322,True,
2078,onnx_model_041,measure,10.288404976515341,10.289022115059197,10.2999522308819,10.930115822702646,True,
2079,onnx_model_089,measure,10.305384043391987,10.30617227498442,10.317194325849414,11.022050864994526,True,
2080,onnx_model_063,measure,10.30617697407667,10.306533941999078,10.317532849963754,10.998907964676619,True,
2081,onnx_model_050,measure,10.313812825657019,10.314990616869181,10.325813058763742,10.822441894561052,True,
2082,onnx_model_053,measure,10.315901944797146,10.316429832950234,10.327304403763264,10.874570813030005,True,
2083,onnx_model_043,measure,10.319031278266998,10.319761836901307,10.330614756792784,10.852919891476631,True,
2084,onnx_model_060,measure,10.320482728574225,10.321201133076102,10.331997905857861,10.7967727817595,True,
2085,onnx_model_086,measure,10.331933925538841,10.332086924929172,10.34290933702141,10.822412092238665,True,
2086,onnx_model_095,measure,10.345041259545145,10.346073881722987,10.356858923099935,10.785041376948357,True,
2087,onnx_model_061,measure,10.35537160235598,10.356357009150088,10.367092316038907,10.73530688881874,True,
2088,onnx_model_089,measure,10.356960988291943,10.358022034168243,10.368692747782916,10.670713614672422,True,
2089,onnx_model_087,measure,10.36459183994901,10.36531585874036,10.376203555148095,10.887696407735348,True,
2090,onnx_model_076,measure,10.36472509877355,10.365414245985448,10.376276382710785,10.862136725336313,True,
2091,onnx_model_004,measure,10.367474049228735,10.368258792907,10.379413575865328,11.154782958328724,True,
2092,onnx_model_021,measure,10.367729887457207,10.368354654870927,10.379144704900682,10.790050029754639,True,
2093,onnx_model_045,measure,10.369766582840203,10.370861871168017,10.38170287804678,10.841006878763437,True,
2094,onnx_model_083,measure,10.370178814436388,10.37095522787422,10.381772581022233,10.817353148013353,True,
2095,onnx_model_047,measure,10.374461778683393,10.375285840127617,10.386056052986532,10.770212858915329,True,
2096,onnx_model_043,measure,10.378941054143654,10.37921233382076,10.390087196137756,10.87486231699586,True,
2097,onnx_model_046,measure,10.382939052193118,10.383925792761147,10.394809131044894,10.883338283747435,True,
2098,onnx_model_080,measure,10.38327203083501,10.384019591845572,10.39490362117067,10.8840293250978,True,
2099,onnx_model_040,measure,10.38506739748645,10.385338339023292,10.396152425091714,10.814086068421602,True,
2100,onnx_model_095,measure,10.395809554100008,10.39624489005655,10.407193703111261,10.948813054710627,True,
2101,onnx_model_089,measure,10.396684303200379,10.397688996046782,10.408580869901925,10.891873855143785,True,
2102,onnx_model_039,measure,10.397584243448941,10.398041424807161,10.408930002711713,10.888577904552221,True,
2103,onnx_model_060,measure,10.398192333253713,10.398387252818793,10.409411688800901,11.024435982108116,True,
2104,onnx_model_018,measure,10.40265717089127,10.403808949049562,10.414687126874924,10.87817782536149,True,
2105,onnx_model_045,measure,10.40601190371716,10.406317247077823,10.417167170904577,10.849923826754093,True,
2106,onnx_model_027,measure,10.408714448754282,10.409037396777421,10.419945462141186,10.908065363764763,True,
2107,onnx_model_026,measure,10.413264410191207,10.413651498034596,10.424543492030352,10.89199399575591,True,
2108,onnx_model_042,measure,10.41482944361075,10.415904060006142,10.426831029821187,10.926969815045595,True,
2109,onnx_model_007,measure,10.423683645450094,10.424180021043867,10.435171453747898,10.991432704031467,True,
2110,onnx_model_086,measure,10.430849371614329,10.432049400173128,10.442943869158626,10.894468985497952,True,
2111,onnx_model_014,measure,10.4387307664252,10.439392677973956,10.450381516944617,10.988838970661163,True,
2112,onnx_model_096,measure,10.440516514129827,10.440842283889651,10.451789883896708,10.94760000705719,True,
2113,onnx_model_069,measure,10.446717427893141,10.447166164871305,10.45817294716835,11.006782297044992,True,
2114,onnx_model_028,measure,10.450066989087661,10.450474933721125,10.461501353885978,11.026420164853334,True,
2115,onnx_model_077,measure,10.459566087064617,10.460388598963618,10.471425088122487,11.03648915886879,True,
2116,onnx_model_017,measure,10.462055871528761,10.462733495980501,10.47415380505845,11.420309077948332,True,
2117,onnx_model_040,measure,10.462605062762998,10.462890734896064,10.474197397008538,11.306662112474442,True,
2118,onnx_model_077,measure,10.462769734037014,10.463311815168709,10.4715337138623,8.221898693591356,True,
2119,onnx_model_044,measure,10.47300123068852,10.473752400837839,10.484645057003945,10.892656166106462,True,
2120,onnx_model_070,measure,10.475487337000294,10.476416975725442,10.487309121061116,10.892145335674286,True,
2121,onnx_model_078,measure,10.478173856173717,10.478864068165421,10.489743899088353,10.879830922931433,True,
2122,onnx_model_064,measure,10.492800835760256,10.49397925985977,10.504916980862617,10.937721002846956,True,
2123,onnx_model_043,measure,10.505661735677192,10.506177307106555,10.517188857775182,11.011550668627024,True,
2124,onnx_model_026,measure,10.507340172383264,10.507623906712979,10.518504628911614,10.88072219863534,True,
2125,onnx_model_079,measure,10.509316179870826,10.510051490738988,10.52094350475818,10.892014019191265,True,
2126,onnx_model_049,measure,10.510397043136518,10.51147970603779,10.522777060978115,11.297354940325022,True,
2127,onnx_model_096,measure,10.510966329523756,10.511649618856609,10.522829068824649,11.17944996803999,True,
2128,onnx_model_086,measure,10.511702237290319,10.512068565003574,10.522969145793468,10.900580789893866,True,
2129,onnx_model_095,measure,10.514619354083734,10.515489859040827,10.526331546716392,10.841687675565481,True,
2130,onnx_model_070,measure,10.521608787373768,10.522179634775966,10.533019880764186,10.840245988219976,True,
2131,onnx_model_049,measure,10.524321674936647,10.525196670088917,10.53588295308873,10.686282999813557,True,
2132,onnx_model_043,measure,10.525969001439481,10.526429082732648,10.537189246155322,10.76016342267394,True,
2133,onnx_model_065,measure,10.526081837553257,10.526591661851853,10.537334031891078,10.742370039224625,True,
2134,onnx_model_047,measure,10.527576518785668,10.52812431473285,10.538780671078712,10.65635634586215,True,
2135,onnx_model_015,measure,10.53046897622161,10.531570476014167,10.542447160929441,10.876684915274382,True,
2136,onnx_model_058,measure,10.53144120439142,10.531755547970533,10.542556479107589,10.800931137055159,True,
2137,onnx_model_093,measure,10.540954804155296,10.542004338931292,10.55284450482577,10.84016589447856,True,
2138,onnx_model_052,measure,10.548825067759552,10.549780820962042,10.560523560736328,10.742739774286747,True,
2139,onnx_model_008,measure,10.557371685704496,10.558075116947293,10.569085926748812,11.010809801518917,True,
2140,onnx_model_016,measure,10.55793096884991,10.558238408062607,10.569148034788668,10.909626726061106,True,
2141,onnx_model_051,measure,10.55849329779651,10.558700094930828,10.569442565087229,10.742470156401396,True,
2142,onnx_model_025,measure,10.571184313262908,10.571698103100061,10.582586991135031,10.888888034969568,True,
2143,onnx_model_064,measure,10.572372376648072,10.57315712608397,10.584017810877413,10.860684793442488,True,
2144,onnx_model_069,measure,10.590770410770443,10.59124175272882,10.602089392952621,10.847640223801136,True,
2145,onnx_model_084,measure,10.60232043333969,10.60333155374974,10.614259014837444,10.927461087703705,True,
2146,onnx_model_054,measure,10.606337048820032,10.60677511896938,10.617875759955496,11.10064098611474,True,
2147,onnx_model_092,measure,10.608454036712342,10.609206140041351,10.620031578000635,10.82543795928359,True,
2148,onnx_model_081,measure,10.609292344585361,10.60956094507128,10.620310998987406,10.75005391612649,True,
2149,onnx_model_032,measure,10.611612748133414,10.612013315781951,10.622914307750762,10.900991968810558,True,
2150,onnx_model_044,measure,10.616656367401722,10.617482502944767,10.628368755802512,10.886252857744694,True,
2151,onnx_model_083,measure,10.620500693365434,10.621549142990261,10.632406631018966,10.85748802870512,True,
2152,onnx_model_067,measure,10.633054357472245,10.6336431321688,10.64456326002255,10.920127853751183,True,
2153,onnx_model_029,measure,10.641112196328038,10.642101770732552,10.653081841766834,10.980071034282446,True,
2154,onnx_model_041,measure,10.650930000875691,10.6517886640504,10.663563475944102,11.774811893701553,True,
2155,onnx_model_032,measure,10.653448322643127,10.654301229864359,10.665232848841697,10.931618977338076,True,
2156,onnx_model_093,measure,10.654300430743486,10.654681893996894,10.66567122284323,10.989328846335411,True,
2157,onnx_model_099,measure,10.656086593139094,10.657121730968356,10.667988317087293,10.866586118936539,True,
2158,onnx_model_066,measure,10.661586230485192,10.66270283004269,10.67386936582625,11.166535783559084,True,
2159,onnx_model_029,measure,10.661763035215122,10.662893482949585,10.67398624913767,11.09276618808508,True,
2160,onnx_model_002,measure,10.662077125676657,10.6630416540429,10.67419479507953,11.153141036629677,True,
2161,onnx_model_002,measure,10.677627359831831,10.67842069780454,10.689443410839885,11.022713035345078,True,
2162,onnx_model_048,measure,10.68128884617023,10.681892496999353,10.693032492883503,11.139995884150267,True,
2163,onnx_model_072,measure,10.681677248606528,10.68205838277936,10.693073650822043,11.015268042683601,True,
2164,onnx_model_018,measure,10.68385322042076,10.684570477809757,10.695494844112545,10.924366302788258,True,
2165,onnx_model_059,measure,10.692491317100755,10.693167780060321,10.704178659711033,11.010879650712013,True,
2166,onnx_model_008,measure,10.69947710216547,10.699731676839292,10.710727408062667,10.995731223374605,True,
2167,onnx_model_010,measure,10.702037690780104,10.703179239761084,10.714125427883118,10.946188122034073,True,
2168,onnx_model_094,measure,10.705226281590045,10.706405081786215,10.7172985188663,10.893437080085278,True,
2169,onnx_model_085,measure,10.710254520202112,10.710824523121119,10.721822779159993,10.998256038874388,True,
2170,onnx_model_087,measure,10.71380301501206,10.714227461721748,10.725141528062522,10.914066340774298,True,
2171,onnx_model_089,measure,10.715117489422097,10.715682758018374,10.726943523157388,11.260765139013529,True,
2172,onnx_model_092,measure,10.715170234428614,10.715851589106023,10.726890813093632,11.039223987609148,True,
2173,onnx_model_056,measure,10.718299029503365,10.71852058172226,10.729516413994133,10.995832271873951,True,
2174,onnx_model_032,measure,10.721732541347876,10.721966593060642,10.732946263160557,10.979670099914074,True,
2175,onnx_model_094,measure,10.723668279970349,10.724435977172107,10.73528747400269,10.851496830582619,True,
2176,onnx_model_090,measure,10.726958993011996,10.728161898907274,10.739378611091524,11.216712184250355,True,
2177,onnx_model_073,measure,10.7362194125017,10.736505468841642,10.747526558116078,11.021089274436235,True,
2178,onnx_model_017,measure,10.73825712726121,10.738966647069901,10.749895261134952,10.928614065051079,True,
2179,onnx_model_004,measure,10.743950811913358,10.744628749787807,10.755537236109376,10.908486321568489,True,
2180,onnx_model_035,measure,10.74563983022962,10.746069849003106,10.757138309068978,11.068460065871477,True,
2181,onnx_model_069,measure,10.746691911741024,10.747636947780848,10.758522971067578,10.886023286730051,True,
2182,onnx_model_085,measure,10.753745601809724,10.754119219724089,10.765057723037899,10.938503313809633,True,
2183,onnx_model_030,measure,10.755756673465973,10.756756253074855,10.767751943785697,10.99569071084261,True,
2184,onnx_model_059,measure,10.759888539309832,10.76075340108946,10.77181058889255,11.057187803089619,True,
2185,onnx_model_060,measure,10.762411212919394,10.763213016092777,10.774226752109826,11.013736017048359,True,
2186,onnx_model_007,measure,10.76601025275211,10.766296287067235,10.777339227963239,11.042940896004438,True,
2187,onnx_model_003,measure,10.76933939066062,10.769976383075118,10.780936336144805,10.95995306968689,True,
2188,onnx_model_060,measure,10.778728364302236,10.779560199938715,10.790589415002614,11.029215063899755,True,
2189,onnx_model_008,measure,10.784075957689916,10.785161157138646,10.796132632065564,10.971474926918745,True,
2190,onnx_model_031,measure,10.785291744623352,10.785532974172384,10.796671135816723,11.138161644339561,True,
2191,onnx_model_050,measure,10.792758981669763,10.79384838975966,10.804842769168317,10.99437940865755,True,
2192,onnx_model_051,measure,10.79599675601934,10.796265745069832,10.80717448098585,10.908735916018486,True,
2193,onnx_model_040,measure,10.79751145041833,10.797892346978188,10.808850476983935,10.95813000574708,True,
2194,onnx_model_019,measure,10.80137769726127,10.80233736615628,10.813343117013574,11.005750857293606,True,
2195,onnx_model_091,measure,10.801860158775844,10.802505695726722,10.813501517754048,10.99582202732563,True,
2196,onnx_model_002,measure,10.814443387313393,10.814753658138216,10.825827627908438,11.073969770222902,True,
2197,onnx_model_023,measure,10.815629332468454,10.816198605112731,10.827419063076377,11.220457963645458,True,
2198,onnx_model_077,measure,10.82360828508162,10.824650500901043,10.835527947172523,10.87744627147913,True,
2199,onnx_model_029,measure,10.826258455377056,10.827073106076568,10.838073004968464,10.99989889189601,True,
2200,onnx_model_067,measure,10.841887250510888,10.842294578906149,10.853441938757896,11.147359851747751,True,
2201,onnx_model_043,measure,10.850412333048359,10.850777213927358,10.861674387939274,10.897174011915922,True,
2202,onnx_model_078,measure,10.85123898213519,10.852224033791572,10.863331557717174,11.107523925602436,True,
2203,onnx_model_035,measure,10.85137624889332,10.85238881688565,10.863540776073933,11.15195918828249,True,
2204,onnx_model_049,measure,10.851613321293238,10.8525326307863,10.863699747715145,11.167116928845644,True,
2205,onnx_model_038,measure,10.86012038611614,10.860682081896812,10.871562193147838,10.880111251026392,True,
2206,onnx_model_037,measure,10.868063971818712,10.868851409759372,10.879645968787372,10.79455902799964,True,
2207,onnx_model_075,measure,10.868982816570774,10.870131332892925,10.881006455048919,10.875122155994177,True,
2208,onnx_model_081,measure,10.874072368429408,10.874726026784629,10.885440513957292,10.714487172663212,True,
2209,onnx_model_020,measure,10.875668962040967,10.876004647929221,10.886788126081228,10.783478152006865,True,
2210,onnx_model_035,measure,10.878965641000494,10.87928243773058,10.89011246478185,10.830027051270008,True,
2211,onnx_model_092,measure,10.880236580575822,10.880795754957944,10.891529327724129,10.733572766184807,True,
2212,onnx_model_043,measure,10.881294489845246,10.882169025018811,10.89281765697524,10.64863195642829,True,
2213,onnx_model_069,measure,10.886840126224977,10.887938181869686,10.898705658968538,10.767477098852396,True,
2214,onnx_model_079,measure,10.892937583798846,10.893965499009937,10.904814220964909,10.848721954971552,True,
2215,onnx_model_041,measure,10.897288728166961,10.898247678764164,10.909172716084868,10.925037320703268,True,
2216,onnx_model_020,measure,10.908892237155971,10.909230014774948,10.919979778118432,10.74976334348321,True,
2217,onnx_model_033,measure,10.909943993459573,10.910511700902134,10.921217791736126,10.706090833991766,True,
2218,onnx_model_014,measure,10.91848523366342,10.918798151891679,10.92967284284532,10.87469095364213,True,
2219,onnx_model_047,measure,10.926137379952591,10.926373481750488,10.937548754736781,11.175272986292839,True,
2220,onnx_model_064,measure,10.935219636087844,10.93583332374692,10.94676810875535,10.934785008430481,True,
2221,onnx_model_081,measure,10.936146514021575,10.937177708838135,10.948130228091031,10.952519252896309,True,
2222,onnx_model_045,measure,10.940040505322163,10.940800636075437,10.951729380059987,10.928743984550238,True,
2223,onnx_model_004,measure,10.940901445999554,10.941178994718939,10.951872651930898,10.693657211959362,True,
2224,onnx_model_012,measure,10.952359566510879,10.953103651758283,10.964140782132745,11.037130374461412,True,
2225,onnx_model_066,measure,10.962372277419242,10.963536945171654,10.974625091068447,11.088145896792412,True,
2226,onnx_model_031,measure,10.964884882043531,10.965360610745847,10.976362334098667,11.001723352819681,True,
2227,onnx_model_071,measure,10.965968811147013,10.96675835782662,10.977642707992345,10.884350165724754,True,
2228,onnx_model_069,measure,10.967861702990819,10.968178037088364,10.979148579761386,10.970542673021555,True,
2229,onnx_model_010,measure,10.981592749099638,10.982386304996908,10.993356777820736,10.970472823828459,True,
2230,onnx_model_095,measure,10.996027518782352,10.99657581700012,11.007598398718983,11.022581718862057,True,
2231,onnx_model_020,measure,10.996627392948607,10.996961208991706,11.008147824089974,11.186615098267794,True,
2232,onnx_model_042,measure,10.996824205495102,10.997117636725307,11.008208388928324,11.090752203017473,True,
2233,onnx_model_043,measure,10.999158776656138,10.999648808036,11.010631744749844,10.982936713844538,True,
2234,onnx_model_006,measure,11.00040996389758,11.00107484916225,11.012032398022711,10.95754886046052,True,
2235,onnx_model_064,measure,11.009026841733668,11.00942193577066,11.020504212006927,11.082276236265898,True,
2236,onnx_model_011,measure,11.009426670929484,11.009787050075829,11.020979925990105,11.192875914275646,True,
2237,onnx_model_084,measure,11.012062133478407,11.013246224727482,11.024140744004399,10.89451927691698,True,
2238,onnx_model_015,measure,11.013216163737805,11.013592103030533,11.024683665949851,11.091562919318676,True,
2239,onnx_model_015,measure,11.01715604254214,11.018030859995633,11.024796690791845,6.765830796211958,True,
2240,onnx_model_006,measure,11.01997663292957,11.02059913193807,11.03158217901364,10.98304707556963,True,
2241,onnx_model_055,measure,11.0267022434762,11.027016120031476,11.038007873110473,10.991753078997135,True,
2242,onnx_model_028,measure,11.033106375353826,11.033799783792347,11.044790145941079,10.990362148731947,True,
2243,onnx_model_043,measure,11.037690608899293,11.038101981859654,11.049136216752231,11.034234892576933,True,
2244,onnx_model_070,measure,11.039601397605828,11.040541649796069,11.051404708996415,10.86305920034647,True,
2245,onnx_model_023,measure,11.041823403959434,11.042992618866265,11.053808107972145,10.81548910588026,True,
2246,onnx_model_069,measure,11.044338824188245,11.044884524773806,11.055775578133762,10.89105335995555,True,
2247,onnx_model_031,measure,11.045157066323029,11.046314222738147,11.057256371714175,10.942148976027966,True,
2248,onnx_model_013,measure,11.048380395134881,11.048751895781606,11.05987934814766,11.127452366054058,True,
2249,onnx_model_050,measure,11.04903921127034,11.049275401979685,11.060163298156112,10.887896176427603,True,
2250,onnx_model_048,measure,11.058543218471744,11.059474247973412,11.070479337126017,11.005089152604342,True,
2251,onnx_model_063,measure,11.063532228180325,11.064389972016215,11.075504790060222,11.114818044006824,True,
2252,onnx_model_070,measure,11.064502676092122,11.064769524149597,11.075666246935725,10.896722786128521,True,
2253,onnx_model_015,measure,11.072366708357835,11.072712501976639,11.083669410087168,10.956908110529184,True,
2254,onnx_model_044,measure,11.074211304022516,11.07516731787473,11.086141658946872,10.974341072142124,True,
2255,onnx_model_093,measure,11.080897903163324,11.081886250060052,11.092777372803539,10.891122743487358,True,
2256,onnx_model_069,measure,11.08314733684339,11.083763858769089,11.0947155370377,10.951678268611431,True,
2257,onnx_model_062,measure,11.087167566633935,11.088309439830482,11.099236391019076,10.926951188594103,True,
2258,onnx_model_013,measure,11.088197552145633,11.088404730893672,11.099366398062557,10.96166716888547,True,
2259,onnx_model_078,measure,11.09117827416577,11.091799544170499,11.102672692853957,10.873148683458567,True,
2260,onnx_model_061,measure,11.094627309878847,11.094855061732233,11.1057867417112,10.931679978966713,True,
2261,onnx_model_011,measure,11.096461151249299,11.097289799712598,11.108090500812978,10.800701100379229,True,
2262,onnx_model_001,measure,11.116737549727828,11.118315888103098,11.129287513904274,10.971625801175833,True,
2263,onnx_model_005,measure,11.118388441126953,11.118702963925898,11.129526938777417,10.82397485151887,True,
2264,onnx_model_021,measure,11.119097073361884,11.120144182816148,11.131339053157717,11.194870341569185,True,
2265,onnx_model_085,measure,11.119731238802494,11.120309507939965,11.131384700071067,11.075192131102085,True,
2266,onnx_model_012,measure,11.124148342144402,11.12484858604148,11.135848104022443,10.999517980962992,True,
2267,onnx_model_069,measure,11.12469987332803,11.12501379987225,11.13597256084904,10.958760976791382,True,
2268,onnx_model_036,measure,11.130212686656535,11.13075293879956,11.14173011481762,10.977176018059254,True,
2269,onnx_model_066,measure,11.131269690391075,11.131527000106871,11.142475641798228,10.948641691356897,True,
2270,onnx_model_068,measure,11.13412991443644,11.134989181999117,11.14609704585746,11.10786385834217,True,
2271,onnx_model_027,measure,11.14545702916162,11.145710390992463,11.156713236123323,11.002845130860806,True,
2272,onnx_model_009,measure,11.148297920786636,11.149331263732165,11.160591717809439,11.260454077273607,True,
2273,onnx_model_040,measure,11.148390463422924,11.14949501492083,11.160480536986142,10.98552206531167,True,
2274,onnx_model_039,measure,11.157143050259851,11.157938264776021,11.168883710168302,10.945445392280817,True,
2275,onnx_model_051,measure,11.164677567734781,11.1658298750408,11.176847097929567,11.01722288876772,True,
2276,onnx_model_028,measure,11.179716292040787,11.18007057486102,11.19105276092887,10.982186067849398,True,
2277,onnx_model_096,measure,11.18528466691972,11.185513821896166,11.19655707385391,11.04325195774436,True,
2278,onnx_model_086,measure,11.186494991918298,11.186975060030818,11.198025295045227,11.050235014408827,True,
2279,onnx_model_092,measure,11.18653258747745,11.187141665723175,11.198065461125225,10.923795402050018,True,
2280,onnx_model_005,measure,11.188818486009001,11.189794207923114,11.200778076890856,10.983868967741728,True,
2281,onnx_model_009,measure,11.19264826025685,11.193279494065791,11.204247822985053,10.968328919261694,True,
2282,onnx_model_077,measure,11.195360655182952,11.195742915850133,11.20664618210867,10.90326625853777,True,
2283,onnx_model_067,measure,11.204411616695323,11.205467520747334,11.216451580170542,10.984059423208237,True,
2284,onnx_model_046,measure,11.214087880442278,11.214872498996556,11.225884972140193,11.01247314363718,True,
2285,onnx_model_073,measure,11.219585486113385,11.220703331753612,11.231705776881427,11.002445127815008,True,
2286,onnx_model_037,measure,11.223815857551838,11.224155134055763,11.235330055933446,11.174921877682209,True,
2287,onnx_model_089,measure,11.231654765581872,11.231874196790159,11.242859467864037,10.985271073877811,True,
2288,onnx_model_022,measure,11.252364673138194,11.253101776819676,11.264202608726919,11.100831907242537,True,
2289,onnx_model_090,measure,11.25377381694327,11.254553326871246,11.26588731072843,11.333983857184649,True,
2290,onnx_model_039,measure,11.254194159500374,11.25473988102749,11.26574659300968,11.006711982190609,True,
2291,onnx_model_015,measure,11.255670142553775,11.256257105153054,11.267495437990874,11.238332837820053,True,
2292,onnx_model_022,measure,11.261111927191582,11.261718126013875,11.264333456754684,2.6153307408094406,True,
2293,onnx_model_034,measure,11.262283279872834,11.263154776766896,11.27412957791239,10.974801145493984,True,
2294,onnx_model_037,measure,11.266877712325972,11.267108302097768,11.278171150945127,11.062848847359419,True,
2295,onnx_model_097,measure,11.277036939321777,11.277364847715944,11.288458034861833,11.093187145888805,True,
2296,onnx_model_032,measure,11.278384269267669,11.279390738811344,11.29039069917053,10.999960359185934,True,
2297,onnx_model_038,measure,11.300716873689531,11.301637636963278,11.31286269472912,11.225057765841484,True,
2298,onnx_model_060,measure,11.30110868709747,11.301808191929013,11.312973334919661,11.165142990648746,True,
2299,onnx_model_086,measure,11.3053501630706,11.306327080819756,11.317283167038113,10.956086218357086,True,
2300,onnx_model_010,measure,11.310159337046514,11.310866420157254,11.321842513978481,10.97609382122755,True,
2301,onnx_model_033,measure,11.319758425920114,11.320503789000213,11.331637904047966,11.134115047752857,True,
2302,onnx_model_035,measure,11.323574487551065,11.32409384381026,11.335067042149603,10.973198339343071,True,
2303,onnx_model_034,measure,11.324081993319103,11.324455772060901,11.335403130855411,10.947358794510365,True,
2304,onnx_model_033,measure,11.326335433810362,11.326917761005461,11.33177785994485,4.86009893938899,True,
2305,onnx_model_003,measure,11.32648600127979,11.327083666808903,11.338129282929003,11.045616120100021,True,
2306,onnx_model_027,measure,11.327297789690833,11.327559530735016,11.338527529966086,10.96799923107028,True,
2307,onnx_model_065,measure,11.329427425133966,11.330029105767608,11.340900370851159,10.871265083551407,True,
2308,onnx_model_071,measure,11.335919611682344,11.336701248772442,11.347727578133345,11.02632936090231,True,
2309,onnx_model_078,measure,11.343919615479935,11.34512235596776,11.356224059127271,11.10170315951109,True,
2310,onnx_model_090,measure,11.34599710897531,11.346566561143845,11.357494062744081,10.9275016002357,True,
2311,onnx_model_036,measure,11.34723630328861,11.347825713921338,11.358797510154545,10.971796233206987,True,
2312,onnx_model_043,measure,11.347771795457938,11.348187813069671,11.358957904856652,10.770091786980629,True,
2313,onnx_model_072,measure,11.348431183569291,11.349657245911658,11.360518401954323,10.861156042665243,True,
2314,onnx_model_078,measure,11.354377634854833,11.355096905957907,11.356268292758614,1.1713868007063866,True,
2315,onnx_model_048,measure,11.355348493444406,11.356360177043825,11.367216162849218,10.855985805392265,True,
2316,onnx_model_043,measure,11.361487716212139,11.361751454882324,11.372743509709835,10.99205482751131,True,
2317,onnx_model_016,measure,11.361515191100429,11.361916529014707,11.372892793733627,10.976264718919992,True,
2318,onnx_model_097,measure,11.361874003350803,11.362352307885885,11.373180960770696,10.828652884811163,True,
2319,onnx_model_074,measure,11.364401970944776,11.364861818030477,11.375780903734267,10.919085703790188,True,
2320,onnx_model_057,measure,11.37037748567213,11.371438869740814,11.38229035679251,10.851487051695585,True,
2321,onnx_model_089,measure,11.373268565454657,11.37439953815192,11.385239012073725,10.83947392180562,True,
2322,onnx_model_038,measure,11.380092568671403,11.381002618931234,11.391881017945707,10.878399014472961,True,
2323,onnx_model_003,measure,11.382378605256939,11.38350993487984,11.394843439105898,11.333504226058722,True,
2324,onnx_model_065,measure,11.387241845310093,11.387460986152291,11.398294999729842,10.83401357755065,True,
2325,onnx_model_088,measure,11.393041518103436,11.394107359927148,11.404967412818223,10.860052891075611,True,
2326,onnx_model_059,measure,11.394023506189951,11.394519622903317,11.405468144919723,10.94852201640606,True,
2327,onnx_model_012,measure,11.402609421778594,11.40346832294017,11.414312135893852,10.843812953680754,True,
2328,onnx_model_087,measure,11.407882340619729,11.408630665857345,11.41946823708713,10.83757122978568,True,
2329,onnx_model_007,measure,11.431630469589948,11.43364658812061,11.444472196046263,10.825607925653458,True,
2330,onnx_model_037,measure,11.434116307973714,11.434930498711765,11.44569292711094,10.762428399175406,True,
2331,onnx_model_094,measure,11.438593297407667,11.43920812010765,11.450071059167385,10.862939059734344,True,
2332,onnx_model_022,measure,11.449540740091066,11.44985744310543,11.460616293828934,10.75885072350502,True,
2333,onnx_model_070,measure,11.451635741557027,11.452225403860211,11.462997150141746,10.771746281534433,True,
2334,onnx_model_045,measure,11.453588266630238,11.454503032844514,11.465265460778028,10.762427933514118,True,
2335,onnx_model_047,measure,11.45690044938414,11.457789320033044,11.4684845097363,10.695189703255892,True,
2336,onnx_model_012,measure,11.459246228624648,11.460067039821297,11.470773981884122,10.706942062824965,True,
2337,onnx_model_065,measure,11.461815801439428,11.462770818732679,11.473574506118894,10.803687386214733,True,
2338,onnx_model_099,measure,11.470535980381435,11.470829026773572,11.481752892024815,10.923865251243114,True,
2339,onnx_model_096,measure,11.483427505356218,11.483969014137983,11.494934759102762,10.965744964778423,True,
2340,onnx_model_051,measure,11.492794115977222,11.494397377129644,11.505460926797241,11.063549667596817,True,
2341,onnx_model_031,measure,11.495300635696939,11.496152442879975,11.507209029980004,11.056587100028992,True,
2342,onnx_model_042,measure,11.500059869665428,11.500582504086196,11.51171642774716,11.133923660963774,True,
2343,onnx_model_087,measure,11.504051764369304,11.505091545172036,11.516158081125468,11.066535953432322,True,
2344,onnx_model_071,measure,11.50698787037612,11.507306955754757,11.518335449974984,11.028494220227003,True,
2345,onnx_model_093,measure,11.508551569097458,11.509751753881574,11.520658265799284,10.906511917710304,True,
2346,onnx_model_005,measure,11.512475361973912,11.51295306906104,11.523827789817005,10.874720755964518,True,
2347,onnx_model_070,measure,11.513802739783907,11.514379090163857,11.525413615163416,11.034524999558926,True,
2348,onnx_model_073,measure,11.521653108330629,11.52187090087682,11.532984655816108,11.113754939287901,True,
2349,onnx_model_086,measure,11.52399266849812,11.525043291039765,11.536035414785147,10.992123745381832,True,
2350,onnx_model_054,measure,11.528130239940735,11.528652111068368,11.539541308768094,10.889197699725628,True,
2351,onnx_model_031,measure,11.530634495334072,11.531083803158253,11.542164365760982,11.080562602728605,True,
2352,onnx_model_023,measure,11.531882852478969,11.532508730888367,11.54329884191975,10.790111031383276,True,
2353,onnx_model_039,measure,11.536302893079492,11.537251967936754,11.548383596818894,11.131628882139921,True,
2354,onnx_model_019,measure,11.538270496684829,11.538725738879293,11.549588919151574,10.86318027228117,True,
2355,onnx_model_064,measure,11.540904683773821,11.54177011596039,11.55275960592553,10.98948996514082,True,
2356,onnx_model_061,measure,11.544055085190756,11.54452842893079,11.555601748172194,11.073319241404533,True,
2357,onnx_model_031,measure,11.547525274944414,11.547996561974287,11.5590864517726,11.08988979831338,True,
2358,onnx_model_095,measure,11.553966210408516,11.554979785811156,11.566046352032572,11.066566221415997,True,
2359,onnx_model_006,measure,11.56120421360742,11.562320961151272,11.573418646119535,11.09768496826291,True,
2360,onnx_model_071,measure,11.566746878991964,11.567353576887399,11.578456121031195,11.102544143795967,True,
2361,onnx_model_071,measure,11.567972904115594,11.568771070800722,11.578567433170974,9.79636237025261,True,
2362,onnx_model_080,measure,11.56816780850128,11.568937487900257,11.57988906512037,10.951577220112085,True,
2363,onnx_model_049,measure,11.571809998336963,11.572457728907466,11.583557168021798,11.099439114332199,True,
2364,onnx_model_048,measure,11.573495293735549,11.574652281124145,11.58566536474973,11.01308362558484,True,
2365,onnx_model_099,measure,11.583237977906814,11.583672096021473,11.594747047871351,11.074951849877834,True,
2366,onnx_model_074,measure,11.585220975070888,11.585763190872967,11.596888227853924,11.125036980956793,True,
2367,onnx_model_074,measure,11.588310472846713,11.589215232990682,11.596950926817954,7.7356938272714615,True,
2368,onnx_model_071,measure,11.591127523235265,11.591672704089433,11.602637385949492,10.9646818600595,True,
2369,onnx_model_085,measure,11.593004174434032,11.59411714086309,11.605134612880647,11.017472017556429,True,
2370,onnx_model_061,measure,11.600926497278556,11.601173514034599,11.612202559132129,11.029045097529888,True,
2371,onnx_model_004,measure,11.606502224634436,11.60736338980496,11.618332971818745,10.969582013785839,True,
2372,onnx_model_037,measure,11.609551488475676,11.609808276873082,11.620714327786118,10.90605091303587,True,
2373,onnx_model_052,measure,11.62138150285935,11.62194433575496,11.632952510844916,11.00817508995533,True,
2374,onnx_model_045,measure,11.622714504514299,11.623461690731347,11.634357342030853,10.895651299506426,True,
2375,onnx_model_096,measure,11.629251245359425,11.6299166707322,11.640788475982845,10.871805250644684,True,
2376,onnx_model_027,measure,11.63701971079167,11.637578123714775,11.648556182160974,10.978058446198702,True,
2377,onnx_model_043,measure,11.639662468166927,11.640046124812216,11.65100875403732,10.962629225105047,True,
2378,onnx_model_076,measure,11.645766984691614,11.646025421097875,11.657047271728516,11.021850630640984,True,
2379,onnx_model_017,measure,11.646882293310291,11.647472863085568,11.658691607881337,11.218744795769453,True,
2380,onnx_model_010,measure,11.649135411665053,11.64976263511926,11.660650070756674,10.887435637414455,True,
2381,onnx_model_081,measure,11.650762123520854,11.651107811834663,11.66192914173007,10.821329895406961,True,
2382,onnx_model_069,measure,11.654413087655628,11.655553943943232,11.666481915861368,10.927971918135881,True,
2383,onnx_model_023,measure,11.657162363860154,11.658289283048362,11.669274494983256,10.985211934894323,True,
2384,onnx_model_036,measure,11.659322305372203,11.65991338994354,11.670984535012394,11.071145068854094,True,
2385,onnx_model_001,measure,11.660415414742186,11.66074685472995,11.671696308068931,10.949453338980675,True,
2386,onnx_model_036,measure,11.661516217417228,11.662024172954261,11.671110785100609,9.086612146347761,True,
2387,onnx_model_074,measure,11.671163752611086,11.671790666878223,11.682680336758494,10.889669880270958,True,
2388,onnx_model_004,measure,11.673661216622838,11.674239832907915,11.685179757885635,10.939924977719784,True,
2389,onnx_model_011,measure,11.680045182665113,11.680695964954793,11.691582598723471,10.886633768677711,True,
2390,onnx_model_004,measure,11.685262445454784,11.686397733166814,11.697524384129792,11.126650962978601,True,
2391,onnx_model_096,measure,11.68697383608316,11.687852539122105,11.698762436863035,10.909897740930319,True,
2392,onnx_model_061,measure,11.687990995464345,11.688209707848728,11.699104878120124,10.895170271396637,True,
2393,onnx_model_009,measure,11.690721861385262,11.691701113712043,11.702588139101863,10.887025389820337,True,
2394,onnx_model_043,measure,11.696788988870436,11.697173296008259,11.708092452026904,10.919156018644571,True,
2395,onnx_model_040,measure,11.700381772289912,11.70132557908073,11.712233894038945,10.90831495821476,True,
2396,onnx_model_006,measure,11.703308593959015,11.703824809752405,11.714822866022587,10.998056270182133,True,
2397,onnx_model_072,measure,11.71226829287344,11.713461006991565,11.724553892854601,11.092885863035917,True,
2398,onnx_model_053,measure,11.713899440586193,11.714937183074653,11.725923466030508,10.986282955855131,True,
2399,onnx_model_067,measure,11.715891504412417,11.716397658921778,11.727277419995517,10.879761073738337,True,
2400,onnx_model_050,measure,11.750996115862204,11.751501496881247,11.762553103733808,11.051606852561235,True,
2401,onnx_model_021,measure,11.762632652824239,11.763763214927167,11.77516704192385,11.403826996684074,True,
2402,onnx_model_066,measure,11.76358157620858,11.763928608968854,11.775017497129738,11.08888816088438,True,
2403,onnx_model_092,measure,11.764429169983925,11.765452805906534,11.776791478972882,11.338673066347837,True,
2404,onnx_model_030,measure,11.765330252345274,11.765631977003068,11.776669296901673,11.037319898605347,True,
2405,onnx_model_080,measure,11.769530983885527,11.770145616028458,11.781242599710822,11.096983682364225,True,
2406,onnx_model_059,measure,11.781570544912327,11.782465314958245,11.793618564959615,11.153250001370907,True,
2407,onnx_model_087,measure,11.785375457079256,11.785938846878707,11.79725188203156,11.313035152852535,True,
2408,onnx_model_027,measure,11.785501471451559,11.786104722879827,11.797298399731517,11.193676851689816,True,
2409,onnx_model_034,measure,11.792380874224524,11.792643060907722,11.803659260738641,11.016199830919504,True,
2410,onnx_model_030,measure,11.793354038654309,11.793717814143747,11.804747068788856,11.029254645109177,True,
2411,onnx_model_048,measure,11.793647125140714,11.794082266744226,11.805230668745935,11.148402001708746,True,
2412,onnx_model_057,measure,11.795916640837266,11.79651998076588,11.807426952756941,10.906971991062164,True,
2413,onnx_model_023,measure,11.80043785255447,11.801521807909012,11.812547606881708,11.025798972696066,True,
2414,onnx_model_005,measure,11.801609831844466,11.801911117974669,11.812884256709367,10.973138734698296,True,
2415,onnx_model_055,measure,11.801965317948179,11.802263828925788,11.813254159875214,10.990330949425697,True,
2416,onnx_model_069,measure,11.804384145318803,11.804844754748046,11.81591885490343,11.074100155383348,True,
2417,onnx_model_010,measure,11.825328988731512,11.826145163737237,11.837180981878191,11.03581814095378,True,
2418,onnx_model_002,measure,11.826642975741846,11.827595902141184,11.838638241868466,11.042339727282524,True,
2419,onnx_model_048,measure,11.828154489379115,11.829048783052713,11.840225669089705,11.176886036992073,True,
2420,onnx_model_093,measure,11.828729876618464,11.829214088153094,11.840170323848724,10.956235695630312,True,
2421,onnx_model_067,measure,11.83665631651085,11.837295558769256,11.848351756110787,11.056197341531515,True,
2422,onnx_model_002,measure,11.837258432118462,11.837709526065737,11.84884323971346,11.133713647723198,True,
2423,onnx_model_055,measure,11.844324110063443,11.845448195934296,11.856503481045365,11.05528511106968,True,
2424,onnx_model_041,measure,11.851622216257471,11.852071797009557,11.8631357178092,11.063920799642801,True,
2425,onnx_model_077,measure,11.855104665919908,11.855522656813264,11.866756409872323,11.233753059059381,True,
2426,onnx_model_072,measure,11.856548047213325,11.85773334885016,11.868647404946387,10.914056096225977,True,
2427,onnx_model_090,measure,11.857833463659233,11.858101377729326,11.86914868792519,11.047310195863247,True,
2428,onnx_model_002,measure,11.865167592763816,11.86637262115255,11.877424027770758,11.051406618207693,True,
2429,onnx_model_095,measure,11.868758488768487,11.86924506071955,11.880310584791005,11.065524071455002,True,
2430,onnx_model_070,measure,11.878482374005179,11.879662512801588,11.890635231044143,10.972718242555857,True,
2431,onnx_model_047,measure,11.886917739070535,11.887535417918116,11.898558070883155,11.022652965039015,True,
2432,onnx_model_061,measure,11.90367799005017,11.904798082076013,11.915773865766823,10.975783690810204,True,
2433,onnx_model_016,measure,11.908058019118135,11.909237110055983,11.920364342164248,11.127232108265162,True,
2434,onnx_model_056,measure,11.91042675214953,11.910689069889486,11.921591124031693,10.902054142206907,True,
2435,onnx_model_079,measure,11.926096797990017,11.926835963036865,11.937865458894521,11.029495857656002,True,
2436,onnx_model_004,measure,11.943122021374192,11.944096473045647,11.95517854904756,11.082076001912355,True,
2437,onnx_model_062,measure,11.943849788555308,11.94425858091563,11.95525586605072,10.997285135090351,True,
2438,onnx_model_055,measure,11.945735111498703,11.946780995931476,11.957666677888483,10.885681957006454,True,
2439,onnx_model_085,measure,11.951714586485313,11.952158086933196,11.963008722756058,10.850635822862387,True,
2440,onnx_model_016,measure,11.9583501463088,11.958821993786842,11.969650116749108,10.828122962266207,True,
2441,onnx_model_058,measure,11.959848443288493,11.960103109944612,11.970939869061112,10.836759116500616,True,
2442,onnx_model_098,measure,11.961457846373008,11.96238272311166,11.973289505112916,10.906782001256943,True,
2443,onnx_model_001,measure,11.961745994856217,11.962479596957564,11.973375137895346,10.895540937781334,True,
2444,onnx_model_045,measure,11.966663953424629,11.967162558808923,11.977984368801117,10.821809992194176,True,
2445,onnx_model_002,measure,11.971713069924325,11.972093030810356,11.982922546099871,10.829515289515257,True,
2446,onnx_model_016,measure,11.976887741781216,11.97752523701638,11.988284118007869,10.758880991488695,True,
2447,onnx_model_096,measure,11.988654746772074,11.989442590158433,12.0002375501208,10.794959962368011,True,
2448,onnx_model_045,measure,11.989780388503062,11.990703235846013,12.001514317002147,10.811081156134605,True,
2449,onnx_model_018,measure,11.98990760200786,11.99080233508721,12.001586623955518,10.784288868308067,True,
2450,onnx_model_025,measure,12.015293232797655,12.015785303898156,12.02712034014985,11.335036251693964,True,
2451,onnx_model_037,measure,12.021491105631778,12.02222204906866,12.033350742887706,11.12869381904602,True,
2452,onnx_model_006,measure,12.023989903512431,12.024776694830507,12.036282366141677,11.505671311169863,True,
2453,onnx_model_056,measure,12.024951880240062,12.025181224104017,12.03632903471589,11.147810611873865,True,
2454,onnx_model_004,measure,12.02595046863665,12.026728234719485,12.037940849084407,11.212614364922047,True,
2455,onnx_model_053,measure,12.027102458731948,12.027281546965241,12.038310460746288,11.028913781046867,True,
2456,onnx_model_053,measure,12.027328252689943,12.027660065796226,12.03835104778409,10.690981987863779,True,
2457,onnx_model_032,measure,12.029013349034404,12.030098942108452,12.041154997888952,11.056055780500174,True,
2458,onnx_model_001,measure,12.035234690400806,12.035581593867391,12.04683097684756,11.249382980167866,True,
2459,onnx_model_032,measure,12.035452469866216,12.03578784596175,12.041211585979909,5.423740018159151,True,
2460,onnx_model_057,measure,12.037236311582307,12.037550986744463,12.04863714100793,11.086154263466597,True,
2461,onnx_model_023,measure,12.044457375807601,12.045428351033479,12.056418802123517,10.990451090037823,True,
2462,onnx_model_044,measure,12.049571515307465,12.049855146091431,12.060815028846264,10.959882754832506,True,
2463,onnx_model_066,measure,12.05206449305593,12.052290714811534,12.063267991878092,10.9772770665586,True,
2464,onnx_model_039,measure,12.058075983254348,12.058676314074546,12.069706670939922,11.030356865376234,True,
2465,onnx_model_079,measure,12.06574997076617,12.066483314149082,12.07753127394244,11.047959793359041,True,
2466,onnx_model_020,measure,12.067673246121881,12.067932137753814,12.07889510691166,10.962969157844782,True,
2467,onnx_model_007,measure,12.074126852651549,12.074924769811332,12.085873120930046,10.948351118713617,True,
2468,onnx_model_046,measure,12.075588403267915,12.076376829762012,12.087473562918603,11.096733156591654,True,
2469,onnx_model_045,measure,12.080024750993594,12.08113010507077,12.092136766761541,11.00666169077158,True,
2470,onnx_model_058,measure,12.08666032436158,12.087094874121249,12.098168011754751,11.073137633502483,True,
2471,onnx_model_045,measure,12.09692264338384,12.097368773072958,12.108640047721565,11.271274648606777,True,
2472,onnx_model_032,measure,12.098686775390878,12.099384553730488,12.110423938836902,11.039385106414557,True,
2473,onnx_model_076,measure,12.10029483413351,12.100830403156579,12.112022878136486,11.192474979907274,True,
2474,onnx_model_018,measure,12.107401189313439,12.108284601941705,12.119233455043286,10.948853101581335,True,
2475,onnx_model_065,measure,12.10866013537466,12.1098588751629,12.120877710171044,11.018835008144379,True,
2476,onnx_model_018,measure,12.110447731293924,12.111656110733747,12.119307825807482,7.651715073734522,True,
2477,onnx_model_041,measure,12.112305542618968,12.113241764716804,12.124213630799204,10.971866082400084,True,
2478,onnx_model_064,measure,12.119429166355197,12.120513376779854,12.131628395989537,11.115019209682941,True,
2479,onnx_model_036,measure,12.127958975660599,12.128448731731623,12.139527310151607,11.078578419983387,True,
2480,onnx_model_049,measure,12.134092288403341,12.13485048012808,12.145865157712251,11.014677584171295,True,
2481,onnx_model_035,measure,12.140641154940788,12.141747449990362,12.152684048749506,10.936598759144545,True,
2482,onnx_model_099,measure,12.143870728891578,12.1441791029647,12.155150588136166,10.971485171467066,True,
2483,onnx_model_054,measure,12.146564979310215,12.14707955578342,12.158203450962901,11.123895179480314,True,
2484,onnx_model_054,measure,12.148070932069983,12.148514544125646,12.158249469008297,9.734924882650375,True,
2485,onnx_model_058,measure,12.149207323537107,12.1499536591582,12.160946184769273,10.992525611072779,True,
2486,onnx_model_078,measure,12.149748166080444,12.150070040952414,12.16106941876933,10.999377816915512,True,
2487,onnx_model_061,measure,12.157146241789622,12.15739235887304,12.168366319034249,10.973960161209106,True,
2488,onnx_model_011,measure,12.158939453624532,12.15946472901851,12.170314572751522,10.849843733012676,True,
2489,onnx_model_068,measure,12.159632269375198,12.159859107807279,12.170782181899995,10.923074092715979,True,
2490,onnx_model_067,measure,12.161567996972657,12.162285680882633,12.173191050998867,10.905370116233826,True,
2491,onnx_model_043,measure,12.16904778844129,12.169584515038878,12.180694403126836,11.109888087958097,True,
2492,onnx_model_079,measure,12.177790357118047,12.178414158988744,12.189697105903178,11.282946914434433,True,
2493,onnx_model_052,measure,12.177934533922361,12.178578260820359,12.18981714406982,11.23888324946165,True,
2494,onnx_model_022,measure,12.18226841230684,12.182939239777625,12.19391108583659,10.97184605896473,True,
2495,onnx_model_031,measure,12.19962960502409,12.200153633020818,12.211236780043691,11.083147022873163,True,
2496,onnx_model_063,measure,12.208157088666013,12.208595620002598,12.219650062732399,11.05444272980094,True,
2497,onnx_model_097,measure,12.211419072234484,12.212458742782474,12.223415891174227,10.957148391753435,True,
2498,onnx_model_096,measure,12.214539837841894,12.214916995726526,12.225900082848966,10.983087122440338,True,
2499,onnx_model_008,measure,12.232164371286773,12.233119084965438,12.244150504935533,11.031419970095158,True,
2500,onnx_model_022,measure,12.235793636385539,12.236561519093812,12.2475402681157,10.97874902188778,True,
2501,onnx_model_091,measure,12.237157880366244,12.238012726884335,12.249026332981884,11.0136060975492,True,
2502,onnx_model_045,measure,12.237540216303898,12.23817461496219,12.24914447683841,10.969861876219511,True,
2503,onnx_model_078,measure,12.253645843367284,12.254362125881016,12.265506790019572,11.144664138555527,True,
2504,onnx_model_002,measure,12.2559040383533,12.25680705299601,12.267852609045804,11.045556049793959,True,
2505,onnx_model_025,measure,12.26971193872501,12.270071596838534,12.281108926981688,11.037330143153667,True,
2506,onnx_model_023,measure,12.27404776243549,12.27451921114698,12.285542054101825,11.022842954844236,True,
2507,onnx_model_005,measure,12.277648643804046,12.277976673096418,12.288941115140915,10.964442044496536,True,
2508,onnx_model_074,measure,12.289363569390167,12.290159521158785,12.30115020275116,10.99068159237504,True,
2509,onnx_model_061,measure,12.29316114161819,12.293628484942019,12.305518195964396,11.889711022377014,True,
2510,onnx_model_088,measure,12.293549591684734,12.293995934072882,12.305565495975316,11.569561902433634,True,
2511,onnx_model_092,measure,12.296152825492301,12.296443657018244,12.307491768151522,11.048111133277416,True,
2512,onnx_model_048,measure,12.299080409695785,12.29991048714146,12.3109206459485,11.01015880703926,True,
2513,onnx_model_067,measure,12.299246365023748,12.300076371990144,12.31107119191438,10.994819924235344,True,
2514,onnx_model_005,measure,12.3023428270931,12.303380842786282,12.316810131072998,13.429288286715746,True,
2515,onnx_model_046,measure,12.303267323256922,12.305025308858603,12.316087237093598,11.061928234994411,True,
2516,onnx_model_033,measure,12.305791648983163,12.306761640124023,12.31772021111101,10.95857098698616,True,
2517,onnx_model_014,measure,12.307724166872257,12.308726103976369,12.319672010838985,10.945906862616539,True,
2518,onnx_model_025,measure,12.315343781405351,12.316195231862366,12.327500271145254,11.305039282888174,True,
2519,onnx_model_000,measure,12.315597422167876,12.316365054808557,12.327387355733663,11.02230092510581,True,
2520,onnx_model_015,measure,12.323108562495753,12.32389462692663,12.334858037065715,10.963410139083862,True,
2521,onnx_model_086,measure,12.326010519620572,12.326349574141204,12.337280010804534,10.930436663329601,True,
2522,onnx_model_058,measure,12.34223758041344,12.342501216102391,12.353510963730514,11.009747628122568,True,
2523,onnx_model_010,measure,12.347501907583743,12.347978587727994,12.358953760005534,10.975172277539968,True,
2524,onnx_model_026,measure,12.350899924090811,12.351419637911022,12.362286815885454,10.867177974432707,True,
2525,onnx_model_091,measure,12.352532847547513,12.352874964941293,12.363957852125168,11.082887183874846,True,
2526,onnx_model_047,measure,12.355132245541226,12.355748977977782,12.36677851388231,11.02953590452671,True,
2527,onnx_model_054,measure,12.355870350788301,12.35611883085221,12.367062633857131,10.943803004920483,True,
2528,onnx_model_017,measure,12.357765331630207,12.358546466100961,12.369572815019637,11.026348918676376,True,
2529,onnx_model_053,measure,12.363757587488688,12.364052913151681,12.37506667803973,11.013764888048172,True,
2530,onnx_model_027,measure,12.370071443782189,12.370759239885956,12.381762756966054,11.00351708009839,True,
2531,onnx_model_058,measure,12.37236814124295,12.373213154729456,12.384337450843304,11.124296113848686,True,
2532,onnx_model_059,measure,12.37291488525413,12.373379149939865,12.38446896104142,11.089811101555824,True,
2533,onnx_model_065,measure,12.382381774710485,12.382997913751751,12.394035465084016,11.037551332265139,True,
2534,onnx_model_016,measure,12.38882175960293,12.389703169930726,12.400695375166833,10.992205236107111,True,
2535,onnx_model_051,measure,12.392566484705926,12.393148849718273,12.404079548083246,10.930698364973068,True,
2536,onnx_model_056,measure,12.395412511528825,12.396259021945298,12.40711748180911,10.858459863811731,True,
2537,onnx_model_032,measure,12.406655929480712,12.407214496750385,12.418180641718209,10.96614496782422,True,
2538,onnx_model_067,measure,12.407661259984856,12.408695612102747,12.420053010806441,11.357398703694344,True,
2539,onnx_model_079,measure,12.418857246927937,12.419415730051696,12.430565152782947,11.149422731250525,True,
2540,onnx_model_013,measure,12.419029747253523,12.419602455105633,12.4306934569031,11.09100179746747,True,
2541,onnx_model_069,measure,12.420641042199241,12.421278129797429,12.432285684160888,11.007554363459349,True,
2542,onnx_model_068,measure,12.422898362316458,12.423737263772637,12.434840840753168,11.103576980531216,True,
2543,onnx_model_040,measure,12.423258894157682,12.42390350997448,12.43496173992753,11.058229953050613,True,
2544,onnx_model_010,measure,12.424508240537262,12.425437465775758,12.436329850926995,10.89238515123725,True,
2545,onnx_model_097,measure,12.426588498994251,12.426884967833757,12.437821906991303,10.936939157545567,True,
2546,onnx_model_017,measure,12.42694512314955,12.427242427133024,12.438109734095633,10.867306962609291,True,
2547,onnx_model_090,measure,12.428112471896767,12.428715807851404,12.439640725031495,10.924917180091143,True,
2548,onnx_model_011,measure,12.43166715061221,12.4319141167216,12.44282216206193,10.908045340329409,True,
2549,onnx_model_089,measure,12.446974679366996,12.44807263277471,12.459248946979642,11.17631420493126,True,
2550,onnx_model_006,measure,12.447302875367566,12.448242185171694,12.459360769949853,11.118584778159857,True,
2551,onnx_model_059,measure,12.469334982696708,12.46958907181397,12.4805978378281,11.008766014128923,True,
2552,onnx_model_007,measure,12.469570495443572,12.469980116002262,12.481116094160825,11.135978158563375,True,
2553,onnx_model_096,measure,12.469832403011106,12.470143807120621,12.481157021131366,11.013214010745287,True,
2554,onnx_model_006,measure,12.470275170468588,12.470579684711993,12.481423848774284,10.844164062291384,True,
2555,onnx_model_099,measure,12.470605073478275,12.470956311095506,12.481805433984846,10.849122889339924,True,
2556,onnx_model_080,measure,12.47207387082163,12.472395888064057,12.483350861817598,10.954973753541708,True,
2557,onnx_model_081,measure,12.475942500698789,12.47685400210321,12.487830155994743,10.976153891533613,True,
2558,onnx_model_058,measure,12.486234728100262,12.48658957798034,12.497521718032658,10.932140052318573,True,
2559,onnx_model_087,measure,12.486676104653439,12.486980530899018,12.497852386906743,10.871856007725,True,
2560,onnx_model_054,measure,12.489590096710513,12.490055797155946,12.500904367771,10.848570615053177,True,
2561,onnx_model_057,measure,12.493601693339865,12.494434259831905,12.505184333771467,10.750073939561844,True,
2562,onnx_model_022,measure,12.500537846747685,12.500960235018283,12.51165432203561,10.694087017327547,True,
2563,onnx_model_095,measure,12.519406469126311,12.519807571079582,12.530583353713155,10.775782633572817,True,
2564,onnx_model_000,measure,12.527624399229191,12.528094051871449,12.538951300084591,10.857248213142157,True,
2565,onnx_model_014,measure,12.529084722185528,12.529369316063821,12.54014308610931,10.773770045489073,True,
2566,onnx_model_045,measure,12.538905886982775,12.539043565746397,12.549817274790257,10.773709043860435,True,
2567,onnx_model_004,measure,12.541098583353058,12.541305725928396,12.551940931938589,10.635206010192633,True,
2568,onnx_model_063,measure,12.543966243101307,12.54458837583661,12.55532505409792,10.736678261309862,True,
2569,onnx_model_025,measure,12.561612711095586,12.562538656871766,12.573672289960086,11.133633088320494,True,
2570,onnx_model_029,measure,12.563515718817703,12.564002239145339,12.57494359696284,10.94135781750083,True,
2571,onnx_model_017,measure,12.564327118459433,12.565427097026259,12.576420473866165,10.993376839905977,True,
2572,onnx_model_039,measure,12.565501330441478,12.565784806851298,12.57673034304753,10.945536196231842,True,
2573,onnx_model_065,measure,12.569169458188556,12.570209227036685,12.581195931881666,10.986704844981432,True,
2574,onnx_model_052,measure,12.569363935530456,12.570365022867918,12.58131895493716,10.953932069242,True,
2575,onnx_model_038,measure,12.577273240798416,12.577946243807673,12.588953107129782,11.006863322108984,True,
2576,onnx_model_013,measure,12.583351094027007,12.58453658176586,12.595552030950785,11.015449184924364,True,
2577,onnx_model_088,measure,12.597211803339368,12.597774906083941,12.608897989150137,11.12308306619525,True,
2578,onnx_model_028,measure,12.603032799733713,12.604250785894692,12.615231598727405,10.980812832713127,True,
2579,onnx_model_014,measure,12.606502224490884,12.607715391088277,12.618838133756071,11.122742667794228,True,
2580,onnx_model_084,measure,12.606740875119867,12.607898809947073,12.6188970557414,10.998245794326067,True,
2581,onnx_model_092,measure,12.612480196764087,12.613121647853404,12.62406850606203,10.946858208626509,True,
2582,onnx_model_058,measure,12.641550431038418,12.643360206857324,12.654452471993864,11.092265136539936,True,
2583,onnx_model_009,measure,12.6493273720382,12.649911970831454,12.660959551110864,11.047580279409885,True,
2584,onnx_model_020,measure,12.650416367568097,12.651453931815922,12.662968350108713,11.514418292790651,True,
2585,onnx_model_017,measure,12.650885750136018,12.651656507048756,12.663014336954802,11.35782990604639,True,
2586,onnx_model_086,measure,12.65294826405633,12.653214227873832,12.664213536772877,10.99930889904499,True,
2587,onnx_model_054,measure,12.658234546363223,12.658702129963785,12.669738688971847,11.036559008061886,True,
2588,onnx_model_061,measure,12.661061390520647,12.66218241583556,12.67335413210094,11.171716265380383,True,
2589,onnx_model_049,measure,12.662329625396682,12.662540916819125,12.673546727746725,11.005810927599669,True,
2590,onnx_model_097,measure,12.667815796325828,12.668431874830276,12.67958194995299,11.150075122714043,True,
2591,onnx_model_088,measure,12.668331150278817,12.668803210835904,12.679823097772896,11.019886936992407,True,
2592,onnx_model_038,measure,12.668756957169908,12.66914710495621,12.680199773982167,11.052669025957584,True,
2593,onnx_model_042,measure,12.674667329115547,12.675765384919941,12.686847010161728,11.081625241786242,True,
2594,onnx_model_058,measure,12.678533727540916,12.679209301713854,12.690234819892794,11.02551817893982,True,
2595,onnx_model_056,measure,12.682970065779624,12.683430044911802,12.694550432730466,11.120387818664312,True,
2596,onnx_model_084,measure,12.696785433003871,12.697791594080627,12.70890768384561,11.116089764982462,True,
2597,onnx_model_037,measure,12.697193613126538,12.697955013718456,12.709029925987124,11.074912268668413,True,
2598,onnx_model_064,measure,12.70055731087915,12.701476718764752,12.712713026907295,11.236308142542839,True,
2599,onnx_model_054,measure,12.700681130560751,12.701659856829792,12.712832043878734,11.17218704894185,True,
2600,onnx_model_010,measure,12.714417166637789,12.715066310949624,12.726109612733126,11.043301783502102,True,
2601,onnx_model_066,measure,12.722206279544038,12.722535889130086,12.733529285993427,10.993396863341331,True,
2602,onnx_model_076,measure,12.72633450100875,12.727350460831076,12.738531945738941,11.181484907865524,True,
2603,onnx_model_050,measure,12.72693642117029,12.7275111367926,12.738649960141629,11.138823349028826,True,
2604,onnx_model_057,measure,12.730118036744361,12.73104791995138,12.742039753124118,10.991833172738552,True,
2605,onnx_model_067,measure,12.733653177743125,12.73475590813905,12.745852760970592,11.096852831542492,True,
2606,onnx_model_011,measure,12.73377360934945,12.734912815969437,12.745996263809502,11.083447840064764,True,
2607,onnx_model_011,measure,12.735245695135985,12.736410562880337,12.746119538787752,9.708975907415152,True,
2608,onnx_model_008,measure,12.750129312371863,12.751334451138973,12.762352314777672,11.017863638699055,True,
2609,onnx_model_058,measure,12.757049652891148,12.757766998838633,12.768760235980153,10.993237141519785,True,
2610,onnx_model_012,measure,12.763267412730231,12.763573496136814,12.77490369277075,11.330196633934975,True,
2611,onnx_model_088,measure,12.763462313312814,12.76374560315162,12.774840953759849,11.095350608229637,True,
2612,onnx_model_097,measure,12.787329432178938,12.789085941854864,12.799995538778603,10.909596923738718,True,
2613,onnx_model_021,measure,12.794022553727986,12.794466599822044,12.805651531089097,11.184931267052889,True,
2614,onnx_model_053,measure,12.799789218892087,12.80005316901952,12.81105075404048,10.997585020959377,True,
2615,onnx_model_034,measure,12.806813834098936,12.807912658900023,12.818885587155819,10.972928255796432,True,
2616,onnx_model_019,measure,12.811556946447835,12.812280491925776,12.82333966391161,11.059171985834837,True,
2617,onnx_model_041,measure,12.814416762875261,12.81474120914936,12.825836500152946,11.095291003584862,True,
2618,onnx_model_075,measure,12.819803157545229,12.820105956867337,12.831053375732154,10.947418864816427,True,
2619,onnx_model_029,measure,12.825514411331898,12.825931980740279,12.837124607060105,11.19262631982565,True,
2620,onnx_model_090,measure,12.825595969235431,12.826093738898635,12.837233503814787,11.139764916151762,True,
2621,onnx_model_028,measure,12.830192209826778,12.830601898021996,12.841661660932004,11.05976291000843,True,
2622,onnx_model_023,measure,12.835880901446673,12.836294649168849,12.847287714947015,10.993065778166056,True,
2623,onnx_model_042,measure,12.842240952949894,12.842882020864636,12.853899483103305,11.017462238669395,True,
2624,onnx_model_038,measure,12.845315089273077,12.846333071123809,12.857396199833602,11.06312870979309,True,
2625,onnx_model_060,measure,12.851203150641881,12.851519049145281,12.862826602999121,11.307553853839636,True,
2626,onnx_model_021,measure,12.851273841802787,12.851710041984916,12.862934196833521,11.224154848605394,True,
2627,onnx_model_012,measure,12.860843372707954,12.861657459754497,12.872727883979678,11.070424225181341,True,
2628,onnx_model_035,measure,12.86619593139908,12.86717160185799,12.878187210764736,11.01560890674591,True,
2629,onnx_model_047,measure,12.868309948816991,12.868626858107746,12.879804444964975,11.177586857229471,True,
2630,onnx_model_098,measure,12.870489420505603,12.871069821994752,12.88241914473474,11.349322739988565,True,
2631,onnx_model_014,measure,12.873789087291142,12.874954536091536,12.886364764999598,11.410228908061981,True,
2632,onnx_model_071,measure,12.878409459424708,12.87941177887842,12.8905074801296,11.09570125117898,True,
2633,onnx_model_077,measure,12.88134513004426,12.882052428089082,12.893037469126284,10.985041037201881,True,
2634,onnx_model_089,measure,12.88460474387424,12.885756900068372,12.897646660916507,11.889760848134756,True,
2635,onnx_model_025,measure,12.885436832139023,12.885918247047812,12.897489101160318,11.570854112505913,True,
2636,onnx_model_009,measure,12.912107459502215,12.912904975004494,12.924566080793738,11.661105789244175,True,
2637,onnx_model_035,measure,12.912546329779712,12.913076390977949,12.924719002097845,11.642611119896173,True,
2638,onnx_model_017,measure,12.918829224009647,12.919596074149013,12.930697786156088,11.101712007075548,True,
2639,onnx_model_066,measure,12.927241491184674,12.927942147944123,12.939231988973916,11.289841029793024,True,
2640,onnx_model_073,measure,12.930812768310508,12.931921131908894,12.944006484001875,12.085352092981339,True,
2641,onnx_model_078,measure,12.938321932327286,12.939327841158956,12.951184738893062,11.856897734105587,True,
2642,onnx_model_016,measure,12.939314071677183,12.939740404952317,12.951320787891746,11.580382939428091,True,
2643,onnx_model_020,measure,12.942264592544726,12.943416683003306,12.954742031171918,11.325348168611526,True,
2644,onnx_model_063,measure,12.945678251691023,12.946309572085738,12.957928698975593,11.61912688985467,True,
2645,onnx_model_099,measure,12.947915463722762,12.948855170980096,12.959929272066802,11.074101086705923,True,
2646,onnx_model_045,measure,12.95009851889908,12.950455924030393,12.961874168831855,11.418244801461697,True,
2647,onnx_model_075,measure,12.950102589239355,12.950707371812314,12.961927890777588,11.220518965274096,True,
2648,onnx_model_009,measure,12.963229422064893,12.964225166942924,12.975566996727139,11.341829784214497,True,
2649,onnx_model_066,measure,12.964255056849597,12.964647741056979,12.97564099682495,10.993255767971277,True,
2650,onnx_model_033,measure,12.968907497380938,12.97015775507316,12.981229450087994,11.071695014834404,True,
2651,onnx_model_001,measure,12.970340913431256,12.97057128092274,12.981763495132327,11.192214209586382,True,
2652,onnx_model_023,measure,12.974646469417445,12.975101220887154,12.986129724886268,11.028503999114037,True,
2653,onnx_model_062,measure,12.976816814557745,12.977939846925437,12.989195812959224,11.255966033786535,True,
2654,onnx_model_051,measure,12.98293633160663,12.984072965104133,12.995528009720147,11.455044616013765,True,
2655,onnx_model_013,measure,12.98364823300692,12.984263396821916,12.99557824479416,11.314847972244024,True,
2656,onnx_model_090,measure,12.986062820743813,12.986304297111928,12.997350804973394,11.046507861465216,True,
2657,onnx_model_083,measure,12.990090226248213,12.990497727878392,13.001649465877563,11.151737999171019,True,
2658,onnx_model_097,measure,12.994715349388327,12.995056172832847,13.0061170081608,11.0608353279531,True,
2659,onnx_model_032,measure,13.003716506733205,13.004962292965502,13.016085557173938,11.123264208436012,True,
2660,onnx_model_008,measure,13.007611227603283,13.008423082064837,13.020085740834475,11.662658769637346,True,
2661,onnx_model_027,measure,13.018969321845073,13.019425755832344,13.030775610823184,11.349854990839958,True,
2662,onnx_model_062,measure,13.019159913674251,13.019632178824395,13.03082596603781,11.193787213414907,True,
2663,onnx_model_049,measure,13.03146282613567,13.03202518587932,13.042902772780508,10.877586901187897,True,
2664,onnx_model_008,measure,13.033392236183847,13.034368469845504,13.045192976016551,10.824506171047688,True,
2665,onnx_model_013,measure,13.035118095627599,13.035711101721972,13.046501574106514,10.790472384542227,True,
2666,onnx_model_066,measure,13.036150390449656,13.037038816139102,13.047766206786036,10.72739064693451,True,
2667,onnx_model_075,measure,13.048218820158244,13.04894017893821,13.059806483797729,10.866304859519005,True,
2668,onnx_model_057,measure,13.062643480091552,13.063008159864694,13.073872511740774,10.864351876080036,True,
2669,onnx_model_039,measure,13.066855278994517,13.06735087512061,13.07829837501049,10.947499889880419,True,
2670,onnx_model_070,measure,13.074771715207287,13.075070939958096,13.085895244963467,10.82430500537157,True,
2671,onnx_model_027,measure,13.078788542951752,13.079498005099595,13.090357246808708,10.859241709113121,True,
2672,onnx_model_040,measure,13.083693402786608,13.084853454958647,13.095740329939872,10.886874981224537,True,
2673,onnx_model_078,measure,13.087411244041046,13.088096118997782,13.09915897808969,11.06285909190774,True,
2674,onnx_model_081,measure,13.091492564043167,13.092557178810239,13.103579760994762,11.022582184523344,True,
2675,onnx_model_038,measure,13.092628732503913,13.09280666289851,13.103784941136837,10.978278238326311,True,
2676,onnx_model_032,measure,13.096224261228917,13.096937675960362,13.107991477008909,11.05380104854703,True,
2677,onnx_model_048,measure,13.106015651309503,13.107093630824238,13.118142272811383,11.048641987144947,True,
2678,onnx_model_011,measure,13.107527957221969,13.108092669863254,13.119097689166665,11.005019303411245,True,
2679,onnx_model_061,measure,13.110073502806006,13.11054637376219,13.121535392012447,10.989018250256777,True,
2680,onnx_model_074,measure,13.113701026413136,13.113995168823749,13.124947187956423,10.95201913267374,True,
2681,onnx_model_060,measure,13.12233668221949,13.12275839690119,13.133776961825788,11.01856492459774,True,
2682,onnx_model_067,measure,13.125961081200536,13.127169793006033,13.138113484717906,10.943691711872816,True,
2683,onnx_model_063,measure,13.139495983124936,13.140353853814304,13.151566016953439,11.212163139134645,True,
2684,onnx_model_071,measure,13.139893821906144,13.140521431807429,13.152283580973744,11.762149166315794,True,
2685,onnx_model_086,measure,13.143015323436352,13.14405899681151,13.15503677399829,10.977777186781168,True,
2686,onnx_model_021,measure,13.146331718750234,13.14751105895266,13.1588214780204,11.31041906774044,True,
2687,onnx_model_099,measure,13.146461285763452,13.147695119027048,13.15877044107765,11.075322050601244,True,
2688,onnx_model_009,measure,13.151229893573312,13.151701494120061,13.162913505919278,11.21201179921627,True,
2689,onnx_model_018,measure,13.151336879931124,13.151866256725043,13.163029436953366,11.163180228322744,True,
2690,onnx_model_013,measure,13.157972234433739,13.158258758950979,13.16931723896414,11.058480013161898,True,
2691,onnx_model_075,measure,13.173809838335282,13.174559453967959,13.185601873788983,11.042419821023941,True,
2692,onnx_model_091,measure,13.182027181416267,13.183041236829013,13.194366383831948,11.32514700293541,True,
2693,onnx_model_089,measure,13.18225471695284,13.183202173095196,13.19441114878282,11.208975687623024,True,
2694,onnx_model_060,measure,13.193566263758422,13.193845363799483,13.20491257077083,11.067206971347332,True,
2695,onnx_model_072,measure,13.19721797201568,13.197647280991077,13.208703436888754,11.056155897676945,True,
2696,onnx_model_036,measure,13.20593201109992,13.20714500406757,13.218203214928508,11.058210860937834,True,
2697,onnx_model_066,measure,13.208515568335384,13.20884008705616,13.21975521510467,10.91512804850936,True,
2698,onnx_model_093,measure,13.21353783519979,13.214288192801178,13.22534332703799,11.055134236812592,True,
2699,onnx_model_029,measure,13.22175931261137,13.221982888877392,13.233267339877784,11.284451000392437,True,
2700,onnx_model_008,measure,13.221798747615066,13.222147582098842,13.233448714017868,11.301131919026375,True,
2701,onnx_model_078,measure,13.222363850652883,13.222593038808554,13.233486375771463,10.893336962908506,True,
2702,onnx_model_016,measure,13.225827797958592,13.226566651836038,13.237576751038432,11.010099202394485,True,
2703,onnx_model_099,measure,13.240116005390577,13.240881382953376,13.25199032900855,11.108946055173874,True,
2704,onnx_model_074,measure,13.252218573419658,13.253213313873857,13.264180801808834,10.967487934976816,True,
2705,onnx_model_039,measure,13.258361633856657,13.258669766131788,13.269741081167012,11.07131503522396,True,
2706,onnx_model_027,measure,13.259801670496122,13.26010368205607,13.271078994031996,10.97531197592616,True,
2707,onnx_model_051,measure,13.272490332925054,13.273305186070502,13.284307920839638,11.002734769135714,True,
2708,onnx_model_033,measure,13.285601136821194,13.286542498040944,13.297662826720625,11.120328679680824,True,
2709,onnx_model_046,measure,13.290343536189027,13.291005942970514,13.302058852743357,11.052909772843122,True,
2710,onnx_model_057,measure,13.297593317342315,13.29781261086464,13.308850062079728,11.037451215088367,True,
2711,onnx_model_083,measure,13.299620501597651,13.300248662009835,13.31133136805147,11.082706041634083,True,
2712,onnx_model_099,measure,13.3060755806484,13.307280678767711,13.318268153816462,10.987475048750639,True,
2713,onnx_model_008,measure,13.309696653486478,13.310070712119341,13.321099395863712,11.028683744370937,True,
2714,onnx_model_072,measure,13.312662677269389,13.31357425171882,13.324577237013727,11.002985294908285,True,
2715,onnx_model_026,measure,13.315765079691946,13.316031021997333,13.327064665034413,11.033643037080765,True,
2716,onnx_model_018,measure,13.319424238995412,13.3205046961084,13.331490988843143,10.986292734742165,True,
2717,onnx_model_086,measure,13.331721059408958,13.332732318900526,13.343693644739687,10.961325839161873,True,
2718,onnx_model_076,measure,13.336919701710691,13.337169663980603,13.348269662819803,11.099998839199543,True,
2719,onnx_model_043,measure,13.345885657502166,13.346920418087393,13.357904406730086,10.983988642692566,True,
2720,onnx_model_014,measure,13.34598498309681,13.347082325723022,13.357970754150301,10.888428427278996,True,
2721,onnx_model_060,measure,13.360303670881093,13.361119438894093,13.372085232753307,10.96579385921359,True,
2722,onnx_model_084,measure,13.3644660119314,13.365414503030479,13.376446092966944,11.031589936465025,True,
2723,onnx_model_037,measure,13.374453777252214,13.375309302005917,13.38632822688669,11.018924880772829,True,
2724,onnx_model_040,measure,13.37941640858307,13.379701029974967,13.390717070084065,11.016040109097958,True,
2725,onnx_model_010,measure,13.403025286179098,13.405013074167073,13.41610317490995,11.09010074287653,True,
2726,onnx_model_009,measure,13.408746986397926,13.409553505014628,13.420692759100348,11.139254085719585,True,
2727,onnx_model_073,measure,13.417876961084003,13.418407285120338,13.42946886178106,11.061576660722494,True,
2728,onnx_model_045,measure,13.42129074392711,13.421941643115133,13.432902958709747,10.961315594613552,True,
2729,onnx_model_076,measure,13.423437983472184,13.424424742814153,13.435428319964558,11.003577150404453,True,
2730,onnx_model_049,measure,13.426957642773647,13.427891373168677,13.438897965010256,11.006591841578484,True,
2731,onnx_model_065,measure,13.430198737662792,13.430707946885377,13.441878570709378,11.170623824000359,True,
2732,onnx_model_000,measure,13.43042132854703,13.430876617785543,13.441988239064813,11.111621279269457,True,
2733,onnx_model_083,measure,13.435634604870824,13.436656625010073,13.447583714965731,10.92708995565772,True,
2734,onnx_model_036,measure,13.439469281618974,13.440115149132907,13.45100715290755,10.892003774642944,True,
2735,onnx_model_087,measure,13.447156857589086,13.447651403956115,13.458461912814528,10.810508858412504,True,
2736,onnx_model_062,measure,13.45698310915266,13.457188914064318,13.468169406056404,10.980491992086172,True,
2737,onnx_model_013,measure,13.461586097312463,13.462695189751685,13.473682535812259,10.987346060574055,True,
2738,onnx_model_002,measure,13.463183623380196,13.464125157799572,13.475082696881145,10.957539081573486,True,
2739,onnx_model_046,measure,13.464762994633189,13.465573982801288,13.476680865045637,11.106882244348526,True,
2740,onnx_model_001,measure,13.475828236485446,13.476299660746008,13.487302285153419,11.002624407410622,True,
2741,onnx_model_088,measure,13.485714471493983,13.486922523006797,13.49797317897901,11.050655972212553,True,
2742,onnx_model_044,measure,13.49005557404203,13.490521744824946,13.501524168998003,11.00242417305708,True,
2743,onnx_model_068,measure,13.49663596951728,13.49697340792045,13.508019065018743,11.045657098293304,True,
2744,onnx_model_015,measure,13.505002707290618,13.505744610913098,13.516755881719291,11.011270806193352,True,
2745,onnx_model_017,measure,13.524441110419728,13.525076759047806,13.536515101790428,11.438342742621899,True,
2746,onnx_model_007,measure,13.536144734748728,13.536665607709438,13.547906174790114,11.240567080676556,True,
2747,onnx_model_059,measure,13.541617210564706,13.54222051706165,13.55338053079322,11.160013731569052,True,
2748,onnx_model_038,measure,13.544665720021749,13.545803347136825,13.556865746155381,11.06239901855588,True,
2749,onnx_model_016,measure,13.5468462216452,13.547342823818326,13.558453382924199,11.110559105873108,True,
2750,onnx_model_073,measure,13.549237658172618,13.550205796025693,13.561471920926124,11.266124900430441,True,
2751,onnx_model_026,measure,13.55017612052817,13.55064144404605,13.5616409429349,10.999498888850212,True,
2752,onnx_model_014,measure,13.555217726560615,13.555652158800513,13.566710558719933,11.05839991942048,True,
2753,onnx_model_045,measure,13.559515325847858,13.56070696702227,13.571666981093585,10.960014071315527,True,
2754,onnx_model_033,measure,13.56089938769064,13.561090335715562,13.57209332101047,11.002985294908285,True,
2755,onnx_model_029,measure,13.564471195545591,13.564866303931922,13.57572020497173,10.853901039808989,True,
2756,onnx_model_008,measure,13.566569858230473,13.566856065765023,13.57778496015817,10.928894393146038,True,
2757,onnx_model_082,measure,13.571231969026883,13.571726463735104,13.582579352892935,10.852889157831669,True,
2758,onnx_model_036,measure,13.57188164465308,13.572149557992816,13.582868773955852,10.719215963035822,True,
2759,onnx_model_073,measure,13.575864162766994,13.57687787571922,13.58767139306292,10.793517343699932,True,
2760,onnx_model_094,measure,13.584845425211002,13.585018309764564,13.595758284907788,10.739975143224001,True,
2761,onnx_model_009,measure,13.585600394045052,13.586307469755411,13.597030864097178,10.723394341766834,True,
2762,onnx_model_083,measure,13.586223155166383,13.586404664907604,13.59715046081692,10.745795909315348,True,
2763,onnx_model_087,measure,13.597671411667086,13.59829954477027,13.609060380142182,10.760835371911526,True,
2764,onnx_model_044,measure,13.601093522994297,13.601580942980945,13.612301241140813,10.720298159867525,True,
2765,onnx_model_036,measure,13.607142529753089,13.607869816944003,13.61873184517026,10.86202822625637,True,
2766,onnx_model_013,measure,13.619707899031214,13.619927256833762,13.63072851812467,10.80126129090786,True,
2767,onnx_model_082,measure,13.622375465525359,13.623269960749894,13.634013812988997,10.743852239102125,True,
2768,onnx_model_095,measure,13.628681819346689,13.629619429819286,13.640649005770683,11.029575951397419,True,
2769,onnx_model_083,measure,13.631478138048612,13.631897269748151,13.642801017034799,10.903747286647558,True,
2770,onnx_model_065,measure,13.635106311487094,13.636182025074959,13.647055563982576,10.87353890761733,True,
2771,onnx_model_091,measure,13.667079957748358,13.668348349165171,13.679489707108587,11.141357943415642,True,
2772,onnx_model_031,measure,13.67210610125884,13.672922153025866,13.684100390877575,11.178237851709127,True,
2773,onnx_model_076,measure,13.678998085626343,13.679598773829639,13.690715454984456,11.116681154817343,True,
2774,onnx_model_046,measure,13.686202479399416,13.687452543061227,13.698557943105698,11.105400044471025,True,
2775,onnx_model_017,measure,13.693873060119705,13.695014897733927,13.70615428313613,11.139385402202606,True,
2776,onnx_model_059,measure,13.69621159362671,13.696548263076693,13.70786618674174,11.317923665046692,True,
2777,onnx_model_011,measure,13.701567761619406,13.70185769489035,13.712924322113395,11.066627223044634,True,
2778,onnx_model_022,measure,13.704540742949675,13.705392393749207,13.716622160747647,11.229766998440027,True,
2779,onnx_model_032,measure,13.717976757429849,13.718922692816705,13.73010230390355,11.179611086845398,True,
2780,onnx_model_036,measure,13.729404065225411,13.730212333146483,13.74123503593728,11.022702790796757,True,
2781,onnx_model_091,measure,13.732616190557714,13.733780625741929,13.74484935682267,11.06873108074069,True,
2782,onnx_model_086,measure,13.734281507462848,13.735353966709226,13.746624561026692,11.27059431746602,True,
2783,onnx_model_074,measure,13.734961214099078,13.735538888722658,13.746675797738135,11.136909015476704,True,
2784,onnx_model_003,measure,13.737816671429432,13.738145222887397,13.749169438146055,11.024215258657932,True,
2785,onnx_model_009,measure,13.738800485639892,13.739554170984775,13.750348609872162,10.794438887387514,True,
2786,onnx_model_060,measure,13.745735958513313,13.746085535734892,13.757155438885093,11.069903150200844,True,
2787,onnx_model_050,measure,13.751776377632776,13.75256778812036,13.763562346808612,10.994558688253164,True,
2788,onnx_model_027,measure,13.752580773372118,13.752945356070995,13.763921529985964,10.976173914968967,True,
2789,onnx_model_038,measure,13.753573102547822,13.754386955872178,13.765316151082516,10.929195210337639,True,
2790,onnx_model_095,measure,13.757204294105993,13.758377391844988,13.76943004084751,11.05264900252223,True,
2791,onnx_model_047,measure,13.76388330245014,13.764083467889577,13.775072225835174,10.988757945597172,True,
2792,onnx_model_033,measure,13.768968549631655,13.76952323783189,13.780842334032059,11.319096200168133,True,
2793,onnx_model_077,measure,13.769344133013165,13.769708980806172,13.780726844910532,11.017864104360342,True,
2794,onnx_model_081,measure,13.771468691713002,13.772212320007384,13.783100395929068,10.888075921684504,True,
2795,onnx_model_021,measure,13.776459850818396,13.777304037939757,13.788260705769062,10.956667829304934,True,
2796,onnx_model_017,measure,13.779239867764167,13.779749867971987,13.7906927280128,10.942860040813684,True,
2797,onnx_model_016,measure,13.786074812314965,13.786314164754003,13.79731133999303,10.997175239026546,True,
2798,onnx_model_008,measure,13.796781399488998,13.797416228801012,13.808536277152598,11.120048351585865,True,
2799,onnx_model_023,measure,13.798558457149447,13.798870021943003,13.809887384995818,11.017363052815199,True,
2800,onnx_model_019,measure,13.803093678314587,13.804297829978168,13.815209110733122,10.911280754953623,True,
2801,onnx_model_071,measure,13.805714448893392,13.806736685801297,13.8178243720904,11.087686289101839,True,
2802,onnx_model_049,measure,13.807481574455167,13.808158848900348,13.81906961882487,10.910769924521446,True,
2803,onnx_model_068,measure,13.808323735650164,13.808685440104455,13.819792933762074,11.107493657618761,True,
2804,onnx_model_068,measure,13.816297543615914,13.81742454180494,13.819870350882411,2.4458090774714947,True,
2805,onnx_model_073,measure,13.821976937520354,13.823081064037979,13.83405101671815,10.969952680170536,True,
2806,onnx_model_016,measure,13.826538469857551,13.827543636783957,13.83846662985161,10.922993067651987,True,
2807,onnx_model_031,measure,13.835473498740313,13.83626905316487,13.847523876931518,11.25482376664877,True,
2808,onnx_model_082,measure,13.8415176184983,13.842718802858144,13.853624011855572,10.905208997428417,True,
2809,onnx_model_096,measure,13.846698540762597,13.847174151800573,13.858700442127883,11.526290327310562,True,
2810,onnx_model_091,measure,13.853650731935405,13.854845153167844,13.865901399869472,11.05624670162797,True,
2811,onnx_model_091,measure,13.854959222141268,13.855206049978733,13.866014003753662,10.807953774929047,True,
2812,onnx_model_048,measure,13.857928885325855,13.858794890809804,13.869743682909757,10.948792099952698,True,
2813,onnx_model_038,measure,13.860005152518113,13.860225510783494,13.871248052921146,11.022542137652636,True,
2814,onnx_model_004,measure,13.86611091686831,13.867235234938562,13.878129343036562,10.894108098000288,True,
2815,onnx_model_095,measure,13.876246029680066,13.876466842833906,13.887568035162985,11.101192329078913,True,
2816,onnx_model_054,measure,13.880182604446194,13.88138100411743,13.892418975941837,11.037971824407578,True,
2817,onnx_model_037,measure,13.887132483351504,13.887685398105532,13.898756823968142,11.07142586261034,True,
2818,onnx_model_060,measure,13.89024843254211,13.89113720972091,13.902250444050878,11.11323432996869,True,
2819,onnx_model_061,measure,13.890290881556922,13.891301833093166,13.902384739834815,11.082906741648912,True,
2820,onnx_model_012,measure,13.89343972899992,13.894669273868203,13.905790372751653,11.121098883450031,True,
2821,onnx_model_092,measure,13.893609188907261,13.89483732311055,13.905913055874407,11.07573276385665,True,
2822,onnx_model_080,measure,13.898665563805903,13.89890385279432,13.909843877889216,10.940025094896555,True,
2823,onnx_model_029,measure,13.911122945519466,13.912077214103192,13.923094695899636,11.017481796443462,True,
2824,onnx_model_062,measure,13.914203607360538,13.91452650912106,13.925514996983111,10.988487862050533,True,
2825,onnx_model_012,measure,13.917877451425113,13.918979272712022,13.930013166740537,11.033894028514624,True,
2826,onnx_model_034,measure,13.92002832782422,13.920409932732582,13.931331312749535,10.921380016952753,True,
2827,onnx_model_084,measure,13.925503051960746,13.925677616149187,13.9365821541287,10.904537979513407,True,
2828,onnx_model_062,measure,13.925578849878145,13.926058469805866,13.937142158858478,11.08368905261159,True,
2829,onnx_model_072,measure,13.938027452851548,13.938359392806888,13.950189509894699,11.830117087811232,True,
2830,onnx_model_047,measure,13.942505427156286,13.94284552987665,13.953928336966783,11.082807090133429,True,
2831,onnx_model_055,measure,13.948284303901834,13.949312413111329,13.960658669937402,11.346256826072931,True,
2832,onnx_model_061,measure,13.94849869060418,13.949473307933658,13.960817902814597,11.34459488093853,True,
2833,onnx_model_012,measure,13.949144101712864,13.949659161735326,13.960875291842967,11.21613010764122,True,
2834,onnx_model_090,measure,13.951810952769796,13.952421582769603,13.96334485616535,10.923273395746946,True,
2835,onnx_model_042,measure,13.955541984552717,13.95615068078041,13.967163925990462,11.013245210051537,True,
2836,onnx_model_057,measure,13.966604379029395,13.967260009143502,13.978275237139314,11.015227995812893,True,
2837,onnx_model_044,measure,13.968334128292533,13.968711937777698,13.979891079012305,11.179141234606504,True,
2838,onnx_model_093,measure,13.978964524600558,13.979498191736639,13.990533107891679,11.034916155040264,True,
2839,onnx_model_026,measure,13.981133200275432,13.98211625777185,13.993305147159845,11.188889387995005,True,
2840,onnx_model_076,measure,13.982561996261524,13.983552257996053,13.994523162022233,10.970904026180506,True,
2841,onnx_model_044,measure,13.984571816957443,13.984998927917331,13.995953660923988,10.95473300665617,True,
2842,onnx_model_057,measure,13.98780568071817,13.988432624842972,13.999653874896467,11.221250053495169,True,
2843,onnx_model_057,measure,13.992373445759512,13.992758407723159,13.999815080780536,7.056673057377338,True,
2844,onnx_model_068,measure,13.998094902332866,13.999193219002336,14.010261457879096,11.068238876760006,True,
2845,onnx_model_002,measure,14.001762971084496,14.002035501878709,14.013039438985288,11.003937106579542,True,
2846,onnx_model_021,measure,14.003492743948168,14.004482422955334,14.015694756060839,11.212333105504513,True,
2847,onnx_model_027,measure,14.003772547682797,14.00466158380732,14.015750201884657,11.088618077337742,True,
2848,onnx_model_046,measure,14.005754536010638,14.006170040927827,14.017176382709295,11.0063417814672,True,
2849,onnx_model_019,measure,14.010374562061694,14.0114815980196,14.022494841832668,11.013243813067675,True,
2850,onnx_model_065,measure,14.02727909685954,14.027746013831347,14.038915705867112,11.169692035764456,True,
2851,onnx_model_019,measure,14.02808652171178,14.029192423913628,14.04051928408444,11.326860170811415,True,
2852,onnx_model_033,measure,14.034911386107789,14.0356514910236,14.046707737725228,11.05624670162797,True,
2853,onnx_model_017,measure,14.03611654060709,14.037088071927428,14.04818559717387,11.097525246441364,True,
2854,onnx_model_020,measure,14.038078792664322,14.03851933311671,14.049518309999257,10.99897688254714,True,
2855,onnx_model_012,measure,14.039414819264206,14.040141677018255,14.0512791168876,11.137439869344234,True,
2856,onnx_model_012,measure,14.04607460690875,14.04680362995714,14.05132276006043,4.519130103290081,True,
2857,onnx_model_083,measure,14.050040722451511,14.050761302933097,14.061739100143313,10.977797210216522,True,
2858,onnx_model_052,measure,14.062559824706486,14.062977173831314,14.074021127074957,11.043953243643045,True,
2859,onnx_model_025,measure,14.067056025313924,14.067424026783556,14.0784827680327,11.058741249144077,True,
2860,onnx_model_030,measure,14.069441306293887,14.069881246890873,14.081113117747009,11.231870856136084,True,
2861,onnx_model_036,measure,14.069867903628053,14.07023749500513,14.081245149020106,11.007654014974833,True,
2862,onnx_model_057,measure,14.071676166050173,14.072686720173806,14.083930913824588,11.244193650782108,True,
2863,onnx_model_022,measure,14.071741493310842,14.072855149861425,14.083892730996013,11.037581134587526,True,
2864,onnx_model_027,measure,14.075445124940867,14.076247899793088,14.087285871151835,11.03797135874629,True,
2865,onnx_model_017,measure,14.076211954688963,14.076630225870758,14.087666554842144,11.036328971385956,True,
2866,onnx_model_052,measure,14.07993061924227,14.080741530749947,14.09181055193767,11.069021187722683,True,
2867,onnx_model_085,measure,14.084778285823406,14.085146363824606,14.096108532045037,10.962168220430613,True,
2868,onnx_model_056,measure,14.090898885819591,14.09190588304773,14.103340047877282,11.434164829552174,True,
2869,onnx_model_001,measure,14.092055683227757,14.092274424154311,14.103386425878853,11.112001724541187,True,
2870,onnx_model_012,measure,14.093306893416974,14.09371330915019,14.104634347837418,10.921038687229156,True,
2871,onnx_model_013,measure,14.09704990776778,14.097327148076147,14.108211266808212,10.884118732064962,True,
2872,onnx_model_084,measure,14.0974915922834,14.097705888096243,14.108567424118519,10.861536022275686,True,
2873,onnx_model_055,measure,14.101105931742223,14.102135627996176,14.112839424982667,10.703796986490488,True,
2874,onnx_model_035,measure,14.102342537203343,14.102499840781093,14.113311312161386,10.81147138029337,True,
2875,onnx_model_098,measure,14.102496040341668,14.10289418976754,14.113739365711808,10.845175944268703,True,
2876,onnx_model_030,measure,14.109417624325811,14.10975823784247,14.120496470015496,10.738232173025608,True,
2877,onnx_model_086,measure,14.110103739713951,14.111139603890479,14.121951174922287,10.811571031808853,True,
2878,onnx_model_003,measure,14.110586467325481,14.111235295888036,14.121914975810796,10.679679922759533,True,
2879,onnx_model_033,measure,14.115997567958155,14.116890285164118,14.12763370713219,10.743421968072653,True,
2880,onnx_model_053,measure,14.118034109083405,14.119173285085708,14.129868955817074,10.69567073136568,True,
2881,onnx_model_089,measure,14.126174768335186,14.127102817874402,14.13780569192022,10.702874045819044,True,
2882,onnx_model_046,measure,14.13287850759773,14.134024654980749,14.144958048127592,10.933393146842718,True,
2883,onnx_model_024,measure,14.133633852129547,14.134119825903326,14.144869899842888,10.750073939561844,True,
2884,onnx_model_062,measure,14.14072640567477,14.140978393144906,14.151843105908483,10.8647127635777,True,
2885,onnx_model_049,measure,14.140760503832102,14.14107288280502,14.151744798757136,10.671915952116251,True,
2886,onnx_model_083,measure,14.15565798103507,14.155992312822491,14.16678848490119,10.796172078698874,True,
2887,onnx_model_032,measure,14.158061420317095,14.15834766998887,14.169106441084296,10.75877109542489,True,
2888,onnx_model_063,measure,14.166886279441941,14.167940464802086,14.178738831076771,10.798366274684668,True,
2889,onnx_model_021,measure,14.177044343628058,14.177257945761085,14.188118209131062,10.860263369977474,True,
2890,onnx_model_024,measure,14.179917468720033,14.18095738813281,14.192260173149407,11.302785016596317,True,
2891,onnx_model_094,measure,14.181035805895153,14.181316760834306,14.192793446127325,11.476685293018818,True,
2892,onnx_model_084,measure,14.181452131243365,14.181682356167585,14.192848110105842,11.165753938257694,True,
2893,onnx_model_044,measure,14.189666812063392,14.190339361783117,14.20122863072902,10.889268945902586,True,
2894,onnx_model_073,measure,14.191016156501679,14.191759611014277,14.202699706889689,10.940095875412226,True,
2895,onnx_model_077,measure,14.19202429976267,14.19239829480648,14.203197502996773,10.79920819029212,True,
2896,onnx_model_057,measure,14.1983916612774,14.19907141989097,14.209948676172644,10.877256281673908,True,
2897,onnx_model_020,measure,14.199672522406749,14.200496008154005,14.211216636933386,10.720628779381514,True,
2898,onnx_model_051,measure,14.202289649614242,14.202754511032254,14.21351644815877,10.761937126517296,True,
2899,onnx_model_094,measure,14.204264498442692,14.205359522718936,14.216128282714635,10.768759995698929,True,
2900,onnx_model_083,measure,14.213246424068767,14.213624483905733,14.224517941009253,10.893457103520632,True,
2901,onnx_model_092,measure,14.21459215505022,14.215064169839025,14.225934754125774,10.870584286749363,True,
2902,onnx_model_052,measure,14.218569553755794,14.219356739893556,14.230526782106608,11.170042213052511,True,
2903,onnx_model_071,measure,14.22112419553137,14.221806637011468,14.232677520718426,10.870883706957102,True,
2904,onnx_model_028,measure,14.22447954234883,14.224690367933363,14.235602099914104,10.911731980741024,True,
2905,onnx_model_021,measure,14.229420349780467,14.230172177776694,14.24108361871913,10.911440942436457,True,
2906,onnx_model_053,measure,14.231340573384383,14.231755567714572,14.242671547923237,10.915980208665133,True,
2907,onnx_model_043,measure,14.235670789058304,14.236835244111717,14.247995156794786,11.159912683069706,True,
2908,onnx_model_038,measure,14.235924688343466,14.23699452681467,14.24804505193606,11.05052512139082,True,
2909,onnx_model_069,measure,14.236765399453724,14.237419704906642,14.248229071963578,10.809367056936026,True,
2910,onnx_model_042,measure,14.238476866314818,14.238865233026445,14.249699616804719,10.83438377827406,True,
2911,onnx_model_019,measure,14.240544051806381,14.241199649870396,14.251995651982725,10.796002112329006,True,
2912,onnx_model_002,measure,14.241066891934492,14.24157739803195,14.252830388955772,11.252990923821926,True,
2913,onnx_model_002,measure,14.241287360339637,14.241762420162559,14.252868199720979,11.105779558420181,True,
2914,onnx_model_086,measure,14.252783870278883,14.253015811089426,14.264072568155825,11.056757066398859,True,
2915,onnx_model_022,measure,14.253989386384712,14.254457310773432,14.265653043054044,11.195732280611992,True,
2916,onnx_model_025,measure,14.258804358962019,14.259910356719047,14.270750571973622,10.840215254575014,True,
2917,onnx_model_021,measure,14.262394662186077,14.263345716986805,14.274423583876342,11.07786688953638,True,
2918,onnx_model_005,measure,14.263308349420795,14.263715560082346,14.274617542978376,10.90198289602995,True,
2919,onnx_model_073,measure,14.264951491530361,14.265325861051679,14.276185233145952,10.859372094273567,True,
2920,onnx_model_008,measure,14.265942726171303,14.266880124807358,14.27764107985422,10.760955046862364,True,
2921,onnx_model_022,measure,14.27372191640876,14.273974550887942,14.284909246023744,10.93469513580203,True,
2922,onnx_model_016,measure,14.28199411935173,14.282863727770746,14.293750442098826,10.886714328080416,True,
2923,onnx_model_065,measure,14.290498705224053,14.291133166756481,14.302029228769243,10.896062012761831,True,
2924,onnx_model_066,measure,14.291824010815395,14.292571149766445,14.30337479710579,10.803647339344025,True,
2925,onnx_model_007,measure,14.293349532703731,14.293848108034581,14.30462008388713,10.771975852549076,True,
2926,onnx_model_047,measure,14.295013122577762,14.295291600748897,14.306385088711977,11.093487963080406,True,
2927,onnx_model_094,measure,14.297483481223237,14.29773780098185,14.308496641926467,10.758840944617987,True,
2928,onnx_model_002,measure,14.304749382705099,14.305839552078396,14.316785058006644,10.945505928248167,True,
2929,onnx_model_013,measure,14.311080561663214,14.311730499844998,14.322659193072468,10.928693227469921,True,
2930,onnx_model_053,measure,14.314569871566373,14.31521504279226,14.326089784037322,10.87474124506116,True,
2931,onnx_model_019,measure,14.322183114401676,14.322755145840347,14.333665024023503,10.909878183156252,True,
2932,onnx_model_022,measure,14.32452634585482,14.325207246933132,14.336226994171739,11.019747238606215,True,
2933,onnx_model_065,measure,14.324571327795438,14.325375225860626,14.336330831050873,10.955605190247297,True,
2934,onnx_model_040,measure,14.325997309091672,14.326232535764575,14.337012858130038,10.78032236546278,True,
2935,onnx_model_001,measure,14.329008894619108,14.329693413805217,14.340792152099311,11.098738294094801,True,
2936,onnx_model_078,measure,14.32923009736561,14.329859619960189,14.3406743677333,10.814747773110867,True,
2937,onnx_model_016,measure,14.34345639715075,14.344012051820755,14.354914996773005,10.902944952249527,True,
2938,onnx_model_020,measure,14.352771427824411,14.354460362810642,14.36540655978024,10.946196969598532,True,
2939,onnx_model_040,measure,14.355922671196577,14.356136369053274,14.36711372481659,10.977355763316154,True,
2940,onnx_model_000,measure,14.356315410089296,14.356504008173943,14.367360474076122,10.85646590217948,True,
2941,onnx_model_015,measure,14.360748857980889,14.361956622917205,14.373071630019695,11.115007102489471,True,
2942,onnx_model_011,measure,14.362812371253945,14.363387803081423,14.374186258763075,10.79845568165183,True,
2943,onnx_model_096,measure,14.365810332773938,14.366642890963703,14.377557056955993,10.914165992289782,True,
2944,onnx_model_057,measure,14.372878874706606,14.373166440986097,14.384167241863906,11.000800877809525,True,
2945,onnx_model_001,measure,14.37449692277276,14.375415926799178,14.386350601911545,10.934675112366676,True,
2946,onnx_model_016,measure,14.37572139016707,14.376872444991022,14.387899866793305,11.027421802282333,True,
2947,onnx_model_014,measure,14.388262667141337,14.38914083596319,14.400190048851073,11.049212887883186,True,
2948,onnx_model_042,measure,14.388987519596357,14.389305819757283,14.400371653959155,11.065834201872349,True,
2949,onnx_model_074,measure,14.401120600369559,14.401591382920742,14.412652778904885,11.061395984143019,True,
2950,onnx_model_057,measure,14.403325774468517,14.404067560099065,14.41529384907335,11.226288974285126,True,
2951,onnx_model_036,measure,14.403820059770734,14.404234576970339,14.4154196777381,11.185100767761469,True,
2952,onnx_model_053,measure,14.411764538818375,14.412752598989755,14.423750704154372,10.9981051646173,True,
2953,onnx_model_080,measure,14.43233629933881,14.433997562155128,14.445437838789076,11.440276633948088,True,
2954,onnx_model_027,measure,14.432733816488655,14.43416059203446,14.445392862893641,11.232270859181881,True,
2955,onnx_model_048,measure,14.437580559415979,14.438692045863718,14.449647680856287,10.955634992569685,True,
2956,onnx_model_077,measure,14.45358584090359,14.45389002515003,14.464935149997473,11.045124847441912,True,
2957,onnx_model_099,measure,14.459052641895461,14.459334273822606,14.470887173898518,11.552900075912476,True,
2958,onnx_model_043,measure,14.466364150937448,14.467161402106285,14.47876268485561,11.601282749325037,True,
2959,onnx_model_011,measure,14.475137908164815,14.476109310984612,14.487227204721421,11.117893736809492,True,
2960,onnx_model_079,measure,14.490076869636578,14.490533349104226,14.50171239906922,11.179049964994192,True,
2961,onnx_model_073,measure,14.492275596493872,14.49309475813061,14.504373738076538,11.278979945927858,True,
2962,onnx_model_024,measure,14.500901188257885,14.501824501901865,14.513384555932134,11.560054030269384,True,
2963,onnx_model_043,measure,14.502922928432493,14.50334207713604,14.514409414026886,11.06733689084649,True,
2964,onnx_model_079,measure,14.503336340589025,14.503761623986065,14.514747817069292,10.98619308322668,True,
2965,onnx_model_076,measure,14.511952660997846,14.51263479096815,14.523972352035344,11.337561067193747,True,
2966,onnx_model_053,measure,14.512059908234054,14.512937646824867,14.524083103053272,11.145456228405237,True,
2967,onnx_model_094,measure,14.514873625107578,14.515970562119037,14.526932829990983,10.962267871946096,True,
2968,onnx_model_038,measure,14.515911165550756,14.516339622903615,14.527399736922234,11.06011401861906,True,
2969,onnx_model_094,measure,14.530457017838266,14.531656809151173,14.54259993089363,10.943121742457151,True,
2970,onnx_model_015,measure,14.535548243416066,14.536106848157942,14.547172531951219,11.065683793276548,True,
2971,onnx_model_036,measure,14.538394283943243,14.539547618944198,14.55052603688091,10.978417936712503,True,
2972,onnx_model_016,measure,14.540056298878522,14.541014497168362,14.552027741912752,11.01324474439025,True,
2973,onnx_model_023,measure,14.556390106653783,14.557267351076007,14.56826878292486,11.001431848853827,True,
2974,onnx_model_099,measure,14.567855666342226,14.568364785984159,14.57944459700957,11.07981102541089,True,
2975,onnx_model_016,measure,14.577968600111259,14.57887015491724,14.5900082369335,11.138082016259432,True,
2976,onnx_model_076,measure,14.586755374837768,14.587779731024057,14.59898502100259,11.205289978533983,True,
2977,onnx_model_076,measure,14.590082407257851,14.59130913997069,14.599105158820748,7.796018850058317,True,
2978,onnx_model_089,measure,14.592118047277324,14.592841994017363,14.603884634096175,11.042640078812838,True,
2979,onnx_model_046,measure,14.596408589502513,14.5973295038566,14.608449280727655,11.119776871055365,True,
2980,onnx_model_046,measure,14.606489225810742,14.607111156918108,14.60857156291604,1.4604059979319572,True,
2981,onnx_model_030,measure,14.609985324715177,14.610797495115548,14.62184980371967,11.052308604121208,True,
2982,onnx_model_078,measure,14.61209694381136,14.613249746151268,14.624522503931075,11.272757779806852,True,
2983,onnx_model_096,measure,14.612478354440226,14.613418025895953,14.624574672896415,11.156647000461817,True,
2984,onnx_model_080,measure,14.630051377706849,14.630870931781828,14.641841195058078,10.97026327624917,True,
2985,onnx_model_023,measure,14.631522983206887,14.632387244142592,14.643230735789984,10.843491647392511,True,
2986,onnx_model_033,measure,14.634574830792811,14.63582264399156,14.646738633979112,10.915989987552166,True,
2987,onnx_model_086,measure,14.637239589672202,14.638359495904297,14.649302307050675,10.942811146378517,True,
2988,onnx_model_062,measure,14.641439157441937,14.641952986828983,14.652894895989448,10.941909160465002,True,
2989,onnx_model_024,measure,14.644857412219288,14.645533353090286,14.656487435102463,10.954082012176514,True,
2990,onnx_model_083,measure,14.64676671467511,14.648035840131342,14.65918349986896,11.147659737616777,True,
2991,onnx_model_083,measure,14.652410356103298,14.65296184271574,14.65921433782205,6.252495106309652,True,
2992,onnx_model_091,measure,14.656289577322706,14.656552689149976,14.66740844398737,10.85575483739376,True,
2993,onnx_model_009,measure,14.658522570298313,14.658906734082848,14.669716571923345,10.809837840497494,True,
2994,onnx_model_008,measure,14.664906207501877,14.665413693059236,14.676829122006893,11.415428947657347,True,
2995,onnx_model_014,measure,14.665555204954764,14.665666292887181,14.676549680996686,10.883388109505177,True,
2996,onnx_model_026,measure,14.67587483975889,14.676625033840537,14.687430142890662,10.805109050124884,True,
2997,onnx_model_097,measure,14.676759396473495,14.676926928106695,14.687900016084313,10.973087977617979,True,
2998,onnx_model_009,measure,14.682461698582246,14.683253303170204,14.69396002497524,10.706721805036068,True,
2999,onnx_model_077,measure,14.69182683871447,14.692102164030075,14.702974270097911,10.872106067836285,True,
3000,onnx_model_022,measure,14.7026046960746,14.703040695749223,14.714250704739243,11.21000899001956,True,
3001,onnx_model_093,measure,14.704290178550542,14.705384120810777,14.716379091143608,10.994970332831144,True,
3002,onnx_model_016,measure,14.713213357472062,14.71382513595745,14.724961544852704,11.136408895254135,True,
3003,onnx_model_058,measure,14.716283652629768,14.716550737153739,14.72775917313993,11.208435986191034,True,
3004,onnx_model_065,measure,14.716290071841797,14.71677332976833,14.727902295067906,11.128965299576521,True,
3005,onnx_model_086,measure,14.728856144971216,14.729201193898916,14.740548372734338,11.3471788354218,True,
3006,onnx_model_086,measure,14.72907185103266,14.729388270061463,14.740622764918953,11.234494857490063,True,
3007,onnx_model_027,measure,14.730872593243516,14.732009522151202,14.743056169711053,11.046647559851408,True,
3008,onnx_model_051,measure,14.73575639447173,14.73655311902985,14.747729593887925,11.17647485807538,True,
3009,onnx_model_016,measure,14.737437354137032,14.738108745776117,14.749103826005012,10.995080228894949,True,
3010,onnx_model_091,measure,14.741290939808437,14.741892006713897,14.752838684711605,10.94667799770832,True,
3011,onnx_model_093,measure,14.743364860817003,14.744355781003833,14.755320703145117,10.96492214128375,True,
3012,onnx_model_019,measure,14.756848165227405,14.757492060773075,14.76842118613422,10.929125361144543,True,
3013,onnx_model_012,measure,14.777923510542825,14.778732236009091,14.79034193372354,11.609697714447975,True,
3014,onnx_model_041,measure,14.78803099277311,14.789296906907111,14.800621673930436,11.324767023324966,True,
3015,onnx_model_033,measure,14.793624069716879,14.79466000199318,14.806197512894869,11.53751090168953,True,
3016,onnx_model_066,measure,14.79825332846574,14.799202596768737,14.810771747957915,11.569151189178228,True,
3017,onnx_model_018,measure,14.804276152986748,14.80492302076891,14.816091530025005,11.168509256094694,True,
3018,onnx_model_078,measure,14.81076202578646,14.81094524776563,14.822100934106857,11.155686341226101,True,
3019,onnx_model_061,measure,14.811855671941176,14.812468984164298,14.823728987947106,11.26000378280878,True,
3020,onnx_model_069,measure,14.826569591923308,14.827031946741045,14.838085478171706,11.053531430661678,True,
3021,onnx_model_046,measure,14.828577672969908,14.829569831024855,14.840829233173281,11.259402148425579,True,
3022,onnx_model_044,measure,14.832927535942448,14.834122474770993,14.845187557861209,11.065083090215921,True,
3023,onnx_model_011,measure,14.842931774235959,14.844132652971894,14.855170113034546,11.037460062652826,True,
3024,onnx_model_091,measure,14.84587882344695,14.846436833031476,14.857487097848207,11.050264816731215,True,
3025,onnx_model_035,measure,14.846832602512173,14.847925672773272,14.858976880088449,11.051207315176725,True,
3026,onnx_model_003,measure,14.850317138470514,14.85137912677601,14.862537777982652,11.15865120664239,True,
3027,onnx_model_005,measure,14.85069443394378,14.851676031947136,14.862672473769635,10.996441822499037,True,
3028,onnx_model_042,measure,14.853699878904068,14.854190491139889,14.865199989173561,11.009498033672571,True,
3029,onnx_model_085,measure,14.855476791266996,14.856398629024625,14.867456407751888,11.057778727263212,True,
3030,onnx_model_086,measure,14.864986797386175,14.865296822972596,14.876478016842157,11.181193869560957,True,
3031,onnx_model_082,measure,14.864991894779664,14.865463490132242,14.87658882793039,11.125337798148394,True,
3032,onnx_model_007,measure,14.866299510807679,14.86699713487178,14.877896102145314,10.898967273533344,True,
3033,onnx_model_048,measure,14.867507347984388,14.868691897019744,14.879906633868814,11.214736849069595,True,
3034,onnx_model_005,measure,14.868528188137047,14.868852632120252,14.879944184795022,11.091552674770355,True,
3035,onnx_model_033,measure,14.88203737984362,14.883163674734533,14.894083161838353,10.919487103819847,True,
3036,onnx_model_071,measure,14.896992717629942,14.897307150065899,14.90826812479645,10.960974730551243,True,
3037,onnx_model_029,measure,14.89831532810194,14.898761224001646,14.90968794375658,10.926719754934311,True,
3038,onnx_model_031,measure,14.906563963086352,14.90720398304984,14.91821321984753,11.009236797690392,True,
3039,onnx_model_065,measure,14.911815553128472,14.912925619166344,14.923919826745987,10.994207579642534,True,
3040,onnx_model_081,measure,14.91548097449288,14.916369454935193,14.927323075942695,10.953621007502079,True,
3041,onnx_model_009,measure,14.92034897964217,14.921436646953225,14.932386330794543,10.949683841317892,True,
3042,onnx_model_057,measure,14.92520354867864,14.92613963689655,14.937041659839451,10.902022942900658,True,
3043,onnx_model_057,measure,14.946140727431459,14.947289078962058,14.958914797753096,11.625718791037798,True,
3044,onnx_model_046,measure,14.9542174034547,14.954846525099128,14.965947285760194,11.100760661065578,True,
3045,onnx_model_095,measure,14.959341288348034,14.960208857897669,14.971292615868151,11.083757970482111,True,
3046,onnx_model_075,measure,14.960584189200606,14.96171395899728,14.972940337844193,11.226378846913576,True,
3047,onnx_model_092,measure,14.971459077945976,14.97252103080973,14.983550436794758,11.029405985027552,True,
3048,onnx_model_071,measure,14.974037471278299,14.975181749090552,14.986342764925212,11.161015834659338,True,
3049,onnx_model_091,measure,14.97408513946213,14.975352733861655,14.986395385116339,11.042651254683733,True,
3050,onnx_model_079,measure,14.97835934757134,14.978904815856367,14.98996673291549,11.061917059123516,True,
3051,onnx_model_067,measure,14.994501463354329,14.995192636735737,15.006162869744003,10.970233008265495,True,
3052,onnx_model_035,measure,14.99735270165887,14.997695954982191,15.00870507210493,11.009117122739553,True,
3053,onnx_model_054,measure,14.998993674662806,15.000148967839777,15.011391488835216,11.242520995438099,True,
3054,onnx_model_040,measure,14.999958091789777,15.000316116027534,15.011450210120529,11.134094092994928,True,
3055,onnx_model_048,measure,15.000313478095524,15.000773245003074,15.012024492025375,11.251247022300959,True,
3056,onnx_model_095,measure,15.000787877985864,15.001127427909523,15.012158947996795,11.031520087271929,True,
3057,onnx_model_003,measure,15.003178213035678,15.00356473075226,15.014702782966197,11.138052213937044,True,
3058,onnx_model_010,measure,15.003293702182741,15.003746937960386,15.015151836909354,11.404898948967457,True,
3059,onnx_model_072,measure,15.00659448556254,15.007394921965897,15.018395912833512,11.000990867614746,True,
3060,onnx_model_011,measure,15.011443451105835,15.011656622868031,15.022557143121958,10.900520253926516,True,
3061,onnx_model_015,measure,15.01279598765301,15.013400407973677,15.024360730778426,10.960322804749012,True,
3062,onnx_model_012,measure,15.014341259508361,15.014801169745624,15.025789917912334,10.988748166710138,True,
3063,onnx_model_020,measure,15.014691883801637,15.015280852094293,15.026258608791977,10.977756697684526,True,
3064,onnx_model_081,measure,15.027402691197812,15.028479750733823,15.03938127309084,10.901522357016802,True,
3065,onnx_model_039,measure,15.029763976700035,15.030947451945394,15.042027272749692,11.079820804297924,True,
3066,onnx_model_019,measure,15.037188917757932,15.038385060150176,15.049390048719943,11.004988569766283,True,
3067,onnx_model_080,measure,15.04109575790656,15.041631219908595,15.052624817937613,10.993598029017448,True,
3068,onnx_model_077,measure,15.043234254738456,15.044253644999117,15.055269605014473,11.01596001535654,True,
3069,onnx_model_028,measure,15.051370053200484,15.051622082013637,15.062667647842318,11.045565828680992,True,
3070,onnx_model_002,measure,15.055089859674482,15.05536473589018,15.066358322743326,10.993586853146553,True,
3071,onnx_model_040,measure,15.057900960146451,15.058811647817492,15.069742165040225,10.930517222732306,True,
3072,onnx_model_062,measure,15.075542082822635,15.075963241048157,15.087015228811651,11.051987763494253,True,
3073,onnx_model_034,measure,15.08204258649299,15.082409884780645,15.093392081093043,10.982196312397718,True,
3074,onnx_model_098,measure,15.087863666790733,15.088238595053554,15.099325268995017,11.086673941463232,True,
3075,onnx_model_043,measure,15.094400959126036,15.094640945084393,15.105743147898465,11.10220281407237,True,
3076,onnx_model_025,measure,15.099650870574036,15.100559134036303,15.111601132899523,11.041998863220215,True,
3077,onnx_model_036,measure,15.105449893163032,15.105839300900698,15.11688190093264,11.04260003194213,True,
3078,onnx_model_050,measure,15.106651661352657,15.107305437792093,15.11840772209689,11.10228430479765,True,
3079,onnx_model_062,measure,15.111699828913842,15.112837873864919,15.123846270143986,11.008396279066801,True,
3080,onnx_model_051,measure,15.126104466623403,15.127089084126055,15.13813020195812,11.041117832064629,True,
3081,onnx_model_074,measure,15.129182024520752,15.129535323940217,15.140587582718581,11.052258778363466,True,
3082,onnx_model_047,measure,15.1479099858385,15.1488242498599,15.160548605956137,11.724356096237898,True,
3083,onnx_model_073,measure,15.150679028508279,15.151270739734173,15.162262823898345,10.992084164172411,True,
3084,onnx_model_069,measure,15.159139363307704,15.159874844830483,15.171094211749732,11.219366919249296,True,
3085,onnx_model_061,measure,15.159335650864769,15.160088411066681,15.171148704830557,11.060293763875961,True,
3086,onnx_model_036,measure,15.177156993699796,15.178380492143333,15.1893679369241,10.987444780766964,True,
3087,onnx_model_046,measure,15.182199524728336,15.18288323096931,15.193842462729663,10.95923176035285,True,
3088,onnx_model_007,measure,15.183564658093001,15.184325872920454,15.195292128715664,10.9662557952106,True,
3089,onnx_model_061,measure,15.20342947668227,15.205496666021645,15.216358171775937,10.861505754292011,True,
3090,onnx_model_061,measure,15.217437528305249,15.218576227780432,15.229663364123553,11.087136343121529,True,
3091,onnx_model_001,measure,15.217735020642154,15.218704332131892,15.229563743807375,10.859411675482988,True,
3092,onnx_model_008,measure,15.220640089964103,15.221091839950532,15.232132256962359,11.04041701182723,True,
3093,onnx_model_022,measure,15.220910742379907,15.221205445937812,15.232588974758983,11.38352882117033,True,
3094,onnx_model_079,measure,15.223061962786337,15.223592192865908,15.234576903749257,10.98471088334918,True,
3095,onnx_model_051,measure,15.223506594024533,15.223717811983079,15.234676832798868,10.9590208157897,True,
3096,onnx_model_021,measure,15.230558899541462,15.230859987903386,15.241801497060806,10.941509157419205,True,
3097,onnx_model_013,measure,15.231750469171507,15.232208110857755,15.24321976210922,11.011651251465082,True,
3098,onnx_model_097,measure,15.232025181820017,15.232314712833613,15.243293812964112,10.97910013049841,True,
3099,onnx_model_087,measure,15.243989280082774,15.244501870125532,15.255553736817092,11.051866691559553,True,
3100,onnx_model_033,measure,15.247698272300925,15.248945306055248,15.259962938725948,11.01763267070055,True,
3101,onnx_model_098,measure,15.249160642269253,15.249348773155361,15.260353310965002,11.00453780964017,True,
3102,onnx_model_003,measure,15.250537821166054,15.250831400975585,15.262065595947206,11.234194971621037,True,
3103,onnx_model_038,measure,15.2563154573459,15.256838398985565,15.267891599796712,11.05320081114769,True,
3104,onnx_model_057,measure,15.260958894121949,15.261589881032705,15.27295659808442,11.366717051714659,True,
3105,onnx_model_026,measure,15.262500338104463,15.263297187164426,15.2742211217992,10.923934634774923,True,
3106,onnx_model_035,measure,15.268211282896866,15.269115165807307,15.280038489960134,10.923324152827263,True,
3107,onnx_model_054,measure,15.271486647293374,15.27258075401187,15.283408415969461,10.827661957591772,True,
3108,onnx_model_055,measure,15.283805191133224,15.284676144830883,15.295939875766635,11.263730935752392,True,
3109,onnx_model_070,measure,15.287420939386134,15.288118619006127,15.299056539777666,10.937920771539211,True,
3110,onnx_model_050,measure,15.294424585937705,15.295582466758788,15.306578618939966,10.996152181178331,True,
3111,onnx_model_088,measure,15.296958453805294,15.298167631030083,15.309167480096221,10.999849066138268,True,
3112,onnx_model_023,measure,15.299647090583742,15.300275757908821,15.311241182032973,10.965424124151468,True,
3113,onnx_model_062,measure,15.311039779539232,15.311334698926657,15.322318507824093,10.983808897435665,True,
3114,onnx_model_017,measure,15.311969375698576,15.312762422952801,15.323743387125432,10.980964172631502,True,
3115,onnx_model_054,measure,15.324325032060736,15.324958035722375,15.335932756774127,10.974721051752567,True,
3116,onnx_model_082,measure,15.332825069397613,15.33338746894151,15.344379824120551,10.992355179041624,True,
3117,onnx_model_072,measure,15.339968432786383,15.341155074071139,15.352157327812165,11.002253741025925,True,
3118,onnx_model_039,measure,15.341166951154227,15.34150607092306,15.35241802316159,10.91195223852992,True,
3119,onnx_model_077,measure,15.34209887266154,15.342942671850324,15.353872498031706,10.92982618138194,True,
3120,onnx_model_048,measure,15.344039074553194,15.344474563840777,15.355416311882436,10.941748041659594,True,
3121,onnx_model_003,measure,15.34796566872115,15.348924081772566,15.359873444773257,10.949363000690937,True,
3122,onnx_model_083,measure,15.353566031063142,15.353964522946626,15.364985020831227,11.020497884601355,True,
3123,onnx_model_014,measure,15.355306823392588,15.35555609781295,15.366542702075094,10.986604262143373,True,
3124,onnx_model_048,measure,15.35772398798054,15.35800283914432,15.368959396146238,10.956557001918554,True,
3125,onnx_model_070,measure,15.362913957310646,15.364092093892395,15.375022231135517,10.930137243121862,True,
3126,onnx_model_080,measure,15.366176598406923,15.36665350291878,15.377649174071848,10.995671153068542,True,
3127,onnx_model_048,measure,15.369303067475013,15.370179114863276,15.381099433172494,10.920318309217691,True,
3128,onnx_model_046,measure,15.370423302917446,15.371615815907717,15.382666571997106,11.050756089389324,True,
3129,onnx_model_067,measure,15.383669149108607,15.3838996659033,15.39478001696989,10.880351066589355,True,
3130,onnx_model_019,measure,15.389727179835408,15.390336812008172,15.401677367743105,11.340555734932423,True,
3131,onnx_model_075,measure,15.389778707301042,15.390496625099331,15.401723806746304,11.227181646972895,True,
3132,onnx_model_098,measure,15.391944940780773,15.393054577987641,15.404266029130667,11.211451143026352,True,
3133,onnx_model_013,measure,15.392286823540603,15.39321547280997,15.404316144064069,11.100671254098415,True,
3134,onnx_model_087,measure,15.392604985727221,15.39335972815752,15.404556500725448,11.196772567927837,True,
3135,onnx_model_030,measure,15.395838733584672,15.397018583025783,15.408040222711861,11.021639686077833,True,
3136,onnx_model_051,measure,15.39736572442836,15.398492434062064,15.40965210692957,11.159672867506742,True,
3137,onnx_model_059,measure,15.404324510850524,15.404664295725524,15.41567930392921,11.015008203685284,True,
3138,onnx_model_093,measure,15.404894349241253,15.406101127155125,15.416948296129704,10.84716897457838,True,
3139,onnx_model_052,measure,15.408537675446496,15.409259360749274,15.420168827753514,10.90946700423956,True,
3140,onnx_model_036,measure,15.40936437312397,15.409785029944032,15.42065100511536,10.865975171327591,True,
3141,onnx_model_098,measure,15.413168399657753,15.41421880805865,15.42500479100272,10.785982944071293,True,
3142,onnx_model_033,measure,15.414254746899934,15.41457059700042,15.425397938117385,10.827341116964817,True,
3143,onnx_model_094,measure,15.438052601856871,15.439638727810234,15.450745109003037,11.106381192803383,True,
3144,onnx_model_009,measure,15.438423783489187,15.439806106034666,15.451249457895756,11.443351861089468,True,
3145,onnx_model_081,measure,15.445647569905448,15.44631907576695,15.457234044093639,10.914968326687813,True,
3146,onnx_model_086,measure,15.447821873841429,15.44875576812774,15.45988274877891,11.126980651170015,True,
3147,onnx_model_011,measure,15.449051941057814,15.450182991102338,15.461214390117675,11.031399015337229,True,
3148,onnx_model_023,measure,15.450728703012675,15.450939288828522,15.463816205970943,12.876917142421007,True,
3149,onnx_model_016,measure,15.45121756238941,15.451402008067816,15.462614221032709,11.212212964892387,True,
3150,onnx_model_051,measure,15.458825295154764,15.459457701072097,15.470496874768287,11.039173696190119,True,
3151,onnx_model_064,measure,15.459471128037624,15.45997776882723,15.47095137881115,10.973609983921051,True,
3152,onnx_model_002,measure,15.461428913347564,15.462395114824176,15.473352803848684,10.957689024508,True,
3153,onnx_model_098,measure,15.473113720391485,15.473461499903351,15.484313247725368,10.851747822016478,True,
3154,onnx_model_075,measure,15.475861439465177,15.476917028892785,15.487781209871173,10.864180978387594,True,
3155,onnx_model_041,measure,15.485488589628574,15.486475186888129,15.49720268882811,10.727501939982176,True,
3156,onnx_model_030,measure,15.489898421173281,15.491004677023739,15.501999997999519,10.995320975780487,True,
3157,onnx_model_076,measure,15.500342736244908,15.501426828093827,15.51239415584132,10.967327747493982,True,
3158,onnx_model_040,measure,15.504607029484207,15.505220709834248,15.51644579693675,11.225087102502584,True,
3159,onnx_model_089,measure,15.509328983164423,15.509674346074462,15.52068202989176,11.00768381729722,True,
3160,onnx_model_060,measure,15.513542799517582,15.51463247090578,15.52564031491056,11.007844004780054,True,
3161,onnx_model_020,measure,15.515595197385649,15.516070203855634,15.527026319876313,10.956116020679474,True,
3162,onnx_model_059,measure,15.536470354950875,15.537249020766467,15.548275951761752,11.026930995285511,True,
3163,onnx_model_000,measure,15.545412885960294,15.5457140118815,15.556805384811014,11.091372929513454,True,
3164,onnx_model_067,measure,15.555271134076136,15.555495716165751,15.566507557872683,11.011841706931591,True,
3165,onnx_model_090,measure,15.555718771221642,15.555870888754725,15.56701465183869,11.143763083964586,True,
3166,onnx_model_023,measure,15.560886111028308,15.562025998719037,15.572954652830958,10.928654111921787,True,
3167,onnx_model_086,measure,15.564740050063616,15.565465687774122,15.576508788857609,11.043101083487272,True,
3168,onnx_model_094,measure,15.57417164246222,15.57517689699307,15.5864119627513,11.235065758228302,True,
3169,onnx_model_028,measure,15.574614798056984,15.575339646078646,15.586453963071108,11.114316992461681,True,
3170,onnx_model_036,measure,15.595402165868494,15.59676157683134,15.607938012108207,11.17643527686596,True,
3171,onnx_model_015,measure,15.599359934978533,15.600298809818923,15.61139369988814,11.09489006921649,True,
3172,onnx_model_049,measure,15.600360825839163,15.600707998033613,15.611919770017266,11.211771983653307,True,
3173,onnx_model_045,measure,15.608389011233744,15.609235006850213,15.620235446840525,11.000439990311861,True,
3174,onnx_model_011,measure,15.610839829735529,15.611497827805579,15.62249649502337,10.99866721779108,True,
3175,onnx_model_080,measure,15.615378857108006,15.616152565926313,15.627107039093971,10.954473167657852,True,
3176,onnx_model_095,measure,15.616088952312138,15.616516448091716,15.627654219046235,11.13777095451951,True,
3177,onnx_model_027,measure,15.616257662836738,15.616697031073272,15.627771262079477,11.074231006205082,True,
3178,onnx_model_006,measure,15.616418294415666,15.617109214887023,15.628168826922774,11.059612035751343,True,
3179,onnx_model_056,measure,15.61920434211987,15.619537870865315,15.630594457965344,11.056587100028992,True,
3180,onnx_model_047,measure,15.6289820949906,15.629408304113895,15.64067727373913,11.268969625234604,True,
3181,onnx_model_043,measure,15.636491266359895,15.63683783588931,15.647921855095774,11.08401920646429,True,
3182,onnx_model_034,measure,15.63916309326111,15.64027857594192,15.651325464714319,11.046888772398233,True,
3183,onnx_model_001,measure,15.640530962944283,15.640809224918485,15.651798052713275,10.988827794790268,True,
3184,onnx_model_062,measure,15.644215585966826,15.645239326171577,15.656514990143478,11.27566397190094,True,
3185,onnx_model_073,measure,15.647599010896228,15.648018167819828,15.658949887845665,10.931720025837421,True,
3186,onnx_model_027,measure,15.652450309351467,15.653030556160957,15.66408912697807,11.058570817112923,True,
3187,onnx_model_066,measure,15.653804595473385,15.654470574110746,15.665377506054938,10.906931944191456,True,
3188,onnx_model_079,measure,15.65478542259216,15.655914708971977,15.66716856090352,11.253851931542158,True,
3189,onnx_model_025,measure,15.65491122875015,15.656095582991838,15.667060224805027,10.964641813188791,True,
3190,onnx_model_002,measure,15.66017001264616,15.661169997882098,15.672135451808572,10.965453926473856,True,
3191,onnx_model_088,measure,15.663005821857027,15.663627348840237,15.674572865013033,10.945516172796488,True,
3192,onnx_model_005,measure,15.665139949798078,15.665471424814314,15.676373518072069,10.902093257755041,True,
3193,onnx_model_081,measure,15.668859717858421,15.669388941023499,15.680448713712394,11.059772688895464,True,
3194,onnx_model_005,measure,15.682748498319267,15.6836835029535,15.694560398813337,10.876895859837532,True,
3195,onnx_model_023,measure,15.713985830529191,15.71480156481266,15.725931640714407,11.13007590174675,True,
3196,onnx_model_032,measure,15.71459138303558,15.714982397854328,15.726008196827024,11.025798972696066,True,
3197,onnx_model_056,measure,15.720038911987293,15.720493825152516,15.731378084048629,10.884258896112442,True,
3198,onnx_model_040,measure,15.724438200409411,15.724907604977489,15.735844164155424,10.936559177935123,True,
3199,onnx_model_095,measure,15.727185751027257,15.728164474945515,15.73904752312228,10.883048176765442,True,
3200,onnx_model_040,measure,15.73436464823216,15.734541657846421,15.735919796861708,1.3781390152871609,True,
3201,onnx_model_033,measure,15.738535647776267,15.739102997817099,15.749868060927838,10.765063110738993,True,
3202,onnx_model_063,measure,15.73943733066556,15.740383462049067,15.751146671827883,10.763209778815508,True,
3203,onnx_model_013,measure,15.740763259100698,15.741668764967471,15.752480025868863,10.811260901391506,True,
3204,onnx_model_057,measure,15.741409306349105,15.741765378974378,15.752589905168861,10.824526194483042,True,
3205,onnx_model_090,measure,15.742504821028136,15.743084547109902,15.753773133736104,10.688586626201868,True,
3206,onnx_model_097,measure,15.771604612886703,15.772975685074925,15.783895081840456,10.91939676553011,True,
3207,onnx_model_015,measure,15.773042458280413,15.773215761873871,15.784182127099484,10.966365225613117,True,
3208,onnx_model_077,measure,15.78190323657875,15.78354105912149,15.79450909793377,10.968038812279701,True,
3209,onnx_model_086,measure,15.785779228104781,15.786384784150869,15.79740759683773,11.022812686860561,True,
3210,onnx_model_026,measure,15.78718567869939,15.787821425125003,15.798959617037326,11.138191912323236,True,
3211,onnx_model_011,measure,15.79695403698508,15.797517425846308,15.808722574729472,11.205148883163929,True,
3212,onnx_model_065,measure,15.796982978530004,15.79772443883121,15.808849596884102,11.125158052891493,True,
3213,onnx_model_037,measure,15.804949127551357,15.805267377756536,15.816260633990169,10.993256233632565,True,
3214,onnx_model_018,measure,15.809902460692728,15.811088151764125,15.82259988412261,11.51173235848546,True,
3215,onnx_model_043,measure,15.810814632380492,15.81126408604905,15.82255393685773,11.289850808680058,True,
3216,onnx_model_060,measure,15.817617210294118,15.818487416952848,15.829531028866768,11.043611913919449,True,
3217,onnx_model_091,measure,15.821051381864079,15.821944198105484,15.832888441160321,10.944243054836988,True,
3218,onnx_model_046,measure,15.82279750082052,15.823852324858308,15.834984515793622,11.132190935313702,True,
3219,onnx_model_086,measure,15.833481001604484,15.834131463896483,15.845185876823962,11.054412927478552,True,
3220,onnx_model_064,measure,15.841543555826235,15.842227873858064,15.853300121147186,11.072247289121151,True,
3221,onnx_model_080,measure,15.846054400694703,15.846411256119609,15.857469887007028,11.058630887418985,True,
3222,onnx_model_054,measure,15.848035391762998,15.848885960876942,15.859896480105817,11.010519228875637,True,
3223,onnx_model_072,measure,15.853327668707033,15.854526722803712,15.865515289828181,10.988567024469376,True,
3224,onnx_model_096,measure,15.856963585638546,15.857572361826897,15.868652013130486,11.079651303589344,True,
3225,onnx_model_030,measure,15.857697244035112,15.858034249860793,15.869170718826354,11.136468965560198,True,
3226,onnx_model_042,measure,15.85989296820302,15.860050002112985,15.87097262404859,10.922621935606003,True,
3227,onnx_model_044,measure,15.860063985790726,15.860420575831085,15.871412320062518,10.991744231432676,True,
3228,onnx_model_016,measure,15.863254933343748,15.863884821068496,15.874762497842312,10.877676773816347,True,
3229,onnx_model_050,measure,15.86794762639568,15.868771068751812,15.879734478890896,10.963410139083862,True,
3230,onnx_model_010,measure,15.882030519072595,15.882981721777469,15.894054960925132,11.073239147663116,True,
3231,onnx_model_005,measure,15.889681206173913,15.890446612145752,15.901770376134664,11.323763988912106,True,
3232,onnx_model_050,measure,15.890232567957742,15.890637694858015,15.901648243889213,11.010549031198025,True,
3233,onnx_model_044,measure,15.896206470751038,15.897300139069557,15.908751816954464,11.45167788490653,True,
3234,onnx_model_096,measure,15.896235620139894,15.897467136848718,15.90888550085947,11.418364010751247,True,
3235,onnx_model_002,measure,15.896433377489643,15.897635667119175,15.908997504040599,11.361836921423674,True,
3236,onnx_model_025,measure,15.896531976653602,15.897789699956775,15.909117482136935,11.327782180160284,True,
3237,onnx_model_075,measure,15.907168016066851,15.907999136019498,15.919030054938048,11.030918918550014,True,
3238,onnx_model_044,measure,15.908097367509734,15.908371494151652,15.91946516185999,11.093667708337307,True,
3239,onnx_model_020,measure,15.911310408621905,15.912340027745813,15.923236910719424,10.896882973611355,True,
3240,onnx_model_092,measure,15.931580816065704,15.933462598826736,15.944823293946683,11.360695119947195,True,
3241,onnx_model_013,measure,15.932371435084804,15.93366569513455,15.944933272898197,11.267577763646841,True,
3242,onnx_model_031,measure,15.94784855678059,15.948159435763955,15.95924984710291,11.090411338955164,True,
3243,onnx_model_006,measure,15.949631965021563,15.950678835157305,15.96184359677136,11.164761614054441,True,
3244,onnx_model_079,measure,15.953006027873993,15.954146055039018,15.965177083853632,11.03102881461382,True,
3245,onnx_model_007,measure,15.961556010600043,15.961954879108816,15.976444561965764,14.489682856947184,True,
3246,onnx_model_036,measure,15.974079138636315,15.975417759735137,15.986636755988002,11.2189962528646,True,
3247,onnx_model_067,measure,15.974738449353824,15.975587082095444,15.986790647730231,11.203565634787083,True,
3248,onnx_model_056,measure,15.97710283930499,15.977688565850258,15.988770903088152,11.082337237894535,True,
3249,onnx_model_093,measure,15.980358781502414,15.981153091881424,15.992450766731054,11.297674849629402,True,
3250,onnx_model_095,measure,15.98041409400625,15.981318557169288,15.99252141173929,11.202854570001364,True,
3251,onnx_model_016,measure,15.981787959813182,15.982846511062235,15.993936591781676,11.090080719441175,True,
3252,onnx_model_058,measure,15.993874154894042,15.994101195130497,16.0051836008206,11.08240569010377,True,
3253,onnx_model_093,measure,15.995104925579822,15.995547193102539,16.00655911490321,11.011921800673008,True,
3254,onnx_model_091,measure,16.006624661498314,16.00776461698115,16.018598481081426,10.833864100277424,True,
3255,onnx_model_026,measure,16.013185366724812,16.014221420045942,16.025501411873847,11.279991827905178,True,
3256,onnx_model_092,measure,16.013209592382548,16.01439061202109,16.025631729979068,11.24111795797944,True,
3257,onnx_model_072,measure,16.015510565985227,16.015939636155963,16.027224206831306,11.284570675343275,True,
3258,onnx_model_050,measure,16.020791223356404,16.021796049084514,16.03283359995112,11.037550866603851,True,
3259,onnx_model_011,measure,16.026441084883455,16.02685072692111,16.037900261115283,11.049534194171429,True,
3260,onnx_model_070,measure,16.02835572793969,16.02944561978802,16.040317656006664,10.872036218643188,True,
3261,onnx_model_036,measure,16.034292904112075,16.03505305899307,16.046073285862803,11.020226869732141,True,
3262,onnx_model_037,measure,16.038287890605815,16.03911736374721,16.050140677951276,11.023314204066992,True,
3263,onnx_model_088,measure,16.044030820383824,16.04453001311049,16.05555195407942,11.021940968930721,True,
3264,onnx_model_078,measure,16.052257314558116,16.05337298195809,16.06431848788634,10.945505928248167,True,
3265,onnx_model_028,measure,16.055350973583508,16.055663224775344,16.066867352928966,11.20412815362215,True,
3266,onnx_model_028,measure,16.05764392280836,16.05810502683744,16.06692002294585,8.814996108412743,True,
3267,onnx_model_011,measure,16.074192701451967,16.075138304848224,16.08607042580843,10.932120960205793,True,
3268,onnx_model_032,measure,16.08554102920222,16.08616427378729,16.09731092210859,11.146648321300745,True,
3269,onnx_model_014,measure,16.08590096766578,16.086322254035622,16.097471978049725,11.149724014103413,True,
3270,onnx_model_050,measure,16.087744020423575,16.08884896710515,16.099640289787203,10.79132268205285,True,
3271,onnx_model_029,measure,16.089963705940523,16.090287852101028,16.101654929108918,11.367077007889748,True,
3272,onnx_model_080,measure,16.090004191201096,16.090447765775025,16.101777052041143,11.329286266118288,True,
3273,onnx_model_001,measure,16.090617693820633,16.091073164716363,16.10201575513929,10.942590422928333,True,
3274,onnx_model_001,measure,16.091252744238126,16.092450101859868,16.102135403081775,9.685301221907139,True,
3275,onnx_model_014,measure,16.091716001175442,16.092623902950436,16.09753075009212,4.906847141683102,True,
3276,onnx_model_094,measure,16.093546993854645,16.09416922973469,16.105104567017406,10.935337282717228,True,
3277,onnx_model_055,measure,16.094555551852554,16.09564539603889,16.106626559980214,10.981163941323757,True,
3278,onnx_model_096,measure,16.103841712370645,16.104355553165078,16.11529352515936,10.937971994280815,True,
3279,onnx_model_039,measure,16.104252218174388,16.104729474056512,16.115653668995947,10.924194939434528,True,
3280,onnx_model_089,measure,16.11138370253147,16.11184505885467,16.122805153019726,10.960094165056944,True,
3281,onnx_model_047,measure,16.120404306634065,16.120871727820486,16.131882026791573,11.01029897108674,True,
3282,onnx_model_007,measure,16.126797532443522,16.12702409271151,16.138037256896496,11.013164184987545,True,
3283,onnx_model_083,measure,16.12806153937278,16.128454952966422,16.13965944107622,11.20448810979724,True,
3284,onnx_model_088,measure,16.129169494315942,16.129893076140434,16.141242179088295,11.349102947860956,True,
3285,onnx_model_078,measure,16.13905837861092,16.139268237166107,16.15034742699936,11.079189833253622,True,
3286,onnx_model_059,measure,16.140359558852357,16.14092970499769,16.15205150609836,11.121801100671291,True,
3287,onnx_model_028,measure,16.14440602067294,16.14547227974981,16.156551499851048,11.079220101237297,True,
3288,onnx_model_048,measure,16.14963975935883,16.149954970926046,16.16081204917282,10.85707824677229,True,
3289,onnx_model_051,measure,16.163844320961,16.165061506908387,16.176145195029676,11.083688121289015,True,
3290,onnx_model_009,measure,16.16419545917581,16.16523288190365,16.176291492767632,11.058610863983631,True,
3291,onnx_model_098,measure,16.1726839135014,16.173763677943498,16.184654280077666,10.890602134168148,True,
3292,onnx_model_089,measure,16.177488825220326,16.17851428873837,16.189537873025984,11.02358428761363,True,
3293,onnx_model_031,measure,16.18022552496182,16.180980436038226,16.192071959841996,11.091523803770542,True,
3294,onnx_model_082,measure,16.181623725933534,16.18242651503533,16.19343928899616,11.012773960828781,True,
3295,onnx_model_080,measure,16.18613638603513,16.186891382094473,16.197886341717094,10.994959622621536,True,
3296,onnx_model_082,measure,16.205538714126014,16.206123730167747,16.217128839809448,11.005109641700983,True,
3297,onnx_model_028,measure,16.206711257242606,16.207574186846614,16.21871951315552,11.145326308906078,True,
3298,onnx_model_065,measure,16.208378684008274,16.209040976129472,16.220013482961804,10.972506832331419,True,
3299,onnx_model_040,measure,16.210210514154866,16.210478447843343,16.221517100930214,11.038653086870909,True,
3300,onnx_model_053,measure,16.212076385466514,16.21296191914007,16.22412970708683,11.167787946760654,True,
3301,onnx_model_062,measure,16.221684333129723,16.222757920157164,16.233767366968095,11.009446810930967,True,
3302,onnx_model_015,measure,16.22858041164711,16.229380988981575,16.240480437874794,11.099448893219233,True,
3303,onnx_model_076,measure,16.233719365883346,16.233936016913503,16.24494618596509,11.010169051587582,True,
3304,onnx_model_015,measure,16.234458818022674,16.23538514180109,16.241191498935223,5.806357134133577,True,
3305,onnx_model_096,measure,16.234895551258077,16.235550556797534,16.246593818068504,11.043261270970106,True,
3306,onnx_model_019,measure,16.235492345859225,16.236006322782487,16.24714052816853,11.134205386042595,True,
3307,onnx_model_017,measure,16.23824592419807,16.239439147990197,16.250453795772046,11.014647781848907,True,
3308,onnx_model_039,measure,16.239690837008016,16.240577321965247,16.25179836107418,11.221039108932018,True,
3309,onnx_model_019,measure,16.240176839512372,16.24076197296381,16.247182556893677,6.420583929866552,True,
3310,onnx_model_090,measure,16.24045805174586,16.241326545830816,16.252244148869067,10.9176030382514,True,
3311,onnx_model_039,measure,16.242952189049785,16.243769929744303,16.251839839853346,8.069910109043121,True,
3312,onnx_model_088,measure,16.24463417993397,16.245043470989913,16.255942438729107,10.898967739194632,True,
3313,onnx_model_010,measure,16.24504471780267,16.245409828145057,16.2564133037813,11.00347563624382,True,
3314,onnx_model_020,measure,16.245582345696405,16.245808776002377,16.2569087757729,11.099999770522118,True,
3315,onnx_model_075,measure,16.24684583860166,16.24727479275316,16.258056397084147,10.781604330986738,True,
3316,onnx_model_064,measure,16.247946136109185,16.248737793881446,16.259955486748368,11.217692866921425,True,
3317,onnx_model_032,measure,16.2536478576333,16.254471673164517,16.265223370864987,10.751697700470686,True,
3318,onnx_model_056,measure,16.256196577704188,16.256508193910122,16.26734770881012,10.839514899998903,True,
3319,onnx_model_036,measure,16.2582808235795,16.259278990793973,16.27036708779633,11.088097002357244,True,
3320,onnx_model_028,measure,16.25875973921786,16.25944370403886,16.270405280869454,10.961576830595732,True,
3321,onnx_model_026,measure,16.266660924034127,16.267417061142623,16.27812725910917,10.71019796654582,True,
3322,onnx_model_020,measure,16.269083375395322,16.269703656900674,16.280467236880213,10.763579979538918,True,
3323,onnx_model_062,measure,16.269419755010045,16.26980053074658,16.280541327781975,10.740797035396099,True,
3324,onnx_model_047,measure,16.271438687440718,16.272555687930435,16.283231671899557,10.675983969122171,True,
3325,onnx_model_034,measure,16.274876296185116,16.275850010104477,16.286828719079494,10.97870897501707,True,
3326,onnx_model_004,measure,16.277709058724138,16.27819578908384,16.28902889089659,10.833101812750101,True,
3327,onnx_model_055,measure,16.280589189218283,16.281694369856268,16.292466165032238,10.7717951759696,True,
3328,onnx_model_090,measure,16.28274489529976,16.282973520923406,16.293783348985016,10.80982806161046,True,
3329,onnx_model_063,measure,16.285641632911,16.286444309167564,16.29740374116227,10.959431994706392,True,
3330,onnx_model_017,measure,16.28827771763625,16.289120475761592,16.300307060126215,11.186584364622831,True,
3331,onnx_model_049,measure,16.29684501897784,16.297495585866272,16.30878482479602,11.289238929748535,True,
3332,onnx_model_022,measure,16.29943526376529,16.299969437997788,16.31088294275105,10.913504753261805,True,
3333,onnx_model_006,measure,16.300373723798334,16.301526688039303,16.312500096857548,10.973408818244934,True,
3334,onnx_model_001,measure,16.303389426152744,16.303966926876456,16.31510390713811,11.136980261653662,True,
3335,onnx_model_045,measure,16.3078897588903,16.308418578933924,16.31932685384527,10.908274911344051,True,
3336,onnx_model_063,measure,16.30844751792302,16.30891628516838,16.31986154988408,10.945264715701342,True,
3337,onnx_model_078,measure,16.313916791398775,16.314751656726003,16.325584499165416,10.83284243941307,True,
3338,onnx_model_005,measure,16.31582688321308,16.316321881953627,16.327191884163767,10.870002210140228,True,
3339,onnx_model_023,measure,16.322128613053135,16.323089014738798,16.334212439134717,11.123424395918846,True,
3340,onnx_model_065,measure,16.322208803709827,16.32324787694961,16.334319622721523,11.07174577191472,True,
3341,onnx_model_094,measure,16.322389832864037,16.323389336001128,16.334447024855763,11.057688854634762,True,
3342,onnx_model_077,measure,16.335082138084015,16.335685429163277,16.346777303144336,11.091873981058598,True,
3343,onnx_model_092,measure,16.335097594981026,16.33584728697315,16.346902681980282,11.055395007133484,True,
3344,onnx_model_046,measure,16.336114038171477,16.33631058689207,16.347031196113676,10.720609221607447,True,
3345,onnx_model_033,measure,16.338153489615706,16.33874612674117,16.34966704575345,10.920919012278318,True,
3346,onnx_model_018,measure,16.340366957959144,16.341224348172545,16.352121661882848,10.897313710302114,True,
3347,onnx_model_036,measure,16.34957592020223,16.34980645077303,16.36078577209264,10.97932131960988,True,
3348,onnx_model_090,measure,16.35178402281995,16.352216482162476,16.363066386897117,10.849904734641314,True,
3349,onnx_model_075,measure,16.354537873632722,16.35567039810121,16.366619650740176,10.949252638965845,True,
3350,onnx_model_083,measure,16.36036750794493,16.360881983768195,16.371811910998076,10.929927229881287,True,
3351,onnx_model_085,measure,16.36124168260346,16.36232384480536,16.37315764883533,10.833804029971361,True,
3352,onnx_model_011,measure,16.36448078204567,16.365289613138884,16.37609485210851,10.805238969624043,True,
3353,onnx_model_033,measure,16.380874902374305,16.381314143072814,16.392163446173072,10.849303100258112,True,
3354,onnx_model_086,measure,16.381951537303287,16.382766684051603,16.393666472751647,10.899788700044155,True,
3355,onnx_model_000,measure,16.382982751814712,16.38419826515019,16.39509621076286,10.897945612668991,True,
3356,onnx_model_069,measure,16.39607706566127,16.39633792079985,16.407314185984433,10.97626518458128,True,
3357,onnx_model_069,measure,16.408660081303424,16.409538603853434,16.420810881070793,11.27227721735835,True,
3358,onnx_model_090,measure,16.409550368804044,16.409923456143588,16.421346880029887,11.423423886299133,True,
3359,onnx_model_080,measure,16.41819974504328,16.420370263047516,16.4315751218237,11.204858776181936,True,
3360,onnx_model_046,measure,16.42052713524937,16.4209709148854,16.43192873382941,10.957818944007158,True,
3361,onnx_model_009,measure,16.424359193359624,16.425579224713147,16.4367273459211,11.1481212079525,True,
3362,onnx_model_074,measure,16.430528426010508,16.431040306109935,16.442087484989315,11.047178879380226,True,
3363,onnx_model_034,measure,16.432537961195898,16.433179351966828,16.44414220098406,10.962849017232656,True,
3364,onnx_model_004,measure,16.435730155452173,16.436823829077184,16.447967532090843,11.143703013658524,True,
3365,onnx_model_044,measure,16.43585762202623,16.436987480148673,16.448008068837225,11.02058868855238,True,
3366,onnx_model_009,measure,16.442801151372038,16.44330913713202,16.454352830071002,11.04369293898344,True,
3367,onnx_model_017,measure,16.447607079239404,16.44809977291152,16.45906358398497,10.963811073452234,True,
3368,onnx_model_091,measure,16.45949194777745,16.460300175007433,16.47128575714305,10.985582135617733,True,
3369,onnx_model_038,measure,16.482435723441544,16.483508510980755,16.494652424007654,11.1439130268991,True,
3370,onnx_model_041,measure,16.488402158796017,16.488999558147043,16.50007312791422,11.073569767177105,True,
3371,onnx_model_004,measure,16.50196110865699,16.502313445787877,16.513337972108275,11.024526320397854,True,
3372,onnx_model_049,measure,16.504565650364047,16.50575701193884,16.516818537842482,11.061525903642178,True,
3373,onnx_model_093,measure,16.506594787614652,16.50719161890447,16.518134439829737,10.94282092526555,True,
3374,onnx_model_031,measure,16.519958207475952,16.520362664945424,16.531411638017744,11.048973072320223,True,
3375,onnx_model_012,measure,16.535471242810083,16.536678168922663,16.54775921208784,11.081043165177107,True,
3376,onnx_model_013,measure,16.53836041800619,16.5391290881671,16.550142392050475,11.013303883373737,True,
3377,onnx_model_083,measure,16.543015508848317,16.54365618294105,16.55465111276135,10.994929820299149,True,
3378,onnx_model_008,measure,16.54423428841072,16.54514983203262,16.55620216112584,11.05232909321785,True,
3379,onnx_model_074,measure,16.55941732181922,16.560433303937316,16.571432502008975,10.999198071658611,True,
3380,onnx_model_031,measure,16.562882141384495,16.563915132079273,16.57493957784027,11.02444576099515,True,
3381,onnx_model_010,measure,16.574695988727527,16.57503813598305,16.58612639317289,11.088257189840078,True,
3382,onnx_model_021,measure,16.583011427522944,16.583490142133087,16.594568841159344,11.0786990262568,True,
3383,onnx_model_010,measure,16.584335570106727,16.584968261886388,16.58626009710133,1.2918352149426937,True,
3384,onnx_model_069,measure,16.589353357488694,16.590484596788883,16.601587141864,11.102545075118542,True,
3385,onnx_model_058,measure,16.591663572862046,16.59193982416764,16.602942016907036,11.002192739397287,True,
3386,onnx_model_051,measure,16.600270166875564,16.600797791033983,16.611882442142814,11.084651108831167,True,
3387,onnx_model_088,measure,16.60316504372827,16.60416109394282,16.615171012934297,11.009918991476297,True,
3388,onnx_model_017,measure,16.60447573649216,16.605648892000318,16.61653098789975,10.882095899432898,True,
3389,onnx_model_003,measure,16.60847925723314,16.609097968786955,16.620042522903532,10.94455411657691,True,
3390,onnx_model_011,measure,16.609392718830968,16.61053299671039,16.62149463314563,10.961636435240507,True,
3391,onnx_model_086,measure,16.617076986042505,16.61775487381965,16.628865513950586,11.1106401309371,True,
3392,onnx_model_046,measure,16.62294010896788,16.62374869780615,16.63475607102737,11.007373221218586,True,
3393,onnx_model_032,measure,16.62405909550029,16.625196689739823,16.636466613039374,11.26992329955101,True,
3394,onnx_model_094,measure,16.624582312800005,16.6253634467721,16.63652244908735,11.15900231525302,True,
3395,onnx_model_016,measure,16.62994839443165,16.6310924468562,16.642113816924393,11.021370068192482,True,
3396,onnx_model_083,measure,16.632399629010887,16.63354266481474,16.644523366820067,10.980702005326748,True,
3397,onnx_model_074,measure,16.637416732813733,16.6377481687814,16.64867570111528,10.927532333880663,True,
3398,onnx_model_050,measure,16.641956754014434,16.642246569972485,16.653124207165092,10.877637192606926,True,
3399,onnx_model_042,measure,16.645988779429018,16.646744559984654,16.65768111916259,10.936559177935123,True,
3400,onnx_model_098,measure,16.647709370447934,16.6481790561229,16.659091630019248,10.912573896348476,True,
3401,onnx_model_099,measure,16.653720895136768,16.654357681050897,16.66537348087877,11.015799827873707,True,
3402,onnx_model_072,measure,16.66789666916402,16.66860050475225,16.679642303846776,11.04179909452796,True,
3403,onnx_model_065,measure,16.669505904628068,16.670070057734847,16.68128083879128,11.210781056433916,True,
3404,onnx_model_007,measure,16.669730262092607,16.67023842781782,16.681336094159633,11.097666341811419,True,
3405,onnx_model_099,measure,16.67513557069996,16.675794640090317,16.686821821145713,11.027181055396795,True,
3406,onnx_model_059,measure,16.67681447362086,16.67736777011305,16.688418996986,11.051226872950792,True,
3407,onnx_model_054,measure,16.681206283674136,16.681483743712306,16.69240173790604,10.917994193732738,True,
3408,onnx_model_005,measure,16.68871285960264,16.689655216876417,16.700673109851778,11.017892975360155,True,
3409,onnx_model_003,measure,16.690706210446777,16.69109773915261,16.70203439798206,10.936658829450607,True,
3410,onnx_model_085,measure,16.699658872552952,16.700789391063154,16.711773490998894,10.984099935740232,True,
3411,onnx_model_025,measure,16.71372440763355,16.71401238674298,16.72503599105403,11.023604311048985,True,
3412,onnx_model_017,measure,16.71604950897549,16.716458877082914,16.7276900857687,11.231208685785532,True,
3413,onnx_model_087,measure,16.7200104727044,16.72093956405297,16.732140415813774,11.200851760804653,True,
3414,onnx_model_086,measure,16.720123616514883,16.721144935116172,16.732287134975195,11.142199859023094,True,
3415,onnx_model_013,measure,16.726838702502054,16.72728165006265,16.738231342751533,10.949692688882351,True,
3416,onnx_model_011,measure,16.72866697146528,16.728913160972297,16.73991487408057,11.00171310827136,True,
3417,onnx_model_021,measure,16.74290874930358,16.743156675715,16.754134553018957,10.97787730395794,True,
3418,onnx_model_069,measure,16.770301505766653,16.771389773115516,16.782312635798007,10.922862682491541,True,
3419,onnx_model_012,measure,16.777344968923597,16.777868778910488,16.78896533185616,11.096552945673466,True,
3420,onnx_model_003,measure,16.77820018644109,16.779304448049515,16.790261855814606,10.957407765090466,True,
3421,onnx_model_007,measure,16.784131309164007,16.78454004973173,16.7959062657319,11.366216000169516,True,
3422,onnx_model_014,measure,16.787929357990137,16.789068317972124,16.80026527075097,11.196952778846025,True,
3423,onnx_model_092,measure,16.788720721970822,16.789235254749656,16.80038776388392,11.1525091342628,True,
3424,onnx_model_051,measure,16.794846685981586,16.795494323130697,16.806508528999984,11.014205869287252,True,
3425,onnx_model_082,measure,16.81366530614705,16.81476256903261,16.826250114943832,11.487545911222696,True,
3426,onnx_model_006,measure,16.814085641463738,16.814932882785797,16.826201372779906,11.268489994108677,True,
3427,onnx_model_045,measure,16.814730705764127,16.815372487995774,16.826409477740526,11.036989744752645,True,
3428,onnx_model_082,measure,16.818134958924492,16.818841431755573,16.826369672082365,7.528240326792002,True,
3429,onnx_model_067,measure,16.818457857519256,16.819012046791613,16.83001142507419,10.9993782825768,True,
3430,onnx_model_025,measure,16.819225796498923,16.819459717720747,16.830524569842964,11.064852122217417,True,
3431,onnx_model_029,measure,16.823249898975124,16.823927300050855,16.834870340768248,10.94304071739316,True,
3432,onnx_model_058,measure,16.82465474563302,16.825368619989604,16.836422020103782,11.053400114178658,True,
3433,onnx_model_044,measure,16.829960703476303,16.830155399162322,16.84112856676802,10.973167605698109,True,
3434,onnx_model_030,measure,16.833470122671972,16.833770509809256,16.844638599082828,10.868089273571968,True,
3435,onnx_model_059,measure,16.85165727510525,16.852864576037973,16.863944196142256,11.079620104283094,True,
3436,onnx_model_048,measure,16.8550405001243,16.855318980757147,16.866293983068317,10.975002311170101,True,
3437,onnx_model_009,measure,16.863684163130728,16.864047843031585,16.875082748942077,11.034905910491943,True,
3438,onnx_model_050,measure,16.86381121903717,16.864217816852033,16.875214128755033,10.996311902999878,True,
3439,onnx_model_020,measure,16.865295515377397,16.865760940127075,16.876811164896935,11.050224769860506,True,
3440,onnx_model_029,measure,16.86992197974082,16.87052254099399,16.881509385071695,10.986844077706337,True,
3441,onnx_model_045,measure,16.870614006261846,16.870910629164428,16.881798824761063,10.888195596635342,True,
3442,onnx_model_013,measure,16.8714208034126,16.872383999172598,16.883205649908632,10.821650736033916,True,
3443,onnx_model_078,measure,16.876402660389026,16.876907498110086,16.88773893704638,10.831438936293125,True,
3444,onnx_model_098,measure,16.877941904719382,16.878359086811543,16.889174656011164,10.815569199621677,True,
3445,onnx_model_052,measure,16.88596917331079,16.88642685301602,16.897392857819796,10.966004803776741,True,
3446,onnx_model_033,measure,16.902782342250337,16.903647306840867,16.914669998921454,11.022692080587149,True,
3447,onnx_model_081,measure,16.90357094865598,16.90401691896841,16.915082233026624,11.065314058214426,True,
3448,onnx_model_009,measure,16.904211351792405,16.90438898606226,16.915294216014445,10.905229952186346,True,
3449,onnx_model_067,measure,16.910557831274186,16.910832004155964,16.92182912817225,10.997124016284943,True,
3450,onnx_model_025,measure,16.913822109117426,16.914266722742468,16.925456563010812,11.189840268343687,True,
3451,onnx_model_065,measure,16.91633471923768,16.917513675056398,16.928633180912584,11.119505856186152,True,
3452,onnx_model_037,measure,16.92368276888379,16.924053926952183,16.9350847247988,11.030797846615314,True,
3453,onnx_model_003,measure,16.927000727871093,16.927696900907904,16.93905008211732,11.353181209415197,True,
3454,onnx_model_083,measure,16.928880038493535,16.929864801932126,16.940886492840946,11.021690908819437,True,
3455,onnx_model_034,measure,16.929883576568844,16.93022223189473,16.941174760926515,10.952529031783342,True,
3456,onnx_model_052,measure,16.937169535046245,16.938312420155853,16.94930844195187,10.996021796017885,True,
3457,onnx_model_003,measure,16.93836185891025,16.938734171912074,16.949753136839718,11.018964927643538,True,
3458,onnx_model_038,measure,16.93863712326372,16.93918727291748,16.95022949296981,11.042220052331686,True,
3459,onnx_model_054,measure,16.94557414534366,16.946414991747588,16.957358153071254,10.943161323666573,True,
3460,onnx_model_038,measure,16.949357305840685,16.949848969932646,16.960807549767196,10.95857983455062,True,
3461,onnx_model_017,measure,16.953373384422395,16.954461136832833,16.965373408980668,10.912272147834301,True,
3462,onnx_model_055,measure,16.972487984378123,16.973595649003983,16.984589206054807,10.993557050824165,True,
3463,onnx_model_074,measure,16.97600400547946,16.977063960861415,16.988109798170626,11.045837309211493,True,
3464,onnx_model_057,measure,16.97796732442776,16.978501673787832,16.989444545004517,10.94287121668458,True,
3465,onnx_model_078,measure,16.980220348649812,16.980951089877635,16.991869415156543,10.918325278908014,True,
3466,onnx_model_097,measure,16.98952185769975,16.990675755776465,17.00165277114138,10.977015364915133,True,
3467,onnx_model_095,measure,17.00746324560383,17.007873635739088,17.019067473709583,11.193837970495224,True,
3468,onnx_model_015,measure,17.016787793385213,17.018357635010034,17.029566541779786,11.208906769752502,True,
3469,onnx_model_026,measure,17.029444345489217,17.029713401105255,17.040697981137782,10.984580032527447,True,
3470,onnx_model_087,measure,17.04225300314383,17.04292250983417,17.053953767754138,11.031257919967175,True,
3471,onnx_model_038,measure,17.04674231728605,17.04736898187548,17.058359012007713,10.990030132234097,True,
3472,onnx_model_051,measure,17.05962816729742,17.06059198686853,17.071643774863333,11.051787994801998,True,
3473,onnx_model_004,measure,17.07192383648412,17.072898809798062,17.083925100043416,11.026290245354176,True,
3474,onnx_model_088,measure,17.072810132466195,17.07330148573965,17.08444281388074,11.141328141093254,True,
3475,onnx_model_002,measure,17.090601079851286,17.091775592882186,17.103076804894954,11.301212012767792,True,
3476,onnx_model_080,measure,17.091564625346425,17.091965964064002,17.103127541020513,11.161576956510544,True,
3477,onnx_model_098,measure,17.101092675177984,17.10257453005761,17.113724323920906,11.149793863296509,True,
3478,onnx_model_030,measure,17.103555404765654,17.104421470779926,17.115746026858687,11.324556078761816,True,
3479,onnx_model_042,measure,17.105338275859715,17.105983479879797,17.11708263773471,11.099157854914665,True,
3480,onnx_model_086,measure,17.120479208129698,17.12133561214432,17.132372782099992,11.037169955670834,True,
3481,onnx_model_002,measure,17.130283217962532,17.131859425920993,17.142881107050925,11.021681129932404,True,
3482,onnx_model_035,measure,17.138301918653873,17.138624656014144,17.149671183899045,11.04652788490057,True,
3483,onnx_model_041,measure,17.14160080102247,17.14211555197835,17.153175686020404,11.060134042054415,True,
3484,onnx_model_046,measure,17.142388604581473,17.142989692743868,17.154004191048443,11.014498304575682,True,
3485,onnx_model_087,measure,17.144127678559833,17.144446121994406,17.155370386783034,10.924264788627625,True,
3486,onnx_model_078,measure,17.150032594255553,17.150899077765644,17.16184386285022,10.944785084575415,True,
3487,onnx_model_090,measure,17.15172221842702,17.152344536036253,17.163476194720715,11.131658684462309,True,
3488,onnx_model_054,measure,17.156597906268722,17.15759906405583,17.168726935982704,11.127871926873922,True,
3489,onnx_model_024,measure,17.15663117380452,17.15778764197603,17.16884143371135,11.053791735321283,True,
3490,onnx_model_081,measure,17.160926566255014,17.161340104881674,17.17223140783608,10.891302954405546,True,
3491,onnx_model_068,measure,17.162534574045715,17.16306609613821,17.174009467940778,10.943371802568436,True,
3492,onnx_model_015,measure,17.16364430816465,17.16470807697624,17.175621442031115,10.913365054875612,True,
3493,onnx_model_011,measure,17.166387763461334,17.167158836033195,17.178016223944724,10.857387911528349,True,
3494,onnx_model_017,measure,17.17213761561492,17.172372846864164,17.183310157153755,10.93731028959155,True,
3495,onnx_model_072,measure,17.173613112864174,17.174105761107057,17.185125377960503,11.019616853445768,True,
3496,onnx_model_072,measure,17.17432175574677,17.17447797814384,17.185276254080236,10.79827593639493,True,
3497,onnx_model_036,measure,17.177882331257607,17.178152794018388,17.188952913042158,10.800119023770094,True,
3498,onnx_model_096,measure,17.182480968573593,17.18340629991144,17.19427395798266,10.867658071219921,True,
3499,onnx_model_085,measure,17.183317331875376,17.183788747061044,17.194679058156908,10.89031109586358,True,
3500,onnx_model_052,measure,17.183858616241313,17.18414003495127,17.195730647072196,11.59061212092638,True,
3501,onnx_model_053,measure,17.184315391836765,17.18449429795146,17.19586072396487,11.366426013410091,True,
3502,onnx_model_075,measure,17.19087685396692,17.191190626937896,17.20207736082375,10.886733885854483,True,
3503,onnx_model_024,measure,17.19201055590804,17.192649660166353,17.203486319165677,10.836658999323845,True,
3504,onnx_model_048,measure,17.19437261928513,17.19479391584173,17.205879398155957,11.085482314229012,True,
3505,onnx_model_012,measure,17.194594498753606,17.19537118403241,17.206283325795084,10.912141762673855,True,
3506,onnx_model_032,measure,17.195963653478156,17.197083598934114,17.208084298763424,11.000699829310179,True,
3507,onnx_model_081,measure,17.207381839625455,17.208181453868747,17.219261575955898,11.080122087150812,True,
3508,onnx_model_004,measure,17.207520205681657,17.20834917295724,17.219371675048023,11.022502090781927,True,
3509,onnx_model_066,measure,17.214406841523896,17.214897519908845,17.22570594586432,10.808425955474377,True,
3510,onnx_model_039,measure,17.21661693804832,17.217339592054486,17.228341536130756,11.001944076269865,True,
3511,onnx_model_079,measure,17.217466116866987,17.217752075754106,17.22864722693339,10.895151179283857,True,
3512,onnx_model_052,measure,17.22139459252324,17.222600813023746,17.23350464971736,10.903836693614721,True,
3513,onnx_model_032,measure,17.23835218748821,17.23875978915021,17.24978295294568,11.023163795471191,True,
3514,onnx_model_027,measure,17.241309448969208,17.242206110153347,17.25341923488304,11.213124729692936,True,
3515,onnx_model_000,measure,17.252789815288693,17.253020826727152,17.264119144063443,11.098317336291075,True,
3516,onnx_model_083,measure,17.257704241079274,17.258669504895806,17.26966065680608,10.99115191027522,True,
3517,onnx_model_076,measure,17.26031018797611,17.261117678135633,17.27208647876978,10.968800634145737,True,
3518,onnx_model_013,measure,17.269766163755826,17.270883582066745,17.28189762774855,11.014045681804419,True,
3519,onnx_model_036,measure,17.28194446927826,17.28313456987962,17.29406409477815,10.929524898529053,True,
3520,onnx_model_060,measure,17.295375354405728,17.296286560129374,17.30756806395948,11.281503830105066,True,
3521,onnx_model_079,measure,17.30018119369408,17.300737691111863,17.311790119856596,11.052428744733334,True,
3522,onnx_model_028,measure,17.3064041417436,17.30717566795647,17.318275969009846,11.100301053375006,True,
3523,onnx_model_048,measure,17.307339336487374,17.307716726791114,17.31862638471648,10.909657925367355,True,
3524,onnx_model_061,measure,17.30881410368782,17.30919795203954,17.32024157512933,11.043623089790344,True,
3525,onnx_model_015,measure,17.30987681896319,17.310680680908263,17.321911919862032,11.231238953769207,True,
3526,onnx_model_072,measure,17.318808014256355,17.31984952976927,17.3308818009682,11.032271198928356,True,
3527,onnx_model_026,measure,17.3215048207827,17.322007020935416,17.332994816824794,10.987795889377594,True,
3528,onnx_model_047,measure,17.32572605903283,17.32645564712584,17.33742794394493,10.972296819090843,True,
3529,onnx_model_001,measure,17.32677443489089,17.327911804895848,17.338867149781436,10.955344885587692,True,
3530,onnx_model_044,measure,17.32860166686463,17.32936050882563,17.34036069875583,11.000189930200577,True,
3531,onnx_model_000,measure,17.331825039312072,17.332103923894465,17.34312505275011,11.021128855645657,True,
3532,onnx_model_076,measure,17.33544069979318,17.336217031814158,17.34730470785871,11.087676044553518,True,
3533,onnx_model_002,measure,17.33728291903946,17.33756495406851,17.348448341712356,10.88338764384389,True,
3534,onnx_model_014,measure,17.337874819990272,17.33896502573043,17.349853803869337,10.888778138905764,True,
3535,onnx_model_097,measure,17.339690178122908,17.340456179808825,17.351526814047247,11.070634238421917,True,
3536,onnx_model_046,measure,17.341106206781653,17.341927918139845,17.353145490866154,11.2175727263093,True,
3537,onnx_model_076,measure,17.341424816232422,17.342094433959574,17.34742057789117,5.326143931597471,True,
3538,onnx_model_069,measure,17.34177126079149,17.34224282577634,17.35326399607584,11.021170299500227,True,
3539,onnx_model_022,measure,17.343058049380243,17.343281229957938,17.35405063116923,10.769401211291552,True,
3540,onnx_model_018,measure,17.350842373649346,17.35109111573547,17.36208064481616,10.989529080688953,True,
3541,onnx_model_082,measure,17.354958519091912,17.355289164930582,17.366225955076516,10.936790145933628,True,
3542,onnx_model_026,measure,17.35698821610177,17.357750122901052,17.368597493041307,10.847370140254498,True,
3543,onnx_model_029,measure,17.357984536903146,17.359183597844094,17.370039945002645,10.856347158551216,True,
3544,onnx_model_089,measure,17.359741341639726,17.36062984680757,17.371479480993003,10.849634185433388,True,
3545,onnx_model_076,measure,17.3629453112923,17.363303208723664,17.3741060141474,10.802805423736572,True,
3546,onnx_model_004,measure,17.37815318261496,17.3793284711428,17.390204885043204,10.876413900405169,True,
3547,onnx_model_040,measure,17.380208696035385,17.380772836972028,17.39173328084871,10.960443876683712,True,
3548,onnx_model_039,measure,17.39019551367838,17.390357526019216,17.401199945714325,10.842419695109129,True,
3549,onnx_model_052,measure,17.391031602635596,17.391830675769597,17.40272385207936,10.893176309764385,True,
3550,onnx_model_057,measure,17.397286621515534,17.398274424951524,17.409149195998907,10.874771047383547,True,
3551,onnx_model_036,measure,17.419499326947683,17.42039112513885,17.43134623998776,10.955114848911762,True,
3552,onnx_model_037,measure,17.424913219998412,17.42585836816579,17.43685555178672,10.997183620929718,True,
3553,onnx_model_081,measure,17.440241191322517,17.44108685478568,17.452125547919422,11.038693133741617,True,
3554,onnx_model_002,measure,17.442700623269342,17.443530931137502,17.45445710979402,10.92617865651846,True,
3555,onnx_model_081,measure,17.44641387108622,17.446996317710727,17.452323955018073,5.327637307345867,True,
3556,onnx_model_092,measure,17.44656633964912,17.44719676906243,17.45829417416826,11.097405105829239,True,
3557,onnx_model_053,measure,17.450897186045133,17.451755695044994,17.4628377109766,11.082015931606293,True,
3558,onnx_model_065,measure,17.455399885853772,17.455688079819083,17.46662697289139,10.93889307230711,True,
3559,onnx_model_059,measure,17.456580582780987,17.45713829714805,17.468339038081467,11.200740933418274,True,
3560,onnx_model_005,measure,17.460607981059372,17.46151892375201,17.472487963736057,10.969039984047413,True,
3561,onnx_model_053,measure,17.461911602028927,17.46293512592092,17.474105258937925,11.170133017003536,True,
3562,onnx_model_054,measure,17.46439283036854,17.465387847740203,17.47658250806853,11.19466032832861,True,
3563,onnx_model_059,measure,17.464976723549494,17.46555555704981,17.468382610939443,2.827053889632225,True,
3564,onnx_model_058,measure,17.465691544254966,17.46602652175352,17.47710382891819,11.077307164669037,True,
3565,onnx_model_045,measure,17.471206581990607,17.47161747002974,17.482602349948138,10.984879918396473,True,
3566,onnx_model_093,measure,17.472909595239376,17.47372215008363,17.484675761777908,10.953611694276333,True,
3567,onnx_model_008,measure,17.47638592735559,17.476696674712002,17.487661155872047,10.96448116004467,True,
3568,onnx_model_046,measure,17.47697904617409,17.47727238899097,17.488173429854214,10.901040863245726,True,
3569,onnx_model_003,measure,17.48161133776968,17.482716396916658,17.493531454820186,10.815057903528214,True,
3570,onnx_model_050,measure,17.49459110449916,17.4957820228301,17.507037458010018,11.255435179919004,True,
3571,onnx_model_031,measure,17.49473105505304,17.49594919104129,17.50721815181896,11.268960777670145,True,
3572,onnx_model_059,measure,17.495103462875548,17.49609800381586,17.50725718587637,11.15918206050992,True,
3573,onnx_model_094,measure,17.497542368110814,17.49871411686763,17.50959156313911,10.87744627147913,True,
3574,onnx_model_052,measure,17.53641452537315,17.536835139151663,17.547979032155126,11.143893003463745,True,
3575,onnx_model_099,measure,17.539778854400502,17.540309484116733,17.55138943484053,11.079950723797083,True,
3576,onnx_model_074,measure,17.54044536140384,17.54071933310479,17.551600575912744,10.88124280795455,True,
3577,onnx_model_006,measure,17.542162558713326,17.543157237116247,17.554151735734195,10.994498617947102,True,
3578,onnx_model_028,measure,17.547499962378588,17.548076857812703,17.55912323575467,11.046377941966057,True,
3579,onnx_model_005,measure,17.549349808619464,17.550542254932225,17.56155978795141,11.017533019185066,True,
3580,onnx_model_077,measure,17.558086233203877,17.55840573180467,17.569445977918804,11.040246114134789,True,
3581,onnx_model_084,measure,17.571525720165365,17.572701917029917,17.58386469585821,11.162778828293085,True,
3582,onnx_model_012,measure,17.573670307937338,17.574199473951012,17.58523926883936,11.039794888347387,True,
3583,onnx_model_058,measure,17.577270679152655,17.577662205789238,17.58869602996856,11.033824179321527,True,
3584,onnx_model_094,measure,17.58557897149269,17.586461963132024,17.59741635574028,10.954392608255148,True,
3585,onnx_model_019,measure,17.599321428660986,17.599676182027906,17.610821486916393,11.145304888486862,True,
3586,onnx_model_000,measure,17.606175239916997,17.60712925903499,17.618189362809062,11.06010377407074,True,
3587,onnx_model_081,measure,17.61144566200484,17.61206014174968,17.62332252971828,11.262387968599796,True,
3588,onnx_model_052,measure,17.61431281222985,17.615543212741613,17.626527772750705,10.984560009092093,True,
3589,onnx_model_082,measure,17.622126203316892,17.622440282721072,17.633512248750776,11.071966029703617,True,
3590,onnx_model_080,measure,17.623251072526845,17.623476802837104,17.63447106210515,10.994259268045425,True,
3591,onnx_model_042,measure,17.625599702063138,17.6259465678595,17.63711137091741,11.164803057909012,True,
3592,onnx_model_057,measure,17.62862551217732,17.629755828995258,17.64073794381693,10.98211482167244,True,
3593,onnx_model_021,measure,17.63609370173716,17.636744803749025,17.647854902781546,11.110099032521248,True,
3594,onnx_model_096,measure,17.639438260757302,17.64034016802907,17.65109482081607,10.75465278699994,True,
3595,onnx_model_012,measure,17.64584536874739,17.646976774092764,17.65811025677249,11.133482679724693,True,
3596,onnx_model_086,measure,17.645903390470444,17.647142708767205,17.658428170718253,11.285461951047182,True,
3597,onnx_model_069,measure,17.646567313910865,17.64728945773095,17.65846843784675,11.178980115801096,True,
3598,onnx_model_083,measure,17.651694481073534,17.65231684409082,17.663294681813568,10.977837722748518,True,
3599,onnx_model_068,measure,17.659144851619377,17.659739332739264,17.67076252680272,11.023194063454866,True,
3600,onnx_model_035,measure,17.665734443524954,17.666524740867317,17.677555218804628,11.030477937310934,True,
3601,onnx_model_080,measure,17.66700889158733,17.668020223733038,17.6789601999335,10.939976200461388,True,
3602,onnx_model_051,measure,17.684640623816236,17.685198897961527,17.696151327807456,10.952429845929146,True,
3603,onnx_model_049,measure,17.686741379255484,17.687669213861227,17.69871913874522,11.04992488399148,True,
3604,onnx_model_076,measure,17.689144562222694,17.69011568510905,17.701068214140832,10.952529031783342,True,
3605,onnx_model_097,measure,17.693240695148802,17.693572845775634,17.7046262267977,11.053381022065878,True,
3606,onnx_model_035,measure,17.693875899053616,17.695028744172305,17.70619643200189,11.167687829583883,True,
3607,onnx_model_095,measure,17.69464901072541,17.695196041837335,17.7070025941357,11.806552298367023,True,
3608,onnx_model_031,measure,17.704197244026783,17.704726287163794,17.715696881059557,10.970593895763159,True,
3609,onnx_model_009,measure,17.705094965165607,17.706313244067132,17.717617622110993,11.304378043860197,True,
3610,onnx_model_085,measure,17.70541260757281,17.70648215478286,17.717735836748034,11.25368196517229,True,
3611,onnx_model_012,measure,17.708054979609575,17.709245067089796,17.72015125816688,10.90619107708335,True,
3612,onnx_model_001,measure,17.71167650480471,17.71270836982876,17.723661029711366,10.952659882605076,True,
3613,onnx_model_026,measure,17.715554379254176,17.715851916000247,17.726735895033926,10.88397903367877,True,
3614,onnx_model_032,measure,17.731924977227983,17.732981205917895,17.744551910087466,11.5707041695714,True,
3615,onnx_model_052,measure,17.732138653329496,17.733145447913557,17.744383790995926,11.238343082368374,True,
3616,onnx_model_000,measure,17.73240580686094,17.733291144948453,17.744592216797173,11.301071848720312,True,
3617,onnx_model_077,measure,17.733186544834886,17.733846832066774,17.744830599986017,10.983767919242382,True,
3618,onnx_model_011,measure,17.739311849984684,17.740286643151194,17.75119563890621,10.908995755016804,True,
3619,onnx_model_079,measure,17.741255507213843,17.74177904985845,17.75290516903624,11.126119177788496,True,
3620,onnx_model_097,measure,17.742375744980553,17.743258832022548,17.754254905041307,10.996073018759489,True,
3621,onnx_model_021,measure,17.74250932682262,17.74342313501984,17.754394900985062,10.971765965223312,True,
3622,onnx_model_037,measure,17.747205000561888,17.748073524795473,17.758997949771583,10.924424976110458,True,
3623,onnx_model_042,measure,17.755123936250644,17.755635438952595,17.7667544237338,11.118984781205654,True,
3624,onnx_model_027,measure,17.763364094960938,17.764224434737116,17.775272525846958,11.048091109842062,True,
3625,onnx_model_034,measure,17.765492418063012,17.7668524608016,17.778504129033536,11.651668231934309,True,
3626,onnx_model_045,measure,17.76550378102782,17.76701668277383,17.77833668095991,11.319998186081648,True,
3627,onnx_model_034,measure,17.770908020472234,17.77153746597469,17.778544506058097,7.007040083408356,True,
3628,onnx_model_044,measure,17.775999237984244,17.776496211998165,17.787570382934064,11.07417093589902,True,
3629,onnx_model_018,measure,17.777585144927578,17.777999619953334,17.78915926301852,11.159643065184355,True,
3630,onnx_model_047,measure,17.778900051332556,17.77976137911901,17.790731250774115,10.969871655106544,True,
3631,onnx_model_056,measure,17.78819160654441,17.788758610840887,17.79974678810686,10.988177265971899,True,
3632,onnx_model_052,measure,17.795673499999605,17.79597561014816,17.80702644586563,11.050835717469454,True,
3633,onnx_model_073,measure,17.807969482247124,17.80824906984344,17.81930473493412,11.055665090680122,True,
3634,onnx_model_065,measure,17.810641070646366,17.8117185048759,17.822760384064168,11.041879188269377,True,
3635,onnx_model_046,measure,17.81276807994896,17.813158181030303,17.824077968019992,10.919786989688873,True,
3636,onnx_model_013,measure,17.8167471891737,17.817622737959027,17.828884235117584,11.261497158557177,True,
3637,onnx_model_004,measure,17.817298937636423,17.817795485723764,17.82883233577013,11.036850046366453,True,
3638,onnx_model_062,measure,17.83182948269383,17.832118171732873,17.843207540921867,11.08936918899417,True,
3639,onnx_model_073,measure,17.83310474469651,17.833588185720146,17.844636247027665,11.048061307519674,True,
3640,onnx_model_017,measure,17.84158103829813,17.84205556102097,17.85308568784967,11.030126828700304,True,
3641,onnx_model_024,measure,17.84289700288551,17.843307922128588,17.854246724862605,10.938802734017372,True,
3642,onnx_model_052,measure,17.8432639933025,17.843693454749882,17.854628751054406,10.935296304523945,True,
3643,onnx_model_021,measure,17.851378490371314,17.851864316966385,17.86289041582495,11.026098858565092,True,
3644,onnx_model_033,measure,17.856462102137343,17.85688788583502,17.868165923748165,11.278037913143635,True,
3645,onnx_model_041,measure,17.85653314766767,17.85709491884336,17.868309275712818,11.214356869459152,True,
3646,onnx_model_008,measure,17.86420495862734,17.86511993408203,17.876171390991658,11.051456909626722,True,
3647,onnx_model_032,measure,17.86816611776145,17.868441036902368,17.879439442884177,10.9984059818089,True,
3648,onnx_model_036,measure,17.872644750607243,17.872919839806855,17.884240379091352,11.3205392844975,True,
3649,onnx_model_073,measure,17.878514612422553,17.87953528482467,17.890596049837768,11.060765013098717,True,
3650,onnx_model_014,measure,17.87900185271873,17.879723542835563,17.890743621159345,11.02007832378149,True,
3651,onnx_model_087,measure,17.880268466860247,17.88127479190007,17.892053209710866,10.778417810797691,True,
3652,onnx_model_041,measure,17.882935785368733,17.88387319073081,17.894783599767834,10.910409037023783,True,
3653,onnx_model_065,measure,17.8955677159178,17.89600345911458,17.90697019500658,10.966735891997814,True,
3654,onnx_model_067,measure,17.90065365243633,17.90145416976884,17.912419633939862,10.965464171022177,True,
3655,onnx_model_044,measure,17.913913826164727,17.914667275734246,17.925703104119748,11.0358283855021,True,
3656,onnx_model_089,measure,17.921149438594032,17.922122156713158,17.93316054996103,11.038393247872591,True,
3657,onnx_model_060,measure,17.939012550817214,17.93939867708832,17.950433993712068,11.035316623747349,True,
3658,onnx_model_039,measure,17.940077320048104,17.94086218904704,17.951926621142775,11.064432095736265,True,
3659,onnx_model_061,measure,17.949042304361278,17.949316379148513,17.960552047006786,11.235667858272791,True,
3660,onnx_model_046,measure,17.959486022077606,17.960166373755783,17.971251524984837,11.085151229053736,True,
3661,onnx_model_003,measure,17.96387135563127,17.964780604932457,17.975859655067325,11.07905013486743,True,
3662,onnx_model_088,measure,17.964967170943112,17.96514485683292,17.976329748053104,11.18489122018218,True,
3663,onnx_model_024,measure,17.965596313010685,17.966573592741042,17.977635860908777,11.062268167734146,True,
3664,onnx_model_040,measure,17.97224045480147,17.97247501090169,17.983471242710948,10.996231809258461,True,
3665,onnx_model_024,measure,17.975130077523733,17.97595665883273,17.977744807954878,1.7881491221487522,True,
3666,onnx_model_065,measure,17.98116317169705,17.981966522987932,17.993014893960208,11.048370972275734,True,
3667,onnx_model_072,measure,17.98645109532232,17.98677553376183,17.997970583848655,11.195050086826086,True,
3668,onnx_model_021,measure,17.98652138533109,17.98696464393288,17.99818050302565,11.215859092772007,True,
3669,onnx_model_072,measure,17.986721555254373,17.98745100805536,17.998141158837825,10.690150782465935,True,
3670,onnx_model_000,measure,17.987686913833713,17.98890999192372,17.999834316782653,10.924324858933687,True,
3671,onnx_model_096,measure,17.989180809977146,17.990356410853565,18.001313788816333,10.957377962768078,True,
3672,onnx_model_050,measure,17.99010890485778,17.990523849148303,18.00144625082612,10.922401677817106,True,
3673,onnx_model_027,measure,17.991882681430006,17.993114763870835,18.004085808992386,10.97104512155056,True,
3674,onnx_model_013,measure,17.995399953289617,17.996574820950627,18.00749321607873,10.91839512810111,True,
3675,onnx_model_065,measure,17.996483105211297,17.996966775972396,18.00776488194242,10.798105970025063,True,
3676,onnx_model_084,measure,18.00211985473572,18.002706537023187,18.013686248101294,10.979711078107357,True,
3677,onnx_model_010,measure,18.00317676065766,18.004182702861726,18.01506055984646,10.877856984734535,True,
3678,onnx_model_037,measure,18.01867261862279,18.019310818985105,18.030283155851066,10.972336865961552,True,
3679,onnx_model_072,measure,18.026633777575217,18.027787663042545,18.038785587996244,10.997924953699112,True,
3680,onnx_model_086,measure,18.03395171498138,18.034516412764788,18.046153532806784,11.63712004199624,True,
3681,onnx_model_036,measure,18.033994145897005,18.034707044716924,18.045828795991838,11.12175127491355,True,
3682,onnx_model_018,measure,18.03907407688941,18.04001171886921,18.051309444010258,11.297725141048431,True,
3683,onnx_model_059,measure,18.04119020887704,18.041477064136416,18.05251184012741,11.034775990992785,True,
3684,onnx_model_029,measure,18.043896670787348,18.0449390350841,18.055971916764975,11.032881680876017,True,
3685,onnx_model_011,measure,18.04402772832172,18.04510754486546,18.056321531068534,11.213986203074455,True,
3686,onnx_model_018,measure,18.046524504283916,18.04739115573466,18.05180558701977,4.414431285113096,True,
3687,onnx_model_080,measure,18.050694100092915,18.05141002498567,18.06236685300246,10.956828016787767,True,
3688,onnx_model_023,measure,18.06311559958709,18.06359242182225,18.074555492028594,10.963070206344128,True,
3689,onnx_model_091,measure,18.066357896699866,18.067059572786093,18.078027822077274,10.968249291181564,True,
3690,onnx_model_028,measure,18.075916744483298,18.07678807573393,18.087705828715116,10.917752981185913,True,
3691,onnx_model_021,measure,18.07896357028532,18.079250095877796,18.090187576133758,10.937480255961418,True,
3692,onnx_model_000,measure,18.079323018986017,18.07965412409976,18.090573839843273,10.919715743511915,True,
3693,onnx_model_057,measure,18.080565462113842,18.081094761844724,18.092459554784,11.364792939275503,True,
3694,onnx_model_068,measure,18.082143917836685,18.082533026114106,18.093491476029158,10.95844991505146,True,
3695,onnx_model_050,measure,18.09085588590313,18.091836581006646,18.102959243115038,11.122662108391523,True,
3696,onnx_model_049,measure,18.091395674346984,18.092021762859076,18.10310882795602,11.08706509694457,True,
3697,onnx_model_090,measure,18.099205023352518,18.09974256902933,18.110785961151123,11.04339212179184,True,
3698,onnx_model_075,measure,18.105966456119457,18.10633254610002,18.11736936494708,11.036818847060204,True,
3699,onnx_model_002,measure,18.107648658557835,18.10876381676644,18.11971180792898,10.947991162538528,True,
3700,onnx_model_011,measure,18.111678837217482,18.112005959730595,18.12293955311179,10.93359338119626,True,
3701,onnx_model_098,measure,18.112166960704975,18.11237687477842,18.123421179130673,11.044304352253675,True,
3702,onnx_model_043,measure,18.118113355646592,18.118589925114065,18.12952252710238,10.932601988315582,True,
3703,onnx_model_090,measure,18.12197785776411,18.123036346863955,18.134098333772272,11.061986908316612,True,
3704,onnx_model_099,measure,18.134104991175366,18.134245113004,18.145198374055326,10.95326105132699,True,
3705,onnx_model_042,measure,18.134441044034006,18.134637518785894,18.145668928977102,11.031410191208124,True,
3706,onnx_model_033,measure,18.136591197457594,18.13708610413596,18.1479596728459,10.873568709939718,True,
3707,onnx_model_013,measure,18.143530398417415,18.144531536847353,18.155733088962734,11.201552115380764,True,
3708,onnx_model_007,measure,18.155605911004002,18.155866783112288,18.166858016047627,10.991232935339212,True,
3709,onnx_model_019,measure,18.156951662743236,18.157313343137503,18.168338601011783,11.025257874280214,True,
3710,onnx_model_065,measure,18.159141419151453,18.15976147679612,18.170764050912112,11.002574115991592,True,
3711,onnx_model_009,measure,18.159472589799133,18.159929094836116,18.170973057858646,11.043963022530079,True,
3712,onnx_model_005,measure,18.16221792968877,18.16244511771947,18.17332547996193,10.88036224246025,True,
3713,onnx_model_006,measure,18.171325277353933,18.172195471823215,18.18339036172256,11.194889899343252,True,
3714,onnx_model_060,measure,18.171526529884574,18.172358250711113,18.183503376785666,11.145126074552536,True,
3715,onnx_model_034,measure,18.17553641035382,18.17655168287456,18.187594282906502,11.04260003194213,True,
3716,onnx_model_028,measure,18.178300026491925,18.179042106028646,18.190219272859395,11.17716683074832,True,
3717,onnx_model_039,measure,18.18193714432376,18.18251117086038,18.193556717131287,11.045546270906925,True,
3718,onnx_model_039,measure,18.185822113186525,18.186754806898534,18.193625597748905,6.870790850371122,True,
3719,onnx_model_079,measure,18.186101574704676,18.186921895015985,18.19826132012531,11.33942510932684,True,
3720,onnx_model_095,measure,18.1878450473779,18.188834621105343,18.199733447749168,10.898826643824577,True,
3721,onnx_model_095,measure,18.189218683765965,18.190351724158973,18.199872822966427,9.52109880745411,True,
3722,onnx_model_041,measure,18.191865941339916,18.192990590818226,18.203978918027133,10.988327208906412,True,
3723,onnx_model_015,measure,18.197269396913715,18.1978601468727,18.208851088769734,10.990941897034645,True,
3724,onnx_model_062,measure,18.20624988485701,18.207200983073562,18.21820469899103,11.003715917468071,True,
3725,onnx_model_043,measure,18.21156443887386,18.2121031107381,18.223285446874797,11.182336136698723,True,
3726,onnx_model_069,measure,18.21178921318217,18.21227158093825,18.223418449983,11.146869044750929,True,
3727,onnx_model_033,measure,18.21819913575246,18.218371767085046,18.229304558131844,10.93279104679823,True,
3728,onnx_model_025,measure,18.22444033107944,18.225662915967405,18.23688447708264,11.22156111523509,True,
3729,onnx_model_058,measure,18.224759128358325,18.225832658819854,18.237389266025275,11.556607205420732,True,
3730,onnx_model_031,measure,18.227953650915733,18.228360252920538,18.239326227921993,10.965975001454353,True,
3731,onnx_model_087,measure,18.234364430130025,18.235538688953966,18.246843937784433,11.305248830467463,True,
3732,onnx_model_003,measure,18.23464906762336,18.235723881050944,18.24672935111448,11.00547006353736,True,
3733,onnx_model_012,measure,18.236807940512037,18.237074948847294,18.247924000956118,10.849052108824253,True,
3734,onnx_model_061,measure,18.237865295152627,18.238629444036633,18.249540493823588,10.911049786955118,True,
3735,onnx_model_039,measure,18.241192002079696,18.241554162930697,18.252408035099506,10.853872168809175,True,
3736,onnx_model_093,measure,18.24358674577113,18.244066528975964,18.254880744963884,10.814215987920761,True,
3737,onnx_model_031,measure,18.25717699219112,18.258108912035823,18.26915501896292,11.046106927096844,True,
3738,onnx_model_026,measure,18.257942034465128,18.2582776020281,18.269289094023407,11.011491995304823,True,
3739,onnx_model_035,measure,18.261288689749954,18.26179941697046,18.272667095065117,10.867678094655275,True,
3740,onnx_model_009,measure,18.264455444494107,18.265240357723087,18.276241107843816,11.000750120729208,True,
3741,onnx_model_001,measure,18.267259785407397,18.26768968300894,18.278495403006673,10.805719997733831,True,
3742,onnx_model_042,measure,18.2737225830672,18.27490537893027,18.285894718952477,10.989340022206306,True,
3743,onnx_model_074,measure,18.275522970725078,18.276336990762502,18.287156647071242,10.819656308740377,True,
3744,onnx_model_006,measure,18.30030203842065,18.30137868085876,18.31237545516342,10.996774304658175,True,
3745,onnx_model_027,measure,18.302804826630645,18.303871971089393,18.314872932154685,11.000961065292358,True,
3746,onnx_model_065,measure,18.311492473845277,18.31247195787728,18.323431099765003,10.9591418877244,True,
3747,onnx_model_081,measure,18.31815882796318,18.319115477148443,18.33009343408048,10.977956932038069,True,
3748,onnx_model_035,measure,18.32160444237955,18.322562067769468,18.333661837037653,11.0997692681849,True,
3749,onnx_model_016,measure,18.333159294549052,18.333758851978928,18.344785060733557,11.026208754628897,True,
3750,onnx_model_048,measure,18.336864044055673,18.33720564376563,18.348129748832434,10.924105066806078,True,
3751,onnx_model_028,measure,18.338101849588647,18.33865360589698,18.349601395893842,10.947789996862411,True,
3752,onnx_model_071,measure,18.354768605817373,18.355860623996705,18.36716940999031,11.308785993605852,True,
3753,onnx_model_016,measure,18.36064798916958,18.361309722065926,18.372661219909787,11.35149784386158,True,
3754,onnx_model_062,measure,18.37079926412789,18.371402035932988,18.382516462821513,11.114426888525486,True,
3755,onnx_model_015,measure,18.378598402387343,18.378890399821103,18.389981663785875,11.091263964772224,True,
3756,onnx_model_099,measure,18.379595339607345,18.38033756101504,18.391646577976644,11.309016961604357,True,
3757,onnx_model_002,measure,18.383532906719473,18.383758573792875,18.394758152775466,10.999578982591629,True,
3758,onnx_model_036,measure,18.385231505285628,18.38620667811483,18.3974624639377,11.255785822868347,True,
3759,onnx_model_012,measure,18.390209499744923,18.391225216910243,18.402297494001687,11.072277091443539,True,
3760,onnx_model_038,measure,18.41249308817421,18.41355530405417,18.424678707960993,11.123403906822205,True,
3761,onnx_model_010,measure,18.4146244059965,18.41503694979474,18.425998927094042,10.961977299302816,True,
3762,onnx_model_018,measure,18.415389963074716,18.41647673677653,18.427631691098213,11.154954321682453,True,
3763,onnx_model_018,measure,18.423786237559366,18.42477989010513,18.427696874830872,2.916984725743532,True,
3764,onnx_model_057,measure,18.42452444984954,18.42494731815532,18.436027240008116,11.07992185279727,True,
3765,onnx_model_079,measure,18.43223973469344,18.432923128828406,18.444066632073373,11.143503244966269,True,
3766,onnx_model_089,measure,18.443049804286225,18.444171310868114,18.455487731844187,11.31642097607255,True,
3767,onnx_model_040,measure,18.446978833408444,18.447648560162634,18.458666503895074,11.017943732440472,True,
3768,onnx_model_060,measure,18.454821285206133,18.455093261785805,18.46631016302854,11.216901242733002,True,
3769,onnx_model_061,measure,18.45701261494308,18.457770810928196,18.4687836850062,11.012874078005552,True,
3770,onnx_model_052,measure,18.457762177027547,18.45820887386799,18.46928058983758,11.071715969592333,True,
3771,onnx_model_007,measure,18.458784911732113,18.459896601736546,18.47105749696493,11.160895228385925,True,
3772,onnx_model_034,measure,18.461107355224083,18.461451797746122,18.472405729815364,10.953932069242,True,
3773,onnx_model_077,measure,18.465266818502663,18.465915874112397,18.476821835152805,10.90596104040742,True,
3774,onnx_model_034,measure,18.46938155337075,18.470507021062076,18.472530648112297,2.0236270502209663,True,
3775,onnx_model_010,measure,18.47922596019165,18.48006079206243,18.491029100958258,10.96830889582634,True,
3776,onnx_model_000,measure,18.481895844799418,18.482516800053418,18.49344805907458,10.931259021162987,True,
3777,onnx_model_045,measure,18.483099261988666,18.483976915944368,18.49487548181787,10.898565873503685,True,
3778,onnx_model_046,measure,18.486944042396747,18.48745667980984,18.49836619803682,10.909518226981163,True,
3779,onnx_model_082,measure,18.51927524915061,18.519594971090555,18.530675552785397,11.080581694841385,True,
3780,onnx_model_013,measure,18.520770717539456,18.521082888823003,18.53259017271921,11.50728389620781,True,
3781,onnx_model_080,measure,18.528690211535906,18.52959251496941,18.540551285725087,10.958770755678415,True,
3782,onnx_model_003,measure,18.53035009851683,18.530775383114815,18.541659211739898,10.88382862508297,True,
3783,onnx_model_029,measure,18.531043869483664,18.532268330920488,18.543127803131938,10.859472211450338,True,
3784,onnx_model_013,measure,18.543120532404153,18.543295252136886,18.554328985046595,11.033732909709215,True,
3785,onnx_model_036,measure,18.54408221813813,18.54474773304537,18.555795061867684,11.04732882231474,True,
3786,onnx_model_093,measure,18.54918921405101,18.550186701118946,18.561286099720746,11.099398601800203,True,
3787,onnx_model_003,measure,18.551160618554228,18.55163664696738,18.56255343882367,10.91679185628891,True,
3788,onnx_model_008,measure,18.553982714198757,18.554429416079074,18.565385792870075,10.956376791000366,True,
3789,onnx_model_039,measure,18.558070894254488,18.559021525084972,18.570012608077377,10.9910829924047,True,
3790,onnx_model_051,measure,18.565047011779367,18.565485522150993,18.576552548911422,11.067026760429144,True,
3791,onnx_model_048,measure,18.5662441008659,18.56695738993585,18.57793909497559,10.981705039739609,True,
3792,onnx_model_052,measure,18.569332793586163,18.570109360851347,18.581190244760364,11.080883909016848,True,
3793,onnx_model_026,measure,18.575457466455347,18.576668108813465,18.58764565596357,10.977547150105238,True,
3794,onnx_model_059,measure,18.58564543662925,18.586412861943245,18.59738449798897,10.971636045724154,True,
3795,onnx_model_099,measure,18.591791278005154,18.592903249897063,18.603873312007636,10.970062110573053,True,
3796,onnx_model_044,measure,18.598403086069602,18.599686082918197,18.610855584032834,11.16950111463666,True,
3797,onnx_model_040,measure,18.59945337371458,18.599865392781794,18.61097034299746,11.104950215667486,True,
3798,onnx_model_021,measure,18.604081402205843,18.60509914206341,18.616069444920868,10.970302857458591,True,
3799,onnx_model_085,measure,18.611852329091143,18.6121931867674,18.62319720396772,11.004017200320959,True,
3800,onnx_model_088,measure,18.613267452097706,18.613650797866285,18.624661136884242,11.010339017957449,True,
3801,onnx_model_058,measure,18.618310686702763,18.619298473000526,18.630365781020373,11.067308019846678,True,
3802,onnx_model_055,measure,18.626412438300928,18.62688553472981,18.637892919126898,11.007384397089481,True,
3803,onnx_model_047,measure,18.628174769103584,18.629337075166404,18.64050481375307,11.1677385866642,True,
3804,onnx_model_021,measure,18.628465855954772,18.629504773765802,18.64066018909216,11.155415326356888,True,
3805,onnx_model_084,measure,18.63857573075989,18.639169325120747,18.650419570039958,11.250244919210672,True,
3806,onnx_model_067,measure,18.639241451279467,18.63962153485045,18.650568131823093,10.946596972644329,True,
3807,onnx_model_002,measure,18.64594890002947,18.64692691108212,18.6582723967731,11.34548569098115,True,
3808,onnx_model_082,measure,18.64830716380225,18.64940109383315,18.660690292716026,11.289198882877827,True,
3809,onnx_model_002,measure,18.649018934062557,18.649569193832576,18.65831817407161,8.748980239033699,True,
3810,onnx_model_081,measure,18.649644357333266,18.650030640885234,18.660908106714487,10.877465829253197,True,
3811,onnx_model_020,measure,18.656784311499436,18.657843541819602,18.668905969709158,11.062427889555693,True,
3812,onnx_model_031,measure,18.662759212605067,18.663179324939847,18.674140189774334,10.960864834487438,True,
3813,onnx_model_093,measure,18.663582309734633,18.664698431733996,18.675694725010544,10.996293276548386,True,
3814,onnx_model_072,measure,18.668870469889697,18.669057588092983,18.68030554894358,11.247960850596428,True,
3815,onnx_model_084,measure,18.672275838070234,18.67257237015292,18.68363986676559,11.067496612668037,True,
3816,onnx_model_046,measure,18.673820243284005,18.674238646868616,18.685267951805145,11.029304936528206,True,
3817,onnx_model_083,measure,18.67896403839008,18.679925265721977,18.690928392112255,11.00312639027834,True,
3818,onnx_model_011,measure,18.68443748261803,18.68487441400066,18.695827553980052,10.95313997939229,True,
3819,onnx_model_040,measure,18.69958824350251,18.70004916889593,18.71091939182952,10.870222933590412,True,
3820,onnx_model_019,measure,18.701497593379596,18.70249246293679,18.713514444883913,11.021981947124004,True,
3821,onnx_model_093,measure,18.703915437304477,18.70494769094512,18.716118243988603,11.170553043484688,True,
3822,onnx_model_010,measure,18.71540899297549,18.71580285485834,18.72682780213654,11.02494727820158,True,
3823,onnx_model_080,measure,18.716625679052193,18.717347730882466,18.72847722703591,11.129496153444052,True,
3824,onnx_model_050,measure,18.719299641445854,18.719838546123356,18.73077232996002,10.93378383666277,True,
3825,onnx_model_032,measure,18.72277694305605,18.723332508001477,18.73432415071875,10.991642717272043,True,
3826,onnx_model_069,measure,18.729086413564374,18.729769113007933,18.74058094387874,10.81183087080717,True,
3827,onnx_model_083,measure,18.730702632803595,18.730924319010228,18.741719918791205,10.795599780976772,True,
3828,onnx_model_047,measure,18.732112453663717,18.73237348301336,18.743058864958584,10.685381945222616,True,
3829,onnx_model_003,measure,18.732706206364128,18.733826205134392,18.74458120809868,10.755002964287996,True,
3830,onnx_model_094,measure,18.737013426775956,18.737587755080312,18.748211869969964,10.624114889651537,True,
3831,onnx_model_094,measure,18.757319004788354,18.75846102181822,18.769371120724827,10.910098906606436,True,
3832,onnx_model_046,measure,18.75796831686733,18.75863347016275,18.76946617104113,10.83270087838173,True,
3833,onnx_model_030,measure,18.763866369666946,18.76505478611216,18.775846839882433,10.792053770273924,True,
3834,onnx_model_089,measure,18.765068354667942,18.76535780215636,18.776095452718437,10.73765056207776,True,
3835,onnx_model_066,measure,18.776163880828374,18.777278230991215,18.788039315957576,10.761084966361523,True,
3836,onnx_model_028,measure,18.777608482702547,18.77864671172574,18.78939332999289,10.746618267148733,True,
3837,onnx_model_005,measure,18.78330318916173,18.784010116942227,18.794892102014273,10.881985072046518,True,
3838,onnx_model_005,measure,18.785047069376475,18.78533736988902,18.794958307873458,9.62093798443675,True,
3839,onnx_model_015,measure,18.80000878416715,18.801144817844033,18.81212788494304,10.983067099004984,True,
3840,onnx_model_014,measure,18.802925029884953,18.803511576727033,18.814514541998506,11.002965271472931,True,
3841,onnx_model_045,measure,18.805918742250338,18.806923693045974,18.81791933393106,10.995640885084867,True,
3842,onnx_model_065,measure,18.80677586646941,18.80709397699684,18.81799905607477,10.905079077929258,True,
3843,onnx_model_062,measure,18.809091286451302,18.80962816393003,18.820584680885077,10.956516955047846,True,
3844,onnx_model_013,measure,18.809372160717693,18.80979828676209,18.82071668189019,10.91839512810111,True,
3845,onnx_model_026,measure,18.815816060355488,18.816768356133252,18.827556062024087,10.787705890834332,True,
3846,onnx_model_053,measure,18.816785127745224,18.816995868925005,18.827789765782654,10.793896857649088,True,
3847,onnx_model_092,measure,18.8192324305784,18.82015480287373,18.83094779914245,10.792996268719435,True,
3848,onnx_model_006,measure,18.829047775038532,18.829944232013077,18.84097642172128,11.032189708203077,True,
3849,onnx_model_000,measure,18.83919067112932,18.841073045972735,18.85206008097157,10.987034998834133,True,
3850,onnx_model_041,measure,18.84752210809823,18.848468704149127,18.85941348876804,10.944784618914127,True,
3851,onnx_model_015,measure,18.853342930579633,18.85429350612685,18.865271835122257,10.978328995406628,True,
3852,onnx_model_006,measure,18.855825949306436,18.8567600348033,18.867777857929468,11.017823126167059,True,
3853,onnx_model_092,measure,18.860277640070155,18.860655840020627,18.871691276784986,11.035436764359474,True,
3854,onnx_model_089,measure,18.866245411921177,18.866500299889594,18.87763518607244,11.134886182844639,True,
3855,onnx_model_021,measure,18.866883182229877,18.867876646108925,18.878930567763746,11.053921654820442,True,
3856,onnx_model_010,measure,18.872240152632575,18.872928419150412,18.884146351832896,11.217932682484388,True,
3857,onnx_model_032,measure,18.872634839617945,18.873092339839786,18.88426356483251,11.171224992722273,True,
3858,onnx_model_012,measure,18.873599100793832,18.874620915856212,18.88552026404068,10.899348184466362,True,
3859,onnx_model_034,measure,18.88236359016689,18.883191907778382,18.894222827162594,11.030919384211302,True,
3860,onnx_model_011,measure,18.884914314116887,18.88563346909359,18.896502600051463,10.869130957871675,True,
3861,onnx_model_023,measure,18.885977656119056,18.887085679918528,18.89804217685014,10.956496931612492,True,
3862,onnx_model_050,measure,18.889288026823063,18.889530025888234,18.900404206011444,10.874180123209953,True,
3863,onnx_model_089,measure,18.89771586499053,18.898156404029578,18.90922720776871,11.070803739130497,True,
3864,onnx_model_002,measure,18.910207916576127,18.910462074913085,18.921496749855578,11.034674942493439,True,
3865,onnx_model_001,measure,18.912977861047693,18.913919798098505,18.924870072863996,10.950274765491486,True,
3866,onnx_model_040,measure,18.91463784148564,18.915357921738178,18.92649594275281,11.138021014630795,True,
3867,onnx_model_032,measure,18.91496325722047,18.915525890886784,18.926558571867645,11.032680980861187,True,
3868,onnx_model_061,measure,18.919025410722305,18.92004920914769,18.931069877929986,11.020668782293797,True,
3869,onnx_model_079,measure,18.922467129992295,18.922732349019498,18.933754740748554,11.022391729056835,True,
3870,onnx_model_099,measure,18.92884156124405,18.92978044692427,18.940783041063696,11.002594139426947,True,
3871,onnx_model_037,measure,18.930424921392074,18.931166160851717,18.942332697100937,11.166536249220371,True,
3872,onnx_model_059,measure,18.935864865542236,18.93698200583458,18.9479862828739,11.004277039319277,True,
3873,onnx_model_008,measure,18.9387258802996,18.939444947987795,18.950443904846907,10.998956859111786,True,
3874,onnx_model_026,measure,18.94069599989992,18.94093088200316,18.95194881595671,11.017933953553438,True,
3875,onnx_model_096,measure,18.95198155446373,18.953171871136874,18.964186717756093,11.014846619218588,True,
3876,onnx_model_056,measure,18.953551659107397,18.954660139977932,18.96574600180611,11.085861828178167,True,
3877,onnx_model_014,measure,18.954061679823404,18.954842146020383,18.965862523764372,11.02037774398923,True,
3878,onnx_model_077,measure,18.956487234191265,18.95735963108018,18.968412611167878,11.052980087697506,True,
3879,onnx_model_099,measure,18.959090462993363,18.959807334002107,18.97084306087345,11.035726871341467,True,
3880,onnx_model_042,measure,18.972656940707722,18.973088178783655,18.984163180924952,11.075002141296864,True,
3881,onnx_model_062,measure,18.974592389323643,18.97553944773972,18.986654927022755,11.115479283034801,True,
3882,onnx_model_068,measure,18.985033175750758,18.985388619825244,18.996464112773538,11.075492948293686,True,
3883,onnx_model_041,measure,18.994817053678872,18.99656087672338,19.007979632820934,11.41875609755516,True,
3884,onnx_model_058,measure,18.996071853953758,18.996749134734273,19.007932423148304,11.183288414031267,True,
3885,onnx_model_069,measure,19.000275345144466,19.001271061133593,19.01228900393471,11.017942801117897,True,
3886,onnx_model_039,measure,19.008576989069518,19.00920019298792,19.02020267676562,11.002483777701855,True,
3887,onnx_model_069,measure,19.04204134021799,19.04243876505643,19.0535500459373,11.111280880868435,True,
3888,onnx_model_020,measure,19.05267221979906,19.052905661053956,19.064137069974095,11.231408920139074,True,
3889,onnx_model_013,measure,19.056533174487136,19.056795184034854,19.06824469799176,11.449513956904411,True,
3890,onnx_model_097,measure,19.056560888551587,19.05696233175695,19.068099222145975,11.136890389025211,True,
3891,onnx_model_084,measure,19.05802146991623,19.058474275749177,19.069538617972285,11.064342223107815,True,
3892,onnx_model_065,measure,19.06701378128779,19.067394582089037,19.078501123934984,11.106541845947504,True,
3893,onnx_model_086,measure,19.070257088985425,19.07075916789472,19.081883604172617,11.124436277896166,True,
3894,onnx_model_026,measure,19.073554136376,19.07423581602052,19.08527177385986,11.035957839339972,True,
3895,onnx_model_076,measure,19.082397772429736,19.08312696684152,19.094439601060003,11.312634218484163,True,
3896,onnx_model_050,measure,19.08301010817144,19.083324291743338,19.094586670864373,11.262379121035337,True,
3897,onnx_model_065,measure,19.087593008698356,19.088499470148236,19.099589901044965,11.09043089672923,True,
3898,onnx_model_020,measure,19.09242802465521,19.093097920995206,19.104234199039638,11.136278044432402,True,
3899,onnx_model_070,measure,19.09464321989609,19.09582188911736,19.106833609752357,11.011720634996891,True,
3900,onnx_model_027,measure,19.10320792709403,19.103830381762236,19.114876048173755,11.04566641151905,True,
3901,onnx_model_045,measure,19.104252807403704,19.105490337125957,19.116495565976948,11.005228850990534,True,
3902,onnx_model_008,measure,19.123763486743435,19.124735198915005,19.13582161301747,11.086414102464914,True,
3903,onnx_model_066,measure,19.129442454265128,19.130207881797105,19.141224161721766,11.016279924660921,True,
3904,onnx_model_048,measure,19.13048938308079,19.131652266718447,19.142569929827005,10.917663108557463,True,
3905,onnx_model_009,measure,19.133654545530433,19.13409651303664,19.14522754214704,11.131029110401869,True,
3906,onnx_model_040,measure,19.144433505180547,19.14483019709587,19.155976965092123,11.146767996251583,True,
3907,onnx_model_009,measure,19.155196383431466,19.15552380401641,19.166594607755542,11.070803739130497,True,
3908,onnx_model_058,measure,19.15591831095967,19.15613552602008,19.16726539283991,11.129866819828749,True,
3909,onnx_model_094,measure,19.15980773322787,19.160658503882587,19.171695593744516,11.037089861929417,True,
3910,onnx_model_077,measure,19.16189951491462,19.16311487276107,19.17414218513295,11.027312371879816,True,
3911,onnx_model_063,measure,19.16393379714592,19.16455550212413,19.175705667119473,11.150164995342493,True,
3912,onnx_model_063,measure,19.167221593292794,19.1674191551283,19.175748217850924,8.329062722623348,True,
3913,onnx_model_003,measure,19.17218779846479,19.17292102286592,19.183999551925808,11.078529059886932,True,
3914,onnx_model_016,measure,19.175798828280364,19.176968236919492,19.18810166977346,11.133432853966951,True,
3915,onnx_model_028,measure,19.18065823350365,19.181445247028023,19.192831330001354,11.386082973331213,True,
3916,onnx_model_082,measure,19.181066142566213,19.181646820157766,19.19287594500929,11.22912485152483,True,
3917,onnx_model_071,measure,19.184667216703193,19.185224751010537,19.196238786913455,11.014035902917385,True,
3918,onnx_model_083,measure,19.18692710317276,19.187698774039745,19.198721026070416,11.022252030670643,True,
3919,onnx_model_079,measure,19.19190736317439,19.192326901014894,19.203213785775006,10.88688476011157,True,
3920,onnx_model_042,measure,19.19591392471827,19.196339339017868,19.207200724165887,10.861385148018599,True,
3921,onnx_model_092,measure,19.19676803425311,19.197852504905313,19.2091970089823,11.344504076987505,True,
3922,onnx_model_005,measure,19.19678506868158,19.198019221890718,19.209150950890034,11.131728999316692,True,
3923,onnx_model_039,measure,19.197368100575826,19.198166041169316,19.209292110055685,11.126068886369467,True,
3924,onnx_model_004,measure,19.20075945815977,19.201955173164606,19.21275788778439,10.802714619785547,True,
3925,onnx_model_003,measure,19.203921171330244,19.204437942709774,19.215165714733303,10.727772023528814,True,
3926,onnx_model_091,measure,19.207009070780796,19.20730557385832,19.218206495046616,10.900921188294888,True,
3927,onnx_model_091,measure,19.212352314032113,19.212856424972415,19.218246921896935,5.390496924519539,True,
3928,onnx_model_036,measure,19.22059901048373,19.22146920673549,19.232423690147698,10.954483412206173,True,
3929,onnx_model_041,measure,19.229019617411847,19.229959425982088,19.24104074994102,11.081323958933353,True,
3930,onnx_model_015,measure,19.23716179945933,19.237671345006675,19.24871823284775,11.046887841075659,True,
3931,onnx_model_045,measure,19.240956584321594,19.241184663027525,19.252160747069865,10.976084042340517,True,
3932,onnx_model_088,measure,19.25395130025388,19.25438316212967,19.265528127085418,11.144964955747128,True,
3933,onnx_model_059,measure,19.267572527922606,19.268782782834023,19.279913511127234,11.130728293210268,True,
3934,onnx_model_001,measure,19.2744937757897,19.27523035882041,19.28630174510181,11.071386281400919,True,
3935,onnx_model_064,measure,19.279641575699475,19.28001099685207,19.29162281891331,11.611822061240673,True,
3936,onnx_model_092,measure,19.281148706443602,19.2814504429698,19.292477964889258,11.027521919459105,True,
3937,onnx_model_093,measure,19.289541461561097,19.290540381800383,19.30212898971513,11.588607914745808,True,
3938,onnx_model_099,measure,19.290292803124863,19.290756503120065,19.302309232763946,11.552729643881321,True,
3939,onnx_model_007,measure,19.290327687378994,19.29091908177361,19.302349178120494,11.430096346884966,True,
3940,onnx_model_045,measure,19.29554238151114,19.29674298176542,19.307826168835163,11.083187069743872,True,
3941,onnx_model_027,measure,19.29888987050373,19.299216392915696,19.310416594147682,11.200201231986284,True,
3942,onnx_model_084,measure,19.302527505827037,19.303573416080326,19.314723880961537,11.15046488121152,True,
3943,onnx_model_048,measure,19.30299770236752,19.30375823704526,19.314839360769838,11.081123724579811,True,
3944,onnx_model_016,measure,19.329215730086315,19.330095099750906,19.341445184778422,11.350085027515888,True,
3945,onnx_model_013,measure,19.329469890556094,19.330263399984688,19.341278807725757,11.015407741069794,True,
3946,onnx_model_016,measure,19.335259613711724,19.335828297771513,19.341485822107643,5.657524336129427,True,
3947,onnx_model_024,measure,19.33630472867646,19.337289365008473,19.34831332974136,11.02396473288536,True,
3948,onnx_model_049,measure,19.339017302752048,19.33978175278753,19.350956624839455,11.174872051924467,True,
3949,onnx_model_053,measure,19.341612217978035,19.34272674098611,19.35376090509817,11.034164112061262,True,
3950,onnx_model_063,measure,19.341695405676273,19.342890260741115,19.353954843711108,11.064582969993353,True,
3951,onnx_model_037,measure,19.34982332340457,19.350543989799917,19.361542796716094,10.998806916177273,True,
3952,onnx_model_005,measure,19.35753505500029,19.35817978484556,19.369201304856688,11.021520011126995,True,
3953,onnx_model_059,measure,19.359088051447838,19.35966286389157,19.37066588876769,11.003024876117706,True,
3954,onnx_model_062,measure,19.369071125660433,19.36933409795165,19.38038998283446,11.055884882807732,True,
3955,onnx_model_016,measure,19.377499369766504,19.37790521979332,19.388929354958236,11.024135164916515,True,
3956,onnx_model_091,measure,19.388567819273348,19.389025839045644,19.400170041713864,11.144202668219805,True,
3957,onnx_model_004,measure,19.388851682898903,19.38919019093737,19.400320157874376,11.12996693700552,True,
3958,onnx_model_008,measure,19.393650035852126,19.394727717153728,19.40623980993405,11.512092780321836,True,
3959,onnx_model_010,measure,19.396376848725275,19.397173196077347,19.408109333831817,10.93613775447011,True,
3960,onnx_model_044,measure,19.398506243742723,19.399628853891045,19.410639794077724,11.010940186679363,True,
3961,onnx_model_090,measure,19.40449468519558,19.405576128978282,19.416944629047066,11.36850006878376,True,
3962,onnx_model_028,measure,19.404890618195125,19.40579111687839,19.416985876858234,11.194759979844093,True,
3963,onnx_model_016,measure,19.40646325615574,19.407434751745313,19.418427748139948,10.992996394634247,True,
3964,onnx_model_010,measure,19.408231494252657,19.40935422014445,19.420263677835464,10.909457691013813,True,
3965,onnx_model_029,measure,19.418121343323556,19.418524601962417,19.429564577993006,11.03997603058815,True,
3966,onnx_model_050,measure,19.42766341757251,19.428492358885705,19.43948771012947,10.995351243764162,True,
3967,onnx_model_071,measure,19.430967308310084,19.431788214016706,19.44277138216421,10.98316814750433,True,
3968,onnx_model_018,measure,19.433204775975206,19.434231407940388,19.445263389032334,11.031981091946363,True,
3969,onnx_model_060,measure,19.437286156053244,19.437692116945982,19.44863967690617,10.947559960186481,True,
3970,onnx_model_086,measure,19.441936329968907,19.442878745961934,19.453962475061417,11.083729099482298,True,
3971,onnx_model_023,measure,19.444693458951562,19.445360233075917,19.45623687794432,10.876644868403673,True,
3972,onnx_model_017,measure,19.44928770921272,19.449862982146442,19.460776748135686,10.913765989243984,True,
3973,onnx_model_079,measure,19.45028040978364,19.451305593829602,19.46223539998755,10.929806157946587,True,
3974,onnx_model_071,measure,19.458419528933536,19.459458681754768,19.47038720594719,10.928524192422628,True,
3975,onnx_model_058,measure,19.464864014396117,19.465463425964117,19.476634490769356,11.171064805239439,True,
3976,onnx_model_052,measure,19.465332509940428,19.46564939012751,19.476677453145385,11.028063017874956,True,
3977,onnx_model_049,measure,19.478602645095496,19.478902101051062,19.489920786116272,11.018685065209866,True,
3978,onnx_model_083,measure,19.486526724473624,19.487351391930133,19.498324419837445,10.973027907311916,True,
3979,onnx_model_057,measure,19.492539930883844,19.49316060496494,19.504252579063177,11.091974098235369,True,
3980,onnx_model_059,measure,19.492907611114596,19.49332995712757,19.504306552000344,10.976594872772694,True,
3981,onnx_model_033,measure,19.508657294003847,19.509533436968923,19.520744267851114,11.210830882191658,True,
3982,onnx_model_061,measure,19.514307597672218,19.515002572908998,19.52600414585322,11.00157294422388,True,
3983,onnx_model_012,measure,19.515283410716684,19.516441849060357,19.527906191069633,11.464342009276152,True,
3984,onnx_model_016,measure,19.517060286566416,19.517902495805174,19.5288646328263,10.962137021124363,True,
3985,onnx_model_009,measure,19.519198225188052,19.520342994946986,19.531452531926334,11.109536979347467,True,
3986,onnx_model_004,measure,19.520829917521755,19.52197582880035,19.53305990807712,11.084079276770353,True,
3987,onnx_model_004,measure,19.52154546632073,19.52216565888375,19.53318300191313,11.017343029379845,True,
3988,onnx_model_019,measure,19.526041642764817,19.527232360094786,19.53865719679743,11.424836702644825,True,
3989,onnx_model_030,measure,19.526852997968184,19.527421520091593,19.538488526828587,11.06700673699379,True,
3990,onnx_model_010,measure,19.53333101041175,19.534402759745717,19.545356711838394,10.953952092677355,True,
3991,onnx_model_013,measure,19.536112329761362,19.536878265906125,19.548105027060956,11.226761154830456,True,
3992,onnx_model_037,measure,19.536488141039854,19.53704881016165,19.54814555402845,11.096743866801262,True,
3993,onnx_model_097,measure,19.54016884411396,19.540905131027102,19.551965083926916,11.059952899813652,True,
3994,onnx_model_056,measure,19.541895871575125,19.542351699899882,19.55338288890198,11.031189002096653,True,
3995,onnx_model_028,measure,19.549896794460476,19.550366554874927,19.56133719906211,10.970644187182188,True,
3996,onnx_model_084,measure,19.554664394492203,19.555630011018366,19.566657521761954,11.02751074358821,True,
3997,onnx_model_029,measure,19.55935160161873,19.56008454784751,19.571037347894162,10.952800046652555,True,
3998,onnx_model_071,measure,19.57698700503071,19.57728949189186,19.58836757997051,11.078088078647852,True,
3999,onnx_model_089,measure,19.577436973528055,19.577685955911875,19.588703327812254,11.017371900379658,True,
4000,onnx_model_023,measure,19.578237864005047,19.579118778929114,19.590009862091392,10.891083162277937,True,
4001,onnx_model_053,measure,19.579955740273256,19.58056464791298,19.591667722910643,11.103074997663498,True,
4002,onnx_model_035,measure,19.580395080551373,19.580741424113512,19.591793252155185,11.051828041672707,True,
4003,onnx_model_005,measure,19.58138026968532,19.582261913921684,19.593412078917027,11.150164995342493,True,
4004,onnx_model_067,measure,19.583441425553076,19.58370463596657,19.594596590846777,10.891954880207777,True,
4005,onnx_model_070,measure,19.58582679933208,19.587773500941694,19.598781615961343,11.008115019649267,True,
4006,onnx_model_059,measure,19.590502584461138,19.593015594873577,19.603902579750866,10.886984877288342,True,
4007,onnx_model_037,measure,19.59859399652141,19.598878981079906,19.609823916107416,10.944935027509928,True,
4008,onnx_model_011,measure,19.599914904101336,19.600322764832526,19.611254996154457,10.932231321930885,True,
4009,onnx_model_066,measure,19.602035438220014,19.602766980882734,19.613638427108526,10.87144622579217,True,
4010,onnx_model_094,measure,19.60898841502382,19.609921852126718,19.62131098099053,11.389128863811493,True,
4011,onnx_model_085,measure,19.62064341579427,19.620897605083883,19.631981994956732,11.084389872848988,True,
4012,onnx_model_090,measure,19.62422863427096,19.624555508140475,19.635647983755916,11.0924756154418,True,
4013,onnx_model_049,measure,19.62431202465929,19.624746550805867,19.63580233696848,11.055786162614822,True,
4014,onnx_model_071,measure,19.627136994215586,19.628287471830845,19.639267162885517,10.979691054672003,True,
4015,onnx_model_046,measure,19.63221177876149,19.633207854814827,19.64411552902311,10.907674208283424,True,
4016,onnx_model_045,measure,19.64574240970061,19.64633801393211,19.657383830752224,11.045816820114851,True,
4017,onnx_model_029,measure,19.650788295158193,19.65179242193699,19.662811868824065,11.019446887075901,True,
4018,onnx_model_028,measure,19.654659318760245,19.655233764089644,19.66614368185401,10.909917764365673,True,
4019,onnx_model_040,measure,19.663563778740222,19.664047818165272,19.67500294186175,10.955123696476221,True,
4020,onnx_model_083,measure,19.67017999298831,19.671397008001804,19.682624789886177,11.227781884372234,True,
4021,onnx_model_061,measure,19.67023858336405,19.67157585779205,19.68276444589719,11.188588105142117,True,
4022,onnx_model_071,measure,19.683626402790207,19.68398633785546,19.69506380474195,11.077466886490583,True,
4023,onnx_model_007,measure,19.685574968606968,19.686468406114727,19.697666903026402,11.198496911674738,True,
4024,onnx_model_095,measure,19.685691062421263,19.686658336780965,19.697806437965482,11.148101184517145,True,
4025,onnx_model_041,measure,19.68899926937557,19.690214396920055,19.70133535610512,11.120959185063839,True,
4026,onnx_model_098,measure,19.69599050367841,19.696286839898676,19.70739143807441,11.104598175734282,True,
4027,onnx_model_069,measure,19.697628762397805,19.697935664094985,19.708862454164773,10.926790069788694,True,
4028,onnx_model_061,measure,19.69973946869053,19.700377945788205,19.71132703917101,10.949093382805586,True,
4029,onnx_model_009,measure,19.701862132282752,19.70255684806034,19.713537730742246,10.980882681906223,True,
4030,onnx_model_059,measure,19.70698637471816,19.707503771875054,19.71855439711362,11.05062523856759,True,
4031,onnx_model_060,measure,19.70885259694762,19.70901062572375,19.719983302988112,10.972677264362574,True,
4032,onnx_model_088,measure,19.715396207322566,19.715772518888116,19.726736980956048,10.96446206793189,True,
4033,onnx_model_078,measure,19.72107949488842,19.72220618883148,19.73312684800476,10.92065917328,True,
4034,onnx_model_070,measure,19.723533834714413,19.724668609909713,19.73569675302133,11.028143111616373,True,
4035,onnx_model_069,measure,19.72745852827595,19.728034898173064,19.73900943994522,10.974541772156954,True,
4036,onnx_model_097,measure,19.73296400473686,19.733269609045237,19.744232086930424,10.962477885186672,True,
4037,onnx_model_013,measure,19.734536849303748,19.73579451814294,19.746630256064236,10.83573792129755,True,
4038,onnx_model_045,measure,19.735996742167124,19.73616849910468,19.747075342107564,10.90684300288558,True,
4039,onnx_model_085,measure,19.742540135369868,19.74323686491698,19.75420921202749,10.972347110509872,True,
4040,onnx_model_067,measure,19.744948744616785,19.74545794678852,19.75685240700841,11.39446021988988,True,
4041,onnx_model_054,measure,19.749146013737658,19.750362149905413,19.761576015036553,11.213865131139755,True,
4042,onnx_model_093,measure,19.74925205948145,19.750653112772852,19.761736860964447,11.083748191595078,True,
4043,onnx_model_068,measure,19.755444358608344,19.75646983878687,19.76734942011535,10.879581328481436,True,
4044,onnx_model_000,measure,19.759683947713455,19.76008184487,19.770989709999412,10.90786512941122,True,
4045,onnx_model_074,measure,19.767081675650488,19.767446293961257,19.778590717818588,11.144423857331276,True,
4046,onnx_model_020,measure,19.767160059471472,19.76762806996703,19.778666282072663,11.038212105631828,True,
4047,onnx_model_080,measure,19.778131435879125,19.778780980035663,19.78981952276081,11.038542725145817,True,
4048,onnx_model_006,measure,19.77851617630288,19.779157504905015,19.79007258405909,10.915079154074192,True,
4049,onnx_model_007,measure,19.781725915091798,19.78262278297916,19.79375376086682,11.130977887660265,True,
4050,onnx_model_008,measure,19.793026008906605,19.793319295160472,19.804367155767977,11.047860607504845,True,
4051,onnx_model_062,measure,19.794247864792247,19.79498156486079,19.806068670004606,11.087105143815279,True,
4052,onnx_model_060,measure,19.799860761735697,19.80042244680226,19.811330492142588,10.908045340329409,True,
4053,onnx_model_072,measure,19.801278176821523,19.801902209874243,19.812835171818733,10.932961944490671,True,
4054,onnx_model_086,measure,19.802514683469738,19.80334554379806,19.814204555004835,10.859011206775904,True,
4055,onnx_model_034,measure,19.804800892565872,19.805623292922974,19.81662246072665,10.999167803674936,True,
4056,onnx_model_018,measure,19.810309838470786,19.811428397893906,19.822343686129898,10.915288235992193,True,
4057,onnx_model_084,measure,19.816921062295158,19.817844233941287,19.828810479026288,10.966245085000992,True,
4058,onnx_model_028,measure,19.822620766921403,19.82357496675104,19.834738987963647,11.164021212607622,True,
4059,onnx_model_040,measure,19.82269606832667,19.823769957758486,19.834854968823493,11.085011065006256,True,
4060,onnx_model_030,measure,19.82855008283604,19.828907983843237,19.839785560965538,10.877577122300863,True,
4061,onnx_model_087,measure,19.83507252735398,19.836157193873078,19.84714451013133,10.987316258251667,True,
4062,onnx_model_062,measure,19.84772540114138,19.84838662110269,19.85948678990826,11.10016880556941,True,
4063,onnx_model_076,measure,19.850019460452213,19.850966734811664,19.862027329858392,11.06059504672885,True,
4064,onnx_model_045,measure,19.852408286088725,19.853434966877103,19.86436128616333,10.926319286227226,True,
4065,onnx_model_007,measure,19.85758491288754,19.857903860975057,19.86888754973188,10.98368875682354,True,
4066,onnx_model_097,measure,19.86024370075623,19.860753077082336,19.87174151511863,10.988438036292791,True,
4067,onnx_model_028,measure,19.861557126576066,19.86212523607537,19.873028811998665,10.903575923293829,True,
4068,onnx_model_008,measure,19.863446859662503,19.86445853114128,19.875361857004464,10.903325863182545,True,
4069,onnx_model_079,measure,19.865692133200493,19.86592512903735,19.87686082581058,10.93569677323103,True,
4070,onnx_model_091,measure,19.86980494208446,19.87012344878167,19.881148325745016,11.024876963347197,True,
4071,onnx_model_058,measure,19.86992312586578,19.87029070686549,19.881299032829702,11.008325964212418,True,
4072,onnx_model_095,measure,19.873059969025217,19.87425345974043,19.88511224091053,10.858781170099974,True,
4073,onnx_model_036,measure,19.879631686596166,19.88008662778884,19.891131102107465,11.044474318623543,True,
4074,onnx_model_036,measure,19.882671559008887,19.88352668704465,19.89124394580722,7.717258762568235,True,
4075,onnx_model_001,measure,19.883252257972448,19.883754890877753,19.89472763892263,10.972748044878244,True,
4076,onnx_model_003,measure,19.887097693766986,19.887340095825493,19.898187825921923,10.847730096429586,True,
4077,onnx_model_075,measure,19.89791970469405,19.89828386809677,19.90925872977823,10.974861681461334,True,
4078,onnx_model_080,measure,19.90139250353373,19.90175950480625,19.91276626707986,11.006762273609638,True,
4079,onnx_model_000,measure,19.902009736210243,19.903223698027432,19.91425362508744,11.029927060008049,True,
4080,onnx_model_073,measure,19.910831428673713,19.91148994071409,19.922471555881202,10.981615167111158,True,
4081,onnx_model_036,measure,19.91398238404743,19.914368712808937,19.92537338193506,11.00466912612319,True,
4082,onnx_model_057,measure,19.920462008538706,19.920820067171007,19.9318613037467,11.041236575692892,True,
4083,onnx_model_025,measure,19.927285785206223,19.927636994980276,19.938742495141923,11.105500161647797,True,
4084,onnx_model_056,measure,19.93160030049635,19.931957196909934,19.943045102991164,11.087906081229448,True,
4085,onnx_model_004,measure,19.93186367281831,19.932317512109876,19.94331932393834,11.00181182846427,True,
4086,onnx_model_018,measure,19.937088491966346,19.937771168071777,19.948746991809458,10.975823737680912,True,
4087,onnx_model_027,measure,19.940250354372008,19.940966132096946,19.95202930085361,11.0631687566638,True,
4088,onnx_model_034,measure,19.949939037783377,19.95098303211853,19.962024800945073,11.041768826544285,True,
4089,onnx_model_039,measure,19.950920712882457,19.95135061116889,19.96244644280523,11.095831636339426,True,
4090,onnx_model_067,measure,19.951908257014377,19.952172773890197,19.96317708073184,11.004306841641665,True,
4091,onnx_model_089,measure,19.962145505901418,19.962569096125662,19.973629269748926,11.060173623263836,True,
4092,onnx_model_034,measure,19.967237680586393,19.96841406589374,19.979397603776306,10.983537882566452,True,
4093,onnx_model_007,measure,19.973120697204635,19.973734559956938,19.984731883741915,10.997323784977198,True,
4094,onnx_model_041,measure,19.97529699244528,19.976220715790987,19.98720893310383,10.988217312842607,True,
4095,onnx_model_022,measure,19.981067518720053,19.981640327721834,19.992618925869465,10.978598147630692,True,
4096,onnx_model_071,measure,19.98384416428277,19.98417883273214,19.99516859278083,10.989760048687458,True,
4097,onnx_model_089,measure,19.98541465367666,19.98596337484196,19.997082931920886,11.119557078927755,True,
4098,onnx_model_025,measure,19.989696721696863,19.99043298093602,20.001352488063276,10.919507127255201,True,
4099,onnx_model_062,measure,20.003753620276488,20.004639436025172,20.015675893984735,11.03645795956254,True,
4100,onnx_model_038,measure,20.011763953974953,20.012135373894125,20.023212840780616,11.077466886490583,True,
4101,onnx_model_009,measure,20.011848882671366,20.01230509672314,20.023357075173408,11.051978450268507,True,
4102,onnx_model_092,measure,20.01754153642342,20.017901956103742,20.02888718713075,10.985231027007103,True,
4103,onnx_model_083,measure,20.020546316313176,20.021347685717046,20.032388352788985,11.040667071938515,True,
4104,onnx_model_051,measure,20.02539734049249,20.026581184007227,20.037592123728245,11.010939721018076,True,
4105,onnx_model_011,measure,20.0265833191168,20.026958520989865,20.037826469168067,10.867948178201914,True,
4106,onnx_model_035,measure,20.029269729387302,20.03012674394995,20.041036931797862,10.910187847912312,True,
4107,onnx_model_093,measure,20.034094609051667,20.034634621813893,20.045878334902227,11.243713088333607,True,
4108,onnx_model_009,measure,20.03423925902361,20.0348012088798,20.045917800161988,11.116591282188892,True,
4109,onnx_model_084,measure,20.03433504044481,20.03494831873104,20.04605020210147,11.101883370429277,True,
4110,onnx_model_023,measure,20.056496215614764,20.057283754926175,20.068342636805028,11.058881878852844,True,
4111,onnx_model_071,measure,20.06608259586732,20.067747455090284,20.078790365718305,11.042910628020763,True,
4112,onnx_model_017,measure,20.079454553606194,20.080023190006614,20.090989816002548,10.96662599593401,True,
4113,onnx_model_050,measure,20.088644018117936,20.09049177914858,20.101465007755905,10.973228607326746,True,
4114,onnx_model_011,measure,20.098372662065866,20.099244627170265,20.110307675786316,11.063048616051674,True,
4115,onnx_model_065,measure,20.102336414375202,20.102704253047705,20.113694553729147,10.990300681442022,True,
4116,onnx_model_012,measure,20.10337745022044,20.10415320796892,20.115251403767616,11.098195798695087,True,
4117,onnx_model_064,measure,20.11027811993796,20.110478480812162,20.12194642983377,11.467949021607637,True,
4118,onnx_model_012,measure,20.11053856532221,20.110987368039787,20.115316106937826,4.328738898038864,True,
4119,onnx_model_010,measure,20.120342409295,20.12153985677287,20.132516242098063,10.976385325193405,True,
4120,onnx_model_056,measure,20.12504438073831,20.126175107900053,20.137114451732486,10.939343832433224,True,
4121,onnx_model_016,measure,20.131366856059056,20.131633283104748,20.142644764855504,11.011481750756502,True,
4122,onnx_model_069,measure,20.149372279210084,20.149865369778126,20.160964839160442,11.099469382315874,True,
4123,onnx_model_015,measure,20.150329317522086,20.151309304870665,20.162374278064817,11.064973194152117,True,
4124,onnx_model_082,measure,20.152597846228293,20.153755845036358,20.16545834997669,11.702504940330982,True,
4125,onnx_model_087,measure,20.15613818415958,20.157196435146034,20.16824019793421,11.043762788176537,True,
4126,onnx_model_004,measure,20.158725971578296,20.15970235876739,20.17100404202938,11.301683261990547,True,
4127,onnx_model_028,measure,20.158916368078472,20.159869926981628,20.17111468175426,11.244754772633314,True,
4128,onnx_model_096,measure,20.164570966532665,20.165555163752288,20.176730636972934,11.175473220646381,True,
4129,onnx_model_039,measure,20.170114326212573,20.170465528033674,20.181543254759163,11.077726725488901,True,
4130,onnx_model_033,measure,20.17559428765339,20.176337520126253,20.187364971730858,11.027451604604721,True,
4131,onnx_model_018,measure,20.18354061791854,20.183763545937836,20.194744498934597,10.980952996760607,True,
4132,onnx_model_057,measure,20.188051954486962,20.188584620133042,20.199696001131088,11.111380998045206,True,
4133,onnx_model_028,measure,20.196399295500807,20.19696974894032,20.20794330816716,10.973559226840734,True,
4134,onnx_model_043,measure,20.205588629549315,20.205918058753014,20.216890785843134,10.972727090120316,True,
4135,onnx_model_065,measure,20.206552100709647,20.207361983135343,20.218371720984578,11.009737849235535,True,
4136,onnx_model_028,measure,20.212692726115694,20.21317879995331,20.224254372995347,11.075573042035103,True,
4137,onnx_model_046,measure,20.219150719264068,20.21959372377023,20.23065048083663,11.056757066398859,True,
4138,onnx_model_074,measure,20.222698111262698,20.223104407079518,20.23410233296454,10.997925885021687,True,
4139,onnx_model_068,measure,20.223990902697086,20.224353841971606,20.235337991733104,10.984149761497974,True,
4140,onnx_model_071,measure,20.228797412097332,20.22979836212471,20.240816895850003,11.01853372529149,True,
4141,onnx_model_085,measure,20.232489592095614,20.23289513774216,20.243848449084908,10.95331134274602,True,
4142,onnx_model_008,measure,20.24048351613097,20.240916015114635,20.25195124093443,11.035225819796324,True,
4143,onnx_model_098,measure,20.249248441632833,20.250097488053143,20.26118567492813,11.088186874985695,True,
4144,onnx_model_098,measure,20.251910874058474,20.252101245801896,20.26129683572799,9.195589926093817,True,
4145,onnx_model_024,measure,20.2637882088797,20.264519622083753,20.275367782916874,10.848160833120346,True,
4146,onnx_model_057,measure,20.26717515415172,20.267978055868298,20.2789866020903,11.008546222001314,True,
4147,onnx_model_095,measure,20.271545940311718,20.272424749098718,20.28350294707343,11.078197974711657,True,
4148,onnx_model_001,measure,20.272145770888926,20.27259072382003,20.28364822315052,11.057499330490828,True,
4149,onnx_model_028,measure,20.273364207948312,20.27414421690628,20.285013898741454,10.86968183517456,True,
4150,onnx_model_061,measure,20.279447305828082,20.280205768998712,20.291078556794673,10.872787795960903,True,
4151,onnx_model_076,measure,20.29319634031683,20.29431446781382,20.30544962408021,11.135156266391277,True,
4152,onnx_model_032,measure,20.29400121654531,20.294484751764685,20.30558238690719,11.097635142505169,True,
4153,onnx_model_019,measure,20.295243229382024,20.296044987160712,20.306960586924106,10.915599763393402,True,
4154,onnx_model_020,measure,20.300378659062105,20.301490868907422,20.312450692988932,10.959824081510305,True,
4155,onnx_model_029,measure,20.310189875716432,20.31118922494352,20.322268064133823,11.07883919030428,True,
4156,onnx_model_068,measure,20.31408523310453,20.314692173153162,20.325899958144873,11.207784991711378,True,
4157,onnx_model_073,measure,20.318017691360005,20.319145327899605,20.330133785959333,10.988458059728146,True,
4158,onnx_model_063,measure,20.319531458260148,20.320589202921838,20.33173379674554,11.144593823701143,True,
4159,onnx_model_025,measure,20.319953023619778,20.320815903134644,20.3318565399386,11.04063680395484,True,
4160,onnx_model_024,measure,20.325179677464984,20.325496209785342,20.3364845267497,10.988316964358091,True,
4161,onnx_model_093,measure,20.32658447023688,20.327127480879426,20.338092484045774,10.965003166347742,True,
4162,onnx_model_001,measure,20.328377972382796,20.32959512202069,20.340506191831082,10.911069810390472,True,
4163,onnx_model_044,measure,20.33226691602053,20.333078172057867,20.34403171390295,10.953541845083237,True,
4164,onnx_model_050,measure,20.335247708186102,20.33553456189111,20.34646977810189,10.935216210782528,True,
4165,onnx_model_097,measure,20.337345857954343,20.337719385046512,20.34908778499812,11.368399951606989,True,
4166,onnx_model_006,measure,20.3445086742552,20.345267301891,20.35621950076893,10.952198877930641,True,
4167,onnx_model_060,measure,20.3481335587821,20.348708152770996,20.359678015112877,10.969862341880798,True,
4168,onnx_model_068,measure,20.353151008483074,20.354317174758762,20.365192247089,10.875072330236435,True,
4169,onnx_model_005,measure,20.35439119325401,20.354696395806968,20.36554212216288,10.845726355910301,True,
4170,onnx_model_047,measure,20.35633237723785,20.357444809749722,20.3684027697891,10.957960039377213,True,
4171,onnx_model_045,measure,20.36077477382724,20.361900659743696,20.37279358599335,10.892926249653101,True,
4172,onnx_model_061,measure,20.363237169177914,20.36434581782669,20.37534713977948,11.001321952790022,True,
4173,onnx_model_041,measure,20.36773151543322,20.36849819077179,20.37950617587194,11.007985100150108,True,
4174,onnx_model_096,measure,20.371988859164688,20.37288870709017,20.38383649708703,10.947789996862411,True,
4175,onnx_model_020,measure,20.374137080365347,20.375444535166025,20.386396333109587,10.95179794356227,True,
4176,onnx_model_047,measure,20.378019278599982,20.378908338956535,20.390014389995486,11.106051038950682,True,
4177,onnx_model_065,measure,20.380226302480864,20.380759848747402,20.39166755275801,10.907704010605812,True,
4178,onnx_model_016,measure,20.38425832624182,20.385057969018817,20.39627330796793,11.215338949114084,True,
4179,onnx_model_022,measure,20.389146919743453,20.389635589905083,20.40089970175177,11.26411184668541,True,
4180,onnx_model_058,measure,20.39477493271312,20.395914104767144,20.406846705824137,10.932601056993008,True,
4181,onnx_model_083,measure,20.400070697177778,20.400527874939144,20.41148204682395,10.954171884804964,True,
4182,onnx_model_088,measure,20.401465114974823,20.402126763947308,20.41311406996101,10.987306013703346,True,
4183,onnx_model_065,measure,20.402851363172495,20.403569997753948,20.414502148050815,10.932150296866894,True,
4184,onnx_model_095,measure,20.411724022388583,20.412713788915426,20.42364106979221,10.927280876785517,True,
4185,onnx_model_007,measure,20.417007392978448,20.41774442093447,20.428685198072344,10.940777137875557,True,
4186,onnx_model_049,measure,20.421280685709668,20.42220465000719,20.433322813827544,11.11816382035613,True,
4187,onnx_model_098,measure,20.421569933925838,20.422375734895468,20.43344597797841,11.070243082940578,True,
4188,onnx_model_034,measure,20.435432995814054,20.435683079995215,20.44662359682843,10.940516833215952,True,
4189,onnx_model_071,measure,20.438808411423278,20.439147896133363,20.45024321693927,11.09532080590725,True,
4190,onnx_model_069,measure,20.43899307131798,20.439314492978156,20.450305895879865,10.99140290170908,True,
4191,onnx_model_065,measure,20.439270928759036,20.4397665518336,20.450720143970102,10.953592136502266,True,
4192,onnx_model_054,measure,20.442857120487773,20.443206961732358,20.454152377787977,10.945416055619717,True,
4193,onnx_model_070,measure,20.443151501597185,20.443563689943403,20.45451185107231,10.948161128908396,True,
4194,onnx_model_083,measure,20.443701162215387,20.44394390285015,20.454861545935273,10.917643085122108,True,
4195,onnx_model_085,measure,20.45078247758676,20.451939261052758,20.462879406753927,10.940145701169968,True,
4196,onnx_model_052,measure,20.455690098084013,20.456106442026794,20.467065514065325,10.959072038531303,True,
4197,onnx_model_047,measure,20.45936591371032,20.460558464750648,20.471642112825066,11.083648074418306,True,
4198,onnx_model_010,measure,20.465462986341677,20.466127580963075,20.477038762066513,10.911181103438139,True,
4199,onnx_model_035,measure,20.46899335461678,20.469301083125174,20.480187267065048,10.886183939874172,True,
4200,onnx_model_027,measure,20.469931076766965,20.47078583575785,20.481912666000426,11.126830242574215,True,
4201,onnx_model_024,measure,20.47008963197188,20.470952432136983,20.482034056913108,11.081624776124954,True,
4202,onnx_model_002,measure,20.489580369889225,20.49025965295732,20.501760344021022,11.500691063702106,True,
4203,onnx_model_044,measure,20.492119833327084,20.492726392112672,20.503856437746435,11.130045633763075,True,
4204,onnx_model_076,measure,20.494429170984397,20.495184674859047,20.506210383027792,11.025708168745041,True,
4205,onnx_model_028,measure,20.496418632500124,20.497640503104776,20.5086474949494,11.006991844624281,True,
4206,onnx_model_004,measure,20.500074396855027,20.50108724506572,20.512167596723884,11.080351658165455,True,
4207,onnx_model_033,measure,20.500241781344087,20.501272997818887,20.51244387216866,11.17087434977293,True,
4208,onnx_model_044,measure,20.50132730511832,20.50185728771612,20.503988288808614,2.131001092493534,True,
4209,onnx_model_074,measure,20.506008494558756,20.506305302958935,20.517265676986426,10.960374027490616,True,
4210,onnx_model_038,measure,20.50898876055543,20.5098711210303,20.520905966870487,11.03484584018588,True,
4211,onnx_model_021,measure,20.513973614891928,20.514697215054184,20.525771184824407,11.073969770222902,True,
4212,onnx_model_024,measure,20.5197896689037,20.520497780758888,20.53141938196495,10.921601206064224,True,
4213,onnx_model_000,measure,20.521268916657448,20.522127608768642,20.53304340876639,10.915799997746944,True,
4214,onnx_model_084,measure,20.525869710824693,20.52699285792187,20.53781925700605,10.826399084180593,True,
4215,onnx_model_014,measure,20.528185747782473,20.52843528892845,20.539406604133546,10.971315205097198,True,
4216,onnx_model_028,measure,20.536243074746963,20.537309718783945,20.548235496971756,10.925778187811375,True,
4217,onnx_model_074,measure,20.559914566158675,20.560460143722594,20.571471144910902,11.011001188308,True,
4218,onnx_model_046,measure,20.57041039679635,20.57092690980062,20.584519407711923,13.592497911304235,True,
4219,onnx_model_052,measure,20.575278751432737,20.575709742028266,20.58673741389066,11.027671862393618,True,
4220,onnx_model_086,measure,20.588776781198934,20.589958026073873,20.600912168156356,10.954142082482576,True,
4221,onnx_model_037,measure,20.590443878722485,20.5914074908942,20.60256971884519,11.1622279509902,True,
4222,onnx_model_060,measure,20.590579407380936,20.591572193894535,20.60265202494338,11.079831048846245,True,
4223,onnx_model_021,measure,20.593245238227144,20.59410197287798,20.605150985065848,11.049012187868357,True,
4224,onnx_model_057,measure,20.604882660503435,20.6052591111511,20.616344152018428,11.085040867328644,True,
4225,onnx_model_012,measure,20.61241178730932,20.612738198135048,20.623926234897226,11.188036762177944,True,
4226,onnx_model_073,measure,20.614295931143737,20.615205427166075,20.62602881109342,10.823383927345276,True,
4227,onnx_model_036,measure,20.619214688529684,20.61956781009212,20.63050359673798,10.93578664585948,True,
4228,onnx_model_041,measure,20.622574259521343,20.62304245494306,20.634284635074437,11.24218013137579,True,
4229,onnx_model_058,measure,20.622795036293137,20.623205955140293,20.634237674996257,11.031719855964184,True,
4230,onnx_model_061,measure,20.623210270735555,20.62351250788197,20.634501587133855,10.989079251885414,True,
4231,onnx_model_071,measure,20.62729974140846,20.628272105939686,20.6391123207286,10.840214788913727,True,
4232,onnx_model_085,measure,20.630694368281052,20.631802105810493,20.64257974177599,10.777635965496302,True,
4233,onnx_model_080,measure,20.635467437942538,20.635738437995315,20.64652135502547,10.782917030155659,True,
4234,onnx_model_033,measure,20.64056532515423,20.641339945141226,20.652114445809275,10.774500668048859,True,
4235,onnx_model_020,measure,20.64434049860965,20.644832313992083,20.65578314010054,10.950826108455658,True,
4236,onnx_model_020,measure,20.647360704359556,20.64775394788012,20.65583517914638,8.081231266260147,True,
4237,onnx_model_041,measure,20.64797657042969,20.649198062717915,20.66049066791311,11.292605195194483,True,
4238,onnx_model_030,measure,20.659059526732353,20.66011560615152,20.671113891992718,10.998285841196775,True,
4239,onnx_model_019,measure,20.661289076211013,20.661737367976457,20.672768937889487,11.03156991302967,True,
4240,onnx_model_046,measure,20.663245303329088,20.664187115151435,20.674994648899883,10.807533748447895,True,
4241,onnx_model_048,measure,20.666176840767175,20.666648113168776,20.677665364928544,11.017251759767532,True,
4242,onnx_model_002,measure,20.688140126587445,20.688909138087183,20.69987140595913,10.962267871946096,True,
4243,onnx_model_037,measure,20.71076842397059,20.711104018148035,20.72222090885043,11.116890702396631,True,
4244,onnx_model_080,measure,20.716634460937936,20.717569977976382,20.728631584905088,11.06160692870617,True,
4245,onnx_model_027,measure,20.718549941228424,20.7190239620395,20.7299999659881,10.9760039485991,True,
4246,onnx_model_042,measure,20.735719753695744,20.736223886720836,20.74744100915268,11.217122431844473,True,
4247,onnx_model_042,measure,20.743430503754194,20.743737428914756,20.74755244096741,3.81501205265522,True,
4248,onnx_model_096,measure,20.745360817553905,20.74618413997814,20.757198506966233,11.014366988092661,True,
4249,onnx_model_009,measure,20.756432418727105,20.757294789887965,20.768375091720372,11.080301832407713,True,
4250,onnx_model_010,measure,20.75810725332315,20.758770355023444,20.769796764012426,11.026408988982439,True,
4251,onnx_model_038,measure,20.765771750507383,20.766223311889917,20.777234722860157,11.011410970240831,True,
4252,onnx_model_010,measure,20.774909771699388,20.776044310070574,20.787154698744416,11.110388673841953,True,
4253,onnx_model_075,measure,20.776711867296914,20.77733091590926,20.788387552835047,11.056636925786734,True,
4254,onnx_model_045,measure,20.778630164559075,20.779775102157146,20.790858308784664,11.083206627517939,True,
4255,onnx_model_099,measure,20.785281215060383,20.78623751597479,20.797658344730735,11.420828755944967,True,
4256,onnx_model_093,measure,20.78580197638122,20.7865206040442,20.798117198050022,11.596594005823135,True,
4257,onnx_model_023,measure,20.79093767257139,20.792100240010768,20.80315572489053,11.055484879761934,True,
4258,onnx_model_020,measure,20.796983857168012,20.79776505799964,20.808841412886977,11.076354887336493,True,
4259,onnx_model_093,measure,20.798114624337188,20.798267954029143,20.809190375730395,10.92242170125246,True,
4260,onnx_model_086,measure,20.800735690583178,20.80173076596111,20.812697823159397,10.967057198286057,True,
4261,onnx_model_010,measure,20.80489075698449,20.805381164886057,20.816358781885356,10.977616999298334,True,
4262,onnx_model_013,measure,20.809056073024713,20.809322948101908,20.820355039089918,11.032090988010168,True,
4263,onnx_model_012,measure,20.814087651935846,20.814922832883894,20.825865753926337,10.942921042442322,True,
4264,onnx_model_069,measure,20.827222797301662,20.828087215777487,20.839036218822002,10.949003044515848,True,
4265,onnx_model_079,measure,20.831206431264057,20.831533366814256,20.842693600803614,11.160233989357948,True,
4266,onnx_model_019,measure,20.833063866238515,20.833994444925338,20.84483538195491,10.840937029570341,True,
4267,onnx_model_028,measure,20.84128056429557,20.842262782156467,20.853343384806067,11.080602649599314,True,
4268,onnx_model_051,measure,20.84738955321074,20.848058057948947,20.859049731865525,10.991673916578293,True,
4269,onnx_model_071,measure,20.851224876488185,20.851508596912026,20.862472076900303,10.963479988276958,True,
4270,onnx_model_040,measure,20.85205000102295,20.852962961886078,20.86394844390452,10.985482018440962,True,
4271,onnx_model_039,measure,20.85977504608388,20.860267305746675,20.87119377590716,10.926470160484314,True,
4272,onnx_model_010,measure,20.866982198830193,20.8682133811526,20.879222407005727,11.009025853127241,True,
4273,onnx_model_074,measure,20.873835896763605,20.874416982755065,20.88539892807603,10.98194532096386,True,
4274,onnx_model_031,measure,20.875231002885403,20.87587041594088,20.88684666994959,10.976254008710384,True,
4275,onnx_model_073,measure,20.876615350458973,20.87730111507699,20.888253815006465,10.952699929475784,True,
4276,onnx_model_007,measure,20.884961714871935,20.885493176989257,20.896503566764295,11.010389775037766,True,
4277,onnx_model_062,measure,20.894264506549504,20.895480100996792,20.906381502747536,10.90140175074339,True,
4278,onnx_model_083,measure,20.908549531544278,20.90963926585391,20.92066845111549,11.029185261577368,True,
4279,onnx_model_054,measure,20.91898339820187,20.92012919485569,20.93122542789206,11.096233036369085,True,
4280,onnx_model_005,measure,20.92089246170891,20.9219341869466,20.9329389850609,11.004798114299774,True,
4281,onnx_model_002,measure,20.925611662328592,20.926406999118626,20.937314692884684,10.907693766057491,True,
4282,onnx_model_063,measure,20.940056958336317,20.94054831005633,20.951741866767406,11.19355671107769,True,
4283,onnx_model_096,measure,20.940279269402478,20.940737930126488,20.951860181987286,11.122251860797405,True,
4284,onnx_model_075,measure,20.942032300482055,20.942266795784235,20.95325647573918,10.989679954946041,True,
4285,onnx_model_021,measure,20.94799137675757,20.948820514138788,20.959874365944415,11.053851805627346,True,
4286,onnx_model_058,measure,20.953083833988895,20.95335529372096,20.96440714178607,11.05184806510806,True,
4287,onnx_model_021,measure,20.9545030690641,20.954806972760707,20.95998899405822,5.182021297514439,True,
4288,onnx_model_095,measure,20.95457910986719,20.954976085107774,20.966272527817637,11.296442709863186,True,
4289,onnx_model_067,measure,20.95600414969235,20.956495973747224,20.967305521015078,10.809547267854214,True,
4290,onnx_model_085,measure,20.95794269111182,20.95895735314116,20.970263354014605,11.306000873446465,True,
4291,onnx_model_051,measure,20.961711833192535,20.962217900902033,20.97297547897324,10.757578071206808,True,
4292,onnx_model_075,measure,20.96233433145641,20.962591339834034,20.97341542504728,10.824085213243961,True,
4293,onnx_model_060,measure,20.965012547747296,20.96566466195509,20.97669353708625,11.02887513116002,True,
4294,onnx_model_002,measure,20.965049390560758,20.96583583811298,20.97680586995557,10.970031842589378,True,
4295,onnx_model_024,measure,20.96882571071109,20.969532624818385,20.98030313802883,10.770513210445642,True,
4296,onnx_model_055,measure,20.969508426764516,20.969947243109345,20.980657551903278,10.7103087939322,True,
4297,onnx_model_006,measure,20.973436769323854,20.974651765078306,20.985393634065986,10.741868987679482,True,
4298,onnx_model_026,measure,20.986819636065675,20.98763318080455,20.998517831787467,10.884650982916355,True,
4299,onnx_model_063,measure,20.99927275358308,20.999776052776724,21.01067519094795,10.899138171225786,True,
4300,onnx_model_075,measure,21.00230154103459,21.003229337744415,21.01400376809761,10.774430353194475,True,
4301,onnx_model_008,measure,21.009760515683077,21.010774369817227,21.021522890776396,10.748520959168673,True,
4302,onnx_model_050,measure,21.016166356940825,21.017229340039194,21.02800288889557,10.773548856377602,True,
4303,onnx_model_016,measure,21.025108947167357,21.025763642042875,21.036520789843053,10.757147800177336,True,
4304,onnx_model_063,measure,21.03195419095129,21.03222779976204,21.043125554919243,10.897755157202482,True,
4305,onnx_model_018,measure,21.03961541100127,21.040762212127447,21.051800083834678,11.037871707230806,True,
4306,onnx_model_033,measure,21.04015883329138,21.04092754703015,21.05185233289376,10.924785863608122,True,
4307,onnx_model_024,measure,21.041621781764544,21.042451323010027,21.053233528975397,10.78220596536994,True,
4308,onnx_model_078,measure,21.053243410108855,21.054456933867186,21.065141934901476,10.685001034289598,True,
4309,onnx_model_043,measure,21.058238347932583,21.05898961983621,21.069765192922205,10.775573085993528,True,
4310,onnx_model_037,measure,21.063605620877297,21.064340161159635,21.07495519798249,10.615036822855473,True,
4311,onnx_model_021,measure,21.079416926455227,21.08010507794097,21.09092761995271,10.822542011737823,True,
4312,onnx_model_021,measure,21.085336685377477,21.086395574733615,21.09102748008445,4.631905350834131,True,
4313,onnx_model_065,measure,21.09014679460692,21.090698153711855,21.101565551012754,10.867397300899029,True,
4314,onnx_model_049,measure,21.10488622314993,21.105724186170846,21.116585933137685,10.861746966838837,True,
4315,onnx_model_047,measure,21.10642194615508,21.107015480753034,21.117841789964586,10.826309211552143,True,
4316,onnx_model_030,measure,21.109051986470245,21.109298590105027,21.120085714850575,10.787124745547771,True,
4317,onnx_model_041,measure,21.111106689198248,21.111581519711763,21.122400344815105,10.818825103342533,True,
4318,onnx_model_051,measure,21.1137231521851,21.11487364815548,21.12575744697824,10.883798822760582,True,
4319,onnx_model_098,measure,21.12087292619546,21.12126997578889,21.132248856127262,10.9788803383708,True,
4320,onnx_model_031,measure,21.121599614429694,21.12247577914968,21.133451922796667,10.976143646985292,True,
4321,onnx_model_022,measure,21.122437319375322,21.122782071121037,21.133818979840726,11.036908719688654,True,
4322,onnx_model_085,measure,21.122670722100864,21.122911537066102,21.134285396896303,11.373859830200672,True,
4323,onnx_model_003,measure,21.130192420252794,21.130983620882034,21.1420392957516,11.055674869567156,True,
4324,onnx_model_004,measure,21.133653638009143,21.133937034755945,21.14487425517291,10.9372204169631,True,
4325,onnx_model_084,measure,21.151152810100466,21.15210061101243,21.163252930156887,11.152319144457579,True,
4326,onnx_model_052,measure,21.154185187649233,21.15455782180652,21.16544597875327,10.888156946748495,True,
4327,onnx_model_031,measure,21.159112597966818,21.160042718052864,21.170944099780172,10.901381727308035,True,
4328,onnx_model_090,measure,21.161987942942208,21.162492083851248,21.173671724740416,11.179640889167786,True,
4329,onnx_model_031,measure,21.168617814568613,21.169686188921332,21.1709908391349,1.3046502135694027,True,
4330,onnx_model_025,measure,21.172237770718002,21.173217240720987,21.183992012869567,10.774772148579359,True,
4331,onnx_model_011,measure,21.173251506489187,21.173770311754197,21.184547989163548,10.777677409350872,True,
4332,onnx_model_086,measure,21.18067301410247,21.18121610581875,21.191938346717507,10.722240898758173,True,
4333,onnx_model_063,measure,21.181174036201902,21.181578293908387,21.192326656077057,10.7483621686697,True,
4334,onnx_model_097,measure,21.185932806962995,21.186786023899913,21.197988478001207,11.202454101294279,True,
4335,onnx_model_021,measure,21.186201922813183,21.18695498490706,21.198037720751017,11.08273584395647,True,
4336,onnx_model_082,measure,21.18634422444457,21.187104648910463,21.198070954997092,10.96630608662963,True,
4337,onnx_model_089,measure,21.190013763196603,21.190726663917303,21.201535270083696,10.808606166392565,True,
4338,onnx_model_001,measure,21.198594171168445,21.199322203174233,21.21009009098634,10.767887812107801,True,
4339,onnx_model_057,measure,21.202260665971316,21.20276534790173,21.213551891967654,10.786544065922499,True,
4340,onnx_model_014,measure,21.202731740220607,21.203129740897566,21.214090195018798,10.960454121232033,True,
4341,onnx_model_098,measure,21.20584923633129,21.206563969142735,21.217285539023578,10.721569880843163,True,
4342,onnx_model_070,measure,21.208231043750953,21.20903308177367,21.219911189749837,10.878107976168394,True,
4343,onnx_model_022,measure,21.213145289572825,21.21367204003036,21.224600153043866,10.928113013505936,True,
4344,onnx_model_084,measure,21.215399987914854,21.216319371946156,21.226987331174314,10.667959228157997,True,
4345,onnx_model_022,measure,21.21850595372744,21.219514776021242,21.22466470580548,5.1499297842383385,True,
4346,onnx_model_024,measure,21.22092011274836,21.221136088017374,21.23196235811338,10.82627009600401,True,
4347,onnx_model_079,measure,21.222305110141335,21.22257298976183,21.233562760055065,10.989770293235779,True,
4348,onnx_model_070,measure,21.230005535094275,21.23023258894682,21.24108985811472,10.857269167900085,True,
4349,onnx_model_044,measure,21.232424204217846,21.233184029813856,21.24405058613047,10.866556316614151,True,
4350,onnx_model_018,measure,21.234736940400254,21.235784772783518,21.247009810991585,11.225038208067417,True,
4351,onnx_model_097,measure,21.23510939283145,21.235983421094716,21.24769930075854,11.715879663825035,True,
4352,onnx_model_090,measure,21.243923904877082,21.24418345792219,21.25501935603097,10.835898108780384,True,
4353,onnx_model_085,measure,21.246775679590968,21.247106533963233,21.258317505009472,11.210971046239138,True,
4354,onnx_model_026,measure,21.24685327476165,21.247266088146716,21.25836916314438,11.103074997663498,True,
4355,onnx_model_099,measure,21.24840067449579,21.248928708024323,21.259808199014515,10.879490990191698,True,
4356,onnx_model_041,measure,21.257777596170115,21.258498499169946,21.269486364908516,10.98786573857069,True,
4357,onnx_model_004,measure,21.259817931179736,21.259972780942917,21.270887538790703,10.91475784778595,True,
4358,onnx_model_095,measure,21.262026321216972,21.262446844018996,21.273355619981885,10.908775962889194,True,
4359,onnx_model_081,measure,21.264067324212018,21.26491432497278,21.275783616118133,10.86929114535451,True,
4360,onnx_model_015,measure,21.26526756252255,21.266379109118134,21.277359751984477,10.98064286634326,True,
4361,onnx_model_039,measure,21.266688851476054,21.26787826884538,21.278809637762606,10.931368917226791,True,
4362,onnx_model_053,measure,21.267050537452935,21.268046578858048,21.278929375112057,10.882796254009008,True,
4363,onnx_model_046,measure,21.27081821265753,21.271043695975095,21.281860697083175,10.817001108080149,True,
4364,onnx_model_055,measure,21.272520690735586,21.27345255482942,21.28451531380415,11.062758974730968,True,
4365,onnx_model_035,measure,21.272928362721558,21.273631734773517,21.28465555002913,11.023815255612135,True,
4366,onnx_model_072,measure,21.288086199909223,21.288883225992322,21.29980493709445,10.921711102128029,True,
4367,onnx_model_064,measure,21.29265957050938,21.29333970695734,21.30425932398066,10.919617023319006,True,
4368,onnx_model_055,measure,21.29721106286145,21.297789625823498,21.308909113053232,11.11948722973466,True,
4369,onnx_model_024,measure,21.29766125782618,21.29795917775482,21.30906892614439,11.109748389571905,True,
4370,onnx_model_099,measure,21.307860285096595,21.308481390122324,21.319699823856354,11.218433734029531,True,
4371,onnx_model_036,measure,21.317513334138063,21.31929623708129,21.33029773971066,11.001502629369497,True,
4372,onnx_model_060,measure,21.322390024408218,21.322930915746838,21.333923020865768,10.99210511893034,True,
4373,onnx_model_025,measure,21.333502323755397,21.334041766822338,21.345447356812656,11.405589990317822,True,
4374,onnx_model_042,measure,21.335480798487804,21.336547038983554,21.34750937577337,10.962336789816618,True,
4375,onnx_model_043,measure,21.344705405586406,21.345066622830927,21.356134040746838,11.067417915910482,True,
4376,onnx_model_088,measure,21.346673834512885,21.347625366877764,21.35844704695046,10.821680072695017,True,
4377,onnx_model_024,measure,21.353113178854347,21.354080616962165,21.364970888011158,10.890271048992872,True,
4378,onnx_model_076,measure,21.358673558610885,21.35973294172436,21.37068769475445,10.954753030091524,True,
4379,onnx_model_002,measure,21.362152136410447,21.363200954161584,21.374196163844317,10.99520968273282,True,
4380,onnx_model_071,measure,21.371361014716683,21.37190750380978,21.38294834084809,11.040837038308382,True,
4381,onnx_model_091,measure,21.37692439621031,21.377477250993252,21.388450789730996,10.973538737744093,True,
4382,onnx_model_040,measure,21.382097852913233,21.383051928132772,21.394075722899288,11.023794766515493,True,
4383,onnx_model_061,measure,21.39011509722214,21.390697851777077,21.401715404819697,11.01755304262042,True,
4384,onnx_model_069,measure,21.39499593529985,21.395301351789385,21.406257348135114,10.955996345728636,True,
4385,onnx_model_026,measure,21.401326827979783,21.401813741773367,21.41281282901764,10.999087244272232,True,
4386,onnx_model_060,measure,21.403581086368444,21.404267735779285,21.41525534214452,10.98760636523366,True,
4387,onnx_model_008,measure,21.406568010073048,21.40750039089471,21.41847021272406,10.969821829348803,True,
4388,onnx_model_029,measure,21.421307471064697,21.421724650077522,21.432733655907214,11.009005829691887,True,
4389,onnx_model_079,measure,21.422748003772416,21.423174045048654,21.434347874019295,11.173828970640898,True,
4390,onnx_model_055,measure,21.429377767305294,21.429627201054245,21.440983457956463,11.356256902217865,True,
4391,onnx_model_057,measure,21.4329367653937,21.43395838374272,21.444916354026645,10.957970283925533,True,
4392,onnx_model_071,measure,21.43938192657013,21.440575011074543,21.451642720028758,11.06770895421505,True,
4393,onnx_model_093,measure,21.449784279627103,21.450150883756578,21.46115525206551,11.00436830893159,True,
4394,onnx_model_085,measure,21.461319854532885,21.46238386677578,21.473468577954918,11.08471117913723,True,
4395,onnx_model_089,measure,21.46775054175431,21.468866580165923,21.480029448866844,11.162868700921535,True,
4396,onnx_model_000,measure,21.470476871149636,21.471309763845056,21.482280909083784,10.971145238727331,True,
4397,onnx_model_081,measure,21.471967827592717,21.472756314091384,21.483742335811257,10.986021719872952,True,
4398,onnx_model_043,measure,21.477592734539186,21.478712474927306,21.48966723913327,10.95476420596242,True,
4399,onnx_model_000,measure,21.495573558293337,21.495905216783285,21.507004554849118,11.099338065832853,True,
4400,onnx_model_056,measure,21.50081989225414,21.501351369079202,21.51248018303886,11.128813959658146,True,
4401,onnx_model_006,measure,21.511014679298807,21.511302064172924,21.522490340750664,11.188276577740908,True,
4402,onnx_model_033,measure,21.511511631940166,21.511729085817933,21.522892775945365,11.163690127432346,True,
4403,onnx_model_025,measure,21.51702036647769,21.517798683140427,21.52881921082735,11.020527686923742,True,
4404,onnx_model_001,measure,21.529546166250228,21.530098482966423,21.541229080874473,11.130597908049822,True,
4405,onnx_model_069,measure,21.54134353087419,21.54253025399521,21.55365892779082,11.128673795610666,True,
4406,onnx_model_036,measure,21.54629366754395,21.547092786990106,21.558131449855864,11.038662865757942,True,
4407,onnx_model_067,measure,21.554728292680956,21.555964550934732,21.567053368780762,11.088817846029997,True,
4408,onnx_model_081,measure,21.556409029378052,21.557513935957104,21.568590281065553,11.076345108449459,True,
4409,onnx_model_077,measure,21.562520468909632,21.56337041873485,21.574495575856417,11.125157121568918,True,
4410,onnx_model_092,measure,21.564370762166195,21.564866792876273,21.57592539396137,11.058601085096598,True,
4411,onnx_model_010,measure,21.565731074500867,21.56630800291896,21.577429983764887,11.121980845928192,True,
4412,onnx_model_088,measure,21.56811884655665,21.56871060980484,21.579815638717264,11.105028912425041,True,
4413,onnx_model_012,measure,21.56863139815233,21.569076856132597,21.58008464006707,11.007783934473991,True,
4414,onnx_model_058,measure,21.569098472379732,21.569423635024577,21.580427281092852,11.003646068274975,True,
4415,onnx_model_058,measure,21.575535484942044,21.576021627057344,21.58054216997698,4.520542919635773,True,
4416,onnx_model_062,measure,21.58662882033743,21.587771541904658,21.599127057008445,11.355515103787184,True,
4417,onnx_model_068,measure,21.58682783289056,21.58793856902048,21.599080538842827,11.141969822347164,True,
4418,onnx_model_018,measure,21.592631797203047,21.593462869990617,21.604513416066766,11.050546076148748,True,
4419,onnx_model_093,measure,21.59539647428069,21.59593230392784,21.608140130061656,12.207826133817434,True,
4420,onnx_model_086,measure,21.59540114284232,21.596096116118133,21.607054566033185,10.95844991505146,True,
4421,onnx_model_019,measure,21.60955765188226,21.610364176798612,21.621655008755624,11.290831957012415,True,
4422,onnx_model_094,measure,21.609662257222084,21.610529781784862,21.6217006361112,11.170854326337576,True,
4423,onnx_model_073,measure,21.61080459335079,21.61098262295127,21.621917457785457,10.934834834188223,True,
4424,onnx_model_018,measure,21.62963120093487,21.630159414839,21.6414624908939,11.303076054900885,True,
4425,onnx_model_005,measure,21.638716532594938,21.64063247293234,21.65190412895754,11.271656025201082,True,
4426,onnx_model_078,measure,21.6391304753766,21.64080103393644,21.652451780159026,11.65074622258544,True,
4427,onnx_model_072,measure,21.64014086884051,21.64094318402931,21.652496084105223,11.552900075912476,True,
4428,onnx_model_040,measure,21.644549778243288,21.645707449875772,21.656718520913273,11.011071037501097,True,
4429,onnx_model_021,measure,21.645927758252235,21.64714889973402,21.658210997935385,11.062098201364279,True,
4430,onnx_model_042,measure,21.646788949837493,21.647313232067972,21.65833818912506,11.024957057088614,True,
4431,onnx_model_092,measure,21.64706861704935,21.64774688705802,21.65870790183544,10.961014777421951,True,
4432,onnx_model_035,measure,21.65130995082578,21.652020399924368,21.663122593890876,11.102193966507912,True,
4433,onnx_model_049,measure,21.651959481445328,21.652585314121097,21.663724567741156,11.139253620058298,True,
4434,onnx_model_027,measure,21.65448259840366,21.65506996680051,21.66592179471627,10.851827915757895,True,
4435,onnx_model_047,measure,21.658648601781643,21.65885563287884,21.670147256925702,11.291624046862125,True,
4436,onnx_model_050,measure,21.668334087343528,21.669146865140647,21.6803320357576,11.185170616954565,True,
4437,onnx_model_075,measure,21.66855588216507,21.669309224002063,21.680439771153033,11.130547150969505,True,
4438,onnx_model_095,measure,21.66930364973419,21.66976484982297,21.68078417610377,11.019326280802488,True,
4439,onnx_model_083,measure,21.670327354736493,21.67137066181749,21.682232309132814,10.861647315323353,True,
4440,onnx_model_027,measure,21.68528694590034,21.686468861997128,21.69749585306272,11.026991065591574,True,
4441,onnx_model_084,measure,21.690208228229892,21.690934651065618,21.702033848967403,11.099197901785374,True,
4442,onnx_model_031,measure,21.691838528131484,21.692368014715612,21.703188193030655,10.82017831504345,True,
4443,onnx_model_077,measure,21.694745193088895,21.695813804864883,21.706830176059157,11.016371194273233,True,
4444,onnx_model_034,measure,21.70449502540812,21.705409075133502,21.716434571892023,11.025496758520603,True,
4445,onnx_model_011,measure,21.711680785504896,21.7120611788705,21.723027394153178,10.966215282678604,True,
4446,onnx_model_082,measure,21.715665585517833,21.7165310960263,21.727555872872472,11.024776846170425,True,
4447,onnx_model_033,measure,21.754155008881828,21.754775783978403,21.765903886873275,11.128102894872427,True,
4448,onnx_model_019,measure,21.76050010690724,21.76128508709371,21.77239298215136,11.10789505764842,True,
4449,onnx_model_059,measure,21.761287080791703,21.761708863079548,21.772744990885258,11.036127805709839,True,
4450,onnx_model_094,measure,21.76379830828095,21.76421970501542,21.775165631901473,10.945926886051893,True,
4451,onnx_model_001,measure,21.769036887846188,21.770209280773997,21.78121923888102,11.009958107024431,True,
4452,onnx_model_022,measure,21.78020610870607,21.781326964031905,21.792646119836718,11.319155804812908,True,
4453,onnx_model_072,measure,21.780396827614997,21.78150920011103,21.7927706069313,11.261406820267439,True,
4454,onnx_model_005,measure,21.782792343084118,21.78306930605322,21.794091157149523,11.021851096302271,True,
4455,onnx_model_055,measure,21.790908199613014,21.79152648197487,21.802637782879174,11.11130090430379,True,
4456,onnx_model_077,measure,21.805517665898506,21.80586610874161,21.81688920315355,11.023094411939383,True,
4457,onnx_model_060,measure,21.80746588719049,21.80831960309297,21.819387331139296,11.06772804632783,True,
4458,onnx_model_054,measure,21.834947063080218,21.835700280033052,21.846857869066298,11.15758903324604,True,
4459,onnx_model_034,measure,21.839098149742366,21.84025653079152,21.851393761113286,11.137230321764946,True,
4460,onnx_model_032,measure,21.844392310505715,21.844836126081645,21.855904275085777,11.068149004131556,True,
4461,onnx_model_026,measure,21.847019711271923,21.84815920284018,21.859270404092968,11.111201252788305,True,
4462,onnx_model_033,measure,21.849018645611572,21.849714087788016,21.860789160709828,11.075072921812534,True,
4463,onnx_model_079,measure,21.849925245382185,21.85012408811599,21.861008508130908,10.88442001491785,True,
4464,onnx_model_085,measure,21.857274428631538,21.858145255129784,21.869219895917922,11.074640788137913,True,
4465,onnx_model_008,measure,21.867719167002107,21.868251685984433,21.87930004671216,11.048360727727413,True,
4466,onnx_model_025,measure,21.877155460396263,21.877445792779326,21.88851067610085,11.064883321523666,True,
4467,onnx_model_083,measure,21.88316557093021,21.883533955086023,21.894572728779167,11.038773693144321,True,
4468,onnx_model_004,measure,21.88400666325833,21.885057971812785,21.896376166958362,11.318195145577192,True,
4469,onnx_model_029,measure,21.88425104807667,21.885227715130895,21.896430399734527,11.202684603631496,True,
4470,onnx_model_047,measure,21.884798284812643,21.88537627691403,21.89651732472703,11.141047812998295,True,
4471,onnx_model_088,measure,21.884953933094213,21.885926933959126,21.89697032608092,11.04339212179184,True,
4472,onnx_model_005,measure,21.886560069817474,21.887364245951176,21.898277239874005,10.912993922829628,True,
4473,onnx_model_033,measure,21.891065705385955,21.89174948213622,21.902702081017196,10.952598880976439,True,
4474,onnx_model_063,measure,21.906834054092652,21.90794314397499,21.91909196600318,11.148822028189898,True,
4475,onnx_model_007,measure,21.90851650629682,21.9093895428814,21.920317586045712,10.92804316431284,True,
4476,onnx_model_003,measure,21.912028481335533,21.91283760778606,21.923722507897764,10.884900111705065,True,
4477,onnx_model_048,measure,21.91658177018095,21.91726976307109,21.92826896114275,10.999198071658611,True,
4478,onnx_model_083,measure,21.91804971313589,21.918710520956665,21.929644415155053,10.933894198387861,True,
4479,onnx_model_080,measure,21.92544558996175,21.925943940877914,21.93697927799076,11.03533711284399,True,
4480,onnx_model_049,measure,21.930219452917022,21.93089503189549,21.94206182891503,11.166797019541264,True,
4481,onnx_model_040,measure,21.937754691612955,21.93819823488593,21.949224433861673,11.026198975741863,True,
4482,onnx_model_048,measure,21.940932938147558,21.94167226785794,21.9526751129888,11.002845130860806,True,
4483,onnx_model_036,measure,21.942309481348758,21.94327904190868,21.95434564910829,11.06660719960928,True,
4484,onnx_model_061,measure,21.947529458071937,21.94872299116105,21.9599609230645,11.237931903451681,True,
4485,onnx_model_012,measure,21.952785142134864,21.953928125090897,21.965132473036647,11.20434794574976,True,
4486,onnx_model_062,measure,21.958991201263878,21.959567544981837,21.97082013403997,11.25258905813098,True,
4487,onnx_model_044,measure,21.96171151744443,21.962183667812496,21.97311283275485,10.929164942353964,True,
4488,onnx_model_093,measure,21.96331320890317,21.9636265700683,21.974479018710554,10.852448642253876,True,
4489,onnx_model_074,measure,21.964826947479995,21.96523948572576,21.976256988942623,11.017503216862679,True,
4490,onnx_model_017,measure,21.966136424739794,21.96671592304483,21.977887868881226,11.171945836395025,True,
4491,onnx_model_027,measure,21.96801398249018,21.969163635745645,21.980828147847205,11.664512101560831,True,
4492,onnx_model_041,measure,21.96808045954737,21.969325793907046,21.980789003893733,11.463209986686707,True,
4493,onnx_model_042,measure,21.968214446881923,21.96947048883885,21.980969396885484,11.498908046633005,True,
4494,onnx_model_073,measure,21.968800910987607,21.969629431143403,21.981025172863156,11.39574171975255,True,
4495,onnx_model_070,measure,21.970135853653364,21.970394605770707,21.981406366918236,11.011761147528887,True,
4496,onnx_model_079,measure,21.975822382316434,21.976355455815792,21.9873061417602,10.950685944408178,True,
4497,onnx_model_073,measure,21.981361100726314,21.981553747784346,21.992662372998893,11.108625214546919,True,
4498,onnx_model_039,measure,21.98569001920427,21.98601733194664,21.996954241767526,10.936909820884466,True,
4499,onnx_model_061,measure,21.988070586623465,21.988526911940426,21.999436820857227,10.909908916801214,True,
4500,onnx_model_072,measure,21.994692292490406,21.995884597767144,22.006990760099143,11.106162331998348,True,
4501,onnx_model_052,measure,21.996656072060233,21.997048831079155,22.007890079170465,10.841248091310263,True,
4502,onnx_model_098,measure,22.003868481372724,22.004682351835072,22.015865869820118,11.18351798504591,True,
4503,onnx_model_039,measure,22.00415592019141,22.00484557216987,22.01597790280357,11.132330633699894,True,
4504,onnx_model_067,measure,22.005172335930446,22.006362274754792,22.0173677848652,11.005510110408068,True,
4505,onnx_model_066,measure,22.00621206011979,22.006525354925543,22.017485518939793,10.96016401425004,True,
4506,onnx_model_044,measure,22.01101222944345,22.01212415797636,22.023338004015386,11.213846039026976,True,
4507,onnx_model_005,measure,22.0128616291009,22.013560427818447,22.02448055613786,10.92012831941247,True,
4508,onnx_model_046,measure,22.022055670518494,22.022722945082933,22.03381094103679,11.087995953857899,True,
4509,onnx_model_027,measure,22.02250013451238,22.022888008039445,22.03394326288253,11.055254843086004,True,
4510,onnx_model_079,measure,22.02752645803778,22.028735322877765,22.03963623382151,10.900910943746567,True,
4511,onnx_model_003,measure,22.029347365826627,22.03017588192597,22.041066273115575,10.890391189604998,True,
4512,onnx_model_065,measure,22.034046594314223,22.035163351800293,22.046079902909696,10.916551109403372,True,
4513,onnx_model_080,measure,22.036779415205928,22.03760065510869,22.04864823492244,11.047579813748598,True,
4514,onnx_model_087,measure,22.049480259482166,22.049865748733282,22.061133067123592,11.26731839030981,True,
4515,onnx_model_040,measure,22.05317789951017,22.054307161830366,22.065366914961487,11.059753131121397,True,
4516,onnx_model_059,measure,22.059918303049994,22.06078545609489,22.07174653187394,10.961075779050589,True,
4517,onnx_model_048,measure,22.06418778596703,22.065459941979498,22.07648188294843,11.021940968930721,True,
4518,onnx_model_020,measure,22.06719516899418,22.067916580941528,22.079012513160706,11.095932219177485,True,
4519,onnx_model_055,measure,22.08215724967022,22.08324953680858,22.09429232776165,11.042790953069925,True,
4520,onnx_model_066,measure,22.083844997319034,22.08472139481455,22.095734398812056,11.013003997504711,True,
4521,onnx_model_014,measure,22.086004685511924,22.087174587883055,22.098352937027812,11.178349144756794,True,
4522,onnx_model_007,measure,22.0900369314701,22.090623904950917,22.10161947598681,10.995571035891771,True,
4523,onnx_model_096,measure,22.091082786204346,22.09208725579083,22.103100181091577,11.012925300747156,True,
4524,onnx_model_028,measure,22.09753961902278,22.097972203046083,22.109063134994358,11.090931948274374,True,
4525,onnx_model_033,measure,22.101023423770638,22.101716510020196,22.11264780908823,10.931299068033695,True,
4526,onnx_model_050,measure,22.11361991734836,22.11388505110517,22.124971684999764,11.086633894592524,True,
4527,onnx_model_050,measure,22.115798932610037,22.116330109070987,22.125089328736067,8.759219665080309,True,
4528,onnx_model_096,measure,22.144453909695887,22.145347686950117,22.157377794850618,12.030107900500298,True,
4529,onnx_model_071,measure,22.145124731540484,22.145533409900963,22.15750823309645,11.97482319548726,True,
4530,onnx_model_012,measure,22.154667498460707,22.156070480123162,22.167682683095336,11.61220297217369,True,
4531,onnx_model_043,measure,22.160543041376116,22.16175197996199,22.173016912769526,11.264932807534933,True,
4532,onnx_model_090,measure,22.16147222536772,22.161913726944476,22.173185714054853,11.271987110376358,True,
4533,onnx_model_090,measure,22.162791943539574,22.1634167637676,22.17322405707091,9.807293303310871,True,
4534,onnx_model_039,measure,22.1713814404314,22.17190696299076,22.18293326208368,11.026299092918634,True,
4535,onnx_model_067,measure,22.172963739655103,22.173350226134062,22.184304899070412,10.954672936350107,True,
4536,onnx_model_005,measure,22.174813467245563,22.175791626796126,22.186752731911838,10.961105115711689,True,
4537,onnx_model_072,measure,22.19311639116057,22.19399115210399,22.20507197501138,11.08082290738821,True,
4538,onnx_model_001,measure,22.211237486811502,22.21229706890881,22.223328517749906,11.03144884109497,True,
4539,onnx_model_034,measure,22.21464957125082,22.215756143908948,22.226818121038377,11.061977129429579,True,
4540,onnx_model_089,measure,22.225165706525992,22.225648288149387,22.236595927737653,10.947639588266611,True,
4541,onnx_model_005,measure,22.225624770258513,22.22605692408979,22.23707882501185,11.021900922060013,True,
4542,onnx_model_048,measure,22.227324671310964,22.228051535785198,22.23905899003148,11.007454246282578,True,
4543,onnx_model_079,measure,22.232444785505585,22.233506484888494,22.24455159995705,11.045115068554878,True,
4544,onnx_model_001,measure,22.257863751822022,22.258777752052993,22.269870036747307,11.092284694314003,True,
4545,onnx_model_008,measure,22.26734782131018,22.269296335987747,22.280478812754154,11.18247676640749,True,
4546,onnx_model_088,measure,22.271216028660085,22.272172363009304,22.283303142059594,11.130779050290585,True,
4547,onnx_model_094,measure,22.29441235527664,22.295642566867173,22.306772714015096,11.130147147923708,True,
4548,onnx_model_029,measure,22.302468431664472,22.3031844929792,22.31432635197416,11.141858994960785,True,
4549,onnx_model_096,measure,22.30431896066677,22.304736983962357,22.315803721081465,11.066737119108438,True,
4550,onnx_model_021,measure,22.309703802184696,22.310076263733208,22.321136347018182,11.060083284974098,True,
4551,onnx_model_051,measure,22.317029151139156,22.318109823856503,22.329208211041987,11.098387185484171,True,
4552,onnx_model_030,measure,22.322781958096293,22.32344854203984,22.334917552769184,11.469010729342699,True,
4553,onnx_model_081,measure,22.323070439802617,22.323654192965478,22.3348012319766,11.147039011120796,True,
4554,onnx_model_043,measure,22.327036931053957,22.32826343504712,22.339233757928014,10.970322880893946,True,
4555,onnx_model_035,measure,22.32958162473808,22.330508993007243,22.341535282786936,11.026289779692888,True,
4556,onnx_model_063,measure,22.330579991738354,22.330925344955176,22.341882993932813,10.957648977637291,True,
4557,onnx_model_085,measure,22.331424196584308,22.332365632988513,22.343512101098895,11.146468110382557,True,
4558,onnx_model_092,measure,22.332463360512186,22.332742459140718,22.343686662148684,10.94420300796628,True,
4559,onnx_model_029,measure,22.332825427061195,22.33309158310294,22.344004617072642,10.913033969700336,True,
4560,onnx_model_066,measure,22.340246335281684,22.340479276143014,22.351468313951045,10.989037808030844,True,
4561,onnx_model_073,measure,22.34234761764552,22.34312051581219,22.354143478907645,11.022963095456362,True,
4562,onnx_model_012,measure,22.3477301476558,22.34822805505246,22.359303107019514,11.075051967054605,True,
4563,onnx_model_084,measure,22.352067556796577,22.35272534377873,22.36372570414096,11.000360362231731,True,
4564,onnx_model_045,measure,22.358687331984843,22.359398137778044,22.37032699212432,10.92885434627533,True,
4565,onnx_model_062,measure,22.360854572743968,22.36185840377584,22.37295729201287,11.098888237029314,True,
4566,onnx_model_084,measure,22.36571028733945,22.365948338992894,22.376894887071103,10.946548078209162,True,
4567,onnx_model_026,measure,22.366517301058487,22.3674123310484,22.378489247057587,11.076916009187698,True,
4568,onnx_model_065,measure,22.371806586213314,22.372550518717617,22.383479413110763,10.928894393146038,True,
4569,onnx_model_059,measure,22.374582630627724,22.375178313814104,22.38611338008195,10.935066267848015,True,
4570,onnx_model_055,measure,22.377290173690483,22.378110968042165,22.38900505611673,10.894088074564934,True,
4571,onnx_model_046,measure,22.379038330781796,22.379716409835964,22.39065378997475,10.937380138784647,True,
4572,onnx_model_012,measure,22.380758554092186,22.381147930864245,22.39207635493949,10.928424075245857,True,
4573,onnx_model_069,measure,22.38602278078168,22.38625100115314,22.397058284841478,10.80728368833661,True,
4574,onnx_model_057,measure,22.386453544395618,22.38663060311228,22.39771968172863,11.08907861635089,True,
4575,onnx_model_058,measure,22.386464102674093,22.38679794082418,22.397771180141717,10.973239317536354,True,
4576,onnx_model_077,measure,22.39007887761794,22.39074946194887,22.401784689165652,11.035227216780186,True,
4577,onnx_model_077,measure,22.39186165802553,22.392171615734696,22.40182320214808,9.651586413383484,True,
4578,onnx_model_021,measure,22.392423011399583,22.393616802990437,22.40474747074768,11.130667757242918,True,
4579,onnx_model_019,measure,22.401008737803917,22.401914605870843,22.41283552488312,10.920919012278318,True,
4580,onnx_model_031,measure,22.40362221652839,22.404357139021158,22.415424876846373,11.067737825214863,True,
4581,onnx_model_036,measure,22.409976694804403,22.41097301384434,22.421883994713426,10.910980869084597,True,
4582,onnx_model_024,measure,22.414220794242105,22.415054632816464,22.425992644857615,10.938012041151524,True,
4583,onnx_model_090,measure,22.41902903625808,22.419663863722235,22.430626682937145,10.962819214910269,True,
4584,onnx_model_078,measure,22.420331564887203,22.42109989374876,22.431970527861267,10.870634112507105,True,
4585,onnx_model_042,measure,22.426611185926568,22.427207884844393,22.438133894000202,10.92600915580988,True,
4586,onnx_model_084,measure,22.436842538776588,22.43720889510587,22.448179399129003,10.970504023134708,True,
4587,onnx_model_087,measure,22.439256844422403,22.440359734930098,22.451526891905814,11.167156975716352,True,
4588,onnx_model_050,measure,22.439679411138073,22.440521251875907,22.45157236792147,11.051116045564413,True,
4589,onnx_model_077,measure,22.442298469015295,22.443052883725613,22.45401753578335,10.964652057737112,True,
4590,onnx_model_077,measure,22.450033300742476,22.450403957162052,22.454143344890326,3.7393877282738686,True,
4591,onnx_model_062,measure,22.46188662537463,22.46236355090514,22.473272507078946,10.908956173807383,True,
4592,onnx_model_016,measure,22.464320112011258,22.46480173477903,22.475837733130902,11.035998351871967,True,
4593,onnx_model_077,measure,22.471282648585028,22.47232454502955,22.483066253829747,10.741708800196648,True,
4594,onnx_model_091,measure,22.47731485362767,22.478067792020738,22.489056961145252,10.989169124513865,True,
4595,onnx_model_014,measure,22.477567448558755,22.478233497124165,22.489119029138237,10.885532014071941,True,
4596,onnx_model_006,measure,22.4782636371573,22.478683994151652,22.48934767395258,10.663679800927639,True,
4597,onnx_model_038,measure,22.480215921567396,22.480954429134727,22.491694054100662,10.739624965935946,True,
4598,onnx_model_051,measure,22.480508684056268,22.48103316873312,22.491770589724183,10.737420991063118,True,
4599,onnx_model_075,measure,22.48130486989233,22.482315967790782,22.492972895037383,10.65692724660039,True,
4600,onnx_model_040,measure,22.483946209917747,22.484209848102182,22.494821188040078,10.611339937895536,True,
4601,onnx_model_053,measure,22.49306766517496,22.494105477817357,22.504968486726284,10.86300890892744,True,
4602,onnx_model_081,measure,22.49965817722225,22.500016022939235,22.510958603117615,10.942580178380013,True,
4603,onnx_model_023,measure,22.515838950568266,22.516185088083148,22.527175488881767,10.990400798618793,True,
4604,onnx_model_067,measure,22.522808532529876,22.52366694016382,22.53508701780811,11.42007764428854,True,
4605,onnx_model_085,measure,22.52292614747883,22.523831733036786,22.53492419887334,11.092465836554766,True,
4606,onnx_model_046,measure,22.523482907359,22.523974805139005,22.535124319139868,11.149514000862837,True,
4607,onnx_model_008,measure,22.530523305467856,22.531397595070302,22.542356255929917,10.95866085961461,True,
4608,onnx_model_096,measure,22.53541987728055,22.536347914952785,22.547427846118808,11.079931166023016,True,
4609,onnx_model_085,measure,22.53562941307932,22.53650848986581,22.5478778318502,11.369341984391212,True,
4610,onnx_model_014,measure,22.53703411547847,22.538027917966247,22.548864738084376,10.836820118129253,True,
4611,onnx_model_033,measure,22.541976807671745,22.54245105572045,22.553293625824153,10.84257010370493,True,
4612,onnx_model_063,measure,22.544611380352492,22.544928855728358,22.555782738141716,10.853882413357496,True,
4613,onnx_model_029,measure,22.547021867613125,22.547520882915705,22.558406175114214,10.885292198508978,True,
4614,onnx_model_019,measure,22.558009944921785,22.558497528079897,22.569499852135777,11.002324055880308,True,
4615,onnx_model_051,measure,22.566415264699085,22.56695299083367,22.57783826207742,10.885271243751049,True,
4616,onnx_model_014,measure,22.571879536823985,22.572739720810205,22.583659097086638,10.919376276433468,True,
4617,onnx_model_024,measure,22.580506860667533,22.5810594051145,22.592050567734987,10.991162620484829,True,
4618,onnx_model_065,measure,22.585682185045087,22.586880180053413,22.597947286907583,11.06710685417056,True,
4619,onnx_model_049,measure,22.60136587272954,22.602166255936027,22.61318601295352,11.019757017493248,True,
4620,onnx_model_091,measure,22.612339674938575,22.612681984901428,22.62370645115152,11.024466250091791,True,
4621,onnx_model_012,measure,22.61708761320878,22.617489363998175,22.62871970096603,11.230336967855692,True,
4622,onnx_model_077,measure,22.634546580427912,22.635036888998002,22.646453409921378,11.416520923376083,True,
4623,onnx_model_011,measure,22.643517436286107,22.64557912806049,22.656778837088495,11.1997090280056,True,
4624,onnx_model_010,measure,22.64566495131544,22.646066033747047,22.657204936724156,11.138902977108955,True,
4625,onnx_model_075,measure,22.662136090694144,22.662511564791203,22.673579012043774,11.067447252571583,True,
4626,onnx_model_079,measure,22.66561289891513,22.66607163194567,22.677153716795146,11.082084849476814,True,
4627,onnx_model_035,measure,22.667217582900932,22.66764286905527,22.67882480379194,11.181934736669064,True,
4628,onnx_model_087,measure,22.667418801248967,22.667941034771502,22.679312320891768,11.371286120265722,True,
4629,onnx_model_004,measure,22.66995667410407,22.67054895311594,22.681580140721053,11.031187605112791,True,
4630,onnx_model_040,measure,22.671216838952038,22.672046588733792,22.683046298101544,10.999709367752075,True,
4631,onnx_model_071,measure,22.678640270160592,22.67894354974851,22.689973596017808,11.0300462692976,True,
4632,onnx_model_046,measure,22.679784595929984,22.68053989391774,22.691614154726267,11.07426080852747,True,
4633,onnx_model_049,measure,22.68484064668027,22.68531682388857,22.696384001057595,11.067177169024944,True,
4634,onnx_model_036,measure,22.685721365261774,22.686774444766343,22.69796659005806,11.19214529171586,True,
4635,onnx_model_080,measure,22.686078451371397,22.686941572930664,22.698027045000345,11.08547206968069,True,
4636,onnx_model_025,measure,22.68770111461841,22.688451091758907,22.699634009040892,11.182917281985283,True,
4637,onnx_model_067,measure,22.692042874601377,22.69285033410415,22.7040573367849,11.207002680748701,True,
4638,onnx_model_055,measure,22.69327612104371,22.694288508035243,22.705413655843586,11.125147808343172,True,
4639,onnx_model_072,measure,22.698490525105303,22.699242846108973,22.71022245613858,10.979610029608011,True,
4640,onnx_model_065,measure,22.71105587645643,22.71145697310567,22.722759767901152,11.30279479548335,True,
4641,onnx_model_064,measure,22.711491997248995,22.71183186583221,22.722873413935304,11.041548103094101,True,
4642,onnx_model_015,measure,22.7125079574677,22.713253959082067,22.72423682594672,10.982866864651442,True,
4643,onnx_model_020,measure,22.714775558695752,22.71569746406749,22.72657790593803,10.88044187054038,True,
4644,onnx_model_045,measure,22.719115994623447,22.720137763768435,22.731009108945727,10.871345177292824,True,
4645,onnx_model_032,measure,22.72396382631115,22.724331886973232,22.73523160489276,10.899717919528484,True,
4646,onnx_model_092,measure,22.7270216478341,22.72775558475405,22.73888869676739,11.133112013339996,True,
4647,onnx_model_052,measure,22.737579781736557,22.73847011104226,22.749469770118594,10.999659076333046,True,
4648,onnx_model_043,measure,22.741116939722286,22.742120118811727,22.75332592986524,11.20581105351448,True,
4649,onnx_model_089,measure,22.741313325419267,22.742282387800515,22.753438253886998,11.155866086483002,True,
4650,onnx_model_086,measure,22.743015109879664,22.74376287171617,22.754691335838288,10.928464122116566,True,
4651,onnx_model_065,measure,22.749038253873948,22.749566975049675,22.7605352839455,10.96830889582634,True,
4652,onnx_model_027,measure,22.7556633452547,22.75592517107725,22.766825751867145,10.900580789893866,True,
4653,onnx_model_007,measure,22.756751384188824,22.75736805377528,22.768365228082985,10.997174307703972,True,
4654,onnx_model_000,measure,22.765291626814122,22.765758452937007,22.776674773078412,10.916320141404867,True,
4655,onnx_model_078,measure,22.765706134120755,22.766116683837026,22.777190312743187,11.073628906160593,True,
4656,onnx_model_070,measure,22.773024171298,22.773588936775923,22.784518792759627,10.929855983704329,True,
4657,onnx_model_069,measure,22.77584368185087,22.776774542871863,22.787695691920817,10.921149048954248,True,
4658,onnx_model_097,measure,22.77672143755561,22.777286836877465,22.788104007951915,10.817171074450016,True,
4659,onnx_model_020,measure,22.78861812634688,22.789326952770352,22.80037192814052,11.044975370168686,True,
4660,onnx_model_078,measure,22.788678980024077,22.789491977076977,22.800520290154964,11.02831307798624,True,
4661,onnx_model_050,measure,22.79278776305807,22.793029671069235,22.80392024293542,10.890571866184473,True,
4662,onnx_model_055,measure,22.797236043708736,22.79747595312074,22.808485080022365,11.009126901626587,True,
4663,onnx_model_054,measure,22.80110810319807,22.801748264115304,22.81259125471115,10.842990595847368,True,
4664,onnx_model_036,measure,22.802831212232984,22.803189013153315,22.814036963973194,10.84795081987977,True,
4665,onnx_model_003,measure,22.806181987806482,22.80714673595503,22.81804980104789,10.903065092861652,True,
4666,onnx_model_063,measure,22.8080287792951,22.80857987003401,22.819796110969037,11.2162409350276,True,
4667,onnx_model_087,measure,22.808073611753983,22.808760944753885,22.81974432291463,10.983378160744905,True,
4668,onnx_model_054,measure,22.815224935836934,22.816257995087653,22.827144999988377,10.887004900723696,True,
4669,onnx_model_039,measure,22.82106161484432,22.822016892023385,22.83307480206713,11.057910043746233,True,
4670,onnx_model_046,measure,22.822034490812097,22.822412333916873,22.83357457211241,11.16223819553852,True,
4671,onnx_model_017,measure,22.822068163181363,22.822595581877977,22.833520038053393,10.924456175416708,True,
4672,onnx_model_094,measure,22.829715498809694,22.83037070184946,22.841194346081465,10.823644232004881,True,
4673,onnx_model_000,measure,22.83121407233609,22.83183281077072,22.842721038032323,10.888227261602879,True,
4674,onnx_model_006,measure,22.848991362199083,22.849944117944688,22.860906956717372,10.962838772684336,True,
4675,onnx_model_059,measure,22.851404055457177,22.852392863016576,22.86338075902313,10.987896006554365,True,
4676,onnx_model_087,measure,22.855037617503026,22.85585425188765,22.866736698895693,10.882447008043528,True,
4677,onnx_model_019,measure,22.85591514899627,22.856212764047086,22.86710371589288,10.890951845794916,True,
4678,onnx_model_066,measure,22.857156325726255,22.857659733854234,22.868690783157945,11.03104930371046,True,
4679,onnx_model_071,measure,22.8605086760057,22.861002799123526,22.87194301513955,10.940216016024351,True,
4680,onnx_model_022,measure,22.86271837550605,22.863494475837797,22.874540932942182,11.0464571043849,True,
4681,onnx_model_042,measure,22.863939315026215,22.865000959020108,22.876055743079633,11.054784059524536,True,
4682,onnx_model_006,measure,22.86842613828093,22.868786504957825,22.87966931099072,10.882806032896042,True,
4683,onnx_model_008,measure,22.869343887310073,22.8702304600738,22.88139768689871,11.167226824909449,True,
4684,onnx_model_097,measure,22.873758505352605,22.874166641850024,22.88524385774508,11.077215895056725,True,
4685,onnx_model_097,measure,22.877821155317676,22.878276373725384,22.885284325107932,7.007951382547617,True,
4686,onnx_model_066,measure,22.879936193160717,22.88088837871328,22.891972789075226,11.08441036194563,True,
4687,onnx_model_003,measure,22.887309232601844,22.888502581976354,22.89936351776123,10.860935784876347,True,
4688,onnx_model_006,measure,22.889779433646655,22.890963971149176,22.901872776914388,10.908805765211582,True,
4689,onnx_model_028,measure,22.897311411281215,22.898198722861707,22.909358106087893,11.159383226186037,True,
4690,onnx_model_079,measure,22.903656759646818,22.90409107413143,22.9149571089074,10.866034775972366,True,
4691,onnx_model_014,measure,22.90597100004815,22.90653145313263,22.917540620081127,11.009166948497295,True,
4692,onnx_model_089,measure,22.908033316385886,22.909003010950983,22.91992248687893,10.919475927948952,True,
4693,onnx_model_011,measure,22.915043502472038,22.916180764790624,22.927466727793217,11.285963002592325,True,
4694,onnx_model_016,measure,22.91510353169383,22.916343914810568,22.927422523964196,11.07860915362835,True,
4695,onnx_model_079,measure,22.91673868395973,22.91765259206295,22.928593950811774,10.941358748823404,True,
4696,onnx_model_013,measure,22.923891375835584,22.92414354113862,22.9351261369884,10.982595849782228,True,
4697,onnx_model_079,measure,22.924198952188295,22.924505929928273,22.92867014510557,4.164215177297592,True,
4698,onnx_model_066,measure,22.924658064715253,22.924879769794643,22.935770351905376,10.890582110732794,True,
4699,onnx_model_002,measure,22.940736174530453,22.940990705043077,22.951945257838815,10.954552795737982,True,
4700,onnx_model_075,measure,22.942459200883377,22.943470588885248,22.9544958868064,11.025297921150923,True,
4701,onnx_model_033,measure,22.945272059730346,22.94597756396979,22.956886279862374,10.908715892583132,True,
4702,onnx_model_029,measure,22.954411898881524,22.954650409985334,22.965587469749153,10.93705976381898,True,
4703,onnx_model_064,measure,22.96178106814657,22.962117514107376,22.973265524953604,11.148010846227407,True,
4704,onnx_model_007,measure,22.96199095034796,22.96228096494451,22.973391534760594,11.110569816082716,True,
4705,onnx_model_061,measure,22.966628602049703,22.96786791505292,22.97896983800456,11.101922951638699,True,
4706,onnx_model_081,measure,22.981550817922617,22.982202081941068,22.993317772168666,11.115690227597952,True,
4707,onnx_model_078,measure,22.982208702163287,22.98257348779589,22.99357942910865,11.005941312760115,True,
4708,onnx_model_004,measure,22.984416185363187,22.985028714872897,22.99601792404428,10.989209171384573,True,
4709,onnx_model_077,measure,22.985592321424406,22.986460987944156,22.997426682151854,10.965694207698107,True,
4710,onnx_model_062,measure,22.997410631460916,22.99758608499542,23.008734015747905,11.14793075248599,True,
4711,onnx_model_009,measure,22.997910757921368,22.999068522825837,23.01032585185021,11.257329024374485,True,
4712,onnx_model_029,measure,22.99935150040734,23.00050556473434,23.011413227766752,10.907663032412529,True,
4713,onnx_model_070,measure,23.0097302150515,23.00995457591489,23.0209983587265,11.04378281161189,True,
4714,onnx_model_085,measure,23.015755816044464,23.016668166965246,23.02773718815297,11.069021187722683,True,
4715,onnx_model_014,measure,23.024461611748066,23.02521900087595,23.03628054773435,11.061546858400106,True,
4716,onnx_model_082,measure,23.04074932693466,23.04150395700708,23.05271144071594,11.20748370885849,True,
4717,onnx_model_019,measure,23.050349669861866,23.051972385961562,23.062963157892227,10.990771930664778,True,
4718,onnx_model_086,measure,23.053782927088704,23.054953813087195,23.065896954853088,10.943141765892506,True,
4719,onnx_model_094,measure,23.0587821859068,23.05940769892186,23.070388842839748,10.981143917888403,True,
4720,onnx_model_034,measure,23.06848525330966,23.06913245515898,23.08024364616722,11.111191008239985,True,
4721,onnx_model_069,measure,23.07438110398869,23.07462423387915,23.08564400114119,11.019767262041569,True,
4722,onnx_model_072,measure,23.080522582862553,23.08146464684978,23.09263431886211,11.169672012329102,True,
4723,onnx_model_095,measure,23.081995530089063,23.08292144583538,23.09401728771627,11.095841880887747,True,
4724,onnx_model_072,measure,23.082459922796026,23.08308409480378,23.092751862015575,9.667767211794853,True,
4725,onnx_model_059,measure,23.08901614189641,23.08988622482866,23.100993938744068,11.107713915407658,True,
4726,onnx_model_032,measure,23.095849470038615,23.096236255951226,23.107308371923864,11.07211597263813,True,
4727,onnx_model_076,measure,23.112716157524883,23.11352458782494,23.124719398096204,11.194810271263123,True,
4728,onnx_model_075,measure,23.119845968276213,23.121053679846227,23.132269769906998,11.216090060770512,True,
4729,onnx_model_087,measure,23.13214689922253,23.132435835897923,23.14362461399287,11.188778094947338,True,
4730,onnx_model_025,measure,23.132349935293092,23.1328502940014,23.14404098596424,11.190691962838173,True,
4731,onnx_model_012,measure,23.136201058525454,23.137363092042506,23.148424759041518,11.061666999012232,True,
4732,onnx_model_005,measure,23.148698128899007,23.149721193127334,23.161362871993333,11.641678865998983,True,
4733,onnx_model_046,measure,23.149312424137726,23.149908157996833,23.161414018832147,11.505860835313797,True,
4734,onnx_model_041,measure,23.157596390607747,23.158454303164035,23.169506581965834,11.05227880179882,True,
4735,onnx_model_011,measure,23.160142961147024,23.160948584787548,23.17206765105948,11.119066271930933,True,
4736,onnx_model_017,measure,23.164875011565353,23.16566041111946,23.17663733707741,10.97692595794797,True,
4737,onnx_model_015,measure,23.174451097744075,23.17529443372041,23.186578894034028,11.284460313618183,True,
4738,onnx_model_069,measure,23.17517247283599,23.175463114865124,23.186539329122752,11.076214257627726,True,
4739,onnx_model_078,measure,23.189975845601612,23.190807081758976,23.20204426208511,11.237180326133966,True,
4740,onnx_model_029,measure,23.190014393290124,23.190973488148302,23.202188556082547,11.215067934244871,True,
4741,onnx_model_087,measure,23.205548490611292,23.206411423161626,23.217575614806265,11.164191644638777,True,
4742,onnx_model_074,measure,23.212420760731394,23.212935744784772,23.224252396728843,11.316651944071054,True,
4743,onnx_model_030,measure,23.2128455369205,23.21333775902167,23.224406148772687,11.068389751017094,True,
4744,onnx_model_074,measure,23.21539082488096,23.215854924172163,23.224304935894907,8.450011722743511,True,
4745,onnx_model_039,measure,23.218973472779158,23.21987946378067,23.231120030861348,11.240567080676556,True,
4746,onnx_model_018,measure,23.239875432417648,23.24134184094146,23.25236408272758,11.022241786122322,True,
4747,onnx_model_027,measure,23.240040863260194,23.241455106996,23.25245032692328,10.995219927281141,True,
4748,onnx_model_038,measure,23.243636950128685,23.243860960006714,23.254815031774342,10.954071767628193,True,
4749,onnx_model_015,measure,23.24530686756093,23.246213330887258,23.25713802780956,10.924696922302246,True,
4750,onnx_model_089,measure,23.245789055246117,23.246327138040215,23.25721665704623,10.88951900601387,True,
4751,onnx_model_037,measure,23.25147041584736,23.25172502780333,23.262755885720253,11.030857916921377,True,
4752,onnx_model_046,measure,23.253221412660686,23.253677919972688,23.264518626965582,10.840706992894411,True,
4753,onnx_model_091,measure,23.254247277264202,23.254881587810814,23.265715481713414,10.833893902599812,True,
4754,onnx_model_037,measure,23.255596950091768,23.25619165878743,23.262820689938962,6.629031151533127,True,
4755,onnx_model_031,measure,23.260259377121233,23.26138012111187,23.27216309774667,10.782976634800434,True,
4756,onnx_model_030,measure,23.268923278353757,23.269869639072567,23.28063193615526,10.762297082692385,True,
4757,onnx_model_019,measure,23.274536933107896,23.275329055730253,23.28596551483497,10.636459104716778,True,
4758,onnx_model_070,measure,23.277886522455177,23.278627777006477,23.289283421821892,10.655644815415144,True,
4759,onnx_model_078,measure,23.282268546220113,23.282788596116006,23.29338840395212,10.59980783611536,True,
4760,onnx_model_054,measure,23.285212380550966,23.28602151107043,23.296737160068005,10.715648997575045,True,
4761,onnx_model_098,measure,23.290300887920793,23.2914368850179,23.302107849158347,10.670964140444994,True,
4762,onnx_model_081,measure,23.294462386863287,23.295552317984402,23.306223291903734,10.670973919332027,True,
4763,onnx_model_089,measure,23.304508720218454,23.305263456888497,23.316022349055856,10.75889216735959,True,
4764,onnx_model_070,measure,23.310425481937703,23.311387949157506,23.32213305402547,10.745104867964983,True,
4765,onnx_model_051,measure,23.315028476612596,23.315682453103364,23.326482160948217,10.799707844853401,True,
4766,onnx_model_097,measure,23.31734383579308,23.31818453874439,23.328914104029536,10.729565285146236,True,
4767,onnx_model_077,measure,23.32392591228224,23.32428875193,23.335092928726226,10.804176796227694,True,
4768,onnx_model_099,measure,23.33048713977707,23.33106889994815,23.342071154154837,11.002254206687212,True,
4769,onnx_model_015,measure,23.33406838758341,23.33434918615967,23.345160856842995,10.811670683324337,True,
4770,onnx_model_022,measure,23.33496546213459,23.335149296093732,23.34606826212257,10.91896602883935,True,
4771,onnx_model_046,measure,23.351361425643148,23.352302071172744,23.363284728024155,10.982656851410866,True,
4772,onnx_model_089,measure,23.355720830719655,23.35674403514713,23.36782750301063,11.083467863500118,True,
4773,onnx_model_020,measure,23.372584211481573,23.37312906095758,23.384318409953266,11.189348995685577,True,
4774,onnx_model_047,measure,23.37302834958292,23.373558065854013,23.384775558952242,11.21749309822917,True,
4775,onnx_model_074,measure,23.398429560982937,23.399077905807644,23.410230685956776,11.152780149132013,True,
4776,onnx_model_016,measure,23.40105006684508,23.401629535946995,23.412774500902742,11.144964955747128,True,
4777,onnx_model_029,measure,23.412876799910492,23.414077417925,23.425339094828814,11.261676903814077,True,
4778,onnx_model_078,measure,23.41373763206661,23.414264163002372,23.4253915338777,11.12737087532878,True,
4779,onnx_model_064,measure,23.418063148759394,23.418857553973794,23.4299004948698,11.042940896004438,True,
4780,onnx_model_033,measure,23.444010699542066,23.445209925994277,23.456540093757212,11.330167762935162,True,
4781,onnx_model_037,measure,23.444610318355736,23.4453958501108,23.45659261289984,11.196762789040804,True,
4782,onnx_model_042,measure,23.448459603701874,23.449014969170094,23.460129076149315,11.114106979221106,True,
4783,onnx_model_063,measure,23.451151984883367,23.45156635902822,23.462392597924918,10.82623889669776,True,
4784,onnx_model_089,measure,23.456086447451778,23.456713904161006,23.46783870086074,11.124796699732542,True,
4785,onnx_model_096,measure,23.45899054773325,23.460256197024137,23.471360404975712,11.104207951575518,True,
4786,onnx_model_041,measure,23.46253426905268,23.463804182130843,23.474940639920533,11.136457789689302,True,
4787,onnx_model_051,measure,23.46302583210561,23.463990044780076,23.474993189796805,11.003145016729832,True,
4788,onnx_model_005,measure,23.465823152290326,23.466625874862075,23.47758432617411,10.958451312035322,True,
4789,onnx_model_016,measure,23.46781435734035,23.46801430406049,23.478886471129954,10.872167069464922,True,
4790,onnx_model_054,measure,23.477337060382926,23.477709793951362,23.488624602090567,10.914808139204979,True,
4791,onnx_model_032,measure,23.48432145826691,23.485187978949398,23.496177738998085,10.989760048687458,True,
4792,onnx_model_085,measure,23.486607090192464,23.487790064886212,23.49885301478207,11.062949895858765,True,
4793,onnx_model_021,measure,23.48719775986604,23.487989043816924,23.499325523152947,11.33647933602333,True,
4794,onnx_model_076,measure,23.498691808952476,23.49897045781836,23.509947302751243,10.976844932883978,True,
4795,onnx_model_061,measure,23.500158435355566,23.500555289909244,23.511536764912307,10.981475003063679,True,
4796,onnx_model_029,measure,23.501045186841456,23.50214852904901,23.513049950823188,10.901421774178743,True,
4797,onnx_model_071,measure,23.50151415721381,23.502335093915462,23.513227177783847,10.892083868384361,True,
4798,onnx_model_091,measure,23.507816787022012,23.508910092059523,23.520009549800307,11.099457740783691,True,
4799,onnx_model_051,measure,23.508067861609774,23.509096085093915,23.520207976922393,11.111891828477383,True,
4800,onnx_model_012,measure,23.508167717226915,23.50925841415301,23.52026037685573,11.001962702721357,True,
4801,onnx_model_085,measure,23.510966812849503,23.511651473119855,23.522369164973497,10.717691853642464,True,
4802,onnx_model_026,measure,23.513101103421537,23.513357425108552,23.52414733497426,10.789909865707159,True,
4803,onnx_model_092,measure,23.52767914216696,23.528368188999593,23.539230576716363,10.862387716770172,True,
4804,onnx_model_038,measure,23.53062125510393,23.531838955823332,23.542728926986456,10.889971163123846,True,
4805,onnx_model_039,measure,23.546787776727328,23.547954118810594,23.55921530490741,11.261186096817255,True,
4806,onnx_model_007,measure,23.546942165625506,23.5481144040823,23.559100477024913,10.986072942614555,True,
4807,onnx_model_040,measure,23.548979541808176,23.549649110995233,23.560455361846834,10.806250851601362,True,
4808,onnx_model_096,measure,23.55710065264432,23.558080998715013,23.56905057001859,10.969571303576231,True,
4809,onnx_model_043,measure,23.566410621655542,23.566684483084828,23.578245598822832,11.561115738004446,True,
4810,onnx_model_079,measure,23.576817393022306,23.57727417210117,23.588463170919567,11.188998818397522,True,
4811,onnx_model_032,measure,23.576992636097643,23.577431241050363,23.588619127869606,11.187886819243431,True,
4812,onnx_model_037,measure,23.577241115774733,23.577940659131855,23.588838684838265,10.898025706410408,True,
4813,onnx_model_062,measure,23.5834212307289,23.584473977796733,23.595492403022945,11.018425226211548,True,
4814,onnx_model_052,measure,23.59720247297552,23.597722691949457,23.608846026007086,11.123334057629108,True,
4815,onnx_model_005,measure,23.59813848157729,23.599152700044215,23.61019024113193,11.037541087716818,True,
4816,onnx_model_064,measure,23.60292217633923,23.603587289806455,23.614622465800494,11.035175994038582,True,
4817,onnx_model_013,measure,23.613067606453722,23.613408097997308,23.62462313612923,11.215038131922483,True,
4818,onnx_model_019,measure,23.61618083861231,23.616843096911907,23.62788145011291,11.038353201001883,True,
4819,onnx_model_072,measure,23.619494855641125,23.62028079200536,23.63143962295726,11.15883095189929,True,
4820,onnx_model_079,measure,23.62347333646219,23.623779993038625,23.634914458729327,11.1344656907022,True,
4821,onnx_model_079,measure,23.624296431430558,23.62473648181185,23.635073550976813,10.337069164961576,True,
4822,onnx_model_055,measure,23.630168361230027,23.631190890911967,23.642256495077163,11.065604165196419,True,
4823,onnx_model_050,measure,23.631646965676914,23.632664180826396,23.64395040506497,11.286224238574505,True,
4824,onnx_model_093,measure,23.63179366626811,23.632820649072528,23.643983306828886,11.162657756358385,True,
4825,onnx_model_071,measure,23.633981980178596,23.63429771596566,23.64523343415931,10.935718193650246,True,
4826,onnx_model_018,measure,23.640000767635275,23.64029105892405,23.651198923122138,10.907864198088646,True,
4827,onnx_model_032,measure,23.643333960126277,23.644044443033636,23.654958670027554,10.914226993918419,True,
4828,onnx_model_093,measure,23.64549396775482,23.646516882814467,23.6574938390404,10.976956225931644,True,
4829,onnx_model_074,measure,23.648099680353738,23.648978722747415,23.659893691074103,10.914968326687813,True,
4830,onnx_model_037,measure,23.67072023015911,23.67119851987809,23.6823264118284,11.127891950309277,True,
4831,onnx_model_087,measure,23.67321753752996,23.67376307398081,23.6849706787616,11.20760478079319,True,
4832,onnx_model_083,measure,23.676457194950054,23.67730598896742,23.68835050286725,11.044513899832964,True,
4833,onnx_model_080,measure,23.67743847565492,23.67775398073718,23.68882564594969,11.071665212512016,True,
4834,onnx_model_089,measure,23.681842599554436,23.68243941711262,23.693533424753696,11.094007641077042,True,
4835,onnx_model_093,measure,23.685160498340075,23.686279877088964,23.697560459841043,11.280582752078772,True,
4836,onnx_model_057,measure,23.685365767766612,23.686467404011637,23.697630983777344,11.163579765707254,True,
4837,onnx_model_076,measure,23.689184496802426,23.690125748049468,23.70135661587119,11.230867821723223,True,
4838,onnx_model_064,measure,23.7004746763621,23.700930174905807,23.712017730809748,11.087555903941393,True,
4839,onnx_model_066,measure,23.7030072798401,23.703673189971596,23.71482394495979,11.150754988193512,True,
4840,onnx_model_021,measure,23.70607420433661,23.707212808076292,23.718300965148956,11.088157072663307,True,
4841,onnx_model_033,measure,23.71456929290739,23.714935528114438,23.725922102108598,10.986573994159698,True,
4842,onnx_model_000,measure,23.71747239335701,23.718411915935576,23.729425942059606,11.014026124030352,True,
4843,onnx_model_090,measure,23.73138220624538,23.731684955768287,23.742870948743075,11.18599297478795,True,
4844,onnx_model_042,measure,23.742017317516748,23.742983021773398,23.754310743883252,11.327722109854221,True,
4845,onnx_model_058,measure,23.74248314580263,23.743166410829872,23.75442411005497,11.257699225097895,True,
4846,onnx_model_061,measure,23.74725179267358,23.74779001995921,23.758801600895822,11.011580936610699,True,
4847,onnx_model_011,measure,23.76294436966001,23.764106404967606,23.77536730002612,11.260895058512688,True,
4848,onnx_model_094,measure,23.76929584556043,23.76967523014173,23.78082727873698,11.152048595249653,True,
4849,onnx_model_036,measure,23.770502478642516,23.771213855128735,23.782211028970778,10.997173842042685,True,
4850,onnx_model_069,measure,23.774281075060824,23.774773019831628,23.785832582972944,11.059563141316175,True,
4851,onnx_model_019,measure,23.775872968873077,23.776680866722018,23.78765237191692,10.97150519490242,True,
4852,onnx_model_015,measure,23.780023928351646,23.78093278873712,23.792049450799823,11.116662062704563,True,
4853,onnx_model_044,measure,23.78045695413927,23.781119994819164,23.792195167858154,11.075173038989305,True,
4854,onnx_model_035,measure,23.78233033572062,23.783440595958382,23.794364470988512,10.923875030130148,True,
4855,onnx_model_083,measure,23.78807982132354,23.7888763891533,23.799781187903136,10.904798749834299,True,
4856,onnx_model_073,measure,23.79398324712189,23.79446056392044,23.80565297883004,11.192414909601212,True,
4857,onnx_model_065,measure,23.79622774060956,23.796927202958614,23.80779738491401,10.870181955397129,True,
4858,onnx_model_031,measure,23.799408901714227,23.799877810757607,23.810900332871825,11.022522114217281,True,
4859,onnx_model_004,measure,23.79961098319044,23.800040009897202,23.810958373825997,10.91836392879486,True,
4860,onnx_model_033,measure,23.80272408881897,23.803565670736134,23.814870920963585,11.305250227451324,True,
4861,onnx_model_084,measure,23.803305384001046,23.803746826015413,23.814917739946395,11.170913930982351,True,
4862,onnx_model_000,measure,23.80454560379403,23.805275410879403,23.81604895973578,10.773548856377602,True,
4863,onnx_model_035,measure,23.813660061074252,23.814187101088464,23.825253216084093,11.066114995628595,True,
4864,onnx_model_005,measure,23.81377148432505,23.81435247603804,23.825383824761957,11.0313487239182,True,
4865,onnx_model_011,measure,23.819384541704945,23.82027157675475,23.831109407823533,10.837831068783998,True,
4866,onnx_model_004,measure,23.82369161622517,23.824732907116413,23.835706998128444,10.97409101203084,True,
4867,onnx_model_018,measure,23.834386476603388,23.835334049072117,23.846415041945875,11.080992873758078,True,
4868,onnx_model_037,measure,23.83602572776697,23.836943918839097,23.847856160718948,10.912241879850626,True,
4869,onnx_model_027,measure,23.857093583757855,23.85810089483857,23.86937335273251,11.272457893937826,True,
4870,onnx_model_027,measure,23.857337697541578,23.858266530092806,23.86949018482119,11.223654728382826,True,
4871,onnx_model_084,measure,23.866489946902,23.86677771899849,23.877763801719993,10.986082721501589,True,
4872,onnx_model_035,measure,23.872015417459743,23.872722329106182,23.883745501749218,11.02317264303565,True,
4873,onnx_model_066,measure,23.872894490692847,23.87308913609013,23.88422365114093,11.134515050798655,True,
4874,onnx_model_033,measure,23.87775985678298,23.877912513911724,23.889194349758327,11.281835846602917,True,
4875,onnx_model_022,measure,23.883506837032854,23.883842246141285,23.89483884908259,10.996602941304445,True,
4876,onnx_model_093,measure,23.88415600290922,23.884367995895445,23.895257024094462,10.889028199017048,True,
4877,onnx_model_047,measure,23.888252734886905,23.888858540914953,23.8998079248704,10.949383955448866,True,
4878,onnx_model_038,measure,23.892015384122605,23.89245277410373,23.903740901034325,11.288126930594444,True,
4879,onnx_model_012,measure,23.89945060738476,23.89990451792255,23.910890411119908,10.985893197357655,True,
4880,onnx_model_066,measure,23.902840229914116,23.90340379998088,23.91442718403414,11.023384053260088,True,
4881,onnx_model_083,measure,23.90390148593705,23.904976399149746,23.915992478840053,11.016079690307379,True,
4882,onnx_model_008,measure,23.904514875134012,23.90514193382114,23.916171139106154,11.029205285012722,True,
4883,onnx_model_057,measure,23.911729879233242,23.91211375594139,23.923090621829033,10.976865887641907,True,
4884,onnx_model_075,measure,23.921788787123013,23.922390680760145,23.93331140000373,10.920719243586063,True,
4885,onnx_model_036,measure,23.922897054869953,23.923186894971877,23.9340048879385,10.817992966622114,True,
4886,onnx_model_050,measure,23.925884231371043,23.926644056104124,23.937577940057963,10.93388395383954,True,
4887,onnx_model_034,measure,23.929453322643607,23.930080118123442,23.940940401982516,10.860283859074116,True,
4888,onnx_model_040,measure,23.9391894189739,23.939827687107027,23.951084814965725,11.257127858698368,True,
4889,onnx_model_042,measure,23.943078583519732,23.944163639098406,23.955182022880763,11.018383782356977,True,
4890,onnx_model_033,measure,23.950011965390512,23.95062131388113,23.961777098942548,11.15578506141901,True,
4891,onnx_model_066,measure,23.952561147048026,23.95331095578149,23.96426134184003,10.950386058539152,True,
4892,onnx_model_009,measure,23.955830645678603,23.956495238933712,23.967690519988537,11.19528105482459,True,
4893,onnx_model_033,measure,23.956236073349576,23.956737520173192,23.961996546946466,5.259026773273945,True,
4894,onnx_model_063,measure,23.966199956946685,23.966566293034703,23.97764547308907,11.079180054366589,True,
4895,onnx_model_018,measure,23.96678902917813,23.967047397978604,23.978184687905014,11.137289926409721,True,
4896,onnx_model_010,measure,23.9693910824439,23.969936398789287,23.980823263991624,10.886865202337503,True,
4897,onnx_model_044,measure,23.96988838534791,23.97031732276082,23.981431941036135,11.11461827531457,True,
4898,onnx_model_073,measure,23.978108820770597,23.978355161845684,23.98931089695543,10.955735109746456,True,
4899,onnx_model_037,measure,23.980765702182143,23.981000039726496,23.99196422100067,10.964181274175644,True,
4900,onnx_model_056,measure,23.981105049328267,23.981532101053745,23.99245085613802,10.9187550842762,True,
4901,onnx_model_013,measure,23.982018158169165,23.983006733935326,23.994071987923235,11.065253987908363,True,
4902,onnx_model_097,measure,23.98841941741291,23.989423661958426,24.000311769079417,10.888107120990753,True,
4903,onnx_model_077,measure,23.99294070827674,23.993694048840553,24.004685672931373,10.991624090820551,True,
4904,onnx_model_045,measure,24.010949115186236,24.011924732942134,24.02293277811259,11.008045170456171,True,
4905,onnx_model_026,measure,24.012250388145016,24.013387743849307,24.024432389065623,11.044645216315985,True,
4906,onnx_model_066,measure,24.015368438517786,24.015852939803153,24.026664461940527,10.811522137373686,True,
4907,onnx_model_030,measure,24.04041129940458,24.040867128875107,24.051774111110717,10.906982235610485,True,
4908,onnx_model_041,measure,24.04283374699846,24.04322115285322,24.05401911912486,10.79796627163887,True,
4909,onnx_model_006,measure,24.047629845419557,24.048564028926194,24.05947317602113,10.909147094935179,True,
4910,onnx_model_000,measure,24.058895539399025,24.05922238016501,24.070013252086937,10.790871921926737,True,
4911,onnx_model_061,measure,24.05952667298224,24.06068331701681,24.07142099784687,10.737680830061436,True,
4912,onnx_model_022,measure,24.062801707963224,24.063027021940798,24.073779760859907,10.752738919109106,True,
4913,onnx_model_091,measure,24.06583193166914,24.066372520755976,24.077149125747383,10.776604991406202,True,
4914,onnx_model_047,measure,24.068834463818014,24.069720515049994,24.08057047892362,10.849963873624802,True,
4915,onnx_model_015,measure,24.074956969334483,24.0759917460382,24.086741980165243,10.750234127044678,True,
4916,onnx_model_064,measure,24.07837813179171,24.079351582098752,24.09018608694896,10.83450485020876,True,
4917,onnx_model_083,measure,24.079866365625723,24.080646384041756,24.09132796805352,10.681584011763334,True,
4918,onnx_model_092,measure,24.081449621947502,24.08197401696816,24.09274825779721,10.774240829050541,True,
4919,onnx_model_028,measure,24.0898232682112,24.09025218291208,24.1010440569371,10.791874025017023,True,
4920,onnx_model_083,measure,24.09460167434607,24.094946555793285,24.105796800926328,10.850245133042336,True,
4921,onnx_model_061,measure,24.10502080594936,24.105245924089104,24.116161111742258,10.915187653154135,True,
4922,onnx_model_039,measure,24.11159721502535,24.11200542282313,24.123055077157915,11.049654334783554,True,
4923,onnx_model_004,measure,24.115242150960796,24.116227068006992,24.127022267784923,10.795199777930975,True,
4924,onnx_model_020,measure,24.121977273523818,24.122567990794778,24.133426921907812,10.858931113034487,True,
4925,onnx_model_072,measure,24.122700591560253,24.12283074995503,24.13377720816061,10.946458205580711,True,
4926,onnx_model_013,measure,24.124579815518867,24.12525685178116,24.136010764166713,10.753912385553122,True,
4927,onnx_model_038,measure,24.133225039290473,24.133493838831782,24.144312483724207,10.818644892424345,True,
4928,onnx_model_088,measure,24.133384587224345,24.133837493136525,24.144713717047125,10.876223910599947,True,
4929,onnx_model_092,measure,24.136230854085333,24.137211144901812,24.148171328939497,10.960184037685394,True,
4930,onnx_model_071,measure,24.146798102047427,24.147916946094483,24.158813247922808,10.896301828324795,True,
4931,onnx_model_064,measure,24.165554692173416,24.166016940958798,24.17695342982188,10.93648886308074,True,
4932,onnx_model_047,measure,24.16790358072368,24.168363431934267,24.179256638046354,10.893206112086773,True,
4933,onnx_model_016,measure,24.16884804498047,24.16971152415499,24.180599871091545,10.888346936553717,True,
4934,onnx_model_012,measure,24.170354923644567,24.171055969782174,24.181892988737673,10.837018955498934,True,
4935,onnx_model_015,measure,24.19597447769597,24.1971076708287,24.208056532777846,10.948861949145794,True,
4936,onnx_model_079,measure,24.198142471290822,24.198451505042613,24.209271281957626,10.81977691501379,True,
4937,onnx_model_039,measure,24.202975146952237,24.203817645087838,24.214688539039344,10.870893951505423,True,
4938,onnx_model_043,measure,24.206881204658963,24.207163464743644,24.21802365873009,10.860193986445665,True,
4939,onnx_model_048,measure,24.217770774939858,24.218089413829148,24.228957221843302,10.867808014154434,True,
4940,onnx_model_011,measure,24.22531938538946,24.22642831504345,24.237278630025685,10.850314982235432,True,
4941,onnx_model_020,measure,24.229986858880377,24.231172502972186,24.24198858300224,10.816080030053854,True,
4942,onnx_model_004,measure,24.230705487688642,24.23128395481035,24.242074084933847,10.790130123496056,True,
4943,onnx_model_090,measure,24.24092338947689,24.241482200101018,24.252527575939894,11.04537583887577,True,
4944,onnx_model_016,measure,24.250323089561796,24.252291127108037,24.26333437813446,11.043251026421785,True,
4945,onnx_model_032,measure,24.25569395887081,24.256729202810675,24.267591289710253,10.862086899578571,True,
4946,onnx_model_060,measure,24.262223854049086,24.263099362142384,24.27395118912682,10.85182698443532,True,
4947,onnx_model_089,measure,24.26352954899168,24.264537845738232,24.275552893988788,11.015048250555992,True,
4948,onnx_model_071,measure,24.26437608294515,24.26466063875705,24.27565147075802,10.99083200097084,True,
4949,onnx_model_064,measure,24.270977171047704,24.271804498974234,24.282641639001667,10.837140027433634,True,
4950,onnx_model_061,measure,24.280679949269935,24.281841246876866,24.292676873970777,10.835627093911171,True,
4951,onnx_model_007,measure,24.29427786525966,24.294879160821438,24.305706571787596,10.827410966157913,True,
4952,onnx_model_001,measure,24.300856146713798,24.301222648937255,24.31207386497408,10.851216036826372,True,
4953,onnx_model_034,measure,24.306703177924607,24.306912113912404,24.317766787018627,10.854673106223345,True,
4954,onnx_model_094,measure,24.31355286317498,24.314276010729373,24.325211056973785,10.93504624441266,True,
4955,onnx_model_063,measure,24.314516628635428,24.315629464108497,24.326490819919854,10.861355811357498,True,
4956,onnx_model_047,measure,24.3195985759946,24.31997833075002,24.330791384913027,10.813054163008928,True,
4957,onnx_model_021,measure,24.334619613754338,24.334994114004076,24.345857073087245,10.862959083169699,True,
4958,onnx_model_043,measure,24.349915908123485,24.351059372071177,24.361956264823675,10.896892752498388,True,
4959,onnx_model_050,measure,24.356166604749244,24.356408789753914,24.36722763488069,10.818845126777887,True,
4960,onnx_model_050,measure,24.370380870498842,24.371430173981935,24.382281551137567,10.85137715563178,True,
4961,onnx_model_095,measure,24.376670283269505,24.37778377113864,24.38870085310191,10.917081963270903,True,
4962,onnx_model_043,measure,24.389622565250438,24.38991073286161,24.400810280814767,10.899547953158617,True,
4963,onnx_model_019,measure,24.39917410318764,24.40025767078623,24.411294530145824,11.0368593595922,True,
4964,onnx_model_001,measure,24.40583500098282,24.407024583779275,24.417748148087412,10.723564308136702,True,
4965,onnx_model_090,measure,24.408730532897035,24.409371073823422,24.42036540294066,10.994329117238522,True,
4966,onnx_model_020,measure,24.41591569583039,24.416496579069644,24.427311746869236,10.815167799592018,True,
4967,onnx_model_050,measure,24.41992033716965,24.42043218994513,24.431298554874957,10.866364929825068,True,
4968,onnx_model_001,measure,24.420401546052773,24.420678899157792,24.431477735750377,10.798836592584848,True,
4969,onnx_model_084,measure,24.424881354416097,24.426005844026804,24.436871017795056,10.865173768252134,True,
4970,onnx_model_062,measure,24.43474513030734,24.435695744119585,24.446519848890603,10.824104771018028,True,
4971,onnx_model_028,measure,24.435783663429415,24.435940057970583,24.446855356916785,10.915298946201801,True,
4972,onnx_model_025,measure,24.441222768398063,24.442090820055455,24.452912990935147,10.82217087969184,True,
4973,onnx_model_000,measure,24.45882854183972,24.45912836585194,24.470019708853215,10.891343001276255,True,
4974,onnx_model_044,measure,24.46088293135968,24.461474565789104,24.472307997755706,10.833431966602802,True,
4975,onnx_model_054,measure,24.465469708887696,24.46582858171314,24.476780629716814,10.952048003673553,True,
4976,onnx_model_005,measure,24.466288489249436,24.467172807082534,24.477956094779074,10.783287696540356,True,
4977,onnx_model_028,measure,24.47557318274984,24.476510567124933,24.487348238006234,10.837670881301165,True,
4978,onnx_model_031,measure,24.48225692023679,24.483166087884456,24.49408960202709,10.923514142632484,True,
4979,onnx_model_080,measure,24.483295423307517,24.48341065272689,24.49422909785062,10.81844512373209,True,
4980,onnx_model_044,measure,24.4836917955027,24.484737284947187,24.495482760947198,10.745476000010967,True,
4981,onnx_model_092,measure,24.493315747244033,24.49356098799035,24.50462895585224,11.067967861890793,True,
4982,onnx_model_080,measure,24.50846063369421,24.508832505904138,24.519673854112625,10.841348208487034,True,
4983,onnx_model_030,measure,24.509393701452353,24.510175730101764,24.52097804285586,10.8023127540946,True,
4984,onnx_model_090,measure,24.512891440947342,24.513531568925828,24.524414686020464,10.883117094635963,True,
4985,onnx_model_025,measure,24.517811711567045,24.51888768002391,24.529688079841435,10.80039981752634,True,
4986,onnx_model_003,measure,24.525176917419643,24.52562522701919,24.53641565795988,10.790430940687656,True,
4987,onnx_model_017,measure,24.538701579725014,24.539628486149013,24.55041864607483,10.790159925818443,True,
4988,onnx_model_069,measure,24.546419409378032,24.54697429900989,24.55779546778649,10.821168776601553,True,
4989,onnx_model_031,measure,24.553055765970115,24.553639467805624,24.56443934701383,10.79987920820713,True,
4990,onnx_model_021,measure,24.55646170516182,24.556987702846527,24.567897520959377,10.90981811285019,True,
4991,onnx_model_075,measure,24.57269937276124,24.573100059758872,24.584025838878006,10.92577911913395,True,
4992,onnx_model_018,measure,24.573414786867183,24.574452742002904,24.58548117475584,11.028432752937078,True,
4993,onnx_model_023,measure,24.575600807417054,24.575793569907546,24.58655909402296,10.765524115413427,True,
4994,onnx_model_006,measure,24.57688406504386,24.57713766489178,24.587991015985608,10.853351093828678,True,
4995,onnx_model_037,measure,24.584109331113442,24.585225478745997,24.596017051953822,10.791573207825422,True,
4996,onnx_model_014,measure,24.593683352934093,24.59419333608821,24.60505594406277,10.862607974559069,True,
4997,onnx_model_032,measure,24.600370660922888,24.601224530953914,24.61210517399013,10.880643036216497,True,
4998,onnx_model_023,measure,24.615830483268073,24.61630823276937,24.627426287159324,11.118054389953613,True,
4999,onnx_model_023,measure,24.61869149164224,24.619682386983186,24.62751105800271,7.828671019524336,True,
5000,onnx_model_055,measure,24.62230366747233,24.62304127216339,24.633923728019,10.882455855607986,True,
5001,onnx_model_003,measure,24.631297301437712,24.63171664206311,24.642585162073374,10.868520010262728,True,
5002,onnx_model_026,measure,24.631800653941394,24.631958913058043,24.64296498382464,11.006070766597986,True,
5003,onnx_model_070,measure,24.63392486963302,24.634027945809066,24.644762000069022,10.734054259955883,True,
5004,onnx_model_076,measure,24.643240839306003,24.644166356883943,24.655218807049096,11.05245016515255,True,
5005,onnx_model_023,measure,24.652879104283087,24.654965514782816,24.665776275098324,10.81076031550765,True,
5006,onnx_model_075,measure,24.662516601101224,24.663420696742833,24.674329523928463,10.908827185630798,True,
5007,onnx_model_092,measure,24.668795080647982,24.669983862899244,24.68079157685861,10.807713959366083,True,
5008,onnx_model_018,measure,24.670164917948327,24.67134395800531,24.6822542170994,10.91025909408927,True,
5009,onnx_model_068,measure,24.68151435966382,24.681993641890585,24.692809061147273,10.815419256687164,True,
5010,onnx_model_092,measure,24.694566947404418,24.695022287778556,24.70587395504117,10.851667262613773,True,
5011,onnx_model_064,measure,24.705363751572765,24.705940381158143,24.716733768116683,10.793386958539486,True,
5012,onnx_model_029,measure,24.70800674431766,24.70828335499391,24.719441765919328,11.158410925418139,True,
5013,onnx_model_084,measure,24.708198960344117,24.708395027089864,24.719319502823055,10.924475733190775,True,
5014,onnx_model_098,measure,24.718508732627825,24.718936394900084,24.729863294865936,10.926899965852499,True,
5015,onnx_model_011,measure,24.727436549046285,24.727674544788897,24.738557120785117,10.882575996220112,True,
5016,onnx_model_050,measure,24.72853356852081,24.72901884978637,24.739829420112073,10.810570325702429,True,
5017,onnx_model_014,measure,24.73337368799716,24.734066805802286,24.744851585943252,10.784780140966177,True,
5018,onnx_model_061,measure,24.73572207577236,24.736417224165052,24.747215630020946,10.798405855894089,True,
5019,onnx_model_004,measure,24.736651027490915,24.737740398850292,24.74848953075707,10.74913190677762,True,
5020,onnx_model_033,measure,24.73818561399888,24.738636361900717,24.749404520727694,10.768158826977015,True,
5021,onnx_model_077,measure,24.740003727820742,24.741034750826657,24.751969567034394,10.93481620773673,True,
5022,onnx_model_042,measure,24.7406782202133,24.74115592101589,24.752052804920822,10.89688390493393,True,
5023,onnx_model_024,measure,24.742717466840496,24.743659059051424,24.754396209027618,10.737149976193905,True,
5024,onnx_model_087,measure,24.75570376486808,24.75659961812198,24.76738304598257,10.783427860587835,True,
5025,onnx_model_045,measure,24.75737454694574,24.757922942750156,24.768596692942083,10.673750191926956,True,
5026,onnx_model_084,measure,24.759692770394963,24.76021698396653,24.770951909013093,10.734925046563148,True,
5027,onnx_model_005,measure,24.761797742068307,24.76250493293628,24.773200403898954,10.695470962673426,True,
5028,onnx_model_014,measure,24.762812235082787,24.76379669783637,24.77441707579419,10.620377957820892,True,
5029,onnx_model_019,measure,24.763790131761912,24.764009181875736,24.774673443753272,10.664261877536774,True,
5030,onnx_model_049,measure,24.769155605115646,24.76976250903681,24.780369069892913,10.606560856103897,True,
5031,onnx_model_073,measure,24.781159286158374,24.781524736899883,24.792284419760108,10.759682860225439,True,
5032,onnx_model_011,measure,24.791345602478454,24.791828032117337,24.802584007848054,10.755975730717182,True,
5033,onnx_model_083,measure,24.795691109383952,24.796450628899038,24.807259465102106,10.808836203068495,True,
5034,onnx_model_013,measure,24.824093703100736,24.824477343820035,24.83540593786165,10.928594041615725,True,
5035,onnx_model_053,measure,24.82658115425876,24.826830486766994,24.837685179896653,10.854693129658699,True,
5036,onnx_model_046,measure,24.82826176982632,24.8291782499291,24.840276536066085,11.098286136984825,True,
5037,onnx_model_025,measure,24.82839860499862,24.82929081376642,24.840191685128957,10.900871362537146,True,
5038,onnx_model_044,measure,24.830243484330158,24.83069618511945,24.841668020933867,10.971835814416409,True,
5039,onnx_model_018,measure,24.844318694958602,24.84488336276263,24.85600207792595,11.118715163320303,True,
5040,onnx_model_030,measure,24.844519385175783,24.844995856750757,24.85589443286881,10.898576118052006,True,
5041,onnx_model_037,measure,24.84523679446581,24.846373905893415,24.85719968471676,10.8257788233459,True,
5042,onnx_model_018,measure,24.849566718387937,24.85072876373306,24.856027386151254,5.298622418195009,True,
5043,onnx_model_039,measure,24.849858431069762,24.850840816739947,24.86203254107386,11.191724333912134,True,
5044,onnx_model_004,measure,24.850538421273445,24.85093190986663,24.861929926089942,10.998016223311424,True,
5045,onnx_model_082,measure,24.851072760481376,24.851260815747082,24.862056736834347,10.795921087265015,True,
5046,onnx_model_010,measure,24.851573956602305,24.852584100794047,24.863417834043503,10.83373324945569,True,
5047,onnx_model_047,measure,24.86568458135001,24.866635701153427,24.87752006109804,10.884359944611788,True,
5048,onnx_model_071,measure,24.86579142096582,24.866751071065664,24.877629158087075,10.878087021410465,True,
5049,onnx_model_051,measure,24.86930397007114,24.870130895171314,24.880922398064286,10.791502892971039,True,
5050,onnx_model_068,measure,24.88541968003163,24.88613373413682,24.897025959100574,10.892224963754416,True,
5051,onnx_model_030,measure,24.913893145030517,24.914229429792613,24.925130892079324,10.90146228671074,True,
5052,onnx_model_057,measure,24.930137939820224,24.93033378198743,24.941296530887485,10.962748900055885,True,
5053,onnx_model_025,measure,24.9402203627616,24.940703162923455,24.951762715820223,11.059552896767855,True,
5054,onnx_model_087,measure,24.949856285918525,24.951498633716255,24.962318420875818,10.819787159562111,True,
5055,onnx_model_003,measure,24.952858105372226,24.953964099753648,24.96480986708775,10.845767334103584,True,
5056,onnx_model_023,measure,24.959700428453935,24.960309702903032,24.971132755745202,10.82305284217,True,
5057,onnx_model_001,measure,24.960574006613975,24.961662284098566,24.972563354764134,10.901070665568113,True,
5058,onnx_model_058,measure,24.96909704640498,24.970022374764085,24.981011724099517,10.989349335432053,True,
5059,onnx_model_044,measure,24.97046970290966,24.97120008384809,24.982065638061613,10.865554213523865,True,
5060,onnx_model_087,measure,24.98464458332772,24.985268495976925,24.996172181796283,10.903685819357634,True,
5061,onnx_model_062,measure,24.985325861460137,24.985510515980422,24.996456722728908,10.946206748485565,True,
5062,onnx_model_030,measure,24.98630345472219,24.98684776807204,24.997581060044467,10.73329197242856,True,
5063,onnx_model_013,measure,24.997299041759877,24.997656904160976,25.008527297060937,10.87039289996028,True,
5064,onnx_model_019,measure,25.007461545391735,25.008004053030163,25.018866050057113,10.861997026950121,True,
5065,onnx_model_049,measure,25.010059821259098,25.01074240775779,25.022070440929383,11.328033171594143,True,
5066,onnx_model_090,measure,25.010202676948985,25.010854992084205,25.022102471906692,11.247479822486639,True,
5067,onnx_model_067,measure,25.01571708625358,25.01622718386352,25.027001013047993,10.77382918447256,True,
5068,onnx_model_087,measure,25.021010199713015,25.0221651410684,25.032943869940937,10.778728872537613,True,
5069,onnx_model_015,measure,25.036706465267976,25.03714710008353,25.04797628475353,10.829184670001268,True,
5070,onnx_model_093,measure,25.04473372857604,25.04549275385216,25.056263086851686,10.770332999527454,True,
5071,onnx_model_069,measure,25.045779176106993,25.04686152609065,25.0580156580545,11.154131963849068,True,
5072,onnx_model_013,measure,25.05633130118351,25.057471002917737,25.068406770005822,10.935767088085413,True,
5073,onnx_model_035,measure,25.056938880706443,25.057594637852162,25.068445743992925,10.851106140762568,True,
5074,onnx_model_033,measure,25.057380953034514,25.057698315009475,25.068467354867607,10.7690398581326,True,
5075,onnx_model_071,measure,25.059673199850696,25.06021764408797,25.0709138661623,10.696222074329853,True,
5076,onnx_model_040,measure,25.071783139117752,25.072114698123187,25.082975183147937,10.860485024750233,True,
5077,onnx_model_033,measure,25.07357946527547,25.07446021679789,25.08524933597073,10.78911917284131,True,
5078,onnx_model_001,measure,25.07859585965684,25.07881987374276,25.089615524746478,10.795651003718376,True,
5079,onnx_model_064,measure,25.08802961129014,25.08845184277743,25.09931114502251,10.859302245080471,True,
5080,onnx_model_011,measure,25.08965224231913,25.090803031809628,25.10153162572533,10.728593915700912,True,
5081,onnx_model_060,measure,25.091705563626295,25.092146506067365,25.10290772188455,10.761215817183256,True,
5082,onnx_model_062,measure,25.092204646901834,25.092384519055486,25.103089657146484,10.705138090997934,True,
5083,onnx_model_090,measure,25.09457787283203,25.09571829577908,25.106442200019956,10.723904240876436,True,
5084,onnx_model_099,measure,25.09699418631737,25.098069705069065,25.10902309603989,10.953390970826149,True,
5085,onnx_model_065,measure,25.09771343058241,25.098181848879904,25.108959023840725,10.777174960821867,True,
5086,onnx_model_018,measure,25.099649917429623,25.100511427037418,25.11165345599875,11.142028961330652,True,
5087,onnx_model_027,measure,25.106561310630777,25.107600291725248,25.11833952507004,10.73923334479332,True,
5088,onnx_model_009,measure,25.112984018933645,25.113809755071998,25.124457243829966,10.647488757967949,True,
5089,onnx_model_037,measure,25.118959840225497,25.119505501817912,25.130290552973747,10.78505115583539,True,
5090,onnx_model_090,measure,25.12358042124506,25.123805394861847,25.134506195783615,10.70080092176795,True,
5091,onnx_model_016,measure,25.126841883943023,25.127632751129568,25.13837847672403,10.745725594460964,True,
5092,onnx_model_096,measure,25.138545030401676,25.139537279959768,25.150213242974132,10.675963014364243,True,
5093,onnx_model_079,measure,25.14041038145156,25.140835267025977,25.15147107373923,10.63580671325326,True,
5094,onnx_model_026,measure,25.141502240105556,25.142118164803833,25.152749915141612,10.631750337779522,True,
5095,onnx_model_068,measure,25.144106144354183,25.144399601966143,25.154944034758955,10.544432792812586,True,
5096,onnx_model_061,measure,25.153600977432678,25.153904179111123,25.16457927087322,10.67509176209569,True,
5097,onnx_model_043,measure,25.154339056287846,25.155000472906977,25.165589240845293,10.588767938315868,True,
5098,onnx_model_087,measure,25.15559102661484,25.156281156931072,25.16687862202525,10.597465094178915,True,
5099,onnx_model_032,measure,25.157653790299516,25.158558316063136,25.169273985084146,10.715669021010399,True,
5100,onnx_model_035,measure,25.162130957367665,25.162858679890633,25.17349917581305,10.640495922416449,True,
5101,onnx_model_043,measure,25.167548632344015,25.168035770766437,25.178756198845804,10.720428079366684,True,
5102,onnx_model_072,measure,25.167591404546076,25.168132775928825,25.178827123716474,10.69434778764844,True,
5103,onnx_model_001,measure,25.191158413185057,25.193028127774596,25.20386722171679,10.839093942195177,True,
5104,onnx_model_059,measure,25.19224114909495,25.193140701856464,25.20395347615704,10.812774300575256,True,
5105,onnx_model_029,measure,25.209385670293774,25.21015156712383,25.221017451956868,10.865884833037853,True,
5106,onnx_model_053,measure,25.211289228184206,25.211495651863515,25.222378358710557,10.882706847041845,True,
5107,onnx_model_028,measure,25.234580402469632,25.236580785829574,25.24746311083436,10.882325004786253,True,
5108,onnx_model_044,measure,25.23836796714335,25.23894202383235,25.249907557852566,10.965534020215273,True,
5109,onnx_model_040,measure,25.244215037602256,25.245288266800344,25.256102283019572,10.814016219228506,True,
5110,onnx_model_070,measure,25.251207712236596,25.252121716737747,25.262944960035384,10.823243297636509,True,
5111,onnx_model_046,measure,25.253901307964732,25.254466895014048,25.265330715104938,10.86382009088993,True,
5112,onnx_model_045,measure,25.260400868869652,25.26131522282958,25.27209337009117,10.778147261589766,True,
5113,onnx_model_027,measure,25.26301080528053,25.264145432040095,25.27497464697808,10.829214937984943,True,
5114,onnx_model_030,measure,25.26532964032744,25.265435924753547,25.276165750809014,10.729826055467129,True,
5115,onnx_model_001,measure,25.265940661919494,25.266743591055274,25.277710056863725,10.966465808451176,True,
5116,onnx_model_036,measure,25.26614295767807,25.266857707872987,25.27766534173861,10.807633865624666,True,
5117,onnx_model_048,measure,25.274575588139093,25.275041373912245,25.285789294168353,10.747920256108046,True,
5118,onnx_model_065,measure,25.282138742418308,25.28290916979313,25.293679803144187,10.770633351057768,True,
5119,onnx_model_026,measure,25.292182157236738,25.292996284086257,25.30383438616991,10.838102083653212,True,
5120,onnx_model_084,measure,25.302859820822928,25.30390094174072,25.315319146960974,11.418205220252275,True,
5121,onnx_model_013,measure,25.30368245791697,25.30400768481195,25.31487948074937,10.871795937418938,True,
5122,onnx_model_041,measure,25.314348496888215,25.3149456968531,25.325899487826973,10.953790973871946,True,
5123,onnx_model_071,measure,25.31461273407125,25.315053562168032,25.325983779039234,10.930216871201992,True,
5124,onnx_model_094,measure,25.327378976752527,25.328187147155404,25.339187786914408,11.000639759004116,True,
5125,onnx_model_034,measure,25.327541197294753,25.328299791086465,25.339155736844987,10.855945758521557,True,
5126,onnx_model_094,measure,25.33017948426294,25.330691257026047,25.339259423781186,8.568166755139828,True,
5127,onnx_model_083,measure,25.332885007418113,25.334037898108363,25.344918922055513,10.881023947149515,True,
5128,onnx_model_095,measure,25.35120348146413,25.352121201809496,25.362971688155085,10.850486345589161,True,
5129,onnx_model_019,measure,25.364050450160924,25.365272300783545,25.376254356000572,10.982055217027664,True,
5130,onnx_model_066,measure,25.376081580329586,25.376336582005024,25.387527003884315,11.190421879291534,True,
5131,onnx_model_024,measure,25.381516014566234,25.38180859386921,25.392828540876508,11.01994700729847,True,
5132,onnx_model_089,measure,25.381643083844338,25.381923472043127,25.392732247710228,10.808775667101145,True,
5133,onnx_model_066,measure,25.38363383858328,25.384311781730503,25.387564585078508,3.252803348004818,True,
5134,onnx_model_011,measure,25.38632798561778,25.386684531811625,25.3975672791712,10.882747359573841,True,
5135,onnx_model_092,measure,25.389083020368563,25.389766440726817,25.400529108941555,10.762668214738369,True,
5136,onnx_model_018,measure,25.391304664602345,25.39211094705388,25.402997190132737,10.88624307885766,True,
5137,onnx_model_009,measure,25.394287415023364,25.39502663910389,25.405739903915673,10.713264811784029,True,
5138,onnx_model_012,measure,25.395958824921493,25.396368770860136,25.407116631045938,10.747860185801983,True,
5139,onnx_model_060,measure,25.40159069365138,25.402737447060645,25.413537916727364,10.800469666719437,True,
5140,onnx_model_012,measure,25.41722474736175,25.417749241925776,25.428497181739658,10.747939813882113,True,
5141,onnx_model_013,measure,25.424444493756933,25.425099574029446,25.436029991135,10.930417105555534,True,
5142,onnx_model_027,measure,25.424720623378608,25.42521224776283,25.436094895005226,10.88264724239707,True,
5143,onnx_model_011,measure,25.427285131964148,25.427599695976824,25.4384878128767,10.888116899877787,True,
5144,onnx_model_010,measure,25.431872083485274,25.432715309783816,25.443484460934997,10.769151151180267,True,
5145,onnx_model_011,measure,25.433586851495864,25.434057903010398,25.438531787134707,4.4738841243088245,True,
5146,onnx_model_099,measure,25.44723390255385,25.447696467861533,25.45856770174578,10.871233884245157,True,
5147,onnx_model_088,measure,25.450212091840598,25.451047577895224,25.462005496956408,10.95791906118393,True,
5148,onnx_model_038,measure,25.450898951369222,25.451158918906003,25.462049640715122,10.890721809118986,True,
5149,onnx_model_011,measure,25.454730745121417,25.455539897084236,25.46625286107883,10.712963994592428,True,
5150,onnx_model_095,measure,25.456575473241774,25.456895363051444,25.467635489068925,10.740126017481089,True,
5151,onnx_model_022,measure,25.471409582922398,25.47183896880597,25.48268352309242,10.844554286450148,True,
5152,onnx_model_081,measure,25.472741340113604,25.47318825405091,25.484141814988106,10.953560937196016,True,
5153,onnx_model_029,measure,25.473827658528652,25.474529784172773,25.48527818499133,10.748400818556547,True,
5154,onnx_model_070,measure,25.47603505385517,25.476888917852193,25.487650745082647,10.761827230453491,True,
5155,onnx_model_071,measure,25.478122514476116,25.479235018137842,25.489942451007664,10.707432869821787,True,
5156,onnx_model_071,measure,25.481223913137338,25.48158294102177,25.490021131001413,8.43818997964263,True,
5157,onnx_model_012,measure,25.482988959556558,25.48388878395781,25.49467610893771,10.787324979901314,True,
5158,onnx_model_069,measure,25.48552038247315,25.486449452117085,25.497222559992224,10.773107875138521,True,
5159,onnx_model_018,measure,25.487953156634685,25.48880831571296,25.49952997593209,10.7216602191329,True,
5160,onnx_model_042,measure,25.503001657233167,25.50369633594528,25.514505732804537,10.809396859258413,True,
5161,onnx_model_084,measure,25.511863825929236,25.514029588084668,25.52509512193501,11.065533850342035,True,
5162,onnx_model_062,measure,25.523706401555636,25.524722413159907,25.535596863832325,10.874450672417879,True,
5163,onnx_model_092,measure,25.533042891997138,25.533307261765003,25.544150232803077,10.842971038073301,True,
5164,onnx_model_079,measure,25.53779264393805,25.5388115150854,25.549573943018913,10.762427933514118,True,
5165,onnx_model_003,measure,25.546915314927904,25.547352951020002,25.558187696151435,10.83474513143301,True,
5166,onnx_model_085,measure,25.554628462059338,25.55578341614455,25.566590347792953,10.806931648403406,True,
5167,onnx_model_049,measure,25.558736042648068,25.559386795852333,25.570276504848152,10.889708995819092,True,
5168,onnx_model_005,measure,25.5752047444353,25.575490295886993,25.586261541116983,10.77124522998929,True,
5169,onnx_model_087,measure,25.576588439248987,25.576844710856676,25.587661101017147,10.816390160471201,True,
5170,onnx_model_075,measure,25.583378074064303,25.584194601979107,25.595103848725557,10.909246746450663,True,
5171,onnx_model_014,measure,25.583420686324615,25.584310291800648,25.595188629813492,10.878338012844324,True,
5172,onnx_model_013,measure,25.588287565635255,25.588863075710833,25.599652765784413,10.78969007357955,True,
5173,onnx_model_037,measure,25.59067295260312,25.591211079154164,25.602023381739855,10.812302585691214,True,
5174,onnx_model_088,measure,25.59155130923755,25.592556065879762,25.60325664607808,10.700580198317766,True,
5175,onnx_model_014,measure,25.602526355064917,25.603322762064636,25.61407930776477,10.756545700132847,True,
5176,onnx_model_067,measure,25.603212958338922,25.60356087377295,25.614200959913433,10.640086140483618,True,
5177,onnx_model_002,measure,25.603910139073754,25.604885212145746,25.6156616457738,10.776433628052473,True,
5178,onnx_model_003,measure,25.611940509538876,25.612239821814,25.622983755078167,10.743933264166117,True,
5179,onnx_model_051,measure,25.637748998136427,25.63818677281961,25.649108153767884,10.921380948275328,True,
5180,onnx_model_091,measure,25.64706211613263,25.64853917201981,25.659600106999278,11.060934979468584,True,
5181,onnx_model_009,measure,25.647240567467904,25.64866709476337,25.65974798798561,11.080893222242594,True,
5182,onnx_model_007,measure,25.648034478932946,25.648760172072798,25.65971122775227,10.9510556794703,True,
5183,onnx_model_026,measure,25.66255225569297,25.66294663771987,25.673727500718087,10.780862998217344,True,
5184,onnx_model_030,measure,25.663251201802474,25.66429358907044,25.675213776994497,10.920187924057245,True,
5185,onnx_model_064,measure,25.663953442468664,25.664405011106282,25.67525348206982,10.848470963537693,True,
5186,onnx_model_070,measure,25.665220182649445,25.665748103987426,25.67669309908524,10.94499509781599,True,
5187,onnx_model_078,measure,25.66551319116012,25.665860186796635,25.676595453172922,10.735266376286745,True,
5188,onnx_model_057,measure,25.672625213614825,25.673266464844346,25.6840935559012,10.827091056853533,True,
5189,onnx_model_083,measure,25.67475692963042,25.675315720029175,25.686123134102672,10.807414073497057,True,
5190,onnx_model_032,measure,25.680310573868827,25.68089202977717,25.691595615819097,10.703586041927338,True,
5191,onnx_model_055,measure,25.68530963360361,25.68618909874931,25.696938722860068,10.749624110758305,True,
5192,onnx_model_079,measure,25.68768690126797,25.688529337756336,25.699356880038977,10.827542282640934,True,
5193,onnx_model_013,measure,25.693671380396356,25.694809254724532,25.70551774976775,10.708495043218136,True,
5194,onnx_model_021,measure,25.699969916391087,25.700557932723314,25.714426113758236,13.8681810349226,True,
5195,onnx_model_007,measure,25.717127420306607,25.71764871990308,25.72847761400044,10.828894097357988,True,
5196,onnx_model_092,measure,25.723918146572544,25.72499635675922,25.73590247798711,10.906121227890253,True,
5197,onnx_model_002,measure,25.725797184457022,25.726339358836412,25.73735611094162,11.016752105206251,True,
5198,onnx_model_029,measure,25.72802885902214,25.728544470854104,25.7392545491457,10.710078291594982,True,
5199,onnx_model_000,measure,25.729264960974994,25.72989619988948,25.74068880593404,10.79260604456067,True,
5200,onnx_model_083,measure,25.732336044342798,25.733247119933367,25.74415005510673,10.902935173362494,True,
5201,onnx_model_010,measure,25.732949980755134,25.73336097691208,25.744266946800053,10.905969887971878,True,
5202,onnx_model_063,measure,25.73663694910044,25.73711961088702,25.74786800192669,10.748391039669514,True,
5203,onnx_model_053,measure,25.73800727566209,25.73856063000858,25.74944955902174,10.888929013162851,True,
5204,onnx_model_083,measure,25.738358920071832,25.73868363397196,25.744304578751326,5.620944779366255,True,
5205,onnx_model_095,measure,25.739198980420156,25.73936684289947,25.75003491109237,10.668068192899227,True,
5206,onnx_model_061,measure,25.743612341840016,25.743898286949843,25.754534193780273,10.63590683043003,True,
5207,onnx_model_028,measure,25.744315836492802,25.745499500073493,25.756243893876672,10.744393803179264,True,
5208,onnx_model_013,measure,25.749147620070474,25.74950952315703,25.760275998152792,10.76647499576211,True,
5209,onnx_model_047,measure,25.75289062672238,25.75320519786328,25.763879627920687,10.674430057406425,True,
5210,onnx_model_017,measure,25.75953026399349,25.760344077832997,25.77119888085872,10.854803025722504,True,
5211,onnx_model_058,measure,25.759827109828233,25.760443335864693,25.77142674382776,10.983407963067293,True,
5212,onnx_model_094,measure,25.78556600874987,25.786647035740316,25.797658797819167,11.011762078851461,True,
5213,onnx_model_029,measure,25.790394735887915,25.790993317961693,25.802024555858225,11.03123789653182,True,
5214,onnx_model_011,measure,25.791105832894402,25.79134601773694,25.802148651797324,10.802634060382843,True,
5215,onnx_model_067,measure,25.792515695831998,25.793695313856006,25.804540378972888,10.845065116882324,True,
5216,onnx_model_043,measure,25.797816925864662,25.798858297988772,25.80978735210374,10.929054114967585,True,
5217,onnx_model_061,measure,25.810323011498692,25.810995538719,25.821815737057477,10.820198338478804,True,
5218,onnx_model_041,measure,25.813436302211993,25.814338984899223,25.825216110795736,10.877125896513462,True,
5219,onnx_model_014,measure,25.81930931099421,25.81968980608508,25.83049332210794,10.803516022861004,True,
5220,onnx_model_017,measure,25.81978680600113,25.81993403006345,25.830703170970082,10.769140906631947,True,
5221,onnx_model_006,measure,25.82825703102907,25.829418980050832,25.84027824178338,10.859261732548475,True,
5222,onnx_model_060,measure,25.831033220512346,25.831885688006878,25.842686989810318,10.801301803439856,True,
5223,onnx_model_059,measure,25.83399787660276,25.83419317472726,25.84496931778267,10.776143055409193,True,
5224,onnx_model_074,measure,25.835188350955637,25.83548020105809,25.84642791096121,10.947709903120995,True,
5225,onnx_model_020,measure,25.83579339651441,25.83683096896857,25.84805032471195,11.2193557433784,True,
5226,onnx_model_047,measure,25.83613176706187,25.836942540947348,25.847775351721793,10.832810774445534,True,
5227,onnx_model_074,measure,25.83656202594756,25.83703407505527,25.846456735860556,9.422660805284977,True,
5228,onnx_model_030,measure,25.84528862134797,25.846176432911307,25.856925585772842,10.74915286153555,True,
5229,onnx_model_028,measure,25.847596562281357,25.847833933774382,25.858485580887645,10.651647113263607,True,
5230,onnx_model_095,measure,25.8597152898269,25.860650456044823,25.871306020766497,10.655564721673727,True,
5231,onnx_model_053,measure,25.867626046350285,25.867949600797147,25.878662635106593,10.713034309446812,True,
5232,onnx_model_005,measure,25.876230621307887,25.876474314834923,25.88716220203787,10.687887202948332,True,
5233,onnx_model_027,measure,25.877452844591556,25.877767523750663,25.888486979994923,10.719456244260073,True,
5234,onnx_model_032,measure,25.88027805486106,25.88082826184109,25.891479989048094,10.651727207005024,True,
5235,onnx_model_012,measure,25.88081272359533,25.881044381763786,25.891758537851274,10.714156087487936,True,
5236,onnx_model_056,measure,25.90068914551061,25.901914923917502,25.912690146826208,10.775222908705473,True,
5237,onnx_model_061,measure,25.902002834852766,25.902136875782162,25.912867594044656,10.73071826249361,True,
5238,onnx_model_021,measure,25.90650783416747,25.907374812755734,25.918148673139513,10.77386038377881,True,
5239,onnx_model_043,measure,25.916550986481333,25.91706694616005,25.92796322889626,10.896282736212015,True,
5240,onnx_model_044,measure,25.925458724827916,25.926350963767618,25.937212150078267,10.861186310648918,True,
5241,onnx_model_006,measure,25.926617631368142,25.92770606977865,25.938489887863398,10.7838180847466,True,
5242,onnx_model_022,measure,25.936594030492873,25.93727834476158,25.94800558593124,10.727241169661283,True,
5243,onnx_model_002,measure,25.93848187272275,25.93859426677227,25.94933888083324,10.74461406096816,True,
5244,onnx_model_032,measure,25.945293775786233,25.945934468880296,25.956667340826243,10.732871945947409,True,
5245,onnx_model_075,measure,25.94596470086248,25.946172842755914,25.956998541019857,10.825698263943195,True,
5246,onnx_model_044,measure,25.949304438451158,25.949439322110265,25.960132718086243,10.693395975977182,True,
5247,onnx_model_011,measure,25.95122383047549,25.951732550747693,25.962491853162646,10.759302414953709,True,
5248,onnx_model_061,measure,25.95556060650717,25.956028726883233,25.966672158800066,10.643431916832924,True,
5249,onnx_model_045,measure,25.956639678936146,25.956776088103652,25.967457050923258,10.680962819606066,True,
5250,onnx_model_086,measure,25.960267164915788,25.96130483597517,25.97215757612139,10.85274014621973,True,
5251,onnx_model_054,measure,25.96098754925621,25.961403774097562,25.97241311194375,11.009337846189737,True,
5252,onnx_model_019,measure,25.961109367858498,25.961492131929845,25.972449691034853,10.95755910500884,True,
5253,onnx_model_053,measure,25.967915099951128,25.968632095027715,25.97928925184533,10.657156817615032,True,
5254,onnx_model_054,measure,25.970812755084882,25.97193792881444,25.982633268926293,10.695340111851692,True,
5255,onnx_model_011,measure,25.973782610700113,25.974610499106348,25.985250463709235,10.63996460288763,True,
5256,onnx_model_002,measure,25.983307586405683,25.983794145751745,25.99442207813263,10.627932380884886,True,
5257,onnx_model_037,measure,25.990355370802178,25.99141376884654,26.002079052850604,10.665284004062414,True,
5258,onnx_model_052,measure,25.992366958711017,25.99269902193919,26.003421674948186,10.72265300899744,True,
5259,onnx_model_012,measure,26.001005259947544,26.001582067925483,26.012355115730315,10.773047804832458,True,
5260,onnx_model_064,measure,26.004241405530912,26.004575938917696,26.01528216013685,10.706221219152212,True,
5261,onnx_model_031,measure,26.010859889825454,26.011876095086336,26.02266032481566,10.78422972932458,True,
5262,onnx_model_076,measure,26.012497766442532,26.0135047910735,26.024236280936748,10.73148986324668,True,
5263,onnx_model_091,measure,26.02021792952522,26.020445794798434,26.031200589146465,10.754794348031282,True,
5264,onnx_model_014,measure,26.02175385023089,26.022718274965882,26.0334659749642,10.747699998319149,True,
5265,onnx_model_004,measure,26.031194394700048,26.03130428586155,26.04208157211542,10.777286253869534,True,
5266,onnx_model_087,measure,26.040903732275716,26.041786951944232,26.05256529012695,10.778338182717562,True,
5267,onnx_model_010,measure,26.05647691251917,26.056776896119118,26.06753981485963,10.76291874051094,True,
5268,onnx_model_083,measure,26.0590494721639,26.060122846160084,26.071005441714078,10.882595553994179,True,
5269,onnx_model_008,measure,26.061740029432347,26.062467072159052,26.0733223259449,10.855253785848618,True,
5270,onnx_model_001,measure,26.062645323495897,26.063809733837843,26.074632255826145,10.82252198830247,True,
5271,onnx_model_032,measure,26.06482324158259,26.065142387058586,26.075778184924275,10.6357978656888,True,
5272,onnx_model_039,measure,26.067699826897233,26.068744955118746,26.079390570987016,10.645615868270397,True,
5273,onnx_model_006,measure,26.071142196582606,26.07220887998119,26.0831562387757,10.947358794510365,True,
5274,onnx_model_040,measure,26.07167077822147,26.07232017116621,26.083181155845523,10.860984679311514,True,
5275,onnx_model_045,measure,26.076369356660344,26.076937527861446,26.087658828124404,10.721300262957811,True,
5276,onnx_model_015,measure,26.077681391468396,26.07822615792975,26.0889811408706,10.754982940852642,True,
5277,onnx_model_000,measure,26.082556855197964,26.083236400969326,26.093973741866648,10.737340897321701,True,
5278,onnx_model_015,measure,26.084310851785855,26.084520833101124,26.08901700982824,4.496176727116108,True,
5279,onnx_model_054,measure,26.09953836309156,26.100126177072525,26.110994264949113,10.868087876588106,True,
5280,onnx_model_092,measure,26.107589492707422,26.10841136611998,26.119284003041685,10.872636921703815,True,
5281,onnx_model_063,measure,26.110484278695623,26.110740974079818,26.121482342015952,10.741367936134338,True,
5282,onnx_model_023,measure,26.115475103641085,26.11619937978685,26.127115258947015,10.915879160165787,True,
5283,onnx_model_093,measure,26.115926902109567,26.116310570854694,26.12719225510955,10.881684254854918,True,
5284,onnx_model_059,measure,26.1168726429803,26.117710441816598,26.128694179933518,10.983738116919994,True,
5285,onnx_model_094,measure,26.117319608557395,26.11782199377194,26.12865641899407,10.83442522212863,True,
5286,onnx_model_083,measure,26.1219207192175,26.122659990098327,26.133476129733026,10.81613963469863,True,
5287,onnx_model_083,measure,26.127969374473793,26.128345246892422,26.13378044916317,5.435202270746231,True,
5288,onnx_model_063,measure,26.132899951772227,26.13353855907917,26.1443247217685,10.786162689328194,True,
5289,onnx_model_051,measure,26.144462259108007,26.145490267779678,26.15631345100701,10.823183227330446,True,
5290,onnx_model_068,measure,26.14918538240586,26.149793127086014,26.160813094116747,11.019967030733824,True,
5291,onnx_model_062,measure,26.149670805051336,26.149894098751247,26.160772937815636,10.878839064389467,True,
5292,onnx_model_093,measure,26.152252733890517,26.153225450776517,26.163960376754403,10.734925977885723,True,
5293,onnx_model_065,measure,26.155570696864327,26.156379786785692,26.167358436156064,10.978649370372295,True,
5294,onnx_model_086,measure,26.155910223533635,26.15648810286075,26.167221636045724,10.733533184975386,True,
5295,onnx_model_045,measure,26.15806848918841,26.158842077944428,26.16950760083273,10.665522888302803,True,
5296,onnx_model_007,measure,26.159940070791915,26.160129385069013,26.17088730400428,10.757918935269117,True,
5297,onnx_model_094,measure,26.162405746444936,26.162968360818923,26.17363300314173,10.664642322808504,True,
5298,onnx_model_064,measure,26.16350128357479,26.164017896167934,26.17469107406214,10.673177894204855,True,
5299,onnx_model_092,measure,26.168487629873123,26.16956365806982,26.180248328018934,10.684669949114323,True,
5300,onnx_model_081,measure,26.17319751772434,26.17368999077007,26.184438433032483,10.748442262411118,True,
5301,onnx_model_035,measure,26.174283645853553,26.174747691955417,26.185328574851155,10.580882895737886,True,
5302,onnx_model_016,measure,26.179133715935993,26.180031104944646,26.19067253312096,10.641428176313639,True,
5303,onnx_model_002,measure,26.182166936408358,26.18240324407816,26.193121818825603,10.7185747474432,True,
5304,onnx_model_029,measure,26.205295027579297,26.207318904809654,26.218111199792475,10.79229498282075,True,
5305,onnx_model_071,measure,26.22417745249207,26.225314693059772,26.23620572499931,10.891031939536333,True,
5306,onnx_model_083,measure,26.22863957006638,26.229689529165626,26.24056294793263,10.873418767005205,True,
5307,onnx_model_086,measure,26.231100778717543,26.232036429923028,26.242843172047287,10.806742124259472,True,
5308,onnx_model_020,measure,26.232485506599446,26.23338609514758,26.24409181578085,10.705720633268356,True,
5309,onnx_model_021,measure,26.233735046261774,26.23475121986121,26.245540278963745,10.789059102535248,True,
5310,onnx_model_042,measure,26.234151883350773,26.23486461583525,26.24568689800799,10.822282172739506,True,
5311,onnx_model_042,measure,26.24601347503488,26.24688126798719,26.25759369088337,10.712422896176577,True,
5312,onnx_model_043,measure,26.24691247220581,26.247120001818985,26.257785374764353,10.66537294536829,True,
5313,onnx_model_081,measure,26.25038851966169,26.251445203088224,26.262231667060405,10.786463972181082,True,
5314,onnx_model_069,measure,26.255324803037723,26.25579705601558,26.266488939058036,10.69188304245472,True,
5315,onnx_model_052,measure,26.260301791968647,26.26095002098009,26.27167607890442,10.726057924330235,True,
5316,onnx_model_064,measure,26.267010442086033,26.26765068806708,26.278379160910845,10.728472843766212,True,
5317,onnx_model_072,measure,26.267729693328594,26.267877528909594,26.278493258170784,10.6157292611897,True,
5318,onnx_model_039,measure,26.27164647666517,26.2717662807554,26.282522587105632,10.75630635023117,True,
5319,onnx_model_093,measure,26.274881805488366,26.275054500903934,26.28575540194288,10.700901038944721,True,
5320,onnx_model_008,measure,26.290037724195226,26.2909141080454,26.301690241787583,10.776133742183447,True,
5321,onnx_model_004,measure,26.298521756043158,26.299197563901544,26.309968478046358,10.770914144814014,True,
5322,onnx_model_058,measure,26.304255952123476,26.30484422808513,26.31552016083151,10.675932746380568,True,
5323,onnx_model_074,measure,26.305995807477295,26.307126244995743,26.317880127113312,10.753882117569447,True,
5324,onnx_model_029,measure,26.30818498518693,26.30839975597337,26.318985677789897,10.585921816527843,True,
5325,onnx_model_024,measure,26.311448568584126,26.3121687900275,26.32285331003368,10.68452000617981,True,
5326,onnx_model_055,measure,26.326330141616815,26.32701077312231,26.337825760710984,10.81498758867383,True,
5327,onnx_model_088,measure,26.337126508542962,26.337303958833218,26.348194601014256,10.890642181038857,True,
5328,onnx_model_043,measure,26.343663272276224,26.344024403952062,26.354858057107776,10.833653155714273,True,
5329,onnx_model_014,measure,26.35252432314712,26.35340123809874,26.36436427710578,10.963039007037878,True,
5330,onnx_model_020,measure,26.35275779336211,26.35351102706045,26.364444999955595,10.933972895145416,True,
5331,onnx_model_078,measure,26.35694830476052,26.358070272952318,26.368923522997648,10.853250045329332,True,
5332,onnx_model_030,measure,26.360912895290713,26.36140357889235,26.372273731976748,10.870153084397316,True,
5333,onnx_model_043,measure,26.373146980042453,26.373435480054468,26.384224297944456,10.788817889988422,True,
5334,onnx_model_041,measure,26.377781413929,26.378729694057256,26.389465812128037,10.736118070781231,True,
5335,onnx_model_024,measure,26.380859310630104,26.38101202202961,26.391714266035706,10.702244006097317,True,
5336,onnx_model_003,measure,26.381472786816637,26.38229069299996,26.39290832495317,10.617631953209639,True,
5337,onnx_model_028,measure,26.388106022845907,26.38838998693973,26.399280437733978,10.890450794249773,True,
5338,onnx_model_078,measure,26.39833981815684,26.399060148745775,26.409874605946243,10.814457200467587,True,
5339,onnx_model_047,measure,26.405028695911533,26.405600131023675,26.41644017584622,10.84004482254386,True,
5340,onnx_model_076,measure,26.408091552567754,26.408963934984058,26.419737624004483,10.773689020425081,True,
5341,onnx_model_038,measure,26.416017452857687,26.416506532114,26.42729951813817,10.792986024171114,True,
5342,onnx_model_096,measure,26.422596646725417,26.422939038835466,26.433780488092452,10.84144925698638,True,
5343,onnx_model_095,measure,26.423067316331235,26.423181349877268,26.433899773750454,10.718423873186111,True,
5344,onnx_model_012,measure,26.43026513109017,26.43050087383017,26.441289742011577,10.788868181407452,True,
5345,onnx_model_085,measure,26.44288698519483,26.443501396104693,26.45430813776329,10.806741658598185,True,
5346,onnx_model_031,measure,26.44357962806957,26.44375330489129,26.454533104784787,10.77979989349842,True,
5347,onnx_model_079,measure,26.44843910342901,26.44907526113093,26.45993437198922,10.859110858291388,True,
5348,onnx_model_010,measure,26.450871649649596,26.451418856158853,26.462299588136375,10.880731977522373,True,
5349,onnx_model_010,measure,26.452597054878357,26.4537678710185,26.462338431738317,8.570560719817877,True,
5350,onnx_model_085,measure,26.453457731711232,26.453880704939365,26.46463895495981,10.758250020444393,True,
5351,onnx_model_046,measure,26.4549989605705,26.455738696735352,26.466431483160704,10.692786425352097,True,
5352,onnx_model_072,measure,26.458186391424157,26.459084968082607,26.470052545890212,10.967577807605267,True,
5353,onnx_model_014,measure,26.458960091984736,26.45919602876529,26.470123660750687,10.927631985396147,True,
5354,onnx_model_066,measure,26.46283558017168,26.46353585785255,26.474237971939147,10.702114086598158,True,
5355,onnx_model_035,measure,26.468872662418804,26.469592150766402,26.480268985964358,10.67683519795537,True,
5356,onnx_model_056,measure,26.469641463494007,26.46984126372263,26.480511276051402,10.670012328773737,True,
5357,onnx_model_004,measure,26.47093135333878,26.471276943106204,26.481899364851415,10.622421745210886,True,
5358,onnx_model_048,measure,26.471714691065934,26.472567475866526,26.48326441971585,10.69694384932518,True,
5359,onnx_model_062,measure,26.47187622772716,26.472675221040845,26.483328502159566,10.65328111872077,True,
5360,onnx_model_007,measure,26.479220198661757,26.47939297091216,26.490016505122185,10.623534210026264,True,
5361,onnx_model_056,measure,26.487412304945497,26.488479122053832,26.499122112989426,10.642990935593843,True,
5362,onnx_model_023,measure,26.489360098295865,26.489776098169386,26.500396626070142,10.620527900755405,True,
5363,onnx_model_016,measure,26.4900584843033,26.49116753274575,26.501872160006315,10.704627260565758,True,
5364,onnx_model_020,measure,26.49206759495697,26.492444920819253,26.503120113164186,10.675192344933748,True,
5365,onnx_model_022,measure,26.49748688648747,26.49772268300876,26.508410087786615,10.687404777854681,True,
5366,onnx_model_076,measure,26.504519329245557,26.505320135038346,26.516109653748572,10.78951871022582,True,
5367,onnx_model_067,measure,26.50660725368282,26.5076742391102,26.518308152910322,10.633913800120354,True,
5368,onnx_model_006,measure,26.50849381149696,26.509623664896935,26.520452348981053,10.828684084117413,True,
5369,onnx_model_068,measure,26.508495499236844,26.50973563781008,26.520529695786536,10.794057976454496,True,
5370,onnx_model_059,measure,26.5167940889109,26.517307520844042,26.52808028878644,10.772767942398787,True,
5371,onnx_model_035,measure,26.518249490911778,26.518399606924504,26.529119614046067,10.720007121562958,True,
5372,onnx_model_099,measure,26.53065074258136,26.53131570899859,26.542118343058974,10.802634060382843,True,
5373,onnx_model_019,measure,26.531011183953904,26.531426419038326,26.542191612068564,10.765193030238152,True,
5374,onnx_model_006,measure,26.548519878209724,26.54938945407048,26.560188160743564,10.79870667308569,True,
5375,onnx_model_017,measure,26.555245288984437,26.555732450913638,26.566596473101526,10.864022187888622,True,
5376,onnx_model_007,measure,26.55790719189709,26.559075015131384,26.56983234314248,10.757328011095524,True,
5377,onnx_model_078,measure,26.56226355256301,26.56338944612071,26.574250081088394,10.860634967684746,True,
5378,onnx_model_029,measure,26.56703238396918,26.567807835061103,26.578679400961846,10.871565900743008,True,
5379,onnx_model_039,measure,26.569323598109545,26.56989752687514,26.580594832077622,10.69730520248413,True,
5380,onnx_model_054,measure,26.570045583485246,26.571245089173317,26.582355027087033,11.10993791371584,True,
5381,onnx_model_057,measure,26.57051629585521,26.57145422603935,26.582275276072323,10.82105003297329,True,
5382,onnx_model_040,measure,26.57066697302522,26.571548014879227,26.582414730917662,10.866716038435698,True,
5383,onnx_model_022,measure,26.571790362650358,26.572982140816748,26.58371456200257,10.732421185821295,True,
5384,onnx_model_050,measure,26.576567530007804,26.57745161699131,26.588112961966544,10.661344975233078,True,
5385,onnx_model_077,measure,26.58077220448008,26.581779113039374,26.592441429849714,10.66231681033969,True,
5386,onnx_model_028,measure,26.585934244696816,26.586870280094445,26.597487441729754,10.617161635309458,True,
5387,onnx_model_009,measure,26.606130509950326,26.607699122745544,26.618577140849084,10.878018103539944,True,
5388,onnx_model_075,measure,26.609686639990542,26.61004484212026,26.620960852131248,10.91601001098752,True,
5389,onnx_model_058,measure,26.619308170804604,26.619746553711593,26.630559077020735,10.812523309141397,True,
5390,onnx_model_069,measure,26.625614551402244,26.626161728054285,26.636849593836814,10.687865782529116,True,
5391,onnx_model_064,measure,26.633841409742082,26.63476028200239,26.64559312397614,10.832841973751783,True,
5392,onnx_model_060,measure,26.63559538654833,26.636101983021945,26.64686396997422,10.761986952275038,True,
5393,onnx_model_042,measure,26.645341097920728,26.645669298712164,26.656462865881622,10.793567169457674,True,
5394,onnx_model_093,measure,26.65424768401296,26.655064567923546,26.666006327141076,10.941759217530489,True,
5395,onnx_model_096,measure,26.659528892812205,26.660694028716534,26.671492334920913,10.798306204378605,True,
5396,onnx_model_079,measure,26.661033155239473,26.662062449846417,26.67297477275133,10.912322904914618,True,
5397,onnx_model_006,measure,26.664781517731864,26.665402949787676,26.676168674137443,10.76572434976697,True,
5398,onnx_model_049,measure,26.665893467236263,26.666098242159933,26.676937947049737,10.839704889804125,True,
5399,onnx_model_099,measure,26.667494799349715,26.668442316818982,26.67949000792578,11.047691106796265,True,
5400,onnx_model_065,measure,26.668225274609558,26.668552606832236,26.679406167939305,10.853561107069254,True,
5401,onnx_model_039,measure,26.684519233206732,26.68569740699604,26.696472418960184,10.775011964142323,True,
5402,onnx_model_085,measure,26.690910051906545,26.692040665075183,26.70284415083006,10.803485754877329,True,
5403,onnx_model_025,measure,26.692000875356474,26.692277854774147,26.702939381822944,10.661527048796415,True,
5404,onnx_model_083,measure,26.698144066254983,26.698684943839908,26.709462461061776,10.777517221868038,True,
5405,onnx_model_009,measure,26.70057338750905,26.701045101042837,26.71182662481442,10.781523771584034,True,
5406,onnx_model_098,measure,26.706330490975894,26.70713650016114,26.717844835016876,10.708334855735302,True,
5407,onnx_model_036,measure,26.707688094658877,26.708476677071303,26.719246468972415,10.769791901111603,True,
5408,onnx_model_052,measure,26.718978371892437,26.71931279497221,26.73015767009929,10.844875127077103,True,
5409,onnx_model_024,measure,26.723027757337636,26.723664097022265,26.73434958793223,10.685490909963846,True,
5410,onnx_model_020,measure,26.725084163418252,26.72600628901273,26.736819041892886,10.81275288015604,True,
5411,onnx_model_070,measure,26.73573658126463,26.73657432710752,26.747538467869163,10.964140761643648,True,
5412,onnx_model_022,measure,26.745524931060086,26.747030362021178,26.757937364745885,10.907002724707127,True,
5413,onnx_model_002,measure,26.746123365116965,26.747255419846624,26.75797938508913,10.723965242505074,True,
5414,onnx_model_020,measure,26.762850584766223,26.763178126886487,26.77400908479467,10.830957908183336,True,
5415,onnx_model_056,measure,26.766323938624577,26.766528124921024,26.777427522931248,10.899398010224104,True,
5416,onnx_model_078,measure,26.767637968588758,26.767878701910377,26.778726573102176,10.84787119179964,True,
5417,onnx_model_067,measure,26.77427090651843,26.775211289990693,26.786155043169856,10.94375317916274,True,
5418,onnx_model_067,measure,26.774713949133005,26.775322081055492,26.78619543975219,10.873358696699142,True,
5419,onnx_model_004,measure,26.78343936723267,26.783936956897378,26.79469913383946,10.76217694208026,True,
5420,onnx_model_017,measure,26.786273997844983,26.7874046578072,26.798342228867114,10.937571059912443,True,
5421,onnx_model_071,measure,26.786757217171022,26.78751509776339,26.79869382781908,11.178730055689812,True,
5422,onnx_model_035,measure,26.787675512881115,26.787805770989507,26.798735226038843,10.929455049335957,True,
5423,onnx_model_061,measure,26.79691693056251,26.79791039787233,26.808947869110852,11.037471238523722,True,
5424,onnx_model_056,measure,26.802966915819283,26.8039325857535,26.81469777878374,10.765193030238152,True,
5425,onnx_model_082,measure,26.805796100480368,26.8062746678479,26.817096057813615,10.821389965713024,True,
5426,onnx_model_028,measure,26.81134639757049,26.812149215023965,26.82292910479009,10.779889766126871,True,
5427,onnx_model_044,measure,26.81679693171865,26.817162273917347,26.82798013696447,10.817863047122955,True,
5428,onnx_model_012,measure,26.822221457431944,26.82250205380842,26.833380391821265,10.878338012844324,True,
5429,onnx_model_035,measure,26.823708737778812,26.82413691096008,26.834992395713925,10.855484753847122,True,
5430,onnx_model_035,measure,26.827834051920778,26.82804584177211,26.835035687778145,6.989846006035805,True,
5431,onnx_model_041,measure,26.830268755822807,26.831388745922595,26.842152686789632,10.763940867036581,True,
5432,onnx_model_039,measure,26.85181294747919,26.852362183853984,26.8632325171493,10.870333295315504,True,
5433,onnx_model_061,measure,26.85442783889651,26.854713452979922,26.865585228893906,10.871775913983583,True,
5434,onnx_model_048,measure,26.854771367771836,26.854949402157217,26.86568428715691,10.73488499969244,True,
5435,onnx_model_004,measure,26.860265118088844,26.861278823111206,26.872176899109036,10.898075997829437,True,
5436,onnx_model_040,measure,26.860335873014,26.86139089614153,26.872261920012534,10.871023871004581,True,
5437,onnx_model_047,measure,26.862794858703896,26.86329803103581,26.874068044126034,10.770013090223074,True,
5438,onnx_model_017,measure,26.864119179298253,26.86464793700725,26.875420063734055,10.772126726806164,True,
5439,onnx_model_035,measure,26.870226305340392,26.8708817968145,26.881668581161648,10.78678434714675,True,
5440,onnx_model_005,measure,26.879522585258446,26.880646016914397,26.891259843017906,10.613826103508472,True,
5441,onnx_model_001,measure,26.881623840317,26.88176763895899,26.892338051926345,10.57041296735406,True,
5442,onnx_model_015,measure,26.893451313204267,26.894494532141834,26.905050586909056,10.556054767221212,True,
5443,onnx_model_045,measure,26.89696803981955,26.89779278077185,26.90835917601362,10.566395241767168,True,
5444,onnx_model_099,measure,26.901907964014946,26.90207561198622,26.912618473172188,10.542861185967922,True,
5445,onnx_model_010,measure,26.903479615774746,26.904358511790633,26.914864962920547,10.50645112991333,True,
5446,onnx_model_071,measure,26.91499853483619,26.91601447807625,26.926560595165938,10.546117089688778,True,
5447,onnx_model_030,measure,26.92031398600535,26.921298261731863,26.93197021773085,10.67195599898696,True,
5448,onnx_model_090,measure,26.923943781402453,26.924576492980123,26.935106058139354,10.529565159231424,True,
5449,onnx_model_081,measure,26.927417284191797,26.927695021033287,26.938281694892794,10.586673859506845,True,
5450,onnx_model_034,measure,26.936578136170066,26.93725736811757,26.947846004739404,10.588636621832848,True,
5451,onnx_model_086,measure,26.937425084071897,26.938339674845338,26.948921740055084,10.58206520974636,True,
5452,onnx_model_098,measure,26.945202314307505,26.945630713831633,26.956235513091087,10.604799259454012,True,
5453,onnx_model_063,measure,26.958606683729716,26.959388645831496,26.97025446081534,10.865814983844757,True,
5454,onnx_model_045,measure,26.979562243499313,26.98044146504253,26.991305064875633,10.863599833101034,True,
5455,onnx_model_099,measure,26.985169863089315,26.985779952723533,26.996720178984106,10.940226260572672,True,
5456,onnx_model_052,measure,26.98528015657228,26.98588277772069,26.99679989973083,10.917122010141611,True,
5457,onnx_model_095,measure,26.98938719932463,26.9902645368129,27.00106228189543,10.797745082527399,True,
5458,onnx_model_032,measure,26.990333200854508,26.990503090899438,27.00135411694646,10.85102604702115,True,
5459,onnx_model_061,measure,26.991569483428428,26.992474667727947,27.00318633997813,10.711672250181437,True,
5460,onnx_model_066,measure,27.01917037099888,27.019353550858796,27.030072706751525,10.71915589272976,True,
5461,onnx_model_045,measure,27.02840976303005,27.029701661784202,27.04046167479828,10.76001301407814,True,
5462,onnx_model_096,measure,27.031360601506453,27.032234827056527,27.04290865594521,10.673828888684511,True,
5463,onnx_model_046,measure,27.03426719035953,27.03456453513354,27.0452860458754,10.721510741859674,True,
5464,onnx_model_033,measure,27.045880642814748,27.046486206818372,27.057207737118006,10.721530299633741,True,
5465,onnx_model_071,measure,27.048008400386273,27.048805264756083,27.05953631317243,10.731048416346312,True,
5466,onnx_model_008,measure,27.048696095366555,27.04890618706122,27.059842776041478,10.936588980257511,True,
5467,onnx_model_009,measure,27.053474600397614,27.054251708090305,27.064984609838575,10.732901748269796,True,
5468,onnx_model_019,measure,27.059227461064392,27.05959743913263,27.07031111512333,10.713675990700722,True,
5469,onnx_model_070,measure,27.061025265131487,27.062000306788832,27.072529261000454,10.528954211622477,True,
5470,onnx_model_029,measure,27.066859858501434,27.06715105799958,27.077760674990714,10.609616991132498,True,
5471,onnx_model_015,measure,27.067881031295222,27.06843759305775,27.07912851497531,10.690921917557716,True,
5472,onnx_model_022,measure,27.072766219347145,27.073687702883035,27.08431067597121,10.622973088175058,True,
5473,onnx_model_092,measure,27.073641493630596,27.07390200998634,27.08458388503641,10.681875050067902,True,
5474,onnx_model_029,measure,27.07797698167702,27.078912625089288,27.089525238145143,10.612613055855036,True,
5475,onnx_model_076,measure,27.083206332913694,27.08436693297699,27.09498327272013,10.61633974313736,True,
5476,onnx_model_042,measure,27.090190865314256,27.09069922985509,27.101344293914735,10.645064059644938,True,
5477,onnx_model_043,measure,27.094551051502858,27.095052093733102,27.10567112872377,10.619034990668297,True,
5478,onnx_model_090,measure,27.10031759285341,27.101406964007765,27.112008925992996,10.601961985230446,True,
5479,onnx_model_085,measure,27.103411703426197,27.10371312685311,27.114285703748465,10.572576895356178,True,
5480,onnx_model_018,measure,27.1044647954336,27.104995375033468,27.115657852962613,10.662477929145098,True,
5481,onnx_model_007,measure,27.11495032153174,27.115435861051083,27.12597817974165,10.542318690568209,True,
5482,onnx_model_097,measure,27.11993013067259,27.120811177883297,27.131404174026102,10.592996142804623,True,
5483,onnx_model_039,measure,27.12291466179555,27.12308894796297,27.133621338754892,10.532390791922808,True,
5484,onnx_model_096,measure,27.131402322297085,27.131491871085018,27.142106648068875,10.614776983857155,True,
5485,onnx_model_046,measure,27.135392322489675,27.1357750329189,27.14662588806823,10.850855149328709,True,
5486,onnx_model_077,measure,27.140020312310345,27.141056060791016,27.151786227710545,10.730166919529438,True,
5487,onnx_model_086,measure,27.156091934595306,27.156940766144544,27.167761024087667,10.820257943123579,True,
5488,onnx_model_020,measure,27.15712574277399,27.158223254140466,27.168920897878706,10.697643738240004,True,
5489,onnx_model_071,measure,27.16210041521916,27.16249855980277,27.173271919135004,10.773359332233667,True,
5490,onnx_model_026,measure,27.16629493345287,27.16678487788886,27.17745555192232,10.670674033463001,True,
5491,onnx_model_080,measure,27.16916934976182,27.170070653781295,27.180755042936653,10.684389155358076,True,
5492,onnx_model_062,measure,27.172248187763692,27.173328266013414,27.18405657913536,10.728313121944666,True,
5493,onnx_model_091,measure,27.18079541484732,27.181919577065855,27.192717993166298,10.79841610044241,True,
5494,onnx_model_013,measure,27.18143942437122,27.182015940081328,27.192794147878885,10.778207797557116,True,
5495,onnx_model_099,measure,27.18673809517976,27.187209852971137,27.197885015048087,10.675162076950073,True,
5496,onnx_model_041,measure,27.18802945544875,27.188495357055217,27.199222306720912,10.726949665695429,True,
5497,onnx_model_066,measure,27.188378222488435,27.188592821825296,27.19934862712398,10.755805298686028,True,
5498,onnx_model_089,measure,27.190064112959448,27.190928902942687,27.202551514841616,11.62261189892888,True,
5499,onnx_model_071,measure,27.197373489013483,27.197956080082804,27.208686687983572,10.730607900768518,True,
5500,onnx_model_077,measure,27.199630873676515,27.200500226113945,27.21126217301935,10.76194690540433,True,
5501,onnx_model_088,measure,27.208813380291712,27.209839078132063,27.220662992913276,10.823914781212807,True,
5502,onnx_model_075,measure,27.21144266715762,27.21241400297731,27.223051602952182,10.637599974870682,True,
5503,onnx_model_063,measure,27.212401908094794,27.212637507822365,27.223211446776986,10.573938954621553,True,
5504,onnx_model_072,measure,27.221643718083637,27.221814231015742,27.23235087003559,10.536639019846916,True,
5505,onnx_model_044,measure,27.223415155124435,27.224360460881144,27.234895517118275,10.535056237131357,True,
5506,onnx_model_039,measure,27.22975285308499,27.230659435037524,27.241295733023435,10.63629798591137,True,
5507,onnx_model_049,measure,27.234853599957116,27.2349769519642,27.24549808073789,10.52112877368927,True,
5508,onnx_model_098,measure,27.241843087299877,27.242444365751,27.25312758376822,10.683218017220497,True,
5509,onnx_model_006,measure,27.242890045429768,27.243697417899966,27.25423642108217,10.539003182202578,True,
5510,onnx_model_007,measure,27.25358174207703,27.254291235934943,27.265007244888693,10.716008953750134,True,
5511,onnx_model_072,measure,27.255368384907634,27.255571528803557,27.266329628881067,10.75810007750988,True,
5512,onnx_model_026,measure,27.264324894644957,27.265075244940817,27.275832121726125,10.756876785308123,True,
5513,onnx_model_093,measure,27.271583407213054,27.272494446951896,27.28313582483679,10.64137788489461,True,
5514,onnx_model_033,measure,27.276653731579035,27.276982287876308,27.287622494157404,10.640206281095743,True,
5515,onnx_model_017,measure,27.286866847961978,27.287297174800187,27.297964442055672,10.667267255485058,True,
5516,onnx_model_037,measure,27.293735390926507,27.294774788897485,27.305375990923494,10.60120202600956,True,
5517,onnx_model_056,measure,27.301062050528653,27.302127685863525,27.312776988837868,10.6493029743433,True,
5518,onnx_model_067,measure,27.313553840304067,27.313927605748177,27.32449472276494,10.567117016762495,True,
5519,onnx_model_091,measure,27.31543174056002,27.316211667843163,27.326919281855226,10.70761401206255,True,
5520,onnx_model_024,measure,27.315826765417537,27.316308992914855,27.32683141482994,10.522421915084124,True,
5521,onnx_model_073,measure,27.321951649837185,27.32265322189778,27.333233524113894,10.580302216112614,True,
5522,onnx_model_025,measure,27.324006192942004,27.32455923501402,27.335173562169075,10.614327155053616,True,
5523,onnx_model_010,measure,27.3280405597311,27.329072364140302,27.339571511838585,10.499147698283195,True,
5524,onnx_model_086,measure,27.334272141879286,27.335229417774826,27.345940217841417,10.71080006659031,True,
5525,onnx_model_038,measure,27.337449031923306,27.3385141720064,27.34914302593097,10.628853924572468,True,
5526,onnx_model_036,measure,27.338363425816805,27.338622567709535,27.349212368018925,10.58980030938983,True,
5527,onnx_model_099,measure,27.344908758592364,27.345728205051273,27.35628551291302,10.557307861745358,True,
5528,onnx_model_018,measure,27.352186932324983,27.352362364996225,27.363044790923595,10.682425927370787,True,
5529,onnx_model_005,measure,27.35455265606309,27.355653220787644,27.366281643975526,10.628423187881708,True,
5530,onnx_model_097,measure,27.35577730121348,27.35586571507156,27.366509818006307,10.644102934747934,True,
5531,onnx_model_093,measure,27.361312851395695,27.36243804777041,27.373183272778988,10.745225008577108,True,
5532,onnx_model_053,measure,27.37298125011974,27.373244729824364,27.384065058082342,10.820328257977962,True,
5533,onnx_model_038,measure,27.378806846402263,27.379544193856418,27.390165193006396,10.62099914997816,True,
5534,onnx_model_016,measure,27.382936095627574,27.383846902754158,27.39448964316398,10.642740409821272,True,
5535,onnx_model_083,measure,27.388960155222993,27.389242378994823,27.39981760084629,10.575221851468086,True,
5536,onnx_model_052,measure,27.39144368544755,27.3923242171295,27.40289864782244,10.57443069294095,True,
5537,onnx_model_040,measure,27.397710224270636,27.39865151513368,27.40927383583039,10.62232069671154,True,
5538,onnx_model_041,measure,27.4081760911487,27.40905180387199,27.419654117897153,10.60231402516365,True,
5539,onnx_model_047,measure,27.41450080237491,27.415438904892653,27.426032993011177,10.59408811852336,True,
5540,onnx_model_064,measure,27.415947986883868,27.416700433008373,27.427268491126597,10.568058118224144,True,
5541,onnx_model_097,measure,27.42237137520952,27.422814204823226,27.433503933716565,10.689728893339634,True,
5542,onnx_model_014,measure,27.422680205517615,27.422910797875375,27.43354203691706,10.631239041686058,True,
5543,onnx_model_065,measure,27.424685185229052,27.42523872293532,27.43576176604256,10.523043107241392,True,
5544,onnx_model_060,measure,27.426040799453766,27.426133865024894,27.436622752808034,10.488887783139944,True,
5545,onnx_model_003,measure,27.426794278283964,27.427326802164316,27.437889279797673,10.562477633357048,True,
5546,onnx_model_099,measure,27.426803018536827,27.42742155212909,27.437955755740404,10.534203611314297,True,
5547,onnx_model_029,measure,27.431940456381366,27.43274713587016,27.44326395681128,10.516820941120386,True,
5548,onnx_model_091,measure,27.438712552264953,27.439105893019587,27.449903647881,10.797754861414433,True,
5549,onnx_model_024,measure,27.44536510772542,27.44643688807264,27.456974498927593,10.537610854953527,True,
5550,onnx_model_093,measure,27.45438392518082,27.455071702133864,27.465674094855785,10.602392721921206,True,
5551,onnx_model_003,measure,27.454514941880728,27.455168466083705,27.465750780887902,10.582314804196358,True,
5552,onnx_model_064,measure,27.455328060299024,27.45543147576973,27.46590416273102,10.47268696129322,True,
5553,onnx_model_047,measure,27.458225312995417,27.459127040114254,27.469640395138413,10.513355024158955,True,
5554,onnx_model_004,measure,27.462341351111135,27.463405512738973,27.4738955530338,10.49004029482603,True,
5555,onnx_model_034,measure,27.47143515546077,27.471799970138818,27.4823271301575,10.52716001868248,True,
5556,onnx_model_051,measure,27.472698688926624,27.473104630131274,27.483704508747905,10.599878616631031,True,
5557,onnx_model_042,measure,27.47743789740902,27.478060340043157,27.488661280833185,10.60094079002738,True,
5558,onnx_model_076,measure,27.484108257737233,27.48486153781414,27.49555341200903,10.69187419489026,True,
5559,onnx_model_088,measure,27.4842161069535,27.484960115049034,27.495590492151678,10.630377102643251,True,
5560,onnx_model_072,measure,27.48733250413762,27.488282911013812,27.49884630087763,10.563389863818884,True,
5561,onnx_model_034,measure,27.508886798419343,27.509999271016568,27.520563662983477,10.56439196690917,True,
5562,onnx_model_018,measure,27.51252947650276,27.513286049012095,27.523870347999036,10.584298986941576,True,
5563,onnx_model_014,measure,27.513249693910087,27.51349470578134,27.52414733497426,10.652629192918539,True,
5564,onnx_model_006,measure,27.513552824166826,27.51371448393911,27.52421175688505,10.497272945940495,True,
5565,onnx_model_051,measure,27.515274619592457,27.516012922860682,27.527009084820747,10.996161960065365,True,
5566,onnx_model_020,measure,27.51552008104993,27.516121379099786,27.52691038697958,10.789007879793644,True,
5567,onnx_model_053,measure,27.51580908835458,27.516221810132265,27.52704413095489,10.822320822626352,True,
5568,onnx_model_023,measure,27.51593778032247,27.516326718963683,27.527115446981043,10.788728017359972,True,
5569,onnx_model_051,measure,27.51874374905012,27.51980889774859,27.527062345761806,7.253448013216257,True,
5570,onnx_model_010,measure,27.5236842135317,27.523926574736834,27.534473673906177,10.54709916934371,True,
5571,onnx_model_068,measure,27.524368379132518,27.525360610801727,27.536075509153306,10.714898351579905,True,
5572,onnx_model_076,measure,27.531732908242226,27.532273951917887,27.542829426936805,10.555475018918514,True,
5573,onnx_model_021,measure,27.537276698245986,27.538225675933063,27.54875548183918,10.529805906116962,True,
5574,onnx_model_034,measure,27.567327650823835,27.56792452884838,27.57864433573559,10.719806887209415,True,
5575,onnx_model_055,measure,27.57669102314203,27.57821566099301,27.589033775031567,10.818114038556814,True,
5576,onnx_model_028,measure,27.577634050141505,27.57831330690533,27.5891230548732,10.809747967869043,True,
5577,onnx_model_005,measure,27.578718312233622,27.579797086771578,27.59041129378602,10.61420701444149,True,
5578,onnx_model_039,measure,27.59105847165923,27.591586607974023,27.602354435715824,10.767827741801739,True,
5579,onnx_model_045,measure,27.60609045832787,27.606508823111653,27.617348928004503,10.840104892849922,True,
5580,onnx_model_091,measure,27.61370474715877,27.61480623483658,27.625526322051883,10.720087215304375,True,
5581,onnx_model_033,measure,27.6167424265617,27.617096979171038,27.627672962844372,10.575983673334122,True,
5582,onnx_model_047,measure,27.617806893221672,27.61850795103237,27.62919826200232,10.690310969948769,True,
5583,onnx_model_027,measure,27.619631919389935,27.61981861293316,27.630466973874718,10.648360941559076,True,
5584,onnx_model_005,measure,27.63102153958049,27.631628120783716,27.64225941011682,10.631289333105087,True,
5585,onnx_model_014,measure,27.63828505566939,27.63891634484753,27.64962252601981,10.706181172281504,True,
5586,onnx_model_095,measure,27.639927965999302,27.640192390885204,27.650845620781183,10.653229895979166,True,
5587,onnx_model_015,measure,27.64213579307853,27.64233834017068,27.652963406872004,10.625066701322794,True,
5588,onnx_model_077,measure,27.645890968944585,27.646651778835803,27.657248260919005,10.596482083201408,True,
5589,onnx_model_062,measure,27.649271162911052,27.64968401286751,27.660335599910468,10.651587042957544,True,
5590,onnx_model_013,measure,27.660117940643463,27.66039233794436,27.67101163417101,10.619296226650476,True,
5591,onnx_model_046,measure,27.662931321919743,27.66368409479037,27.674243536777794,10.559441987425089,True,
5592,onnx_model_025,measure,27.665758046753126,27.66596434917301,27.67653816891834,10.573819745332003,True,
5593,onnx_model_079,measure,27.666352409785652,27.66725711710751,27.67793976282701,10.682645719498396,True,
5594,onnx_model_086,measure,27.6668370420871,27.667370652779937,27.67800888372585,10.638230945914984,True,
5595,onnx_model_083,measure,27.678339453742286,27.67916099401191,27.689816578757018,10.655584745109081,True,
5596,onnx_model_018,measure,27.687836894254847,27.689449260942638,27.70019869413227,10.749433189630508,True,
5597,onnx_model_089,measure,27.701491579175386,27.70235154684633,27.713053649757057,10.702102910727262,True,
5598,onnx_model_026,measure,27.714903243524873,27.71522532775998,27.726046367082745,10.821039322763681,True,
5599,onnx_model_049,measure,27.728301522141535,27.729284662753344,27.74007370090112,10.789038147777319,True,
5600,onnx_model_081,measure,27.7404649860182,27.741263423115015,27.75206664809957,10.803224984556437,True,
5601,onnx_model_098,measure,27.740864184661152,27.741411765106022,27.752262219786644,10.850454680621624,True,
5602,onnx_model_014,measure,27.74248554169553,27.742841713130474,27.753420741762966,10.579028632491827,True,
5603,onnx_model_052,measure,27.74794453704307,27.748181252740324,27.75890703080222,10.725778061896563,True,
5604,onnx_model_056,measure,27.750088580043773,27.750506742857397,27.76119889691472,10.692154057323933,True,
5605,onnx_model_045,measure,27.75405248828522,27.75457760086283,27.765303669963032,10.72606910020113,True,
5606,onnx_model_011,measure,27.75643846652448,27.75688140001148,27.76770807011053,10.826670099049807,True,
5607,onnx_model_044,measure,27.75793065105072,27.758165620733052,27.76878545805812,10.619837325066328,True,
5608,onnx_model_011,measure,27.75953129049666,27.760068027768284,27.767781188711524,7.713160943239927,True,
5609,onnx_model_072,measure,27.76485931828514,27.765361489728093,27.7761245588772,10.763069149106741,True,
5610,onnx_model_063,measure,27.773445954598508,27.773949434049428,27.784696432761848,10.746998712420464,True,
5611,onnx_model_006,measure,27.77865823999603,27.77927908487618,27.78996469685808,10.685611981898546,True,
5612,onnx_model_013,measure,27.78166276914877,27.782565090805292,27.793218703009188,10.653612203896046,True,
5613,onnx_model_093,measure,27.785028691023637,27.785860545933247,27.79668536176905,10.824815835803747,True,
5614,onnx_model_047,measure,27.78842734329512,27.78915108088404,27.799967721104622,10.816640220582485,True,
5615,onnx_model_067,measure,27.788975323121978,27.789249177090824,27.800062250811607,10.813073720782995,True,
5616,onnx_model_095,measure,27.789818430905058,27.790022837929428,27.800638095941395,10.615258011966944,True,
5617,onnx_model_086,measure,27.795745024171215,27.79639554116875,27.807127360720187,10.731819551438093,True,
5618,onnx_model_099,measure,27.796794782666197,27.797859132755548,27.808531880844384,10.67274808883667,True,
5619,onnx_model_079,measure,27.798353035976394,27.79938585497439,27.810111853759736,10.725998785346746,True,
5620,onnx_model_003,measure,27.8029814865887,27.803790959063917,27.814435321837664,10.644362773746252,True,
5621,onnx_model_040,measure,27.80833638723892,27.80858753575012,27.81921546906233,10.62793331220746,True,
5622,onnx_model_001,measure,27.818022484584205,27.818586512934417,27.829229013063014,10.642500128597021,True,
5623,onnx_model_085,measure,27.819407510223975,27.820377407129854,27.830947960726917,10.570553597062826,True,
5624,onnx_model_035,measure,27.822368477441476,27.822665135841817,27.833375183865428,10.710048023611307,True,
5625,onnx_model_004,measure,27.827649625094686,27.827944330871105,27.838552144821733,10.607813950628042,True,
5626,onnx_model_069,measure,27.853935367017304,27.854709257837385,27.865701402071863,10.992144234478474,True,
5627,onnx_model_059,measure,27.853997730107775,27.85480831610039,27.86582571780309,11.017401702702045,True,
5628,onnx_model_023,measure,27.857630539004422,27.858137453906238,27.868932303972542,10.794850066304207,True,
5629,onnx_model_033,measure,27.86696970024388,27.86797902174294,27.878793749026954,10.814727284014225,True,
5630,onnx_model_043,measure,27.877728034271446,27.878855235874653,27.889507735148072,10.65249927341938,True,
5631,onnx_model_006,measure,27.880037791699976,27.881156189832836,27.891858472954482,10.70228312164545,True,
5632,onnx_model_084,measure,27.888237906052684,27.888434955850244,27.89904364105314,10.608685202896595,True,
5633,onnx_model_039,measure,27.90795954288906,27.909198944922537,27.920042406767607,10.843461845070124,True,
5634,onnx_model_036,measure,27.92389256318839,27.92419754480943,27.93504697876051,10.849433951079845,True,
5635,onnx_model_049,measure,27.93622443189276,27.937252310104668,27.948096544016153,10.84423391148448,True,
5636,onnx_model_026,measure,27.939667029504434,27.940616074949503,27.951617165934294,11.001090984791517,True,
5637,onnx_model_087,measure,27.939673635852483,27.940730361733586,27.95170594472438,10.975582990795374,True,
5638,onnx_model_053,measure,27.94464569029081,27.945110817905515,27.955967225134373,10.856407228857279,True,
5639,onnx_model_012,measure,27.945228981562124,27.94535837881267,27.956268016714603,10.909637901932001,True,
5640,onnx_model_001,measure,27.958345358338086,27.959437672048807,27.97029796615243,10.860294103622437,True,
5641,onnx_model_076,measure,27.961026731288587,27.96175955515355,27.972471027169377,10.711472015827894,True,
5642,onnx_model_020,measure,27.96171641623573,27.96197828091681,27.972654584795237,10.676303878426552,True,
5643,onnx_model_048,measure,27.97061157972552,27.971459773834795,27.98216316010803,10.703386273235083,True,
5644,onnx_model_026,measure,27.974325094370723,27.974810033105314,27.98585723200813,11.04719890281558,True,
5645,onnx_model_090,measure,27.97862365672054,27.97910822276026,27.989779226947576,10.671004187315702,True,
5646,onnx_model_020,measure,27.98051370155325,27.9814146370627,27.992044442798942,10.629805736243725,True,
5647,onnx_model_017,measure,27.984552965160102,27.985352342016995,27.996179542969912,10.827200952917337,True,
5648,onnx_model_071,measure,27.984671778730725,27.985479163005948,27.9962695739232,10.790410917252302,True,
5649,onnx_model_097,measure,27.98531445986999,27.98594107106328,27.99659939110279,10.658320039510727,True,
5650,onnx_model_007,measure,27.9903900127495,27.990946284960955,28.00158115103841,10.634866077452898,True,
5651,onnx_model_043,measure,27.997908206535268,27.998790225945413,28.00945769296959,10.667467024177313,True,
5652,onnx_model_016,measure,28.00217118776249,28.002700307872146,28.013271843083203,10.57153521105647,True,
5653,onnx_model_081,measure,28.003141797089157,28.00401051901281,28.014564069919288,10.553550906479359,True,
5654,onnx_model_039,measure,28.00559928747084,28.006356648169458,28.017032091040164,10.67544287070632,True,
5655,onnx_model_057,measure,28.006530345079856,28.007711763959378,28.018456337973475,10.744574014097452,True,
5656,onnx_model_093,measure,28.006589012920493,28.007849846966565,28.018842502031475,10.99265506491065,True,
5657,onnx_model_031,measure,28.009854776069474,28.01065403688699,28.0213327659294,10.67872904241085,True,
5658,onnx_model_054,measure,28.016433221278483,28.016740656923503,28.02742644911632,10.685792192816734,True,
5659,onnx_model_002,measure,28.01826105402077,28.018528155051172,28.02911954699084,10.591391939669847,True,
5660,onnx_model_058,measure,28.018849234486677,28.018953503109515,28.029531269799918,10.577766690403223,True,
5661,onnx_model_059,measure,28.019292999710267,28.02028853073716,28.031033094972372,10.744564235210419,True,
5662,onnx_model_029,measure,28.019458810694267,28.020434938836843,28.031137674115598,10.702735278755426,True,
5663,onnx_model_030,measure,28.021126477749043,28.021415844094008,28.03201849805191,10.602653957903385,True,
5664,onnx_model_014,measure,28.022577007852455,28.022825193125755,28.033371550031006,10.546356905251741,True,
5665,onnx_model_080,measure,28.02389734828418,28.02420377312228,28.034856632817537,10.652859695255756,True,
5666,onnx_model_059,measure,28.026603575555374,28.027502773795277,28.03116668900475,3.6639152094721794,True,
5667,onnx_model_021,measure,28.03144563230159,28.032075596041977,28.0425633918494,10.487795807421207,True,
5668,onnx_model_003,measure,28.033440179336274,28.034523990936577,28.045042735058814,10.518744122236967,True,
5669,onnx_model_000,measure,28.044586722745695,28.045098551083356,28.055684844963253,10.586293879896402,True,
5670,onnx_model_064,measure,28.044672358675673,28.045195555780083,28.055773383006454,10.577827226370573,True,
5671,onnx_model_067,measure,28.0559761971012,28.056940311100334,28.067415923811495,10.475612711161375,True,
5672,onnx_model_009,measure,28.063209818142575,28.064243422821164,28.074886854737997,10.643431916832924,True,
5673,onnx_model_038,measure,28.07206949203163,28.072570031043142,28.083285389002413,10.715357959270477,True,
5674,onnx_model_033,measure,28.08065263638964,28.081048096064478,28.091727076098323,10.67898003384471,True,
5675,onnx_model_073,measure,28.081976395423773,28.08235629275441,28.09338361490518,11.02732215076685,True,
5676,onnx_model_058,measure,28.082238005579455,28.08245590189472,28.093205786775798,10.749884881079197,True,
5677,onnx_model_098,measure,28.082556682454726,28.082740263082087,28.09340805094689,10.667787864804268,True,
5678,onnx_model_037,measure,28.086767426047654,28.087447790894657,28.0980984470807,10.650656186044216,True,
5679,onnx_model_009,measure,28.092266957907018,28.092880017124116,28.10362895997241,10.748942848294973,True,
5680,onnx_model_055,measure,28.096859782890466,28.097559622954577,28.108294968958944,10.735346004366875,True,
5681,onnx_model_069,measure,28.10780245416174,28.108350525144488,28.119027350097895,10.67682495340705,True,
5682,onnx_model_083,measure,28.109206209004217,28.109639645088464,28.120186593849212,10.54694876074791,True,
5683,onnx_model_072,measure,28.113900466880537,28.114918829873204,28.125543476082385,10.624646209180355,True,
5684,onnx_model_015,measure,28.126037912637276,28.126701387111098,28.137236742768437,10.535355657339096,True,
5685,onnx_model_055,measure,28.12713217855663,28.12798334378749,28.138531995005906,10.548651218414307,True,
5686,onnx_model_068,measure,28.12984970859852,28.130261334124953,28.140719634015113,10.45829989016056,True,
5687,onnx_model_085,measure,28.145398683499696,28.1458712159656,28.15635491395369,10.4836979880929,True,
5688,onnx_model_023,measure,28.149045423970303,28.150157192721963,28.16098940372467,10.832211002707481,True,
5689,onnx_model_000,measure,28.149536245861025,28.150254267733544,28.161133707966655,10.879440233111382,True,
5690,onnx_model_018,measure,28.151319742902228,28.15157090080902,28.162143617868423,10.572717059403658,True,
5691,onnx_model_048,measure,28.151641466713357,28.151791700161994,28.162396939937025,10.605239775031805,True,
5692,onnx_model_024,measure,28.151699027026808,28.151884607039392,28.162496368866414,10.611761827021837,True,
5693,onnx_model_000,measure,28.154604227040473,28.155206210911274,28.16115744272247,5.951231811195612,True,
5694,onnx_model_004,measure,28.16310333161039,28.163653818890452,28.174297229852527,10.643410962074995,True,
5695,onnx_model_046,measure,28.16530995615894,28.165937770158052,28.17659371579066,10.655945632606745,True,
5696,onnx_model_008,measure,28.166613971873893,28.16721166204661,28.17784314090386,10.631478857249022,True,
5697,onnx_model_004,measure,28.168857695760952,28.16948730684817,28.1743716718629,4.884365014731884,True,
5698,onnx_model_050,measure,28.182475901120377,28.1829943517223,28.193660767748952,10.66641602665186,True,
5699,onnx_model_076,measure,28.190841374014976,28.191276194993407,28.202044303994626,10.768109001219273,True,
5700,onnx_model_051,measure,28.191289545304766,28.191480152774602,28.202107844874263,10.627692099660635,True,
5701,onnx_model_031,measure,28.194870522607022,28.195814081002027,28.206426382996142,10.612301994115114,True,
5702,onnx_model_072,measure,28.199542861594427,28.200101390015334,28.210902120918036,10.800730902701616,True,
5703,onnx_model_024,measure,28.20049834078202,28.201372587122023,28.211962406989187,10.589819867163897,True,
5704,onnx_model_059,measure,28.213648003209215,28.214140305761248,28.22496470203623,10.824396274983883,True,
5705,onnx_model_013,measure,28.216114940211085,28.216503167990595,28.22728315880522,10.779990814626217,True,
5706,onnx_model_041,measure,28.227492986821325,28.22848785901442,28.2392079369165,10.720077902078629,True,
5707,onnx_model_082,measure,28.230531205262114,28.23087437590584,28.241632075048983,10.757699143141508,True,
5708,onnx_model_094,measure,28.241930944760544,28.24283418012783,28.253527445718646,10.693265590816736,True,
5709,onnx_model_094,measure,28.248367473996055,28.24925548583269,28.253569836728275,4.31435089558363,True,
5710,onnx_model_010,measure,28.25372687339547,28.254771480802447,28.265522066038102,10.750585235655308,True,
5711,onnx_model_059,measure,28.259305938905086,28.260115309152752,28.271054142154753,10.938833002001047,True,
5712,onnx_model_072,measure,28.26056548800988,28.261459784116596,28.27237058384344,10.910799726843834,True,
5713,onnx_model_081,measure,28.261034012956227,28.261570383794606,28.272412383928895,10.842000134289265,True,
5714,onnx_model_020,measure,28.262567655315458,28.26295346301049,28.27386641781777,10.912954807281494,True,
5715,onnx_model_048,measure,28.262676334579744,28.26308095594868,28.273959725163877,10.878769215196371,True,
5716,onnx_model_096,measure,28.27015664394784,28.270729715004563,28.28158389683813,10.854181833565235,True,
5717,onnx_model_043,measure,28.28060229111509,28.281200197990984,28.292212951928377,11.012753937393427,True,
5718,onnx_model_096,measure,28.284574230916096,28.28482162207365,28.29557954100892,10.757918935269117,True,
5719,onnx_model_035,measure,28.289609021058798,28.290245020762086,28.3011362538673,10.89123310521245,True,
5720,onnx_model_090,measure,28.297965176882265,28.298826573882252,28.309726892970502,10.900319088250399,True,
5721,onnx_model_039,measure,28.30013801977851,28.301221265923232,28.312161181122065,10.93991519883275,True,
5722,onnx_model_081,measure,28.309681729817356,28.30986193008721,28.320675164926797,10.813234839588404,True,
5723,onnx_model_086,measure,28.311833525887288,28.312245671171695,28.323034709785134,10.789038613438606,True,
5724,onnx_model_001,measure,28.31593688444916,28.3166842777282,28.327623412013054,10.939134284853935,True,
5725,onnx_model_066,measure,28.334245411562907,28.33487481577322,28.345893691759557,11.018875986337662,True,
5726,onnx_model_097,measure,28.34807454591143,28.349196849856526,28.36031580576673,11.118955910205841,True,
5727,onnx_model_073,measure,28.353039059545424,28.353775763884187,28.365012594033033,11.236830148845911,True,
5728,onnx_model_058,measure,28.353165361328507,28.353965203743428,28.365153811872005,11.18860812857747,True,
5729,onnx_model_029,measure,28.362309850149252,28.36256930977106,28.37368084071204,11.11153094097972,True,
5730,onnx_model_037,measure,28.38493512643869,28.385940103791654,28.397700970061123,11.760866269469261,True,
5731,onnx_model_003,measure,28.385269180556516,28.3861250160262,28.397750694770366,11.62567874416709,True,
5732,onnx_model_059,measure,28.386907053439284,28.387729114852846,28.39890590077266,11.176785919815302,True,
5733,onnx_model_078,measure,28.392444781195913,28.393183012027293,28.404472551774234,11.289539746940136,True,
5734,onnx_model_023,measure,28.394950873686916,28.39564159605652,28.406665230169892,11.023634113371372,True,
5735,onnx_model_003,measure,28.396505541538883,28.397083396092057,28.408301409799606,11.21801370754838,True,
5736,onnx_model_025,measure,28.397493212576443,28.397888435982168,28.408887023106217,10.998587124049664,True,
5737,onnx_model_066,measure,28.398341116419402,28.399005961138755,28.40984534472227,10.839383583515882,True,
5738,onnx_model_013,measure,28.398926574593546,28.399372587911785,28.41029389714822,10.921309236437082,True,
5739,onnx_model_052,measure,28.41649458466839,28.417519541922957,28.42857411596924,11.05457404628396,True,
5740,onnx_model_035,measure,28.42750526131797,28.427991307806224,28.43903807597235,11.04676816612482,True,
5741,onnx_model_076,measure,28.430508693240892,28.430805617012084,28.442024793941528,11.219176929444075,True,
5742,onnx_model_057,measure,28.430525800004407,28.43096862686798,28.442148629110307,11.180002242326736,True,
5743,onnx_model_027,measure,28.432282494667582,28.433485521934927,28.444424455054104,10.938933119177818,True,
5744,onnx_model_049,measure,28.439737622817553,28.440257102716714,28.45133463991806,11.077537201344967,True,
5745,onnx_model_063,measure,28.44486125484101,28.445651456713676,28.456654952839017,11.003496125340462,True,
5746,onnx_model_073,measure,28.449597290697387,28.45010261796415,28.4611779008992,11.07528293505311,True,
5747,onnx_model_019,measure,28.45489612308614,28.45555973192677,28.46657412778586,11.014395859092474,True,
5748,onnx_model_073,measure,28.45915461155248,28.459899971727282,28.461873032152653,1.9730604253709316,True,
5749,onnx_model_020,measure,28.46012773186959,28.4612767691724,28.472342954017222,11.066184844821692,True,
5750,onnx_model_040,measure,28.460292055098076,28.461438555736095,28.47245565801859,11.017102282494307,True,
5751,onnx_model_006,measure,28.468488613606006,28.468844703864306,28.47971404576674,10.869341902434826,True,
5752,onnx_model_023,measure,28.469457722327032,28.47029471071437,28.48130330676213,11.008596047759056,True,
5753,onnx_model_027,measure,28.47414693403803,28.474691047798842,28.48569042608142,10.9993782825768,True,
5754,onnx_model_022,measure,28.475068208515268,28.476139781065285,28.487090818118304,10.951037053018808,True,
5755,onnx_model_048,measure,28.482319321719476,28.482542561832815,28.49353194097057,10.98937913775444,True,
5756,onnx_model_024,measure,28.48880962978122,28.489329152740538,28.50044668512419,11.117532383650541,True,
5757,onnx_model_008,measure,28.506298156788528,28.506705993786454,28.517782678827643,11.076685041189194,True,
5758,onnx_model_098,measure,28.507912549625946,28.508149597793818,28.519064094871283,10.914497077465057,True,
5759,onnx_model_010,measure,28.50987279360144,28.510589475743473,28.521458726841956,10.8692510984838,True,
5760,onnx_model_074,measure,28.511046765930562,28.51204376993701,28.522978785913438,10.935015976428986,True,
5761,onnx_model_050,measure,28.513999885387577,28.51448792591691,28.525340856052935,10.852930136024952,True,
5762,onnx_model_011,measure,28.515092605712553,28.515930518042296,28.526850645896047,10.920127853751183,True,
5763,onnx_model_030,measure,28.517064429011473,28.517374883871526,28.528385222889483,11.010339017957449,True,
5764,onnx_model_041,measure,28.532678044917628,28.53363879909739,28.544630251824856,10.991452727466822,True,
5765,onnx_model_012,measure,28.534159842600676,28.53508554911241,28.54607613105327,10.990581940859556,True,
5766,onnx_model_023,measure,28.537814873292824,28.538523303810507,28.549448540899903,10.925237089395523,True,
5767,onnx_model_071,measure,28.53968668775495,28.53998217685148,28.55106895091012,11.086774058640003,True,
5768,onnx_model_027,measure,28.54736983966781,28.54829942714423,28.559273075778037,10.973648633807898,True,
5769,onnx_model_095,measure,28.548214124452116,28.548683045897633,28.559765161946416,11.082116048783064,True,
5770,onnx_model_044,measure,28.54969736841012,28.55068480083719,28.561908666044474,11.223865207284689,True,
5771,onnx_model_055,measure,28.553035708889077,28.553298108745366,28.564530089031905,11.231980286538601,True,
5772,onnx_model_022,measure,28.554389769435282,28.55476839374751,28.56568307103589,10.914677288383245,True,
5773,onnx_model_065,measure,28.563416749988562,28.56414891500026,28.575111262965947,10.962347965687513,True,
5774,onnx_model_057,measure,28.56535418930017,28.56577940378338,28.576728186104447,10.948782321065664,True,
5775,onnx_model_034,measure,28.57311674819172,28.574225950054824,28.58522054878995,10.994598735123873,True,
5776,onnx_model_045,measure,28.579111050950452,28.57995076198131,28.590954397805035,11.003635823726654,True,
5777,onnx_model_004,measure,28.586656455097533,28.587449055165052,28.598483460024,11.0344048589468,True,
5778,onnx_model_042,measure,28.600930870975404,28.60178792104125,28.612886438146234,11.09851710498333,True,
5779,onnx_model_085,measure,28.610514678992857,28.61223373701796,28.62365650990978,11.422772891819477,True,
5780,onnx_model_009,measure,28.61752267314297,28.61811351403594,28.628960792906582,10.847278870642185,True,
5781,onnx_model_026,measure,28.62021211639348,28.62055567605421,28.631628764793277,11.073088739067316,True,
5782,onnx_model_074,measure,28.62185061818652,28.623018668033183,28.633950707968324,10.932039935141802,True,
5783,onnx_model_078,measure,28.62218313730223,28.62320325896144,28.63406072696671,10.857468005269766,True,
5784,onnx_model_014,measure,28.637957204132523,28.63827906595543,28.649167643859982,10.888577904552221,True,
5785,onnx_model_027,measure,28.638716607181113,28.639726346824318,28.65089592896402,11.169582139700651,True,
5786,onnx_model_095,measure,28.64363054361088,28.64426370197907,28.655116140842438,10.852438863366842,True,
5787,onnx_model_028,measure,28.658936669441335,28.659351360984147,28.670591718051583,11.24035706743598,True,
5788,onnx_model_044,measure,28.665292733543332,28.6657952000387,28.676839754916728,11.044554878026247,True,
5789,onnx_model_099,measure,28.669940860467477,28.670246571768075,28.681184703018516,10.938131250441074,True,
5790,onnx_model_060,measure,28.670937686311337,28.6718318448402,28.682802648749202,10.970803909003735,True,
5791,onnx_model_045,measure,28.68085252486436,28.681278451811522,28.692213737871498,10.935286059975624,True,
5792,onnx_model_062,measure,28.68400316921724,28.68502552388236,28.695977572817355,10.952048934996128,True,
5793,onnx_model_076,measure,28.688412862571298,28.68946350971237,28.700330417137593,10.866907425224781,True,
5794,onnx_model_037,measure,28.696335861673862,28.69719199091196,28.708293934818357,11.101943906396627,True,
5795,onnx_model_011,measure,28.706859396464132,28.70755178388208,28.718735431786627,11.183647904545069,True,
5796,onnx_model_039,measure,28.7074848577561,28.707926225848496,28.718944991007447,11.018765158951283,True,
5797,onnx_model_013,measure,28.70822465846435,28.708432788029313,28.71945219486952,11.019406840205193,True,
5798,onnx_model_059,measure,28.71587325422443,28.71686752187088,28.727833276148885,10.96575427800417,True,
5799,onnx_model_082,measure,28.717068751713615,28.717225471977144,28.728100122883916,10.874650906771421,True,
5800,onnx_model_011,measure,28.71738086764366,28.71757118916139,28.718907428905368,1.336239743977785,True,
5801,onnx_model_096,measure,28.71873618013752,28.719071400817484,28.73003994114697,10.968540329486132,True,
5802,onnx_model_010,measure,28.71998404569655,28.72068529902026,28.731722027994692,11.036728974431753,True,
5803,onnx_model_070,measure,28.720564531407852,28.72084620501846,28.731795648112893,10.949443094432354,True,
5804,onnx_model_046,measure,28.721837279306012,28.722344573121518,28.73317170375958,10.827130638062954,True,
5805,onnx_model_071,measure,28.72270526432396,28.723763931076974,28.73464530473575,10.881373658776283,True,
5806,onnx_model_032,measure,28.728661051619095,28.729337255004793,28.740552484057844,11.21522905305028,True,
5807,onnx_model_024,measure,28.73284124643801,28.733239662833512,28.744036946911365,10.797284077852964,True,
5808,onnx_model_023,measure,28.733325676941043,28.73345631500706,28.744335944764316,10.879629757255316,True,
5809,onnx_model_050,measure,28.734361562271395,28.734741577878594,28.74559684190899,10.855264030396938,True,
5810,onnx_model_003,measure,28.739143341316897,28.740179714746773,28.751089913770556,10.910199023783207,True,
5811,onnx_model_095,measure,28.740572846118305,28.741760679986328,28.752602548804134,10.841868817806244,True,
5812,onnx_model_025,measure,28.747262515431288,28.74785739881918,28.75873105879873,10.87365997955203,True,
5813,onnx_model_075,measure,28.755283142015426,28.755832879804075,28.76673409109935,10.90121129527688,True,
5814,onnx_model_003,measure,28.758338874666002,28.758827942889184,28.76967924972996,10.851306840777397,True,
5815,onnx_model_083,measure,28.762501692039976,28.76326350402087,28.774169966112822,10.906462091952562,True,
5816,onnx_model_090,measure,28.77036588051241,28.770896492991596,28.781860725022852,10.96423203125596,True,
5817,onnx_model_050,measure,28.771850094702156,28.772326161153615,28.783219697885215,10.893536731600761,True,
5818,onnx_model_012,measure,28.774204226988545,28.775390265043825,28.78633082192391,10.94055688008666,True,
5819,onnx_model_099,measure,28.78074786173561,28.781955785118043,28.79292705003172,10.97126491367817,True,
5820,onnx_model_023,measure,28.781402163666407,28.78211362613365,28.793070722837,10.957096703350544,True,
5821,onnx_model_003,measure,28.785299711887138,28.78642310714349,28.79733397671953,10.91086957603693,True,
5822,onnx_model_027,measure,28.785362575551794,28.78657849272713,28.797453995794058,10.875503066927195,True,
5823,onnx_model_049,measure,28.791613413982773,28.792100850027055,28.802884217817336,10.783367790281773,True,
5824,onnx_model_012,measure,28.805139453485673,28.806115709710866,28.816999919712543,10.884210001677275,True,
5825,onnx_model_049,measure,28.80727561756929,28.80756349209696,28.818470895756036,10.907403659075499,True,
5826,onnx_model_048,measure,28.815374563261045,28.81601849384606,28.826925315894186,10.906822048127651,True,
5827,onnx_model_075,measure,28.819170818592777,28.819729187060148,28.83078420208767,11.05501502752304,True,
5828,onnx_model_047,measure,28.819350139594004,28.819893789943308,28.83122667297721,11.332883033901453,True,
5829,onnx_model_095,measure,28.82885128869634,28.82915216917172,28.84010590100661,10.953731834888458,True,
5830,onnx_model_099,measure,28.82921928284047,28.829517864156514,28.840407283976674,10.889419820159674,True,
5831,onnx_model_056,measure,28.830223213206956,28.83088118582964,28.84184718085453,10.965995024889708,True,
5832,onnx_model_087,measure,28.83183019835416,28.832452191971242,28.843293590005487,10.841398034244776,True,
5833,onnx_model_047,measure,28.833882250853662,28.834937597159296,28.84569579688832,10.758199729025364,True,
5834,onnx_model_007,measure,28.859276752348965,28.859924253076315,28.870972904842347,11.04865176603198,True,
5835,onnx_model_084,measure,28.860959337076473,28.861373006831855,28.872414214070886,11.041207239031792,True,
5836,onnx_model_075,measure,28.86231468340577,28.862766314763576,28.874056817032397,11.290502268821001,True,
5837,onnx_model_028,measure,28.866212845394955,28.867198399733752,28.878242142964154,11.04374323040247,True,
5838,onnx_model_051,measure,28.873413083674333,28.87371175084263,28.884725275915116,11.013525072485209,True,
5839,onnx_model_086,measure,28.87573333031348,28.8763125250116,28.887391183990985,11.078658979386091,True,
5840,onnx_model_090,measure,28.876945387225643,28.877748774830252,28.8887244281359,10.975653305649757,True,
5841,onnx_model_050,measure,28.88046845204562,28.881462854798883,28.892446143087,10.983288288116455,True,
5842,onnx_model_011,measure,28.881569549601245,28.881835483014584,28.89285879675299,11.023313738405704,True,
5843,onnx_model_088,measure,28.886798870332562,28.887483939994127,28.898467648774385,10.983708780258894,True,
5844,onnx_model_038,measure,28.892625283731018,28.892967083025724,28.903913710732013,10.946627706289291,True,
5845,onnx_model_094,measure,28.896640067193108,28.897399237845093,28.908261876087636,10.862638242542744,True,
5846,onnx_model_029,measure,28.90068595613562,28.90169947175309,28.91287744883448,11.177977081388235,True,
5847,onnx_model_082,measure,28.903182321051045,28.90400761878118,28.91500676702708,10.99914824590087,True,
5848,onnx_model_071,measure,28.912155381571374,28.912490664049983,28.92348102480173,10.990360751748085,True,
5849,onnx_model_042,measure,28.912666583421437,28.913006824906915,28.92412670282647,11.11987791955471,True,
5850,onnx_model_002,measure,28.918632903514435,28.91922254115343,28.930125144775957,10.90260362252593,True,
5851,onnx_model_058,measure,28.9194326082193,28.919577905908227,28.930487744044513,10.909838136285543,True,
5852,onnx_model_068,measure,28.920125737192286,28.921034364961088,28.9318506247364,10.816259775310755,True,
5853,onnx_model_095,measure,28.92348560627632,28.923647441901267,28.93449467094615,10.847229044884443,True,
5854,onnx_model_083,measure,28.927143479903073,28.92835005093366,28.93932851916179,10.978468228131533,True,
5855,onnx_model_034,measure,28.95349684358229,28.954544252716005,28.965586352162063,11.042099446058273,True,
5856,onnx_model_089,measure,28.955166724081124,28.956002153921872,28.967124735936522,11.122582014650106,True,
5857,onnx_model_050,measure,28.955280771476165,28.95616381103173,28.967186083085835,11.022272054105997,True,
5858,onnx_model_088,measure,28.95805239320801,28.958594682160765,28.969498278107494,10.903595946729183,True,
5859,onnx_model_032,measure,28.974715809613986,28.97575736604631,28.987168536987156,11.411170940846205,True,
5860,onnx_model_033,measure,28.97475552054507,28.97592748887837,28.987104524858296,11.177035979926586,True,
5861,onnx_model_049,measure,28.985123717955673,28.986447155941278,28.99772332981229,11.276173871010542,True,
5862,onnx_model_080,measure,28.98620096898502,28.98663032380864,28.997833399102092,11.203075293451548,True,
5863,onnx_model_000,measure,28.987608924287432,28.988387583754957,28.99928385578096,10.896272026002407,True,
5864,onnx_model_073,measure,28.991668088177885,28.992835619021207,29.003863452002406,11.027832981199026,True,
5865,onnx_model_038,measure,28.994750432488477,28.99526267312467,29.006162411067635,10.899737942963839,True,
5866,onnx_model_049,measure,28.99976896976585,29.000518382992595,29.011525535956025,11.00715296342969,True,
5867,onnx_model_054,measure,29.003552091528068,29.00395764084533,29.014967549126595,11.00990828126669,True,
5868,onnx_model_095,measure,29.005236083556504,29.0062549370341,29.017082839738578,10.82790270447731,True,
5869,onnx_model_004,measure,29.007891251987864,29.008634930942208,29.01948978472501,10.85485378280282,True,
5870,onnx_model_005,measure,29.010322972934794,29.010976071003824,29.022124032024294,11.147961020469666,True,
5871,onnx_model_001,measure,29.012003689565685,29.01274935202673,29.023737729992718,10.988377965986729,True,
5872,onnx_model_074,measure,29.020611585833556,29.021754981018603,29.032775919884443,11.020938865840435,True,
5873,onnx_model_065,measure,29.022176295604737,29.023339552804828,29.034277575090528,10.938022285699844,True,
5874,onnx_model_008,measure,29.024509660720717,29.024954833090305,29.03596793813631,11.013105046004057,True,
5875,onnx_model_078,measure,29.037758296581064,29.03814675891772,29.049091823864728,10.945064947009087,True,
5876,onnx_model_063,measure,29.042217400237497,29.04250333085656,29.05355965672061,11.056325864046812,True,
5877,onnx_model_028,measure,29.043541370094157,29.04394630389288,29.055120394099504,11.174090206623077,True,
5878,onnx_model_017,measure,29.048108386768316,29.04837740585208,29.059380922000855,11.003516148775816,True,
5879,onnx_model_048,measure,29.050183881362184,29.051314529031515,29.06233855476603,11.024025734513998,True,
5880,onnx_model_079,measure,29.054088061563927,29.054753566160798,29.065772792790085,11.019226629287004,True,
5881,onnx_model_052,measure,29.06195975315918,29.062431681901217,29.073417693842202,10.986011940985918,True,
5882,onnx_model_054,measure,29.06287334284766,29.06388581590727,29.074810061138123,10.924245230853558,True,
5883,onnx_model_010,measure,29.065163460391748,29.065865639131516,29.076739037875086,10.873398743569851,True,
5884,onnx_model_007,measure,29.06856058481217,29.06930113909766,29.080432668793947,11.131529696285725,True,
5885,onnx_model_085,measure,29.069038537167675,29.069464119151235,29.080359009094536,10.894889943301678,True,
5886,onnx_model_000,measure,29.069329440198054,29.069899085909128,29.08056528074667,10.666194837540388,True,
5887,onnx_model_075,measure,29.077572584228562,29.077953566797078,29.088863534852862,10.909968055784702,True,
5888,onnx_model_009,measure,29.088900825654907,29.09009617799893,29.101068073883653,10.971895884722471,True,
5889,onnx_model_052,measure,29.09017308033656,29.09045484988019,29.101809362880886,11.354513000696898,True,
5890,onnx_model_027,measure,29.095137487288106,29.095893919002265,29.106843492016196,10.949573013931513,True,
5891,onnx_model_052,measure,29.09694480222928,29.09731814591214,29.101853487081826,4.535341169685125,True,
5892,onnx_model_025,measure,29.098041259457716,29.09874675096944,29.109474062919617,10.727311950176954,True,
5893,onnx_model_037,measure,29.100706910571613,29.101162172853947,29.112030412070453,10.868239216506481,True,
5894,onnx_model_064,measure,29.101832922827757,29.10199805209413,29.112788181751966,10.790129657834768,True,
5895,onnx_model_091,measure,29.106976898580207,29.108060204889625,29.118971224874258,10.91101998463273,True,
5896,onnx_model_097,measure,29.10797674411035,29.10841145273298,29.119468921795487,11.057469062507153,True,
5897,onnx_model_070,measure,29.118860306491673,29.119098857976496,29.13008396886289,10.985110886394978,True,
5898,onnx_model_038,measure,29.12553832759417,29.126722068991512,29.137815576046705,11.093507055193186,True,
5899,onnx_model_042,measure,29.130438413359155,29.13130493974313,29.142524366732687,11.219426989555359,True,
5900,onnx_model_067,measure,29.131083814038977,29.131464943755418,29.14256378216669,11.098838411271572,True,
5901,onnx_model_098,measure,29.133703561687035,29.133927805814892,29.14477323088795,10.845425073057413,True,
5902,onnx_model_046,measure,29.137013552187017,29.137270669918507,29.14831636613235,11.045696213841438,True,
5903,onnx_model_012,measure,29.14212234775993,29.14266681810841,29.153543352149427,10.876534041017294,True,
5904,onnx_model_088,measure,29.147974267305553,29.148408993147314,29.15935919713229,10.950203984975815,True,
5905,onnx_model_020,measure,29.170857368911122,29.17160133784637,29.182901988737285,11.300650890916586,True,
5906,onnx_model_037,measure,29.171360069572266,29.17178242187947,29.182946383953094,11.163962073624134,True,
5907,onnx_model_091,measure,29.181257826995857,29.182289896067232,29.193524280097336,11.234384030103683,True,
5908,onnx_model_011,measure,29.188658357109645,29.189183730166405,29.200173869729042,10.990139562636614,True,
5909,onnx_model_044,measure,29.189712417278802,29.190622824709862,29.20180987007916,11.187045369297266,True,
5910,onnx_model_065,measure,29.200513091859126,29.201387958135456,29.212374893017113,10.986934881657362,True,
5911,onnx_model_002,measure,29.20144814297204,29.20190181490034,29.212956267874688,11.05445297434926,True,
5912,onnx_model_009,measure,29.204682626040054,29.20532758673653,29.216281860135496,10.954273398965597,True,
5913,onnx_model_082,measure,29.214358048999507,29.21517411386594,29.226366969756782,11.192855890840292,True,
5914,onnx_model_093,measure,29.215164706864574,29.21552230603993,29.226492908783257,10.970602743327618,True,
5915,onnx_model_016,measure,29.215589210329984,29.215880997944623,29.226839197799563,10.958199854940176,True,
5916,onnx_model_020,measure,29.221371075542766,29.222504697740078,29.23350598011166,11.0012823715806,True,
5917,onnx_model_052,measure,29.225285891629586,29.225960988085717,29.236969803925604,11.008815839886665,True,
5918,onnx_model_079,measure,29.2281223577822,29.22907564882189,29.240017117001116,10.941468179225922,True,
5919,onnx_model_030,measure,29.229245244675663,29.22943826811388,29.24036723189056,10.928963776677847,True,
5920,onnx_model_070,measure,29.233219896241707,29.233601261861622,29.244505047798157,10.903785936534405,True,
5921,onnx_model_000,measure,29.236026097287844,29.237063752952963,29.248074161820114,11.010408867150545,True,
5922,onnx_model_036,measure,29.23664508696448,29.237223857082427,29.24819553270936,10.971675626933575,True,
5923,onnx_model_090,measure,29.243044212303655,29.24358690297231,29.25448801415041,10.901111178100109,True,
5924,onnx_model_006,measure,29.245476720918134,29.245733943767846,29.25657220603898,10.838262271136045,True,
5925,onnx_model_066,measure,29.279163748467585,29.279857948888093,29.29126875894144,11.410810053348541,True,
5926,onnx_model_064,measure,29.27926810787279,29.280032170005143,29.29149536974728,11.463199742138386,True,
5927,onnx_model_083,measure,29.27932989470916,29.28018051199615,29.291456336155534,11.275824159383774,True,
5928,onnx_model_026,measure,29.28134505655224,29.28179993107915,29.292860744986683,11.060813907533884,True,
5929,onnx_model_064,measure,29.287971390241392,29.28827126091346,29.291526690125465,3.2554292120039463,True,
5930,onnx_model_015,measure,29.29318307366303,29.294080583844334,29.305059402715415,10.978818871080875,True,
5931,onnx_model_022,measure,29.305294492231898,29.306279322132468,29.317321511916816,11.042189784348011,True,
5932,onnx_model_033,measure,29.30745853459357,29.30774695193395,29.318647021893412,10.900069959461689,True,
5933,onnx_model_095,measure,29.307730641889417,29.308103199116886,29.319002367090434,10.899167973548174,True,
5934,onnx_model_040,measure,29.316018384170157,29.316539274994284,29.32741743279621,10.878157801926136,True,
5935,onnx_model_056,measure,29.3199785090353,29.32024020003155,29.33120674593374,10.966545902192593,True,
5936,onnx_model_075,measure,29.32117715509771,29.321706327144057,29.332540150731802,10.833823587745428,True,
5937,onnx_model_094,measure,29.328383886123806,29.328579120803624,29.339394649956375,10.815529152750969,True,
5938,onnx_model_068,measure,29.33402022895386,29.33469501696527,29.34542996203527,10.734945069998503,True,
5939,onnx_model_072,measure,29.335145877122688,29.335974439047277,29.346812651026994,10.838211979717016,True,
5940,onnx_model_023,measure,29.34548302572322,29.34658531891182,29.35746677313,10.881454218178988,True,
5941,onnx_model_052,measure,29.35226127724797,29.352968322113156,29.36373369488865,10.765372775495052,True,
5942,onnx_model_034,measure,29.35689820482506,29.35725411772728,29.367893713060766,10.639595333486795,True,
5943,onnx_model_002,measure,29.370084038854337,29.37104993313551,29.381660090759397,10.610157623887062,True,
5944,onnx_model_028,measure,29.37011335313387,29.3711459049955,29.381734491791576,10.588586796075106,True,
5945,onnx_model_059,measure,29.38288719438047,29.3838983848691,29.394525094889104,10.626710020005703,True,
5946,onnx_model_074,measure,29.386369480858367,29.38724457612261,29.39787588501349,10.631308890879154,True,
5947,onnx_model_076,measure,29.39000599580581,29.390586548950523,29.401212827768177,10.626278817653656,True,
5948,onnx_model_097,measure,29.39087139887617,29.391939480789006,29.40270421281457,10.764732025563717,True,
5949,onnx_model_013,measure,29.401334912701728,29.402406977955252,29.413034548982978,10.627571027725935,True,
5950,onnx_model_047,measure,29.405296615035788,29.40588854579255,29.416652305983007,10.763760190457106,True,
5951,onnx_model_066,measure,29.410867067438485,29.411230018828064,29.421916102059186,10.686083231121302,True,
5952,onnx_model_054,measure,29.417844339238254,29.41883269092068,29.429686753079295,10.854062158614397,True,
5953,onnx_model_039,measure,29.42402901001103,29.425103932153434,29.435934147797525,10.830215644091368,True,
5954,onnx_model_079,measure,29.43433918628671,29.434935920871794,29.445967910811305,11.031989939510822,True,
5955,onnx_model_070,measure,29.44644532139981,29.44727549701929,29.45834666211158,11.071165092289448,True,
5956,onnx_model_038,measure,29.450849567043342,29.451822801027447,29.463103653863072,11.28085283562541,True,
5957,onnx_model_006,measure,29.46285663548726,29.463216328062117,29.47435199515894,11.135667096823454,True,
5958,onnx_model_056,measure,29.465769297627247,29.46676701772958,29.47795189777389,11.184880044311285,True,
5959,onnx_model_006,measure,29.478137144638076,29.47925167903304,29.490354172885418,11.102493852376938,True,
5960,onnx_model_012,measure,29.479998654007538,29.48081661388278,29.492173210717738,11.3565968349576,True,
5961,onnx_model_066,measure,29.49438182369283,29.495478834956884,29.5066476049833,11.168770026415586,True,
5962,onnx_model_001,measure,29.496697360022257,29.497036004904658,29.508049028925598,11.013024020940065,True,
5963,onnx_model_029,measure,29.497165142559922,29.497441284824163,29.508538448717445,11.097163893282413,True,
5964,onnx_model_082,measure,29.50638890864022,29.506759396754205,29.51776279276237,11.00339600816369,True,
5965,onnx_model_002,measure,29.5069407667139,29.50716408714652,29.518224089872092,11.060002725571394,True,
5966,onnx_model_014,measure,29.510067750316676,29.510794117115438,29.521726408042014,10.93229092657566,True,
5967,onnx_model_053,measure,29.51300152981337,29.51330213388428,29.524375283159316,11.073149275034666,True,
5968,onnx_model_024,measure,29.5214287828965,29.521824062801898,29.532759650144726,10.935587342828512,True,
5969,onnx_model_002,measure,29.526932750063153,29.527623035945,29.538593660108745,10.970624163746834,True,
5970,onnx_model_077,measure,29.527808861746234,29.527999782003462,29.53879647515714,10.79669315367937,True,
5971,onnx_model_047,measure,29.529691735012616,29.530436574015766,29.541399012785405,10.962438769638538,True,
5972,onnx_model_033,measure,29.53448272252259,29.534990270156413,29.546223633922637,11.233363766223192,True,
5973,onnx_model_001,measure,29.53469024570488,29.535156567115337,29.546336708124727,11.180141009390354,True,
5974,onnx_model_009,measure,29.536962582375555,29.53779907990247,29.548719938844442,10.920858941972256,True,
5975,onnx_model_095,measure,29.539007074154547,29.540034308098257,29.550852552056313,10.818243958055973,True,
5976,onnx_model_007,measure,29.5415734172027,29.54262897092849,29.55353072285652,10.901751928031445,True,
5977,onnx_model_004,measure,29.564862117645276,29.56575206387788,29.57674316689372,10.991103015840054,True,
5978,onnx_model_065,measure,29.58275873380746,29.584040658082813,29.595139485783875,11.098827701061964,True,
5979,onnx_model_088,measure,29.587403458752803,29.588590146042407,29.59975584084168,11.165694799274206,True,
5980,onnx_model_057,measure,29.591518082130705,29.592151986900717,29.603361926041543,11.209939140826464,True,
5981,onnx_model_063,measure,29.59171650223152,29.592341657727957,29.60350291384384,11.161256115883589,True,
5982,onnx_model_069,measure,29.60461801691745,29.605748692993075,29.61677726591006,11.028572916984558,True,
5983,onnx_model_088,measure,29.60817173452264,29.60921020200476,29.62038147682324,11.171274818480015,True,
5984,onnx_model_020,measure,29.609319388199186,29.609578161966056,29.62052333680913,10.945174843072891,True,
5985,onnx_model_089,measure,29.61258478039309,29.61304411990568,29.623929371125996,10.885251220315695,True,
5986,onnx_model_058,measure,29.61509203891524,29.61548379715532,29.62627845676616,10.794659610837698,True,
5987,onnx_model_011,measure,29.615597366540836,29.615863117855042,29.6267040357925,10.840917937457561,True,
5988,onnx_model_072,measure,29.619095561200147,29.620006083976477,29.630929918028414,10.923834051936865,True,
5989,onnx_model_023,measure,29.62045198582802,29.620685996022075,29.63173371599987,11.047719977796078,True,
5990,onnx_model_000,measure,29.636113074703893,29.63687059096992,29.647709623910487,10.83903294056654,True,
5991,onnx_model_043,measure,29.63938578815996,29.64012280292809,29.651046818122268,10.924015194177628,True,
5992,onnx_model_033,measure,29.649753220605394,29.650859601795673,29.661886231973767,11.02663017809391,True,
5993,onnx_model_094,measure,29.659748646847714,29.66125560272485,29.672347106970847,11.091504245996475,True,
5994,onnx_model_016,measure,29.660006500717078,29.66139632090926,29.672479868866503,11.083547957241535,True,
5995,onnx_model_090,measure,29.664313401343083,29.665115220006555,29.676012062933296,10.896842926740646,True,
5996,onnx_model_081,measure,29.676456746528416,29.67722979793325,29.688305641990155,11.075844056904316,True,
5997,onnx_model_070,measure,29.682226119029185,29.682738068979234,29.693823109846562,11.085040867328644,True,
5998,onnx_model_058,measure,29.686013737470432,29.687184931710362,29.698514197021723,11.32926531136036,True,
5999,onnx_model_007,measure,29.686634545100436,29.687350465916097,29.698570223059505,11.21975714340806,True,
6000,onnx_model_071,measure,29.688329779908454,29.689540398772806,29.701063422951847,11.523024179041386,True,
6001,onnx_model_010,measure,29.68851777187383,29.689718146808445,29.700851890724152,11.133743915706873,True,
6002,onnx_model_028,measure,29.688815500447966,29.689865877851844,29.701007575728,11.141697876155376,True,
6003,onnx_model_071,measure,29.691581556833267,29.692462854087353,29.70109429117292,8.631437085568905,True,
6004,onnx_model_076,measure,29.69241213081039,29.69288727082312,29.70405493909493,11.167668271809816,True,
6005,onnx_model_098,measure,29.69264673047825,29.69306940678507,29.704513981938362,11.444575153291225,True,
6006,onnx_model_074,measure,29.697534580966853,29.698072147089988,29.7090112301521,10.939083062112331,True,
6007,onnx_model_028,measure,29.703226531624193,29.704152293968946,29.71509025571868,10.937961749732494,True,
6008,onnx_model_041,measure,29.71064366467887,29.711234024725854,29.722100520972162,10.866496246308088,True,
6009,onnx_model_000,measure,29.711222359629865,29.711631501093507,29.722685343120247,11.053842026740313,True,
6010,onnx_model_094,measure,29.711358639700673,29.71180108282715,29.72273576911539,10.934686288237572,True,
6011,onnx_model_098,measure,29.711546758247,29.712242682930082,29.72306957282126,10.826889891177416,True,
6012,onnx_model_035,measure,29.715194744345688,29.716314462944865,29.727104041725397,10.789578780531883,True,
6013,onnx_model_098,measure,29.72846428806893,29.72934895986691,29.74034862779081,10.999667923897505,True,
6014,onnx_model_012,measure,29.72879395473058,29.729514073114842,29.74087173305452,11.357659939676523,True,
6015,onnx_model_013,measure,29.730673524142656,29.731058017816395,29.742105558048934,11.047540232539177,True,
6016,onnx_model_086,measure,29.730739403828714,29.731223051901907,29.74223758885637,11.014536954462528,True,
6017,onnx_model_060,measure,29.731125229742,29.731704227160662,29.74266599304974,10.961765889078379,True,
6018,onnx_model_045,measure,29.731506104675944,29.731871373951435,29.742788847070187,10.917473118752241,True,
6019,onnx_model_077,measure,29.732392894021793,29.73336579510942,29.744223213754594,10.857418645173311,True,
6020,onnx_model_024,measure,29.740247485941996,29.740542696788907,29.751433920115232,10.891223326325417,True,
6021,onnx_model_089,measure,29.740550044671647,29.741030685137957,29.751838177908212,10.807492770254612,True,
6022,onnx_model_042,measure,29.74607080275127,29.74646501475945,29.757330908905715,10.8658941462636,True,
6023,onnx_model_038,measure,29.74945249239492,29.74993448983878,29.760756209958345,10.821720119565725,True,
6024,onnx_model_091,measure,29.75208875832777,29.75307056074962,29.76389147993177,10.820919182151556,True,
6025,onnx_model_003,measure,29.762829115369918,29.763986740726978,29.774986068718135,10.99932799115777,True,
6026,onnx_model_075,measure,29.76388662667062,29.764368185773492,29.775225564837456,10.85737906396389,True,
6027,onnx_model_052,measure,29.764501918494407,29.764740644022822,29.775521527044475,10.780883021652699,True,
6028,onnx_model_018,measure,29.770699657068917,29.77117873216048,29.78217104682699,10.992314666509628,True,
6029,onnx_model_080,measure,29.77096607301386,29.771341191139072,29.7822990398854,10.957848746329546,True,
6030,onnx_model_098,measure,29.777527369746046,29.777753329835832,29.788655983749777,10.90265391394496,True,
6031,onnx_model_056,measure,29.790285541726195,29.790903516113758,29.802168359048665,11.264842934906483,True,
6032,onnx_model_089,measure,29.795945221884182,29.79634890705347,29.807336022146046,10.98711509257555,True,
6033,onnx_model_078,measure,29.800942432078006,29.801793085876852,29.81276322901249,10.970143135637045,True,
6034,onnx_model_029,measure,29.810835652134063,29.81157283578068,29.82243126584217,10.858430061489344,True,
6035,onnx_model_090,measure,29.830831720654146,29.8327034721151,29.843775879126042,11.072407010942698,True,
6036,onnx_model_054,measure,29.854630650593066,29.855189885944128,29.86638720985502,11.19732391089201,True,
6037,onnx_model_077,measure,29.857930307419547,29.858750394079834,29.869840203784406,11.089809704571962,True,
6038,onnx_model_072,measure,29.864188909325506,29.865301395766437,29.87651047296822,11.209077201783657,True,
6039,onnx_model_049,measure,29.864975474169515,29.86549230897799,29.876645049080253,11.152740102261305,True,
6040,onnx_model_005,measure,29.873675532457952,29.87409447086975,29.885076186154038,10.98171528428793,True,
6041,onnx_model_007,measure,29.877381030111287,29.877872972749174,29.88880447205156,10.931499302387238,True,
6042,onnx_model_020,measure,29.888792851530038,29.888981719035655,29.900036653038114,11.05493400245905,True,
6043,onnx_model_065,measure,29.9049696798135,29.905342609155923,29.91648905677721,11.146447621285915,True,
6044,onnx_model_054,measure,29.908394661758088,29.90891186380759,29.92009696504101,11.185101233422756,True,
6045,onnx_model_012,measure,29.91466556427045,29.915454681031406,29.926548909861594,11.094228830188513,True,
6046,onnx_model_076,measure,29.920988018128824,29.92139866994694,29.932701935991645,11.303266044706106,True,
6047,onnx_model_076,measure,29.930296968239393,29.930854103062302,29.932756069116294,1.9019660539925098,True,
6048,onnx_model_035,measure,29.953136374236756,29.954054994974285,29.965145917143673,11.09092216938734,True,
6049,onnx_model_000,measure,29.962583150759258,29.96459981892258,29.975826418958604,11.226600036025047,True,
6050,onnx_model_000,measure,29.97126336560317,29.972461733967066,29.975947889965028,3.4861559979617596,True,
6051,onnx_model_005,measure,29.972666025017002,29.972886039875448,29.983854428865016,10.968388989567757,True,
6052,onnx_model_091,measure,29.973575714969787,29.97434487286955,29.98541537579149,11.070502921938896,True,
6053,onnx_model_002,measure,29.97701053848304,29.978179852943867,29.989191143773496,11.011290829628706,True,
6054,onnx_model_042,measure,29.981365667445736,29.981645830906928,29.992667831946164,11.022001039236784,True,
6055,onnx_model_090,measure,29.983116134578093,29.983952436130494,29.99490041611716,10.947979986667633,True,
6056,onnx_model_091,measure,29.994585622442226,29.99499705992639,30.006171290762722,11.174230836331844,True,
6057,onnx_model_003,measure,29.994798255296406,29.995164467953146,30.006309423130006,11.144955176860094,True,
6058,onnx_model_077,measure,29.99610838436887,29.996694245841354,30.00758490804583,10.89066220447421,True,
6059,onnx_model_006,measure,29.997307252282862,29.99813014594838,30.009061073884368,10.930927935987711,True,
6060,onnx_model_020,measure,30.001978556305414,30.00257248012349,30.013558642938733,10.986162815243006,True,
6061,onnx_model_031,measure,30.001995547326864,30.00275470595807,30.013788891024888,11.034185066819191,True,
6062,onnx_model_043,measure,30.00314228848098,30.004262743052095,30.01569589599967,11.433152947574854,True,
6063,onnx_model_074,measure,30.00414564817242,30.00442841788754,30.01574200298637,11.313585098832846,True,
6064,onnx_model_052,measure,30.014000459790267,30.015045930165797,30.02610433101654,11.058400850743055,True,
6065,onnx_model_083,measure,30.016118781031178,30.016962552908808,30.028041081968695,11.078529059886932,True,
6066,onnx_model_033,measure,30.023586115950636,30.02443654090166,30.03526955191046,10.833011008799076,True,
6067,onnx_model_098,measure,30.030814591975258,30.03125956002623,30.042018792126328,10.759232100099325,True,
6068,onnx_model_056,measure,30.032557752888707,30.033724785782397,30.044679288752377,10.95450296998024,True,
6069,onnx_model_081,measure,30.039501500408566,30.04051493294537,30.05126451700926,10.749584063887596,True,
6070,onnx_model_069,measure,30.04380987275838,30.044241646770388,30.055072545073926,10.83089830353856,True,
6071,onnx_model_096,measure,30.044434017165372,30.044774579815567,30.05556241609156,10.787836275994778,True,
6072,onnx_model_009,measure,30.04808321599114,30.049214489758015,30.060087918769568,10.873429011553526,True,
6073,onnx_model_072,measure,30.049695416285406,30.05066074896604,30.06158857094124,10.927821975201368,True,
6074,onnx_model_061,measure,30.05593731002785,30.056757227983326,30.067753199022263,10.995971038937569,True,
6075,onnx_model_087,measure,30.059954028081492,30.06023171171546,30.071278269868344,11.046558152884245,True,
6076,onnx_model_086,measure,30.064246836712663,30.06482795905322,30.07555188378319,10.723924729973078,True,
6077,onnx_model_035,measure,30.067609306486403,30.0678873648867,30.078666374087334,10.779009200632572,True,
6078,onnx_model_025,measure,30.07030349622505,30.071345327887684,30.081889511086047,10.544183198362589,True,
6079,onnx_model_000,measure,30.07299885436544,30.07369690714404,30.084345899987966,10.648992843925953,True,
6080,onnx_model_024,measure,30.075233464386116,30.075639340095222,30.0862725218758,10.633181780576706,True,
6081,onnx_model_031,measure,30.075581504328586,30.075880928896368,30.08633264573291,10.451716836541891,True,
6082,onnx_model_010,measure,30.078957507641583,30.07990461681038,30.09045396000147,10.549343191087246,True,
6083,onnx_model_027,measure,30.090948188694625,30.091594628989697,30.10232632793486,10.73169894516468,True,
6084,onnx_model_035,measure,30.093481309616077,30.093860224820673,30.104675503913313,10.815279092639685,True,
6085,onnx_model_046,measure,30.09509610788785,30.096104200929403,30.10680396994576,10.699769016355276,True,
6086,onnx_model_092,measure,30.10572749718013,30.106873912736773,30.11769341910258,10.819506365805864,True,
6087,onnx_model_020,measure,30.10919009831858,30.110160018783063,30.120787209831178,10.627191048115492,True,
6088,onnx_model_074,measure,30.114884179450563,30.115439884830266,30.126156114973128,10.716230142861605,True,
6089,onnx_model_049,measure,30.12494032929469,30.12594064604491,30.136741906870157,10.801260825246572,True,
6090,onnx_model_006,measure,30.128653588947795,30.129407335072756,30.140269632916898,10.862297844141722,True,
6091,onnx_model_066,measure,30.129916707403293,30.130768913775682,30.141635859850794,10.866946075111628,True,
6092,onnx_model_067,measure,30.138090205014223,30.138943342026323,30.149781523738056,10.838181711733341,True,
6093,onnx_model_069,measure,30.14500430300721,30.145868735853583,30.15690985415131,11.041118297725916,True,
6094,onnx_model_010,measure,30.145241846128744,30.146037827711552,30.15694873780012,10.910910088568926,True,
6095,onnx_model_074,measure,30.150309445020415,30.150947641115636,30.16168726515025,10.739624034613371,True,
6096,onnx_model_071,measure,30.1508084173056,30.15104542579502,30.16173007711768,10.68465132266283,True,
6097,onnx_model_096,measure,30.1545025466993,30.155476819723845,30.166298059746623,10.821240022778511,True,
6098,onnx_model_063,measure,30.16062366883948,30.161145705729723,30.171930365730077,10.784660000354052,True,
6099,onnx_model_078,measure,30.161233311110806,30.161386914085597,30.172121218871325,10.734304785728455,True,
6100,onnx_model_087,measure,30.161792725684037,30.16292767273262,30.173724655993283,10.796983260661364,True,
6101,onnx_model_021,measure,30.162474042375838,30.16303859371692,30.17380851600319,10.769922286272049,True,
6102,onnx_model_008,measure,30.167460127251786,30.16850383207202,30.179378243163228,10.874411091208458,True,
6103,onnx_model_086,measure,30.167963840258572,30.16862743673846,30.17943335790187,10.805921163409948,True,
6104,onnx_model_061,measure,30.18104485617825,30.181648938916624,30.192653577774763,11.004638858139515,True,
6105,onnx_model_099,measure,30.18123231418994,30.18176480010152,30.192710235714912,10.945435613393784,True,
6106,onnx_model_069,measure,30.18922263644459,30.190142835024744,30.20097687887028,10.834043845534325,True,
6107,onnx_model_070,measure,30.190981663740118,30.191484815906733,30.202307508792728,10.822692885994911,True,
6108,onnx_model_045,measure,30.19335399755204,30.19391014613211,30.204651503823698,10.741357691586018,True,
6109,onnx_model_063,measure,30.199526679063386,30.20022356696427,30.210877900011837,10.654333047568798,True,
6110,onnx_model_027,measure,30.201545380148172,30.20212467107922,30.21279699774459,10.672326665371656,True,
6111,onnx_model_079,measure,30.21854768628517,30.21894528483972,30.22945352876559,10.508243925869465,True,
6112,onnx_model_068,measure,30.221939738478852,30.222204249817878,30.232697074767202,10.492824949324131,True,
6113,onnx_model_005,measure,30.228041484802812,30.228448619134724,30.23894548183307,10.496862698346376,True,
6114,onnx_model_035,measure,30.231089218349645,30.23164694895968,30.24216746678576,10.520517826080322,True,
6115,onnx_model_078,measure,30.237275050304763,30.237837877124548,30.2484726421535,10.634765028953552,True,
6116,onnx_model_065,measure,30.237296105390552,30.237921515945345,30.248539017979056,10.61750203371048,True,
6117,onnx_model_095,measure,30.239370534613993,30.240091560874134,30.250594284851104,10.502723976969719,True,
6118,onnx_model_038,measure,30.242458873004814,30.243319736793637,30.25428547197953,10.96573518589139,True,
6119,onnx_model_071,measure,30.252754253249897,30.25377758592367,30.264638361055404,10.860775131732225,True,
6120,onnx_model_022,measure,30.253095837435065,30.253890280146152,30.264726758934557,10.836478788405657,True,
6121,onnx_model_051,measure,30.253273991628898,30.25397722609341,30.264762497041374,10.785270947963,True,
6122,onnx_model_070,measure,30.258705137819586,30.25944695295766,30.270193621050566,10.746668092906475,True,
6123,onnx_model_055,measure,30.25895482010872,30.259543817024678,30.270267601124942,10.72378410026431,True,
6124,onnx_model_051,measure,30.265294379172257,30.265912373084575,30.276480891741812,10.568518657237291,True,
6125,onnx_model_039,measure,30.276358890151233,30.276537890080363,30.287081161979586,10.543271899223328,True,
6126,onnx_model_006,measure,30.286941830782766,30.287135644815862,30.29778728308156,10.651638265699148,True,
6127,onnx_model_000,measure,30.28754694286137,30.288398385979235,30.298972244840115,10.573858860880136,True,
6128,onnx_model_006,measure,30.288164601450596,30.288482675794512,30.298010776750743,9.528100956231356,True,
6129,onnx_model_030,measure,30.289357615571443,30.289773730095476,30.300405609887093,10.631879791617393,True,
6130,onnx_model_081,measure,30.290211618699757,30.29101382708177,30.301435788162053,10.421961080282927,True,
6131,onnx_model_003,measure,30.297291504518405,30.297837467864156,30.308450360782444,10.612892918288708,True,
6132,onnx_model_074,measure,30.299038485270028,30.30011025816202,30.310718562919647,10.608304757624865,True,
6133,onnx_model_086,measure,30.29971079426491,30.300190991722047,30.31080344412476,10.612452402710915,True,
6134,onnx_model_003,measure,30.30685019516183,30.307585787959397,30.308513191062957,0.9274031035602093,True,
6135,onnx_model_099,measure,30.308924353547184,30.309713893104345,30.321630083955824,11.916190851479769,True,
6136,onnx_model_067,measure,30.309707099554537,30.310013562906533,30.32148973783478,11.476174928247929,True,
6137,onnx_model_083,measure,30.310014873573163,30.31027377815917,30.321594446897507,11.320668738335371,True,
6138,onnx_model_010,measure,30.322108655991048,30.32280830387026,30.33364590490237,10.837601032108068,True,
6139,onnx_model_089,measure,30.324987418380235,30.326124577783048,30.33694553701207,10.820959229022264,True,
6140,onnx_model_021,measure,30.338058932756905,30.33909372985363,30.34983825404197,10.74452418833971,True,
6141,onnx_model_061,measure,30.34277701306361,30.343371972907335,30.354046984110028,10.675011202692986,True,
6142,onnx_model_083,measure,30.34612139674942,30.346631458960474,30.357157276943326,10.525817982852459,True,
6143,onnx_model_079,measure,30.347673937150486,30.347884430084378,30.358421839773655,10.53740968927741,True,
6144,onnx_model_086,measure,30.351737293014025,30.351992428768426,30.36255971575156,10.567286983132362,True,
6145,onnx_model_079,measure,30.3643781823179,30.364705674815923,30.37520084483549,10.495170019567013,True,
6146,onnx_model_035,measure,30.371001358727604,30.371985894162208,30.38249760493636,10.511710774153471,True,
6147,onnx_model_077,measure,30.37397895109023,30.374261579941958,30.384821341838688,10.55976189672947,True,
6148,onnx_model_094,measure,30.37562655290106,30.37635044986382,30.386826783884317,10.476334020495415,True,
6149,onnx_model_080,measure,30.395555138781532,30.396978601813316,30.407820811029524,10.842209216207266,True,
6150,onnx_model_077,measure,30.396650724472767,30.397064975928515,30.40784589899704,10.780923068523407,True,
6151,onnx_model_024,measure,30.39687029591656,30.39713978813961,30.408063551876694,10.923763737082481,True,
6152,onnx_model_069,measure,30.40087118790661,30.401464798953384,30.411921015009284,10.456216055899858,True,
6153,onnx_model_043,measure,30.40193391670828,30.402682524174452,30.413173356093466,10.490831919014454,True,
6154,onnx_model_061,measure,30.407246306658678,30.40789410006255,30.41843194095418,10.537840891629457,True,
6155,onnx_model_003,measure,30.41571251543449,30.41634909203276,30.426870692055672,10.521600022912025,True,
6156,onnx_model_044,measure,30.42861460905874,30.429013586137444,30.439563729800284,10.550143662840128,True,
6157,onnx_model_034,measure,30.43138517954752,30.432264484930784,30.44278232799843,10.517843067646027,True,
6158,onnx_model_080,measure,30.439371915700775,30.439633371774107,30.45017328672111,10.539914947003126,True,
6159,onnx_model_073,measure,30.44413911863138,30.444939197972417,30.455637313891202,10.698115918785334,True,
6160,onnx_model_059,measure,30.444728856677347,30.44502346776426,30.455559886060655,10.536418296396732,True,
6161,onnx_model_075,measure,30.44605138724047,30.446322036907077,30.45681238686666,10.49034995958209,True,
6162,onnx_model_062,measure,30.44901865633326,30.44957966916263,30.460196760948747,10.617091786116362,True,
6163,onnx_model_055,measure,30.452806870166338,30.45333152078092,30.46383312297985,10.501602198928595,True,
6164,onnx_model_083,measure,30.45684169364929,30.457993011921644,30.468653394840658,10.6603829190135,True,
6165,onnx_model_070,measure,30.459398464967922,30.460272835101932,30.47085423907265,10.581403970718384,True,
6166,onnx_model_003,measure,30.46669529400444,30.467023217119277,30.477650968823582,10.62775170430541,True,
6167,onnx_model_069,measure,30.472793863586276,30.47302359296009,30.483562977053225,10.539384093135595,True,
6168,onnx_model_004,measure,30.477251596795043,30.477708086837083,30.488261457998306,10.553371161222458,True,
6169,onnx_model_042,measure,30.477923452767456,30.47899195784703,30.48959349002689,10.60153217986226,True,
6170,onnx_model_069,measure,30.485360309968133,30.485696511808783,30.496379458811134,10.682947002351284,True,
6171,onnx_model_066,measure,30.493336746292282,30.493835983797908,30.504643777851015,10.8077940531075,True,
6172,onnx_model_008,measure,30.49816326737482,30.49860073113814,30.509387224912643,10.78649377450347,True,
6173,onnx_model_099,measure,30.5060047762103,30.506864198949188,30.517636134754866,10.771935805678368,True,
6174,onnx_model_048,measure,30.510014626560288,30.51061630109325,30.52133593801409,10.719636920839548,True,
6175,onnx_model_072,measure,30.511457184914953,30.512054285034537,30.52307874104008,11.02445600554347,True,
6176,onnx_model_070,measure,30.51161665181484,30.512216672766954,30.522960326168686,10.743653401732445,True,
6177,onnx_model_083,measure,30.51573976781418,30.51673082401976,30.527488342951983,10.75751893222332,True,
6178,onnx_model_024,measure,30.53062145009484,30.531719685997814,30.542485720012337,10.76603401452303,True,
6179,onnx_model_086,measure,30.535165362437372,30.536132082808763,30.54689306812361,10.760985314846039,True,
6180,onnx_model_065,measure,30.537799929447036,30.538555710110813,30.549276729114354,10.721019003540277,True,
6181,onnx_model_017,measure,30.541603950157292,30.541993455030024,30.552732988726348,10.739533696323633,True,
6182,onnx_model_062,measure,30.54287430502518,30.54373356187716,30.5545199457556,10.786383878439665,True,
6183,onnx_model_052,measure,30.5501274934504,30.550508921965957,30.561310323886573,10.801401920616627,True,
6184,onnx_model_014,measure,30.553871855857786,30.554629453923553,30.565360052045435,10.730598121881485,True,
6185,onnx_model_001,measure,30.555790370320988,30.55606064479798,30.566953259985894,10.89261518791318,True,
6186,onnx_model_050,measure,30.55808860214103,30.558487046975642,30.569541139062494,11.054092086851597,True,
6187,onnx_model_015,measure,30.56614845099416,30.56657346803695,30.577347869053483,10.774401016533375,True,
6188,onnx_model_024,measure,30.56854137586129,30.569199579767883,30.57992423605174,10.724656283855438,True,
6189,onnx_model_073,measure,30.571388613895817,30.571763443760574,30.582501335069537,10.737891308963299,True,
6190,onnx_model_016,measure,30.574537875123426,30.57518622977659,30.58593366900459,10.747439227998257,True,
6191,onnx_model_051,measure,30.578231070235294,30.57856454188004,30.589303635060787,10.73909318074584,True,
6192,onnx_model_043,measure,30.579905775795748,30.580069222021848,30.590811882168055,10.742660146206617,True,
6193,onnx_model_032,measure,30.58412468259551,30.584731773938984,30.595480827149004,10.749053210020065,True,
6194,onnx_model_036,measure,30.595458785312402,30.595659126061946,30.60644813394174,10.789007879793644,True,
6195,onnx_model_050,measure,30.60948760685572,30.610681330785155,30.62153247790411,10.85114711895585,True,
6196,onnx_model_078,measure,30.61400220609482,30.615123114082962,30.625930417794734,10.807303711771965,True,
6197,onnx_model_001,measure,30.61443468403926,30.615284521132708,30.62599887792021,10.714356787502766,True,
6198,onnx_model_081,measure,30.619851505849528,30.62078231200576,30.63157643005252,10.794118046760559,True,
6199,onnx_model_018,measure,30.62341755067635,30.62384346080944,30.634579508099705,10.73604729026556,True,
6200,onnx_model_068,measure,30.624876793304008,30.625301070977002,30.636033992748708,10.73292177170515,True,
6201,onnx_model_027,measure,30.624884808136912,30.625386373139918,30.63606865890324,10.682285763323307,True,
6202,onnx_model_062,measure,30.629852793315614,30.630135850980878,30.640737453941256,10.601602960377932,True,
6203,onnx_model_065,measure,30.631051445493107,30.631400514859706,30.64226890495047,10.868390090763569,True,
6204,onnx_model_040,measure,30.634756453178788,30.635739223100245,30.646282964851707,10.543741751462221,True,
6205,onnx_model_025,measure,30.636153559851138,30.63720622099936,30.6481722057797,10.965984780341387,True,
6206,onnx_model_073,measure,30.636762941321926,30.637287395074964,30.648027340881526,10.7399458065629,True,
6207,onnx_model_054,measure,30.63677168693931,30.637359282001853,30.64820997789502,10.85069589316845,True,
6208,onnx_model_050,measure,30.640908377062715,30.64189653703943,30.652807496953756,10.910959914326668,True,
6209,onnx_model_053,measure,30.64096995102322,30.641975877806544,30.652853233739734,10.877355933189392,True,
6210,onnx_model_092,measure,30.643056711637108,30.643406135961413,30.653958084061742,10.551948100328445,True,
6211,onnx_model_032,measure,30.64586387997811,30.646359860897064,30.657026406843215,10.666545946151018,True,
6212,onnx_model_087,measure,30.649157299205722,30.649445606861264,30.660187755711377,10.742148850113153,True,
6213,onnx_model_085,measure,30.650507855677866,30.650954936165363,30.66172599978745,10.77106362208724,True,
6214,onnx_model_072,measure,30.6521040877246,30.652383310720325,30.66315170004964,10.768389329314232,True,
6215,onnx_model_003,measure,30.66284710777647,30.663246439769864,30.674024017062038,10.7775772921741,True,
6216,onnx_model_013,measure,30.66966240002174,30.670706670731306,30.681471653748304,10.764983016997576,True,
6217,onnx_model_027,measure,30.67147958678911,30.672154683154076,30.68307314813137,10.918464977294207,True,
6218,onnx_model_016,measure,30.67199130388492,30.672319716773927,30.683750865980983,11.431149207055569,True,
6219,onnx_model_067,measure,30.67645094381758,30.677248255815357,30.68798683816567,10.738582350313663,True,
6220,onnx_model_090,measure,30.680749774289293,30.681566623970866,30.69234818778932,10.781563818454742,True,
6221,onnx_model_097,measure,30.682633593346512,30.683166976086795,30.69407390896231,10.90693287551403,True,
6222,onnx_model_099,measure,30.682813192831905,30.683324676007032,30.694118564017117,10.793888010084629,True,
6223,onnx_model_005,measure,30.689566856649492,30.69014691375196,30.700786889065057,10.639975313097239,True,
6224,onnx_model_015,measure,30.690845163050884,30.691491449717432,30.702377271838486,10.885822121053934,True,
6225,onnx_model_012,measure,30.6914591797577,30.691849681083113,30.702897291164845,11.047610081732273,True,
6226,onnx_model_088,measure,30.69291869974941,30.693565933033824,30.70438152179122,10.815588757395744,True,
6227,onnx_model_036,measure,30.701376418654775,30.702002048958093,30.712948796804994,10.946747846901417,True,
6228,onnx_model_036,measure,30.702315320431502,30.702542066108435,30.712992710992694,10.450644884258509,True,
6229,onnx_model_060,measure,30.702641490060202,30.703031165059656,30.71385156409815,10.820399038493633,True,
6230,onnx_model_078,measure,30.702783469128466,30.703185027930886,30.713972533121705,10.787505190819502,True,
6231,onnx_model_073,measure,30.704742118828616,30.70560018904507,30.716563899070024,10.963710024952888,True,
6232,onnx_model_066,measure,30.707815355490816,30.708047600928694,30.718748922925442,10.701321996748447,True,
6233,onnx_model_005,measure,30.711186594194345,30.711477690842003,30.72229813877493,10.8204479329288,True,
6234,onnx_model_086,measure,30.71526278640558,30.71619258308783,30.726975780911744,10.783197823911905,True,
6235,onnx_model_070,measure,30.7224433150652,30.723512928001583,30.73431080393493,10.797875933349133,True,
6236,onnx_model_031,measure,30.726004929222313,30.727069087792188,30.737842356786132,10.77326899394393,True,
6237,onnx_model_039,measure,30.734106265131445,30.734403640031815,30.745287489145994,10.883849114179611,True,
6238,onnx_model_097,measure,30.741515639188204,30.742059893906116,30.752808465156704,10.748571250587702,True,
6239,onnx_model_057,measure,30.742400711558016,30.743485122919083,30.754227682948112,10.742560029029846,True,
6240,onnx_model_078,measure,30.74383374130779,30.74491907795891,30.75562231382355,10.703235864639282,True,
6241,onnx_model_055,measure,30.74553944211814,30.746506887022406,30.757243025116622,10.736138094216585,True,
6242,onnx_model_072,measure,30.750295589725287,30.750945364125073,30.761721577960998,10.776213835924864,True,
6243,onnx_model_071,measure,30.75954628639181,30.76046407688409,30.771284945774823,10.820868890732527,True,
6244,onnx_model_042,measure,30.761450773625285,30.761817520018667,30.77262649592012,10.808975901454687,True,
6245,onnx_model_061,measure,30.76909744207419,30.770257582888007,30.780992459040135,10.734876152127981,True,
6246,onnx_model_008,measure,30.770870475718304,30.771381178870797,30.78212642390281,10.745245032012463,True,
6247,onnx_model_038,measure,30.77513428875732,30.775873037986457,30.786811790894717,10.93875290825963,True,
6248,onnx_model_038,measure,30.783831617272572,30.784347876906395,30.78685554396361,2.5076670572161674,True,
6249,onnx_model_069,measure,30.79711443176798,30.798075881786644,30.80884822877124,10.77234698459506,True,
6250,onnx_model_010,measure,30.799230254857623,30.79952844278887,30.810324635822326,10.796193033456802,True,
6251,onnx_model_083,measure,30.804674153952547,30.804971911013126,30.815713649149984,10.741738136857748,True,
6252,onnx_model_066,measure,30.807016625688732,30.8074361551553,30.818229862023145,10.793706867843866,True,
6253,onnx_model_044,measure,30.807534447631497,30.80780179006979,30.81851074611768,10.70895604789257,True,
6254,onnx_model_075,measure,30.807935081111232,30.808150161989033,30.81882533384487,10.675171855837107,True,
6255,onnx_model_083,measure,30.81628000464072,30.81694961898029,30.82765069976449,10.701080784201622,True,
6256,onnx_model_087,measure,30.820742644793185,30.821171322837472,30.83216186473146,10.990541893988848,True,
6257,onnx_model_018,measure,30.820800010355523,30.821359811816365,30.833446517121047,12.086705304682255,True,
6258,onnx_model_007,measure,30.83580372007258,30.83670350816101,30.8474656958133,10.762187652289867,True,
6259,onnx_model_015,measure,30.849174979576112,30.849718817975372,30.86047579580918,10.756977833807468,True,
6260,onnx_model_043,measure,30.850086921637487,30.85114265512675,30.861959617119282,10.816961992532015,True,
6261,onnx_model_086,measure,30.8526596234554,30.85352733777836,30.864252956118435,10.725618340075016,True,
6262,onnx_model_096,measure,30.85520195328406,30.855897453147918,30.86659401608631,10.696562938392162,True,
6263,onnx_model_081,measure,30.857871762217787,30.85827712714672,30.869034704752266,10.75757760554552,True,
6264,onnx_model_014,measure,30.86720447600824,30.867832278832793,30.878669009078294,10.836730245500803,True,
6265,onnx_model_040,measure,30.8683047196772,30.869119215756655,30.879978828132153,10.859612375497818,True,
6266,onnx_model_084,measure,30.873105094643094,30.87354538915679,30.884450988844037,10.905599687248468,True,
6267,onnx_model_080,measure,30.873346656629586,30.873707347083837,30.884493068791926,10.785721708089113,True,
6268,onnx_model_097,measure,30.883933690637317,30.88418978312984,30.894933534786105,10.743751656264067,True,
6269,onnx_model_076,measure,30.888018134756102,30.888790829107165,30.899669056758285,10.878227651119232,True,
6270,onnx_model_025,measure,30.89522675162068,30.89623912703246,30.907583220861852,11.344093829393387,True,
6271,onnx_model_088,measure,30.895310310912443,30.896420451812446,30.907651300076395,11.230848263949156,True,
6272,onnx_model_044,measure,30.895776139733425,30.89656764175743,30.907689202111214,11.121560353785753,True,
6273,onnx_model_053,measure,30.89620523458291,30.897105594165623,30.907814300153404,10.708705987781286,True,
6274,onnx_model_095,measure,30.90100164558604,30.901961574796587,30.912773415911943,10.811841115355492,True,
6275,onnx_model_015,measure,30.923961609359548,30.925074349157512,30.935927338898182,10.852989740669727,True,
6276,onnx_model_044,measure,30.927373549903564,30.928530608769506,30.93928829813376,10.757689364254475,True,
6277,onnx_model_070,measure,30.937154357359837,30.938219425734133,30.94908905774355,10.869632009416819,True,
6278,onnx_model_057,measure,30.940096742572827,30.940582468174398,30.951459733769298,10.877265594899654,True,
6279,onnx_model_026,measure,30.94132492137621,30.942130569834262,30.953202666714787,11.07209688052535,True,
6280,onnx_model_062,measure,30.943552699714694,30.944697038736194,30.955552033148706,10.854994412511587,True,
6281,onnx_model_044,measure,30.94486606039643,30.94512646505609,30.95590522373095,10.77875867486,True,
6282,onnx_model_086,measure,30.94526770928954,30.94549932377413,30.956366030033678,10.866706259548664,True,
6283,onnx_model_065,measure,30.945322715788993,30.945685036946088,30.956485426984727,10.800390038639307,True,
6284,onnx_model_081,measure,30.951821925793247,30.952774934004992,30.96363389492035,10.858960915356874,True,
6285,onnx_model_013,measure,30.96063824491016,30.96175494370982,30.97315823007375,11.40328636392951,True,
6286,onnx_model_094,measure,30.96489040724989,30.965865226928145,30.97669012285769,10.824895929545164,True,
6287,onnx_model_019,measure,30.967132268067868,30.9683271558024,30.979163474868983,10.83631906658411,True,
6288,onnx_model_023,measure,30.97205660019276,30.972811199724674,30.983630957081914,10.819757357239723,True,
6289,onnx_model_004,measure,30.98134750957139,30.98238732293248,30.993203702848405,10.81637991592288,True,
6290,onnx_model_071,measure,30.98231450723346,30.982777203898877,30.993553007021546,10.775803122669458,True,
6291,onnx_model_088,measure,30.983739339232915,30.984857698902488,30.99557822709903,10.720528196543455,True,
6292,onnx_model_051,measure,30.98512960306543,30.986326781101525,30.997333995066583,11.007213965058327,True,
6293,onnx_model_090,measure,30.985983688072594,30.986501122824848,30.997373298741877,10.87217591702938,True,
6294,onnx_model_079,measure,30.986505098231312,30.986960305832326,30.997720839921385,10.760534089058638,True,
6295,onnx_model_062,measure,31.00792000075575,31.008943201974034,31.01999345701188,11.050255037844181,True,
6296,onnx_model_066,measure,31.011377933302768,31.012413267977536,31.02348888106644,11.075613088905811,True,
6297,onnx_model_068,measure,31.012253033473137,31.012587619014084,31.02352792583406,10.940306819975376,True,
6298,onnx_model_079,measure,31.01463906947176,31.01514982013032,31.02595790475607,10.80808462575078,True,
6299,onnx_model_097,measure,31.019035750620674,31.01958905812353,31.03040009876713,10.81104064360261,True,
6300,onnx_model_045,measure,31.02347412062678,31.02369431173429,31.034497967921197,10.803656186908484,True,
6301,onnx_model_001,measure,31.026393207919064,31.027188623789698,31.038039800710976,10.851176921278238,True,
6302,onnx_model_006,measure,31.02851729483682,31.02966849785298,31.04043874097988,10.770243126899004,True,
6303,onnx_model_076,measure,31.030702596265513,31.03163625812158,31.042421319056302,10.785060934722424,True,
6304,onnx_model_009,measure,31.037607927632497,31.038137156050652,31.048889794852585,10.752638801932335,True,
6305,onnx_model_053,measure,31.046554531925803,31.047660659067333,31.058383049909025,10.722390841692686,True,
6306,onnx_model_023,measure,31.047707804252045,31.048025521915406,31.058745129033923,10.71960711851716,True,
6307,onnx_model_047,measure,31.060355686145957,31.06096439715475,31.07188138877973,10.916991624981165,True,
6308,onnx_model_078,measure,31.072525154947982,31.07310274988413,31.083886749111116,10.783999226987362,True,
6309,onnx_model_057,measure,31.073033746479982,31.073464076966047,31.084248146042228,10.784069076180458,True,
6310,onnx_model_058,measure,31.07488675879201,31.07591070793569,31.08666154416278,10.750836227089167,True,
6311,onnx_model_036,measure,31.07921046745582,31.080345567781478,31.091121350880712,10.775783099234104,True,
6312,onnx_model_059,measure,31.081398039175518,31.08176064817235,31.09257420292124,10.813554748892784,True,
6313,onnx_model_051,measure,31.087227505262486,31.087895549833775,31.09868929674849,10.793746914714575,True,
6314,onnx_model_076,measure,31.093405302895537,31.09375428594649,31.104686627164483,10.93234121799469,True,
6315,onnx_model_076,measure,31.096916477384738,31.097193173132837,31.10473085101694,7.537677884101868,True,
6316,onnx_model_071,measure,31.100988759958316,31.101919738110155,31.112956176046282,11.036437936127186,True,
6317,onnx_model_045,measure,31.101737538006468,31.102102784905583,31.113001241814345,10.898456908762455,True,
6318,onnx_model_000,measure,31.10644174601798,31.106947544962168,31.117754998151213,10.80745318904519,True,
6319,onnx_model_076,measure,31.107168050200972,31.10838415613398,31.11918841302395,10.80425688996911,True,
6320,onnx_model_048,measure,31.117098161535562,31.11785113113001,31.128647112753242,10.795981623232365,True,
6321,onnx_model_066,measure,31.121604874721513,31.122409936971962,31.13324758782983,10.83765085786581,True,
6322,onnx_model_072,measure,31.133237800915193,31.133416317868978,31.14424641476944,10.830096900463104,True,
6323,onnx_model_098,measure,31.14170939797737,31.143873224966228,31.154654428828508,10.781203862279654,True,
6324,onnx_model_074,measure,31.148008651015225,31.148472807835788,31.159300800878555,10.827993042767048,True,
6325,onnx_model_039,measure,31.149260955671195,31.14992904709652,31.160975735168904,11.046688072383404,True,
6326,onnx_model_077,measure,31.15164667443369,31.152364436071366,31.163158514071256,10.79407799988985,True,
6327,onnx_model_082,measure,31.157379922016556,31.157884669024497,31.168918071780354,11.033402755856514,True,
6328,onnx_model_015,measure,31.15750873355316,31.158048099838197,31.16896360879764,10.915508959442377,True,
6329,onnx_model_062,measure,31.157969136821233,31.158621158916503,31.169314416125417,10.693257208913565,True,
6330,onnx_model_016,measure,31.159986924824935,31.160543133039027,31.171370183117688,10.82705007866025,True,
6331,onnx_model_003,measure,31.16058097458062,31.161072860006243,31.17193555785343,10.862697847187519,True,
6332,onnx_model_048,measure,31.16149879301765,31.16250629397109,31.173248975072056,10.742681100964546,True,
6333,onnx_model_004,measure,31.163284164148457,31.16437855316326,31.175091256853193,10.712703689932823,True,
6334,onnx_model_058,measure,31.16668729776217,31.167834002058953,31.17859437596053,10.760373901575804,True,
6335,onnx_model_042,measure,31.196599914713534,31.197917605750263,31.208807145711035,10.889539960771799,True,
6336,onnx_model_018,measure,31.200607207537594,31.201434270944446,31.212355230003595,10.920959059149027,True,
6337,onnx_model_031,measure,31.20152409381233,31.20181024586782,31.212846464011818,11.036218143999577,True,
6338,onnx_model_058,measure,31.202959550421326,31.203241256065667,31.213979637715966,10.738381650298834,True,
6339,onnx_model_015,measure,31.20464111592123,31.205689679831266,31.216434855014086,10.745175182819366,True,
6340,onnx_model_009,measure,31.20768320473546,31.208122523967177,31.218877818901092,10.755294933915138,True,
6341,onnx_model_016,measure,31.212147729864487,31.212470939848572,31.22330380184576,10.832861997187138,True,
6342,onnx_model_000,measure,31.220961170326536,31.22211331874132,31.23284967802465,10.736359283328056,True,
6343,onnx_model_042,measure,31.222283064657763,31.222484976053238,31.233218407724053,10.733431670814753,True,
6344,onnx_model_016,measure,31.238560705494137,31.23944041505456,31.250241927802563,10.801512748003006,True,
6345,onnx_model_003,measure,31.247056076364597,31.247910134959966,31.2587141119875,10.803977027535439,True,
6346,onnx_model_035,measure,31.25590426483294,31.256483521778136,31.26734407711774,10.860555339604616,True,
6347,onnx_model_085,measure,31.266546533696637,31.26695800293237,31.277601324021816,10.643321089446545,True,
6348,onnx_model_020,measure,31.26764648949216,31.268565548118204,31.279218818992376,10.65327087417245,True,
6349,onnx_model_000,measure,31.272902633503787,31.273963339161128,31.284972506109625,11.009166948497295,True,
6350,onnx_model_048,measure,31.27320608508225,31.274059881921858,31.284996712114662,10.936830192804337,True,
6351,onnx_model_098,measure,31.282784769548645,31.28336073178798,31.293932086788118,10.571355000138283,True,
6352,onnx_model_005,measure,31.283695610796435,31.284642818849534,31.295390549115837,10.747730266302824,True,
6353,onnx_model_060,measure,31.284349435438966,31.284739662893116,31.295432197861373,10.69253496825695,True,
6354,onnx_model_091,measure,31.288648738939195,31.28917493391782,31.299791894853115,10.616960935294628,True,
6355,onnx_model_002,measure,31.305721488999243,31.30597000895068,31.31662311917171,10.653110221028328,True,
6356,onnx_model_097,measure,31.307117107612477,31.307341787032783,31.317967033945024,10.625246912240982,True,
6357,onnx_model_029,measure,31.31101477999404,31.311677247751504,31.322168631013483,10.491383261978626,True,
6358,onnx_model_019,measure,31.322778388948397,31.323305871803313,31.333883298095316,10.577426292002201,True,
6359,onnx_model_060,measure,31.324169294333455,31.3245577220805,31.33512397715822,10.566255077719688,True,
6360,onnx_model_026,measure,31.324860652545443,31.325812025927007,31.336359264794737,10.547238867729902,True,
6361,onnx_model_062,measure,31.32849517619986,31.329073435161263,31.33957408601418,10.500650852918625,True,
6362,onnx_model_033,measure,31.332290048560544,31.333353460766375,31.34387983987108,10.526379104703665,True,
6363,onnx_model_001,measure,31.333500320559388,31.33395460387692,31.34485950274393,10.90489886701107,True,
6364,onnx_model_050,measure,31.340110446798445,31.340699395164847,31.351270609069616,10.571213904768229,True,
6365,onnx_model_077,measure,31.35121517007568,31.351375438738614,31.36191620491445,10.540766175836325,True,
6366,onnx_model_046,measure,31.35230622531646,31.352674557827413,31.363278003875166,10.603446047753096,True,
6367,onnx_model_084,measure,31.36095981238113,31.361973914783448,31.37263805605471,10.664141271263361,True,
6368,onnx_model_090,measure,31.36295346738891,31.36333659477532,31.37383066304028,10.494068264961243,True,
6369,onnx_model_084,measure,31.367366547326153,31.36761366482824,31.37270776880905,5.09410398080945,True,
6370,onnx_model_068,measure,31.374861620282665,31.375967654865235,31.38655511988327,10.587465018033981,True,
6371,onnx_model_032,measure,31.37499271711291,31.376050010789186,31.38664606306702,10.596052277833223,True,
6372,onnx_model_019,measure,31.37696172787333,31.377330374903977,31.387806438840926,10.476063936948776,True,
6373,onnx_model_070,measure,31.37866283029029,31.379573218990117,31.390303215011954,10.729996021836996,True,
6374,onnx_model_036,measure,31.378664945493803,31.37966218777001,31.39026876911521,10.606581345200539,True,
6375,onnx_model_070,measure,31.380933944650604,31.38193792384118,31.390319366008043,8.381442166864872,True,
6376,onnx_model_059,measure,31.384566862493234,31.385222606826574,31.3958524428308,10.6298360042274,True,
6377,onnx_model_091,measure,31.38780979648633,31.38893880089745,31.399450913071632,10.51211217418313,True,
6378,onnx_model_054,measure,31.400452698997317,31.400638381019235,31.41131377313286,10.675392113626003,True,
6379,onnx_model_028,measure,31.407155818190283,31.407963395118713,31.418634008150548,10.670613031834364,True,
6380,onnx_model_021,measure,31.420986444236902,31.42180536594242,31.432667382992804,10.862017050385475,True,
6381,onnx_model_098,measure,31.42412680800413,31.425204567145556,31.436004226095974,10.799658950418234,True,
6382,onnx_model_032,measure,31.42864916577552,31.429697067011148,31.440546710975468,10.849643964320421,True,
6383,onnx_model_084,measure,31.43158626833739,31.432172533124685,31.44294096203521,10.768428910523653,True,
6384,onnx_model_026,measure,31.433831728538603,31.434881843160838,31.44575892901048,10.877085849642754,True,
6385,onnx_model_019,measure,31.443615076059167,31.444176651071757,31.455016606021672,10.839954949915409,True,
6386,onnx_model_060,measure,31.44974149949513,31.449980021920055,31.460759262088686,10.779240168631077,True,
6387,onnx_model_086,measure,31.451696509287633,31.452417265158147,31.463094341102988,10.677075944840908,True,
6388,onnx_model_089,measure,31.45284221123986,31.453861139714718,31.464442322961986,10.5811832472682,True,
6389,onnx_model_091,measure,31.45829711324711,31.459242369048297,31.470065902918577,10.823533870279789,True,
6390,onnx_model_082,measure,31.458461669515327,31.459403725806624,31.470185870770365,10.782144963741302,True,
6391,onnx_model_027,measure,31.46653677666435,31.467671270947903,31.47886696178466,11.195690836757421,True,
6392,onnx_model_027,measure,31.46840569733568,31.469104195013642,31.47891127690673,9.807081893086433,True,
6393,onnx_model_070,measure,31.47724273647424,31.4784370851703,31.4892991730012,10.862087830901146,True,
6394,onnx_model_061,measure,31.48480499141809,31.48513312311843,31.495979400817305,10.846277698874474,True,
6395,onnx_model_097,measure,31.490622736930444,31.49152785912156,31.502852114848793,11.324255727231503,True,
6396,onnx_model_030,measure,31.490679200565847,31.491732948925346,31.50297495815903,11.242009233683348,True,
6397,onnx_model_058,measure,31.495924918765276,31.496075422968715,31.50664880173281,10.573378764092922,True,
6398,onnx_model_033,measure,31.49635230945866,31.49741781502962,31.508152920752764,10.735105723142624,True,
6399,onnx_model_036,measure,31.497464378648363,31.49779841909185,31.50849460111931,10.696182027459145,True,
6400,onnx_model_022,measure,31.4989594158011,31.49913672171533,31.509798648767173,10.661927051842213,True,
6401,onnx_model_007,measure,31.502131503162683,31.502520233858377,31.51331404177472,10.793807916343212,True,
6402,onnx_model_020,measure,31.50817058187185,31.50855132797733,31.519229656085372,10.678328108042479,True,
6403,onnx_model_092,measure,31.51058583110656,31.51101388875395,31.521676987875253,10.663099121302366,True,
6404,onnx_model_091,measure,31.51241887410245,31.513383232988417,31.523901517037302,10.518284048885107,True,
6405,onnx_model_012,measure,31.51612212759182,31.51667140284553,31.527274649124593,10.60324627906084,True,
6406,onnx_model_099,measure,31.532942866628527,31.5334395468235,31.54417333099991,10.733784176409245,True,
6407,onnx_model_025,measure,31.535416872525264,31.53574926778674,31.546351039782166,10.601771995425224,True,
6408,onnx_model_048,measure,31.536821486849803,31.537087260745466,31.548011025879532,10.923765134066343,True,
6409,onnx_model_022,measure,31.537021232537896,31.537354178726673,31.54805544996634,10.70127123966813,True,
6410,onnx_model_035,measure,31.541271052050355,31.541733843740076,31.552438250742853,10.704407002776861,True,
6411,onnx_model_065,measure,31.54672326420287,31.547562933992594,31.55843008076772,10.867146775126457,True,
6412,onnx_model_084,measure,31.55202822708213,31.552215197123587,31.56284987181425,10.634674690663815,True,
6413,onnx_model_081,measure,31.55267117307832,31.55359071213752,31.56445101602003,10.86030388250947,True,
6414,onnx_model_006,measure,31.556751415852958,31.55794032011181,31.56864093011245,10.700610000640154,True,
6415,onnx_model_073,measure,31.55807746193035,31.558225111104548,31.568854296114296,10.629185009747744,True,
6416,onnx_model_002,measure,31.563818699080716,31.564068488776684,31.574873147066683,10.80465828999877,True,
6417,onnx_model_001,measure,31.566175025190844,31.566690011881292,31.577517362777144,10.82735089585185,True,
6418,onnx_model_079,measure,31.567389573174616,31.568126262165606,31.57927364204079,11.147379875183105,True,
6419,onnx_model_013,measure,31.56762646573671,31.568287898786366,31.579216552898288,10.928654111921787,True,
6420,onnx_model_001,measure,31.571231526820196,31.572071271017194,31.577555785886943,5.484514869749546,True,
6421,onnx_model_042,measure,31.58158915300112,31.582490666769445,31.593311324715614,10.820657946169376,True,
6422,onnx_model_068,measure,31.583350735558827,31.583940172102302,31.59473890904337,10.798736941069365,True,
6423,onnx_model_010,measure,31.583918538914716,31.584273626096547,31.5948726227507,10.59899665415287,True,
6424,onnx_model_077,measure,31.599692741076417,31.600087827071548,31.61093396274373,10.846135672181845,True,
6425,onnx_model_040,measure,31.60158489187755,31.60252375714481,31.613130658864975,10.606901720166206,True,
6426,onnx_model_067,measure,31.609138133535787,31.609966564923525,31.620734834112227,10.768269188702106,True,
6427,onnx_model_076,measure,31.61323128016785,31.61436204984784,31.62499292800203,10.630878154188395,True,
6428,onnx_model_069,measure,31.633725159174897,31.63514223974198,31.645965544041246,10.823304299265146,True,
6429,onnx_model_057,measure,31.635639773111627,31.636490263044834,31.647255957126617,10.765694081783295,True,
6430,onnx_model_049,measure,31.638581904739674,31.63884436711669,31.649644948076457,10.800580959767103,True,
6431,onnx_model_089,measure,31.64086764021843,31.641225733794272,31.65221026400104,10.984530206769705,True,
6432,onnx_model_061,measure,31.64106410287196,31.641325743868947,31.652088723145425,10.76297927647829,True,
6433,onnx_model_069,measure,31.64893987039991,31.64944460708648,31.660151208750904,10.706601664423943,True,
6434,onnx_model_041,measure,31.649947218986668,31.65086136991158,31.66163507895544,10.773709043860435,True,
6435,onnx_model_081,measure,31.654897555243476,31.655429102946073,31.666237347759306,10.808244813233614,True,
6436,onnx_model_042,measure,31.658411969563716,31.658880232833326,31.669640516862273,10.760284028947353,True,
6437,onnx_model_021,measure,31.66548438282586,31.665854269172996,31.676673074718565,10.818805545568466,True,
6438,onnx_model_052,measure,31.666479120703567,31.667474700137973,31.67844544397667,10.970743838697672,True,
6439,onnx_model_031,measure,31.67100043319744,31.67185892397538,31.682695623021573,10.836699046194553,True,
6440,onnx_model_089,measure,31.672329021108474,31.67328831087798,31.68394218198955,10.653871111571789,True,
6441,onnx_model_005,measure,31.673371663220582,31.673648073803633,31.684244186151773,10.596112348139286,True,
6442,onnx_model_048,measure,31.674325461539144,31.675071420148015,31.685747753828764,10.67633368074894,True,
6443,onnx_model_039,measure,31.676874778323423,31.67790460586548,31.6885169679299,10.612362064421177,True,
6444,onnx_model_028,measure,31.684252148907547,31.68539485381916,31.696059284731746,10.664430912584066,True,
6445,onnx_model_056,measure,31.68828893484242,31.68858518777415,31.699204633943737,10.61944616958499,True,
6446,onnx_model_028,measure,31.694353006674998,31.694879472721368,31.69632903812453,1.449565403163433,True,
6447,onnx_model_010,measure,31.695248758372408,31.696127554867417,31.706689522136003,10.561967268586159,True,
6448,onnx_model_012,measure,31.69671690890027,31.69754029996693,31.708264234941453,10.723934974521399,True,
6449,onnx_model_090,measure,31.697541655155597,31.69793247571215,31.708511985838413,10.579510126262903,True,
6450,onnx_model_007,measure,31.698248474176143,31.699260639958084,31.709837244823575,10.57660486549139,True,
6451,onnx_model_009,measure,31.699296129360352,31.699475469067693,31.710150470025837,10.675000958144665,True,
6452,onnx_model_095,measure,31.69986323309571,31.70083772810176,31.711370069067925,10.532340966165066,True,
6453,onnx_model_062,measure,31.704977660720242,31.706141971051693,31.71689406875521,10.752097703516483,True,
6454,onnx_model_056,measure,31.712957394171145,31.713538120035082,31.724217168986797,10.679048951715231,True,
6455,onnx_model_003,measure,31.734532868169616,31.735381050035357,31.74606664199382,10.685591958463192,True,
6456,onnx_model_053,measure,31.73458486506175,31.73547837510705,31.74614213593304,10.66376082599163,True,
6457,onnx_model_094,measure,31.736486999543892,31.736814154777676,31.747376281768084,10.562126990407705,True,
6458,onnx_model_003,measure,31.759784663787933,31.761572876945138,31.772333902772516,10.761025827378035,True,
6459,onnx_model_002,measure,31.761995684344946,31.762916050851345,31.773659521713853,10.74347086250782,True,
6460,onnx_model_022,measure,31.765958489097788,31.766261669807136,31.777004019822925,10.74235001578927,True,
6461,onnx_model_008,measure,31.7661665289805,31.766373802907765,31.77706757094711,10.693768039345741,True,
6462,onnx_model_067,measure,31.76736930688016,31.76770949177444,31.778469455894083,10.759964119642973,True,
6463,onnx_model_074,measure,31.77770748668119,31.778227997012436,31.789057542104274,10.829545091837645,True,
6464,onnx_model_021,measure,31.779898370304174,31.780653527006507,31.79138449486345,10.730967856943607,True,
6465,onnx_model_073,measure,31.790036066478308,31.79023733502254,31.801042392849922,10.80505782738328,True,
6466,onnx_model_070,measure,31.792033082659245,31.792541794944555,31.803270468953997,10.72867400944233,True,
6467,onnx_model_083,measure,31.803085795371306,31.803329620976,31.814115883782506,10.786262806504965,True,
6468,onnx_model_076,measure,31.808836579002218,31.80964430514723,31.82048428012058,10.839974973350763,True,
6469,onnx_model_090,measure,31.81013195722088,31.810933635104448,31.8216582108289,10.724575724452734,True,
6470,onnx_model_015,measure,31.819993770940496,31.82027324894443,31.830993466079235,10.720217134803534,True,
6471,onnx_model_064,measure,31.825456868734868,31.825821675825864,31.836674404796213,10.852728970348835,True,
6472,onnx_model_018,measure,31.83222467437098,31.83315579686314,31.843905771151185,10.74997428804636,True,
6473,onnx_model_005,measure,31.83598783378866,31.83643946889788,31.84710403997451,10.664571076631546,True,
6474,onnx_model_065,measure,31.843449102943946,31.843972086906433,31.8545368690975,10.564782191067934,True,
6475,onnx_model_044,measure,31.85235517867154,31.853305618744344,31.863966193050146,10.660574305802584,True,
6476,onnx_model_070,measure,31.857071771072516,31.857739306986332,31.86838305881247,10.643751826137304,True,
6477,onnx_model_068,measure,31.86564115836189,31.86616697581485,31.8769278107211,10.760834906250238,True,
6478,onnx_model_094,measure,31.869002617633743,31.869590043090284,31.880309359170496,10.719316080212593,True,
6479,onnx_model_028,measure,31.875796951344828,31.876993896905333,31.887566894758493,10.572997853159904,True,
6480,onnx_model_072,measure,31.879719194610043,31.88037513382733,31.89104824187234,10.673108045011759,True,
6481,onnx_model_082,measure,31.88486249506497,31.885696889832616,31.896224551834166,10.527662001550198,True,
6482,onnx_model_060,measure,31.889726442971426,31.89068557275459,31.901274872012436,10.589299257844687,True,
6483,onnx_model_061,measure,31.89013234325187,31.890770433936268,31.90138598298654,10.615549050271511,True,
6484,onnx_model_077,measure,31.894137844938843,31.895186629146338,31.90588091686368,10.694287717342377,True,
6485,onnx_model_096,measure,31.89579835781195,31.896272383164614,31.90684317611158,10.570792946964502,True,
6486,onnx_model_075,measure,31.898403011022815,31.89953322103247,31.91023027477786,10.697053745388985,True,
6487,onnx_model_079,measure,31.902887690624834,31.90352134173736,31.91424101917073,10.719677433371544,True,
6488,onnx_model_037,measure,31.911966475557378,31.91238173376769,31.92303047608584,10.648742318153381,True,
6489,onnx_model_060,measure,31.916827868098707,31.91742151416838,31.928176348097622,10.754833929240704,True,
6490,onnx_model_024,measure,31.920126706490418,31.92077098088339,31.93138810293749,10.617122054100037,True,
6491,onnx_model_003,measure,31.920909908612344,31.921046765055507,31.931537066120654,10.490301065146923,True,
6492,onnx_model_002,measure,31.932470282272913,31.932706087827682,31.94328841380775,10.582325980067253,True,
6493,onnx_model_095,measure,31.935172375076867,31.935981744900346,31.946508363820612,10.526618920266628,True,
6494,onnx_model_059,measure,31.947494238096397,31.9476652527228,31.958243511151522,10.57825842872262,True,
6495,onnx_model_008,measure,31.955376512115762,31.95596731407568,31.9665000657551,10.532751679420471,True,
6496,onnx_model_014,measure,31.961765914396054,31.962416873779148,31.972917343955487,10.50047017633915,True,
6497,onnx_model_015,measure,31.969564221174014,31.97065509390086,31.981163659133017,10.508565232157707,True,
6498,onnx_model_059,measure,31.9695769624957,31.97074050595984,31.981261294800788,10.520788840949535,True,
6499,onnx_model_019,measure,31.973009494112514,31.974057842046022,31.98453455697745,10.476714931428432,True,
6500,onnx_model_010,measure,31.97557850335657,31.9763083900325,31.98686972586438,10.56133583188057,True,
6501,onnx_model_092,measure,31.985839984080805,31.98668350186199,31.997381708119065,10.698206257075071,True,
6502,onnx_model_074,measure,31.988016490492807,31.989007058087736,31.999546613078564,10.539554990828037,True,
6503,onnx_model_009,measure,31.990130689753215,31.991253449115902,32.00189941516146,10.645966045558453,True,
6504,onnx_model_054,measure,31.990891367288953,31.991334543097764,32.00203315913677,10.698616039007902,True,
6505,onnx_model_054,measure,31.99466486079396,31.99561837594956,32.002065430860966,6.447054911404848,True,
6506,onnx_model_006,measure,31.996167359906924,31.996921162120998,32.007426862139255,10.505700018256903,True,
6507,onnx_model_063,measure,31.997065965161227,31.997186495922506,32.007703146897256,10.516650974750519,True,
6508,onnx_model_073,measure,32.00566764048549,32.00624991487712,32.016727891750634,10.477976873517036,True,
6509,onnx_model_042,measure,32.00676354455228,32.00747743807733,32.01801383588463,10.53639780730009,True,
6510,onnx_model_086,measure,32.01201237260672,32.01285104313865,32.023358755744994,10.507712606340647,True,
6511,onnx_model_073,measure,32.05094032331707,32.05153524596244,32.06252736086026,10.992114897817373,True,
6512,onnx_model_055,measure,32.05134538678693,32.05167437996715,32.06257559172809,10.901211760938168,True,
6513,onnx_model_021,measure,32.06074625183199,32.062100518960506,32.072746705729514,10.646186769008636,True,
6514,onnx_model_025,measure,32.06426989482773,32.064703627023846,32.07542428607121,10.720659047365189,True,
6515,onnx_model_025,measure,32.066608905280866,32.06702411780134,32.07544887205586,8.42475425451994,True,
6516,onnx_model_044,measure,32.067246735100326,32.06845533894375,32.079205884132534,10.7505451887846,True,
6517,onnx_model_076,measure,32.07035008853681,32.07083279779181,32.08146265381947,10.629856027662754,True,
6518,onnx_model_072,measure,32.07723776011528,32.0776550360024,32.08824511617422,10.590080171823502,True,
6519,onnx_model_062,measure,32.0789451782322,32.079270937945694,32.08982085203752,10.549914091825485,True,
6520,onnx_model_021,measure,32.079175188009906,32.07950465194881,32.08999357977882,10.488927830010653,True,
6521,onnx_model_041,measure,32.08070766916928,32.08154602209106,32.092101235874,10.555213782936335,True,
6522,onnx_model_035,measure,32.09352162603023,32.09426287515089,32.10479885293171,10.53597778081894,True,
6523,onnx_model_065,measure,32.09949835182634,32.10059430077672,32.11118753673509,10.593235958367586,True,
6524,onnx_model_059,measure,32.102713901535004,32.10292310686782,32.113407717086375,10.484610218554735,True,
6525,onnx_model_027,measure,32.11052280591675,32.1109783090651,32.121489419136196,10.511110071092844,True,
6526,onnx_model_074,measure,32.11219245364267,32.112326852977276,32.12279544211924,10.468589141964912,True,
6527,onnx_model_090,measure,32.11643552028354,32.11754871811718,32.12801580503583,10.467086918652058,True,
6528,onnx_model_041,measure,32.12060095084761,32.12081215204671,32.1313667348586,10.554582811892033,True,
6529,onnx_model_081,measure,32.13376192281065,32.1345980768092,32.145229485817254,10.631409008055925,True,
6530,onnx_model_036,measure,32.14093285107749,32.14199926611036,32.15265498077497,10.65571466460824,True,
6531,onnx_model_088,measure,32.14556203121514,32.146399799734354,32.156975373160094,10.575573425740004,True,
6532,onnx_model_085,measure,32.148773926724495,32.14970612479374,32.160218006931245,10.5118821375072,True,
6533,onnx_model_016,measure,32.154824684578834,32.15581586910412,32.16633755899966,10.521689895540476,True,
6534,onnx_model_022,measure,32.15646760963554,32.157034475822,32.16748702386394,10.452548041939735,True,
6535,onnx_model_034,measure,32.16532119783251,32.16639919579029,32.17692162794992,10.522432159632444,True,
6536,onnx_model_080,measure,32.17347390749667,32.17365107079968,32.1841465421021,10.495471302419901,True,
6537,onnx_model_004,measure,32.17677728542423,32.176979137118906,32.187431966885924,10.452829767018557,True,
6538,onnx_model_087,measure,32.178352151183695,32.17926262784749,32.18981749098748,10.554863139986992,True,
6539,onnx_model_072,measure,32.189011338353254,32.18958709388971,32.20012327097356,10.536177083849907,True,
6540,onnx_model_027,measure,32.19300620753181,32.19397269003093,32.20448960084468,10.516910813748837,True,
6541,onnx_model_036,measure,32.210827159679106,32.21165822772309,32.22236002003774,10.701792314648628,True,
6542,onnx_model_044,measure,32.21143841864359,32.21175861777738,32.22228726185858,10.52864408120513,True,
6543,onnx_model_091,measure,32.211941948531745,32.21311443578452,32.223688184749335,10.573748964816332,True,
6544,onnx_model_055,measure,32.21432227302448,32.21546609606594,32.22601283388212,10.54673781618476,True,
6545,onnx_model_080,measure,32.217849606165466,32.218779884744436,32.229359676130116,10.579791385680437,True,
6546,onnx_model_080,measure,32.22288633000457,32.22349697072059,32.22943260380998,5.935633089393377,True,
6547,onnx_model_052,measure,32.225838310483546,32.226069522090256,32.23656465113163,10.49512904137373,True,
6548,onnx_model_060,measure,32.22607377966308,32.22628545202315,32.23686193674803,10.576484724879265,True,
6549,onnx_model_096,measure,32.23145126583067,32.23259237082675,32.243116344790906,10.52397396415472,True,
6550,onnx_model_091,measure,32.23368237236018,32.23387782415375,32.244360871147364,10.483046993613243,True,
6551,onnx_model_060,measure,32.234651238311656,32.23511589784175,32.236921509727836,1.8056118860840797,True,
6552,onnx_model_068,measure,32.235866901829446,32.23635646607727,32.246875560842454,10.51909476518631,True,
6553,onnx_model_009,measure,32.23848029272358,32.23905644798651,32.249704397749156,10.647949762642384,True,
6554,onnx_model_013,measure,32.24767053401502,32.248055674135685,32.258734402712435,10.678728576749563,True,
6555,onnx_model_092,measure,32.24879989100741,32.249409968964756,32.260008794721216,10.598825756460428,True,
6556,onnx_model_014,measure,32.25118478888638,32.25189204700291,32.26246200874448,10.569961741566658,True,
6557,onnx_model_049,measure,32.25206353875289,32.25324460770935,32.26387237012386,10.627762414515018,True,
6558,onnx_model_077,measure,32.252161788303574,32.253376327920705,32.263995873741806,10.619545821100473,True,
6559,onnx_model_089,measure,32.25449732766141,32.2547776917927,32.26547189988196,10.694208089262247,True,
6560,onnx_model_096,measure,32.256462064995596,32.25709124002606,32.26775754475966,10.666304733604193,True,
6561,onnx_model_086,measure,32.25850130477957,32.2588117797859,32.26951198000461,10.700200218707323,True,
6562,onnx_model_099,measure,32.25984458245574,32.26008295593783,32.27068367693573,10.60072099789977,True,
6563,onnx_model_039,measure,32.26017044513859,32.260365422815084,32.27122166007757,10.856237262487411,True,
6564,onnx_model_056,measure,32.26082599961527,32.26172020891681,32.27224774984643,10.527540929615498,True,
6565,onnx_model_092,measure,32.26418373543877,32.26517680892721,32.27578857075423,10.611761827021837,True,
6566,onnx_model_050,measure,32.267946367024685,32.268935423810035,32.27956934692338,10.6339231133461,True,
6567,onnx_model_010,measure,32.269777503720995,32.270757496822625,32.281403603963554,10.646107140928507,True,
6568,onnx_model_089,measure,32.270581562912525,32.27088579116389,32.28149472689256,10.608935728669167,True,
6569,onnx_model_035,measure,32.27542284573036,32.27586127910763,32.286442262120545,10.580983012914658,True,
6570,onnx_model_095,measure,32.28267052140811,32.28372482582927,32.29437047196552,10.645646136254072,True,
6571,onnx_model_021,measure,32.2984085568859,32.29953372711316,32.31020203605294,10.668308939784765,True,
6572,onnx_model_066,measure,32.29974079481125,32.30081931082532,32.31146389385685,10.644583031535149,True,
6573,onnx_model_029,measure,32.31403633612165,32.314641263801605,32.32548080896959,10.839545167982578,True,
6574,onnx_model_066,measure,32.31436710033858,32.31474672490731,32.325560960918665,10.814236011356115,True,
6575,onnx_model_088,measure,32.32054082210338,32.32108498271555,32.332108977716416,11.023995000869036,True,
6576,onnx_model_014,measure,32.32198869585274,32.32234953716397,32.33292779373005,10.57825656607747,True,
6577,onnx_model_057,measure,32.33095593060662,32.33179877791554,32.34281273372471,11.013955809175968,True,
6578,onnx_model_090,measure,32.333954352495496,32.335147032979876,32.34579254873097,10.645515751093626,True,
6579,onnx_model_007,measure,32.335538157094405,32.336579957045615,32.34731360990554,10.733652859926224,True,
6580,onnx_model_066,measure,32.33939366165649,32.34001749102026,32.35069936607033,10.681875050067902,True,
6581,onnx_model_009,measure,32.34208358981894,32.34245030581951,32.35315406182781,10.703756008297205,True,
6582,onnx_model_065,measure,32.34768487732844,32.34852936072275,32.359248485881835,10.719125159084797,True,
6583,onnx_model_036,measure,32.3548806750273,32.355370635166764,32.36606514407322,10.694508906453848,True,
6584,onnx_model_043,measure,32.35713454013057,32.357810001820326,32.36855332413688,10.743322316557169,True,
6585,onnx_model_062,measure,32.35752811128308,32.35796929476783,32.368686377070844,10.717082303017378,True,
6586,onnx_model_074,measure,32.36212450585361,32.36246881773695,32.373328931164,10.860113427042961,True,
6587,onnx_model_090,measure,32.37170927466677,32.372908571735024,32.3836275478825,10.718976147472858,True,
6588,onnx_model_039,measure,32.375248664167636,32.37555008381605,32.3863350241445,10.78494032844901,True,
6589,onnx_model_031,measure,32.37645042444381,32.37699980894104,32.38765232777223,10.652518831193447,True,
6590,onnx_model_035,measure,32.378330246138475,32.379428666085005,32.390114878769964,10.686212684959173,True,
6591,onnx_model_078,measure,32.38370352435173,32.384842436760664,32.39566878695041,10.826350189745426,True,
6592,onnx_model_085,measure,32.38800892424209,32.38886689674109,32.39967686496675,10.80996822565794,True,
6593,onnx_model_030,measure,32.396411131624134,32.39688060013577,32.40768590895459,10.805308818817139,True,
6594,onnx_model_094,measure,32.398853823930956,32.39931371482089,32.410057878121734,10.744163300842047,True,
6595,onnx_model_063,measure,32.40279495554783,32.40389892086387,32.41465683002025,10.757909156382084,True,
6596,onnx_model_050,measure,32.40937535456068,32.40984778897837,32.4210541411303,11.206352151930332,True,
6597,onnx_model_094,measure,32.41007067812345,32.41126890992746,32.42189305508509,10.624145157635212,True,
6598,onnx_model_069,measure,32.41123595819851,32.41162848379463,32.42227022210136,10.641738306730986,True,
6599,onnx_model_059,measure,32.414023085468834,32.414753302931786,32.42559404997155,10.84074703976512,True,
6600,onnx_model_001,measure,32.41430037753953,32.414913918823004,32.42576047684997,10.846558026969433,True,
6601,onnx_model_064,measure,32.41947467124481,32.42047420796007,32.43130632909015,10.832121130079031,True,
6602,onnx_model_079,measure,32.419695380082416,32.420658487826586,32.43141801096499,10.759523138403893,True,
6603,onnx_model_002,measure,32.440288956875584,32.44166074087843,32.45264638308436,10.985642205923796,True,
6604,onnx_model_021,measure,32.44049389008131,32.44182699685916,32.45275693293661,10.929936077445745,True,
6605,onnx_model_006,measure,32.44721073695529,32.448334456887096,32.45927597489208,10.941518004983664,True,
6606,onnx_model_020,measure,32.44764523310093,32.44849578291178,32.45938355894759,10.887776035815477,True,
6607,onnx_model_017,measure,32.449457399557026,32.45000265771523,32.46074670087546,10.744043160229921,True,
6608,onnx_model_091,measure,32.450408661159614,32.451428717933595,32.462271539028734,10.842821095138788,True,
6609,onnx_model_031,measure,32.456888052632664,32.457973569165915,32.46880843490362,10.834865737706423,True,
6610,onnx_model_061,measure,32.474838366316405,32.47597399586812,32.486658645793796,10.684649925678968,True,
6611,onnx_model_019,measure,32.4817610709553,32.48226908175275,32.493019255809486,10.750174056738615,True,
6612,onnx_model_064,measure,32.483688543610455,32.48464069003239,32.49563926598057,10.998575948178768,True,
6613,onnx_model_079,measure,32.48664205862877,32.486761461012065,32.49753727391362,10.775812901556492,True,
6614,onnx_model_038,measure,32.49167755797767,32.492117651738226,32.50305357994512,10.935928206890821,True,
6615,onnx_model_036,measure,32.494937205611464,32.4952459288761,32.50613285275176,10.886923875659704,True,
6616,onnx_model_071,measure,32.50596450080764,32.50622621085495,32.517069121822715,10.842910967767239,True,
6617,onnx_model_086,measure,32.50829989824321,32.50868302071467,32.519526823889464,10.84380317479372,True,
6618,onnx_model_015,measure,32.5105000914257,32.51117544900626,32.521796979010105,10.621530003845692,True,
6619,onnx_model_033,measure,32.51135278221873,32.51158763188869,32.522316155955195,10.728524066507816,True,
6620,onnx_model_019,measure,32.5120847485544,32.51296959910542,32.52363161602989,10.662016924470663,True,
6621,onnx_model_039,measure,32.512957964070736,32.513179508037865,32.52376820612699,10.588698089122772,True,
6622,onnx_model_067,measure,32.51732739688581,32.51829985110089,32.529240468051285,10.940616950392723,True,
6623,onnx_model_041,measure,32.51816123794428,32.518462520092726,32.529346629977226,10.884109884500504,True,
6624,onnx_model_083,measure,32.52599593197395,32.526991493068635,32.538002682849765,11.01118978112936,True,
6625,onnx_model_035,measure,32.52605039060954,32.52715614577755,32.538144101854414,10.987956076860428,True,
6626,onnx_model_086,measure,32.531311563745504,32.5315679917112,32.542395072989166,10.8270812779665,True,
6627,onnx_model_060,measure,32.54761548767323,32.54855578392744,32.559253588784486,10.697804857045412,True,
6628,onnx_model_007,measure,32.551055054479896,32.551849875133485,32.56249772477895,10.647849645465612,True,
6629,onnx_model_084,measure,32.56503383218656,32.56567597715184,32.57657409273088,10.898115579038858,True,
6630,onnx_model_061,measure,32.56644636155672,32.566981638781726,32.577787740156054,10.806101374328136,True,
6631,onnx_model_008,measure,32.56685675913511,32.56706412509084,32.5779573218897,10.893196798861027,True,
6632,onnx_model_075,measure,32.56698270045519,32.56727326288819,32.577994622755796,10.721359867602587,True,
6633,onnx_model_019,measure,32.569122940055315,32.56953831901774,32.58020333107561,10.665012057870626,True,
6634,onnx_model_055,measure,32.56951462793868,32.56977500813082,32.58033403009176,10.559021960943937,True,
6635,onnx_model_013,measure,32.57018475453006,32.57105362880975,32.581740824040025,10.687195230275393,True,
6636,onnx_model_091,measure,32.57564671386936,32.57632305473089,32.58709577284753,10.772718116641045,True,
6637,onnx_model_008,measure,32.60847734746267,32.60933890379965,32.62037735711783,11.038453318178654,True,
6638,onnx_model_035,measure,32.61029678440903,32.610761848744005,32.62174909375608,10.987245012074709,True,
6639,onnx_model_039,measure,32.61109427184014,32.6121948431246,32.62304318416864,10.848341044038534,True,
6640,onnx_model_061,measure,32.614497038107274,32.615697289817035,32.626478363759816,10.781073942780495,True,
6641,onnx_model_059,measure,32.61651950455858,32.61712121684104,32.62776541011408,10.644193273037672,True,
6642,onnx_model_077,measure,32.61798848252479,32.61845838883892,32.629191561136395,10.733172297477722,True,
6643,onnx_model_094,measure,32.621413066268474,32.62185752997175,32.63278188602999,10.924356058239937,True,
6644,onnx_model_054,measure,32.63215692201294,32.63243887387216,32.643306471873075,10.867598000913858,True,
6645,onnx_model_062,measure,32.634869140070684,32.63598575582728,32.64678005408496,10.794298257678747,True,
6646,onnx_model_054,measure,32.640447797844246,32.641370572149754,32.643351146019995,1.980573870241642,True,
6647,onnx_model_005,measure,32.647355391130404,32.64797847205773,32.65875043813139,10.771966073662043,True,
6648,onnx_model_084,measure,32.64982073352598,32.65035975910723,32.66111647617072,10.756717063486576,True,
6649,onnx_model_039,measure,32.652471066365045,32.65279076015577,32.66367890685797,10.888146702200174,True,
6650,onnx_model_079,measure,32.65423991801469,32.65518007194623,32.6658447640948,10.664692148566246,True,
6651,onnx_model_009,measure,32.659388833242126,32.65995279373601,32.67077632807195,10.823534335941076,True,
6652,onnx_model_026,measure,32.66301255593004,32.663367214147,32.67414577305317,10.778558906167746,True,
6653,onnx_model_034,measure,32.67010781114694,32.670877140015364,32.68171742511913,10.84028510376811,True,
6654,onnx_model_011,measure,32.67235124699691,32.673276571091264,32.68400913197547,10.732560884207487,True,
6655,onnx_model_093,measure,32.67803717087072,32.67839661287144,32.68933857185766,10.941958986222744,True,
6656,onnx_model_025,measure,32.6782031444393,32.678539043758065,32.68942447612062,10.885432362556458,True,
6657,onnx_model_040,measure,32.67933348784083,32.6799817760475,32.690764993894845,10.78321784734726,True,
6658,onnx_model_035,measure,32.68144406945239,32.6818030080758,32.6925287861377,10.725778061896563,True,
6659,onnx_model_042,measure,32.69482925922315,32.69581655599177,32.70682913903147,11.012583039700985,True,
6660,onnx_model_022,measure,32.70576556945012,32.706304541788995,32.71744095114991,11.136409360915422,True,
6661,onnx_model_030,measure,32.711453258221574,32.71210784371942,32.72304366109893,10.935817379504442,True,
6662,onnx_model_043,measure,32.715977743080515,32.71659944206476,32.7277915161103,11.192074045538902,True,
6663,onnx_model_074,measure,32.725853415262925,32.72633751202375,32.73724162904546,10.90411702170968,True,
6664,onnx_model_030,measure,32.72730343196834,32.72791834687814,32.7387835001573,10.865153279155493,True,
6665,onnx_model_019,measure,32.72850946159944,32.72944651171565,32.740390765015036,10.94425329938531,True,
6666,onnx_model_073,measure,32.73239937841534,32.73299667984247,32.74397787405178,10.981194209307432,True,
6667,onnx_model_063,measure,32.73333189306288,32.73446990083903,32.74563047476113,11.160573922097683,True,
6668,onnx_model_061,measure,32.73451927384535,32.73484466271475,32.74575966084376,10.9149981290102,True,
6669,onnx_model_038,measure,32.74227740724873,32.74263663496822,32.75352570274845,10.889067780226469,True,
6670,onnx_model_043,measure,32.74490920971291,32.7451986647211,32.75608520815149,10.886543430387974,True,
6671,onnx_model_077,measure,32.749014913377394,32.74998374003917,32.76079015200958,10.80641197040677,True,
6672,onnx_model_031,measure,32.77016607126201,32.77101013902575,32.78195188706741,10.941748041659594,True,
6673,onnx_model_088,measure,32.77268420510019,32.77345272200182,32.784397415816784,10.944693814963102,True,
6674,onnx_model_075,measure,32.774388475361825,32.77483771415427,32.78622943814844,11.391723994165659,True,
6675,onnx_model_060,measure,32.774968403559555,32.77616995712742,32.78710285900161,10.932901874184608,True,
6676,onnx_model_079,measure,32.7796697168416,32.780589648056775,32.791496641002595,10.906992945820093,True,
6677,onnx_model_001,measure,32.784672916777666,32.78565538674593,32.79690141417086,11.246027424931526,True,
6678,onnx_model_043,measure,32.785466485759116,32.78581924876198,32.79700697492808,11.18772616609931,True,
6679,onnx_model_074,measure,32.79394867496297,32.79472611984238,32.8056325907819,10.906470939517021,True,
6680,onnx_model_074,measure,32.801899934483465,32.802227147854865,32.805710759945214,3.4836120903491974,True,
6681,onnx_model_026,measure,32.81068742852007,32.810922145843506,32.82192857796326,11.006432119756937,True,
6682,onnx_model_017,measure,32.820862259365654,32.82135271281004,32.83226696914062,10.91425633057952,True,
6683,onnx_model_028,measure,32.83197993035217,32.83236056705937,32.84328354103491,10.922973975539207,True,
6684,onnx_model_048,measure,32.8379606155132,32.83887662412599,32.849902752786875,11.02612866088748,True,
6685,onnx_model_056,measure,32.84108125241629,32.841414959169924,32.85253300284967,11.118043679744005,True,
6686,onnx_model_027,measure,32.841178386787966,32.84160223510116,32.85267931083217,11.077075731009245,True,
6687,onnx_model_026,measure,32.841687038289514,32.842071876861155,32.85312834382057,11.056466959416866,True,
6688,onnx_model_040,measure,32.847674098280805,32.84851623699069,32.85952024394646,11.004006955772638,True,
6689,onnx_model_041,measure,32.85469278947994,32.85535296285525,32.86618622485548,10.833262000232935,True,
6690,onnx_model_043,measure,32.85525708746468,32.8557298691012,32.86648089485243,10.751025751233101,True,
6691,onnx_model_035,measure,32.85893693792468,32.85911167785525,32.869876550044864,10.764872189611197,True,
6692,onnx_model_086,measure,32.882175242045875,32.88416577177122,32.89515287708491,10.987105313688517,True,
6693,onnx_model_051,measure,32.88704367864331,32.88771078083664,32.898814586922526,11.103806085884571,True,
6694,onnx_model_065,measure,32.89075164682093,32.891154987737536,32.90209614485502,10.941157117486,True,
6695,onnx_model_008,measure,32.89693148808628,32.89745179703459,32.90863602608442,11.184229049831629,True,
6696,onnx_model_008,measure,32.8997502593814,32.90008780779317,32.90868194401264,8.594136219471693,True,
6697,onnx_model_008,measure,32.91870162331925,32.91998572088778,32.9312171000056,11.231379117816687,True,
6698,onnx_model_073,measure,32.919665197158736,32.92018407816067,32.93133404199034,11.149963829666376,True,
6699,onnx_model_052,measure,32.923480914839196,32.92380728479475,32.934950987808406,11.143703013658524,True,
6700,onnx_model_005,measure,32.92483867237293,32.92528975289315,32.93646935373545,11.179600842297077,True,
6701,onnx_model_044,measure,32.925103590516926,32.9254621011205,32.93634980684146,10.887705720961094,True,
6702,onnx_model_005,measure,32.93411039858424,32.934562258888036,32.93656389415264,2.0016352646052837,True,
6703,onnx_model_039,measure,32.93779373682906,32.93878589710221,32.94976014783606,10.974250733852386,True,
6704,onnx_model_001,measure,32.94070610316219,32.941232819110155,32.952207290101796,10.974470991641283,True,
6705,onnx_model_084,measure,32.96150776991868,32.96242881892249,32.973517808131874,11.088989209383726,True,
6706,onnx_model_045,measure,32.96251369092733,32.96281300904229,32.9738234388642,11.010429821908474,True,
6707,onnx_model_019,measure,32.96966791806415,32.970248754136264,32.98122294386849,10.97418973222375,True,
6708,onnx_model_052,measure,32.97100061353972,32.97161688376218,32.98251858679578,10.901703033596277,True,
6709,onnx_model_087,measure,32.97170744038311,32.97190841892734,32.98286075796932,10.95233904197812,True,
6710,onnx_model_070,measure,32.97849584050609,32.97911677090451,32.99019910674542,11.082335840910673,True,
6711,onnx_model_099,measure,32.980390626695105,32.98133198171854,32.99237050395459,11.038522236049175,True,
6712,onnx_model_011,measure,32.99615081816049,32.99668700899929,33.007732384838164,11.04537583887577,True,
6713,onnx_model_046,measure,32.99834003151303,32.999185708817095,33.010185627732426,10.999918915331364,True,
6714,onnx_model_096,measure,33.000836973689765,33.001733741723,33.01263661682606,10.90287510305643,True,
6715,onnx_model_050,measure,33.00508398913414,33.00626721000299,33.01721995975822,10.952749755233526,True,
6716,onnx_model_022,measure,33.01780943007669,33.018470887094736,33.029583220835775,11.112333741039038,True,
6717,onnx_model_025,measure,33.02699320218572,33.02895679976791,33.040130149107426,11.17334933951497,True,
6718,onnx_model_023,measure,33.02799875580703,33.02912680292502,33.04026979394257,11.14299101755023,True,
6719,onnx_model_056,measure,33.042621514301906,33.04356781300157,33.05465343501419,11.085622012615204,True,
6720,onnx_model_076,measure,33.043648161728534,33.0439786138013,33.0551613108255,11.182697024196386,True,
6721,onnx_model_086,measure,33.05070999384588,33.05148020386696,33.062538793776184,11.058589909225702,True,
6722,onnx_model_010,measure,33.05580756933079,33.05645668273792,33.067629410885274,11.172728147357702,True,
6723,onnx_model_088,measure,33.05988366524755,33.06101278401911,33.07218980975449,11.177025735378265,True,
6724,onnx_model_091,measure,33.06556291067552,33.06685275491327,33.078253756742924,11.401001829653978,True,
6725,onnx_model_098,measure,33.06725535649138,33.0677390601486,33.078903591725975,11.164531577378511,True,
6726,onnx_model_045,measure,33.07059097733285,33.07126671494916,33.08217958873138,10.912873782217503,True,
6727,onnx_model_010,measure,33.0719495091473,33.0722984559834,33.083116800989956,10.818345006555319,True,
6728,onnx_model_052,measure,33.07660406258812,33.07783111277968,33.08877660892904,10.945496149361134,True,
6729,onnx_model_087,measure,33.08330271788326,33.0843635299243,33.09526583412662,10.902304202318192,True,
6730,onnx_model_055,measure,33.084745401606135,33.08584097912535,33.09679139405489,10.950414929538965,True,
6731,onnx_model_078,measure,33.08640121520505,33.08727811090648,33.09804814308882,10.770032182335854,True,
6732,onnx_model_035,measure,33.08817212205767,33.0888738441281,33.09972336702049,10.849522892385721,True,
6733,onnx_model_055,measure,33.104745529215414,33.105949732940644,33.116985781118274,11.03604817762971,True,
6734,onnx_model_025,measure,33.10518676035168,33.10611545806751,33.11709586996585,10.980411898344755,True,
6735,onnx_model_082,measure,33.106675147994466,33.107650194782764,33.11832342296839,10.673228185623884,True,
6736,onnx_model_045,measure,33.123547121229315,33.124540771823376,33.13540275907144,10.861987248063087,True,
6737,onnx_model_030,measure,33.125011334419256,33.12603268772364,33.13683835789561,10.80567017197609,True,
6738,onnx_model_010,measure,33.13465578031192,33.13546231202781,33.146351661067456,10.889349039644003,True,
6739,onnx_model_075,measure,33.152916563265066,33.153685281053185,33.16480075987056,11.115478817373514,True,
6740,onnx_model_026,measure,33.15360477837322,33.15409471001476,33.1650580088608,10.963298846036196,True,
6741,onnx_model_077,measure,33.15690818739286,33.15761746605858,33.1687133978121,11.095931753516197,True,
6742,onnx_model_081,measure,33.15776764999807,33.1580189387314,33.16917556617409,11.15662744268775,True,
6743,onnx_model_011,measure,33.16068492259453,33.161517448723316,33.17280250089243,11.285052169114351,True,
6744,onnx_model_005,measure,33.16525045511902,33.1662941290997,33.17730032000691,11.006190907210112,True,
6745,onnx_model_063,measure,33.16829657399082,33.16881380882114,33.1797500369139,10.936228092759848,True,
6746,onnx_model_081,measure,33.17184656613192,33.172405996825546,33.183301066979766,10.895070154219866,True,
6747,onnx_model_028,measure,33.18483487942295,33.18552016513422,33.19656057097018,11.040405835956335,True,
6748,onnx_model_057,measure,33.18679661192108,33.187984318938106,33.198899758048356,10.915439110249281,True,
6749,onnx_model_021,measure,33.19194642246794,33.192423747852445,33.20327289076522,10.849142912775278,True,
6750,onnx_model_004,measure,33.19588332115663,33.19667087076232,33.20749523676932,10.824366007000208,True,
6751,onnx_model_042,measure,33.19679946893125,33.19703574478626,33.208051764871925,11.016020085662603,True,
6752,onnx_model_066,measure,33.20676805846948,33.20758937578648,33.21852326998487,10.933894198387861,True,
6753,onnx_model_067,measure,33.2093523273189,33.21028114203364,33.22130391513929,11.02277310565114,True,
6754,onnx_model_042,measure,33.20970574487385,33.21044657705352,33.22142499499023,10.978417936712503,True,
6755,onnx_model_042,measure,33.21384602542523,33.21497109672055,33.22149323485792,6.522138137370348,True,
6756,onnx_model_081,measure,33.21824367478556,33.218631646130234,33.22948965476826,10.85800863802433,True,
6757,onnx_model_031,measure,33.234438448020086,33.234719345811754,33.24571756180376,10.99821599200368,True,
6758,onnx_model_065,measure,33.23524630509593,33.236151427961886,33.24710305593908,10.951627977192402,True,
6759,onnx_model_093,measure,33.26642409028275,33.267336716875434,33.278347266837955,11.0105499625206,True,
6760,onnx_model_033,measure,33.2713058882459,33.27177912183106,33.28284878283739,11.069661006331444,True,
6761,onnx_model_008,measure,33.273536260796625,33.274203810840845,33.28518201876432,10.978207923471928,True,
6762,onnx_model_090,measure,33.291401562629375,33.292418263852596,33.303582545835525,11.164281982928514,True,
6763,onnx_model_074,measure,33.31852650701297,33.31889799796045,33.330061158165336,11.16316020488739,True,
6764,onnx_model_050,measure,33.31953745060249,33.32042879797518,33.331539357081056,11.110559105873108,True,
6765,onnx_model_008,measure,33.32864930547163,33.32899027178064,33.34003379382193,11.043522041290998,True,
6766,onnx_model_040,measure,33.33442744991753,33.334838778711855,33.34586931671947,11.030538007616997,True,
6767,onnx_model_018,measure,33.334776407560064,33.335234742145985,33.346270218957216,11.035476811230183,True,
6768,onnx_model_055,measure,33.34051904558797,33.3413350880146,33.35244019702077,11.105109006166458,True,
6769,onnx_model_099,measure,33.34068455798548,33.34152210270986,33.35256710788235,11.045005172491074,True,
6770,onnx_model_084,measure,33.341239924885436,33.34199503203854,33.353119689039886,11.12465700134635,True,
6771,onnx_model_045,measure,33.34143347008647,33.34215745097026,33.35328493313864,11.127482168376446,True,
6772,onnx_model_019,measure,33.348279857724485,33.348570841830224,33.35956855677068,10.997714940458536,True,
6773,onnx_model_059,measure,33.35300218001773,33.35339078400284,33.36449945997447,11.108675971627235,True,
6774,onnx_model_062,measure,33.35876294174789,33.3596826037392,33.370626566931605,10.943963192403316,True,
6775,onnx_model_068,measure,33.363235124006465,33.36413574917242,33.37503085890785,10.895109735429287,True,
6776,onnx_model_071,measure,33.3671005178402,33.36775169195607,33.378678822889924,10.927130933851004,True,
6777,onnx_model_000,measure,33.39175376784312,33.392969768028706,33.40400336217135,11.033594142645597,True,
6778,onnx_model_028,measure,33.406493778384885,33.40730183199048,33.41835737694055,11.055544950067997,True,
6779,onnx_model_007,measure,33.41080122728753,33.41183562995866,33.422960886731744,11.125256773084402,True,
6780,onnx_model_012,measure,33.412524034470614,33.41336383484304,33.42438332084566,11.019486002624035,True,
6781,onnx_model_048,measure,33.42638373405089,33.42670015478507,33.43773418897763,11.034034192562103,True,
6782,onnx_model_023,measure,33.42815247650296,33.42924351990223,33.44035008177161,11.106561869382858,True,
6783,onnx_model_006,measure,33.440081890738675,33.440458898898214,33.45148167107254,11.022772174328566,True,
6784,onnx_model_070,measure,33.442058852734036,33.443003055173904,33.45393442409113,10.931368917226791,True,
6785,onnx_model_069,measure,33.45591337014594,33.45623422507197,33.467531779780984,11.297554709017277,True,
6786,onnx_model_007,measure,33.458163542856724,33.45877994410694,33.470002696849406,11.22275274246931,True,
6787,onnx_model_014,measure,33.46326344223597,33.46431333292276,33.47542868088931,11.11534796655178,True,
6788,onnx_model_059,measure,33.46599745050292,33.46686172671616,33.47807760676369,11.215880047529936,True,
6789,onnx_model_035,measure,33.46608707422391,33.46704546594992,33.478206200990826,11.160735040903091,True,
6790,onnx_model_038,measure,33.46989105846493,33.470095043070614,33.48098428174853,10.889238677918911,True,
6791,onnx_model_019,measure,33.47441803173201,33.47552702808753,33.4865171588026,10.990130715072155,True,
6792,onnx_model_009,measure,33.48110862651532,33.48222184414044,33.49325390486047,11.032060720026493,True,
6793,onnx_model_024,measure,33.488515013300876,33.48875861009583,33.49969696206972,10.938351973891258,True,
6794,onnx_model_039,measure,33.49339774547789,33.49447732977569,33.505568051710725,11.090721935033798,True,
6795,onnx_model_039,measure,33.49892351778025,33.4997921329923,33.505630801897496,5.838668905198574,True,
6796,onnx_model_067,measure,33.50078228612784,33.50122865382582,33.51210379600525,10.875142179429531,True,
6797,onnx_model_078,measure,33.50257034085933,33.50367221888155,33.51454798178747,10.875762905925512,True,
6798,onnx_model_073,measure,33.50426617462752,33.50509805884212,33.516004299744964,10.906240902841091,True,
6799,onnx_model_047,measure,33.50930360657539,33.50985354790464,33.520743038039654,10.889490135014057,True,
6800,onnx_model_087,measure,33.51027507517186,33.51128716301173,33.522259840741754,10.972677730023861,True,
6801,onnx_model_027,measure,33.517106450162295,33.51822161488235,33.529046130832285,10.824515949934721,True,
6802,onnx_model_070,measure,33.52459726977142,33.52548196585849,33.5363863739185,10.904408060014248,True,
6803,onnx_model_007,measure,33.52503687492684,33.52566152671352,33.536507974844426,10.846448130905628,True,
6804,onnx_model_022,measure,33.5271727523782,33.52817160775885,33.539023405872285,10.851798113435507,True,
6805,onnx_model_010,measure,33.53165648336991,33.53226472903043,33.54322044411674,10.955715086311102,True,
6806,onnx_model_049,measure,33.53852453667078,33.53911523101851,33.54999152477831,10.876293759793043,True,
6807,onnx_model_033,measure,33.543909302059475,33.544376872014254,33.555113861802965,10.736989788711071,True,
6808,onnx_model_068,measure,33.56301231864278,33.56334621971473,33.574287448078394,10.941228363662958,True,
6809,onnx_model_043,measure,33.56894004742668,33.56977708498016,33.58079846482724,11.021379847079515,True,
6810,onnx_model_061,measure,33.588689517620075,33.58910124702379,33.600296437740326,11.195190716534853,True,
6811,onnx_model_061,measure,33.59014987400467,33.590651453938335,33.6003486267291,9.697172790765762,True,
6812,onnx_model_084,measure,33.596524706486306,33.597184031736106,33.608088159002364,10.904127266258001,True,
6813,onnx_model_067,measure,33.609822606135964,33.61038773972541,33.621395403984934,11.007664259523153,True,
6814,onnx_model_035,measure,33.61845422046104,33.618937612045556,33.630069823004305,11.132210958749056,True,
6815,onnx_model_062,measure,33.633332915365344,33.63437007693574,33.64535149093717,10.981414001435041,True,
6816,onnx_model_099,measure,33.635325276351445,33.63595575094223,33.64703647373244,11.08072279021144,True,
6817,onnx_model_047,measure,33.636298888601765,33.637336004991084,33.64868347486481,11.347469873726368,True,
6818,onnx_model_036,measure,33.63654400048325,33.637513782829046,33.648640253115445,11.126470286399126,True,
6819,onnx_model_028,measure,33.63778722895914,33.63899193285033,33.64993169810623,10.939765255898237,True,
6820,onnx_model_033,measure,33.64160050012582,33.64243889506906,33.65331722283736,10.878327768296003,True,
6821,onnx_model_057,measure,33.645638245200296,33.64659831114113,33.65778674883768,11.188437696546316,True,
6822,onnx_model_075,measure,33.6540870125245,33.65457629598677,33.66557949176058,11.003195773810148,True,
6823,onnx_model_014,measure,33.65462692869694,33.65495903417468,33.665881535969675,10.922501794993877,True,
6824,onnx_model_007,measure,33.656637357246176,33.657393029890954,33.668725131079555,11.332101188600063,True,
6825,onnx_model_062,measure,33.66052110475495,33.66101584676653,33.67190469475463,10.88884798809886,True,
6826,onnx_model_023,measure,33.663265303946545,33.664451356977224,33.67542363377288,10.972276795655489,True,
6827,onnx_model_021,measure,33.66702864916965,33.668109401129186,33.67978143785149,11.672036722302437,True,
6828,onnx_model_056,measure,33.66713800148603,33.66829182812944,33.679330500774086,11.038672644644976,True,
6829,onnx_model_024,measure,33.670235402398255,33.67095545073971,33.68189720995724,10.941759217530489,True,
6830,onnx_model_004,measure,33.67064086639909,33.671115033794194,33.68201181804761,10.896784253418446,True,
6831,onnx_model_047,measure,33.6773493078049,33.677672108169645,33.68854792183265,10.875813663005829,True,
6832,onnx_model_077,measure,33.67911652167898,33.67942695412785,33.690493340138346,11.066386010497808,True,
6833,onnx_model_080,measure,33.68983524147793,33.690587277989835,33.7015683921054,10.981114115566015,True,
6834,onnx_model_004,measure,33.6983550175886,33.6990428911522,33.710047599859536,11.004708707332611,True,
6835,onnx_model_065,measure,33.69914780452305,33.69939542096108,33.71018872782588,10.793306864798069,True,
6836,onnx_model_036,measure,33.69938247641441,33.69975060597062,33.71072444599122,10.973840020596981,True,
6837,onnx_model_077,measure,33.70610640384499,33.706793724093586,33.7178746080026,11.080883909016848,True,
6838,onnx_model_073,measure,33.70652636556149,33.706953248009086,33.71832313016057,11.36988215148449,True,
6839,onnx_model_050,measure,33.71048738273459,33.71081621106714,33.72184575581923,11.02954475209117,True,
6840,onnx_model_033,measure,33.71059812708305,33.71097327908501,33.72196146612987,10.988187044858932,True,
6841,onnx_model_040,measure,33.71561035213674,33.71647376473993,33.72735675191507,10.882987175136805,True,
6842,onnx_model_048,measure,33.71741622200023,33.717989195138216,33.7289834539406,10.994258802384138,True,
6843,onnx_model_044,measure,33.72250736651726,33.72317439178005,33.734086664859205,10.912273079156876,True,
6844,onnx_model_026,measure,33.725991164295785,33.72654713271186,33.73739407211542,10.846939403563738,True,
6845,onnx_model_004,measure,33.72930506563227,33.7302014590241,33.74111488414928,10.913425125181675,True,
6846,onnx_model_021,measure,33.73203088061943,33.73266843892634,33.743567306082696,10.898867156356573,True,
6847,onnx_model_016,measure,33.74081691180153,33.74120900314301,33.75233864877373,11.129645630717278,True,
6848,onnx_model_030,measure,33.74632212216802,33.74678717600182,33.75786428293213,11.077106930315495,True,
6849,onnx_model_077,measure,33.75210304358253,33.7524319360964,33.763446202967316,11.01426687091589,True,
6850,onnx_model_029,measure,33.75331955291639,33.75394200673327,33.765113613102585,11.171606369316578,True,
6851,onnx_model_087,measure,33.753539229702554,33.75410372391343,33.76515395892784,11.050235014408827,True,
6852,onnx_model_048,measure,33.75968263611426,33.760087138041854,33.77109187608585,11.004738043993711,True,
6853,onnx_model_012,measure,33.779843312508625,33.78131726384163,33.79258342878893,11.26616494730115,True,
6854,onnx_model_089,measure,33.78027483535225,33.781482096761465,33.79273010790348,11.248011142015457,True,
6855,onnx_model_034,measure,33.78570938733293,33.78600162779912,33.79705388704315,11.052259244024754,True,
6856,onnx_model_050,measure,33.790033702491044,33.79044318012893,33.80176815809682,11.324977967888117,True,
6857,onnx_model_082,measure,33.79023625111183,33.790642108768225,33.801821428816766,11.17932004854083,True,
6858,onnx_model_081,measure,33.79478898652282,33.795948836021125,33.80700679589063,11.057959869503975,True,
6859,onnx_model_022,measure,33.80889796892672,33.80918319290504,33.82021339004859,11.030197143554688,True,
6860,onnx_model_007,measure,33.80967647153101,33.81046290509403,33.821369907818735,10.907002724707127,True,
6861,onnx_model_019,measure,33.81231695352636,33.81290349503979,33.82394726714119,11.043772101402283,True,
6862,onnx_model_048,measure,33.812485099639495,33.81306166481227,33.82406184496358,11.000180151313543,True,
6863,onnx_model_068,measure,33.81312586636491,33.81347406888381,33.824440113734454,10.96604485064745,True,
6864,onnx_model_043,measure,33.81342447462248,33.81383241992444,33.824730074964464,10.897655040025711,True,
6865,onnx_model_022,measure,33.81735383013329,33.81826183991507,33.82033058209345,2.0687421783804893,True,
6866,onnx_model_008,measure,33.81881821900531,33.819690987002105,33.83069414179772,11.003154795616865,True,
6867,onnx_model_089,measure,33.83566413033863,33.83591181971133,33.846927819773555,11.01600006222725,True,
6868,onnx_model_005,measure,33.839308080231476,33.8403557469137,33.851531320717186,11.17557380348444,True,
6869,onnx_model_065,measure,33.83933457105292,33.84051431901753,33.852009038906544,11.49471988901496,True,
6870,onnx_model_033,measure,33.85124636077869,33.851664934773,33.86266605602577,11.001121252775192,True,
6871,onnx_model_056,measure,33.856963898320025,33.85723176598549,33.868047065101564,10.815299116075039,True,
6872,onnx_model_099,measure,33.87418777781132,33.87520855804905,33.885846147779375,10.637589730322361,True,
6873,onnx_model_088,measure,33.875310428304196,33.87542599113658,33.8860483430326,10.62235189601779,True,
6874,onnx_model_028,measure,33.878598749440094,33.87973944097757,33.890419802162796,10.680361185222864,True,
6875,onnx_model_032,measure,33.87901458738562,33.879834812134504,33.89048818172887,10.653369594365358,True,
6876,onnx_model_039,measure,33.88816116581959,33.88920496311039,33.89974588016048,10.540917050093412,True,
6877,onnx_model_002,measure,33.912267924750225,33.91394205484539,33.924878352787346,10.936297941952944,True,
6878,onnx_model_023,measure,33.917680951347116,33.918285260908306,33.92965134605765,11.366085149347782,True,
6879,onnx_model_064,measure,33.92854942650882,33.92913145804778,33.940320926718414,11.189468670636415,True,
6880,onnx_model_087,measure,33.92861524552089,33.92928972886875,33.940461955964565,11.17222709581256,True,
6881,onnx_model_060,measure,33.94083163398248,33.94176543271169,33.95286360895261,11.09817624092102,True,
6882,onnx_model_061,measure,33.95778744329065,33.95816495688632,33.96934548905119,11.180532164871693,True,
6883,onnx_model_088,measure,33.965627030266816,33.96673557814211,33.97782937576994,11.093797627836466,True,
6884,onnx_model_098,measure,33.96673705329159,33.9671591129154,33.97817857982591,11.019466910511255,True,
6885,onnx_model_030,measure,33.96847486879687,33.969457793049514,33.980541300959885,11.083507910370827,True,
6886,onnx_model_067,measure,33.97992700706446,33.9806763981469,33.99169102497399,11.014626827090979,True,
6887,onnx_model_080,measure,34.003790937054426,34.00603819685057,34.01791983190924,11.881635058671236,True,
6888,onnx_model_004,measure,34.004246747919815,34.006246583070606,34.01773408893496,11.487505864351988,True,
6889,onnx_model_068,measure,34.005224363415145,34.00640175770968,34.017964417114854,11.562659405171871,True,
6890,onnx_model_073,measure,34.00790296878368,34.009125696029514,34.0202174000442,11.09170401468873,True,
6891,onnx_model_040,measure,34.027675186413894,34.02853723382577,34.03965616971254,11.118935886770487,True,
6892,onnx_model_089,measure,34.03179973955224,34.032116116955876,34.04310666909441,10.990552138537169,True,
6893,onnx_model_046,measure,34.03282819624829,34.03367547178641,34.04487881809473,11.20334630832076,True,
6894,onnx_model_007,measure,34.033136990669576,34.03386509185657,34.0450056088157,11.140516959130764,True,
6895,onnx_model_009,measure,34.03534133147667,34.036473440006375,34.04742828384042,10.95484383404255,True,
6896,onnx_model_024,measure,34.0390423845875,34.03976848395541,34.050730460789055,10.961976833641529,True,
6897,onnx_model_061,measure,34.05209981966422,34.053035993129015,34.064050640910864,11.014647781848907,True,
6898,onnx_model_010,measure,34.056799041658905,34.057582546025515,34.06893697893247,11.35443290695548,True,
6899,onnx_model_031,measure,34.06426360905647,34.0653074500151,34.076360299717635,11.05284970253706,True,
6900,onnx_model_020,measure,34.06499765115584,34.06548848375678,34.076493964064866,11.00548030808568,True,
6901,onnx_model_023,measure,34.066246733690086,34.06704969191924,34.07788525801152,10.835566092282534,True,
6902,onnx_model_045,measure,34.06732270190264,34.06849423702806,34.07931012706831,10.815890040248632,True,
6903,onnx_model_003,measure,34.06853737355562,34.06903652800247,34.07992037711665,10.883849114179611,True,
6904,onnx_model_075,measure,34.07414116072001,34.07447892287746,34.08527262089774,10.793698020279408,True,
6905,onnx_model_065,measure,34.08254606265259,34.08314944477752,34.09408253710717,10.933092329651117,True,
6906,onnx_model_059,measure,34.088829472503456,34.08949561789632,34.10044961981475,10.954001918435097,True,
6907,onnx_model_019,measure,34.09198909673654,34.09298686403781,34.104087594896555,11.10073085874319,True,
6908,onnx_model_060,measure,34.09231585355855,34.093152368906885,34.104204818140715,11.052449233829975,True,
6909,onnx_model_098,measure,34.09254421873488,34.093294830061495,34.104315377771854,11.020547710359097,True,
6910,onnx_model_048,measure,34.09659094457254,34.0973158730194,34.10826674895361,10.9508759342134,True,
6911,onnx_model_063,measure,34.1046983018369,34.105547960847616,34.116387816146016,10.839855298399925,True,
6912,onnx_model_080,measure,34.112916553882116,34.11349623976275,34.12435841700062,10.862177237868309,True,
6913,onnx_model_045,measure,34.118651319595024,34.119632423855364,34.130438555032015,10.806131176650524,True,
6914,onnx_model_043,measure,34.12191491068048,34.123096669092774,34.133936684112996,10.840015020221472,True,
6915,onnx_model_088,measure,34.135151101875614,34.13616628292948,34.14703141571954,10.865132790058851,True,
6916,onnx_model_014,measure,34.138502245262835,34.13963840296492,34.15045027481392,10.811871849000454,True,
6917,onnx_model_042,measure,34.14183683981988,34.14207413280383,34.15286440309137,10.790270287543535,True,
6918,onnx_model_029,measure,34.143500426994535,34.14450896112248,34.15529945213348,10.790491010993719,True,
6919,onnx_model_001,measure,34.15499162054293,34.15539730805904,34.16660234704614,11.205038987100124,True,
6920,onnx_model_055,measure,34.15785045258268,34.158877222798765,34.169759849086404,10.882626287639141,True,
6921,onnx_model_070,measure,34.1615160899621,34.162335415836424,34.173017722088844,10.682306252419949,True,
6922,onnx_model_090,measure,34.16274949524157,34.16376303974539,34.17442787298933,10.6648332439363,True,
6923,onnx_model_086,measure,34.16502283480178,34.16621700488031,34.17685379413888,10.636789258569479,True,
6924,onnx_model_088,measure,34.17095615142798,34.171993975993246,34.18251677788794,10.522801894694567,True,
6925,onnx_model_042,measure,34.17417891922058,34.1744882571511,34.18498282600194,10.494568850845098,True,
6926,onnx_model_035,measure,34.17494581902525,34.17582752276212,34.186295290943235,10.467768181115389,True,
6927,onnx_model_038,measure,34.18085495039901,34.180990947876126,34.19143821671605,10.447268839925528,True,
6928,onnx_model_050,measure,34.18171757723186,34.1822524657473,34.19278135988861,10.528894141316414,True,
6929,onnx_model_083,measure,34.1872812015961,34.18743021786213,34.19795362185687,10.523403994739056,True,
6930,onnx_model_005,measure,34.19459090995373,34.19492404302582,34.20539519703016,10.471154004335403,True,
6931,onnx_model_008,measure,34.1994778300003,34.20008930191398,34.21056150784716,10.472205933183432,True,
6932,onnx_model_070,measure,34.21340593124419,34.213679453823715,34.22436621785164,10.686764027923346,True,
6933,onnx_model_028,measure,34.21643517324703,34.21692291973159,34.22742479201406,10.501872282475233,True,
6934,onnx_model_013,measure,34.21834250467688,34.219160412903875,34.22975683491677,10.596422012895346,True,
6935,onnx_model_078,measure,34.22364361292457,34.224428155925125,34.23538725776598,10.959101840853691,True,
6936,onnx_model_083,measure,34.224123402270635,34.224531752988696,34.235415691975504,10.883938986808062,True,
6937,onnx_model_059,measure,34.2287797220704,34.229572674725205,34.24167713383213,12.10445910692215,True,
6938,onnx_model_004,measure,34.23111236493938,34.231891754083335,34.24255408113822,10.66232705488801,True,
6939,onnx_model_026,measure,34.2344672724728,34.23515689978376,34.24590905895457,10.752159170806408,True,
6940,onnx_model_041,measure,34.23625025267146,34.23664145171642,34.24731087312102,10.669421404600143,True,
6941,onnx_model_062,measure,34.23911849505276,34.24007921712473,34.25076178275049,10.682565625756979,True,
6942,onnx_model_055,measure,34.24436301420378,34.244777678046376,34.25550195295364,10.724274907261133,True,
6943,onnx_model_057,measure,34.24665559325345,34.24706854298711,34.25775374285877,10.685199871659279,True,
6944,onnx_model_064,measure,34.25157067473144,34.25191178871319,34.26270087715238,10.789088439196348,True,
6945,onnx_model_080,measure,34.259687315004065,34.25996502675116,34.27074813377112,10.78310701996088,True,
6946,onnx_model_021,measure,34.26608877875783,34.26692618895322,34.27772171003744,10.795521084219217,True,
6947,onnx_model_016,measure,34.26715733948184,34.26836593588814,34.27912343386561,10.757497977465391,True,
6948,onnx_model_077,measure,34.27645436583218,34.27697335695848,34.28778766375035,10.814306791871786,True,
6949,onnx_model_044,measure,34.284740720631845,34.28536203317344,34.296171891037375,10.809857863932848,True,
6950,onnx_model_083,measure,34.28708457559731,34.28788557974622,34.2986476267688,10.7620470225811,True,
6951,onnx_model_013,measure,34.29349467308528,34.29433161299676,34.30505574773997,10.724134743213654,True,
6952,onnx_model_048,measure,34.29791454857197,34.29837610106915,34.30913304910064,10.75694803148508,True,
6953,onnx_model_015,measure,34.30301248626746,34.303846519906074,34.314615610055625,10.76909014955163,True,
6954,onnx_model_032,measure,34.30644699145587,34.30726136080921,34.31795312371105,10.691762901842594,True,
6955,onnx_model_061,measure,34.30751577281155,34.30865575093776,34.31954850675538,10.892755817621946,True,
6956,onnx_model_083,measure,34.315847575487616,34.31682313606143,34.32738479273394,10.561656672507524,True,
6957,onnx_model_035,measure,34.325539422672236,34.325755565892905,34.336382906883955,10.627340991050005,True,
6958,onnx_model_089,measure,34.32888195507041,34.3295640447177,34.340087588876486,10.523544158786535,True,
6959,onnx_model_085,measure,34.33219935195534,34.332881500944495,34.34342642594129,10.54492499679327,True,
6960,onnx_model_006,measure,34.34706939737072,34.34759957809001,34.35815475182608,10.555173736065626,True,
6961,onnx_model_088,measure,34.354455422972265,34.354917998891324,34.36544092185795,10.522922966629267,True,
6962,onnx_model_029,measure,34.361236781581034,34.36232899688184,34.372933303937316,10.604307055473328,True,
6963,onnx_model_039,measure,34.36145642730464,34.36243839515373,34.373002064879984,10.563669726252556,True,
6964,onnx_model_031,measure,34.36885089445756,34.369620786979795,34.38010142976418,10.480642784386873,True,
6965,onnx_model_040,measure,34.3700708399016,34.37090810388327,34.38136025285348,10.452148970216513,True,
6966,onnx_model_043,measure,34.37640389553584,34.37714441912249,34.387594712898135,10.450293775647879,True,
6967,onnx_model_019,measure,34.3818053120102,34.3824959108606,34.393025756813586,10.529845952987671,True,
6968,onnx_model_074,measure,34.392873030266976,34.393083516974,34.40361772105098,10.534204076975584,True,
6969,onnx_model_086,measure,34.39481485863749,34.39538843790069,34.40595303988084,10.564601980149746,True,
6970,onnx_model_077,measure,34.402344857095514,34.40267799515277,34.41321307979524,10.535084642469883,True,
6971,onnx_model_000,measure,34.404857675735364,34.405755625106394,34.4162863320671,10.530706960707903,True,
6972,onnx_model_078,measure,34.40584655438801,34.40599977876991,34.416463198140264,10.463419370353222,True,
6973,onnx_model_093,measure,34.41202131169103,34.41225948790088,34.422812637872994,10.553149972110987,True,
6974,onnx_model_089,measure,34.424283925586195,34.4249476660043,34.435711225960404,10.763559956103563,True,
6975,onnx_model_050,measure,34.42713792119266,34.42823715880513,34.439188034739345,10.9508759342134,True,
6976,onnx_model_086,measure,34.43079583173034,34.43156857183203,34.44214010704309,10.57153521105647,True,
6977,onnx_model_038,measure,34.433394691797126,34.4338835417293,34.44466361310333,10.780071374028921,True,
6978,onnx_model_048,measure,34.434288983664636,34.43522651493549,34.44592825695872,10.701742023229599,True,
6979,onnx_model_036,measure,34.434643188108005,34.43535139178857,34.446290745865554,10.939354076981544,True,
6980,onnx_model_019,measure,34.43788916418635,34.43891951488331,34.44952712813392,10.607613250613213,True,
6981,onnx_model_051,measure,34.445680378602894,34.446015963796526,34.45677526574582,10.759301949292421,True,
6982,onnx_model_032,measure,34.45189597725346,34.452743953093886,34.463584159035236,10.840205941349268,True,
6983,onnx_model_003,measure,34.47035325715407,34.470745130907744,34.48138794209808,10.642811190336943,True,
6984,onnx_model_019,measure,34.478815585218975,34.47908846009523,34.48973069014028,10.642230045050383,True,
6985,onnx_model_074,measure,34.483381446647996,34.48358940612525,34.494302480015904,10.713073890656233,True,
6986,onnx_model_023,measure,34.48811408096434,34.48896256973967,34.49970891699195,10.74634725227952,True,
6987,onnx_model_045,measure,34.4942489818142,34.494405986741185,34.505115604028106,10.709617286920547,True,
6988,onnx_model_092,measure,34.50152323514582,34.50191857712343,34.5127543550916,10.835777968168259,True,
6989,onnx_model_085,measure,34.50503952924424,34.50521422177553,34.51614410802722,10.929886251688004,True,
6990,onnx_model_088,measure,34.50810527386476,34.50855160597712,34.51931664906442,10.765043087303638,True,
6991,onnx_model_002,measure,34.516777727776166,34.517351262737066,34.52817543782294,10.824175085872412,True,
6992,onnx_model_055,measure,34.51693908188458,34.517461171839386,34.52821889100596,10.757719166576862,True,
6993,onnx_model_013,measure,34.5197488559004,34.5205214289017,34.5312840170227,10.762588120996952,True,
6994,onnx_model_045,measure,34.52548054525845,34.525877410080284,34.53668924095109,10.81183087080717,True,
6995,onnx_model_009,measure,34.53144142607321,34.53252574708313,34.54343055607751,10.90480899438262,True,
6996,onnx_model_025,measure,34.53215723661682,34.5326833371073,34.543533612042665,10.850274935364723,True,
6997,onnx_model_095,measure,34.539061470143,34.539894924964756,34.55080636590719,10.911440942436457,True,
6998,onnx_model_013,measure,34.5409416555445,34.54126626206562,34.55229008710012,11.023825034499168,True,
6999,onnx_model_092,measure,34.54195586159509,34.542630846146494,34.55333692673594,10.706080589443445,True,
7000,onnx_model_036,measure,34.546020608431164,34.54672223282978,34.55747998179868,10.75774896889925,True,
7001,onnx_model_015,measure,34.548708050642,34.54907834203914,34.559771517757326,10.693175718188286,True,
7002,onnx_model_005,measure,34.5499934232289,34.55041979113594,34.56115492712706,10.735135991126299,True,
7003,onnx_model_036,measure,34.551836681642605,34.55235933791846,34.55755661800504,5.197280086576939,True,
7004,onnx_model_001,measure,34.5525751119276,34.55340489605442,34.5640942347236,10.68933866918087,True,
7005,onnx_model_081,measure,34.5604870425556,34.56092781573534,34.571911363862455,10.983548127114773,True,
7006,onnx_model_021,measure,34.5621204086658,34.56231777789071,34.57301366887987,10.695890989154577,True,
7007,onnx_model_005,measure,34.56695898711958,34.56725549371913,34.57787721371278,10.621719993650913,True,
7008,onnx_model_007,measure,34.571063659194756,34.571538946125656,34.58242115192115,10.882205795496702,True,
7009,onnx_model_047,measure,34.5714010925676,34.57165924506262,34.58238436188549,10.725116822868586,True,
7010,onnx_model_065,measure,34.57916953050884,34.58003159891814,34.590828102082014,10.79650316387415,True,
7011,onnx_model_077,measure,34.57964001861587,34.58012706087902,34.59090294409543,10.775883216410875,True,
7012,onnx_model_098,measure,34.58695263958007,34.58760073687881,34.59833869896829,10.73796208947897,True,
7013,onnx_model_093,measure,34.59355602668054,34.594058372080326,34.60475311195478,10.694739874452353,True,
7014,onnx_model_075,measure,34.597070499489895,34.59734546113759,34.60809699771926,10.751536581665277,True,
7015,onnx_model_049,measure,34.60521652747782,34.60590140381828,34.61669391999021,10.79251617193222,True,
7016,onnx_model_055,measure,34.60628264612291,34.60718621686101,34.618010852951556,10.824636090546846,True,
7017,onnx_model_037,measure,34.60798763757778,34.6081528137438,34.61871960014105,10.566786397248507,True,
7018,onnx_model_095,measure,34.62570770045104,34.62587139476091,34.63644322985783,10.571835096925497,True,
7019,onnx_model_052,measure,34.62981279551697,34.63016742095351,34.640904230065644,10.736809112131596,True,
7020,onnx_model_051,measure,34.63503139026764,34.635441986843944,34.645986481104046,10.54449426010251,True,
7021,onnx_model_001,measure,34.639851323814305,34.64063173206523,34.65119406906888,10.562337003648281,True,
7022,onnx_model_041,measure,34.64511958748636,34.64604170573875,34.65661659697071,10.574891231954098,True,
7023,onnx_model_037,measure,34.65523747511476,34.65634972974658,34.66700085578486,10.65112603828311,True,
7024,onnx_model_043,measure,34.65663654069953,34.657766822725534,34.66837334493175,10.60652220621705,True,
7025,onnx_model_072,measure,34.66067888427143,34.66104821115732,34.67155045410618,10.50224294885993,True,
7026,onnx_model_045,measure,34.66117406409956,34.66126548405737,34.671966143883765,10.700659826397896,True,
7027,onnx_model_023,measure,34.661187496670856,34.661374570801854,34.67203183891252,10.657268110662699,True,
7028,onnx_model_022,measure,34.66977993248097,34.670531317126006,34.68106179405004,10.530476924031973,True,
7029,onnx_model_001,measure,34.67147022366733,34.67163838073611,34.68214841885492,10.510038118809462,True,
7030,onnx_model_048,measure,34.67378829780533,34.67420194391161,34.68470002990216,10.498085990548134,True,
7031,onnx_model_034,measure,34.678499242775004,34.679495826829225,34.69002375891432,10.527932085096836,True,
7032,onnx_model_015,measure,34.68184682495886,34.682204897049814,34.69271502504125,10.510127991437912,True,
7033,onnx_model_082,measure,34.68691034367662,34.687864635139704,34.698397506959736,10.532871820032597,True,
7034,onnx_model_039,measure,34.69953783502244,34.70054907677695,34.71119892084971,10.649844072759151,True,
7035,onnx_model_076,measure,34.71020262716354,34.710922425147146,34.721625219099224,10.702793952077627,True,
7036,onnx_model_052,measure,34.7122941233247,34.71339898277074,34.724164716899395,10.765734128654003,True,
7037,onnx_model_006,measure,34.719754750829026,34.720741488970816,34.73142619011924,10.684701148420572,True,
7038,onnx_model_029,measure,34.72332737651371,34.72386437607929,34.734675134997815,10.810758918523788,True,
7039,onnx_model_031,measure,34.745688724549275,34.74597919313237,34.756911925040185,10.932731907814741,True,
7040,onnx_model_061,measure,34.75299045572782,34.753531258087605,34.76445356011391,10.922302026301622,True,
7041,onnx_model_070,measure,34.75684892462077,34.75708858994767,34.768023665994406,10.935076046735048,True,
7042,onnx_model_061,measure,34.762592347508914,34.76364796888083,34.77451772103086,10.869752150028944,True,
7043,onnx_model_051,measure,34.763659126285454,34.76405198685825,34.77495432086289,10.90233400464058,True,
7044,onnx_model_080,measure,34.764565076049365,34.76578477071598,34.77670752303675,10.922752320766449,True,
7045,onnx_model_000,measure,34.77731785462948,34.77800738392398,34.788946548011154,10.939164087176323,True,
7046,onnx_model_052,measure,34.77954234581204,34.780548894777894,34.79153327504173,10.984380263835192,True,
7047,onnx_model_099,measure,34.7858726579675,34.78710098005831,34.79793118685484,10.830206796526909,True,
7048,onnx_model_058,measure,34.789471969484616,34.79019973007962,34.80101747298613,10.81774290651083,True,
7049,onnx_model_083,measure,34.79273335556286,34.79376967577264,34.80462940875441,10.85973298177123,True,
7050,onnx_model_051,measure,34.79654500901859,34.79724081372842,34.80822600610554,10.985192377120256,True,
7051,onnx_model_065,measure,34.79680939621203,34.79741599690169,34.80837381677702,10.957819875329733,True,
7052,onnx_model_016,measure,34.80213971374736,34.80324233183637,34.81410862784833,10.866296011954546,True,
7053,onnx_model_030,measure,34.807627487422124,34.807854269165546,34.81869981484488,10.845545679330826,True,
7054,onnx_model_017,measure,34.80944633703911,34.81059523904696,34.82142563583329,10.83039678633213,True,
7055,onnx_model_067,measure,34.81328859700533,34.8142046299763,34.825000782031566,10.79615205526352,True,
7056,onnx_model_036,measure,34.82264932335928,34.823681042995304,34.834525116719306,10.844073724001646,True,
7057,onnx_model_098,measure,34.82689079751101,34.8272222247906,34.83803508896381,10.812864173203707,True,
7058,onnx_model_065,measure,34.829959617638806,34.83068204112351,34.84151860000566,10.836558882147074,True,
7059,onnx_model_062,measure,34.8363828555772,34.83674844307825,34.84764375304803,10.89530996978283,True,
7060,onnx_model_085,measure,34.83947724575143,34.840261701028794,34.85114670172334,10.885000694543123,True,
7061,onnx_model_061,measure,34.84061668541092,34.84163122391328,34.852427165955305,10.795942042022943,True,
7062,onnx_model_012,measure,34.845601170883924,34.846069511026144,34.856960482895374,10.89097186923027,True,
7063,onnx_model_071,measure,34.84733254785357,34.84774057706818,34.85853094793856,10.790370870381594,True,
7064,onnx_model_075,measure,34.84958985905239,34.85017608711496,34.86116113793105,10.985050816088915,True,
7065,onnx_model_077,measure,34.855247114122996,34.855672895908356,34.8664346919395,10.761796031147242,True,
7066,onnx_model_058,measure,34.868056067795024,34.868691361974925,34.879485870711505,10.79450873658061,True,
7067,onnx_model_017,measure,34.8758110213692,34.876111526973546,34.886833548080176,10.722021106630564,True,
7068,onnx_model_083,measure,34.878730109607424,34.879551264923066,34.89029484707862,10.743582155555487,True,
7069,onnx_model_068,measure,34.884551621639474,34.8848996120505,34.8957019248046,10.8023127540946,True,
7070,onnx_model_050,measure,34.885252265527484,34.88623773492873,34.89696133881807,10.723603889346123,True,
7071,onnx_model_056,measure,34.889125302603375,34.89004441071302,34.900825624819845,10.781214106827974,True,
7072,onnx_model_051,measure,34.89727310241573,34.898169775959104,34.90902216499671,10.8523890376091,True,
7073,onnx_model_013,measure,34.90765242889034,34.908023367170244,34.9188397671096,10.816399939358234,True,
7074,onnx_model_047,measure,34.90783226125849,34.9081352991052,34.91896347189322,10.828172788023949,True,
7075,onnx_model_076,measure,34.91633527314932,34.91718465089798,34.92792707076296,10.742419864982367,True,
7076,onnx_model_007,measure,34.91739657027731,34.918473611120135,34.929331259801984,10.857648681849241,True,
7077,onnx_model_020,measure,34.922466984329795,34.923127837944776,34.93392320908606,10.795371141284704,True,
7078,onnx_model_023,measure,34.92947735352656,34.93048094492406,34.941296534147114,10.815589223057032,True,
7079,onnx_model_079,measure,34.93089233179049,34.93178495392203,34.94247143808752,10.686484165489674,True,
7080,onnx_model_019,measure,34.93767997020237,34.93811667012051,34.94895715592429,10.84048580378294,True,
7081,onnx_model_088,measure,34.94272993705683,34.943659205920994,34.95463499892503,10.97579300403595,True,
7082,onnx_model_048,measure,34.953508060325035,34.954149956814945,34.965113908052444,10.963951237499714,True,
7083,onnx_model_067,measure,34.95388666539762,34.954272089060396,34.96503856498748,10.766475927084684,True,
7084,onnx_model_075,measure,34.965484540076254,34.96627044584602,34.977123505901545,10.85306005552411,True,
7085,onnx_model_079,measure,34.96552798168347,34.96636756090447,34.97735389415175,10.98633324727416,True,
7086,onnx_model_026,measure,34.966136011799044,34.96645220182836,34.97737938305363,10.927181225270033,True,
7087,onnx_model_023,measure,34.966632531242404,34.96677392302081,34.977458893787116,10.684970766305923,True,
7088,onnx_model_043,measure,34.970789362106714,34.97104904009029,34.98172322008759,10.674179997295141,True,
7089,onnx_model_043,measure,34.98557944185042,34.985884519759566,35.00122738489881,15.342865139245987,True,
7090,onnx_model_073,measure,34.98667673451707,34.98717424180359,35.001258473843336,14.084232039749622,True,
7091,onnx_model_009,measure,34.99129255345099,34.991462853737175,35.00217672903091,10.71387529373169,True,
7092,onnx_model_096,measure,34.99237098599736,34.99270195886493,35.00344571098685,10.743752121925354,True,
7093,onnx_model_043,measure,34.993829236075904,35.000982088036835,35.0117344269529,10.752338916063309,True,
