request_id,model_name,phase,scheduled_offset_seconds,started_offset_seconds,completed_offset_seconds,latency_ms,success,error
0,onnx_model_066,warmup,0.005119871139054842,0.006215424742549658,0.021503576077520847,15.28815133497119,True,
1,onnx_model_086,warmup,0.022791583720184416,0.023663480766117573,0.03841116512194276,14.747684355825186,True,
2,onnx_model_059,warmup,0.025322934872615326,0.025923296809196472,0.0492616998963058,23.338403087109327,True,
3,onnx_model_095,warmup,0.025524666399707237,0.026007957756519318,0.04268784401938319,16.679886262863874,True,
4,onnx_model_027,warmup,0.027533876704791006,0.028314683120697737,0.05036977585405111,22.055092733353376,True,
5,onnx_model_091,warmup,0.029329703008531764,0.02962411195039749,0.05447625182569027,24.852139875292778,True,
6,onnx_model_002,warmup,0.03119775733143753,0.03190649999305606,0.05549820512533188,23.59170513227582,True,
7,onnx_model_015,warmup,0.03563885099789509,0.03620023187249899,0.05646067392081022,20.260442048311234,True,
8,onnx_model_021,warmup,0.04115041543232959,0.041575729846954346,0.06882952619343996,27.253796346485615,True,
9,onnx_model_055,warmup,0.04282120877339235,0.04382513603195548,0.06836574384942651,24.540607817471027,True,
10,onnx_model_029,warmup,0.04290343057334831,0.04390697181224823,0.06953763216733932,25.630660355091095,True,
11,onnx_model_028,warmup,0.045962392785952565,0.04621590115129948,0.06932829413563013,23.112392984330654,True,
12,onnx_model_004,warmup,0.04952199450104813,0.05045670177787542,0.06949776597321033,19.04106419533491,True,
13,onnx_model_004,warmup,0.06380415422538957,0.06468734191730618,0.07552736811339855,10.840026196092367,True,
14,onnx_model_089,warmup,0.06381423292286437,0.06485680397599936,0.08242067089304328,17.563866917043924,True,
15,onnx_model_019,warmup,0.06475623806462201,0.0653192731551826,0.08256359212100506,17.24431896582246,True,
16,onnx_model_089,warmup,0.07037490694073313,0.07075642887502909,0.08260378893464804,11.84736005961895,True,
17,onnx_model_019,warmup,0.07941755810671709,0.07975091598927975,0.0904630278237164,10.712111834436655,True,
18,onnx_model_078,warmup,0.08489480877574801,0.08582442114129663,0.10132323205471039,15.498810913413763,True,
19,onnx_model_039,warmup,0.09725893491596507,0.09770379215478897,0.11207517981529236,14.371387660503387,True,
20,onnx_model_028,warmup,0.09782604456609943,0.0980645571835339,0.10891765775159001,10.853100568056107,True,
21,onnx_model_096,warmup,0.10149801817709644,0.10256218677386642,0.1171185770072043,14.55639023333788,True,
22,onnx_model_015,warmup,0.10275796930412098,0.10292733088135719,0.11374497413635254,10.817643254995346,True,
23,onnx_model_040,warmup,0.1058495047772889,0.1063729808665812,0.12148403516039252,15.111054293811321,True,
24,onnx_model_032,warmup,0.10701862510764085,0.1078032897785306,0.12254138477146626,14.738094992935658,True,
25,onnx_model_009,warmup,0.11194733781398304,0.11220411490648985,0.12601855397224426,13.814439065754414,True,
26,onnx_model_040,warmup,0.11397647576121632,0.11496239807456732,0.12152430089190602,6.561902817338705,True,
27,onnx_model_045,warmup,0.12764979125286433,0.12824037810787559,0.14600996486842632,17.769586760550737,True,
28,onnx_model_015,warmup,0.1351284600476883,0.13570104911923409,0.14665073296055198,10.949683841317892,True,
29,onnx_model_015,warmup,0.140960381883278,0.14217576710507274,0.14669144107028842,4.515673965215683,True,
30,onnx_model_069,warmup,0.14409592816329017,0.14466051990166306,0.16107679484412074,16.416274942457676,True,
31,onnx_model_049,warmup,0.14737705057956052,0.14791324315592647,0.16513248393312097,17.2192407771945,True,
32,onnx_model_049,warmup,0.15522599783446603,0.1564237498678267,0.16519566485658288,8.77191498875618,True,
33,onnx_model_066,warmup,0.15589046658208344,0.15659351274371147,0.16769269108772278,11.099178344011307,True,
34,onnx_model_018,warmup,0.16095391703052672,0.16122227208688855,0.1760190878994763,14.796815812587738,True,
35,onnx_model_078,warmup,0.16267632825458736,0.16373615013435483,0.17518730694428086,11.451156809926033,True,
36,onnx_model_046,warmup,0.16288042269836045,0.1639441861771047,0.17947652097791433,15.532334800809622,True,
37,onnx_model_041,warmup,0.16450971495312364,0.1652988907881081,0.1817774437367916,16.4785529486835,True,
38,onnx_model_039,warmup,0.16725958964002954,0.16780445398762822,0.17860797001048923,10.803516022861004,True,
39,onnx_model_021,warmup,0.17105258831514006,0.17134844977408648,0.1820007087662816,10.65225899219513,True,
40,onnx_model_066,warmup,0.17397403841909484,0.1748228850774467,0.1854976061731577,10.674721095710993,True,
41,onnx_model_024,warmup,0.17569713938244483,0.17611733498051763,0.19022196577861905,14.104630798101425,True,
42,onnx_model_035,warmup,0.17753519857052158,0.17870901199057698,0.19248341489583254,13.774402905255556,True,
43,onnx_model_042,warmup,0.18855513502436325,0.18972701486200094,0.2044947170652449,14.76770220324397,True,
44,onnx_model_005,warmup,0.20375753721992265,0.2045910800807178,0.22002686094492674,15.435780864208937,True,
45,onnx_model_097,warmup,0.2107098486069103,0.21104305377230048,0.2269718530587852,15.928799286484718,True,
46,onnx_model_097,warmup,0.21158365566727846,0.21248499490320683,0.2270126100629568,14.527615159749985,True,
47,onnx_model_042,warmup,0.2330714867952419,0.23423506878316402,0.24509372003376484,10.858651250600815,True,
48,onnx_model_013,warmup,0.23631606721525084,0.23670658702030778,0.2521799197420478,15.473332721740007,True,
49,onnx_model_085,warmup,0.2489634120507972,0.2493223981000483,0.2658683401532471,16.545942053198814,True,
50,onnx_model_035,warmup,0.25611843397818457,0.25644288305193186,0.26726116705685854,10.818284004926682,True,
51,onnx_model_012,warmup,0.2610382111337516,0.26188520807772875,0.27770117204636335,15.815963968634605,True,
52,onnx_model_078,warmup,0.26251497647759114,0.26331923389807343,0.27408552914857864,10.766295250505209,True,
53,onnx_model_019,warmup,0.27609830127390506,0.27731707179918885,0.2883191551081836,11.00208330899477,True,
54,onnx_model_060,warmup,0.2937581139493569,0.29464942775666714,0.3139853230677545,19.33589531108737,True,
55,onnx_model_033,warmup,0.2938740156336994,0.2948377961292863,0.3144943010993302,19.656504970043898,True,
56,onnx_model_044,warmup,0.30576270839157116,0.30646592006087303,0.3232276518829167,16.761731822043657,True,
57,onnx_model_063,warmup,0.3149277963024071,0.3157963757403195,0.3316324879415333,15.836112201213837,True,
58,onnx_model_063,warmup,0.3199186044421535,0.3203559531830251,0.3316862601786852,11.330306995660067,True,
59,onnx_model_037,warmup,0.322707556517255,0.3233621269464493,0.339033346157521,15.67121921107173,True,
60,onnx_model_028,warmup,0.3332025232315534,0.3339867228642106,0.3448956091888249,10.908886324614286,True,
61,onnx_model_094,warmup,0.3359280692604191,0.3365610968321562,0.3522820598445833,15.720963012427092,True,
62,onnx_model_035,warmup,0.33809961354060514,0.33914555888623,0.3501254110597074,10.979852173477411,True,
63,onnx_model_007,warmup,0.3477104780107466,0.3482003710232675,0.3648560820147395,16.655710991472006,True,
64,onnx_model_033,warmup,0.3524420721144622,0.35357195185497403,0.3649160861968994,11.344134341925383,True,
65,onnx_model_039,warmup,0.35282370171670446,0.35376161290332675,0.36502043390646577,11.258821003139019,True,
66,onnx_model_038,warmup,0.35330971925300386,0.35391578590497375,0.3695587911643088,15.643005259335041,True,
67,onnx_model_091,warmup,0.36679538511291776,0.3673769738525152,0.37854794785380363,11.170974001288414,True,
68,onnx_model_044,warmup,0.3758516690415399,0.37686318485066295,0.3878741557709873,11.010970920324326,True,
69,onnx_model_076,warmup,0.382937795665833,0.3838013238273561,0.4011434190906584,17.342095263302326,True,
70,onnx_model_035,warmup,0.3843036185882364,0.3852815981954336,0.3962874081917107,11.005809996277094,True,
71,onnx_model_082,warmup,0.3856633687393897,0.38674335600808263,0.4133143541403115,26.57099813222885,True,
72,onnx_model_098,warmup,0.3868430452410803,0.3871078588999808,0.4126117988489568,25.50393994897604,True,
73,onnx_model_051,warmup,0.3925162459930678,0.39310781378299,0.4138003778643906,20.692564081400633,True,
74,onnx_model_010,warmup,0.4073189731522197,0.40839211782440543,0.4248756100423634,16.483492217957973,True,
75,onnx_model_087,warmup,0.4082375437772164,0.40856271190568805,0.42558989813551307,17.02718622982502,True,
76,onnx_model_005,warmup,0.40942593274656236,0.41009092703461647,0.4209402399137616,10.849312879145145,True,
77,onnx_model_007,warmup,0.41154109947284817,0.4127100449986756,0.4236518139950931,10.941768996417522,True,
78,onnx_model_023,warmup,0.41298755185696645,0.413448188919574,0.4324744348414242,19.026245921850204,True,
79,onnx_model_090,warmup,0.4138329783946284,0.4150243350304663,0.43251912016421556,17.494785133749247,True,
80,onnx_model_023,warmup,0.4158845441989568,0.4164779777638614,0.43255409598350525,16.07611821964383,True,
81,onnx_model_072,warmup,0.41702174804171327,0.417911171913147,0.4344200328923762,16.508860979229212,True,
82,onnx_model_003,warmup,0.42254208983304686,0.4231658698990941,0.43727628188207746,14.11041198298335,True,
83,onnx_model_046,warmup,0.42388091506959613,0.4249718929640949,0.43572651594877243,10.754622984677553,True,
84,onnx_model_011,warmup,0.42623323418268955,0.4268192551098764,0.44107229774817824,14.25304263830185,True,
85,onnx_model_040,warmup,0.4334028127435083,0.4337841239757836,0.44458335218951106,10.799228213727474,True,
86,onnx_model_051,warmup,0.44628429290194627,0.44678383506834507,0.45743234595283866,10.64851088449359,True,
87,onnx_model_026,warmup,0.45460949772161097,0.4551331759430468,0.5064868717454374,51.353695802390575,True,
88,onnx_model_088,warmup,0.4550028013911296,0.45524337515234947,0.5100513878278434,54.808012675493956,True,
89,onnx_model_033,warmup,0.458952601661141,0.4596337308175862,0.47032105596736073,10.687325149774551,True,
90,onnx_model_085,warmup,0.46424506844678626,0.4649842921644449,0.47568701580166817,10.702723637223244,True,
91,onnx_model_070,warmup,0.4725937627179584,0.4735587500035763,0.5269582248292863,53.39947482571006,True,
92,onnx_model_057,warmup,0.4729494352805206,0.4736695010215044,0.5065179010853171,32.84840006381273,True,
93,onnx_model_025,warmup,0.47387813164041775,0.47504747984930873,0.5331924357451499,58.14495589584112,True,
94,onnx_model_050,warmup,0.4790204522475883,0.47990126674994826,0.5331570180132985,53.25575126335025,True,
95,onnx_model_099,warmup,0.4839476688978679,0.4842459550127387,0.5359982191585004,51.75226414576173,True,
96,onnx_model_002,warmup,0.491674483410784,0.4935810100287199,0.5043492391705513,10.768229141831398,True,
97,onnx_model_067,warmup,0.5060206438381727,0.5065793478861451,0.5563154090195894,49.73606113344431,True,
98,onnx_model_000,warmup,0.5132669605048152,0.5142612899653614,0.5572121939621866,42.95090399682522,True,
99,onnx_model_014,warmup,0.5165295566884425,0.5176141639240086,0.5572642427869141,39.6500788629055,True,
100,onnx_model_066,warmup,0.5343858467977034,0.5354169039055705,0.5461739017628133,10.756997857242823,True,
101,onnx_model_091,warmup,0.5345028430336515,0.5355279450304806,0.5462576509453356,10.729705914855003,True,
102,onnx_model_006,warmup,0.537903997698645,0.5381998140364885,0.5660842987708747,27.884484734386206,True,
103,onnx_model_048,warmup,0.5432003824116923,0.5435499637387693,0.566136057022959,22.5860932841897,True,
104,onnx_model_028,warmup,0.5492051738930824,0.5494569619186223,0.5602979389950633,10.84097707644105,True,
105,onnx_model_073,warmup,0.5515251683795336,0.5517986537888646,0.5700558079406619,18.257154151797295,True,
106,onnx_model_073,warmup,0.5518835527804211,0.5520407138392329,0.5701078670099378,18.06715317070484,True,
107,onnx_model_084,warmup,0.5558445874069265,0.5563920149579644,0.573955541010946,17.563526052981615,True,
108,onnx_model_070,warmup,0.5607028769390304,0.5615583448670805,0.5725357620976865,10.977417230606079,True,
109,onnx_model_034,warmup,0.5635710396874218,0.564092222135514,0.5796069027855992,15.51468065008521,True,
110,onnx_model_098,warmup,0.5641058904650124,0.5644966908730567,0.5753594287671149,10.862737894058228,True,
111,onnx_model_037,warmup,0.5680096460630818,0.5684420401230454,0.5793076339177787,10.865593794733286,True,
112,onnx_model_025,warmup,0.5756788345190715,0.5766567960381508,0.5874882647767663,10.831468738615513,True,
113,onnx_model_048,warmup,0.5774756106496092,0.5781924449838698,0.5895467777736485,11.35433278977871,True,
114,onnx_model_070,warmup,0.5778737378077962,0.5783914928324521,0.589593917131424,11.202424298971891,True,
115,onnx_model_059,warmup,0.5832668548032093,0.5838709687814116,0.5949129280634224,11.041959282010794,True,
116,onnx_model_022,warmup,0.5835687487303743,0.5840564807876945,0.6009330819360912,16.87660114839673,True,
117,onnx_model_052,warmup,0.5874324534403013,0.5876565449871123,0.6061684931628406,18.51194817572832,True,
118,onnx_model_066,warmup,0.5885396004353234,0.5890965121798217,0.599983676802367,10.887164622545242,True,
119,onnx_model_008,warmup,0.5908721752742897,0.5918330540880561,0.6130129639059305,21.17990981787443,True,
120,onnx_model_081,warmup,0.5910266918390298,0.5919973459094763,0.613459792919457,21.46244700998068,True,
121,onnx_model_023,warmup,0.5926114781722832,0.5934960250742733,0.6044919560663402,10.99593099206686,True,
122,onnx_model_098,warmup,0.5931632636609535,0.5936618898995221,0.604614338837564,10.952448938041925,True,
123,onnx_model_009,warmup,0.5962584364230158,0.5971365850418806,0.6079694260843098,10.832841042429209,True,
124,onnx_model_097,warmup,0.5982078162429793,0.5985901379026473,0.6094564530067146,10.866315104067326,True,
125,onnx_model_013,warmup,0.6093290952973794,0.6095873420126736,0.6204463131725788,10.858971159905195,True,
126,onnx_model_033,warmup,0.6125272363094003,0.6131073529832065,0.6239934959448874,10.88614296168089,True,
127,onnx_model_044,warmup,0.6243704357833447,0.6252085859887302,0.6360168410465121,10.808255057781935,True,
128,onnx_model_051,warmup,0.6300602196299935,0.6306545380502939,0.6415011459030211,10.846607852727175,True,
129,onnx_model_081,warmup,0.631002966648061,0.6320825521834195,0.6430278779007494,10.945325717329979,True,
130,onnx_model_012,warmup,0.6314218975245318,0.6322450707666576,0.6431452110409737,10.900140274316072,True,
131,onnx_model_041,warmup,0.6323381749629384,0.6326798279769719,0.6434348821640015,10.7550541870296,True,
132,onnx_model_096,warmup,0.6479743803124196,0.648672407027334,0.6595670161768794,10.894609149545431,True,
133,onnx_model_066,warmup,0.6513209024375938,0.6521062548272312,0.6629623398184776,10.856084991246462,True,
134,onnx_model_033,warmup,0.6529043401541207,0.6535485959611833,0.6643733228556812,10.824726894497871,True,
135,onnx_model_000,warmup,0.6564913839778316,0.6569717931561172,0.6677464437671006,10.774650610983372,True,
136,onnx_model_015,warmup,0.658080882474124,0.6584020820446312,0.669188816100359,10.78673405572772,True,
137,onnx_model_088,warmup,0.6598639242624786,0.6607992891222239,0.6716708540916443,10.871564969420433,True,
138,onnx_model_091,warmup,0.660799853309332,0.6611572587862611,0.671958239749074,10.8009809628129,True,
139,onnx_model_092,warmup,0.6722063636548715,0.6732049398124218,0.6902887639589608,17.083824146538973,True,
140,onnx_model_017,warmup,0.676340481447862,0.6766889528371394,0.6949037867598236,18.214833922684193,True,
141,onnx_model_004,warmup,0.6782978369894825,0.6791119887493551,0.6899472251534462,10.83523640409112,True,
142,onnx_model_056,warmup,0.6816075279170191,0.6825494631193578,0.6992253409698606,16.67587785050273,True,
143,onnx_model_075,warmup,0.6855183575762092,0.6859676400199533,0.7046591700054705,18.691529985517263,True,
144,onnx_model_016,warmup,0.6882076951033173,0.689406065735966,0.7075763861648738,18.17032042890787,True,
145,onnx_model_041,warmup,0.6951001744145429,0.6961188269779086,0.7069077249616385,10.78889798372984,True,
146,onnx_model_075,warmup,0.6973968791403118,0.6985691240988672,0.7093970761634409,10.827952064573765,True,
147,onnx_model_074,warmup,0.7090546311856508,0.709491184912622,0.7297313991002738,20.240214187651873,True,
148,onnx_model_043,warmup,0.709493191925088,0.7098510391078889,0.7297683297656476,19.917290657758713,True,
149,onnx_model_067,warmup,0.712647767651617,0.7132735648192465,0.7241288698278368,10.855305008590221,True,
150,onnx_model_012,warmup,0.7177976734020756,0.7187139969319105,0.72957359906286,10.859602130949497,True,
151,onnx_model_031,warmup,0.721067789854543,0.722138456068933,0.738069930113852,15.931474044919014,True,
152,onnx_model_031,warmup,0.7227448948189169,0.7236864687874913,0.7381162880919874,14.42981930449605,True,
153,onnx_model_097,warmup,0.7250621014243092,0.7253744369372725,0.7364236200228333,11.049183085560799,True,
154,onnx_model_080,warmup,0.7260692294371542,0.7268014699220657,0.7433582018129528,16.556731890887022,True,
155,onnx_model_032,warmup,0.7315394647064098,0.7319850428029895,0.742815219797194,10.830176994204521,True,
156,onnx_model_043,warmup,0.7346418948474303,0.7354394197463989,0.7464415729045868,11.002153158187866,True,
157,onnx_model_021,warmup,0.7346558837122089,0.7356018479913473,0.7465862878598273,10.984439868479967,True,
158,onnx_model_002,warmup,0.7357498151973677,0.7360297720879316,0.7468850761651993,10.855304077267647,True,
159,onnx_model_075,warmup,0.7365739128945227,0.7376523758284748,0.7485265261493623,10.874150320887566,True,
160,onnx_model_085,warmup,0.73945467708708,0.7403549328446388,0.7512303660623729,10.875433217734098,True,
161,onnx_model_095,warmup,0.7406219280890642,0.7417983268387616,0.7526513170450926,10.852990206331015,True,
162,onnx_model_045,warmup,0.742921628862849,0.7434552670456469,0.754296553786844,10.84128674119711,True,
163,onnx_model_079,warmup,0.7508591161939979,0.7513280818238854,0.7669642339460552,15.636152122169733,True,
164,onnx_model_016,warmup,0.7588900786256297,0.759524742141366,0.7703780429437757,10.853300802409649,True,
165,onnx_model_027,warmup,0.7635180435054304,0.7639681887812912,0.774798234924674,10.830046143382788,True,
166,onnx_model_037,warmup,0.7659174911226478,0.766420098952949,0.7773017738945782,10.881674941629171,True,
167,onnx_model_059,warmup,0.7708874152463835,0.7716066078282893,0.7825003759935498,10.893768165260553,True,
168,onnx_model_074,warmup,0.7828481674905953,0.7837216169573367,0.7946064379066229,10.884820949286222,True,
169,onnx_model_062,warmup,0.7868897483427575,0.7871685801073909,0.8026312617585063,15.462681651115417,True,
170,onnx_model_063,warmup,0.7879063764053025,0.7886215820908546,0.7995555349625647,10.933952871710062,True,
171,onnx_model_005,warmup,0.8208991658758188,0.821874069981277,0.8329116511158645,11.037581134587526,True,
172,onnx_model_054,warmup,0.8291793433357558,0.8303202050738037,0.8451476497575641,14.827444683760405,True,
173,onnx_model_015,warmup,0.8390078725724774,0.8401802871376276,0.8510401910170913,10.859903879463673,True,
174,onnx_model_064,warmup,0.842391338912522,0.8426810707896948,0.8572130338288844,14.531963039189577,True,
175,onnx_model_008,warmup,0.8591898934932872,0.8594497959129512,0.8704728288576007,11.023032944649458,True,
176,onnx_model_007,warmup,0.8637286202632917,0.8648897870443761,0.8758712708950043,10.981483850628138,True,
177,onnx_model_053,warmup,0.8715976011505346,0.8726937011815608,0.8884399519301951,15.746250748634338,True,
178,onnx_model_030,warmup,0.8758666289806496,0.8760184310376644,0.891050323843956,15.03189280629158,True,
179,onnx_model_055,warmup,0.8760351981277602,0.8764315661974251,0.8874441091902554,11.012542992830276,True,
180,onnx_model_014,warmup,0.8803714656141056,0.8808840699493885,0.8916816939599812,10.797624010592699,True,
181,onnx_model_079,warmup,0.892915029731769,0.8939009527675807,0.9047295171767473,10.828564409166574,True,
182,onnx_model_071,warmup,0.9059783450222963,0.9069513301365077,0.9226112370379269,15.659906901419163,True,
183,onnx_model_062,warmup,0.9092209747274834,0.9104077899828553,0.9214179487898946,11.01015880703926,True,
184,onnx_model_013,warmup,0.9173329870288399,0.9178411499597132,0.9289097799919546,11.068630032241344,True,
185,onnx_model_082,warmup,0.9187007783285551,0.9192703468725085,0.9303673109970987,11.096964124590158,True,
186,onnx_model_000,warmup,0.9231515140136958,0.9238295629620552,0.9348552110604942,11.025648098438978,True,
187,onnx_model_042,warmup,0.926190063069923,0.9272738699801266,0.9384867139160633,11.21284393593669,True,
188,onnx_model_007,warmup,0.9268726450607754,0.9274618979543447,0.9385496941395104,11.087796185165644,True,
189,onnx_model_093,warmup,0.9309862283015825,0.9315854958258569,0.9483683980070055,16.78290218114853,True,
190,onnx_model_081,warmup,0.9316413956118453,0.9319469528272748,0.9428441668860614,10.89721405878663,True,
191,onnx_model_023,warmup,0.932499781646904,0.9334249431267381,0.9442777717486024,10.852828621864319,True,
192,onnx_model_045,warmup,0.9412834786110954,0.9417679407633841,0.9526111031882465,10.843162424862385,True,
193,onnx_model_066,warmup,0.94951089124024,0.9507054099813104,0.9615942691452801,10.888859163969755,True,
194,onnx_model_093,warmup,0.9518418966528295,0.9520694529637694,0.9628839199431241,10.81446697935462,True,
195,onnx_model_076,warmup,0.9526046856448664,0.9527219538576901,0.9635704047977924,10.848450940102339,True,
196,onnx_model_020,warmup,0.9559171530580485,0.9571013278327882,0.9729296560399234,15.8283282071352,True,
197,onnx_model_027,warmup,0.974173577780637,0.9752321727573872,0.9865322718396783,11.300099082291126,True,
198,onnx_model_006,warmup,0.9744086867149553,0.9754431038163602,0.9865859537385404,11.142849922180176,True,
199,onnx_model_041,warmup,0.9773415967637527,0.9780754167586565,0.9891207530163229,11.04533625766635,True,
200,onnx_model_089,warmup,0.9812981356232608,0.9816685570403934,0.9927936941385269,11.125137098133564,True,
201,onnx_model_030,warmup,0.9903498204257907,0.9914574739523232,1.0029490278102458,11.491553857922554,True,
202,onnx_model_017,warmup,0.9974310040037301,0.9984401478432119,1.009719368070364,11.27922022715211,True,
203,onnx_model_045,warmup,0.9976495513852646,0.9986315919086337,1.0097733200527728,11.141728144139051,True,
204,onnx_model_092,warmup,0.9987954875730612,0.9990986888296902,1.0100671388208866,10.968449991196394,True,
205,onnx_model_084,warmup,1.0003592337151226,1.0025162058882415,1.0135971889831126,11.080983094871044,True,
206,onnx_model_004,warmup,1.0045016833364897,1.005253227893263,1.016461153049022,11.207925155758858,True,
207,onnx_model_060,warmup,1.0137943779756702,1.0149049549363554,1.0261039631441236,11.199008207768202,True,
208,onnx_model_032,warmup,1.0147634053297065,1.0150929722003639,1.0262290900573134,11.136117856949568,True,
209,onnx_model_034,warmup,1.0159932870016315,1.0165729159489274,1.027588855009526,11.015939060598612,True,
210,onnx_model_093,warmup,1.0173472965329684,1.018107402138412,1.0290923831053078,10.984980966895819,True,
211,onnx_model_099,warmup,1.0186542892082193,1.0196427810005844,1.0304603837430477,10.81760274246335,True,
212,onnx_model_001,warmup,1.0224977433628974,1.0231907148845494,1.048562914133072,25.37219924852252,True,
213,onnx_model_009,warmup,1.0260657931611616,1.0263851368799806,1.037100745830685,10.715608950704336,True,
214,onnx_model_091,warmup,1.0270561995815248,1.0276901181787252,1.0388658209703863,11.175702791661024,True,
215,onnx_model_071,warmup,1.028287077421602,1.0291909207589924,1.0401440509594977,10.953130200505257,True,
216,onnx_model_049,warmup,1.0316172785861941,1.0326289758086205,1.0435933079570532,10.964332148432732,True,
217,onnx_model_020,warmup,1.0380073350036267,1.0382652301341295,1.0492122881114483,10.947057977318764,True,
218,onnx_model_016,warmup,1.0383624044324518,1.0384942749515176,1.0497038229368627,11.209547985345125,True,
219,onnx_model_026,warmup,1.0404527954200287,1.041378527879715,1.0523825949057937,11.004067026078701,True,
220,onnx_model_002,warmup,1.0414432723008908,1.041780271101743,1.0525771751999855,10.796904098242521,True,
221,onnx_model_078,warmup,1.0423619894286777,1.0432088668458164,1.0540326810441911,10.823814198374748,True,
222,onnx_model_030,warmup,1.0486933055220078,1.049324993044138,1.060219220817089,10.894227772951126,True,
223,onnx_model_017,warmup,1.055815261081749,1.0562520697712898,1.067351118195802,11.099048424512148,True,
224,onnx_model_025,warmup,1.071777876475685,1.072511225938797,1.083372131921351,10.860905982553959,True,
225,onnx_model_066,warmup,1.082340713638794,1.082803860772401,1.0936576230451465,10.85376227274537,True,
226,onnx_model_008,warmup,1.0823927442377435,1.0829000640660524,1.0937496577389538,10.849593672901392,True,
227,onnx_model_059,warmup,1.0849467137688755,1.0855264971032739,1.0963063179515302,10.77982084825635,True,
228,onnx_model_092,warmup,1.0867176379625385,1.0878101978451014,1.0986310271546245,10.820829309523106,True,
229,onnx_model_087,warmup,1.08959635364297,1.0900894100777805,1.10088484082371,10.79543074592948,True,
230,onnx_model_064,warmup,1.0907377930039395,1.0913888700306416,1.102278069127351,10.88919909670949,True,
231,onnx_model_041,warmup,1.1035209077077999,1.1044982089661062,1.1154507887549698,10.952579788863659,True,
232,onnx_model_078,warmup,1.109941300046588,1.110940155107528,1.121973036788404,11.032881680876017,True,
233,onnx_model_087,warmup,1.117090128679706,1.1176855671219528,1.1286000539548695,10.914486832916737,True,
234,onnx_model_059,warmup,1.1224176749913894,1.1231912719085813,1.1342129530385137,11.021681129932404,True,
235,onnx_model_022,warmup,1.1297877652683188,1.130845150910318,1.141849067993462,11.003917083144188,True,
236,onnx_model_085,warmup,1.1432309310543236,1.144066001754254,1.1551270079798996,11.061006225645542,True,
237,onnx_model_043,warmup,1.1444041154265003,1.1454980648122728,1.1566883958876133,11.19033107534051,True,
238,onnx_model_093,warmup,1.1448772949442543,1.1456599421799183,1.1567280408926308,11.068098712712526,True,
239,onnx_model_026,warmup,1.1610344874579328,1.162014930974692,1.1731256409548223,11.110709980130196,True,
240,onnx_model_060,warmup,1.1651888226465765,1.1655465639196336,1.1766062467359006,11.059682816267014,True,
241,onnx_model_097,warmup,1.174053821799874,1.1744376150891185,1.1855473327450454,11.109717655926943,True,
242,onnx_model_088,warmup,1.1757640816331052,1.176718220114708,1.1877823611721396,11.064141057431698,True,
243,onnx_model_061,warmup,1.188954865925446,1.1900872620753944,1.2062440137378871,16.156751662492752,True,
244,onnx_model_014,warmup,1.1941451606855336,1.194652120117098,1.2057264908216894,11.074370704591274,True,
245,onnx_model_024,warmup,1.1946328434397768,1.1950522498227656,1.2062922059558332,11.239956133067608,True,
246,onnx_model_011,warmup,1.1951060834960934,1.1954541937448084,1.2064613569527864,11.00716320797801,True,
247,onnx_model_021,warmup,1.1958691414023355,1.1969391070306301,1.2078830101527274,10.943903122097254,True,
248,onnx_model_038,warmup,1.1990610596510267,1.199437134899199,1.2105082301422954,11.071095243096352,True,
249,onnx_model_089,warmup,1.2047717710873591,1.2058297069743276,1.2167609548196197,10.931247845292091,True,
250,onnx_model_091,warmup,1.2092661589766829,1.2101062559522688,1.2210347591899335,10.9285032376647,True,
251,onnx_model_024,warmup,1.2190536772933176,1.2199958441779017,1.2435639738105237,23.568129632622004,True,
252,onnx_model_039,warmup,1.2196087732738603,1.2201662580482662,1.2312734620645642,11.107204016298056,True,
253,onnx_model_073,warmup,1.2196356906214187,1.2203155718743801,1.243616663850844,23.301091976463795,True,
254,onnx_model_043,warmup,1.2232641323984317,1.2242620741017163,1.2436537351459265,19.391661044210196,True,
255,onnx_model_051,warmup,1.2250216690411901,1.2257253960706294,1.2436839519068599,17.958555836230516,True,
256,onnx_model_002,warmup,1.2266525091029339,1.227163840085268,1.243713288102299,16.549448017030954,True,
257,onnx_model_078,warmup,1.2306772002456363,1.2313856650143862,1.243741320911795,12.355655897408724,True,
258,onnx_model_010,warmup,1.2353845926582245,1.2439572820439935,1.2551058437675238,11.148561723530293,True,
259,onnx_model_088,warmup,1.2437747286423861,1.2444428447633982,1.255274144001305,10.831299237906933,True,
260,onnx_model_046,warmup,1.2459248655830861,1.2469139317981899,1.2585570639930665,11.64313219487667,True,
261,onnx_model_063,warmup,1.246338066008647,1.2470829030498862,1.2580937631428242,11.010860092937946,True,
262,onnx_model_070,warmup,1.24907304714627,1.2496180217713118,1.260521988850087,10.903967078775167,True,
263,onnx_model_018,warmup,1.2533216404682117,1.2540687629953027,1.265389041043818,11.32027804851532,True,
264,onnx_model_079,warmup,1.2534564274311666,1.2542407289147377,1.2652319017797709,10.99117286503315,True,
265,onnx_model_093,warmup,1.2543525255040533,1.2547075171023607,1.2659334959462285,11.225978843867779,True,
266,onnx_model_088,warmup,1.2555685686357618,1.2564932508394122,1.2675848249346018,11.091574095189571,True,
267,onnx_model_002,warmup,1.2558904083015192,1.2566628730855882,1.2677049529738724,11.042079888284206,True,
268,onnx_model_029,warmup,1.2578876367935223,1.2581924507394433,1.2692042728886008,11.011822149157524,True,
269,onnx_model_047,warmup,1.2617563365441833,1.2627471191808581,1.2779136379249394,15.166518744081259,True,
270,onnx_model_047,warmup,1.2651761013593505,1.265518947970122,1.2779592950828373,12.440347112715244,True,
271,onnx_model_069,warmup,1.2753842056322595,1.276437051128596,1.2873098589479923,10.872807819396257,True,
272,onnx_model_088,warmup,1.2776416631824152,1.278050297871232,1.2887524007819593,10.702102910727262,True,
273,onnx_model_056,warmup,1.282531208508023,1.2834977731108665,1.2943099960684776,10.812222957611084,True,
274,onnx_model_051,warmup,1.2961128807484898,1.2965323901735246,1.3074813918210566,10.949001647531986,True,
275,onnx_model_096,warmup,1.3012037771304235,1.301980656106025,1.3129093497991562,10.928693693131208,True,
276,onnx_model_069,warmup,1.312496716259609,1.3130040797404945,1.3240817468613386,11.077667120844126,True,
277,onnx_model_011,warmup,1.3153812633657729,1.3164585968479514,1.3274738248437643,11.015227995812893,True,
278,onnx_model_043,warmup,1.3190614802320584,1.3198904301971197,1.330826518125832,10.936087928712368,True,
279,onnx_model_038,warmup,1.3239396605969287,1.3242155918851495,1.3351107719354331,10.89518005028367,True,
280,onnx_model_094,warmup,1.3285435185982688,1.3296994059346616,1.340774558018893,11.075152084231377,True,
281,onnx_model_058,warmup,1.3321503099822594,1.3330490631051362,1.3490123469382524,15.963283833116293,True,
282,onnx_model_087,warmup,1.3394975270656202,1.3403779538348317,1.3516346621327102,11.256708297878504,True,
283,onnx_model_026,warmup,1.3434694314596902,1.3439963217824697,1.3548792391084135,10.882917325943708,True,
284,onnx_model_008,warmup,1.3472709237162852,1.348445720039308,1.3592266831547022,10.780963115394115,True,
285,onnx_model_015,warmup,1.350634419649539,1.3512357431463897,1.3621641569770873,10.928413830697536,True,
286,onnx_model_062,warmup,1.3577544981489706,1.3581046098843217,1.3690446559339762,10.940046049654484,True,
287,onnx_model_033,warmup,1.361126542066686,1.3614607700146735,1.3726563709788024,11.195600964128971,True,
288,onnx_model_089,warmup,1.3623766380624347,1.3633960988372564,1.3742943950928748,10.898296255618334,True,
289,onnx_model_044,warmup,1.3633809402962318,1.3637564140371978,1.374761924147606,11.005510110408068,True,
290,onnx_model_063,warmup,1.3719908482627206,1.372265928890556,1.3832044820301235,10.938553139567375,True,
291,onnx_model_058,warmup,1.3752775069468859,1.3759801890701056,1.38686392782256,10.88373875245452,True,
292,onnx_model_006,warmup,1.382814473927792,1.3832995318807662,1.3942838218063116,10.984289925545454,True,
293,onnx_model_094,warmup,1.3836223845771587,1.3847671221010387,1.3957373751327395,10.97025303170085,True,
294,onnx_model_041,warmup,1.3852546315453744,1.3862032718025148,1.3972939541563392,11.090682353824377,True,
295,onnx_model_047,warmup,1.3855917271322624,1.3863833341747522,1.3974383077584207,11.05497358366847,True,
296,onnx_model_082,warmup,1.3873959854958762,1.3880969020538032,1.3990452331490815,10.948331095278263,True,
297,onnx_model_023,warmup,1.3881762988604156,1.38847468001768,1.399403092917055,10.928412899374962,True,
298,onnx_model_028,warmup,1.3887774851879953,1.3899070620536804,1.4008706831373274,10.963621083647013,True,
299,onnx_model_021,warmup,1.3897530286875492,1.3900700621306896,1.4011050080880523,11.034945957362652,True,
300,onnx_model_059,warmup,1.3917614330841328,1.392619388177991,1.4035377018153667,10.918313637375832,True,
301,onnx_model_010,warmup,1.3977220942723168,1.3986564739607275,1.409725725185126,11.069251224398613,True,
302,onnx_model_023,warmup,1.408211671380617,1.4087601788342,1.419674206059426,10.914027225226164,True,
303,onnx_model_043,warmup,1.40928035792033,1.4098219377920032,1.4207530757412314,10.931137949228287,True,
304,onnx_model_002,warmup,1.4130586893289747,1.4142743009142578,1.4253529100678861,11.07860915362835,True,
305,onnx_model_007,warmup,1.4145127736735257,1.4147078851237893,1.4258246370591223,11.116751935333014,True,
306,onnx_model_083,warmup,1.4168749205968196,1.4171375138685107,1.4327640580013394,15.626544132828712,True,
307,onnx_model_016,warmup,1.4205162336588375,1.420848867855966,1.4317307327874005,10.881864931434393,True,
308,onnx_model_048,warmup,1.4242106310638007,1.4254498039372265,1.4363605440594256,10.910740122199059,True,
309,onnx_model_075,warmup,1.4365704213488988,1.43757876008749,1.4485593819990754,10.980621911585331,True,
310,onnx_model_065,warmup,1.4435728708047282,1.4440222177654505,1.4596632290631533,15.64101129770279,True,
311,onnx_model_066,warmup,1.4439562756010098,1.444393854122609,1.4552135011181235,10.819646995514631,True,
312,onnx_model_086,warmup,1.446958685919103,1.4478286230005324,1.4586736178025603,10.84499480202794,True,
313,onnx_model_099,warmup,1.4635336658772917,1.4639089200645685,1.4749132571741939,11.00433710962534,True,
314,onnx_model_010,warmup,1.4815018536489208,1.48213780997321,1.4931362769566476,10.998466983437538,True,
315,onnx_model_015,warmup,1.4869123216662408,1.4876003740355372,1.4986120657995343,11.011691763997078,True,
316,onnx_model_065,warmup,1.4938604808891807,1.4943756428547204,1.5053990571759641,11.023414321243763,True,
317,onnx_model_054,warmup,1.4942943642831188,1.494744413997978,1.505731688812375,10.987274814397097,True,
318,onnx_model_068,warmup,1.5116529038889173,1.511951551772654,1.5290300161577761,17.07846438512206,True,
319,onnx_model_011,warmup,1.5135076566231473,1.5144308847375214,1.5254932530224323,11.062368284910917,True,
320,onnx_model_066,warmup,1.5352578283018663,1.5362510518170893,1.5473690959624946,11.118044145405293,True,
321,onnx_model_036,warmup,1.5443710068080607,1.544775805901736,1.5608497909270227,16.073985025286674,True,
322,onnx_model_058,warmup,1.552702657533366,1.5537285939790308,1.5647244658321142,10.995871853083372,True,
323,onnx_model_017,warmup,1.5554237020646997,1.5562886311672628,1.5673202499747276,11.031618807464838,True,
324,onnx_model_093,warmup,1.5569416900622726,1.5578449289314449,1.5689080287702382,11.063099838793278,True,
325,onnx_model_092,warmup,1.5598584509089195,1.5604172991588712,1.5714596989564598,11.042399797588587,True,
326,onnx_model_056,warmup,1.5644614552170653,1.5648270407691598,1.575733853969723,10.906813200563192,True,
327,onnx_model_006,warmup,1.5717162888551381,1.5726823727600276,1.5836573648266494,10.97499206662178,True,
328,onnx_model_016,warmup,1.592252209442761,1.5938642867840827,1.604863965883851,10.9996790997684,True,
329,onnx_model_005,warmup,1.592498463193089,1.5939760487526655,1.604949427768588,10.973379015922546,True,
330,onnx_model_012,warmup,1.5943860349931285,1.5953577561303973,1.606232597026974,10.874840896576643,True,
331,onnx_model_022,warmup,1.5969887742542033,1.597702904138714,1.608600698877126,10.897794738411903,True,
332,onnx_model_063,warmup,1.6123417182138704,1.6128026661463082,1.6236819759942591,10.879309847950935,True,
333,onnx_model_049,warmup,1.6190917765037478,1.6201478480361402,1.6312723038718104,11.124455835670233,True,
334,onnx_model_082,warmup,1.6261416401013569,1.626895876135677,1.638198179192841,11.302303057163954,True,
335,onnx_model_013,warmup,1.6297075418117686,1.6302428268827498,1.6413551499135792,11.11232303082943,True,
336,onnx_model_008,warmup,1.6310249275453974,1.631345183122903,1.6423020199872553,10.956836864352226,True,
337,onnx_model_000,warmup,1.6367021494285992,1.6377759771421552,1.64889170601964,11.115728877484798,True,
338,onnx_model_063,warmup,1.6412487956806727,1.6415224177762866,1.6525673130527139,11.044895276427269,True,
339,onnx_model_066,warmup,1.6436130242888114,1.644618023186922,1.6562154279090464,11.597404722124338,True,
340,onnx_model_021,warmup,1.6466020532540147,1.6471526711247861,1.6581388637423515,10.986192617565393,True,
341,onnx_model_046,warmup,1.655329082982188,1.6558192949742079,1.66702680895105,11.207513976842165,True,
342,onnx_model_083,warmup,1.658698206979019,1.6593003920279443,1.6701736911199987,10.873299092054367,True,
343,onnx_model_022,warmup,1.6655600205136247,1.666665772907436,1.6775840469636023,10.91827405616641,True,
344,onnx_model_009,warmup,1.6700890522739609,1.6703127049840987,1.681268619839102,10.955914855003357,True,
345,onnx_model_089,warmup,1.6745486688528843,1.6757706301286817,1.6866721818223596,10.901551693677902,True,
346,onnx_model_026,warmup,1.675959912174728,1.6761263757944107,1.687000636011362,10.87426021695137,True,
347,onnx_model_055,warmup,1.684357310853024,1.685491366777569,1.696507176849991,11.015810072422028,True,
348,onnx_model_087,warmup,1.6985661363328404,1.6998029118403792,1.7112609017640352,11.457989923655987,True,
349,onnx_model_043,warmup,1.6992286804852283,1.699988855049014,1.7112077311612666,11.218876112252474,True,
350,onnx_model_037,warmup,1.707343027414613,1.7085800059139729,1.7197272847406566,11.14727882668376,True,
351,onnx_model_013,warmup,1.7094826621848773,1.7101138709113002,1.7211523037403822,11.038432829082012,True,
352,onnx_model_090,warmup,1.7100628758720273,1.7105317558161914,1.7214238001033664,10.89204428717494,True,
353,onnx_model_037,warmup,1.7131157525132072,1.713507211767137,1.7202010159380734,6.693804170936346,True,
354,onnx_model_082,warmup,1.7188119905739738,1.7198420530185103,1.7308026580139995,10.96060499548912,True,
355,onnx_model_058,warmup,1.7331954641829337,1.7340264460071921,1.7450549099594355,11.028463952243328,True,
356,onnx_model_086,warmup,1.7401586090301635,1.7405465999618173,1.751713045872748,11.166445910930634,True,
357,onnx_model_000,warmup,1.7430140804996666,1.744089333806187,1.7550922590307891,11.002925224602222,True,
358,onnx_model_072,warmup,1.7454470095795303,1.746312228962779,1.7575537879019976,11.241558939218521,True,
359,onnx_model_031,warmup,1.7460326038136278,1.7465108167380095,1.7576859188266098,11.175102088600397,True,
360,onnx_model_054,warmup,1.7535898053984658,1.7539622411131859,1.7649793731980026,11.017132084816694,True,
361,onnx_model_095,warmup,1.7560617617896788,1.75642666593194,1.76746892509982,11.04225916787982,True,
362,onnx_model_076,warmup,1.7565217317277433,1.7567921909503639,1.7678804281167686,11.088237166404724,True,
363,onnx_model_005,warmup,1.7577784117050828,1.7589068398810923,1.769784577190876,10.877737309783697,True,
364,onnx_model_045,warmup,1.770646547710212,1.7710034041665494,1.7819474870339036,10.944082867354155,True,
365,onnx_model_072,warmup,1.7782441455181526,1.77947579883039,1.7905840538442135,11.10825501382351,True,
366,onnx_model_077,warmup,1.7815733714055588,1.7820444209501147,1.7977873268537223,15.742905903607607,True,
367,onnx_model_072,warmup,1.783215363823106,1.7834891881793737,1.7907104641199112,7.221275940537453,True,
368,onnx_model_034,warmup,1.7905172970653525,1.7908402611501515,1.8017705180682242,10.9302569180727,True,
369,onnx_model_037,warmup,1.795292769332252,1.7962795398198068,1.8072460158728063,10.966476052999496,True,
370,onnx_model_076,warmup,1.810935656909184,1.8114850539714098,1.822425068821758,10.940014850348234,True,
371,onnx_model_078,warmup,1.8162596619976334,1.8169277501292527,1.8281043148599565,11.17656473070383,True,
372,onnx_model_047,warmup,1.8192872422722313,1.8203793410211802,1.8312967428937554,10.917401872575283,True,
373,onnx_model_084,warmup,1.8241656845381653,1.8246465921401978,1.83560012280941,10.953530669212341,True,
374,onnx_model_022,warmup,1.8266797217202944,1.827084496151656,1.8381640370935202,11.079540941864252,True,
375,onnx_model_073,warmup,1.8273319142624473,1.827569347806275,1.8383009871467948,10.731639340519905,True,
376,onnx_model_056,warmup,1.832919228535184,1.8335495460778475,1.844583840109408,11.034294031560421,True,
377,onnx_model_020,warmup,1.8393167754089008,1.8405201761052012,1.8516056179068983,11.085441801697016,True,
378,onnx_model_014,warmup,1.8412594545752667,1.84198476979509,1.853082625195384,11.097855400294065,True,
379,onnx_model_084,warmup,1.8420704683974536,1.8424038658849895,1.8533086949028075,10.904829017817974,True,
380,onnx_model_090,warmup,1.8744479386488286,1.8756107580848038,1.8874062397517264,11.79548166692257,True,
381,onnx_model_006,warmup,1.8786213397885043,1.879154704976827,1.890244023874402,11.08931889757514,True,
382,onnx_model_089,warmup,1.8855308262603545,1.8867816631682217,1.8985884757712483,11.806812603026628,True,
383,onnx_model_053,warmup,1.8857022327801296,1.8869716841727495,1.8986359457485378,11.66426157578826,True,
384,onnx_model_026,warmup,1.8881958634279372,1.888688636943698,1.899855854921043,11.16721797734499,True,
385,onnx_model_079,warmup,1.892365282217602,1.8934844541363418,1.9045743439346552,11.08988979831338,True,
386,onnx_model_008,warmup,1.8990151262161457,1.8999556847847998,1.911300168838352,11.34448405355215,True,
387,onnx_model_008,warmup,1.899524595930374,1.900125137064606,1.9114301060326397,11.30496896803379,True,
388,onnx_model_036,warmup,1.9078623529996952,1.9088019598275423,1.9198750681243837,11.073108296841383,True,
389,onnx_model_005,warmup,1.9222069545954985,1.9230982051230967,1.9341511051170528,11.052899993956089,True,
390,onnx_model_068,warmup,1.9298611617334023,1.930560931097716,1.9416523138061166,11.091382708400488,True,
391,onnx_model_018,warmup,1.9417585730149172,1.94295320706442,1.9539063768461347,10.953169781714678,True,
392,onnx_model_096,warmup,1.946395039199825,1.9475080450065434,1.958603244740516,11.09519973397255,True,
393,onnx_model_064,warmup,1.9626654979799032,1.963904231786728,1.9750210628844798,11.116831097751856,True,
394,onnx_model_005,warmup,1.965370022839918,1.9664484481327236,1.977505206130445,11.056757997721434,True,
395,onnx_model_045,warmup,1.9704659128352955,1.9709789198823273,1.981967156752944,10.988236870616674,True,
396,onnx_model_059,warmup,1.9725396811726303,1.9735172749496996,1.9849466211162508,11.429346166551113,True,
397,onnx_model_053,warmup,1.9839708519706023,1.9841918661259115,1.9951844410970807,10.992574971169233,True,
398,onnx_model_013,warmup,1.98408915195361,1.9845972969196737,1.995646028779447,11.048731859773397,True,
399,onnx_model_026,warmup,1.9899156776337918,1.9901764118112624,2.0016676150262356,11.491203214973211,True,
400,onnx_model_017,warmup,1.999103281469402,1.9998874510638416,2.011136834975332,11.24938391149044,True,
401,onnx_model_042,warmup,1.9991034363324194,2.0000525251962245,2.0112788239493966,11.22629875317216,True,
402,onnx_model_038,warmup,2.0087811195221845,2.009906846098602,2.0213081687688828,11.401322670280933,True,
403,onnx_model_064,warmup,2.018000255931428,2.018497245851904,2.0294794710353017,10.982225183397532,True,
404,onnx_model_056,warmup,2.0200442523930477,2.0209897039458156,2.03272038185969,11.730677913874388,True,
405,onnx_model_091,warmup,2.024116251905794,2.0245630159042776,2.035558868199587,10.995852295309305,True,
406,onnx_model_041,warmup,2.024313527729614,2.024728611111641,2.0356885441578925,10.959933046251535,True,
407,onnx_model_062,warmup,2.036495026331764,2.036903914064169,2.0479677650146186,11.063850950449705,True,
408,onnx_model_078,warmup,2.041753647740823,2.0423735408112407,2.0536354891955853,11.261948384344578,True,
409,onnx_model_027,warmup,2.0418891521609788,2.042540668975562,2.0536808148026466,11.14014582708478,True,
410,onnx_model_053,warmup,2.0456314305151984,2.046044618822634,2.057217948138714,11.173329316079617,True,
411,onnx_model_021,warmup,2.052270022215184,2.0531946709379554,2.064243453089148,11.048782151192427,True,
412,onnx_model_067,warmup,2.054074498498761,2.054898719768971,2.0658336859196424,10.934966150671244,True,
413,onnx_model_005,warmup,2.0549824770952263,2.055251239798963,2.0661707459948957,10.919506195932627,True,
414,onnx_model_094,warmup,2.0553339457394206,2.0556213739328086,2.0663035791367292,10.682205203920603,True,
415,onnx_model_085,warmup,2.0693381484150706,2.0705313249491155,2.0818736660294235,11.34234108030796,True,
416,onnx_model_097,warmup,2.0693961498083033,2.070695768110454,2.082017528824508,11.321760714054108,True,
417,onnx_model_065,warmup,2.07590900757889,2.076317172963172,2.087326760869473,11.009587906301022,True,
418,onnx_model_073,warmup,2.0954533452906934,2.0975868441164494,2.1086577381938696,11.070894077420235,True,
419,onnx_model_008,warmup,2.0962042770910183,2.097749943844974,2.108784839976579,11.03489613160491,True,
420,onnx_model_028,warmup,2.0984783193204133,2.0992613970302045,2.1101581808179617,10.896783787757158,True,
421,onnx_model_091,warmup,2.1028809804935142,2.1037129987962544,2.114493631757796,10.780632961541414,True,
422,onnx_model_044,warmup,2.122443347894871,2.122647530864924,2.1336442441679537,10.996713303029537,True,
423,onnx_model_081,warmup,2.1277734895480345,2.1279304730705917,2.138695776928216,10.76530385762453,True,
424,onnx_model_095,warmup,2.13213300856816,2.1332045989111066,2.1439972040243447,10.792605113238096,True,
425,onnx_model_024,warmup,2.1332368300744116,2.1334254178218544,2.1444056699983776,10.980252176523209,True,
426,onnx_model_021,warmup,2.140240308567107,2.140896710101515,2.1517565129324794,10.859802830964327,True,
427,onnx_model_039,warmup,2.161940290951973,2.162966210860759,2.1740484568290412,11.082245968282223,True,
428,onnx_model_089,warmup,2.1733779133840754,2.1741588371805847,2.1852561910636723,11.097353883087635,True,
429,onnx_model_008,warmup,2.180921003002924,2.1817056331783533,2.1928870268166065,11.181393638253212,True,
430,onnx_model_090,warmup,2.182597627572969,2.1832989607937634,2.194426393136382,11.127432342618704,True,
431,onnx_model_056,warmup,2.1977894160183276,2.198724653106183,2.20988902496174,11.164371855556965,True,
432,onnx_model_028,warmup,2.2004185763328494,2.2012713537551463,2.212422139942646,11.150786187499762,True,
433,onnx_model_002,warmup,2.2015864723679,2.202811551745981,2.2141290749423206,11.317523196339607,True,
434,onnx_model_015,warmup,2.2133140484564007,2.213743843138218,2.2249701018445194,11.22625870630145,True,
435,onnx_model_064,warmup,2.2178438355112156,2.2184401601552963,2.229611354880035,11.171194724738598,True,
436,onnx_model_011,warmup,2.2243402899253493,2.22509854612872,2.2360713938251138,10.972847696393728,True,
437,onnx_model_016,warmup,2.2248990736017973,2.22552443575114,2.2364253867417574,10.900950990617275,True,
438,onnx_model_021,warmup,2.2289174798348035,2.2297206930816174,2.2410016460344195,11.280952952802181,True,
439,onnx_model_044,warmup,2.2294515374031794,2.2298977789469063,2.240960568189621,11.062789242714643,True,
440,onnx_model_098,warmup,2.2314757624936843,2.232501728925854,2.2434024191461504,10.900690220296383,True,
441,onnx_model_058,warmup,2.2576078944614433,2.258704906795174,2.270029393956065,11.324487160891294,True,
442,onnx_model_072,warmup,2.258291644840604,2.2588938768021762,2.2700831359252334,11.189259123057127,True,
443,onnx_model_041,warmup,2.2728159132315446,2.273396715056151,2.2845476511865854,11.150936130434275,True,
444,onnx_model_021,warmup,2.278016317479436,2.27894219616428,2.2900054650381207,11.06326887384057,True,
445,onnx_model_082,warmup,2.285680648566985,2.286852912977338,2.2979342569597065,11.081343982368708,True,
446,onnx_model_033,warmup,2.2869257479116905,2.2872713478282094,2.2982799541205168,11.008606292307377,True,
447,onnx_model_023,warmup,2.288076945621548,2.28882040316239,2.29985439684242,11.033993680030107,True,
448,onnx_model_043,warmup,2.2898850382962577,2.290173594839871,2.301022025756538,10.848430916666985,True,
449,onnx_model_068,warmup,2.2905938060435007,2.291665881872177,2.3028166578151286,11.15077594295144,True,
450,onnx_model_026,warmup,2.2954120173832,2.29614802217111,2.3070284640416503,10.88044187054038,True,
451,onnx_model_023,warmup,2.2963034277346344,2.296558721922338,2.2999697658233345,3.4110439009964466,True,
452,onnx_model_004,warmup,2.301774686169555,2.3022438688203692,2.3132535871118307,11.009718291461468,True,
453,onnx_model_037,warmup,2.307589641052675,2.308248702902347,2.3191293361596763,10.880633257329464,True,
454,onnx_model_027,warmup,2.3083831232053447,2.308636359870434,2.3195581808686256,10.921820998191833,True,
455,onnx_model_046,warmup,2.309648597290907,2.310063273180276,2.3208152311854064,10.751958005130291,True,
456,onnx_model_057,warmup,2.3132434709633856,2.3134218668565154,2.324284935835749,10.863068979233503,True,
457,onnx_model_091,warmup,2.3169365987582973,2.31789324618876,2.329016759991646,11.12351380288601,True,
458,onnx_model_052,warmup,2.3172132587256105,2.3180654738098383,2.3291236837394536,11.05820992961526,True,
459,onnx_model_051,warmup,2.32706918679267,2.3275049068033695,2.338446775916964,10.941869113594294,True,
460,onnx_model_090,warmup,2.330422642529738,2.331359153147787,2.3423167718574405,10.957618709653616,True,
461,onnx_model_091,warmup,2.3337314627104555,2.3347999840043485,2.3459261930547655,11.126209050416946,True,
462,onnx_model_062,warmup,2.3348417435662965,2.3351513617672026,2.3461846238933504,11.033262126147747,True,
463,onnx_model_040,warmup,2.338717848119998,2.3396658529527485,2.350620145909488,10.954292956739664,True,
464,onnx_model_062,warmup,2.3403491564358707,2.3411017218604684,2.346298350021243,5.196628160774708,True,
465,onnx_model_090,warmup,2.3448328076065756,2.345550648868084,2.3566235471516848,11.072898283600807,True,
466,onnx_model_043,warmup,2.352579792827001,2.352838042192161,2.3639456159435213,11.107573751360178,True,
467,onnx_model_040,warmup,2.3565941958192194,2.356771699152887,2.3678267830982804,11.055083945393562,True,
468,onnx_model_056,warmup,2.357219500855431,2.358215554151684,2.369237885810435,11.022331658750772,True,
469,onnx_model_048,warmup,2.3611483503843034,2.3616737071424723,2.372681420762092,11.007713619619608,True,
470,onnx_model_097,warmup,2.363633843374026,2.3640418690629303,2.375037800054997,10.99593099206686,True,
471,onnx_model_034,warmup,2.3694231686491602,2.3704624730162323,2.3813739237375557,10.91145072132349,True,
472,onnx_model_084,warmup,2.3714552511843303,2.3718992937356234,2.382996268104762,11.09697436913848,True,
473,onnx_model_081,warmup,2.381474848218904,2.3826120980083942,2.3935748571529984,10.962759144604206,True,
474,onnx_model_064,warmup,2.396055463430843,2.396832157857716,2.408131316769868,11.299158912152052,True,
475,onnx_model_025,warmup,2.396490245177217,2.397029824089259,2.408267304766923,11.23748067766428,True,
476,onnx_model_011,warmup,2.397885868192148,2.3986176820471883,2.409641257021576,11.023574974387884,True,
477,onnx_model_050,warmup,2.40346955223538,2.404061681125313,2.415016965009272,10.955283883959055,True,
478,onnx_model_071,warmup,2.4175724975886164,2.4182402519509196,2.4293903070501983,11.150055099278688,True,
479,onnx_model_013,warmup,2.4218790490679467,2.4227081551216543,2.4337339429184794,11.02578779682517,True,
480,onnx_model_021,warmup,2.4291345928757524,2.4294999949634075,2.4405384780839086,11.038483120501041,True,
481,onnx_model_076,warmup,2.4311348001737656,2.4319626060314476,2.4429049459286034,10.942339897155762,True,
482,onnx_model_028,warmup,2.434758159533361,2.435958051122725,2.4468810339458287,10.922982823103666,True,
483,onnx_model_000,warmup,2.4365479005171626,2.437417024746537,2.448438584804535,11.021560057997704,True,
484,onnx_model_082,warmup,2.4379037544718813,2.4388537257909775,2.449689593166113,10.835867375135422,True,
485,onnx_model_031,warmup,2.444718091454617,2.4451253968290985,2.4562686891295016,11.143292300403118,True,
486,onnx_model_042,warmup,2.4555679841332894,2.4559179320931435,2.466967917047441,11.049984954297543,True,
487,onnx_model_037,warmup,2.4622210803191913,2.4624985507689416,2.4736196910962462,11.121140327304602,True,
488,onnx_model_037,warmup,2.467703623310435,2.468195519875735,2.4736655079759657,5.469988100230694,True,
489,onnx_model_014,warmup,2.4678822683650115,2.468374840915203,2.479446285869926,11.07144495472312,True,
490,onnx_model_008,warmup,2.4727202245122717,2.4737566611729562,2.4847212131135166,10.96455194056034,True,
491,onnx_model_060,warmup,2.488540659359623,2.488941836170852,2.499862445052713,10.920608881860971,True,
492,onnx_model_077,warmup,2.4976099945205195,2.4994182800874114,2.510456021875143,11.037741787731647,True,
493,onnx_model_076,warmup,2.5206959433855642,2.521772312000394,2.5330585557967424,11.286243796348572,True,
494,onnx_model_059,warmup,2.5307090482600967,2.5323688751086593,2.5441021281294525,11.7332530207932,True,
495,onnx_model_084,warmup,2.5312016000170456,2.5325580751523376,2.544153445865959,11.595370713621378,True,
496,onnx_model_052,warmup,2.5336090662241824,2.5343734649941325,2.5455746869556606,11.201221961528063,True,
497,onnx_model_060,warmup,2.538431295757261,2.5389221818186343,2.550079741049558,11.157559230923653,True,
498,onnx_model_009,warmup,2.5430317803119564,2.543628056999296,2.5546824098564684,11.05435285717249,True,
499,onnx_model_098,warmup,2.5438574166389256,2.5442982208915055,2.5555891739204526,11.290953028947115,True,
500,onnx_model_001,warmup,2.5439253912561304,2.544513920787722,2.5556300207972527,11.116100009530783,True,
501,onnx_model_077,warmup,2.5443742583276463,2.5449931719340384,2.5560375060886145,11.044334154576063,True,
502,onnx_model_037,warmup,2.5498978096092624,2.5501759741455317,2.561170151922852,10.994177777320147,True,
503,onnx_model_086,warmup,2.557418587895845,2.5582616231404245,2.5692839650437236,11.022341903299093,True,
504,onnx_model_028,warmup,2.5610448214868913,2.561304518021643,2.572634424082935,11.329906061291695,True,
505,onnx_model_037,warmup,2.5686181812041915,2.5693957577459514,2.5803665718995035,10.970814153552055,True,
506,onnx_model_048,warmup,2.570570185597935,2.5708388411439955,2.5817371271550655,10.898286011070013,True,
507,onnx_model_010,warmup,2.5719670457858688,2.5723014809191227,2.5831060889177024,10.80460799857974,True,
508,onnx_model_083,warmup,2.587199090121418,2.588345117866993,2.599598017986864,11.252900119870901,True,
509,onnx_model_028,warmup,2.5879043008973825,2.5885162227787077,2.599727504886687,11.21128210797906,True,
510,onnx_model_096,warmup,2.5968280997138877,2.5990403280593455,2.6103254901245236,11.285162065178156,True,
511,onnx_model_033,warmup,2.6096983626804775,2.609948883764446,2.62101436778903,11.065484024584293,True,
512,onnx_model_043,warmup,2.6179844075109306,2.618646948132664,2.629594447091222,10.947498958557844,True,
513,onnx_model_072,warmup,2.619174032185039,2.6201886478811502,2.631141076795757,10.952428914606571,True,
514,onnx_model_071,warmup,2.6222511688667933,2.6232536341995,2.634233825840056,10.980191640555859,True,
515,onnx_model_089,warmup,2.624560563680364,2.6257264651358128,2.637080457061529,11.3539919257164,True,
516,onnx_model_043,warmup,2.635290270235369,2.6364756179973483,2.6475685839541256,11.092965956777334,True,
517,onnx_model_092,warmup,2.635906681424518,2.6366455308161676,2.6478369240649045,11.191393248736858,True,
518,onnx_model_057,warmup,2.643612650577801,2.6443093991838396,2.655233943834901,10.924544651061296,True,
519,onnx_model_093,warmup,2.646599697306006,2.647625301964581,2.6583590051159263,10.733703151345253,True,
520,onnx_model_095,warmup,2.6533450738241844,2.6540555241517723,2.6649572867900133,10.901762638241053,True,
521,onnx_model_049,warmup,2.6548957743454284,2.6552903819829226,2.666154914069921,10.864532086998224,True,
522,onnx_model_000,warmup,2.665092520583315,2.6662200880236924,2.6773004098795354,11.080321855843067,True,
523,onnx_model_062,warmup,2.66584213578296,2.6663263398222625,2.67721644975245,10.890109930187464,True,
524,onnx_model_007,warmup,2.6709970824445124,2.6717125680297613,2.6825835020281374,10.870933998376131,True,
525,onnx_model_018,warmup,2.677327192530028,2.6784643619321287,2.6891778470017016,10.713485069572926,True,
526,onnx_model_028,warmup,2.6819612735323877,2.6826493879780173,2.693318468052894,10.669080074876547,True,
527,onnx_model_044,warmup,2.68751971046067,2.6879886467941105,2.6987590501084924,10.770403314381838,True,
528,onnx_model_020,warmup,2.691238241843356,2.692402427084744,2.703144345898181,10.741918813437223,True,
529,onnx_model_073,warmup,2.6941841950326153,2.6945149819366634,2.705308598931879,10.793616995215416,True,
530,onnx_model_092,warmup,2.6953034250976384,2.695822938811034,2.7065756279043853,10.752689093351364,True,
531,onnx_model_061,warmup,2.7044905129884347,2.7053947229869664,2.7164018861949444,11.00716320797801,True,
532,onnx_model_095,warmup,2.7094876442833487,2.7097327588126063,2.7205784958787262,10.84573706611991,True,
533,onnx_model_023,warmup,2.71600064898354,2.716511555016041,2.727533576078713,11.022021062672138,True,
534,onnx_model_088,warmup,2.718369174089939,2.7189845060929656,2.730192040093243,11.20753400027752,True,
535,onnx_model_045,warmup,2.720507591524317,2.7207327890209854,2.7317293821834028,10.996593162417412,True,
536,onnx_model_033,warmup,2.721661639830063,2.7221700809895992,2.7331566349603236,10.986553970724344,True,
537,onnx_model_089,warmup,2.722521989241573,2.723620668053627,2.7344930949620903,10.87242690846324,True,
538,onnx_model_085,warmup,2.7257343189621697,2.726051618810743,2.7369782091118395,10.92659030109644,True,
539,onnx_model_090,warmup,2.729370037855256,2.729766590986401,2.740801447071135,11.034856084734201,True,
540,onnx_model_048,warmup,2.732776755836015,2.733249952085316,2.744268686976284,11.018734890967607,True,
541,onnx_model_048,warmup,2.741671299729398,2.7420320860110223,2.7443935950286686,2.3615090176463127,True,
542,onnx_model_040,warmup,2.7559575089113744,2.756610217038542,2.76762263989076,11.012422852218151,True,
543,onnx_model_039,warmup,2.762629230015897,2.763045218773186,2.7739556380547583,10.910419281572104,True,
544,onnx_model_021,warmup,2.792455172949385,2.7932661748491228,2.804428393021226,11.162218172103167,True,
545,onnx_model_049,warmup,2.8029733799864567,2.803837980143726,2.8152946080081165,11.456627864390612,True,
546,onnx_model_096,warmup,2.803432287559485,2.8040324300527573,2.8153881561011076,11.355726048350334,True,
547,onnx_model_036,warmup,2.820823472547139,2.8217242998071015,2.8328778711147606,11.15357130765915,True,
548,onnx_model_053,warmup,2.826097839193494,2.827314485795796,2.8384415870532393,11.127101257443428,True,
549,onnx_model_039,warmup,2.8341240500363036,2.835183674003929,2.846237505786121,11.053831782191992,True,
550,onnx_model_049,warmup,2.836815850692122,2.837744351942092,2.848951764870435,11.20741292834282,True,
551,onnx_model_047,warmup,2.838379644224517,2.8386189839802682,2.8497390118427575,11.120027862489223,True,
552,onnx_model_001,warmup,2.840043680494752,2.8411588221788406,2.8523212200962007,11.162397917360067,True,
553,onnx_model_082,warmup,2.8438650583549134,2.8447193899191916,2.8558360510505736,11.116661131381989,True,
554,onnx_model_096,warmup,2.848555093553516,2.849064168985933,2.8603671239688993,11.302954982966185,True,
555,onnx_model_049,warmup,2.857912866958575,2.859148769173771,2.870599824935198,11.451055761426687,True,
556,onnx_model_018,warmup,2.858040241303888,2.8593551511876285,2.870538399089128,11.183247901499271,True,
557,onnx_model_046,warmup,2.8660769658751355,2.8666714881546795,2.8778128158301115,11.141327675431967,True,
558,onnx_model_081,warmup,2.8715611213242043,2.8718723841011524,2.8829990751110017,11.12669100984931,True,
559,onnx_model_053,warmup,2.888120958897496,2.889315762091428,2.9007785711437464,11.462809052318335,True,
560,onnx_model_027,warmup,2.888875411970087,2.889525760896504,2.9009337960742414,11.408035177737474,True,
561,onnx_model_074,warmup,2.8891343304997363,2.889677839819342,2.900974493008107,11.296653188765049,True,
562,onnx_model_026,warmup,2.8919917160853115,2.8923650281503797,2.9034489071927965,11.083879042416811,True,
563,onnx_model_044,warmup,2.8969920367878763,2.897863340098411,2.9090270600281656,11.163719929754734,True,
564,onnx_model_044,warmup,2.901503898147741,2.9022040111012757,2.909066124819219,6.86211371794343,True,
565,onnx_model_076,warmup,2.9096238051632293,2.910285993013531,2.9215108398348093,11.224846821278334,True,
566,onnx_model_048,warmup,2.9105867047821574,2.9117476819083095,2.9229165418073535,11.168859899044037,True,
567,onnx_model_000,warmup,2.9180448272819337,2.9191960101015866,2.930326336994767,11.130326893180609,True,
568,onnx_model_010,warmup,2.9204713475012647,2.920723292976618,2.931950164027512,11.22687105089426,True,
569,onnx_model_011,warmup,2.929993594179338,2.9304532478563488,2.942858239170164,12.404991313815117,True,
570,onnx_model_099,warmup,2.936951402360177,2.938255289103836,2.9501515519805253,11.896262876689434,True,
571,onnx_model_027,warmup,2.9412319426723768,2.9421653519384563,2.9535840870812535,11.418735142797232,True,
572,onnx_model_012,warmup,2.9417878681658736,2.9423716040328145,2.9536364269442856,11.264822911471128,True,
573,onnx_model_096,warmup,2.947693515273134,2.9481608481146395,2.9592542350292206,11.09338691458106,True,
574,onnx_model_020,warmup,2.948727092129663,2.9497400298714638,2.9608021080493927,11.062078177928925,True,
575,onnx_model_062,warmup,2.9507409693358944,2.951478413771838,2.962813461199403,11.33504742756486,True,
576,onnx_model_026,warmup,2.951705275501014,2.952020936179906,2.962971581146121,10.950644966214895,True,
577,onnx_model_053,warmup,2.961073929356597,2.962112057954073,2.973598752170801,11.48669421672821,True,
578,onnx_model_019,warmup,2.961075081540825,2.96230038581416,2.973651031963527,11.350646149367094,True,
579,onnx_model_092,warmup,2.9685064586480774,2.9692691918462515,2.98040519002825,11.13599818199873,True,
580,onnx_model_071,warmup,2.9691558591206157,2.969686205033213,2.9806012329645455,10.915027931332588,True,
581,onnx_model_024,warmup,2.981843211806674,2.9829083578661084,2.9940684819594026,11.160124093294144,True,
582,onnx_model_002,warmup,2.98822921476545,2.989465923048556,3.0010664141736925,11.600491125136614,True,
583,onnx_model_026,warmup,2.999890548606852,3.000416419003159,3.011829623952508,11.413204949349165,True,
584,onnx_model_084,warmup,3.00007068318327,3.0006054379045963,3.0117767928168178,11.171354912221432,True,
585,onnx_model_092,warmup,3.001768375734905,3.0023802421055734,3.013455464038998,11.075221933424473,True,
586,onnx_model_037,warmup,3.008274115226585,3.0089249019511044,3.0200591068714857,11.134204920381308,True,
587,onnx_model_035,warmup,3.0139165110156334,3.0147641520015895,3.0259174131788313,11.153261177241802,True,
588,onnx_model_024,warmup,3.0140410138528653,3.0149536221288145,3.026063319761306,11.109697632491589,True,
589,onnx_model_014,warmup,3.0194556826364787,3.0201702280901372,3.0314085111021996,11.238283012062311,True,
590,onnx_model_062,warmup,3.0349005557083175,3.035715437028557,3.046998104080558,11.282667052000761,True,
591,onnx_model_062,warmup,3.0412548056068807,3.0422603678889573,3.04705161601305,4.791248124092817,True,
592,onnx_model_053,warmup,3.0495254111779273,3.0503726387396455,3.061833744868636,11.46110612899065,True,
593,onnx_model_072,warmup,3.061477503472061,3.0620141280815005,3.073137290775776,11.12316269427538,True,
594,onnx_model_066,warmup,3.062227918255721,3.062458762899041,3.0735026258043945,11.043862905353308,True,
595,onnx_model_030,warmup,3.070086026239675,3.070991601794958,3.082008623983711,11.01702218875289,True,
596,onnx_model_071,warmup,3.075615610324253,3.07674902677536,3.087833086028695,11.084059253334999,True,
597,onnx_model_014,warmup,3.0915208059056436,3.0920589989982545,3.103263266850263,11.204267852008343,True,
598,onnx_model_016,warmup,3.0998913867296687,3.101432566996664,3.1126421447843313,11.209577787667513,True,
599,onnx_model_057,warmup,3.1070976344876162,3.1075812350027263,3.1191644319333136,11.583196930587292,True,
600,onnx_model_065,warmup,3.1071530772926934,3.1077687409706414,3.1192163308151066,11.447589844465256,True,
601,onnx_model_034,warmup,3.1073370279613877,3.107920349109918,3.1196975260972977,11.77717698737979,True,
602,onnx_model_037,warmup,3.1165951941430645,3.1169515661895275,3.1280017709359527,11.050204746425152,True,
603,onnx_model_049,warmup,3.118756169692852,3.1193204591982067,3.130435005761683,11.114546563476324,True,
604,onnx_model_033,warmup,3.120337337467179,3.1209982777945697,3.132199660874903,11.201383080333471,True,
605,onnx_model_078,warmup,3.1280933248108953,3.129237159155309,3.1403516568243504,11.114497669041157,True,
606,onnx_model_078,warmup,3.1318503072582957,3.132297857198864,3.1404864131473005,8.18855594843626,True,
607,onnx_model_092,warmup,3.141740608290342,3.142709508072585,3.1536667170003057,10.957208927720785,True,
608,onnx_model_025,warmup,3.142715955442742,3.14307464286685,3.154041178058833,10.966535191982985,True,
609,onnx_model_019,warmup,3.1450960862267303,3.145514079835266,3.1564332959242165,10.919216088950634,True,
610,onnx_model_009,warmup,3.1456969914698223,3.1458781519904733,3.1568208620883524,10.942710097879171,True,
611,onnx_model_082,warmup,3.1471906448090796,3.148314382880926,3.159469726961106,11.15534408017993,True,
612,onnx_model_043,warmup,3.1472677586460405,3.1485229190438986,3.1599373458884656,11.41442684456706,True,
613,onnx_model_001,warmup,3.1500572444496586,3.1510783969424665,3.162137899082154,11.059502139687538,True,
614,onnx_model_075,warmup,3.159163695310484,3.159582071006298,3.1705694161355495,10.98734512925148,True,
615,onnx_model_021,warmup,3.160585620362709,3.1611614427529275,3.172057915944606,10.896473191678524,True,
616,onnx_model_084,warmup,3.16464760088098,3.165384009014815,3.1762138358317316,10.829826816916466,True,
617,onnx_model_085,warmup,3.1767736266267055,3.177459754049778,3.1883037467487156,10.843992698937654,True,
618,onnx_model_031,warmup,3.1944888412222285,3.195422067772597,3.206202520057559,10.780452284961939,True,
619,onnx_model_009,warmup,3.1978875281376022,3.198705499060452,3.2094771950505674,10.771695990115404,True,
620,onnx_model_071,warmup,3.2108142487186506,3.211680351756513,3.2224323311820626,10.751979425549507,True,
621,onnx_model_049,warmup,3.2211051234664727,3.222023923881352,3.232948170043528,10.924246162176132,True,
622,onnx_model_019,warmup,3.222818830034947,3.223629465792328,3.234466045163572,10.836579371243715,True,
623,onnx_model_017,warmup,3.2282981925574696,3.2289729127660394,3.2402090919204056,11.236179154366255,True,
624,onnx_model_034,warmup,3.2333873386258545,3.2341475198045373,3.2451676968485117,11.0201770439744,True,
625,onnx_model_093,warmup,3.239211363805464,3.2396737039089203,3.2509397589601576,11.266055051237345,True,
626,onnx_model_019,warmup,3.2392459988755093,3.239797219168395,3.251026543788612,11.229324620217085,True,
627,onnx_model_099,warmup,3.2393427690893546,3.239887530915439,3.2509914180263877,11.103887110948563,True,
628,onnx_model_077,warmup,3.2427072545300604,3.243419174104929,3.254236375913024,10.817201808094978,True,
629,onnx_model_072,warmup,3.260491919076938,3.26153577119112,3.2725640540011227,11.028282810002565,True,
630,onnx_model_023,warmup,3.2701720231278726,3.2720697540789843,3.2831285959109664,11.058841831982136,True,
631,onnx_model_035,warmup,3.2750156900558225,3.275867202784866,3.287124061025679,11.256858240813017,True,
632,onnx_model_073,warmup,3.275412809239061,3.2760508321225643,3.2871790351346135,11.128203012049198,True,
633,onnx_model_053,warmup,3.2773076899233495,3.2777086128480732,3.288817670196295,11.10905734822154,True,
634,onnx_model_028,warmup,3.2939612191452374,3.295128826983273,3.306733204983175,11.604377999901772,True,
635,onnx_model_005,warmup,3.2945748678730737,3.2953168437816203,3.3067835411056876,11.466697324067354,True,
636,onnx_model_031,warmup,3.2950116135933913,3.2957887910306454,3.306880173739046,11.091382708400488,True,
637,onnx_model_019,warmup,3.3054970874156457,3.3062969050370157,3.3175140880048275,11.217182967811823,True,
638,onnx_model_053,warmup,3.3145469393526943,3.31518799578771,3.3263044669292867,11.116471141576767,True,
639,onnx_model_009,warmup,3.3275943508206507,3.328611572738737,3.3396940091624856,11.082436423748732,True,
640,onnx_model_093,warmup,3.3298653527874005,3.33015499683097,3.3414380541071296,11.283057276159525,True,
641,onnx_model_093,warmup,3.3398344407782394,3.340995221864432,3.352191303856671,11.19608199223876,True,
642,onnx_model_005,warmup,3.343386605962604,3.3437419440597296,3.355224640108645,11.482696048915386,True,
643,onnx_model_099,warmup,3.3482325846754986,3.3493003589101136,3.3604456949979067,11.145336087793112,True,
644,onnx_model_078,warmup,3.3546810309213093,3.3553556189872324,3.366634739097208,11.279120109975338,True,
645,onnx_model_087,warmup,3.354981758833524,3.3555444478988647,3.3666968778707087,11.152429971843958,True,
646,onnx_model_042,warmup,3.3669458218826858,3.367936343885958,3.3790182191878557,11.081875301897526,True,
647,onnx_model_092,warmup,3.3725100660169964,3.373430296778679,3.3843996981158853,10.969401337206364,True,
648,onnx_model_086,warmup,3.3737208995559995,3.3748808740638196,3.3859105999581516,11.029725894331932,True,
649,onnx_model_061,warmup,3.3815480276202026,3.3822505129501224,3.393228760920465,10.978247970342636,True,
650,onnx_model_039,warmup,3.3827246257760026,3.383726127911359,3.394616900011897,10.890772100538015,True,
651,onnx_model_040,warmup,3.3916458078826195,3.3921338599175215,3.403101357165724,10.967497248202562,True,
652,onnx_model_054,warmup,3.4140493603206465,3.415020904969424,3.4261799370869994,11.159032117575407,True,
653,onnx_model_027,warmup,3.4154104553189844,3.4165592188946903,3.427549860905856,10.990642011165619,True,
654,onnx_model_036,warmup,3.4187530591915007,3.4191009709611535,3.430091471876949,10.990500915795565,True,
655,onnx_model_096,warmup,3.42124932683225,3.4220321821048856,3.4330405578948557,11.00837578997016,True,
656,onnx_model_054,warmup,3.424184092921865,3.424520732834935,3.42631899099797,1.798258163034916,True,
657,onnx_model_011,warmup,3.44246608099176,3.44338148413226,3.4548321911133826,11.450706981122494,True,
658,onnx_model_078,warmup,3.444382941404096,3.4449256700463593,3.4559083958156407,10.982725769281387,True,
659,onnx_model_044,warmup,3.451596607831123,3.4524885057471693,3.463447337038815,10.958831291645765,True,
660,onnx_model_083,warmup,3.4529591549353533,3.454010989982635,3.4649526881985366,10.941698215901852,True,
661,onnx_model_056,warmup,3.453901060640839,3.454437891021371,3.465432750992477,10.994859971106052,True,
662,onnx_model_014,warmup,3.4713988545252894,3.4716640361584723,3.482777109835297,11.11307367682457,True,
663,onnx_model_022,warmup,3.47173763281917,3.472059437073767,3.4831529050134122,11.093467939645052,True,
664,onnx_model_049,warmup,3.4720221551290456,3.472431514877826,3.4833959471434355,10.964432265609503,True,
665,onnx_model_068,warmup,3.4780277357636753,3.478870084043592,3.489994919858873,11.124835815280676,True,
666,onnx_model_049,warmup,3.4845378531602975,3.485639460850507,3.4966768119484186,11.037351097911596,True,
667,onnx_model_016,warmup,3.4884124799920158,3.489097674842924,3.500534154009074,11.436479166150093,True,
668,onnx_model_027,warmup,3.4888671208172704,3.4892634698189795,3.5005741300992668,11.310660280287266,True,
669,onnx_model_030,warmup,3.488909446073691,3.489434475079179,3.5010392838157713,11.604808736592531,True,
670,onnx_model_007,warmup,3.4903359605532915,3.491220188792795,3.5022418699227273,11.021681129932404,True,
671,onnx_model_001,warmup,3.5002558871632887,3.5006844899617136,3.5116976341232657,11.01314416155219,True,
672,onnx_model_060,warmup,3.502806794040142,3.5034705251455307,3.514417674858123,10.947149712592363,True,
673,onnx_model_093,warmup,3.5067931415714506,3.507919942960143,3.5191506408154964,11.230697855353355,True,
674,onnx_model_048,warmup,3.5072535789606727,3.508082923013717,3.519291177857667,11.208254843950272,True,
675,onnx_model_014,warmup,3.5076471228600306,3.5082268370315433,3.519326064735651,11.099227704107761,True,
676,onnx_model_027,warmup,3.5206660380738666,3.521558628883213,3.5324862198904157,10.927591007202864,True,
677,onnx_model_038,warmup,3.523624712106088,3.524004768114537,3.535028322134167,11.023554019629955,True,
678,onnx_model_021,warmup,3.540288266236456,3.5412622918374836,3.552282731048763,11.020439211279154,True,
679,onnx_model_070,warmup,3.554642312509357,3.555536936968565,3.566820024047047,11.283087078481913,True,
680,onnx_model_032,warmup,3.5552107080787567,3.555703242775053,3.567279167007655,11.57592423260212,True,
681,onnx_model_005,warmup,3.557288876493415,3.5582270701415837,3.5695442729629576,11.31720282137394,True,
682,onnx_model_025,warmup,3.5578694748659614,3.558435366023332,3.569659572094679,11.224206071346998,True,
683,onnx_model_073,warmup,3.5662941719122183,3.566920654848218,3.5779908280819654,11.070173233747482,True,
684,onnx_model_021,warmup,3.5672804246861,3.5674502518959343,3.578420535195619,10.970283299684525,True,
685,onnx_model_016,warmup,3.572915018100284,3.5738790929317474,3.5847785309888422,10.899438057094812,True,
686,onnx_model_075,warmup,3.576912369014467,3.5773189910687506,3.588345611002296,11.02661993354559,True,
687,onnx_model_080,warmup,3.594101462417041,3.5945663158781826,3.6055376711301506,10.971355251967907,True,
688,onnx_model_027,warmup,3.6062068080508363,3.606755395885557,3.6178455469198525,11.090151034295559,True,
689,onnx_model_093,warmup,3.6220006400094458,3.6231581051833928,3.6344611910171807,11.303085833787918,True,
690,onnx_model_007,warmup,3.622651334557168,3.62336684204638,3.6345165157690644,11.149673722684383,True,
691,onnx_model_047,warmup,3.631005972596855,3.631984722800553,3.6433268929831684,11.342170182615519,True,
692,onnx_model_029,warmup,3.6317596743735083,3.6321751549839973,3.643463483080268,11.288328096270561,True,
693,onnx_model_011,warmup,3.637032794737528,3.6378147550858557,3.6488320780918,11.01732300594449,True,
694,onnx_model_060,warmup,3.638124418174297,3.6392973638139665,3.650299617089331,11.002253275364637,True,
695,onnx_model_003,warmup,3.6460131829095292,3.646694433875382,3.657664586789906,10.970152914524078,True,
696,onnx_model_008,warmup,3.652413992481544,3.653526520822197,3.664557890035212,11.031369213014841,True,
697,onnx_model_030,warmup,3.656228273812051,3.6569930310361087,3.6679974691942334,11.004438158124685,True,
698,onnx_model_049,warmup,3.662630049085121,3.662890189792961,3.673782013822347,10.891824029386044,True,
699,onnx_model_089,warmup,3.6656514298377054,3.666782720014453,3.677758953999728,10.97623398527503,True,
700,onnx_model_095,warmup,3.666794769450612,3.667148365173489,3.678046479821205,10.898114647716284,True,
701,onnx_model_045,warmup,3.673449949462745,3.673876774031669,3.6847439710982144,10.867197066545486,True,
702,onnx_model_003,warmup,3.675894819381743,3.676318865735084,3.6872389637865126,10.920098051428795,True,
703,onnx_model_023,warmup,3.6798071966296924,3.6802691649645567,3.6912614200264215,10.992255061864853,True,
704,onnx_model_055,warmup,3.687405536072053,3.6884642927907407,3.6993856327608228,10.921339970082045,True,
705,onnx_model_060,warmup,3.7058327087030745,3.7066044048406184,3.7175338808447123,10.929476004093885,True,
706,onnx_model_091,warmup,3.7198952563932544,3.7207459257915616,3.7314518061466515,10.705880355089903,True,
707,onnx_model_039,warmup,3.725982796553832,3.7270797258242965,3.737970698159188,10.890972334891558,True,
708,onnx_model_074,warmup,3.7263759966748657,3.7271909969858825,3.7382429149001837,11.051917914301157,True,
709,onnx_model_075,warmup,3.7275886888719065,3.7285616928711534,3.7391797858290374,10.618092957884073,True,
710,onnx_model_031,warmup,3.7318778750738204,3.7326095569878817,3.743303544819355,10.69398783147335,True,
711,onnx_model_046,warmup,3.73469387988446,3.7349005918949842,3.745675563812256,10.774971917271614,True,
712,onnx_model_087,warmup,3.7377054071481983,3.7380292587913573,3.748678471893072,10.64921310171485,True,
713,onnx_model_088,warmup,3.7385207684500004,3.7392368451692164,3.749806627165526,10.569781996309757,True,
714,onnx_model_025,warmup,3.744453484834727,3.7454629098065197,3.7563489731401205,10.88606333360076,True,
715,onnx_model_069,warmup,3.748853691330307,3.7498624729923904,3.7604985907673836,10.636117774993181,True,
716,onnx_model_009,warmup,3.7512195685757694,3.752149108797312,3.762980808969587,10.831700172275305,True,
717,onnx_model_017,warmup,3.7518850487947377,3.7522460338659585,3.7629044940695167,10.658460203558207,True,
718,onnx_model_011,warmup,3.7533085892132805,3.753579148091376,3.7642137431539595,10.634595062583685,True,
719,onnx_model_088,warmup,3.755481393634618,3.7558561260811985,3.766512952744961,10.656826663762331,True,
720,onnx_model_003,warmup,3.7558111702756136,3.7560588610358536,3.7666753819212317,10.616520885378122,True,
721,onnx_model_059,warmup,3.762142185581561,3.7626521941274405,3.7733640358783305,10.711841750890017,True,
722,onnx_model_028,warmup,3.7648176851595205,3.7653852491639555,3.775991389993578,10.606140829622746,True,
723,onnx_model_021,warmup,3.7808479570526794,3.7812028457410634,3.7921961531974375,10.993307456374168,True,
724,onnx_model_067,warmup,3.7896407310745577,3.7915964229032397,3.8027048991061747,11.10847620293498,True,
725,onnx_model_074,warmup,3.7901597971302112,3.7916929670609534,3.802829516120255,11.136549059301615,True,
726,onnx_model_064,warmup,3.7977480979594866,3.7984353029169142,3.809381629806012,10.94632688909769,True,
727,onnx_model_031,warmup,3.80316561009037,3.804044926073402,3.815460084937513,11.415158864110708,True,
728,onnx_model_055,warmup,3.8061390186845223,3.8064767690375447,3.8173966859467328,10.919916909188032,True,
729,onnx_model_058,warmup,3.8138213530103537,3.8146316898055375,3.8260253379121423,11.393648106604815,True,
730,onnx_model_061,warmup,3.814127706742643,3.8147880169562995,3.8262200178578496,11.432000901550055,True,
731,onnx_model_047,warmup,3.8144654792213326,3.8149511669762433,3.82625982305035,11.308656074106693,True,
732,onnx_model_014,warmup,3.8212021803813925,3.8216305039823055,3.832703461870551,11.072957888245583,True,
733,onnx_model_041,warmup,3.822150271345762,3.8230578270740807,3.834301309194416,11.243482120335102,True,
734,onnx_model_067,warmup,3.8251212730458044,3.8254857920110226,3.836567436810583,11.081644799560308,True,
735,onnx_model_018,warmup,3.827038114097425,3.827479923143983,3.8385237958282232,11.043872684240341,True,
736,onnx_model_060,warmup,3.8283828041569463,3.8289061039686203,3.839914469048381,11.008365079760551,True,
737,onnx_model_040,warmup,3.833705964371287,3.8339238218031824,3.8448905679397285,10.966746136546135,True,
738,onnx_model_000,warmup,3.83629255919714,3.836663629859686,3.84760715207085,10.943522211164236,True,
739,onnx_model_099,warmup,3.8377661794810436,3.838110640179366,3.8489569379016757,10.846297722309828,True,
740,onnx_model_088,warmup,3.8423940166577917,3.8431380167603493,3.8540507098659873,10.912693105638027,True,
741,onnx_model_002,warmup,3.8462679635944528,3.8471136637963355,3.858069449197501,10.955785401165485,True,
742,onnx_model_004,warmup,3.8582622231998487,3.8593019121326506,3.8703689388930798,11.067026760429144,True,
743,onnx_model_005,warmup,3.871206025720482,3.871590199880302,3.8826345838606358,11.044383980333805,True,
744,onnx_model_023,warmup,3.8731659793198374,3.8740325127728283,3.884999118745327,10.966605972498655,True,
745,onnx_model_082,warmup,3.87448019954519,3.8754854551516473,3.886663301847875,11.177846696227789,True,
746,onnx_model_049,warmup,3.875198434757221,3.8756483141332865,3.8865363807417452,10.888066608458757,True,
747,onnx_model_018,warmup,3.8831153122979964,3.8838690710254014,3.894706942141056,10.837871115654707,True,
748,onnx_model_043,warmup,3.8844437224911745,3.885095973033458,3.8960014428012073,10.90546976774931,True,
749,onnx_model_073,warmup,3.885051860154713,3.8854705351404846,3.896319917868823,10.849382728338242,True,
750,onnx_model_008,warmup,3.891363773403481,3.8918840559199452,3.902754229027778,10.87017310783267,True,
751,onnx_model_021,warmup,3.8979419131180104,3.8985513099469244,3.9095497359521687,10.998426005244255,True,
752,onnx_model_061,warmup,3.901556233110914,3.9020008370280266,3.913070267997682,11.069430969655514,True,
753,onnx_model_031,warmup,3.906370241533033,3.9069782881997526,3.9178763939999044,10.898105800151825,True,
754,onnx_model_010,warmup,3.9202083372613283,3.921115520875901,3.932172038126737,11.056517250835896,True,
755,onnx_model_064,warmup,3.9270965733790337,3.927574608940631,3.938588183838874,11.01357489824295,True,
756,onnx_model_071,warmup,3.9298956709348447,3.931014687754214,3.941996293142438,10.981605388224125,True,
757,onnx_model_045,warmup,3.9458871032864082,3.946216795127839,3.957258613780141,11.041818652302027,True,
758,onnx_model_076,warmup,3.9467991879729727,3.94768973486498,3.95876850374043,11.078768875449896,True,
759,onnx_model_074,warmup,3.9501962199916076,3.951139582786709,3.9624205860309303,11.28100324422121,True,
760,onnx_model_001,warmup,3.9508247108255743,3.951307591982186,3.962543138768524,11.235546786338091,True,
761,onnx_model_042,warmup,3.951144235762694,3.9516669451259077,3.963027779944241,11.360834818333387,True,
762,onnx_model_061,warmup,3.960582536004738,3.9609915697947145,3.9720900268293917,11.098457034677267,True,
763,onnx_model_045,warmup,3.962382753910559,3.9627121607773006,3.9737299638800323,11.017803102731705,True,
764,onnx_model_060,warmup,3.967789648270935,3.9682619399391115,3.979314539115876,11.052599176764488,True,
765,onnx_model_021,warmup,3.9717309517060646,3.9721856778487563,3.983257353771478,11.071675922721624,True,
766,onnx_model_016,warmup,3.9792278202061855,3.9794847229495645,3.990444586146623,10.95986319705844,True,
767,onnx_model_004,warmup,3.982736311211471,3.983368705958128,3.9943760191090405,11.007313150912523,True,
768,onnx_model_095,warmup,3.9839243470425862,3.984817539807409,3.9959448617883027,11.127321980893612,True,
769,onnx_model_029,warmup,3.9840634749858723,3.9849789370782673,3.996068235952407,11.089298874139786,True,
770,onnx_model_060,warmup,3.9967564366005006,3.9972876240499318,4.008379317820072,11.09169377014041,True,
771,onnx_model_013,warmup,4.006669955756817,4.007743048015982,4.018924673087895,11.181625071913004,True,
772,onnx_model_019,warmup,4.0086521927362435,4.009621638804674,4.020639061927795,11.017423123121262,True,
773,onnx_model_054,warmup,4.011343162556236,4.012062939815223,4.023079570848495,11.016631033271551,True,
774,onnx_model_017,warmup,4.013285020167686,4.014497748110443,4.025474022142589,10.976274032145739,True,
775,onnx_model_092,warmup,4.014977642726405,4.015936483163387,4.02685815282166,10.921669658273458,True,
776,onnx_model_050,warmup,4.018478721033411,4.019020725041628,4.029888533987105,10.867808945477009,True,
777,onnx_model_005,warmup,4.023017485865863,4.023238393012434,4.034213945735246,10.975552722811699,True,
778,onnx_model_098,warmup,4.030206388358795,4.031126616988331,4.042082793079317,10.956176090985537,True,
779,onnx_model_029,warmup,4.031987395336421,4.03257894795388,4.0436296639963984,11.050716042518616,True,
780,onnx_model_037,warmup,4.053140601118209,4.0538466651923954,4.064840031787753,10.993366595357656,True,
781,onnx_model_041,warmup,4.055506764513873,4.056286232080311,4.0673244637437165,11.038231663405895,True,
782,onnx_model_014,warmup,4.059850159249595,4.060736561194062,4.071756008081138,11.019446887075901,True,
783,onnx_model_023,warmup,4.0610013964451035,4.062166148796678,4.073183631990105,11.017483193427324,True,
784,onnx_model_058,warmup,4.0650933144297206,4.066058397758752,4.076986910775304,10.928513016551733,True,
785,onnx_model_053,warmup,4.068086068313986,4.068554922938347,4.079560263082385,11.0053401440382,True,
786,onnx_model_073,warmup,4.095793940252451,4.096818839199841,4.107856811024249,11.037971824407578,True,
787,onnx_model_088,warmup,4.097177363040688,4.098259376827627,4.109485886991024,11.226510163396597,True,
788,onnx_model_006,warmup,4.0980004840921325,4.098438447806984,4.109630151186138,11.191703379154205,True,
789,onnx_model_067,warmup,4.100530826986373,4.100982794072479,4.111879607196897,10.896813124418259,True,
790,onnx_model_079,warmup,4.10720760782625,4.107954245992005,4.1190718789584935,11.1176329664886,True,
791,onnx_model_002,warmup,4.112059237971294,4.113116559106857,4.124098223168403,10.981664061546326,True,
792,onnx_model_031,warmup,4.115793813784048,4.116648642811924,4.127671865746379,11.02322293445468,True,
793,onnx_model_022,warmup,4.120645970680427,4.12129993410781,4.1322857569903135,10.985822882503271,True,
794,onnx_model_061,warmup,4.131279574178935,4.131908710114658,4.142935120034963,11.026409920305014,True,
795,onnx_model_011,warmup,4.1360595877958515,4.136510868091136,4.147398814093322,10.887946002185345,True,
796,onnx_model_040,warmup,4.138446945291654,4.13894361210987,4.149932911153883,10.989299044013023,True,
797,onnx_model_025,warmup,4.157083810985184,4.158193483948708,4.169975019060075,11.781535111367702,True,
798,onnx_model_091,warmup,4.157366608473855,4.158383614849299,4.169499285053462,11.115670204162598,True,
799,onnx_model_013,warmup,4.159400807072557,4.159916217904538,4.170922580175102,11.00636227056384,True,
800,onnx_model_063,warmup,4.167916603462736,4.168377141002566,4.179499893914908,11.122752912342548,True,
801,onnx_model_007,warmup,4.168869711088069,4.1696198037825525,4.180618860758841,10.999056976288557,True,
802,onnx_model_093,warmup,4.169685697327763,4.170107109937817,4.180991529952735,10.88442001491785,True,
803,onnx_model_013,warmup,4.17020486841148,4.170479177031666,4.1813735361211,10.894359089434147,True,
804,onnx_model_015,warmup,4.1768996561539184,4.17714693211019,4.188115301076323,10.968368966132402,True,
805,onnx_model_080,warmup,4.177163025119316,4.17752674408257,4.188302597030997,10.7758529484272,True,
806,onnx_model_083,warmup,4.189889895149434,4.1905651381239295,4.201818638946861,11.253500822931528,True,
807,onnx_model_090,warmup,4.190011766767762,4.190731794107705,4.202275767922401,11.543973814696074,True,
808,onnx_model_017,warmup,4.20115034245704,4.201929729897529,4.212870556861162,10.940826963633299,True,
809,onnx_model_041,warmup,4.202045643115965,4.202422035858035,4.213308158796281,10.886122938245535,True,
810,onnx_model_015,warmup,4.207065471493434,4.207855513785034,4.218844722956419,10.989209171384573,True,
811,onnx_model_086,warmup,4.209091566764024,4.210288378875703,4.2212622188963,10.973840020596981,True,
812,onnx_model_099,warmup,4.214622177407853,4.215580307878554,4.226706356741488,11.126048862934113,True,
813,onnx_model_028,warmup,4.219437526193029,4.220064803026617,4.231046337168664,10.981534142047167,True,
814,onnx_model_099,warmup,4.2215529041329924,4.222479863092303,4.226815945934504,4.3360828422009945,True,
815,onnx_model_081,warmup,4.223077653427539,4.223915151786059,4.234861519187689,10.946367401629686,True,
816,onnx_model_044,warmup,4.232336568210575,4.233271717093885,4.244611312169582,11.339595075696707,True,
817,onnx_model_027,warmup,4.23250213963361,4.233449114020914,4.244484520982951,11.035406962037086,True,
818,onnx_model_044,warmup,4.23494058399838,4.236083150841296,4.244772668927908,8.689518086612225,True,
819,onnx_model_083,warmup,4.2390390680847805,4.2395227388478816,4.25048896484077,10.966225992888212,True,
820,onnx_model_054,warmup,4.2476492765448395,4.247990735806525,4.258864886127412,10.874150320887566,True,
821,onnx_model_012,warmup,4.2576138426747185,4.258649646770209,4.2694419817999005,10.792335029691458,True,
822,onnx_model_039,warmup,4.274477039172623,4.275592463091016,4.286388425156474,10.795962065458298,True,
823,onnx_model_083,warmup,4.2758077964382695,4.27687328774482,4.287737458944321,10.86417119950056,True,
824,onnx_model_046,warmup,4.276796417018892,4.276968908961862,4.2878076820634305,10.838773101568222,True,
825,onnx_model_089,warmup,4.2769393996162135,4.277225267142057,4.288069048896432,10.843781754374504,True,
826,onnx_model_077,warmup,4.279849860697525,4.280530348885804,4.291272548958659,10.742200072854757,True,
827,onnx_model_070,warmup,4.281047384569209,4.281835751142353,4.29266864201054,10.83289086818695,True,
828,onnx_model_022,warmup,4.2887103473108725,4.289218123070896,4.299976393114775,10.758270043879747,True,
829,onnx_model_058,warmup,4.295329900775168,4.295824971981347,4.3067032201215625,10.878248140215874,True,
830,onnx_model_016,warmup,4.297669364178944,4.298185910098255,4.3089123498648405,10.726439766585827,True,
831,onnx_model_002,warmup,4.312066915380133,4.313066957052797,4.32413000613451,11.063049081712961,True,
832,onnx_model_000,warmup,4.312276120108029,4.3131646127440035,4.324272566940635,11.107954196631908,True,
833,onnx_model_075,warmup,4.325688973152405,4.326489631086588,4.337595541961491,11.105910874903202,True,
834,onnx_model_046,warmup,4.3287878034868426,4.32991896988824,4.340905273798853,10.98630391061306,True,
835,onnx_model_063,warmup,4.335936389643786,4.336434785742313,4.347688157111406,11.253371369093657,True,
836,onnx_model_009,warmup,4.336031455026214,4.336619496811181,4.347751417197287,11.131920386105776,True,
837,onnx_model_067,warmup,4.337244167609527,4.337697416078299,4.348660063929856,10.96264785155654,True,
838,onnx_model_074,warmup,4.337668809233924,4.338064243085682,4.349194691050798,11.130447965115309,True,
839,onnx_model_031,warmup,4.338738817258163,4.339659836143255,4.350539025850594,10.87918970733881,True,
840,onnx_model_077,warmup,4.341729636807337,4.3421267149969935,4.353095174767077,10.968459770083427,True,
841,onnx_model_059,warmup,4.342551511499131,4.3436122089624405,4.354714022018015,11.101813055574894,True,
842,onnx_model_079,warmup,4.346622683601753,4.3471461068838835,4.358676595147699,11.530488263815641,True,
843,onnx_model_005,warmup,4.351078919096561,4.351757172029465,4.362841341178864,11.084169149398804,True,
844,onnx_model_078,warmup,4.352565684683234,4.353190957102925,4.364145460072905,10.95450296998024,True,
845,onnx_model_051,warmup,4.357473073256636,4.357938602101058,4.368956254795194,11.017652694135904,True,
846,onnx_model_054,warmup,4.35802326646215,4.358357027173042,4.369936226867139,11.579199694097042,True,
847,onnx_model_047,warmup,4.362548699636278,4.362935980781913,4.373876287136227,10.940306354314089,True,
848,onnx_model_012,warmup,4.368605261379992,4.369047739077359,4.381510187871754,12.462448794394732,True,
849,onnx_model_048,warmup,4.368706107604691,4.369226789101958,4.381576274055988,12.349484954029322,True,
850,onnx_model_065,warmup,4.368871482148258,4.369393906090409,4.381626388989389,12.232482898980379,True,
851,onnx_model_008,warmup,4.369268851625819,4.370029584970325,4.381670433096588,11.640848126262426,True,
852,onnx_model_050,warmup,4.37937608081492,4.380189547780901,4.391626717988402,11.437170207500458,True,
853,onnx_model_076,warmup,4.379448347812268,4.38044431200251,4.391756203956902,11.311891954392195,True,
854,onnx_model_014,warmup,4.379508398172491,4.380669769831002,4.391871242783964,11.201472952961922,True,
855,onnx_model_001,warmup,4.380176628881479,4.381788386963308,4.392647698987275,10.859312023967505,True,
856,onnx_model_056,warmup,4.389437766286555,4.390388755127788,4.401177864056081,10.78910892829299,True,
857,onnx_model_073,warmup,4.395748033256454,4.396877910010517,4.408022013027221,11.144103016704321,True,
858,onnx_model_038,warmup,4.396243424250257,4.397045859135687,4.408159183803946,11.113324668258429,True,
859,onnx_model_015,warmup,4.3973038547307635,4.397503389045596,4.408276456873864,10.773067828267813,True,
860,onnx_model_049,warmup,4.402472853264978,4.403424062766135,4.414382574148476,10.958511382341385,True,
861,onnx_model_079,warmup,4.402808452098661,4.4035869729705155,4.414883485995233,11.29651302471757,True,
862,onnx_model_079,warmup,4.406805692688736,4.407126842066646,4.4150202460587025,7.893403992056847,True,
863,onnx_model_015,warmup,4.4122159902955795,4.412501177750528,4.4234131197445095,10.9119419939816,True,
864,onnx_model_061,warmup,4.414318352826672,4.414560651872307,4.425237857736647,10.677205864340067,True,
865,onnx_model_066,warmup,4.423025593325141,4.423187030013651,4.43381180614233,10.624776128679514,True,
866,onnx_model_048,warmup,4.425316645203387,4.426397032104433,4.437177935149521,10.780903045088053,True,
867,onnx_model_058,warmup,4.431977602401017,4.432682919781655,4.443293259013444,10.610339231789112,True,
868,onnx_model_084,warmup,4.436319403735734,4.436966292094439,4.447626996785402,10.66070469096303,True,
869,onnx_model_070,warmup,4.443675250769604,4.44441895885393,4.4552756058983505,10.856647044420242,True,
870,onnx_model_092,warmup,4.450242180400505,4.450778848025948,4.461600338108838,10.821490082889795,True,
871,onnx_model_019,warmup,4.454176712314765,4.455061338841915,4.466043693944812,10.98235510289669,True,
872,onnx_model_015,warmup,4.465555463193242,4.465802396181971,4.476601173169911,10.798776987940073,True,
873,onnx_model_018,warmup,4.468417810231868,4.4692438170313835,4.480083181988448,10.83936495706439,True,
874,onnx_model_027,warmup,4.4878629175540485,4.488286335021257,4.4990875967778265,10.801261756569147,True,
875,onnx_model_095,warmup,4.495915264822732,4.496636337134987,4.507652496919036,11.016159784048796,True,
876,onnx_model_017,warmup,4.512821061336835,4.513855728786439,4.524821142200381,10.96541341394186,True,
877,onnx_model_018,warmup,4.515517963165154,4.516198902856559,4.527126824948937,10.92792209237814,True,
878,onnx_model_068,warmup,4.523573764679418,4.5245796628296375,4.535544024780393,10.96436195075512,True,
879,onnx_model_080,warmup,4.529100122562351,4.529402451124042,4.540506247896701,11.103796772658825,True,
880,onnx_model_009,warmup,4.539462334911235,4.539788492955267,4.550785948056728,10.997455101460218,True,
881,onnx_model_036,warmup,4.540165811625578,4.540591209195554,4.551588063128293,10.996853932738304,True,
882,onnx_model_017,warmup,4.552521928471217,4.552830975037068,4.563690186943859,10.859211906790733,True,
883,onnx_model_026,warmup,4.554485756198745,4.555254892911762,4.56623176811263,10.976875200867653,True,
884,onnx_model_062,warmup,4.561348818435315,4.561628167051822,4.572467921767384,10.839754715561867,True,
885,onnx_model_022,warmup,4.5637383579463116,4.56489082891494,4.575713512022048,10.822683107107878,True,
886,onnx_model_010,warmup,4.57131387344686,4.572533927857876,4.583388790953904,10.854863096028566,True,
887,onnx_model_062,warmup,4.578753878341066,4.579915569163859,4.5907485308125615,10.832961648702621,True,
888,onnx_model_083,warmup,4.587348977320967,4.587598584126681,4.598386059049517,10.787474922835827,True,
889,onnx_model_068,warmup,4.587709665329068,4.587840524036437,4.598702140152454,10.861616116017103,True,
890,onnx_model_051,warmup,4.602472516160327,4.602903375867754,4.613759322091937,10.855946224182844,True,
891,onnx_model_043,warmup,4.606603587319111,4.607247774023563,4.618169454857707,10.921680834144354,True,
892,onnx_model_076,warmup,4.610213264024049,4.610604303888977,4.621635403018445,11.031099129468203,True,
893,onnx_model_099,warmup,4.612074881121002,4.612949843052775,4.623778586741537,10.828743688762188,True,
894,onnx_model_083,warmup,4.614395437564789,4.6149695119820535,4.625749292783439,10.779780801385641,True,
895,onnx_model_051,warmup,4.620659247591994,4.621392570901662,4.6321655488573015,10.772977955639362,True,
896,onnx_model_004,warmup,4.622471778374687,4.6228335299529135,4.633748989086598,10.915459133684635,True,
897,onnx_model_049,warmup,4.629905757118928,4.630991206970066,4.641839649062604,10.84844209253788,True,
898,onnx_model_086,warmup,4.640693979945165,4.64099348988384,4.651958271861076,10.964781977236271,True,
899,onnx_model_097,warmup,4.641510653310752,4.641924330033362,4.652845488861203,10.921158827841282,True,
900,onnx_model_009,warmup,4.648033482127267,4.6483638398349285,4.659164710901678,10.800871066749096,True,
901,onnx_model_087,warmup,4.662700010488498,4.66345556685701,4.674650076776743,11.194509919732809,True,
902,onnx_model_083,warmup,4.66320154314492,4.663598889950663,4.674524919129908,10.926029179245234,True,
903,onnx_model_058,warmup,4.668977608430119,4.670094296801835,4.681227448862046,11.133152060210705,True,
904,onnx_model_097,warmup,4.669723907965683,4.670236787758768,4.681281020864844,11.044233106076717,True,
905,onnx_model_047,warmup,4.670917856955114,4.671738753095269,4.682489427737892,10.75067464262247,True,
906,onnx_model_096,warmup,4.672808135770316,4.673188618849963,4.684175693895668,10.987075045704842,True,
907,onnx_model_077,warmup,4.67679838069372,4.677949809003621,4.688687339890748,10.737530887126923,True,
908,onnx_model_049,warmup,4.68336852740883,4.68377206614241,4.694703675806522,10.93160966411233,True,
909,onnx_model_078,warmup,4.692797214669047,4.693990850821137,4.704897923860699,10.90707303956151,True,
910,onnx_model_067,warmup,4.692819300317131,4.694177586119622,4.705031317193061,10.853731073439121,True,
911,onnx_model_009,warmup,4.694361983721222,4.694804857950658,4.705522189848125,10.717331897467375,True,
912,onnx_model_011,warmup,4.701482075964399,4.702258876990527,4.712955068796873,10.696191806346178,True,
913,onnx_model_024,warmup,4.705143143616433,4.705618763808161,4.71635902998969,10.740266181528568,True,
914,onnx_model_087,warmup,4.714180638892275,4.715183495078236,4.725940752774477,10.75725769624114,True,
915,onnx_model_091,warmup,4.7165485081802165,4.71758203394711,4.728264099918306,10.682065971195698,True,
916,onnx_model_073,warmup,4.717655638794547,4.717944493051618,4.728593816049397,10.649322997778654,True,
917,onnx_model_018,warmup,4.718507781261383,4.719383479095995,4.730170793831348,10.787314735352993,True,
918,onnx_model_095,warmup,4.722925770842279,4.723827105015516,4.734452662989497,10.625557973980904,True,
919,onnx_model_059,warmup,4.723913007108906,4.7241838639602065,4.735033596865833,10.849732905626297,True,
920,onnx_model_062,warmup,4.72391382455662,4.724362213164568,4.735073011834174,10.710798669606447,True,
921,onnx_model_030,warmup,4.729450966333015,4.729810067918152,4.74051021784544,10.700149927288294,True,
922,onnx_model_057,warmup,4.736312122163924,4.73729242105037,4.747946823947132,10.654402896761894,True,
923,onnx_model_017,warmup,4.737961298382275,4.738744602072984,4.749416416976601,10.671814903616905,True,
924,onnx_model_097,warmup,4.74574820485394,4.7467347090132535,4.757471648976207,10.736939962953329,True,
925,onnx_model_068,warmup,4.747896344861019,4.7480938928201795,4.759125723037869,11.031830217689276,True,
926,onnx_model_067,warmup,4.748141053638575,4.748464076779783,4.75924406806007,10.779991280287504,True,
927,onnx_model_081,warmup,4.753190296584581,4.753643932752311,4.764409346971661,10.765414219349623,True,
928,onnx_model_056,warmup,4.753892720446758,4.7550789108499885,4.765797785948962,10.718875098973513,True,
929,onnx_model_070,warmup,4.757990133111978,4.758752152789384,4.76951848808676,10.766335297375917,True,
930,onnx_model_079,warmup,4.787204711248696,4.788768379949033,4.799733884166926,10.965504217892885,True,
931,onnx_model_035,warmup,4.787690390349697,4.788940045982599,4.799820427782834,10.880381800234318,True,
932,onnx_model_028,warmup,4.788016818474316,4.789085812866688,4.7998440228402615,10.758209973573685,True,
933,onnx_model_000,warmup,4.789905111682628,4.790708587970585,4.801418586168438,10.709998197853565,True,
934,onnx_model_061,warmup,4.790518585335612,4.790875174105167,4.801483990158886,10.608816053718328,True,
935,onnx_model_074,warmup,4.794565007310992,4.795391369145364,4.805982741992921,10.591372847557068,True,
936,onnx_model_090,warmup,4.798332916793763,4.7988269198685884,4.809320216067135,10.493296198546886,True,
937,onnx_model_075,warmup,4.803933914219656,4.804638215806335,4.815245368983597,10.607153177261353,True,
938,onnx_model_025,warmup,4.8040081202721785,4.804736101999879,4.815269425045699,10.533323045819998,True,
939,onnx_model_023,warmup,4.805665820849682,4.806039469782263,4.816494492813945,10.455023031681776,True,
940,onnx_model_059,warmup,4.80792254233834,4.808355291839689,4.818823500070721,10.468208231031895,True,
941,onnx_model_091,warmup,4.824695310559567,4.824978559743613,4.835521080065519,10.542520321905613,True,
942,onnx_model_004,warmup,4.829965521895976,4.830269627738744,4.840950380079448,10.680752340704203,True,
943,onnx_model_038,warmup,4.8401982548553875,4.840675567742437,4.851289974991232,10.614407248795033,True,
944,onnx_model_063,warmup,4.841094378041187,4.842113400809467,4.852686729747802,10.57332893833518,True,
945,onnx_model_089,warmup,4.845860843321615,4.848299950826913,4.858887335751206,10.587384924292564,True,
946,onnx_model_049,warmup,4.847721815147636,4.8483957829885185,4.858962038066238,10.566255077719688,True,
947,onnx_model_075,warmup,4.852109107405679,4.852432757150382,4.863024660851806,10.591903701424599,True,
948,onnx_model_060,warmup,4.855958585931639,4.856841086875647,4.867537830024958,10.69674314931035,True,
949,onnx_model_065,warmup,4.863624110297062,4.864162292797118,4.874775017146021,10.612724348902702,True,
950,onnx_model_073,warmup,4.864560488584504,4.865409914869815,4.876322567928582,10.912653058767319,True,
951,onnx_model_084,warmup,4.870519519898177,4.870757910888642,4.881521190050989,10.763279162347317,True,
952,onnx_model_029,warmup,4.8722586228515485,4.873191657010466,4.884070605970919,10.878948960453272,True,
953,onnx_model_004,warmup,4.875109409951343,4.8760192221961915,4.886891137808561,10.871915612369776,True,
954,onnx_model_003,warmup,4.886103310069113,4.886984074022621,4.89798683905974,11.002765037119389,True,
955,onnx_model_010,warmup,4.889503062630725,4.8904423280619085,4.901211719028652,10.76939096674323,True,
956,onnx_model_058,warmup,4.8952128619933335,4.895870255772024,4.906619247980416,10.748992208391428,True,
957,onnx_model_086,warmup,4.896380211482013,4.897307917941362,4.9083547671325505,11.046849191188812,True,
958,onnx_model_029,warmup,4.897144332594454,4.897490535862744,4.908490183763206,10.99964790046215,True,
959,onnx_model_014,warmup,4.898722934563072,4.899213961791247,4.910044097807258,10.830136016011238,True,
960,onnx_model_042,warmup,4.903127681884875,4.903451706748456,4.914381823968142,10.930117219686508,True,
961,onnx_model_089,warmup,4.903761819287611,4.904892776161432,4.915670183021575,10.777406860142946,True,
962,onnx_model_038,warmup,4.906537126552787,4.906762570142746,4.917666797991842,10.90422784909606,True,
963,onnx_model_066,warmup,4.912497364509172,4.913268446922302,4.924260370898992,10.991923976689577,True,
964,onnx_model_026,warmup,4.923041126787611,4.92388858506456,4.9348915298469365,11.00294478237629,True,
965,onnx_model_062,warmup,4.928711203241763,4.92949584312737,4.94048567302525,10.989829897880554,True,
966,onnx_model_021,warmup,4.928893178482997,4.9296633820049465,4.940987497102469,11.324115097522736,True,
967,onnx_model_002,warmup,4.931309414369654,4.932234168052673,4.943551831878722,11.317663826048374,True,
968,onnx_model_083,warmup,4.932077618045792,4.932445589918643,4.943439948838204,10.99435891956091,True,
969,onnx_model_049,warmup,4.933857271639794,4.9349904977716506,4.945911928080022,10.921430308371782,True,
970,onnx_model_012,warmup,4.935458304005141,4.9364498518407345,4.9476342420093715,11.184390168637037,True,
971,onnx_model_050,warmup,4.940411591977372,4.9406718169339,4.951614156831056,10.942339897155762,True,
972,onnx_model_010,warmup,4.943809475768378,4.944772582035512,4.955748114734888,10.975532699376345,True,
973,onnx_model_009,warmup,4.944856090115156,4.945136503782123,4.95594591088593,10.809407103806734,True,
974,onnx_model_064,warmup,4.951748413544358,4.952850277069956,4.96373609919101,10.885822121053934,True,
975,onnx_model_093,warmup,4.952737395596143,4.953204209916294,4.964000422041863,10.796212125569582,True,
976,onnx_model_094,warmup,4.956049643944594,4.957164858002216,4.967946903780103,10.782045777887106,True,
977,onnx_model_038,warmup,4.965399182379227,4.9662217241711915,4.977039106190205,10.817382019013166,True,
978,onnx_model_092,warmup,4.975507560624359,4.976168531924486,4.987066596746445,10.898064821958542,True,
979,onnx_model_098,warmup,4.9852649592063685,4.987161637749523,4.998096473980695,10.934836231172085,True,
980,onnx_model_045,warmup,4.991520431237202,4.992626306135207,5.003438598010689,10.812291875481606,True,
981,onnx_model_019,warmup,4.9939256729536945,4.9950610138475895,5.005885418970138,10.824405122548342,True,
982,onnx_model_050,measure,5.008344926344833,5.009105190169066,5.019960504025221,10.85531385615468,True,
983,onnx_model_025,measure,5.0122101245022606,5.012563042808324,5.02357042580843,11.00738300010562,True,
984,onnx_model_095,measure,5.021041961590066,5.022184321191162,5.033169962931424,10.985641740262508,True,
985,onnx_model_082,measure,5.022950716942004,5.023666949942708,5.034578871913254,10.911921970546246,True,
986,onnx_model_055,measure,5.027510990552556,5.028103934135288,5.038919743150473,10.81580901518464,True,
987,onnx_model_082,measure,5.047576888042245,5.049138196744025,5.060148385819048,11.010189075022936,True,
988,onnx_model_061,measure,5.053661959390049,5.054609887767583,5.065649522934109,11.03963516652584,True,
989,onnx_model_015,measure,5.056489774703158,5.057039265986532,5.068004258908331,10.964992921799421,True,
990,onnx_model_073,measure,5.062725730306493,5.0633933041244745,5.074193292763084,10.799988638609648,True,
991,onnx_model_083,measure,5.076360803233863,5.077446757815778,5.088288846891373,10.84208907559514,True,
992,onnx_model_069,measure,5.077460628620221,5.077805839944631,5.088777545839548,10.97170589491725,True,
993,onnx_model_036,measure,5.087653341063011,5.0884015508927405,5.099868488032371,11.466937139630318,True,
994,onnx_model_019,measure,5.089290363908398,5.0900071230717,5.101157167926431,11.150044854730368,True,
995,onnx_model_006,measure,5.089851413233714,5.09016685700044,5.101273328997195,11.106471996754408,True,
996,onnx_model_062,measure,5.094952306378236,5.095740471035242,5.1067149117589,10.974440723657608,True,
997,onnx_model_036,measure,5.098195360032493,5.099184338003397,5.110649120993912,11.464782990515232,True,
998,onnx_model_029,measure,5.098372549324668,5.099411849863827,5.110706369858235,11.294519994407892,True,
999,onnx_model_051,measure,5.11104825875894,5.111925977747887,5.123047257773578,11.121280025690794,True,
1000,onnx_model_061,measure,5.112239334192514,5.113389629870653,5.124315598979592,10.92596910893917,True,
1001,onnx_model_091,measure,5.113347389061325,5.113741097971797,5.1245455159805715,10.804418008774519,True,
1002,onnx_model_083,measure,5.117615857222412,5.11817114893347,5.129188120830804,11.01697189733386,True,
1003,onnx_model_051,measure,5.117814852316872,5.118351201061159,5.123181432951242,4.830231890082359,True,
1004,onnx_model_094,measure,5.118398203332671,5.11878139898181,5.12978758988902,11.006190907210112,True,
1005,onnx_model_044,measure,5.12939227896973,5.12988423416391,5.140903701074421,11.019466910511255,True,
1006,onnx_model_069,measure,5.134957637370381,5.135328041855246,5.1463152770884335,10.987235233187675,True,
1007,onnx_model_018,measure,5.135566555226122,5.136771605815738,5.147696882952005,10.925277136266232,True,
1008,onnx_model_081,measure,5.136890049060446,5.137129175942391,5.148060654755682,10.931478813290596,True,
1009,onnx_model_023,measure,5.158886047462739,5.159281013067812,5.170379390008748,11.09837694093585,True,
1010,onnx_model_030,measure,5.159213320839279,5.1596804219298065,5.170772667042911,11.092245113104582,True,
1011,onnx_model_022,measure,5.1618317607973605,5.1621103109791875,5.173050417099148,10.940106119960546,True,
1012,onnx_model_011,measure,5.162014592097871,5.1624764068983495,5.173500522971153,11.024116072803736,True,
1013,onnx_model_001,measure,5.164512144535832,5.164904742967337,5.1761390580795705,11.234315112233162,True,
1014,onnx_model_082,measure,5.167048575752039,5.167349330149591,5.178444149903953,11.094819754362106,True,
1015,onnx_model_082,measure,5.175350781874438,5.1757717798464,5.178568876814097,2.7970969676971436,True,
1016,onnx_model_045,measure,5.192162142773674,5.192799237091094,5.203965772874653,11.166535783559084,True,
1017,onnx_model_029,measure,5.192395168835484,5.192966824863106,5.204082835000008,11.116010136902332,True,
1018,onnx_model_085,measure,5.198112371339552,5.198487178888172,5.209512205794454,11.02502690628171,True,
1019,onnx_model_042,measure,5.199559294406973,5.199920624028891,5.211117827799171,11.197203770279884,True,
1020,onnx_model_006,measure,5.2003091337761145,5.201366561930627,5.2122784638777375,10.911901947110891,True,
1021,onnx_model_062,measure,5.20448974088604,5.205300529953092,5.2164407460950315,11.140216141939163,True,
1022,onnx_model_012,measure,5.210415811637473,5.210735170170665,5.221790716052055,11.055545881390572,True,
1023,onnx_model_060,measure,5.218520705784466,5.219667991157621,5.230896684806794,11.228693649172783,True,
1024,onnx_model_001,measure,5.219541895617409,5.219834106042981,5.2310281549580395,11.194048915058374,True,
1025,onnx_model_052,measure,5.221949575111375,5.223015633877367,5.234051341190934,11.0357073135674,True,
1026,onnx_model_020,measure,5.225968766224942,5.226483907084912,5.237578114960343,11.094207875430584,True,
1027,onnx_model_027,measure,5.249491317841434,5.249802772887051,5.260902010835707,11.099237948656082,True,
1028,onnx_model_018,measure,5.251739360704617,5.252248601987958,5.263292634859681,11.044032871723175,True,
1029,onnx_model_052,measure,5.255320325006454,5.2556977779604495,5.266612736042589,10.914958082139492,True,
1030,onnx_model_083,measure,5.255749363656922,5.2560516111552715,5.26688463287428,10.833021719008684,True,
1031,onnx_model_038,measure,5.260368084492468,5.2609997359104455,5.272122900001705,11.123164091259241,True,
1032,onnx_model_092,measure,5.260578348826873,5.261166472919285,5.272258418146521,11.091945227235556,True,
1033,onnx_model_097,measure,5.2616428673539515,5.262733763083816,5.273701020050794,10.967256966978312,True,
1034,onnx_model_035,measure,5.267805573425108,5.268103268928826,5.279099220875651,10.995951946824789,True,
1035,onnx_model_088,measure,5.276651554862306,5.276946719735861,5.287978999782354,11.032280046492815,True,
1036,onnx_model_008,measure,5.280328119023279,5.2813229681923985,5.292629980947822,11.307012755423784,True,
1037,onnx_model_035,measure,5.291888859714174,5.29222328774631,5.303260197862983,11.036910116672516,True,
1038,onnx_model_003,measure,5.295190833727393,5.29585597384721,5.306754339952022,10.89836610481143,True,
1039,onnx_model_080,measure,5.2992966563113635,5.3002984980121255,5.311414858791977,11.116360779851675,True,
1040,onnx_model_080,measure,5.301267581637923,5.301747331861407,5.312089330982417,10.341999121010303,True,
1041,onnx_model_065,measure,5.31085615321218,5.3115127347409725,5.322683217935264,11.170483194291592,True,
1042,onnx_model_013,measure,5.31094711562988,5.311677698045969,5.322793498169631,11.115800123661757,True,
1043,onnx_model_059,measure,5.316748258822579,5.317316867876798,5.328401238191873,11.08437031507492,True,
1044,onnx_model_087,measure,5.319147980692973,5.319784658960998,5.330851856153458,11.067197192460299,True,
1045,onnx_model_057,measure,5.325174078616943,5.326012576930225,5.337054986972362,11.042410042136908,True,
1046,onnx_model_043,measure,5.326427050872868,5.327463555149734,5.338645740877837,11.182185728102922,True,
1047,onnx_model_033,measure,5.326427194881883,5.327627937775105,5.338609762955457,10.981825180351734,True,
1048,onnx_model_078,measure,5.330433573510039,5.330944792833179,5.341698423959315,10.753631126135588,True,
1049,onnx_model_024,measure,5.332489719945253,5.333410940133035,5.34429388679564,10.882946662604809,True,
1050,onnx_model_038,measure,5.344750864163181,5.345422693062574,5.3565092771314085,11.086584068834782,True,
1051,onnx_model_050,measure,5.344952784921614,5.345526429824531,5.356471364852041,10.944935027509928,True,
1052,onnx_model_093,measure,5.346485620777418,5.346849504858255,5.357574372086674,10.724867228418589,True,
1053,onnx_model_056,measure,5.346901343175848,5.34705869294703,5.358042682055384,10.983989108353853,True,
1054,onnx_model_054,measure,5.350658303588318,5.351342766080052,5.362021103966981,10.678337886929512,True,
1055,onnx_model_012,measure,5.356722187738375,5.35764339286834,5.368491523899138,10.848131030797958,True,
1056,onnx_model_041,measure,5.357706587855949,5.357814648188651,5.368577437009662,10.762788821011782,True,
1057,onnx_model_008,measure,5.3760713322904,5.376728450879455,5.387536676134914,10.808225255459547,True,
1058,onnx_model_037,measure,5.383098374481278,5.38401344884187,5.394861428998411,10.84798015654087,True,
1059,onnx_model_065,measure,5.388476917230862,5.388688264880329,5.399672974832356,10.984709952026606,True,
1060,onnx_model_085,measure,5.389156862337818,5.389967677183449,5.400881181936711,10.913504753261805,True,
1061,onnx_model_093,measure,5.391551263535468,5.392242279835045,5.40313316276297,10.890882927924395,True,
1062,onnx_model_069,measure,5.398471478947738,5.39909856300801,5.410150221083313,11.05165807530284,True,
1063,onnx_model_054,measure,5.401357589477452,5.402097773738205,5.413087083958089,10.989310219883919,True,
1064,onnx_model_057,measure,5.404389913216172,5.4053670689463615,5.416694039944559,11.326970998197794,True,
1065,onnx_model_048,measure,5.40601380158664,5.406795815099031,5.417742323130369,10.946508031338453,True,
1066,onnx_model_084,measure,5.407120458390305,5.408215893898159,5.419347683899105,11.13179000094533,True,
1067,onnx_model_024,measure,5.41555193199341,5.416383178904653,5.427461547777057,11.078368872404099,True,
1068,onnx_model_044,measure,5.417876467484894,5.418971478939056,5.43002004083246,11.04856189340353,True,
1069,onnx_model_094,measure,5.421394576902425,5.422569178044796,5.433507841080427,10.93866303563118,True,
1070,onnx_model_063,measure,5.429412025706376,5.429680124856532,5.4408463798463345,11.166254989802837,True,
1071,onnx_model_046,measure,5.435998222774613,5.436818022746593,5.447885239962488,11.067217215895653,True,
1072,onnx_model_018,measure,5.436904605872963,5.437226108741015,5.448125336784869,10.899228043854237,True,
1073,onnx_model_098,measure,5.444747613271187,5.4450746779330075,5.456099504139274,11.02482620626688,True,
1074,onnx_model_010,measure,5.444790583246207,5.4452361250296235,5.456266230903566,11.030105873942375,True,
1075,onnx_model_095,measure,5.448103953842881,5.448273217771202,5.45928055094555,11.007333174347878,True,
1076,onnx_model_081,measure,5.454979245941622,5.45572897978127,5.47021796181798,14.488982036709785,True,
1077,onnx_model_069,measure,5.456615132225592,5.457480208948255,5.470109535846859,12.629326898604631,True,
1078,onnx_model_076,measure,5.459856289123669,5.460480291862041,5.471491451840848,11.011159978806973,True,
1079,onnx_model_073,measure,5.462874127849765,5.463919358793646,5.474853232968599,10.933874174952507,True,
1080,onnx_model_065,measure,5.472682199049982,5.473728975746781,5.484788728877902,11.059753131121397,True,
1081,onnx_model_063,measure,5.475463062198668,5.476074093021452,5.48765913490206,11.585041880607605,True,
1082,onnx_model_025,measure,5.478134089028112,5.478512487839907,5.489443997852504,10.931510012596846,True,
1083,onnx_model_015,measure,5.482281470643112,5.4829440717585385,5.4938712627626956,10.927191004157066,True,
1084,onnx_model_057,measure,5.486074093625221,5.487019748892635,5.498145638033748,11.125889141112566,True,
1085,onnx_model_077,measure,5.486419444060608,5.487201284151524,5.498251690063626,11.050405912101269,True,
1086,onnx_model_054,measure,5.498170649573256,5.498410801868886,5.509396434761584,10.98563289269805,True,
1087,onnx_model_095,measure,5.506216502105514,5.506858219858259,5.517936718184501,11.07849832624197,True,
1088,onnx_model_051,measure,5.506655383644293,5.507019465789199,5.518061506096274,11.042040307074785,True,
1089,onnx_model_009,measure,5.509184742947912,5.509495502803475,5.520393338054419,10.8978352509439,True,
1090,onnx_model_063,measure,5.509513252994166,5.509857601020485,5.520835267845541,10.977666825056076,True,
1091,onnx_model_082,measure,5.510728564172885,5.511286085937172,5.52214641077444,10.860324837267399,True,
1092,onnx_model_011,measure,5.514731887971158,5.515858067199588,5.5267193131148815,10.861245915293694,True,
1093,onnx_model_063,measure,5.52068010641689,5.520931630861014,5.531877176836133,10.945545975118876,True,
1094,onnx_model_024,measure,5.529265573781081,5.529938993044198,5.540939192753285,11.00019970908761,True,
1095,onnx_model_033,measure,5.537403575425417,5.538100606761873,5.548986500129104,10.885893367230892,True,
1096,onnx_model_085,measure,5.53915156867428,5.539567444939166,5.550460331141949,10.892886202782393,True,
1097,onnx_model_066,measure,5.54504209557398,5.546171728987247,5.557449887972325,11.278158985078335,True,
1098,onnx_model_067,measure,5.5454603569830825,5.546345800161362,5.557587849907577,11.242049746215343,True,
1099,onnx_model_055,measure,5.545884628160825,5.546500944998115,5.557625801768154,11.124856770038605,True,
1100,onnx_model_063,measure,5.56325598769078,5.563850915059447,5.574849771801382,10.998856741935015,True,
1101,onnx_model_090,measure,5.567782918448828,5.568296195007861,5.579306804109365,11.010609101504087,True,
1102,onnx_model_066,measure,5.576945612179116,5.578071636147797,5.589012654032558,10.941017884761095,True,
1103,onnx_model_022,measure,5.58809770162122,5.589108525775373,5.600125167053193,11.016641277819872,True,
1104,onnx_model_011,measure,5.603286062383356,5.60440678615123,5.615430880803615,11.02409465238452,True,
1105,onnx_model_075,measure,5.639669032948392,5.6407698867842555,5.652126605156809,11.356718372553587,True,
1106,onnx_model_081,measure,5.640041828487031,5.64095931686461,5.652266901917756,11.307585053145885,True,
1107,onnx_model_062,measure,5.651109619614207,5.651569656096399,5.663710734806955,12.14107871055603,True,
1108,onnx_model_096,measure,5.651207735443699,5.651760378852487,5.663235841784626,11.475462932139635,True,
1109,onnx_model_079,measure,5.662938719122826,5.663361561018974,5.674472190905362,11.110629886388779,True,
1110,onnx_model_018,measure,5.671528180311912,5.672016732860357,5.6829400467686355,10.923313908278942,True,
1111,onnx_model_081,measure,5.684130603977775,5.685099992901087,5.69588774908334,10.78775618225336,True,
1112,onnx_model_057,measure,5.686565174083726,5.687367503065616,5.698123498819768,10.755995754152536,True,
1113,onnx_model_010,measure,5.692050431613412,5.692616240121424,5.703468990046531,10.852749925106764,True,
1114,onnx_model_052,measure,5.692764438181993,5.693860584869981,5.704629785846919,10.76920097693801,True,
1115,onnx_model_025,measure,5.693715554793006,5.693941839970648,5.704687976744026,10.746136773377657,True,
1116,onnx_model_083,measure,5.702688590644509,5.703266454860568,5.714103173930198,10.836719069629908,True,
1117,onnx_model_095,measure,5.706409858794911,5.706821031868458,5.7176921758800745,10.871144011616707,True,
1118,onnx_model_020,measure,5.715992931920772,5.7163206888362765,5.72740045003593,11.079761199653149,True,
1119,onnx_model_002,measure,5.728537180601205,5.729632422793657,5.740624336991459,10.991914197802544,True,
1120,onnx_model_074,measure,5.732609719472492,5.7330776317976415,5.744196657091379,11.11902529373765,True,
1121,onnx_model_067,measure,5.734814253180858,5.735514333005995,5.74643870908767,10.924376081675291,True,
1122,onnx_model_087,measure,5.739538128609649,5.740031900815666,5.751080241985619,11.048341169953346,True,
1123,onnx_model_045,measure,5.742043885943,5.7428722297772765,5.753784792963415,10.912563186138868,True,
1124,onnx_model_014,measure,5.744533960043812,5.745435602031648,5.756407869048417,10.972267016768456,True,
1125,onnx_model_083,measure,5.749107131694062,5.749666124116629,5.760598865803331,10.932741686701775,True,
1126,onnx_model_073,measure,5.75466483848123,5.755004161037505,5.766455518081784,11.451357044279575,True,
1127,onnx_model_037,measure,5.7561169936598935,5.756504051852971,5.767449156846851,10.945104993879795,True,
1128,onnx_model_089,measure,5.7565165430070335,5.756919892970473,5.7679422637447715,11.022370774298906,True,
1129,onnx_model_095,measure,5.764859691697316,5.765844737179577,5.776928425766528,11.083688586950302,True,
1130,onnx_model_096,measure,5.765634031204328,5.766009841114283,5.777052883058786,11.043041944503784,True,
1131,onnx_model_020,measure,5.767381498807183,5.767589252907783,5.778528657741845,10.939404834061861,True,
1132,onnx_model_051,measure,5.7724054618283125,5.773167998064309,5.784005028195679,10.83703013136983,True,
1133,onnx_model_008,measure,5.773082795123577,5.773536819033325,5.784421890042722,10.885071009397507,True,
1134,onnx_model_024,measure,5.773949273947844,5.775008757133037,5.78579607186839,10.787314735352993,True,
1135,onnx_model_040,measure,5.77913823048775,5.779771861154586,5.790811685845256,11.039824690669775,True,
1136,onnx_model_013,measure,5.787694162870726,5.788013257086277,5.7990284147672355,11.01515768095851,True,
1137,onnx_model_022,measure,5.790932005974003,5.792047504801303,5.802907078061253,10.859573259949684,True,
1138,onnx_model_077,measure,5.7945878780530755,5.795529563911259,5.806568568106741,11.039004195481539,True,
1139,onnx_model_049,measure,5.795861487907726,5.797018934972584,5.808056787122041,11.03785214945674,True,
1140,onnx_model_049,measure,5.7960962566825565,5.797191724181175,5.808181773871183,10.990049690008163,True,
1141,onnx_model_059,measure,5.804996041802064,5.8061284511350095,5.817036645952612,10.908194817602634,True,
1142,onnx_model_050,measure,5.806227140014191,5.806664130184799,5.817524664103985,10.8605339191854,True,
1143,onnx_model_094,measure,5.811003192492217,5.811429136898369,5.822368712164462,10.939575266093016,True,
1144,onnx_model_078,measure,5.811213737570486,5.811593779828399,5.82249390007928,10.900120250880718,True,
1145,onnx_model_071,measure,5.820271443648476,5.820748130790889,5.831795230042189,11.047099251300097,True,
1146,onnx_model_026,measure,5.820479658764391,5.820911011192948,5.831918565090746,11.007553897798061,True,
1147,onnx_model_013,measure,5.827687634227973,5.828712870832533,5.839502770919353,10.789900086820126,True,
1148,onnx_model_085,measure,5.8319684438883534,5.833132872823626,5.843899047933519,10.766175109893084,True,
1149,onnx_model_062,measure,5.849313870695203,5.850115995854139,5.860885386820883,10.76939096674323,True,
1150,onnx_model_015,measure,5.852782284111187,5.853570192120969,5.864348719827831,10.778527706861496,True,
1151,onnx_model_056,measure,5.8581253251627885,5.859002236742526,5.869684012141079,10.681775398552418,True,
1152,onnx_model_039,measure,5.8618003514788395,5.862104664091021,5.872776099015027,10.671434924006462,True,
1153,onnx_model_031,measure,5.8847546031812525,5.884926706086844,5.895716114901006,10.789408814162016,True,
1154,onnx_model_036,measure,5.8934649112870146,5.895212578121573,5.906115151941776,10.902573820203543,True,
1155,onnx_model_005,measure,5.893564466976991,5.895307648926973,5.9061984098516405,10.89076092466712,True,
1156,onnx_model_081,measure,5.901175804357708,5.901880112010986,5.912633291911334,10.753179900348186,True,
1157,onnx_model_056,measure,5.915419303133369,5.915784531738609,5.926688238978386,10.90370723977685,True,
1158,onnx_model_061,measure,5.916400557784456,5.917065998073667,5.927715500816703,10.649502743035555,True,
1159,onnx_model_048,measure,5.923530362067492,5.924415809102356,5.935670732986182,11.25492388382554,True,
1160,onnx_model_098,measure,5.923665360428541,5.92452578805387,5.935621889773756,11.096101719886065,True,
1161,onnx_model_079,measure,5.9341822588861755,5.9350405051372945,5.946430656127632,11.390150990337133,True,
1162,onnx_model_048,measure,5.945662186137431,5.94598298612982,5.956991971936077,11.008985806256533,True,
1163,onnx_model_064,measure,5.9459315967965365,5.946531116962433,5.957401149906218,10.87003294378519,True,
1164,onnx_model_004,measure,5.9530621741483705,5.9539680439047515,5.965030170977116,11.062127072364092,True,
1165,onnx_model_040,measure,5.962191814511716,5.962698558811098,5.973778360988945,11.079802177846432,True,
1166,onnx_model_092,measure,5.969059632440259,5.970363278873265,5.981584598775953,11.221319902688265,True,
1167,onnx_model_076,measure,5.969450012108715,5.970553680788726,5.981638140976429,11.084460187703371,True,
1168,onnx_model_012,measure,5.974098339109321,5.975080125033855,5.98617541603744,11.095291003584862,True,
1169,onnx_model_089,measure,5.977079081000617,5.977636493742466,5.988603009842336,10.966516099870205,True,
1170,onnx_model_038,measure,5.98277950775474,5.983936841133982,5.994872568175197,10.935727041214705,True,
1171,onnx_model_007,measure,5.983984911105432,5.984354483895004,5.995260104071349,10.90562017634511,True,
1172,onnx_model_039,measure,5.996478988865795,5.997500402852893,6.0085153710097075,11.014968156814575,True,
1173,onnx_model_097,measure,6.003853751026165,6.0049880761653185,6.016190140042454,11.202063877135515,True,
1174,onnx_model_072,measure,6.003964650876946,6.005162788089365,6.016332019120455,11.169231031090021,True,
1175,onnx_model_025,measure,6.014557211394083,6.015819725114852,6.026877504773438,11.057779658585787,True,
1176,onnx_model_049,measure,6.024155596316035,6.024628529790789,6.035693342797458,11.064813006669283,True,
1177,onnx_model_063,measure,6.033255301735661,6.034182379953563,6.045209642034024,11.027262080460787,True,
1178,onnx_model_068,measure,6.036450817671622,6.036994786001742,6.047928148880601,10.933362878859043,True,
1179,onnx_model_060,measure,6.039039846115451,6.039541848003864,6.0504818628542125,10.940014850348234,True,
1180,onnx_model_021,measure,6.040584536514093,6.041022692807019,6.051959412172437,10.936719365417957,True,
1181,onnx_model_032,measure,6.042701997394565,6.043517714831978,6.054360316134989,10.842601303011179,True,
1182,onnx_model_079,measure,6.045263421251995,6.046456872019917,6.05726120993495,10.804337915033102,True,
1183,onnx_model_024,measure,6.047277539810189,6.048025324009359,6.058874877169728,10.849553160369396,True,
1184,onnx_model_014,measure,6.064134873516632,6.065094830933958,6.075987766962498,10.892936028540134,True,
1185,onnx_model_051,measure,6.0720670832484425,6.0725596798583865,6.083511537872255,10.951858013868332,True,
1186,onnx_model_045,measure,6.076491758749814,6.077212254051119,6.088105461094528,10.893207043409348,True,
1187,onnx_model_081,measure,6.084762996056509,6.085740013979375,6.097059941850603,11.319927871227264,True,
1188,onnx_model_044,measure,6.08555163249463,6.085903414990753,6.097003684844822,11.100269854068756,True,
1189,onnx_model_036,measure,6.087164822996529,6.087457318790257,6.098451205994934,10.993887204676867,True,
1190,onnx_model_040,measure,6.110960187207907,6.112745127175003,6.123875293880701,11.130166705697775,True,
1191,onnx_model_042,measure,6.120324850570239,6.1212889878079295,6.132423102855682,11.134115047752857,True,
1192,onnx_model_096,measure,6.1263306369263,6.127177490852773,6.138207448180765,11.029957327991724,True,
1193,onnx_model_099,measure,6.128644738502853,6.1297783949412405,6.140856362879276,11.077967938035727,True,
1194,onnx_model_053,measure,6.133315445174899,6.13371170219034,6.145081874914467,11.37017272412777,True,
1195,onnx_model_045,measure,6.133350524364088,6.133900611195713,6.145023284014314,11.122672818601131,True,
1196,onnx_model_078,measure,6.134429878973177,6.135485082864761,6.146707735024393,11.222652159631252,True,
1197,onnx_model_072,measure,6.135731132380088,6.1369315520860255,6.14779101498425,10.859462898224592,True,
1198,onnx_model_083,measure,6.139620210714003,6.140455971937627,6.15131503297016,10.859061032533646,True,
1199,onnx_model_039,measure,6.145742043324538,6.146355425938964,6.157385361846536,11.029935907572508,True,
1200,onnx_model_086,measure,6.1520082610258795,6.152569146826863,6.16353703616187,10.967889335006475,True,
1201,onnx_model_041,measure,6.159265405366486,6.159611242823303,6.170623255893588,11.01201307028532,True,
1202,onnx_model_028,measure,6.164144381708202,6.164758226834238,6.175822137854993,11.063911020755768,True,
1203,onnx_model_094,measure,6.173814647864407,6.174847384914756,6.185933257918805,11.085873004049063,True,
1204,onnx_model_013,measure,6.177493721403835,6.178045675158501,6.189100367948413,11.054692789912224,True,
1205,onnx_model_089,measure,6.186234187394339,6.187149529810995,6.198147154878825,10.997625067830086,True,
1206,onnx_model_064,measure,6.189683064756057,6.190322311129421,6.201546846888959,11.224535759538412,True,
1207,onnx_model_042,measure,6.189751089378377,6.190497473813593,6.2016620258800685,11.164552066475153,True,
1208,onnx_model_024,measure,6.194084235875323,6.195008919108659,6.206006744876504,10.997825767844915,True,
1209,onnx_model_057,measure,6.194982559210597,6.195406495127827,6.206320131197572,10.913636069744825,True,
1210,onnx_model_004,measure,6.196124250244906,6.196844798978418,6.207840010058135,10.995211079716682,True,
1211,onnx_model_026,measure,6.208158643922703,6.209086589049548,6.220360118895769,11.273529846221209,True,
1212,onnx_model_076,measure,6.208273919660482,6.2092543579638,6.220610995776951,11.356637813150883,True,
1213,onnx_model_076,measure,6.208945502711883,6.209416385740042,6.220492519903928,11.076134163886309,True,
1214,onnx_model_037,measure,6.224231263344485,6.224833802785724,6.235840113833547,11.006311047822237,True,
1215,onnx_model_067,measure,6.234413481864474,6.23528106091544,6.24625405902043,10.972998104989529,True,
1216,onnx_model_013,measure,6.239131043801967,6.2400634521618485,6.2511464287526906,11.082976590842009,True,
1217,onnx_model_084,measure,6.239979829485787,6.240457741077989,6.251650357153267,11.192616075277328,True,
1218,onnx_model_045,measure,6.250528539337654,6.251243623904884,6.262476415839046,11.232791934162378,True,
1219,onnx_model_093,measure,6.258849334102509,6.259882534854114,6.270963878836483,11.081343982368708,True,
1220,onnx_model_045,measure,6.2602621177034825,6.261325136758387,6.262610430829227,1.285294070839882,True,
1221,onnx_model_028,measure,6.262988274497951,6.263831071089953,6.274768550880253,10.93747979030013,True,
1222,onnx_model_003,measure,6.2681897874107895,6.269276070874184,6.280262373853475,10.986302979290485,True,
1223,onnx_model_094,measure,6.271905114118644,6.2721858019940555,6.283247939776629,11.0621377825737,True,
1224,onnx_model_095,measure,6.275307313251679,6.275989993009716,6.2869583130814135,10.968320071697235,True,
1225,onnx_model_071,measure,6.279027252064635,6.279453897848725,6.290361711755395,10.907813906669617,True,
1226,onnx_model_019,measure,6.281354799165775,6.282491100952029,6.2933271690271795,10.836068075150251,True,
1227,onnx_model_088,measure,6.282514811053719,6.282858037855476,6.293833009898663,10.974972043186426,True,
1228,onnx_model_059,measure,6.284803633266312,6.28547662589699,6.296368259936571,10.891634039580822,True,
1229,onnx_model_069,measure,6.3011779165858535,6.30159362219274,6.312639188021421,11.045565828680992,True,
1230,onnx_model_029,measure,6.303659688112835,6.3040465149097145,6.314979747869074,10.933232959359884,True,
1231,onnx_model_004,measure,6.307845319158593,6.308489661198109,6.319464481901377,10.974820703268051,True,
1232,onnx_model_078,measure,6.308033760486988,6.308653903193772,6.319580954033881,10.927050840109587,True,
1233,onnx_model_013,measure,6.3108112373986325,6.311162110883743,6.322224949020892,11.06283813714981,True,
1234,onnx_model_072,measure,6.320765019876903,6.3218347379006445,6.332935438957065,11.100701056420803,True,
1235,onnx_model_076,measure,6.327132136041213,6.327465882059187,6.338607540819794,11.141658760607243,True,
1236,onnx_model_000,measure,6.33133859708553,6.331945616751909,6.343028094153851,11.082477401942015,True,
1237,onnx_model_000,measure,6.337478948628785,6.338172634132206,6.34349883813411,5.326204001903534,True,
1238,onnx_model_084,measure,6.339059374976221,6.3398382300511,6.351022500079125,11.184270028024912,True,
1239,onnx_model_076,measure,6.339353769502985,6.340003815013915,6.351155912969261,11.152097955346107,True,
1240,onnx_model_081,measure,6.342410714847428,6.343127713073045,6.354146177880466,11.018464807420969,True,
1241,onnx_model_019,measure,6.348571860530199,6.3497528857551515,6.36111937277019,11.366487015038729,True,
1242,onnx_model_099,measure,6.349456584755133,6.349948488175869,6.360975820105523,11.027331929653883,True,
1243,onnx_model_058,measure,6.359720803044622,6.360383894760162,6.371476740110666,11.092845350503922,True,
1244,onnx_model_091,measure,6.362530052056134,6.363362587057054,6.374674329068512,11.311742011457682,True,
1245,onnx_model_038,measure,6.362592403338428,6.36353456415236,6.374559349846095,11.024785693734884,True,
1246,onnx_model_099,measure,6.368580931110338,6.369051510002464,6.38000469096005,10.953180957585573,True,
1247,onnx_model_065,measure,6.371547541852933,6.372703020926565,6.383733267895877,11.03024696931243,True,
1248,onnx_model_063,measure,6.375058464344868,6.375892614014447,6.386935065034777,11.04245102033019,True,
1249,onnx_model_020,measure,6.380852689943549,6.381224750075489,6.392343676183373,11.118926107883453,True,
1250,onnx_model_049,measure,6.384781924178146,6.385956685058773,6.397205137182027,11.248452123254538,True,
1251,onnx_model_047,measure,6.3902861082515825,6.391161968931556,6.402354916092008,11.192947160452604,True,
1252,onnx_model_050,measure,6.395500605486349,6.396574628073722,6.407617849763483,11.043221689760685,True,
1253,onnx_model_047,measure,6.396454039430562,6.396738669835031,6.402404780033976,5.666110198944807,True,
1254,onnx_model_073,measure,6.3986128327454495,6.399447930045426,6.410256765782833,10.808835737407207,True,
1255,onnx_model_030,measure,6.401665382420854,6.401901864912361,6.412675603758544,10.773738846182823,True,
1256,onnx_model_081,measure,6.402460783652471,6.403627053834498,6.41439745714888,10.770403314381838,True,
1257,onnx_model_069,measure,6.4061663504664015,6.407024291809648,6.417688683141023,10.664391331374645,True,
1258,onnx_model_022,measure,6.424049662047816,6.424939115066081,6.435774400830269,10.835285764187574,True,
1259,onnx_model_054,measure,6.42554104783301,6.426313347183168,6.437064673751593,10.751326568424702,True,
1260,onnx_model_057,measure,6.428076940633717,6.428599081933498,6.43925396585837,10.654883924871683,True,
1261,onnx_model_003,measure,6.428921637046154,6.4298900961875916,6.440604482777417,10.714386589825153,True,
1262,onnx_model_091,measure,6.43373862579035,6.434166494756937,6.444823532830924,10.657038073986769,True,
1263,onnx_model_034,measure,6.45403956441826,6.454989636782557,6.465732086915523,10.742450132966042,True,
1264,onnx_model_052,measure,6.458438494667095,6.459277847781777,6.469957618974149,10.679771192371845,True,
1265,onnx_model_002,measure,6.4743018832631245,6.475167212076485,6.486249066889286,11.081854812800884,True,
1266,onnx_model_023,measure,6.485767208805745,6.486377861816436,6.497417796868831,11.039935052394867,True,
1267,onnx_model_079,measure,6.488525995505576,6.488906328100711,6.499797159805894,10.89083170518279,True,
1268,onnx_model_090,measure,6.4924757649989076,6.493392284959555,6.504404407925904,11.012122966349125,True,
1269,onnx_model_095,measure,6.496989269837396,6.497517627198249,6.508457882795483,10.940255597233772,True,
1270,onnx_model_091,measure,6.508749401643324,6.509699552785605,6.520741441752762,11.04188896715641,True,
1271,onnx_model_056,measure,6.508857956545554,6.5098656988702714,6.521012267097831,11.146568227559328,True,
1272,onnx_model_024,measure,6.514635032854839,6.5153984958305955,6.526281483005732,10.882987175136805,True,
1273,onnx_model_034,measure,6.519812398387279,6.520799261983484,6.5316334860399365,10.834224056452513,True,
1274,onnx_model_010,measure,6.527894732895481,6.528505980968475,6.5395919238217175,11.085942853242159,True,
1275,onnx_model_007,measure,6.528202928307314,6.528664432931691,6.540109818801284,11.445385869592428,True,
1276,onnx_model_014,measure,6.539423293399788,6.539769230876118,6.550707222893834,10.93799201771617,True,
1277,onnx_model_038,measure,6.5411125065964555,6.541365114971995,6.55221704300493,10.851928032934666,True,
1278,onnx_model_084,measure,6.548268671995429,6.548821749165654,6.559772995766252,10.951246600598097,True,
1279,onnx_model_005,measure,6.548998303631071,6.5491857109591365,6.560254720970988,11.069010011851788,True,
1280,onnx_model_001,measure,6.554066053680985,6.55445569800213,6.565452482085675,10.996784083545208,True,
1281,onnx_model_030,measure,6.557172264748054,6.557900265790522,6.569085367023945,11.185101233422756,True,
1282,onnx_model_092,measure,6.55943872586275,6.5598699897527695,6.570865340996534,10.995351243764162,True,
1283,onnx_model_016,measure,6.560350732250137,6.561488796956837,6.572612983174622,11.124186217784882,True,
1284,onnx_model_051,measure,6.5610598218416385,6.561652998905629,6.5727424789220095,11.089480016380548,True,
1285,onnx_model_067,measure,6.567728036033096,6.568675738759339,6.579656961839646,10.981223080307245,True,
1286,onnx_model_094,measure,6.568641160402585,6.569178904872388,6.58022651495412,11.047610081732273,True,
1287,onnx_model_013,measure,6.570526522915785,6.57095890911296,6.581953677814454,10.99476870149374,True,
1288,onnx_model_042,measure,6.584842504759375,6.5851722857914865,6.59618583181873,11.013546027243137,True,
1289,onnx_model_017,measure,6.586317123220269,6.586634635925293,6.597772959154099,11.138323228806257,True,
1290,onnx_model_032,measure,6.587829559572433,6.588077548891306,6.599274232052267,11.196683160960674,True,
1291,onnx_model_024,measure,6.587830696178637,6.588241591118276,6.5994812860153615,11.239694897085428,True,
1292,onnx_model_044,measure,6.587893670593184,6.588409469928592,6.599518946837634,11.109476909041405,True,
1293,onnx_model_041,measure,6.594415514745328,6.595000167842954,6.605902420822531,10.902252979576588,True,
1294,onnx_model_037,measure,6.596661876820737,6.59741911618039,6.608272465877235,10.853349696844816,True,
1295,onnx_model_077,measure,6.603250783970535,6.603738978970796,6.614564246032387,10.825267061591148,True,
1296,onnx_model_052,measure,6.608289378550916,6.609482577070594,6.620409407187253,10.926830116659403,True,
1297,onnx_model_016,measure,6.610400159326375,6.610913447104394,6.621780123095959,10.866675991564989,True,
1298,onnx_model_012,measure,6.6149365186157905,6.615782391745597,6.626641422975808,10.859031230211258,True,
1299,onnx_model_054,measure,6.6185090747443285,6.619227881077677,6.630228050984442,11.000169906765223,True,
1300,onnx_model_087,measure,6.619076243035956,6.619410729035735,6.630370581988245,10.959852952510118,True,
1301,onnx_model_056,measure,6.622399171321938,6.6229950920678675,6.633755085989833,10.75999392196536,True,
1302,onnx_model_075,measure,6.627817423983138,6.6288623050786555,6.639615514781326,10.753209702670574,True,
1303,onnx_model_061,measure,6.6370663116254,6.637973974924535,6.648839337751269,10.865362826734781,True,
1304,onnx_model_029,measure,6.6406914594116,6.641838660929352,6.652701931074262,10.86327014490962,True,
1305,onnx_model_030,measure,6.642303016464659,6.643273449037224,6.654070812743157,10.797363705933094,True,
1306,onnx_model_093,measure,6.654059748020584,6.654216560069472,6.665091421920806,10.874861851334572,True,
1307,onnx_model_050,measure,6.654199956641004,6.654594297986478,6.665417681913823,10.823383927345276,True,
1308,onnx_model_090,measure,6.66078453823754,6.661038978025317,6.671855839900672,10.816861875355244,True,
1309,onnx_model_022,measure,6.670142160498901,6.670638234820217,6.681923716794699,11.285481974482536,True,
1310,onnx_model_022,measure,6.678577750996232,6.6790799321606755,6.681969864759594,2.8899325989186764,True,
1311,onnx_model_078,measure,6.681078484338868,6.681532624177635,6.692324427887797,10.79180371016264,True,
1312,onnx_model_020,measure,6.682117013310283,6.683191877789795,6.693942664191127,10.750786401331425,True,
1313,onnx_model_071,measure,6.68370747266197,6.684642755892128,6.695387770887464,10.745014995336533,True,
1314,onnx_model_052,measure,6.689326893651429,6.690084118861705,6.700838741846383,10.754622984677553,True,
1315,onnx_model_068,measure,6.697515658587364,6.698630664963275,6.709450381807983,10.819716844707727,True,
1316,onnx_model_090,measure,6.701318215312507,6.702068539801985,6.713118995074183,11.050455272197723,True,
1317,onnx_model_096,measure,6.701684592699842,6.702235887758434,6.713232981972396,10.997094213962555,True,
1318,onnx_model_070,measure,6.7021032259231745,6.702685121912509,6.713425297755748,10.74017584323883,True,
1319,onnx_model_060,measure,6.7101915377425945,6.710671262815595,6.721591409761459,10.920146945863962,True,
1320,onnx_model_046,measure,6.720767166167302,6.72170545719564,6.7326139928773046,10.908535681664944,True,
1321,onnx_model_062,measure,6.727498338711616,6.728164635132998,6.739128104876727,10.963469743728638,True,
1322,onnx_model_012,measure,6.728538961756029,6.729609452188015,6.74035724112764,10.747788939625025,True,
1323,onnx_model_042,measure,6.7407823420035875,6.741606737021357,6.752675427123904,11.068690102547407,True,
1324,onnx_model_092,measure,6.751025234631664,6.752062532119453,6.763102006167173,11.039474047720432,True,
1325,onnx_model_022,measure,6.753706210420153,6.754898862913251,6.765828649047762,10.929786134511232,True,
1326,onnx_model_060,measure,6.757885960141472,6.758357067126781,6.769212271086872,10.855203960090876,True,
1327,onnx_model_088,measure,6.759738481643916,6.760796222835779,6.7716892887838185,10.893065948039293,True,
1328,onnx_model_049,measure,6.780054968193162,6.781914276070893,6.7929896977730095,11.075421702116728,True,
1329,onnx_model_043,measure,6.7804493896662565,6.782081093173474,6.793097914196551,11.016821023076773,True,
1330,onnx_model_036,measure,6.790168685795751,6.790643037762493,6.801482000853866,10.838963091373444,True,
1331,onnx_model_094,measure,6.794374492139071,6.795315720140934,6.806188276968896,10.872556827962399,True,
1332,onnx_model_098,measure,6.79602156101201,6.796772408764809,6.808064584154636,11.292175389826298,True,
1333,onnx_model_001,measure,6.796122344905309,6.796933114062995,6.80796148814261,11.028374079614878,True,
1334,onnx_model_020,measure,6.801964813787704,6.802704745903611,6.813532397150993,10.827651247382164,True,
1335,onnx_model_077,measure,6.809238354022574,6.810292969923466,6.821295895148069,11.002925224602222,True,
1336,onnx_model_034,measure,6.824051633774762,6.824516877066344,6.835481348913163,10.964471846818924,True,
1337,onnx_model_075,measure,6.825278254451062,6.8259710017591715,6.8370818719267845,11.11087016761303,True,
1338,onnx_model_036,measure,6.826810785357286,6.827423121780157,6.838690990116447,11.267868336290121,True,
1339,onnx_model_087,measure,6.831640599465014,6.831910531967878,6.8432626710273325,11.352139059454203,True,
1340,onnx_model_061,measure,6.8374567929440415,6.838340283837169,6.849228240083903,10.887956246733665,True,
1341,onnx_model_001,measure,6.841723765354146,6.842950366903096,6.853889660909772,10.939294006675482,True,
1342,onnx_model_096,measure,6.849478548270928,6.850456133950502,6.861345033161342,10.888899210840464,True,
1343,onnx_model_036,measure,6.865994957865321,6.866566617973149,6.877618647180498,11.052029207348824,True,
1344,onnx_model_008,measure,6.8668538461515265,6.868004131130874,6.878959574736655,10.955443605780602,True,
1345,onnx_model_041,measure,6.870273269009472,6.871455060783774,6.882420022971928,10.964962188154459,True,
1346,onnx_model_099,measure,6.872743624345059,6.873892583884299,6.884738550055772,10.845966171473265,True,
1347,onnx_model_065,measure,6.874820869994207,6.875323753803968,6.886374760884792,11.051007080823183,True,
1348,onnx_model_051,measure,6.87986626428386,6.880199803039432,6.891164825763553,10.965022724121809,True,
1349,onnx_model_017,measure,6.882874234464186,6.88364142505452,6.894656183198094,11.014758143574,True,
1350,onnx_model_001,measure,6.8861577819490245,6.886470983736217,6.897292853798717,10.821870062500238,True,
1351,onnx_model_000,measure,6.90407696755449,6.9045140109956264,6.915505304001272,10.991293005645275,True,
1352,onnx_model_009,measure,6.907699638895164,6.907976592890918,6.91878453688696,10.807943996042013,True,
1353,onnx_model_094,measure,6.924873624779704,6.926019208971411,6.937137553934008,11.118344962596893,True,
1354,onnx_model_094,measure,6.929137839538619,6.929471701849252,6.937248063739389,7.776361890137196,True,
1355,onnx_model_048,measure,6.930130341558865,6.930901850108057,6.941869208123535,10.967358015477657,True,
1356,onnx_model_008,measure,6.935734627532129,6.936361899133772,6.947156589012593,10.794689878821373,True,
1357,onnx_model_081,measure,6.9406493453629245,6.941474969033152,6.95229441486299,10.819445829838514,True,
1358,onnx_model_032,measure,6.948343930313932,6.949314901139587,6.960196545813233,10.881644673645496,True,
1359,onnx_model_098,measure,6.948630757324727,6.949422916863114,6.960271698888391,10.848782025277615,True,
1360,onnx_model_065,measure,6.949678836994897,6.950749768875539,6.961554036010057,10.804267134517431,True,
1361,onnx_model_060,measure,6.95038384435152,6.9508471940644085,6.961619219742715,10.772025678306818,True,
1362,onnx_model_012,measure,6.957640172395351,6.958459533751011,6.969177618157119,10.718084406107664,True,
1363,onnx_model_041,measure,6.965179751277115,6.965767515823245,6.976445151958615,10.67763613536954,True,
1364,onnx_model_052,measure,6.9736179706649075,6.974351952783763,6.985097329132259,10.745376348495483,True,
1365,onnx_model_007,measure,6.978971157034814,6.979611179791391,6.990281642880291,10.67046308889985,True,
1366,onnx_model_059,measure,6.9826446292221735,6.98290513176471,6.993671205826104,10.766074061393738,True,
1367,onnx_model_095,measure,6.987661445378902,6.988249139860272,6.998879105783999,10.629965923726559,True,
1368,onnx_model_012,measure,7.003131607356136,7.004080242943019,7.01520525990054,11.125016957521439,True,
1369,onnx_model_068,measure,7.004605965353433,7.0053920559585094,7.016304709948599,10.912653990089893,True,
1370,onnx_model_004,measure,7.010539760829752,7.01172073604539,7.022967564873397,11.246828828006983,True,
1371,onnx_model_064,measure,7.0107294833171485,7.011833650991321,7.022830835077912,10.997184086591005,True,
1372,onnx_model_093,measure,7.014307449612609,7.015314728021622,7.026501452084631,11.186724063009024,True,
1373,onnx_model_022,measure,7.014586496197255,7.015517783816904,7.026634725742042,11.116941925138235,True,
1374,onnx_model_038,measure,7.018435082784557,7.019544547889382,7.030548104085028,11.003556195646524,True,
1375,onnx_model_026,measure,7.018872263664537,7.019713638816029,7.030720160808414,11.006521992385387,True,
1376,onnx_model_089,measure,7.020094697756291,7.02123005175963,7.032066320069134,10.836268309503794,True,
1377,onnx_model_052,measure,7.032544916120201,7.033284516073763,7.044218039140105,10.933523066341877,True,
1378,onnx_model_014,measure,7.033795922724486,7.0347382188774645,7.045750591903925,11.01237302646041,True,
1379,onnx_model_088,measure,7.036840152170071,7.037169239949435,7.048036647960544,10.867408011108637,True,
1380,onnx_model_069,measure,7.037134670562837,7.037528132088482,7.048388395924121,10.860263835638762,True,
1381,onnx_model_020,measure,7.042346875406693,7.0429484457708895,7.053783401846886,10.83495607599616,True,
1382,onnx_model_064,measure,7.045899717069519,7.046985048800707,7.057916617952287,10.931569151580334,True,
1383,onnx_model_053,measure,7.048614681462309,7.0496264598332345,7.060743362177163,11.116902343928814,True,
1384,onnx_model_043,measure,7.0493341978446775,7.049787575844675,7.0607805121690035,10.992936324328184,True,
1385,onnx_model_042,measure,7.0671893546040785,7.0679979510605335,7.079050761181861,11.052810121327639,True,
1386,onnx_model_026,measure,7.06867809944408,7.069441875908524,7.080365820787847,10.923944879323244,True,
1387,onnx_model_000,measure,7.06955581406366,7.069790589157492,7.08074075402692,10.950164869427681,True,
1388,onnx_model_067,measure,7.0698322899205905,7.07012515515089,7.080992252100259,10.867096949368715,True,
1389,onnx_model_003,measure,7.075261830857281,7.07556402310729,7.086483931168914,10.919908061623573,True,
1390,onnx_model_054,measure,7.078081537924221,7.079145030118525,7.090221855789423,11.07682567089796,True,
1391,onnx_model_063,measure,7.078182547561392,7.079305185005069,7.090372832957655,11.067647952586412,True,
1392,onnx_model_068,measure,7.079524577374154,7.079758686944842,7.090570018161088,10.81133121624589,True,
1393,onnx_model_095,measure,7.103924946307781,7.104807481169701,7.115786951966584,10.979470796883106,True,
1394,onnx_model_023,measure,7.107084227341509,7.108250997029245,7.119414737913758,11.163740884512663,True,
1395,onnx_model_001,measure,7.10847633086792,7.108617654070258,7.1195259490050375,10.908294934779406,True,
1396,onnx_model_007,measure,7.118733984547517,7.11900845495984,7.129965753760189,10.957298800349236,True,
1397,onnx_model_004,measure,7.119857544198203,7.120745426975191,7.131757249124348,11.011822149157524,True,
1398,onnx_model_053,measure,7.122806096425524,7.123192898929119,7.134076999034733,10.88410010561347,True,
1399,onnx_model_061,measure,7.1356893702156645,7.136300394777209,7.147195625118911,10.8952303417027,True,
1400,onnx_model_066,measure,7.137975355644009,7.138767024036497,7.149697862099856,10.93083806335926,True,
1401,onnx_model_033,measure,7.140138787181483,7.141200358979404,7.151979829184711,10.779470205307007,True,
1402,onnx_model_076,measure,7.143700053850907,7.144651519134641,7.155543693806976,10.892174672335386,True,
1403,onnx_model_011,measure,7.152722854891031,7.153200389817357,7.164082043804228,10.881653986871243,True,
1404,onnx_model_070,measure,7.157191300020619,7.157769093755633,7.168704721145332,10.93562738969922,True,
1405,onnx_model_091,measure,7.16409968054878,7.165308124851435,7.176306371111423,10.998246259987354,True,
1406,onnx_model_049,measure,7.164892248612796,7.165488667786121,7.177046176977456,11.557509191334248,True,
1407,onnx_model_086,measure,7.166787934904419,7.168006443884224,7.178757399786264,10.750955902040005,True,
1408,onnx_model_009,measure,7.170641060524535,7.170928367879242,7.181707858107984,10.779490228742361,True,
1409,onnx_model_006,measure,7.175201395428484,7.176422861870378,7.18763551581651,11.212653946131468,True,
1410,onnx_model_021,measure,7.175454016025928,7.176587143912911,7.187746677082032,11.15953316912055,True,
1411,onnx_model_001,measure,7.178853622549126,7.17997669801116,7.190834235865623,10.857537854462862,True,
1412,onnx_model_048,measure,7.18215609634963,7.182929260190576,7.193817135877907,10.887875687330961,True,
1413,onnx_model_074,measure,7.185771170657452,7.186392081901431,7.197284237015992,10.89215511456132,True,
1414,onnx_model_037,measure,7.187942879194581,7.188964631874114,7.199896181933582,10.931550059467554,True,
1415,onnx_model_051,measure,7.189318194115538,7.190442491788417,7.201302505098283,10.86001330986619,True,
1416,onnx_model_078,measure,7.195686210878329,7.196041394025087,7.206946572754532,10.905178729444742,True,
1417,onnx_model_026,measure,7.198843259658989,7.199508395045996,7.210481472779065,10.973077733069658,True,
1418,onnx_model_094,measure,7.2034913647659105,7.204519891180098,7.215547041967511,11.02715078741312,True,
1419,onnx_model_039,measure,7.2110899202804415,7.211698837112635,7.222583937924355,10.885100811719894,True,
1420,onnx_model_053,measure,7.214859037595819,7.215146420057863,7.226043243892491,10.896823834627867,True,
1421,onnx_model_041,measure,7.2167452384461575,7.217782481107861,7.228933657985181,11.151176877319813,True,
1422,onnx_model_096,measure,7.217529767827512,7.217946914024651,7.228799211792648,10.852297767996788,True,
1423,onnx_model_026,measure,7.21794212543064,7.218406728003174,7.229246212169528,10.839484166353941,True,
1424,onnx_model_030,measure,7.219727530528844,7.220856585074216,7.231887261848897,11.030676774680614,True,
1425,onnx_model_058,measure,7.21985031486653,7.221021518111229,7.231997542083263,10.976023972034454,True,
1426,onnx_model_083,measure,7.229273717682554,7.2294284789823,7.2403149819001555,10.886502917855978,True,
1427,onnx_model_012,measure,7.22967119597029,7.230870800092816,7.241806508041918,10.935707949101925,True,
1428,onnx_model_072,measure,7.237922835967883,7.238217344973236,7.24911204399541,10.894699022173882,True,
1429,onnx_model_042,measure,7.24404743489239,7.245028521865606,7.255946835968643,10.918314103037119,True,
1430,onnx_model_078,measure,7.260856406947905,7.261168601922691,7.272200632840395,11.032030917704105,True,
1431,onnx_model_041,measure,7.264134669330353,7.264634530059993,7.2757188198156655,11.084289755672216,True,
1432,onnx_model_088,measure,7.269927823252056,7.271077687852085,7.282657009083778,11.57932123169303,True,
1433,onnx_model_079,measure,7.270957425256917,7.271241548936814,7.282717023044825,11.47547410801053,True,
1434,onnx_model_072,measure,7.273346146574094,7.2744404301047325,7.285492198076099,11.051767971366644,True,
1435,onnx_model_087,measure,7.280891562757958,7.281960323918611,7.293086334131658,11.126010213047266,True,
1436,onnx_model_019,measure,7.281383744226164,7.282123695127666,7.2932140957564116,11.090400628745556,True,
1437,onnx_model_091,measure,7.282446725608712,7.282847912050784,7.2936650537885725,10.817141737788916,True,
1438,onnx_model_065,measure,7.287844711301356,7.288717539049685,7.29966431716457,10.946778114885092,True,
1439,onnx_model_019,measure,7.289260731805295,7.290161374025047,7.293391563929617,3.2301899045705795,True,
1440,onnx_model_022,measure,7.299556898943229,7.299811988137662,7.310744408983737,10.93242084607482,True,
1441,onnx_model_074,measure,7.3008068306771445,7.3012608820572495,7.312370670028031,11.109787970781326,True,
1442,onnx_model_018,measure,7.3046701052315015,7.3057468589395285,7.316617683041841,10.870824102312326,True,
1443,onnx_model_081,measure,7.311421003340874,7.311971771996468,7.323052424937487,11.080652941018343,True,
1444,onnx_model_000,measure,7.318637675741535,7.319837293121964,7.330857992172241,11.020699050277472,True,
1445,onnx_model_025,measure,7.324574588186437,7.325275429990143,7.3363052271306515,11.02979714050889,True,
1446,onnx_model_063,measure,7.3333562646420445,7.33408122882247,7.3450421541929245,10.960925370454788,True,
1447,onnx_model_093,measure,7.335862662302229,7.336416247766465,7.347678274847567,11.262027081102133,True,
1448,onnx_model_014,measure,7.34645716954822,7.347275639884174,7.358480559196323,11.204919312149286,True,
1449,onnx_model_033,measure,7.356320989103776,7.357906267046928,7.368893031962216,10.986764915287495,True,
1450,onnx_model_093,measure,7.361639641842556,7.3627039971761405,7.373627271037549,10.923273861408234,True,
1451,onnx_model_042,measure,7.36642388301064,7.367143284995109,7.378053985070437,10.91070007532835,True,
1452,onnx_model_064,measure,7.373576396616401,7.373787895776331,7.384799337014556,11.011441238224506,True,
1453,onnx_model_066,measure,7.3923637114280645,7.393018119968474,7.404021366033703,11.003246065229177,True,
1454,onnx_model_057,measure,7.401343570889601,7.403491397853941,7.414583884179592,11.092486325651407,True,
1455,onnx_model_035,measure,7.407387183516768,7.408243271056563,7.419257897883654,11.014626827090979,True,
1456,onnx_model_055,measure,7.413618887534352,7.414679795969278,7.425665087066591,10.985291097313166,True,
1457,onnx_model_068,measure,7.417604960247842,7.41817839583382,7.429273507092148,11.095111258327961,True,
1458,onnx_model_018,measure,7.422088974774653,7.42248810781166,7.433397937100381,10.909829288721085,True,
1459,onnx_model_063,measure,7.42476184116889,7.425760088022798,7.436720150988549,10.960062965750694,True,
1460,onnx_model_008,measure,7.429355039146879,7.430481403134763,7.44139806414023,10.916661005467176,True,
1461,onnx_model_090,measure,7.431117768035451,7.432048201095313,7.443025437183678,10.977236088365316,True,
1462,onnx_model_096,measure,7.445922832710117,7.446246659848839,7.457170624751598,10.923964902758598,True,
1463,onnx_model_066,measure,7.446967697288709,7.4477140991948545,7.458907776977867,11.19367778301239,True,
1464,onnx_model_051,measure,7.447535741800816,7.4478920781984925,7.458953172899783,11.06109470129013,True,
1465,onnx_model_080,measure,7.448340224795729,7.449411746114492,7.460466991178691,11.05524506419897,True,
1466,onnx_model_054,measure,7.453798555912687,7.454850294161588,7.4656804208643734,10.830126702785492,True,
1467,onnx_model_021,measure,7.455953140455915,7.456282356753945,7.467209797818214,10.92744106426835,True,
1468,onnx_model_063,measure,7.457798118004886,7.458403889089823,7.469272147864103,10.868258774280548,True,
1469,onnx_model_072,measure,7.476022455718843,7.476494085974991,7.487375120166689,10.881034191697836,True,
1470,onnx_model_040,measure,7.483650729631154,7.483940170146525,7.494716113898903,10.775943752378225,True,
1471,onnx_model_089,measure,7.495012350788806,7.495866551063955,7.5066507500596344,10.784198995679617,True,
1472,onnx_model_034,measure,7.496274172450938,7.497148206923157,7.5079450397752225,10.796832852065563,True,
1473,onnx_model_019,measure,7.496438925449983,7.4972434979863465,7.508013591170311,10.770093183964491,True,
1474,onnx_model_058,measure,7.529556684913445,7.530214240774512,7.5410097520798445,10.795511305332184,True,
1475,onnx_model_060,measure,7.530899720302485,7.531568604987115,7.542379765771329,10.811160784214735,True,
1476,onnx_model_086,measure,7.5461589666935955,7.546593194827437,7.557497553061694,10.904358234256506,True,
1477,onnx_model_009,measure,7.553993900388008,7.555024671833962,7.565958345774561,10.933673940598965,True,
1478,onnx_model_075,measure,7.564085352295758,7.56481025274843,7.575836583040655,11.026330292224884,True,
1479,onnx_model_087,measure,7.56701067608492,7.568280920851976,7.579245142173022,10.964221321046352,True,
1480,onnx_model_025,measure,7.5768028975926525,7.577132655773312,7.588189043104649,11.056387331336737,True,
1481,onnx_model_038,measure,7.581961282813176,7.582548210863024,7.593516048975289,10.967838112264872,True,
1482,onnx_model_095,measure,7.586551282281235,7.587080846074969,7.598088521044701,11.007674969732761,True,
1483,onnx_model_088,measure,7.587215626936815,7.587496516760439,7.598326692823321,10.830176062881947,True,
1484,onnx_model_027,measure,7.590238844647059,7.591508832760155,7.602726055774838,11.217223014682531,True,
1485,onnx_model_039,measure,7.590549384701454,7.591695888899267,7.602778646163642,11.082757264375687,True,
1486,onnx_model_050,measure,7.599943051644936,7.600634690839797,7.611637013964355,11.002323124557734,True,
1487,onnx_model_012,measure,7.606180985100354,7.607088848948479,7.618363379966468,11.27453101798892,True,
1488,onnx_model_013,measure,7.606683329273101,7.607271495740861,7.618487185798585,11.215690057724714,True,
1489,onnx_model_025,measure,7.613703599127051,7.614935975056142,7.6258704997599125,10.934524703770876,True,
1490,onnx_model_023,measure,7.618748903550292,7.619758682791144,7.6307168221101165,10.958139318972826,True,
1491,onnx_model_069,measure,7.622423843225574,7.623230481985956,7.634133256971836,10.90277498587966,True,
1492,onnx_model_082,measure,7.629195495616793,7.630102884955704,7.6409571981057525,10.854313150048256,True,
1493,onnx_model_087,measure,7.631514258950829,7.631938945967704,7.642711722757667,10.772776789963245,True,
1494,onnx_model_064,measure,7.633190317317098,7.634246943052858,7.645075526088476,10.828583035618067,True,
1495,onnx_model_058,measure,7.638223267086769,7.638714193832129,7.649679196998477,10.965003166347742,True,
1496,onnx_model_065,measure,7.648455401284273,7.649296349845827,7.6601124801672995,10.816130321472883,True,
1497,onnx_model_018,measure,7.654143723313842,7.654909729957581,7.666020719800144,11.110989842563868,True,
1498,onnx_model_007,measure,7.6542892261449405,7.655070324894041,7.66616089688614,11.090571992099285,True,
1499,onnx_model_011,measure,7.656284495305978,7.656596045009792,7.6676095710136,11.013526003807783,True,
1500,onnx_model_054,measure,7.660364531079726,7.661353197880089,7.6721435990184546,10.790401138365269,True,
1501,onnx_model_007,measure,7.6614482522583085,7.661712320987135,7.666252241004258,4.539920017123222,True,
1502,onnx_model_070,measure,7.672450353872051,7.673402140848339,7.684305837843567,10.903696995228529,True,
1503,onnx_model_077,measure,7.675387859490981,7.675855674780905,7.6867266590707,10.87098428979516,True,
1504,onnx_model_059,measure,7.682502574033497,7.683287852909416,7.694150380790234,10.862527880817652,True,
1505,onnx_model_060,measure,7.683766204477295,7.6844199248589575,7.695318771991879,10.898847132921219,True,
1506,onnx_model_078,measure,7.684587977384757,7.684789177030325,7.695648569148034,10.859392117708921,True,
1507,onnx_model_049,measure,7.688574028425753,7.688952791038901,7.6998361689038575,10.883377864956856,True,
1508,onnx_model_008,measure,7.6936637612402325,7.694247014820576,7.705053076148033,10.806061327457428,True,
1509,onnx_model_041,measure,7.696340878696831,7.696868217084557,7.707739592064172,10.871374979615211,True,
1510,onnx_model_050,measure,7.702379981326224,7.703060988802463,7.7140492158941925,10.988227091729641,True,
1511,onnx_model_085,measure,7.702912256632261,7.703222235199064,7.714167511090636,10.945275891572237,True,
1512,onnx_model_037,measure,7.722162926795591,7.722404127009213,7.733390600886196,10.986473876982927,True,
1513,onnx_model_077,measure,7.723069481274143,7.723849405068904,7.734875944908708,11.026539839804173,True,
1514,onnx_model_087,measure,7.7304109019831015,7.731295328121632,7.742570471018553,11.275142896920443,True,
1515,onnx_model_017,measure,7.730473336991511,7.731529182754457,7.74271428398788,11.185101233422756,True,
1516,onnx_model_087,measure,7.730950789998443,7.731677834875882,7.742753759026527,11.075924150645733,True,
1517,onnx_model_006,measure,7.739432226473294,7.740106065757573,7.7509798258543015,10.873760096728802,True,
1518,onnx_model_073,measure,7.754700688112499,7.755200027953833,7.766239191871136,11.039163917303085,True,
1519,onnx_model_065,measure,7.7638352287792065,7.765663987956941,7.776827278081328,11.163290124386549,True,
1520,onnx_model_046,measure,7.7704621473453575,7.7714755749329925,7.782500201836228,11.024626903235912,True,
1521,onnx_model_049,measure,7.779393893619053,7.780136940069497,7.791484288871288,11.347348801791668,True,
1522,onnx_model_087,measure,7.779583075802599,7.780326520092785,7.7915362380445,11.209717951714993,True,
1523,onnx_model_033,measure,7.791198068482774,7.791640475858003,7.8026142357848585,10.973759926855564,True,
1524,onnx_model_004,measure,7.793713319265837,7.794177589006722,7.80523561919108,11.058030184358358,True,
1525,onnx_model_087,measure,7.799191220262795,7.799746323842555,7.810609553940594,10.863230098038912,True,
1526,onnx_model_043,measure,7.800513293043713,7.801289417780936,7.812310887966305,11.021470185369253,True,
1527,onnx_model_020,measure,7.801272710363398,7.801742017734796,7.81264642579481,10.904408060014248,True,
1528,onnx_model_040,measure,7.80410998706402,7.804851037915796,7.815659402869642,10.80836495384574,True,
1529,onnx_model_006,measure,7.807637311167404,7.808477480895817,7.819360448047519,10.88296715170145,True,
1530,onnx_model_036,measure,7.8084218070205536,7.808844148181379,7.819696285761893,10.852137580513954,True,
1531,onnx_model_041,measure,7.8105536828405455,7.810758175794035,7.821531023830175,10.772848036140203,True,
1532,onnx_model_088,measure,7.810679854951918,7.811121988110244,7.8219757387414575,10.853750631213188,True,
1533,onnx_model_059,measure,7.8170461214040765,7.817881647031754,7.828659644816071,10.77799778431654,True,
1534,onnx_model_007,measure,7.830419815203743,7.830879633780569,7.84186625899747,10.986625216901302,True,
1535,onnx_model_004,measure,7.836165881694891,7.837381043005735,7.848317701835185,10.936658829450607,True,
1536,onnx_model_082,measure,7.840269696963,7.840828164946288,7.851803257130086,10.975092183798552,True,
1537,onnx_model_046,measure,7.851643427713916,7.851898628752679,7.862903787754476,11.005159001797438,True,
1538,onnx_model_081,measure,7.85358367433499,7.854355248156935,7.8653146009892225,10.95935283228755,True,
1539,onnx_model_067,measure,7.857097963899358,7.857793474104255,7.868720464874059,10.926990769803524,True,
1540,onnx_model_066,measure,7.857109793490843,7.857960450928658,7.868833850137889,10.873399209231138,True,
1541,onnx_model_000,measure,7.858121557252213,7.858420446049422,7.869200176093727,10.779730044305325,True,
1542,onnx_model_021,measure,7.875193523773691,7.8754327041096985,7.886296163778752,10.863459669053555,True,
1543,onnx_model_042,measure,7.8768053450458035,7.877877491060644,7.88877505576238,10.897564701735973,True,
1544,onnx_model_043,measure,7.882571607236461,7.883310638833791,7.894216720014811,10.906081181019545,True,
1545,onnx_model_017,measure,7.886587608364356,7.887483600992709,7.89845637883991,10.972777847200632,True,
1546,onnx_model_087,measure,7.889091313447335,7.889994693920016,7.900903198868036,10.908504948019981,True,
1547,onnx_model_033,measure,7.897820175964357,7.898550036828965,7.909457921050489,10.907884221524,True,
1548,onnx_model_032,measure,7.899578584086339,7.900006465148181,7.911098869983107,11.092404834926128,True,
1549,onnx_model_087,measure,7.901355488297592,7.9021293399855494,7.913112808018923,10.983468033373356,True,
1550,onnx_model_094,measure,7.901728661876274,7.902290346100926,7.9132879809476435,10.99763484671712,True,
1551,onnx_model_035,measure,7.907214471595103,7.90787601377815,7.918755103833973,10.879090055823326,True,
1552,onnx_model_037,measure,7.910013007501961,7.910691746044904,7.921700041741133,11.008295696228743,True,
1553,onnx_model_078,measure,7.913085420151046,7.913422987796366,7.9242652780376375,10.842290241271257,True,
1554,onnx_model_051,measure,7.919563456901441,7.919979640748352,7.9310610559768975,11.081415228545666,True,
1555,onnx_model_076,measure,7.9196774614344445,7.920142561197281,7.931204799097031,11.062237899750471,True,
1556,onnx_model_006,measure,7.924397708945377,7.9254877008497715,7.936516155023128,11.028454173356295,True,
1557,onnx_model_006,measure,7.932850301687871,7.9334396668709815,7.936645770911127,3.206104040145874,True,
1558,onnx_model_016,measure,7.953683649694319,7.9560163221322,7.967180302832276,11.163980700075626,True,
1559,onnx_model_027,measure,7.96941196709409,7.970506967045367,7.981705934740603,11.198967695236206,True,
1560,onnx_model_079,measure,7.978947148118321,7.981052312068641,7.992382789961994,11.330477893352509,True,
1561,onnx_model_004,measure,7.985469538125244,7.986016659066081,7.997065401170403,11.048742104321718,True,
1562,onnx_model_057,measure,7.99058301442728,7.991560086142272,8.002649394795299,11.08930865302682,True,
1563,onnx_model_025,measure,8.000716439645068,8.001388208009303,8.012557920068502,11.16971205919981,True,
1564,onnx_model_005,measure,8.01562567198993,8.016864014789462,8.027738044969738,10.87403018027544,True,
1565,onnx_model_065,measure,8.018632593473402,8.019424092024565,8.030363806057721,10.939714033156633,True,
1566,onnx_model_048,measure,8.025078723467443,8.025968031026423,8.036798156797886,10.830125771462917,True,
1567,onnx_model_048,measure,8.0344820602368,8.035567186772823,8.03682951675728,1.2623299844563007,True,
1568,onnx_model_019,measure,8.038337235403656,8.039031522814184,8.049908096902072,10.876574087888002,True,
1569,onnx_model_050,measure,8.04723977510376,8.049387226812541,8.060380613896996,10.993387084454298,True,
1570,onnx_model_097,measure,8.049411219986935,8.04962372686714,8.060486385133117,10.862658265978098,True,
1571,onnx_model_034,measure,8.051734234472375,8.052109671756625,8.063068924006075,10.959252249449492,True,
1572,onnx_model_050,measure,8.05382774917171,8.054452234879136,8.06042498908937,5.972754210233688,True,
1573,onnx_model_068,measure,8.055968397760925,8.056795769836754,8.067622399888933,10.826630052179098,True,
1574,onnx_model_023,measure,8.069581326437802,8.0698237339966,8.080717912875116,10.894178878515959,True,
1575,onnx_model_099,measure,8.070371838246341,8.071165835019201,8.082178098149598,11.012263130396605,True,
1576,onnx_model_053,measure,8.07599630784388,8.076507539022714,8.087306877132505,10.799338109791279,True,
1577,onnx_model_004,measure,8.076615446970958,8.076748758088797,8.08755529904738,10.806540958583355,True,
1578,onnx_model_050,measure,8.081532160854204,8.081927641760558,8.092898505739868,10.970863979309797,True,
1579,onnx_model_005,measure,8.084447065380086,8.085388000123203,8.096382408868521,10.994408745318651,True,
1580,onnx_model_084,measure,8.085554809777241,8.086791668087244,8.097846953198314,11.05528511106968,True,
1581,onnx_model_047,measure,8.089408423972683,8.089763387106359,8.100662524811924,10.899137705564499,True,
1582,onnx_model_036,measure,8.09783603390748,8.098020191770047,8.10902119288221,11.001001112163067,True,
1583,onnx_model_084,measure,8.098898683032363,8.099547265097499,8.110642153769732,11.094888672232628,True,
1584,onnx_model_035,measure,8.10326498095175,8.1038972530514,8.114800359122455,10.903106071054935,True,
1585,onnx_model_038,measure,8.10433728927643,8.10535993380472,8.116316650994122,10.956717189401388,True,
1586,onnx_model_096,measure,8.109137436077296,8.110242414753884,8.12124205287546,10.999638121575117,True,
1587,onnx_model_096,measure,8.11745400107952,8.118552270811051,8.121361290104687,2.8090192936360836,True,
1588,onnx_model_091,measure,8.12284388916022,8.12358022807166,8.134496567770839,10.916339699178934,True,
1589,onnx_model_080,measure,8.127989264302752,8.129024817142636,8.139914437197149,10.889620054513216,True,
1590,onnx_model_052,measure,8.129308522071645,8.130475535057485,8.141548613086343,11.073078028857708,True,
1591,onnx_model_044,measure,8.137338943664135,8.137719995807856,8.148715807124972,10.995811317116022,True,
1592,onnx_model_097,measure,8.140545005189583,8.141134345903993,8.152064573019743,10.930227115750313,True,
1593,onnx_model_049,measure,8.146889285237693,8.147777684032917,8.158727819100022,10.950135067105293,True,
1594,onnx_model_018,measure,8.147577925243844,8.14793892018497,8.158768265973777,10.829345788806677,True,
1595,onnx_model_020,measure,8.149446025717895,8.149938861839473,8.160856685135514,10.917823296040297,True,
1596,onnx_model_041,measure,8.150051710555324,8.150367467198521,8.161078547127545,10.711079929023981,True,
1597,onnx_model_037,measure,8.164407431425493,8.165302677080035,8.176573290955275,11.270613875240088,True,
1598,onnx_model_000,measure,8.164773709473737,8.165512134786695,8.176618265919387,11.106131132692099,True,
1599,onnx_model_097,measure,8.178708467653486,8.179845210164785,8.191163665149361,11.31845498457551,True,
1600,onnx_model_088,measure,8.17879330286645,8.180008600000292,8.19103661319241,11.028013192117214,True,
1601,onnx_model_041,measure,8.181493656888604,8.18252626573667,8.193326326087117,10.800060350447893,True,
1602,onnx_model_042,measure,8.188048661743384,8.188973451033235,8.200475995894521,11.502544861286879,True,
1603,onnx_model_082,measure,8.188491351952479,8.189137684181333,8.200431051198393,11.293367017060518,True,
1604,onnx_model_073,measure,8.195418933092258,8.196564271114767,8.207445583771914,10.881312657147646,True,
1605,onnx_model_059,measure,8.199585119113577,8.2000075657852,8.210939164739102,10.931598953902721,True,
1606,onnx_model_064,measure,8.211992980590198,8.213158323895186,8.22410888876766,10.950564872473478,True,
1607,onnx_model_017,measure,8.219659071012396,8.220611711964011,8.231438972987235,10.8272610232234,True,
1608,onnx_model_048,measure,8.237485788622664,8.238741163164377,8.249962103087455,11.220939923077822,True,
1609,onnx_model_004,measure,8.237589164639273,8.238930854015052,8.250472452957183,11.541598942130804,True,
1610,onnx_model_006,measure,8.242959183070797,8.243536648806185,8.255443962756544,11.907313950359821,True,
1611,onnx_model_030,measure,8.243161089728074,8.243723873980343,8.255394538864493,11.670664884150028,True,
1612,onnx_model_090,measure,8.249207752310642,8.250074095092714,8.261126364115626,11.052269022911787,True,
1613,onnx_model_091,measure,8.254171363376045,8.254726748913527,8.265897533856332,11.170784942805767,True,
1614,onnx_model_031,measure,8.254293571001805,8.254902232903987,8.266392895020545,11.49066211655736,True,
1615,onnx_model_050,measure,8.256229251992242,8.25667174719274,8.267649033106863,10.977285914123058,True,
1616,onnx_model_094,measure,8.262150318249939,8.263371000997722,8.274473565164953,11.102564167231321,True,
1617,onnx_model_052,measure,8.262887550597133,8.263539772015065,8.274607609957457,11.067837942391634,True,
1618,onnx_model_076,measure,8.265610716394635,8.265995129011571,8.276993795763701,10.998666752129793,True,
1619,onnx_model_080,measure,8.266309901137772,8.26657510176301,8.277641837950796,11.066736187785864,True,
1620,onnx_model_077,measure,8.272508754089621,8.27287575788796,8.283930622041225,11.054864153265953,True,
1621,onnx_model_070,measure,8.279057735443018,8.279885984025896,8.290894709993154,11.008725967258215,True,
1622,onnx_model_030,measure,8.280481556388493,8.281344595830888,8.292192345950752,10.84775011986494,True,
1623,onnx_model_014,measure,8.281988042741201,8.282784332986921,8.293685485143214,10.901152156293392,True,
1624,onnx_model_037,measure,8.283177876052246,8.284027705900371,8.29536730190739,11.339596007019281,True,
1625,onnx_model_056,measure,8.283760777882296,8.284188952762634,8.29541403008625,11.225077323615551,True,
1626,onnx_model_057,measure,8.285966070510913,8.286724713165313,8.297593162860721,10.868449695408344,True,
1627,onnx_model_023,measure,8.29426606093914,8.294920942746103,8.305795744992793,10.874802246689796,True,
1628,onnx_model_015,measure,8.296175812086492,8.296634810976684,8.307575136888772,10.940325912088156,True,
1629,onnx_model_074,measure,8.29794958028013,8.298811798915267,8.309701147954911,10.889349039644003,True,
1630,onnx_model_013,measure,8.301068308842083,8.302261415868998,8.31310804374516,10.846627876162529,True,
1631,onnx_model_057,measure,8.316123718211959,8.316362129990011,8.327368000056595,11.005870066583157,True,
1632,onnx_model_092,measure,8.323341602542376,8.323830346111208,8.334914666134864,11.084320023655891,True,
1633,onnx_model_057,measure,8.33105319294872,8.331610715016723,8.34266312373802,11.05240872129798,True,
1634,onnx_model_010,measure,8.33248260815061,8.333050361834466,8.344079276081175,11.028914246708155,True,
1635,onnx_model_021,measure,8.336523668107752,8.337154673878103,8.348217593040317,11.062919162213802,True,
1636,onnx_model_007,measure,8.339718435122332,8.340652402024716,8.351713077165186,11.060675140470266,True,
1637,onnx_model_006,measure,8.347481231269821,8.348314215894789,8.359418644104153,11.104428209364414,True,
1638,onnx_model_060,measure,8.349325229202936,8.349779351148754,8.360739245079458,10.959893930703402,True,
1639,onnx_model_039,measure,8.358365092421447,8.35893633775413,8.369906911160797,10.970573406666517,True,
1640,onnx_model_048,measure,8.360771428288995,8.36195615818724,8.373023965861648,11.067807674407959,True,
1641,onnx_model_061,measure,8.362200756879728,8.363407556898892,8.37432812480256,10.920567903667688,True,
1642,onnx_model_092,measure,8.365376907330221,8.365842885803431,8.376727134920657,10.884249117225409,True,
1643,onnx_model_051,measure,8.366736449026781,8.36727241287008,8.378710696008056,11.438283137977123,True,
1644,onnx_model_006,measure,8.377009534907446,8.377962613943964,8.389020684175193,11.058070231229067,True,
1645,onnx_model_013,measure,8.377954773624815,8.3783960477449,8.38934932788834,10.95328014343977,True,
1646,onnx_model_020,measure,8.378986988339149,8.37993843993172,8.390953638125211,11.015198193490505,True,
1647,onnx_model_002,measure,8.382710578669972,8.38339050207287,8.39437645394355,10.985951870679855,True,
1648,onnx_model_008,measure,8.384153922106846,8.384820680133998,8.395973609760404,11.152929626405239,True,
1649,onnx_model_047,measure,8.389973397685223,8.390567273832858,8.401566390879452,10.99911704659462,True,
1650,onnx_model_095,measure,8.392784203946391,8.393176482990384,8.404151636175811,10.975153185427189,True,
1651,onnx_model_065,measure,8.39501105011785,8.395597795955837,8.406663449946791,11.06565399095416,True,
1652,onnx_model_008,measure,8.39649991180767,8.397195794153959,8.408093619160354,10.897825006395578,True,
1653,onnx_model_068,measure,8.397199124546471,8.397575053852051,8.408341569826007,10.766515973955393,True,
1654,onnx_model_006,measure,8.40626662257176,8.406757830176502,8.417736669071019,10.97883889451623,True,
1655,onnx_model_089,measure,8.408271003657838,8.408489421010017,8.419417853932828,10.928432922810316,True,
1656,onnx_model_028,measure,8.411683159575938,8.41193002089858,8.422832896001637,10.90287510305643,True,
1657,onnx_model_063,measure,8.41439227185675,8.41537869675085,8.426161923911422,10.783227160573006,True,
1658,onnx_model_041,measure,8.434826230386248,8.436414854135364,8.4474858478643,11.070993728935719,True,
1659,onnx_model_023,measure,8.436341648843614,8.436801748815924,8.447870599105954,11.068850290030241,True,
1660,onnx_model_043,measure,8.440365850871162,8.441238893195987,8.452139825094491,10.900931898504496,True,
1661,onnx_model_095,measure,8.442152344476888,8.442691444884986,8.453664913773537,10.973468888550997,True,
1662,onnx_model_002,measure,8.454647635880534,8.454902306199074,8.465859313029796,10.957006830722094,True,
1663,onnx_model_041,measure,8.46085077230972,8.461360081098974,8.472404303960502,11.044222861528397,True,
1664,onnx_model_058,measure,8.46807336530557,8.4690803559497,8.480207456741482,11.12710079178214,True,
1665,onnx_model_056,measure,8.471812085261567,8.472501148935407,8.483552034944296,11.050886008888483,True,
1666,onnx_model_030,measure,8.473073930260242,8.473941966891289,8.48487772513181,10.935758240520954,True,
1667,onnx_model_068,measure,8.475515656353448,8.476385382004082,8.487407913897187,11.022531893104315,True,
1668,onnx_model_078,measure,8.479565769918196,8.47982519119978,8.490769032854587,10.94384165480733,True,
1669,onnx_model_084,measure,8.480335672863529,8.481437906157225,8.492489914875478,11.052008718252182,True,
1670,onnx_model_065,measure,8.485811431245086,8.486135405022651,8.497291522100568,11.15611707791686,True,
1671,onnx_model_032,measure,8.491921043516284,8.492584444116801,8.503631974104792,11.047529987990856,True,
1672,onnx_model_052,measure,8.492901404848338,8.494028648827225,8.506626977119595,12.598328292369843,True,
1673,onnx_model_053,measure,8.493686459694011,8.494189995806664,8.505248095840216,11.058100033551455,True,
1674,onnx_model_072,measure,8.50182436050283,8.502512856852263,8.513534788042307,11.021931190043688,True,
1675,onnx_model_055,measure,8.507086330494605,8.507843810133636,8.519128059968352,11.28424983471632,True,
1676,onnx_model_041,measure,8.518124731204315,8.518782232888043,8.5297982217744,11.015988886356354,True,
1677,onnx_model_085,measure,8.518700809120926,8.519259499851614,8.530277964193374,11.018464341759682,True,
1678,onnx_model_059,measure,8.521509119556468,8.52272228198126,8.533704326953739,10.982044972479343,True,
1679,onnx_model_005,measure,8.522429108768897,8.52288640383631,8.534011160954833,11.12475711852312,True,
1680,onnx_model_009,measure,8.530879307011157,8.531481411773711,8.542549591045827,11.06817927211523,True,
1681,onnx_model_043,measure,8.539979175449599,8.540228439029306,8.551406085956842,11.177646927535534,True,
1682,onnx_model_017,measure,8.540700810379933,8.54167377576232,8.552662264090031,10.98848832771182,True,
1683,onnx_model_025,measure,8.554111700754138,8.554879729170352,8.566004294902086,11.124565731734037,True,
1684,onnx_model_098,measure,8.568271108742387,8.569166175089777,8.580042500048876,10.876324959099293,True,
1685,onnx_model_086,measure,8.57598357725014,8.576426746789366,8.587205294985324,10.778548195958138,True,
1686,onnx_model_040,measure,8.578576830675157,8.579703685827553,8.590592804830521,10.889119002968073,True,
1687,onnx_model_009,measure,8.580044565705894,8.580129465088248,8.590937789995223,10.808324906975031,True,
1688,onnx_model_040,measure,8.583944991967638,8.584429037757218,8.590683336835355,6.2542990781366825,True,
1689,onnx_model_010,measure,8.58762575734101,8.588363828137517,8.599137065932155,10.77323779463768,True,
1690,onnx_model_040,measure,8.587944756340699,8.58845857810229,8.590705850161612,2.2472720593214035,True,
1691,onnx_model_062,measure,8.590995161356865,8.592087415978312,8.602850854862481,10.763438884168863,True,
1692,onnx_model_062,measure,8.611734404370225,8.613054210785776,8.6250438708812,11.98966009542346,True,
1693,onnx_model_029,measure,8.613247093060082,8.61442958517,8.625404517166317,10.974931996315718,True,
1694,onnx_model_000,measure,8.613573550900028,8.6145399347879,8.625490389764309,10.950454976409674,True,
1695,onnx_model_089,measure,8.626339708359676,8.626686142757535,8.63775249896571,11.06635620817542,True,
1696,onnx_model_037,measure,8.628364504040713,8.629029396921396,8.640744687058032,11.715290136635303,True,
1697,onnx_model_042,measure,8.635479291605096,8.636515758000314,8.647752507124096,11.23674912378192,True,
1698,onnx_model_084,measure,8.635680687003621,8.63670068886131,8.647804495878518,11.103807017207146,True,
1699,onnx_model_020,measure,8.637531677799615,8.637862687930465,8.648864530958235,11.00184302777052,True,
1700,onnx_model_060,measure,8.647788602606205,8.647969059180468,8.658948299009353,10.979239828884602,True,
1701,onnx_model_059,measure,8.648525885722472,8.648974941112101,8.659817781765014,10.842840652912855,True,
1702,onnx_model_032,measure,8.65275292658231,8.653491246048361,8.664454896003008,10.963649954646826,True,
1703,onnx_model_005,measure,8.655984778541942,8.656932758167386,8.668004442937672,11.071684770286083,True,
1704,onnx_model_084,measure,8.667983913634673,8.668156072031707,8.679132245946676,10.976173914968967,True,
1705,onnx_model_041,measure,8.676346757537969,8.676744297146797,8.687532844021916,10.78854687511921,True,
1706,onnx_model_014,measure,8.678773502936577,8.679180477745831,8.689816696103662,10.63621835783124,True,
1707,onnx_model_085,measure,8.685824331327575,8.686412424780428,8.697228844743222,10.816419962793589,True,
1708,onnx_model_027,measure,8.687299234421367,8.687579934019595,8.69845409411937,10.874160099774599,True,
1709,onnx_model_030,measure,8.697215652027733,8.697384220082313,8.708218313753605,10.834093671292067,True,
1710,onnx_model_014,measure,8.697974051156072,8.69854964595288,8.709417333826423,10.867687873542309,True,
1711,onnx_model_053,measure,8.698645372339287,8.698909198865294,8.709705751854926,10.796552989631891,True,
1712,onnx_model_031,measure,8.706936426323923,8.70749430777505,8.71839420683682,10.899899061769247,True,
1713,onnx_model_079,measure,8.713908109326162,8.714924852829427,8.725715493783355,10.790640953928232,True,
1714,onnx_model_036,measure,8.720198579269699,8.720616462174803,8.731571775861084,10.955313686281443,True,
1715,onnx_model_078,measure,8.725736323038443,8.726929611992091,8.737827247008681,10.897635016590357,True,
1716,onnx_model_013,measure,8.731186206202786,8.731666024774313,8.74255853984505,10.892515070736408,True,
1717,onnx_model_003,measure,8.73314179585906,8.7341069849208,8.745090352836996,10.983367916196585,True,
1718,onnx_model_009,measure,8.733536006617614,8.734269253909588,8.745224107056856,10.954853147268295,True,
1719,onnx_model_024,measure,8.735667338279308,8.736788392066956,8.747775346972048,10.986954905092716,True,
1720,onnx_model_092,measure,8.73802529694184,8.739044670946896,8.750046364031732,11.001693084836006,True,
1721,onnx_model_099,measure,8.739401032041897,8.740494647063315,8.751932519022375,11.43787195906043,True,
1722,onnx_model_085,measure,8.739646489662821,8.740674890112132,8.751879408024251,11.204517912119627,True,
1723,onnx_model_031,measure,8.739684980991472,8.740832679904997,8.751962856855243,11.130176950246096,True,
1724,onnx_model_087,measure,8.747371587347176,8.74786927504465,8.758794081863016,10.92480681836605,True,
1725,onnx_model_024,measure,8.756673493335436,8.75719572417438,8.76805258076638,10.85685659199953,True,
1726,onnx_model_053,measure,8.75893216291002,8.759956241119653,8.770728337112814,10.772095993161201,True,
1727,onnx_model_045,measure,8.76047636252654,8.76131219882518,8.772243797779083,10.931598953902721,True,
1728,onnx_model_064,measure,8.760648534021307,8.761512359138578,8.772371822036803,10.859462898224592,True,
1729,onnx_model_086,measure,8.762654356524234,8.763009354937822,8.77381288073957,10.803525801748037,True,
1730,onnx_model_073,measure,8.766681671478354,8.76745261112228,8.778369382023811,10.916770901530981,True,
1731,onnx_model_075,measure,8.78935206588744,8.789590061176568,8.800585290882736,10.995229706168175,True,
1732,onnx_model_084,measure,8.796092315638317,8.797028520144522,8.808102581184357,11.074061039835215,True,
1733,onnx_model_025,measure,8.798419284392597,8.79949192283675,8.810534312855452,11.042390018701553,True,
1734,onnx_model_004,measure,8.79906983867044,8.799657828174531,8.810646667145193,10.988838970661163,True,
1735,onnx_model_084,measure,8.80338590759719,8.8038092199713,8.808213401120156,4.404181148856878,True,
1736,onnx_model_050,measure,8.810975982904994,8.811866194941103,8.822911811061203,11.045616120100021,True,
1737,onnx_model_016,measure,8.828773760119454,8.829162944108248,8.840059475973248,10.896531865000725,True,
1738,onnx_model_077,measure,8.829702834235757,8.830635552760214,8.841585868038237,10.950315278023481,True,
1739,onnx_model_084,measure,8.836108390589397,8.83708385983482,8.847948812879622,10.86495304480195,True,
1740,onnx_model_055,measure,8.844754614222268,8.845808303914964,8.856858879793435,11.050575878471136,True,
1741,onnx_model_053,measure,8.849665506591034,8.850170245859772,8.86113228276372,10.962036903947592,True,
1742,onnx_model_031,measure,8.850489275575466,8.851627294905484,8.862499631941319,10.87233703583479,True,
1743,onnx_model_018,measure,8.85559173208471,8.85606808681041,8.867105146870017,11.037060059607029,True,
1744,onnx_model_060,measure,8.866096176533196,8.866718461737037,8.877788573969156,11.070112232118845,True,
1745,onnx_model_022,measure,8.878096375797313,8.879010206088424,8.89018036890775,11.170162819325924,True,
1746,onnx_model_067,measure,8.878507227581675,8.879171703010798,8.890641735866666,11.47003285586834,True,
1747,onnx_model_045,measure,8.886793485163782,8.887701546773314,8.898699732962996,10.998186189681292,True,
1748,onnx_model_093,measure,8.887902081545901,8.888084765989333,8.89892828790471,10.843521915376186,True,
1749,onnx_model_023,measure,8.889809710971594,8.89027753379196,8.901081450749189,10.803916957229376,True,
1750,onnx_model_046,measure,8.894680980386518,8.895873491186649,8.907078379765153,11.204888578504324,True,
1751,onnx_model_045,measure,8.894781164033521,8.896037633065134,8.898746943101287,2.7093100361526012,True,
1752,onnx_model_048,measure,8.906930976844363,8.907174883875996,8.918275183998048,11.100300122052431,True,
1753,onnx_model_081,measure,8.911231650437498,8.911669698078185,8.92271088482812,11.04118674993515,True,
1754,onnx_model_068,measure,8.92088927850404,8.921501697041094,8.932579364161938,11.077667120844126,True,
1755,onnx_model_088,measure,8.92588583026018,8.926933501847088,8.938054181169719,11.120679322630167,True,
1756,onnx_model_038,measure,8.932981688801414,8.933800925966352,8.944887599907815,11.086673941463232,True,
1757,onnx_model_001,measure,8.937215501314576,8.938150885049254,8.949237158056349,11.08627300709486,True,
1758,onnx_model_079,measure,8.94709439264009,8.948112490121275,8.95912222797051,11.009737849235535,True,
1759,onnx_model_034,measure,8.950638068713305,8.951481995172799,8.962482356000692,11.000360827893019,True,
1760,onnx_model_041,measure,8.954143737264557,8.954927925951779,8.965834226924926,10.906300973147154,True,
1761,onnx_model_015,measure,8.986664344338584,8.987145176157355,8.998361055739224,11.215879581868649,True,
1762,onnx_model_046,measure,8.987478661800987,8.988707435782999,8.99992718314752,11.219747364521027,True,
1763,onnx_model_041,measure,8.996150154569465,8.997249973937869,9.008247409015894,10.997435078024864,True,
1764,onnx_model_009,measure,9.004399861768158,9.005237968172878,9.017072494141757,11.834525968879461,True,
1765,onnx_model_054,measure,9.004883464637269,9.005444791167974,9.017022798769176,11.578007601201534,True,
1766,onnx_model_043,measure,9.016139126536347,9.016585999168456,9.027823058888316,11.237059719860554,True,
1767,onnx_model_055,measure,9.026680222910255,9.027383973821998,9.038582821842283,11.198848020285368,True,
1768,onnx_model_055,measure,9.03159300629011,9.0321263987571,9.038635912816972,6.509514059871435,True,
1769,onnx_model_015,measure,9.041831715022322,9.042930827010423,9.054065973032266,11.135146021842957,True,
1770,onnx_model_094,measure,9.043535299385127,9.044480872806162,9.055542841088027,11.06196828186512,True,
1771,onnx_model_005,measure,9.053026998575984,9.054176903795451,9.065455152187496,11.278248392045498,True,
1772,onnx_model_027,measure,9.058084650417623,9.058850488159806,9.06981902802363,10.968539863824844,True,
1773,onnx_model_007,measure,9.059843007246496,9.060462832916528,9.07147311186418,11.010278947651386,True,
1774,onnx_model_063,measure,9.063856587003592,9.065022058784962,9.076144300866872,11.122242081910372,True,
1775,onnx_model_011,measure,9.072016104652084,9.072713510133326,9.083698300179094,10.984790045768023,True,
1776,onnx_model_067,measure,9.07512451691665,9.076244492083788,9.08723475318402,10.990261100232601,True,
1777,onnx_model_099,measure,9.07734841514686,9.077711389865726,9.088744572829455,11.033182963728905,True,
1778,onnx_model_086,measure,9.080373794391702,9.08115664916113,9.092105921823531,10.9492726624012,True,
1779,onnx_model_073,measure,9.096529470586152,9.097266040742397,9.108093151822686,10.827111080288887,True,
1780,onnx_model_040,measure,9.098826719967283,9.099566995166242,9.110548197757453,10.981202591210604,True,
1781,onnx_model_056,measure,9.098894682158328,9.09966415911913,9.110444049816579,10.779890697449446,True,
1782,onnx_model_061,measure,9.102880011843512,9.104035167954862,9.114807333797216,10.772165842354298,True,
1783,onnx_model_013,measure,9.118909350997683,9.119978744070977,9.130694422870874,10.715678799897432,True,
1784,onnx_model_015,measure,9.127813430571427,9.128288950771093,9.138931902125478,10.642951354384422,True,
1785,onnx_model_022,measure,9.131618289288234,9.13186147203669,9.142525211907923,10.663739871233702,True,
1786,onnx_model_097,measure,9.132979428655405,9.13314945017919,9.14391985302791,10.77040284872055,True,
1787,onnx_model_055,measure,9.133290558777372,9.134433750994503,9.144959099125117,10.525348130613565,True,
1788,onnx_model_068,measure,9.141414353447109,9.14210399100557,9.152799893170595,10.695902165025473,True,
1789,onnx_model_074,measure,9.14185794692711,9.142203399911523,9.15291526215151,10.711862239986658,True,
1790,onnx_model_097,measure,9.143339901256871,9.143692129757255,9.154214250855148,10.522121097892523,True,
1791,onnx_model_016,measure,9.149889023676904,9.150115530006588,9.160685481969267,10.569951962679625,True,
1792,onnx_model_080,measure,9.154345181246336,9.155372181907296,9.165944008156657,10.571826249361038,True,
1793,onnx_model_059,measure,9.15539787834777,9.155590808019042,9.166110964957625,10.520156938582659,True,
1794,onnx_model_057,measure,9.169699847575174,9.170263308100402,9.18108755396679,10.824245866388083,True,
1795,onnx_model_068,measure,9.171630456512998,9.172557428944856,9.183311922010034,10.754493065178394,True,
1796,onnx_model_098,measure,9.179097462577811,9.179835704155266,9.190702360123396,10.866655968129635,True,
1797,onnx_model_025,measure,9.181853294734186,9.182310989126563,9.193376973737031,11.06598461046815,True,
1798,onnx_model_074,measure,9.181858558699162,9.182486583013088,9.19349898584187,11.012402828782797,True,
1799,onnx_model_064,measure,9.204181651957168,9.204789687879384,9.215939973015338,11.150285135954618,True,
1800,onnx_model_074,measure,9.20618695456068,9.20732685085386,9.218684990890324,11.358140036463737,True,
1801,onnx_model_021,measure,9.210398003793863,9.210876828990877,9.221824077889323,10.94724889844656,True,
1802,onnx_model_072,measure,9.217299023605403,9.218243381939828,9.229412091895938,11.168709956109524,True,
1803,onnx_model_035,measure,9.227766279605389,9.228113994933665,9.239243229851127,11.129234917461872,True,
1804,onnx_model_068,measure,9.228235434658293,9.22855517314747,9.239568687975407,11.013514827936888,True,
1805,onnx_model_035,measure,9.241914877097342,9.242873740848154,9.254043261986226,11.169521138072014,True,
1806,onnx_model_055,measure,9.24365168892214,9.244424499105662,9.255607475992292,11.182976886630058,True,
1807,onnx_model_014,measure,9.252427579149268,9.252959683071822,9.264204998966306,11.24531589448452,True,
1808,onnx_model_091,measure,9.25533273455353,9.255717023741454,9.266855787020177,11.138763278722763,True,
1809,onnx_model_014,measure,9.257324133230247,9.258248005062342,9.26425762893632,6.009623873978853,True,
1810,onnx_model_056,measure,9.272632139373801,9.273155822884291,9.284258678089827,11.102855205535889,True,
1811,onnx_model_035,measure,9.273149992732808,9.27357075177133,9.2846848978661,11.11414609476924,True,
1812,onnx_model_031,measure,9.277767465133714,9.27807353110984,9.289270855020732,11.19732391089201,True,
1813,onnx_model_031,measure,9.279214452026913,9.279602237045765,9.28932281397283,9.72057692706585,True,
1814,onnx_model_012,measure,9.290741939033438,9.291636962909251,9.302752651739866,11.11568883061409,True,
1815,onnx_model_014,measure,9.292542480215788,9.29317378392443,9.304477571044117,11.303787119686604,True,
1816,onnx_model_006,measure,9.292610723825998,9.293372692074627,9.304609021171927,11.236329097300768,True,
1817,onnx_model_088,measure,9.303059157326752,9.30405128095299,9.315296806860715,11.245525907725096,True,
1818,onnx_model_045,measure,9.31479329553331,9.315425963141024,9.326547523029149,11.121559888124466,True,
1819,onnx_model_059,measure,9.321846402086294,9.32295961305499,9.334036739077419,11.077126022428274,True,
1820,onnx_model_019,measure,9.334088942132286,9.335250847041607,9.346556577831507,11.305730789899826,True,
1821,onnx_model_055,measure,9.334445210031422,9.335416432004422,9.346618374809623,11.201942805200815,True,
1822,onnx_model_058,measure,9.336327892914001,9.337059003766626,9.348049534950405,10.99053118377924,True,
1823,onnx_model_009,measure,9.353663842395097,9.354367595165968,9.365489757154137,11.122161988168955,True,
1824,onnx_model_035,measure,9.35830413080229,9.359010440763086,9.36998941982165,10.97897905856371,True,
1825,onnx_model_077,measure,9.361258462413137,9.362461430951953,9.37335885502398,10.897424072027206,True,
1826,onnx_model_030,measure,9.362998440618586,9.363994794897735,9.375061451923102,11.066657025367022,True,
1827,onnx_model_057,measure,9.373684455260385,9.374629219993949,9.385794714093208,11.165494099259377,True,
1828,onnx_model_094,measure,9.383478268570473,9.385375848039985,9.396352222189307,10.97637414932251,True,
1829,onnx_model_096,measure,9.397521354749447,9.39865448884666,9.409713270142674,11.058781296014786,True,
1830,onnx_model_099,measure,9.401456048142238,9.402192162815481,9.413255502935499,11.063340120017529,True,
1831,onnx_model_051,measure,9.409275235912608,9.40982327889651,9.420701746828854,10.878467932343483,True,
1832,onnx_model_026,measure,9.413661990186874,9.414555503986776,9.425496521871537,10.941017884761095,True,
1833,onnx_model_089,measure,9.419056367349874,9.420095284935087,9.431084613781422,10.989328846335411,True,
1834,onnx_model_021,measure,9.428398488110139,9.428842231165618,9.439824536908418,10.982305742800236,True,
1835,onnx_model_060,measure,9.431638359619136,9.43234431790188,9.443452703766525,11.108385864645243,True,
1836,onnx_model_080,measure,9.433036662298766,9.43382910080254,9.44471960188821,10.890501085668802,True,
1837,onnx_model_047,measure,9.435053177096176,9.436281080823392,9.447316078003496,11.034997180104256,True,
1838,onnx_model_066,measure,9.437688765318642,9.438992695882916,9.44990972802043,10.91703213751316,True,
1839,onnx_model_077,measure,9.43887311756207,9.439361948054284,9.450256126001477,10.894177947193384,True,
1840,onnx_model_055,measure,9.44255107653544,9.443051139824092,9.453952773008496,10.901633184403181,True,
1841,onnx_model_002,measure,9.446720501105611,9.446939060930163,9.457863446790725,10.924385860562325,True,
1842,onnx_model_094,measure,9.455966733482725,9.457171571906656,9.46815172303468,10.980151128023863,True,
1843,onnx_model_031,measure,9.457712156714338,9.457993323914707,9.46891160774976,10.918283835053444,True,
1844,onnx_model_051,measure,9.462677776079532,9.46346951276064,9.474415109027177,10.945596266537905,True,
1845,onnx_model_070,measure,9.474955987352464,9.475636019837111,9.486703366972506,11.067347135394812,True,
1846,onnx_model_092,measure,9.476350034270489,9.477084413170815,9.4880486340262,10.964220855385065,True,
1847,onnx_model_059,measure,9.477167997650303,9.477455018088222,9.48827873216942,10.823714081197977,True,
1848,onnx_model_075,measure,9.480432425917849,9.480912449769676,9.492000406142324,11.087956372648478,True,
1849,onnx_model_004,measure,9.480485445808535,9.481078805867583,9.492126426193863,11.047620326280594,True,
1850,onnx_model_085,measure,9.483988137647538,9.484631629195064,9.495570593047887,10.93896385282278,True,
1851,onnx_model_036,measure,9.48576976543359,9.486080163158476,9.497000299859792,10.920136701315641,True,
1852,onnx_model_049,measure,9.49023182898236,9.490500875748694,9.501312497071922,10.811621323227882,True,
1853,onnx_model_099,measure,9.492736113251569,9.493355432059616,9.504275519866496,10.920087806880474,True,
1854,onnx_model_095,measure,9.493872189410068,9.494796962011606,9.505668527912349,10.871565900743008,True,
1855,onnx_model_046,measure,9.506142942108042,9.506890951190144,9.517935966141522,11.045014951378107,True,
1856,onnx_model_036,measure,9.507800953834117,9.508353971876204,9.519459342118353,11.105370242148638,True,
1857,onnx_model_026,measure,9.520644605372583,9.521681395824999,9.532723194919527,11.04179909452796,True,
1858,onnx_model_076,measure,9.528723483920128,9.52914506290108,9.542302753776312,13.15769087523222,True,
1859,onnx_model_075,measure,9.529011777555683,9.529316679108888,9.542380161117762,13.063482008874416,True,
1860,onnx_model_096,measure,9.545694615311803,9.546613167971373,9.55805665999651,11.443492025136948,True,
1861,onnx_model_093,measure,9.546169341887566,9.546780466102064,9.558108618948609,11.328152846544981,True,
1862,onnx_model_013,measure,9.553793238179017,9.554306400939822,9.56545886117965,11.152460239827633,True,
1863,onnx_model_092,measure,9.555771862357481,9.556784471962601,9.567795922979712,11.01145101711154,True,
1864,onnx_model_005,measure,9.557132853303429,9.558203829918057,9.569204860832542,11.001030914485455,True,
1865,onnx_model_079,measure,9.564632987429666,9.565555835142732,9.57660672115162,11.050886008888483,True,
1866,onnx_model_030,measure,9.572833081846662,9.573450681753457,9.5844497801736,10.999098420143127,True,
1867,onnx_model_054,measure,9.584444018873466,9.58461006404832,9.595514092128724,10.904028080403805,True,
1868,onnx_model_020,measure,9.588524381516155,9.589052939787507,9.600112583022565,11.059643235057592,True,
1869,onnx_model_058,measure,9.589533497422014,9.590490121860057,9.601397856138647,10.907734278589487,True,
1870,onnx_model_094,measure,9.591910249558076,9.592932194005698,9.603986275848001,11.054081842303276,True,
1871,onnx_model_042,measure,9.598583799458627,9.599738912191242,9.610729002859443,10.990090668201447,True,
1872,onnx_model_025,measure,9.602998680012323,9.603620229754597,9.614525889977813,10.905660223215818,True,
1873,onnx_model_044,measure,9.607685886728415,9.608215083833784,9.619090606924146,10.875523090362549,True,
1874,onnx_model_062,measure,9.609266550083554,9.609665310941637,9.620582172181457,10.916861239820719,True,
1875,onnx_model_053,measure,9.615570419696054,9.616748013999313,9.627668752800673,10.92073880136013,True,
1876,onnx_model_087,measure,9.62098469886086,9.62179778283462,9.632750291842967,10.952509008347988,True,
1877,onnx_model_067,measure,9.625062246455817,9.626241751015186,9.637238463852555,10.99671283736825,True,
1878,onnx_model_076,measure,9.627565287548931,9.627811224199831,9.63882472878322,11.013504583388567,True,
1879,onnx_model_024,measure,9.638365495923594,9.638920471072197,9.64980474114418,10.884270071983337,True,
1880,onnx_model_045,measure,9.640610491043883,9.641391527839005,9.652186046820134,10.794518981128931,True,
1881,onnx_model_060,measure,9.643288370912366,9.643829492852092,9.654704615008086,10.875122155994177,True,
1882,onnx_model_095,measure,9.646751926491875,9.64727699616924,9.658257578033954,10.980581864714622,True,
1883,onnx_model_025,measure,9.646999581702847,9.6474864538759,9.658531298860908,11.04484498500824,True,
1884,onnx_model_093,measure,9.647579131214806,9.647923504933715,9.658758319914341,10.834814980626106,True,
1885,onnx_model_032,measure,9.648285608404235,9.64934917492792,9.660127903800458,10.778728872537613,True,
1886,onnx_model_029,measure,9.653750505479625,9.65435598185286,9.665153637062758,10.797655209898949,True,
1887,onnx_model_053,measure,9.657866280516156,9.658314235974103,9.669037369079888,10.723133105784655,True,
1888,onnx_model_001,measure,9.670483692290325,9.671194038819522,9.68205991294235,10.865874122828245,True,
1889,onnx_model_071,measure,9.671082103633768,9.67129424912855,9.682149693835527,10.855444706976414,True,
1890,onnx_model_060,measure,9.672534103782768,9.673630689736456,9.68432168290019,10.690993163734674,True,
1891,onnx_model_015,measure,9.684953907849636,9.685481717810035,9.69623800413683,10.756286326795816,True,
1892,onnx_model_058,measure,9.689823044272675,9.690766904037446,9.701606668997556,10.839764960110188,True,
1893,onnx_model_051,measure,9.698008176375419,9.698401016183197,9.709244186989963,10.843170806765556,True,
1894,onnx_model_017,measure,9.703766835311091,9.704770253039896,9.715562948025763,10.792694985866547,True,
1895,onnx_model_086,measure,9.705742560472052,9.7060477710329,9.716892805881798,10.84503484889865,True,
1896,onnx_model_066,measure,9.708866540546596,9.709301605820656,9.720149165950716,10.847560130059719,True,
1897,onnx_model_052,measure,9.712087209369727,9.712594234850258,9.723457985091954,10.863750241696835,True,
1898,onnx_model_044,measure,9.717463440533116,9.71817525383085,9.729236299172044,11.061045341193676,True,
1899,onnx_model_062,measure,9.732182688992872,9.732538044918329,9.743802547920495,11.264503002166748,True,
1900,onnx_model_062,measure,9.739081901599786,9.740077245980501,9.743854056112468,3.7768101319670677,True,
1901,onnx_model_024,measure,9.740133015711928,9.740487927105278,9.75141013879329,10.922211688011885,True,
1902,onnx_model_022,measure,9.74209184218395,9.743000383023173,9.754127423744649,11.127040721476078,True,
1903,onnx_model_049,measure,9.742715272861618,9.743198730051517,9.754263702780008,11.06497272849083,True,
1904,onnx_model_057,measure,9.74685695507927,9.747089334763587,9.758042615838349,10.953281074762344,True,
1905,onnx_model_064,measure,9.748142401150501,9.748492011800408,9.759410486090928,10.918474290519953,True,
1906,onnx_model_043,measure,9.75227042159638,9.752654804848135,9.763644975144416,10.990170296281576,True,
1907,onnx_model_003,measure,9.752437014479408,9.752830037847161,9.763799999840558,10.969961993396282,True,
1908,onnx_model_024,measure,9.755918315149067,9.75650444207713,9.76751812780276,11.01368572562933,True,
1909,onnx_model_047,measure,9.756049512820331,9.756676589138806,9.76764347590506,10.966886766254902,True,
1910,onnx_model_004,measure,9.757502873814891,9.758145552128553,9.768939149100333,10.793596971780062,True,
1911,onnx_model_063,measure,9.76492222339864,9.766026873141527,9.777140017133206,11.113143991678953,True,
1912,onnx_model_097,measure,9.7655424573625,9.766189853195101,9.77792586106807,11.736007872968912,True,
1913,onnx_model_093,measure,9.769112829163795,9.770168716087937,9.781363064888865,11.1943488009274,True,
1914,onnx_model_009,measure,9.76957200520107,9.77034840779379,9.781572011765093,11.22360397130251,True,
1915,onnx_model_094,measure,9.769968332861039,9.770500586833805,9.781530833803117,11.03024696931243,True,
1916,onnx_model_030,measure,9.776283717496709,9.777246228884906,9.788230719044805,10.984490159898996,True,
1917,onnx_model_056,measure,9.776696377262466,9.777463001199067,9.788415952119976,10.952950920909643,True,
1918,onnx_model_001,measure,9.777720385411165,9.778059856034815,9.788828656077385,10.768800042569637,True,
1919,onnx_model_044,measure,9.784287111702827,9.784794136881828,9.795754671096802,10.96053421497345,True,
1920,onnx_model_051,measure,9.795257706284337,9.795850864145905,9.806798964738846,10.948100592941046,True,
1921,onnx_model_009,measure,9.799087781319395,9.800297847017646,9.811417194083333,11.11934706568718,True,
1922,onnx_model_068,measure,9.804469020801596,9.804755490738899,9.815605674870312,10.850184131413698,True,
1923,onnx_model_066,measure,9.805112611988138,9.80619213078171,9.816997832152992,10.805701371282339,True,
1924,onnx_model_002,measure,9.810607011586974,9.811025538947433,9.821903295814991,10.877756867557764,True,
1925,onnx_model_028,measure,9.819344486558668,9.820219065062702,9.831023151986301,10.804086923599243,True,
1926,onnx_model_012,measure,9.836540471620301,9.837245699949563,9.848218437749892,10.972737800329924,True,
1927,onnx_model_032,measure,9.847151796579588,9.847701766062528,9.858669032808393,10.967266745865345,True,
1928,onnx_model_024,measure,9.853136235764715,9.853484087157995,9.864304735790938,10.82064863294363,True,
1929,onnx_model_023,measure,9.854712146279558,9.85592995584011,9.866779209114611,10.84925327450037,True,
1930,onnx_model_012,measure,9.858757740964034,9.85989093594253,9.870827555190772,10.936619248241186,True,
1931,onnx_model_070,measure,9.860568283684612,9.8613535258919,9.872197187971324,10.843662079423666,True,
1932,onnx_model_025,measure,9.873214301054876,9.874434881843626,9.88539724983275,10.962367989122868,True,
1933,onnx_model_095,measure,9.884255543546157,9.88488446502015,9.89599469397217,11.110228952020407,True,
1934,onnx_model_036,measure,9.896659088552594,9.89721880108118,9.908740051090717,11.521250009536743,True,
1935,onnx_model_075,measure,9.896769948028393,9.897397730965167,9.90880129719153,11.403566226363182,True,
1936,onnx_model_037,measure,9.906214607616905,9.907987449783832,9.919191857799888,11.204408016055822,True,
1937,onnx_model_080,measure,9.914173839510932,9.915043993853033,9.92603893391788,10.99494006484747,True,
1938,onnx_model_087,measure,9.918094105885038,9.918518729042262,9.92952836677432,11.009637732058764,True,
1939,onnx_model_057,measure,9.920301097638841,9.921438158024102,9.932362373918295,10.924215894192457,True,
1940,onnx_model_032,measure,9.921338125327251,9.921804093755782,9.932743619196117,10.939525440335274,True,
1941,onnx_model_008,measure,9.923180972802362,9.924242899753153,9.935127791017294,10.884891264140606,True,
1942,onnx_model_096,measure,9.932847146102693,9.933980870060623,9.945102680940181,11.121810879558325,True,
1943,onnx_model_010,measure,9.943335265673426,9.945199646055698,9.955992370843887,10.792724788188934,True,
1944,onnx_model_019,measure,9.948984111555665,9.949665775056928,9.960602845065296,10.9370700083673,True,
1945,onnx_model_099,measure,9.950854176392388,9.951083208899945,9.962032733019441,10.949524119496346,True,
1946,onnx_model_048,measure,9.95289047640927,9.953512055799365,9.964379644021392,10.867588222026825,True,
1947,onnx_model_037,measure,9.957478480751131,9.958246666006744,9.96943032508716,11.183659080415964,True,
1948,onnx_model_039,measure,9.957937433089308,9.958446727134287,9.969569920096546,11.123192962259054,True,
1949,onnx_model_042,measure,9.96292928845421,9.96325258212164,9.974327743984759,11.07516186311841,True,
1950,onnx_model_089,measure,9.965829651951886,9.966604453045875,9.977578333113343,10.97388006746769,True,
1951,onnx_model_017,measure,9.970475248953687,9.970789297949523,9.981855283025652,11.065985076129436,True,
1952,onnx_model_038,measure,9.982863881057837,9.983091513160616,9.994116148911417,11.024635750800371,True,
1953,onnx_model_049,measure,9.984367727755098,9.985568852163851,9.996588609181345,11.019757017493248,True,
1954,onnx_model_095,measure,9.985852013745037,9.987044888082892,9.998049756046385,11.00486796349287,True,
1955,onnx_model_036,measure,9.988637866027398,9.989491758868098,10.00058652786538,11.09476899728179,True,
1956,onnx_model_028,measure,9.989784772711115,9.99092157697305,10.001796057913452,10.874480940401554,True,
1957,onnx_model_078,measure,9.992245731906753,9.99348917696625,10.004766053054482,11.276876088231802,True,
1958,onnx_model_076,measure,9.992790321653345,9.993655452970415,10.004635594785213,10.980141814798117,True,
1959,onnx_model_036,measure,9.99424401457832,9.995371125172824,10.00064084213227,5.269716959446669,True,
1960,onnx_model_089,measure,9.995294600238347,9.99573828279972,10.006706601940095,10.96831914037466,True,
1961,onnx_model_033,measure,9.996727734885878,9.998161218129098,10.009101513773203,10.94029564410448,True,
1962,onnx_model_012,measure,10.003624254581153,10.00408041011542,10.014959559775889,10.879149660468102,True,
1963,onnx_model_010,measure,10.005682887316306,10.006004157010466,10.016922030132264,10.917873121798038,True,
1964,onnx_model_075,measure,10.014604483095363,10.015057405922562,10.025958146899939,10.9007409773767,True,
1965,onnx_model_002,measure,10.020534547925708,10.021153853740543,10.032113085966557,10.959232226014137,True,
1966,onnx_model_069,measure,10.026796649958078,10.02718337578699,10.038223611190915,11.04023540392518,True,
1967,onnx_model_030,measure,10.028710398006181,10.029645997099578,10.040519414935261,10.87341783568263,True,
1968,onnx_model_089,measure,10.036928648734373,10.037363486830145,10.048297099769115,10.933612938970327,True,
1969,onnx_model_034,measure,10.050792715243,10.05152040719986,10.06254856986925,11.02816266939044,True,
1970,onnx_model_050,measure,10.054561895368685,10.054977778811008,10.066069562919438,11.091784108430147,True,
1971,onnx_model_072,measure,10.054673597035057,10.055146839935333,10.066182347014546,11.035507079213858,True,
1972,onnx_model_001,measure,10.06192530865113,10.062647888902575,10.073647858109325,10.999969206750393,True,
1973,onnx_model_027,measure,10.069152855447687,10.069420071784407,10.080301385838538,10.881314054131508,True,
1974,onnx_model_024,measure,10.070177941380708,10.070866641122848,10.08182814810425,10.961506981402636,True,
1975,onnx_model_006,measure,10.090452458455115,10.092070025857538,10.103151731193066,11.081705335527658,True,
1976,onnx_model_061,measure,10.092342494113751,10.09349113702774,10.104383972939104,10.892835911363363,True,
1977,onnx_model_010,measure,10.096453790258678,10.096932678949088,10.107800547964871,10.867869015783072,True,
1978,onnx_model_002,measure,10.101280321450343,10.10239238711074,10.113747471943498,11.355084832757711,True,
1979,onnx_model_069,measure,10.101657256700706,10.102558252867311,10.113894762005657,11.336509138345718,True,
1980,onnx_model_069,measure,10.10372795774643,10.104481177870184,10.113952652085572,9.471474215388298,True,
1981,onnx_model_034,measure,10.108362518020776,10.109026096761227,10.120192422997206,11.166326235979795,True,
1982,onnx_model_031,measure,10.117875369466418,10.11817588005215,10.12915735412389,10.981474071741104,True,
1983,onnx_model_086,measure,10.118629111910206,10.119647237006575,10.130703502800316,11.05626579374075,True,
1984,onnx_model_092,measure,10.12341143922723,10.124431040138006,10.135467639192939,11.036599054932594,True,
1985,onnx_model_083,measure,10.134990906729685,10.135565996170044,10.146608585957438,11.042589787393808,True,
1986,onnx_model_006,measure,10.155236928202484,10.156835626810789,10.167958168778569,11.122541967779398,True,
1987,onnx_model_029,measure,10.159651328589058,10.160303147975355,10.17187514482066,11.571996845304966,True,
1988,onnx_model_055,measure,10.170622241318624,10.171191644854844,10.182436340022832,11.244695167988539,True,
1989,onnx_model_025,measure,10.170712424534985,10.17142615094781,10.182897537015378,11.471386067569256,True,
1990,onnx_model_028,measure,10.172321450307843,10.173102046828717,10.184075416065753,10.973369237035513,True,
1991,onnx_model_056,measure,10.173062556578971,10.17348157800734,10.184513948857784,11.03237085044384,True,
1992,onnx_model_056,measure,10.178741807404172,10.17992582777515,10.184636602178216,4.710774403065443,True,
1993,onnx_model_044,measure,10.179458816569445,10.18010892579332,10.191204566974193,11.095641180872917,True,
1994,onnx_model_063,measure,10.179930163004734,10.180564000736922,10.191766165196896,11.202164459973574,True,
1995,onnx_model_023,measure,10.18004978148239,10.180730166845024,10.1916534001939,10.923233348876238,True,
1996,onnx_model_010,measure,10.18062211718173,10.181151777971536,10.1920435721986,10.891794227063656,True,
1997,onnx_model_041,measure,10.181889826277818,10.182538975030184,10.193256557919085,10.717582888901234,True,
1998,onnx_model_000,measure,10.188589739031144,10.188859779853374,10.199614462908357,10.754683054983616,True,
1999,onnx_model_068,measure,10.19309612736634,10.193313335999846,10.203909568022937,10.596232023090124,True,
2000,onnx_model_042,measure,10.19583088887895,10.196609050035477,10.207265437114984,10.656387079507113,True,
2001,onnx_model_029,measure,10.196676236862626,10.19681998109445,10.207375986967236,10.556005872786045,True,
2002,onnx_model_096,measure,10.204942236132528,10.206065115053207,10.216903186868876,10.838071815669537,True,
2003,onnx_model_069,measure,10.205013887412656,10.206162309739739,10.216977186966687,10.814877226948738,True,
2004,onnx_model_061,measure,10.212142750459503,10.212526246905327,10.22335106274113,10.824815835803747,True,
2005,onnx_model_045,measure,10.21480615433404,10.215810719877481,10.226515317801386,10.704597923904657,True,
2006,onnx_model_004,measure,10.222232592822586,10.223128339741379,10.233835372142494,10.707032401114702,True,
2007,onnx_model_067,measure,10.225893247517657,10.226571263745427,10.237180782016367,10.609518270939589,True,
2008,onnx_model_052,measure,10.229242539930036,10.229854594916105,10.240596544928849,10.741950012743473,True,
2009,onnx_model_041,measure,10.233686941112664,10.233892511110753,10.244616005104035,10.723493993282318,True,
2010,onnx_model_012,measure,10.249202850461893,10.2497668559663,10.260646516922861,10.879660956561565,True,
2011,onnx_model_042,measure,10.250750323860515,10.25105008482933,10.261831088922918,10.781004093587399,True,
2012,onnx_model_037,measure,10.260398486266771,10.260740355122834,10.271738500799984,10.998145677149296,True,
2013,onnx_model_050,measure,10.269949039315366,10.271847718860954,10.282701400108635,10.85368124768138,True,
2014,onnx_model_005,measure,10.273138195509075,10.274415369145572,10.28524613706395,10.830767918378115,True,
2015,onnx_model_096,measure,10.275435523682766,10.27590259583667,10.286874262150377,10.971666313707829,True,
2016,onnx_model_053,measure,10.275762531059202,10.27607624605298,10.287348963785917,11.272717732936144,True,
2017,onnx_model_070,measure,10.28310230527576,10.283933140803128,10.294946025125682,11.012884322553873,True,
2018,onnx_model_082,measure,10.286330805552376,10.286970505025238,10.297822804190218,10.85229916498065,True,
2019,onnx_model_027,measure,10.287337852855563,10.2875006031245,10.298645747825503,11.145144701004028,True,
2020,onnx_model_003,measure,10.296217343764301,10.297166847158223,10.308122111018747,10.9552638605237,True,
2021,onnx_model_077,measure,10.297573637282744,10.297917534131557,10.308764441870153,10.846907738596201,True,
2022,onnx_model_047,measure,10.297770791384185,10.298284981865436,10.30907596508041,10.790983214974403,True,
2023,onnx_model_011,measure,10.302505990980086,10.302871680818498,10.313787010032684,10.915329214185476,True,
2024,onnx_model_004,measure,10.305915533277847,10.306306160055101,10.31712811999023,10.821959935128689,True,
2025,onnx_model_072,measure,10.313334280807299,10.313879625871778,10.324750248808414,10.87062293663621,True,
2026,onnx_model_016,measure,10.325103979377596,10.325972963124514,10.3370814290829,11.10846595838666,True,
2027,onnx_model_059,measure,10.325686444067722,10.326134440023452,10.337205064017326,11.070623993873596,True,
2028,onnx_model_028,measure,10.329024579676844,10.32966527203098,10.340785930864513,11.120658833533525,True,
2029,onnx_model_056,measure,10.334916377019447,10.33603310585022,10.346812666859478,10.779561009258032,True,
2030,onnx_model_085,measure,10.340157644642659,10.340438359882683,10.35130594810471,10.867588222026825,True,
2031,onnx_model_071,measure,10.348873640621884,10.350026725791395,10.361006006132811,10.979280341416597,True,
2032,onnx_model_052,measure,10.35802939154345,10.358523747883737,10.369453232735395,10.929484851658344,True,
2033,onnx_model_071,measure,10.358774544003253,10.359891838859767,10.361111857928336,1.220019068568945,True,
2034,onnx_model_009,measure,10.364811360143097,10.365326980128884,10.376127901021391,10.800920892506838,True,
2035,onnx_model_049,measure,10.366199464522245,10.366765384096652,10.377687595784664,10.922211688011885,True,
2036,onnx_model_057,measure,10.375109725676264,10.375677133910358,10.386748609133065,11.071475222706795,True,
2037,onnx_model_030,measure,10.382511639080692,10.382902167737484,10.393732544966042,10.830377228558064,True,
2038,onnx_model_044,measure,10.389169205648193,10.38996417215094,10.4009570479393,10.992875788360834,True,
2039,onnx_model_002,measure,10.398871957220559,10.399950413964689,10.410830275155604,10.879861190915108,True,
2040,onnx_model_096,measure,10.404323234352832,10.405176588799804,10.416075044777244,10.89845597743988,True,
2041,onnx_model_093,measure,10.405607857801321,10.40666986675933,10.417359075974673,10.689209215342999,True,
2042,onnx_model_048,measure,10.409238576692099,10.41004329919815,10.42081597680226,10.772677604109049,True,
2043,onnx_model_051,measure,10.413744557608604,10.414050926920027,10.42498040292412,10.929476004093885,True,
2044,onnx_model_008,measure,10.429250647301778,10.43022677488625,10.441188662778586,10.961887892335653,True,
2045,onnx_model_064,measure,10.438445475962709,10.438675235025585,10.449551709927619,10.876474902033806,True,
2046,onnx_model_011,measure,10.443195874503573,10.443417930044234,10.454323580022901,10.905649978667498,True,
2047,onnx_model_078,measure,10.446669750559067,10.447885983157903,10.458710539154708,10.82455599680543,True,
2048,onnx_model_056,measure,10.450099098810528,10.450766808819026,10.46167826000601,10.911451186984777,True,
2049,onnx_model_094,measure,10.463239532427956,10.463892418891191,10.474870626814663,10.978207923471928,True,
2050,onnx_model_085,measure,10.467374485094805,10.46834164718166,10.47919919481501,10.857547633349895,True,
2051,onnx_model_071,measure,10.480799213037779,10.481429274193943,10.492341857869178,10.91258367523551,True,
2052,onnx_model_010,measure,10.487196005194086,10.487875767983496,10.498920843936503,11.045075953006744,True,
2053,onnx_model_013,measure,10.48734418488103,10.488039819989353,10.499044218100607,11.004398111253977,True,
2054,onnx_model_084,measure,10.49272972446219,10.493569081183523,10.504623522982001,11.054441798478365,True,
2055,onnx_model_082,measure,10.492903163622216,10.493729284964502,10.504760433919728,11.031148955225945,True,
2056,onnx_model_039,measure,10.508941187304403,10.50997709017247,10.520978681743145,11.001591570675373,True,
2057,onnx_model_019,measure,10.525923395251816,10.52628066111356,10.53738836478442,11.107703670859337,True,
2058,onnx_model_082,measure,10.53404877319559,10.534795255865902,10.546017517801374,11.222261935472488,True,
2059,onnx_model_024,measure,10.536168502568016,10.537500898819417,10.5487438198179,11.242920998483896,True,
2060,onnx_model_096,measure,10.538702216381104,10.539024755824357,10.549940323922783,10.915568098425865,True,
2061,onnx_model_084,measure,10.540332999593383,10.541559593752027,10.55234555574134,10.785961989313364,True,
2062,onnx_model_069,measure,10.544070686838225,10.545109251048416,10.556342664174736,11.233413126319647,True,
2063,onnx_model_072,measure,10.544070876358386,10.545297438744456,10.556899934075773,11.602495331317186,True,
2064,onnx_model_018,measure,10.544497380162568,10.545472711790353,10.556853405199945,11.380693409591913,True,
2065,onnx_model_013,measure,10.547306430711293,10.54831445403397,10.559134841896594,10.820387862622738,True,
2066,onnx_model_062,measure,10.555809288223083,10.556445058900863,10.567418487742543,10.973428841680288,True,
2067,onnx_model_009,measure,10.559902843829692,10.560365120880306,10.571174247190356,10.809126310050488,True,
2068,onnx_model_002,measure,10.563541733492787,10.563814267050475,10.574761285912246,10.94701886177063,True,
2069,onnx_model_003,measure,10.574480900009856,10.574857948813587,10.585789939854294,10.931991040706635,True,
2070,onnx_model_095,measure,10.579327440019561,10.580303249880672,10.591285957023501,10.982707142829895,True,
2071,onnx_model_013,measure,10.582887223109648,10.5837493208237,10.594547947868705,10.79862704500556,True,
2072,onnx_model_002,measure,10.587755890674037,10.58802978694439,10.598926470149308,10.8966832049191,True,
2073,onnx_model_014,measure,10.589112428220867,10.589479363057762,10.600444315932691,10.964952874928713,True,
2074,onnx_model_060,measure,10.591704942002,10.59248048812151,10.603389022871852,10.908534750342369,True,
2075,onnx_model_042,measure,10.595039171955175,10.59576767589897,10.606722468975931,10.954793076962233,True,
2076,onnx_model_070,measure,10.598599346620444,10.599023084156215,10.609961286187172,10.938202030956745,True,
2077,onnx_model_038,measure,10.615817777397421,10.616184045094997,10.627196387853473,11.012342758476734,True,
2078,onnx_model_085,measure,10.616614266222216,10.617643097881228,10.628547796979547,10.904699098318815,True,
2079,onnx_model_095,measure,10.621024805261154,10.62208442017436,10.632987536024302,10.903115849941969,True,
2080,onnx_model_061,measure,10.622195722959585,10.622465174179524,10.63350620213896,11.041027959436178,True,
2081,onnx_model_021,measure,10.629755143503589,10.63077012076974,10.641719324048609,10.94920327886939,True,
2082,onnx_model_005,measure,10.631609968235088,10.63221300393343,10.643093766178936,10.880762245506048,True,
2083,onnx_model_028,measure,10.632924224476886,10.633132450748235,10.643939855042845,10.807404294610023,True,
2084,onnx_model_089,measure,10.646871292758085,10.647159073967487,10.658054744824767,10.895670857280493,True,
2085,onnx_model_081,measure,10.647685049553862,10.64862329699099,10.659631011076272,11.007714085280895,True,
2086,onnx_model_025,measure,10.651388261777072,10.652066973038018,10.662933107931167,10.866134893149137,True,
2087,onnx_model_047,measure,10.653380908034306,10.654510677792132,10.665458639152348,10.94796136021614,True,
2088,onnx_model_087,measure,10.655075961476653,10.656064721755683,10.666871564928442,10.806843172758818,True,
2089,onnx_model_080,measure,10.657082593252019,10.657496303785592,10.668477166909724,10.980863124132156,True,
2090,onnx_model_091,measure,10.679236563787633,10.67963941488415,10.690209256019443,10.569841135293245,True,
2091,onnx_model_040,measure,10.693530135916417,10.694425511173904,10.705147010739893,10.721499565988779,True,
2092,onnx_model_075,measure,10.710787553266641,10.711359419859946,10.72216914780438,10.80972794443369,True,
2093,onnx_model_039,measure,10.723073334834599,10.723481421824545,10.734512871131301,11.031449306756258,True,
2094,onnx_model_028,measure,10.72312036872544,10.723671784158796,10.734597581904382,10.925797745585442,True,
2095,onnx_model_006,measure,10.737055349744884,10.73779466887936,10.748651036061347,10.85636718198657,True,
2096,onnx_model_010,measure,10.741802929068912,10.74213815573603,10.752982549834996,10.844394098967314,True,
2097,onnx_model_025,measure,10.744010502309692,10.744484475813806,10.755299935117364,10.815459303557873,True,
2098,onnx_model_090,measure,10.750244862507614,10.75085426401347,10.761667798738927,10.81353472545743,True,
2099,onnx_model_087,measure,10.755762854795567,10.756465559825301,10.76725882710889,10.793267283588648,True,
2100,onnx_model_056,measure,10.760759246471167,10.761733944993466,10.772494038101286,10.760093107819557,True,
2101,onnx_model_024,measure,10.769123539261331,10.76946075214073,10.780415455810726,10.95470366999507,True,
2102,onnx_model_043,measure,10.769634414300665,10.770803194027394,10.78160765208304,10.804458055645227,True,
2103,onnx_model_092,measure,10.77092921263878,10.771045695059001,10.781753739807755,10.70804474875331,True,
2104,onnx_model_086,measure,10.773269305118589,10.773694801144302,10.784436869900674,10.742068756371737,True,
2105,onnx_model_037,measure,10.775299702748526,10.776041482109576,10.786878561135381,10.837079025804996,True,
2106,onnx_model_024,measure,10.776626952109847,10.77739234874025,10.780488775111735,3.096426371484995,True,
2107,onnx_model_085,measure,10.783483401106883,10.783956015948206,10.794740445911884,10.784429963678122,True,
2108,onnx_model_023,measure,10.783772412534198,10.784067176748067,10.794821228832006,10.754052083939314,True,
2109,onnx_model_018,measure,10.7895760956391,10.790081679821014,10.80079049617052,10.708816349506378,True,
2110,onnx_model_078,measure,10.792114485665541,10.792439211159945,10.80324222613126,10.80301497131586,True,
2111,onnx_model_058,measure,10.79285322490442,10.793767346069217,10.804451203905046,10.683857835829258,True,
2112,onnx_model_023,measure,10.802186676916538,10.802994776051491,10.814527176786214,11.532400734722614,True,
2113,onnx_model_096,measure,10.804775972260456,10.805637368932366,10.816284839063883,10.647470131516457,True,
2114,onnx_model_080,measure,10.809184877095248,10.810071979183704,10.821171407122165,11.099427938461304,True,
2115,onnx_model_006,measure,10.812809376517471,10.813629501033574,10.824738958850503,11.109457816928625,True,
2116,onnx_model_095,measure,10.812967765659268,10.813816025853157,10.825046102982014,11.230077128857374,True,
2117,onnx_model_095,measure,10.813230886591919,10.813967342954129,10.825157133862376,11.189790908247232,True,
2118,onnx_model_038,measure,10.815501173889285,10.815699636004865,10.826399064157158,10.699428152292967,True,
2119,onnx_model_042,measure,10.817651171317726,10.81845354102552,10.829221218824387,10.767677798867226,True,
2120,onnx_model_027,measure,10.819933411985414,10.820809037890285,10.83163102902472,10.821991134434938,True,
2121,onnx_model_055,measure,10.835607894783914,10.835852824151516,10.84678839193657,10.935567785054445,True,
2122,onnx_model_050,measure,10.841306430369643,10.84230232378468,10.853180631995201,10.878308210521936,True,
2123,onnx_model_074,measure,10.843521948770455,10.843763642013073,10.854598627891392,10.834985878318548,True,
2124,onnx_model_091,measure,10.85460188004645,10.854752890765667,10.865665473975241,10.912583209574223,True,
2125,onnx_model_058,measure,10.85711477351193,10.858225781936198,10.869420843198895,11.195061262696981,True,
2126,onnx_model_019,measure,10.857178141158135,10.858416525181383,10.869884493760765,11.467968579381704,True,
2127,onnx_model_013,measure,10.864574050825277,10.8649657741189,10.875833813101053,10.868038982152939,True,
2128,onnx_model_028,measure,10.869049543479612,10.869522165041417,10.880372961051762,10.85079601034522,True,
2129,onnx_model_020,measure,10.870099312345548,10.871123048011214,10.882145980838686,11.022932827472687,True,
2130,onnx_model_045,measure,10.87074651443072,10.871290427166969,10.882285155821592,10.994728654623032,True,
2131,onnx_model_024,measure,10.871393073602432,10.87174740480259,10.882598862051964,10.851457249373198,True,
2132,onnx_model_045,measure,10.872984731258278,10.874193063937128,10.882323939818889,8.130875881761312,True,
2133,onnx_model_084,measure,10.876929226084833,10.878065704833716,10.888915079180151,10.84937434643507,True,
2134,onnx_model_038,measure,10.890267698997036,10.891137362923473,10.90193350519985,10.796142276376486,True,
2135,onnx_model_082,measure,10.898621914943178,10.899601271841675,10.910407673101872,10.806401260197163,True,
2136,onnx_model_048,measure,10.911065221847728,10.911626529879868,10.922448670957237,10.822141077369452,True,
2137,onnx_model_093,measure,10.914358648435467,10.91506757074967,10.92585107916966,10.78350841999054,True,
2138,onnx_model_080,measure,10.915837490072622,10.916487290058285,10.927386126946658,10.898836888372898,True,
2139,onnx_model_080,measure,10.916974553506067,10.917915835045278,10.927486857865006,9.57102281972766,True,
2140,onnx_model_020,measure,10.928659052518384,10.929707719944417,10.940637255087495,10.929535143077374,True,
2141,onnx_model_009,measure,10.932330654189279,10.933148569893092,10.94390333397314,10.754764080047607,True,
2142,onnx_model_065,measure,10.93767940649751,10.938604121096432,10.949541470967233,10.937349870800972,True,
2143,onnx_model_078,measure,10.944888962092518,10.945120737887919,10.95592242013663,10.801682248711586,True,
2144,onnx_model_040,measure,10.946587411805542,10.947611982934177,10.958808906842023,11.196923907846212,True,
2145,onnx_model_038,measure,10.947321102280108,10.947774432133883,10.958688719198108,10.914287064224482,True,
2146,onnx_model_079,measure,10.952782850155636,10.95376395713538,10.964882161933929,11.118204798549414,True,
2147,onnx_model_034,measure,10.953877760751363,10.954131436068565,10.965016948059201,10.885511990636587,True,
2148,onnx_model_092,measure,10.960320324156427,10.961069635115564,10.971860737074167,10.791101958602667,True,
2149,onnx_model_035,measure,10.964001106451324,10.964527446776628,10.975430122110993,10.902675334364176,True,
2150,onnx_model_045,measure,10.977369015063198,10.977654410060495,10.988751112949103,11.096702888607979,True,
2151,onnx_model_066,measure,10.978401050496334,10.97910017799586,10.990004315041006,10.904137045145035,True,
2152,onnx_model_045,measure,10.979281490508262,10.979477345012128,10.988867894746363,9.39054973423481,True,
2153,onnx_model_010,measure,10.990251078097717,10.991228451952338,11.002096911892295,10.868459939956665,True,
2154,onnx_model_032,measure,10.996676138966356,10.997697949875146,11.008719330187887,11.021380312740803,True,
2155,onnx_model_023,measure,10.998896315401536,10.99913982115686,11.010037194937468,10.897373780608177,True,
2156,onnx_model_004,measure,11.000354523161779,11.000590668991208,11.011661793105304,11.071124114096165,True,
2157,onnx_model_045,measure,11.003782107350363,11.004323423840106,11.015218272805214,10.894848965108395,True,
2158,onnx_model_049,measure,11.011039059620291,11.011258626822382,11.022291728761047,11.033101938664913,True,
2159,onnx_model_081,measure,11.016937524826844,11.01746531482786,11.028412914834917,10.94760000705719,True,
2160,onnx_model_030,measure,11.018984109987944,11.019915341865271,11.03077839082107,10.863048955798149,True,
2161,onnx_model_077,measure,11.021756384585006,11.022407388780266,11.0332649378106,10.857549030333757,True,
2162,onnx_model_058,measure,11.025390276589622,11.025854771956801,11.036836756858975,10.98198490217328,True,
2163,onnx_model_082,measure,11.034026640988507,11.034483915194869,11.045464788097888,10.98087290301919,True,
2164,onnx_model_003,measure,11.037628263750088,11.038057597819716,11.049081111792475,11.023513972759247,True,
2165,onnx_model_008,measure,11.04141433037936,11.042501554824412,11.053408126812428,10.906571988016367,True,
2166,onnx_model_038,measure,11.045585324005152,11.046708302106708,11.057675579097122,10.967276990413666,True,
2167,onnx_model_007,measure,11.057547082281802,11.057806408032775,11.068799663800746,10.993255767971277,True,
2168,onnx_model_031,measure,11.061627888902581,11.062250524759293,11.07318385783583,10.933333076536655,True,
2169,onnx_model_069,measure,11.06235918342329,11.062625829130411,11.073399838991463,10.774009861052036,True,
2170,onnx_model_076,measure,11.064844483281052,11.066062430851161,11.076876387000084,10.813956148922443,True,
2171,onnx_model_006,measure,11.066262747924986,11.066435871180147,11.077260367106646,10.824495926499367,True,
2172,onnx_model_012,measure,11.082099848090197,11.082505086902529,11.093448287807405,10.943200904875994,True,
2173,onnx_model_049,measure,11.109556974361118,11.11067315004766,11.121701342985034,11.028192937374115,True,
2174,onnx_model_061,measure,11.110714553957513,11.111034406814724,11.122110030148178,11.075623333454132,True,
2175,onnx_model_023,measure,11.118857740367922,11.119538250844926,11.130511269904673,10.973019059747458,True,
2176,onnx_model_077,measure,11.125870872660903,11.126413790974766,11.137347314041108,10.933523066341877,True,
2177,onnx_model_004,measure,11.127066104319557,11.127900105901062,11.139026104938239,11.12599903717637,True,
2178,onnx_model_056,measure,11.138078015072198,11.13857707194984,11.149499443825334,10.922371875494719,True,
2179,onnx_model_043,measure,11.138819782647257,11.13912500301376,11.150145461782813,11.02045876905322,True,
2180,onnx_model_092,measure,11.142434615292757,11.143599198199809,11.154669741168618,11.070542968809605,True,
2181,onnx_model_005,measure,11.14313140045265,11.143769541755319,11.154816531110555,11.046989355236292,True,
2182,onnx_model_075,measure,11.147221832728427,11.148326633963734,11.159265286754817,10.938652791082859,True,
2183,onnx_model_020,measure,11.148317270290725,11.148729108739644,11.159732175059617,11.003066319972277,True,
2184,onnx_model_030,measure,11.15124687752246,11.1523940959014,11.163250301964581,10.856206063181162,True,
2185,onnx_model_034,measure,11.172992701113102,11.17348753195256,11.184495917055756,11.008385103195906,True,
2186,onnx_model_005,measure,11.185127620049458,11.18572100577876,11.196620013099164,10.899007320404053,True,
2187,onnx_model_088,measure,11.185992797896903,11.187170019838959,11.198119454085827,10.949434246867895,True,
2188,onnx_model_091,measure,11.192999734208414,11.193630020134151,11.204479413107038,10.849392972886562,True,
2189,onnx_model_093,measure,11.193628008888288,11.193991437088698,11.205019840039313,11.02840295061469,True,
2190,onnx_model_003,measure,11.194233045365182,11.195430241990834,11.206260498147458,10.830256156623363,True,
2191,onnx_model_014,measure,11.206157513258667,11.20642565190792,11.217458384111524,11.03273220360279,True,
2192,onnx_model_018,measure,11.216702492184712,11.217556770890951,11.228582398965955,11.025628075003624,True,
2193,onnx_model_016,measure,11.221598290753628,11.22200611885637,11.23296667309478,10.960554238408804,True,
2194,onnx_model_015,measure,11.237439927700331,11.23818637477234,11.24920015083626,11.013776063919067,True,
2195,onnx_model_044,measure,11.256400760933381,11.257540424820036,11.268618653062731,11.078228242695332,True,
2196,onnx_model_049,measure,11.259197373133967,11.260099118109792,11.271290871780366,11.191753670573235,True,
2197,onnx_model_011,measure,11.259799068400163,11.260287075769156,11.271373909898102,11.086834128946066,True,
2198,onnx_model_037,measure,11.260409997158133,11.260774321854115,11.271770153194666,10.995831340551376,True,
2199,onnx_model_097,measure,11.262755017221915,11.263294622767717,11.274537934921682,11.243312153965235,True,
2200,onnx_model_057,measure,11.262786823921475,11.263509690761566,11.274653845001012,11.144154239445925,True,
2201,onnx_model_007,measure,11.26578074384177,11.266240532044321,11.27713021216914,10.889680124819279,True,
2202,onnx_model_092,measure,11.288384606531153,11.289364077150822,11.300132206175476,10.768129024654627,True,
2203,onnx_model_038,measure,11.292725649214711,11.293710157740861,11.304484468884766,10.774311143904924,True,
2204,onnx_model_033,measure,11.293885411908091,11.295050655957311,11.305854232050478,10.803576093167067,True,
2205,onnx_model_020,measure,11.29533662215423,11.29640026204288,11.307154804933816,10.754542890936136,True,
2206,onnx_model_072,measure,11.299033684000754,11.299708920996636,11.310611655935645,10.902734939008951,True,
2207,onnx_model_047,measure,11.301237513415565,11.30230417381972,11.313027817755938,10.723643936216831,True,
2208,onnx_model_016,measure,11.305228020271144,11.305637420155108,11.31644824007526,10.810819920152426,True,
2209,onnx_model_021,measure,11.314392800043601,11.315180941019207,11.32603065483272,10.849713813513517,True,
2210,onnx_model_044,measure,11.317161087801924,11.31760273501277,11.328515088185668,10.912353172898293,True,
2211,onnx_model_064,measure,11.31752602134264,11.31769966892898,11.328610789962113,10.911121033132076,True,
2212,onnx_model_005,measure,11.319195015140773,11.320024898741394,11.330729437060654,10.704538319259882,True,
2213,onnx_model_011,measure,11.32615659444149,11.327230515889823,11.338098424021155,10.867908131331205,True,
2214,onnx_model_007,measure,11.342770006231136,11.343310961965472,11.35418424103409,10.873279068619013,True,
2215,onnx_model_098,measure,11.344606575631367,11.34566842392087,11.356734207831323,11.06578391045332,True,
2216,onnx_model_045,measure,11.345552065344911,11.345777580980211,11.356786146759987,11.008565779775381,True,
2217,onnx_model_093,measure,11.346622449942743,11.347161522135139,11.358132997062057,10.971474926918745,True,
2218,onnx_model_078,measure,11.348372211961678,11.349506570026278,11.360393905080855,10.887335054576397,True,
2219,onnx_model_063,measure,11.350123207677072,11.350848751142621,11.361773687880486,10.92493673786521,True,
2220,onnx_model_045,measure,11.363161036057745,11.364089158829302,11.375226029194891,11.136870365589857,True,
2221,onnx_model_073,measure,11.371426556624794,11.372645623981953,11.383984446991235,11.33882300928235,True,
2222,onnx_model_037,measure,11.37143280004138,11.372830836102366,11.384035535156727,11.20469905436039,True,
2223,onnx_model_010,measure,11.373417932052428,11.37446866882965,11.385522179771215,11.053510941565037,True,
2224,onnx_model_096,measure,11.375541173635714,11.37652784306556,11.387646228075027,11.118385009467602,True,
2225,onnx_model_019,measure,11.382861342705073,11.384136827196926,11.39541080687195,11.273979675024748,True,
2226,onnx_model_031,measure,11.383016209769684,11.384345503989607,11.395508122164756,11.162618175148964,True,
2227,onnx_model_026,measure,11.399383776445351,11.39974968507886,11.410834705922753,11.08502084389329,True,
2228,onnx_model_033,measure,11.402457698438731,11.403277780860662,11.414376188069582,11.098407208919525,True,
2229,onnx_model_013,measure,11.407638249624796,11.408835284877568,11.419870230834931,11.034945957362652,True,
2230,onnx_model_042,measure,11.408417350938771,11.409021699801087,11.420001059770584,10.979359969496727,True,
2231,onnx_model_002,measure,11.412692313121845,11.413132914807647,11.424151428975165,11.018514167517424,True,
2232,onnx_model_045,measure,11.416892578243017,11.417614954058081,11.428619583137333,11.004629079252481,True,
2233,onnx_model_017,measure,11.421283135473201,11.422226761002094,11.43313267081976,10.905909817665815,True,
2234,onnx_model_097,measure,11.422168536704955,11.422604107763618,11.433564532082528,10.960424318909645,True,
2235,onnx_model_043,measure,11.424076204751833,11.424301283899695,11.43509185500443,10.790571104735136,True,
2236,onnx_model_039,measure,11.430859855619865,11.431842639110982,11.442742337938398,10.899698827415705,True,
2237,onnx_model_087,measure,11.435183256830358,11.436345948837698,11.44735336303711,11.007414199411869,True,
2238,onnx_model_043,measure,11.445808532148993,11.446962350048125,11.457884942181408,10.922592133283615,True,
2239,onnx_model_034,measure,11.453264547560355,11.453580148983747,11.464637618046254,11.057469062507153,True,
2240,onnx_model_011,measure,11.453442959293902,11.453740233089775,11.46478608995676,11.04585686698556,True,
2241,onnx_model_003,measure,11.454815739508708,11.455274038948119,11.466398785822093,11.1247468739748,True,
2242,onnx_model_061,measure,11.457517037852854,11.457980724051595,11.468825367745012,10.84464369341731,True,
2243,onnx_model_054,measure,11.464975653442627,11.466009054798633,11.476972084026784,10.963029228150845,True,
2244,onnx_model_057,measure,11.468553126241027,11.468934806063771,11.479818353895098,10.883547831326723,True,
2245,onnx_model_089,measure,11.470665782367812,11.471393350046128,11.482248723972589,10.855373926460743,True,
2246,onnx_model_059,measure,11.472281279673174,11.472824721131474,11.48366452474147,10.839803609997034,True,
2247,onnx_model_084,measure,11.475181183791877,11.476255782879889,11.487058456987143,10.802674107253551,True,
2248,onnx_model_004,measure,11.47633281718494,11.476619252935052,11.487354328855872,10.735075920820236,True,
2249,onnx_model_000,measure,11.47809136952388,11.479198947083205,11.490043570753187,10.844623669981956,True,
2250,onnx_model_062,measure,11.481846553212685,11.482360476162285,11.493143233004957,10.782756842672825,True,
2251,onnx_model_098,measure,11.498870324788399,11.499374859035015,11.510398522950709,11.02366391569376,True,
2252,onnx_model_035,measure,11.499322450857912,11.499788645189255,11.510759599041194,10.970953851938248,True,
2253,onnx_model_011,measure,11.511523906412114,11.51199243310839,11.5229053767398,10.912943631410599,True,
2254,onnx_model_093,measure,11.531407213501085,11.533126655966043,11.544086107984185,10.959452018141747,True,
2255,onnx_model_018,measure,11.539876877893104,11.540582729037851,11.551678982097656,11.09625305980444,True,
2256,onnx_model_049,measure,11.554235655388686,11.554980657994747,11.566143948119134,11.163290124386549,True,
2257,onnx_model_011,measure,11.567515761727996,11.568425634875894,11.579376330133528,10.950695257633924,True,
2258,onnx_model_087,measure,11.573567438819744,11.573897515889257,11.58476493274793,10.867416858673096,True,
2259,onnx_model_008,measure,11.582000439770418,11.58260472677648,11.59351316280663,10.90843603014946,True,
2260,onnx_model_000,measure,11.587114536102064,11.587989011779428,11.598959275055677,10.97026327624917,True,
2261,onnx_model_018,measure,11.589246778309386,11.590446753893048,11.601512367837131,11.065613944083452,True,
2262,onnx_model_033,measure,11.589259920967576,11.590610234066844,11.601961521897465,11.351287830621004,True,
2263,onnx_model_098,measure,11.599171476507271,11.60023566102609,11.611103780101985,10.868119075894356,True,
2264,onnx_model_085,measure,11.600507799320377,11.601614192128181,11.6124357720837,10.821579955518246,True,
2265,onnx_model_043,measure,11.60504203543412,11.606193596031517,11.617052206769586,10.858610738068819,True,
2266,onnx_model_014,measure,11.60896790960828,11.609649035148323,11.620447000022978,10.797964874655008,True,
2267,onnx_model_060,measure,11.609783572108936,11.610016131773591,11.62086509494111,10.848963167518377,True,
2268,onnx_model_038,measure,11.617408981259429,11.618267947807908,11.629277004860342,11.00905705243349,True,
2269,onnx_model_017,measure,11.618657360517982,11.619715328793973,11.630624195095152,10.908866301178932,True,
2270,onnx_model_086,measure,11.622918455479368,11.624114751815796,11.635235800873488,11.12104905769229,True,
2271,onnx_model_080,measure,11.62680566722126,11.627567975781858,11.638523370958865,10.955395177006721,True,
2272,onnx_model_088,measure,11.628944082175833,11.629387253895402,11.640456134919077,11.068881023675203,True,
2273,onnx_model_070,measure,11.634361253270672,11.6348467618227,11.646026784088463,11.18002226576209,True,
2274,onnx_model_034,measure,11.637099128875798,11.637472693808377,11.648368604946882,10.895911138504744,True,
2275,onnx_model_042,measure,11.637769282459859,11.638619834091514,11.64943690598011,10.81707188859582,True,
2276,onnx_model_088,measure,11.639412109490761,11.640076452866197,11.651025365106761,10.948912240564823,True,
2277,onnx_model_000,measure,11.644614438866446,11.64571003196761,11.656541790813208,10.831758845597506,True,
2278,onnx_model_032,measure,11.646243093564696,11.647265487816185,11.65837749093771,11.11200312152505,True,
2279,onnx_model_035,measure,11.646454504991931,11.64745140215382,11.658513239119202,11.0618369653821,True,
2280,onnx_model_041,measure,11.647048194958877,11.647599342744797,11.658714652061462,11.115309316664934,True,
2281,onnx_model_053,measure,11.650122084322708,11.650655251927674,11.661501820199192,10.846568271517754,True,
2282,onnx_model_021,measure,11.66439090968229,11.664728383067995,11.67555072484538,10.822341777384281,True,
2283,onnx_model_047,measure,11.679709562885062,11.680714270099998,11.691423707176,10.70943707600236,True,
2284,onnx_model_002,measure,11.683582180809541,11.68405927810818,11.694903140887618,10.843862779438496,True,
2285,onnx_model_062,measure,11.684824013535332,11.685422408860177,11.69616544013843,10.743031278252602,True,
2286,onnx_model_046,measure,11.68602249526481,11.686696982011199,11.697294867131859,10.597885120660067,True,
2287,onnx_model_074,measure,11.69468795480806,11.694974946789443,11.705943055916578,10.968109127134085,True,
2288,onnx_model_009,measure,11.70163465104666,11.702472139149904,11.713342091068625,10.869951918721199,True,
2289,onnx_model_017,measure,11.70406247615834,11.70486310403794,11.715991407167166,11.12830312922597,True,
2290,onnx_model_013,measure,11.70432159527275,11.705031814053655,11.716102097183466,11.070283129811287,True,
2291,onnx_model_047,measure,11.70488807148024,11.70547560788691,11.716324098873883,10.848490986973047,True,
2292,onnx_model_023,measure,11.711782593085148,11.712169311009347,11.723129735793918,10.960424784570932,True,
2293,onnx_model_038,measure,11.713191269056331,11.713482628110796,11.724552160128951,11.06953201815486,True,
2294,onnx_model_074,measure,11.713254343252705,11.713646418880671,11.724651188123971,11.004769243299961,True,
2295,onnx_model_050,measure,11.713997323732903,11.715227494947612,11.726013086736202,10.785591788589954,True,
2296,onnx_model_073,measure,11.72794046698275,11.728236993774772,11.739227856043726,10.990862268954515,True,
2297,onnx_model_049,measure,11.738742329375219,11.73932709498331,11.750230160076171,10.903065092861652,True,
2298,onnx_model_062,measure,11.740844974577364,11.741794525180012,11.752871650736779,11.077125556766987,True,
2299,onnx_model_065,measure,11.743191576590576,11.744232969824225,11.755133781116456,10.900811292231083,True,
2300,onnx_model_011,measure,11.745908219818165,11.746707753743976,11.757737811189145,11.030057445168495,True,
2301,onnx_model_088,measure,11.746089805303367,11.746874550823122,11.757713915780187,10.83936495706439,True,
2302,onnx_model_082,measure,11.751747073771194,11.752481939736754,11.763252723962069,10.770784225314856,True,
2303,onnx_model_052,measure,11.753596071135291,11.75409514689818,11.76484097307548,10.745826177299023,True,
2304,onnx_model_084,measure,11.759435063970983,11.75988854886964,11.770673399791121,10.784850921481848,True,
2305,onnx_model_026,measure,11.763354745941966,11.764414371922612,11.775105313863605,10.69094194099307,True,
2306,onnx_model_094,measure,11.764370347918263,11.764629912097007,11.77537589892745,10.745986830443144,True,
2307,onnx_model_048,measure,11.770614426413212,11.770812564063817,11.78156848018989,10.755916126072407,True,
2308,onnx_model_078,measure,11.772297667550582,11.77324683079496,11.784054705873132,10.807875078171492,True,
2309,onnx_model_029,measure,11.792206295760638,11.794287516735494,11.805313875898719,11.026359163224697,True,
2310,onnx_model_022,measure,11.79387344092965,11.794497977010906,11.805418424773961,10.920447763055563,True,
2311,onnx_model_080,measure,11.804379959419789,11.804949733894318,11.815805550199002,10.855816304683685,True,
2312,onnx_model_019,measure,11.808812217770932,11.809573844075203,11.820464104879647,10.890260804444551,True,
2313,onnx_model_087,measure,11.808898077279768,11.809667923022062,11.820540550164878,10.872627142816782,True,
2314,onnx_model_091,measure,11.811546843449866,11.811989455949515,11.822694425005466,10.704969055950642,True,
2315,onnx_model_075,measure,11.816886735614144,11.817958332132548,11.828870825003833,10.912492871284485,True,
2316,onnx_model_056,measure,11.824093515964448,11.824845402967185,11.835652857087553,10.807454120367765,True,
2317,onnx_model_004,measure,11.826258332489807,11.827128623146564,11.837947599124163,10.81897597759962,True,
2318,onnx_model_010,measure,11.833092844459953,11.834096477832645,11.84499418316409,10.89770533144474,True,
2319,onnx_model_093,measure,11.83778768618611,11.838040685746819,11.848907602019608,10.86691627278924,True,
2320,onnx_model_001,measure,11.847344750134976,11.848154450766742,11.858940532896668,10.78608212992549,True,
2321,onnx_model_004,measure,11.849723714222668,11.850122902076691,11.860993285197765,10.870383121073246,True,
2322,onnx_model_069,measure,11.850533608468517,11.851566936820745,11.862378849182278,10.81191236153245,True,
2323,onnx_model_076,measure,11.852365691624989,11.852988238912076,11.86389499111101,10.906752198934555,True,
2324,onnx_model_011,measure,11.854297375441305,11.854483320843428,11.865251399111003,10.76807826757431,True,
2325,onnx_model_066,measure,11.854564164521626,11.854823276866227,11.865585383959115,10.762107092887163,True,
2326,onnx_model_032,measure,11.855291927444716,11.85624661296606,11.867263734806329,11.017121840268373,True,
2327,onnx_model_095,measure,11.855441179977765,11.856425823178142,11.867155939806253,10.730116628110409,True,
2328,onnx_model_074,measure,11.859730000227067,11.860100187826902,11.87078201211989,10.681824292987585,True,
2329,onnx_model_065,measure,11.868481591731008,11.869492852129042,11.88120537577197,11.712523642927408,True,
2330,onnx_model_061,measure,11.868558952199725,11.869654870126396,11.88069062680006,11.035756673663855,True,
2331,onnx_model_011,measure,11.869203174820251,11.869795546866953,11.881249289028347,11.453742161393166,True,
2332,onnx_model_089,measure,11.871870280205206,11.873004096094519,11.883939593099058,10.935497004538774,True,
2333,onnx_model_099,measure,11.878300880875685,11.879458935931325,11.890242072753608,10.783136822283268,True,
2334,onnx_model_007,measure,11.87937288975794,11.879803720861673,11.890710093080997,10.906372219324112,True,
2335,onnx_model_030,measure,11.880548902649274,11.880826966837049,11.89166729291901,10.840326081961393,True,
2336,onnx_model_078,measure,11.882443441041223,11.883507843129337,11.89439132111147,10.883477982133627,True,
2337,onnx_model_041,measure,11.884264884116305,11.885161817073822,11.895997113082558,10.835296008735895,True,
2338,onnx_model_010,measure,11.885992028589223,11.886614427901804,11.8973653241992,10.75089629739523,True,
2339,onnx_model_053,measure,11.887588241485648,11.888061168137938,11.898904408793896,10.843240655958652,True,
2340,onnx_model_024,measure,11.88986530683326,11.890352733898908,11.901156871113926,10.804137215018272,True,
2341,onnx_model_088,measure,11.895970313126144,11.896163308992982,11.907006049063057,10.842740070074797,True,
2342,onnx_model_028,measure,11.896125648510925,11.896576353814453,11.907520536798984,10.944182984530926,True,
2343,onnx_model_030,measure,11.896375756467087,11.896737621165812,11.907712501939386,10.974880773574114,True,
2344,onnx_model_073,measure,11.902101602321224,11.902385496068746,11.91317385295406,10.788356885313988,True,
2345,onnx_model_032,measure,11.902378079898174,11.90274658286944,11.91352504119277,10.778458323329687,True,
2346,onnx_model_004,measure,11.904108008616587,11.905175358988345,11.915902609936893,10.727250948548317,True,
2347,onnx_model_088,measure,11.906547423282607,11.907101911958307,11.917987072840333,10.885160882025957,True,
2348,onnx_model_090,measure,11.911024494886094,11.911934277042747,11.922694270964712,10.75999392196536,True,
2349,onnx_model_007,measure,11.914049924429678,11.91474814619869,11.925788601860404,11.040455661714077,True,
2350,onnx_model_008,measure,11.914227824244923,11.91490861074999,11.925674364902079,10.765754152089357,True,
2351,onnx_model_011,measure,11.91663195991079,11.917121868114918,11.927907149773091,10.785281658172607,True,
2352,onnx_model_038,measure,11.926469421962674,11.927006146870553,11.937919100746512,10.91295387595892,True,
2353,onnx_model_058,measure,11.937691786419542,11.938013831153512,11.948905353900045,10.891522746533155,True,
2354,onnx_model_049,measure,11.93903249526665,11.939483805093914,11.950372091960162,10.888286866247654,True,
2355,onnx_model_084,measure,11.94466119126042,11.944913475774229,11.955870002973825,10.956527199596167,True,
2356,onnx_model_071,measure,11.94881631188507,11.949048575945199,11.959917887113988,10.869311168789864,True,
2357,onnx_model_019,measure,11.95177764466028,11.952594516798854,11.96346361702308,10.869100224226713,True,
2358,onnx_model_094,measure,11.964892874398203,11.965692413970828,11.976865171920508,11.17275794968009,True,
2359,onnx_model_084,measure,11.967388047136367,11.968147370964289,11.97906600497663,10.9186340123415,True,
2360,onnx_model_056,measure,11.969026386716795,11.969602867029607,11.980662860907614,11.059993878006935,True,
2361,onnx_model_077,measure,11.970994619647987,11.97208039695397,11.982920872978866,10.840476024895906,True,
2362,onnx_model_053,measure,11.975317803294432,11.976542438846081,11.987496320158243,10.953881312161684,True,
2363,onnx_model_050,measure,11.979334940898465,11.980285664089024,11.99114928394556,10.863619856536388,True,
2364,onnx_model_090,measure,11.985801588549624,11.986141534987837,11.997547154780477,11.40561979264021,True,
2365,onnx_model_022,measure,11.990523376420786,11.991285923868418,12.00216562487185,10.879701003432274,True,
2366,onnx_model_024,measure,11.996418807931889,11.99680623691529,12.007815734948963,11.009498033672571,True,
2367,onnx_model_027,measure,11.996706611532295,11.997196979820728,12.008187240920961,10.990261100232601,True,
2368,onnx_model_019,measure,12.004066801250938,12.00440258719027,12.015300211962312,10.897624772042036,True,
2369,onnx_model_040,measure,12.009958753415665,12.010420134756714,12.021357676014304,10.937541257590055,True,
2370,onnx_model_003,measure,12.017668521172343,12.018562542740256,12.02944071078673,10.878168046474457,True,
2371,onnx_model_081,measure,12.035051630328866,12.035677625797689,12.046660362742841,10.982736945152283,True,
2372,onnx_model_075,measure,12.039724144385628,12.040120020974427,12.051146850921214,11.026829946786165,True,
2373,onnx_model_090,measure,12.041336563160494,12.04157293215394,12.052482309751213,10.909377597272396,True,
2374,onnx_model_003,measure,12.042305031472091,12.043032486923039,12.05410442315042,11.07193622738123,True,
2375,onnx_model_060,measure,12.044518889427723,12.045477383770049,12.056305367033929,10.827983263880014,True,
2376,onnx_model_008,measure,12.046516182449572,12.046793214976788,12.057932590134442,11.139375157654285,True,
2377,onnx_model_054,measure,12.050648909907371,12.051243824884295,12.062256558798254,11.012733913958073,True,
2378,onnx_model_014,measure,12.052622026585404,12.05372126493603,12.064668723847717,10.947458911687136,True,
2379,onnx_model_027,measure,12.056464686438416,12.057580900844187,12.068538610823452,10.957709979265928,True,
2380,onnx_model_043,measure,12.064441582481688,12.064766590017825,12.07573512988165,10.968539863824844,True,
2381,onnx_model_066,measure,12.06524896289897,12.0662153637968,12.077430583070964,11.215219274163246,True,
2382,onnx_model_021,measure,12.065733730570598,12.066401096992195,12.077371880877763,10.97078388556838,True,
2383,onnx_model_076,measure,12.066580297928713,12.066877854056656,12.07777416612953,10.896312072873116,True,
2384,onnx_model_061,measure,12.07304939515076,12.073766698129475,12.084629606921226,10.86290879175067,True,
2385,onnx_model_000,measure,12.079902438861383,12.080994967836887,12.091959881130606,10.964913293719292,True,
2386,onnx_model_072,measure,12.082003646382049,12.082446427084506,12.093599398154765,11.15297107025981,True,
2387,onnx_model_047,measure,12.087974541880591,12.088858645875007,12.099923158064485,11.064512189477682,True,
2388,onnx_model_072,measure,12.088575512052246,12.089021775871515,12.093641858082265,4.620082210749388,True,
2389,onnx_model_077,measure,12.090224195375798,12.090554909780622,12.101414151955396,10.859242174774408,True,
2390,onnx_model_010,measure,12.103201860420128,12.103656083811074,12.114557886961848,10.901803150773048,True,
2391,onnx_model_064,measure,12.109985351469783,12.111104472074658,12.122036261949688,10.931789875030518,True,
2392,onnx_model_019,measure,12.117579451967332,12.118789209984243,12.130170715041459,11.38150505721569,True,
2393,onnx_model_025,measure,12.118214576354951,12.11897436203435,12.130124817136675,11.150455102324486,True,
2394,onnx_model_099,measure,12.126941063359014,12.12726922892034,12.138383375946432,11.114147026091814,True,
2395,onnx_model_063,measure,12.127092322271126,12.127447478007525,12.138535033911467,11.087555903941393,True,
2396,onnx_model_072,measure,12.135884602007616,12.13640461396426,12.147354918997735,10.95030503347516,True,
2397,onnx_model_022,measure,12.137274675367841,12.137850241735578,12.148829431738704,10.97919000312686,True,
2398,onnx_model_012,measure,12.138537166648941,12.138679918833077,12.149516257923096,10.836339090019464,True,
2399,onnx_model_090,measure,12.142238334147075,12.143133255187422,12.15424635913223,11.113103944808245,True,
2400,onnx_model_076,measure,12.145590750508585,12.14658180018887,12.157455639913678,10.873839724808931,True,
2401,onnx_model_041,measure,12.151322473522713,12.151757998857647,12.162708905059844,10.950906202197075,True,
2402,onnx_model_007,measure,12.162301192561085,12.162804277148098,12.173952146898955,11.147869750857353,True,
2403,onnx_model_060,measure,12.167007333005346,12.167259013745934,12.178174673113972,10.915659368038177,True,
2404,onnx_model_017,measure,12.167746373324267,12.168713129125535,12.179771799128503,11.05867000296712,True,
2405,onnx_model_000,measure,12.168897685776919,12.169073322787881,12.179881176911294,10.807854123413563,True,
2406,onnx_model_007,measure,12.170030426439338,12.170486819930375,12.174479278735816,3.9924588054418564,True,
2407,onnx_model_079,measure,12.173622198052819,12.17409214284271,12.185059439856559,10.96729701384902,True,
2408,onnx_model_018,measure,12.179170431229306,12.179406915791333,12.190310412086546,10.9034962952137,True,
2409,onnx_model_067,measure,12.18484425716706,12.185153999831527,12.196124403737485,10.970403905957937,True,
2410,onnx_model_049,measure,12.18988489190737,12.190419760067016,12.20138634601608,10.966585949063301,True,
2411,onnx_model_016,measure,12.193752699010792,12.194859618786722,12.205861481837928,11.001863051205873,True,
2412,onnx_model_086,measure,12.19845835667682,12.199361056089401,12.210489780176431,11.128724087029696,True,
2413,onnx_model_089,measure,12.209369464401648,12.210095731075853,12.221122150775045,11.026419699192047,True,
2414,onnx_model_088,measure,12.210499612978746,12.210638221818954,12.221614316105843,10.976094286888838,True,
2415,onnx_model_081,measure,12.21114327779595,12.212078629992902,12.222979822196066,10.9011922031641,True,
2416,onnx_model_020,measure,12.21627322296375,12.216527948156,12.227480055764318,10.952107608318329,True,
2417,onnx_model_034,measure,12.230103250548803,12.230701849795878,12.241602190770209,10.900340974330902,True,
2418,onnx_model_026,measure,12.247971594555505,12.248831431847066,12.259886095765978,11.05466391891241,True,
2419,onnx_model_034,measure,12.249439618973067,12.250275357160717,12.261166490148753,10.891132988035679,True,
2420,onnx_model_063,measure,12.251537922368854,12.252727958839387,12.264138037804514,11.410078965127468,True,
2421,onnx_model_053,measure,12.252870993326638,12.253093284089118,12.264184175990522,11.090891901403666,True,
2422,onnx_model_050,measure,12.256021269660248,12.256521299947053,12.267403665930033,10.882365982979536,True,
2423,onnx_model_002,measure,12.262833200813509,12.263427156955004,12.274554527830333,11.12737087532878,True,
2424,onnx_model_001,measure,12.262932731611365,12.263614763971418,12.274703541770577,11.088777799159288,True,
2425,onnx_model_023,measure,12.269127345395827,12.269627301953733,12.280552640091628,10.925338137894869,True,
2426,onnx_model_012,measure,12.270353308967845,12.27107228897512,12.282048402819782,10.976113844662905,True,
2427,onnx_model_004,measure,12.27180015590402,12.27259449288249,12.283266748767346,10.672255884855986,True,
2428,onnx_model_002,measure,12.274690982355118,12.274848145898432,12.285600535105914,10.752389207482338,True,
2429,onnx_model_079,measure,12.276337508627241,12.277295528911054,12.288243849761784,10.948320850729942,True,
2430,onnx_model_081,measure,12.27727131354369,12.27766752615571,12.288364108186215,10.696582030504942,True,
2431,onnx_model_095,measure,12.290776812425161,12.29151666117832,12.302144573070109,10.627911891788244,True,
2432,onnx_model_043,measure,12.292761832685075,12.29379730578512,12.304543633945286,10.74632816016674,True,
2433,onnx_model_013,measure,12.297422489267356,12.298074856866151,12.308771960902959,10.697104036808014,True,
2434,onnx_model_063,measure,12.306250949701523,12.306693911086768,12.317385784815997,10.691873729228973,True,
2435,onnx_model_002,measure,12.314605973107287,12.31493599805981,12.325642408803105,10.706410743296146,True,
2436,onnx_model_026,measure,12.319898548905421,12.320549037773162,12.331379153765738,10.830115992575884,True,
2437,onnx_model_081,measure,12.321319320824164,12.321830603759736,12.332593542989343,10.762939229607582,True,
2438,onnx_model_020,measure,12.321375173479284,12.321927026845515,12.332730231806636,10.803204961121082,True,
2439,onnx_model_044,measure,12.334281858270506,12.334883094765246,12.345859158784151,10.976064018905163,True,
2440,onnx_model_041,measure,12.343694668502028,12.345232277177274,12.356498423032463,11.26614585518837,True,
2441,onnx_model_023,measure,12.343844987265793,12.345412509981543,12.356608932837844,11.19642285630107,True,
2442,onnx_model_019,measure,12.355221686533868,12.356080968864262,12.36702639516443,10.945426300168037,True,
2443,onnx_model_033,measure,12.36781723656584,12.368241675198078,12.379019090905786,10.777415707707405,True,
2444,onnx_model_054,measure,12.368932225171285,12.369606358930469,12.380902430973947,11.296072043478489,True,
2445,onnx_model_042,measure,12.369167433049357,12.3697643391788,12.380947336088866,11.182996910065413,True,
2446,onnx_model_087,measure,12.37977092695557,12.380246905144304,12.391261241864413,11.014336720108986,True,
2447,onnx_model_083,measure,12.379863740286641,12.380424963776022,12.39140684902668,10.981885250657797,True,
2448,onnx_model_027,measure,12.3832462888598,12.384176203981042,12.39509112201631,10.914918035268784,True,
2449,onnx_model_036,measure,12.388006191137766,12.388631212059408,12.399400232825428,10.769020766019821,True,
2450,onnx_model_022,measure,12.391319595718087,12.391546674072742,12.402368254959583,10.82158088684082,True,
2451,onnx_model_071,measure,12.40232840612814,12.402532015927136,12.413431364111602,10.899348184466362,True,
2452,onnx_model_054,measure,12.410874311427463,12.412996877916157,12.423797708936036,10.800831019878387,True,
2453,onnx_model_058,measure,12.414313201262756,12.414655320812017,12.425477171782404,10.821850970387459,True,
2454,onnx_model_094,measure,12.42800757602662,12.428698143921793,12.439631025772542,10.932881850749254,True,
2455,onnx_model_087,measure,12.428799079320399,12.429071654099971,12.439940304029733,10.868649929761887,True,
2456,onnx_model_013,measure,12.434831441768337,12.435505924746394,12.446274283807725,10.768359061330557,True,
2457,onnx_model_027,measure,12.450295383831945,12.451570591889322,12.462692882865667,11.122290976345539,True,
2458,onnx_model_046,measure,12.452917763617856,12.454117834102362,12.465039393864572,10.921559762209654,True,
2459,onnx_model_009,measure,12.456882095935962,12.457676338031888,12.468507986981422,10.831648949533701,True,
2460,onnx_model_078,measure,12.458793515560016,12.45935303485021,12.470229398924857,10.876364074647427,True,
2461,onnx_model_073,measure,12.460017181765734,12.460839369799942,12.471561511978507,10.722142178565264,True,
2462,onnx_model_055,measure,12.461624080612035,12.462286620866507,12.473429833073169,11.143212206661701,True,
2463,onnx_model_073,measure,12.471969386426949,12.47279116883874,12.4837502008304,10.959031991660595,True,
2464,onnx_model_008,measure,12.472464412621372,12.47296847589314,12.483879446052015,10.910970158874989,True,
2465,onnx_model_027,measure,12.479586600106826,12.480676127132028,12.491968823131174,11.292695999145508,True,
2466,onnx_model_011,measure,12.480279369652289,12.480871418025345,12.49201678391546,11.1453658901155,True,
2467,onnx_model_006,measure,12.485064603605945,12.486104846000671,12.497033259831369,10.928413830697536,True,
2468,onnx_model_095,measure,12.491078997826024,12.49156888294965,12.502349053975195,10.780171025544405,True,
2469,onnx_model_053,measure,12.494448170757998,12.49524367786944,12.506227577105165,10.983899235725403,True,
2470,onnx_model_020,measure,12.497393241963032,12.498261003755033,12.509365993086249,11.10498933121562,True,
2471,onnx_model_056,measure,12.497835953059214,12.498444642871618,12.509468266740441,11.023623868823051,True,
2472,onnx_model_094,measure,12.510228377690767,12.510684318840504,12.52191469585523,11.2303770147264,True,
2473,onnx_model_077,measure,12.517566988061695,12.518130572978407,12.529204682912678,11.074109934270382,True,
2474,onnx_model_089,measure,12.519943351978329,12.520607119891793,12.531465120147914,10.858000256121159,True,
2475,onnx_model_051,measure,12.52296473652872,12.524143071845174,12.53567742696032,11.534355115145445,True,
2476,onnx_model_056,measure,12.523416183442992,12.52430773479864,12.536089661065489,11.781926266849041,True,
2477,onnx_model_064,measure,12.524168085127014,12.524800270795822,12.536191313993186,11.391043197363615,True,
2478,onnx_model_077,measure,12.525639619463306,12.526270586065948,12.52931523276493,3.0446466989815235,True,
2479,onnx_model_078,measure,12.526139324439262,12.526470365934074,12.537410000804812,10.939634870737791,True,
2480,onnx_model_068,measure,12.527072518985694,12.527975816745311,12.538919930811971,10.944114066660404,True,
2481,onnx_model_057,measure,12.533508405242292,12.534707493148744,12.545888897962868,11.181404814124107,True,
2482,onnx_model_035,measure,12.534356624072363,12.53486954094842,12.54599500913173,11.12546818330884,True,
2483,onnx_model_065,measure,12.534734563562415,12.535253752022982,12.546176984906197,10.92323288321495,True,
2484,onnx_model_099,measure,12.54328661975887,12.54413877101615,12.555074257776141,10.935486759990454,True,
2485,onnx_model_097,measure,12.54860708421602,12.549431071151048,12.560428024735302,10.996953584253788,True,
2486,onnx_model_095,measure,12.556049273774725,12.55630681104958,12.567254391033202,10.947579983621836,True,
2487,onnx_model_060,measure,12.563044500927065,12.563648416195065,12.574636733159423,10.988316964358091,True,
2488,onnx_model_085,measure,12.563823687444826,12.564029920846224,12.574975688010454,10.945767164230347,True,
2489,onnx_model_061,measure,12.573124028454664,12.573483320884407,12.584311292972416,10.827972088009119,True,
2490,onnx_model_031,measure,12.574929805644972,12.575142554938793,12.586037495173514,10.894940234720707,True,
2491,onnx_model_033,measure,12.580823866293574,12.581594638992101,12.592571855988353,10.977216996252537,True,
2492,onnx_model_028,measure,12.586182371623384,12.587269846815616,12.598277802113444,11.00795529782772,True,
2493,onnx_model_053,measure,12.589374577367677,12.589731475804001,12.600767474155873,11.035998351871967,True,
2494,onnx_model_020,measure,12.594160094881254,12.594795883167535,12.605814547743648,11.018664576113224,True,
2495,onnx_model_008,measure,12.607173174073411,12.608036381192505,12.619014129042625,10.977747850120068,True,
2496,onnx_model_062,measure,12.612828058396882,12.613484657835215,12.62449465598911,11.00999815389514,True,
2497,onnx_model_071,measure,12.617263132299387,12.61792127089575,12.628906692843884,10.9854219481349,True,
2498,onnx_model_094,measure,12.619766624165038,12.620239026844501,12.631270796991885,11.031770147383213,True,
2499,onnx_model_027,measure,12.620300541457652,12.62061385018751,12.631665697786957,11.051847599446774,True,
2500,onnx_model_063,measure,12.621309826949624,12.622074084822088,12.633083602879196,11.009518057107925,True,
2501,onnx_model_052,measure,12.6219436700517,12.62223959993571,12.633266319986433,11.02672005072236,True,
2502,onnx_model_060,measure,12.62322115230801,12.623766191769391,12.63457168219611,10.805490426719189,True,
2503,onnx_model_027,measure,12.626833444882692,12.627739815041423,12.631827815901488,4.088000860065222,True,
2504,onnx_model_079,measure,12.638003058405896,12.638815778773278,12.649887665174901,11.071886401623487,True,
2505,onnx_model_079,measure,12.645849445833596,12.646279035136104,12.650025616865605,3.746581729501486,True,
2506,onnx_model_011,measure,12.646286738607358,12.64667335478589,12.657516445964575,10.843091178685427,True,
2507,onnx_model_054,measure,12.660293908074031,12.660757206846029,12.671871041879058,11.113835033029318,True,
2508,onnx_model_071,measure,12.66603302046342,12.667218608781695,12.678166118916124,10.94751013442874,True,
2509,onnx_model_080,measure,12.674093945176937,12.675097134895623,12.686152540147305,11.055405251681805,True,
2510,onnx_model_005,measure,12.68537885317852,12.68624696880579,12.69710435718298,10.857388377189636,True,
2511,onnx_model_002,measure,12.691882989254545,12.692714462988079,12.703538457863033,10.823994874954224,True,
2512,onnx_model_056,measure,12.693684187234204,12.69415703509003,12.704989767167717,10.832732077687979,True,
2513,onnx_model_075,measure,12.706293110483227,12.707168337889016,12.718031506985426,10.863169096410275,True,
2514,onnx_model_089,measure,12.710684200163726,12.711536891758442,12.722463421989232,10.926530230790377,True,
2515,onnx_model_050,measure,12.710773133813397,12.711661989800632,12.72253635013476,10.874360334128141,True,
2516,onnx_model_099,measure,12.715038151205276,12.716102630831301,12.7271359837614,11.033352930098772,True,
2517,onnx_model_091,measure,12.716077591661477,12.716561302077025,12.72735144291073,10.790140833705664,True,
2518,onnx_model_060,measure,12.7179699854183,12.718128161039203,12.728899776004255,10.771614965051413,True,
2519,onnx_model_049,measure,12.733585828779079,12.734140418004245,12.744972698856145,10.832280851900578,True,
2520,onnx_model_050,measure,12.73761595568805,12.738607930019498,12.74946352513507,10.855595115572214,True,
2521,onnx_model_041,measure,12.740294649235594,12.741048499010503,12.751945302821696,10.896803811192513,True,
2522,onnx_model_010,measure,12.74517687440733,12.746161297895014,12.757013065740466,10.851767845451832,True,
2523,onnx_model_010,measure,12.750369281557619,12.750615254044533,12.757140859030187,6.525604985654354,True,
2524,onnx_model_065,measure,12.752966357811376,12.754134363960475,12.765242889057845,11.108525097370148,True,
2525,onnx_model_009,measure,12.753976893765541,12.754258620087057,12.76528825610876,11.029636021703482,True,
2526,onnx_model_080,measure,12.759442742835395,12.760377421043813,12.771389293018728,11.011871974915266,True,
2527,onnx_model_095,measure,12.76375733942695,12.76481493609026,12.775767716113478,10.952780023217201,True,
2528,onnx_model_016,measure,12.767625899862427,12.76851314585656,12.779481816105545,10.96867024898529,True,
2529,onnx_model_032,measure,12.769560322338961,12.769942442886531,12.780884792096913,10.942349210381508,True,
2530,onnx_model_013,measure,12.77152227322827,12.772616025060415,12.7836624821648,11.0464571043849,True,
2531,onnx_model_041,measure,12.777791470248259,12.778991302940995,12.789955214131624,10.963911190629005,True,
2532,onnx_model_099,measure,12.780757030503985,12.781051700003445,12.792020299937576,10.968599934130907,True,
2533,onnx_model_019,measure,12.78431771097238,12.784938707947731,12.795972160995007,11.033453047275543,True,
2534,onnx_model_087,measure,12.804083727792325,12.806280676741153,12.817162732128054,10.882055386900902,True,
2535,onnx_model_005,measure,12.814766036225231,12.816773232072592,12.827681567054242,10.908334981650114,True,
2536,onnx_model_061,measure,12.817716960771158,12.818361721001565,12.829143506009132,10.781785007566214,True,
2537,onnx_model_010,measure,12.820402175445539,12.82067376608029,12.831370959989727,10.697193909436464,True,
2538,onnx_model_087,measure,12.828704407092449,12.82920420076698,12.840008968953043,10.804768186062574,True,
2539,onnx_model_031,measure,12.829922803734894,12.830509842839092,12.841370007023215,10.860164184123278,True,
2540,onnx_model_022,measure,12.830041263146095,12.830609282013029,12.841496877837926,10.88759582489729,True,
2541,onnx_model_095,measure,12.842109656614808,12.84264960885048,12.853426994755864,10.777385905385017,True,
2542,onnx_model_028,measure,12.849571374411745,12.849935388192534,12.860693408176303,10.758019983768463,True,
2543,onnx_model_073,measure,12.85053667231754,12.851213828194886,12.861996153835207,10.782325640320778,True,
2544,onnx_model_021,measure,12.852536675407759,12.853492178954184,12.864315383136272,10.823204182088375,True,
2545,onnx_model_032,measure,12.85809972932597,12.858833162114024,12.869540855754167,10.70769364014268,True,
2546,onnx_model_090,measure,12.860492770862448,12.86076081590727,12.871626229956746,10.865414049476385,True,
2547,onnx_model_027,measure,12.870776398943228,12.871691763866693,12.882566825952381,10.875062085688114,True,
2548,onnx_model_087,measure,12.873567294836011,12.874028375837952,12.884792265947908,10.763890109956264,True,
2549,onnx_model_058,measure,12.874001087759726,12.874261939898133,12.88512869598344,10.866756085306406,True,
2550,onnx_model_013,measure,12.884779455777753,12.884896514005959,12.895866216160357,10.969702154397964,True,
2551,onnx_model_078,measure,12.89067232965467,12.891435734927654,12.902822619769722,11.386884842067957,True,
2552,onnx_model_008,measure,12.891277744202196,12.891619252972305,12.9028734061867,11.254153214395046,True,
2553,onnx_model_070,measure,12.901671336274932,12.90216291602701,12.91329123917967,11.128323152661324,True,
2554,onnx_model_056,measure,12.906506965740268,12.90716558508575,12.918177236802876,11.01165171712637,True,
2555,onnx_model_022,measure,12.909708976422335,12.91071080416441,12.921722495928407,11.011691763997078,True,
2556,onnx_model_096,measure,12.91562523210385,12.916587724816054,12.927668978925794,11.081254109740257,True,
2557,onnx_model_071,measure,12.940207131655661,12.94196874089539,12.953082106076181,11.113365180790424,True,
2558,onnx_model_048,measure,12.948211242419013,12.948514292947948,12.959547034930438,11.032741982489824,True,
2559,onnx_model_033,measure,12.94911665904229,12.950038950890303,12.961001549847424,10.962598957121372,True,
2560,onnx_model_088,measure,12.95755762515961,12.958416545763612,12.969687840901315,11.271295137703419,True,
2561,onnx_model_064,measure,12.959565847705754,12.960747206117958,12.971838067751378,11.09086163341999,True,
2562,onnx_model_075,measure,12.97109370005446,12.971992772072554,12.98346934793517,11.4765758626163,True,
2563,onnx_model_054,measure,12.972157048693251,12.97247385699302,12.98361315112561,11.139294132590294,True,
2564,onnx_model_089,measure,12.980720425867274,12.982993402983993,12.994124962948263,11.1315599642694,True,
2565,onnx_model_074,measure,12.984077008111548,12.984914585016668,12.996177563909441,11.26297889277339,True,
2566,onnx_model_012,measure,12.98430757165998,12.985105017200112,12.996229994110763,11.12497691065073,True,
2567,onnx_model_024,measure,12.985325831070638,12.985615177080035,12.996555261779577,10.94008469954133,True,
2568,onnx_model_013,measure,12.988557781060836,12.989131189882755,13.00019205501303,11.060865130275488,True,
2569,onnx_model_089,measure,12.992991771465388,12.993698842823505,13.004569335840642,10.87049301713705,True,
2570,onnx_model_061,measure,12.995041469277139,12.99543622508645,13.006449409760535,11.013184674084187,True,
2571,onnx_model_096,measure,12.999150941918304,12.999805389903486,13.01073904382065,10.93365391716361,True,
2572,onnx_model_048,measure,13.000468469946702,13.001434697769582,13.012320620007813,10.885922238230705,True,
2573,onnx_model_070,measure,13.002588004247666,13.00288271997124,13.013690133113414,10.807413142174482,True,
2574,onnx_model_024,measure,13.005414364540552,13.0057961079292,13.016824891790748,11.028783861547709,True,
2575,onnx_model_083,measure,13.00551650841766,13.005965921096504,13.01695202384144,10.986102744936943,True,
2576,onnx_model_047,measure,13.01054774347747,13.010835987981409,13.021639723796397,10.803735814988613,True,
2577,onnx_model_040,measure,13.011188961176837,13.012436490971595,13.023265955969691,10.829464998096228,True,
2578,onnx_model_035,measure,13.013788509277365,13.014917966909707,13.026015361770988,11.097394861280918,True,
2579,onnx_model_011,measure,13.014750787747417,13.0150817791,13.026163253001869,11.081473901867867,True,
2580,onnx_model_041,measure,13.018399544285746,13.019174939021468,13.030059348791838,10.88440977036953,True,
2581,onnx_model_041,measure,13.022556696588227,13.022862027864903,13.030169418081641,7.307390216737986,True,
2582,onnx_model_071,measure,13.024331241353075,13.025508799124509,13.03654741216451,11.0386130400002,True,
2583,onnx_model_032,measure,13.030027513575163,13.0303027019836,13.041149780154228,10.847078170627356,True,
2584,onnx_model_005,measure,13.030350336481712,13.030701279174536,13.04155182512477,10.850545950233936,True,
2585,onnx_model_037,measure,13.035288276682042,13.03615528717637,13.046982047148049,10.826759971678257,True,
2586,onnx_model_046,measure,13.041205017731047,13.041648077778518,13.052660982124507,11.012904345989227,True,
2587,onnx_model_032,measure,13.044105289897894,13.045110649894923,13.056121420115232,11.010770220309496,True,
2588,onnx_model_025,measure,13.047926214388188,13.048203698825091,13.059382438194007,11.178739368915558,True,
2589,onnx_model_045,measure,13.051499289698915,13.052758607082069,13.063808652106673,11.050045024603605,True,
2590,onnx_model_023,measure,13.053280324568936,13.054198374040425,13.065564800053835,11.366426013410091,True,
2591,onnx_model_083,measure,13.054641976021482,13.055662476923317,13.066660902928561,10.998426005244255,True,
2592,onnx_model_083,measure,13.058732648770032,13.059499460738152,13.067152418196201,7.652957458049059,True,
2593,onnx_model_088,measure,13.063927036029757,13.065113021060824,13.076100387144834,10.987366084009409,True,
2594,onnx_model_043,measure,13.066401384861091,13.066765531897545,13.077817040029913,11.051508132368326,True,
2595,onnx_model_067,measure,13.072712539792507,13.073411685880274,13.084397427737713,10.98574185743928,True,
2596,onnx_model_034,measure,13.076870400119562,13.077328401152045,13.088216327130795,10.88792597874999,True,
2597,onnx_model_058,measure,13.092376909745292,13.093453622888774,13.104419908020645,10.9662851318717,True,
2598,onnx_model_049,measure,13.099102810402268,13.09991041617468,13.110893634147942,10.983217973262072,True,
2599,onnx_model_062,measure,13.10146648852853,13.102367597166449,13.113544463180006,11.176866013556719,True,
2600,onnx_model_069,measure,13.107397184930338,13.107646271120757,13.118744005914778,11.097734794020653,True,
2601,onnx_model_030,measure,13.11220592360878,13.113115306943655,13.124153909739107,11.03860279545188,True,
2602,onnx_model_067,measure,13.113195201176431,13.11364219803363,13.124662486836314,11.020288802683353,True,
2603,onnx_model_031,measure,13.114565349486112,13.115078277885914,13.125947969965637,10.869692079722881,True,
2604,onnx_model_009,measure,13.123948968287504,13.12425002316013,13.135225454811007,10.975431650876999,True,
2605,onnx_model_074,measure,13.129240408204454,13.130200113169849,13.141269052866846,11.068939696997404,True,
2606,onnx_model_071,measure,13.130288348160635,13.130605534184724,13.141535670030862,10.930135846138,True,
2607,onnx_model_023,measure,13.130521992954584,13.130952393170446,13.14191114390269,10.958750732243061,True,
2608,onnx_model_079,measure,13.13097059205039,13.131300794892013,13.142031393013895,10.730598121881485,True,
2609,onnx_model_028,measure,13.132766589097438,13.133768315892667,13.144686989951879,10.918674059212208,True,
2610,onnx_model_089,measure,13.1482894168706,13.148935216013342,13.160013364162296,11.078148148953915,True,
2611,onnx_model_038,measure,13.159520125461844,13.160110759083182,13.17106113396585,10.950374882668257,True,
2612,onnx_model_044,measure,13.160969011047412,13.161588096991181,13.17254835087806,10.96025388687849,True,
2613,onnx_model_001,measure,13.162341074956274,13.163032222073525,13.17399005079642,10.957828722894192,True,
2614,onnx_model_026,measure,13.162885982435665,13.163198308087885,13.174106001853943,10.907693766057491,True,
2615,onnx_model_087,measure,13.163063986209186,13.163662610109895,13.174550546798855,10.887936688959599,True,
2616,onnx_model_022,measure,13.175832422765675,13.176782799884677,13.187882189173251,11.099389288574457,True,
2617,onnx_model_028,measure,13.176246772936146,13.176950839813799,13.188374503981322,11.423664167523384,True,
2618,onnx_model_003,measure,13.18397413065323,13.184486343991011,13.195474560838193,10.98821684718132,True,
2619,onnx_model_081,measure,13.187428188027708,13.188002456910908,13.19904467696324,11.042220052331686,True,
2620,onnx_model_067,measure,13.194776586413486,13.195570363197476,13.206559260841459,10.988897643983364,True,
2621,onnx_model_001,measure,13.200139566368673,13.201270246878266,13.212223498150706,10.953251272439957,True,
2622,onnx_model_068,measure,13.205158249666367,13.205732368864119,13.216581070795655,10.848701931536198,True,
2623,onnx_model_094,measure,13.20717574293266,13.207784280180931,13.218802873976529,11.018593795597553,True,
2624,onnx_model_029,measure,13.20781712393055,13.208152680192143,13.219318544957787,11.165864765644073,True,
2625,onnx_model_029,measure,13.209899724978378,13.210615851916373,13.219487986993045,8.872135076671839,True,
2626,onnx_model_033,measure,13.218125069329899,13.218899026978761,13.229838892817497,10.939865838736296,True,
2627,onnx_model_080,measure,13.220672825618804,13.221712816040963,13.232628544792533,10.915728751569986,True,
2628,onnx_model_046,measure,13.22647350638749,13.227165680844337,13.23823656514287,11.070884298533201,True,
2629,onnx_model_055,measure,13.227022811516667,13.227348659187555,13.238386149983853,11.037490796297789,True,
2630,onnx_model_027,measure,13.24220402455531,13.242611060850322,13.253514806739986,10.903745889663696,True,
2631,onnx_model_075,measure,13.248181397923346,13.249059207737446,13.260040922090411,10.981714352965355,True,
2632,onnx_model_047,measure,13.263520341187919,13.264262828044593,13.275396752171218,11.133924126625061,True,
2633,onnx_model_009,measure,13.266051346666393,13.266747981775552,13.277626299764961,10.87831798940897,True,
2634,onnx_model_078,measure,13.267345852613166,13.268182408064604,13.279056609142572,10.874201077967882,True,
2635,onnx_model_053,measure,13.274290558017483,13.274636305868626,13.285635454114527,10.99914824590087,True,
2636,onnx_model_088,measure,13.274735472322655,13.274995910003781,13.286088394932449,11.092484928667545,True,
2637,onnx_model_011,measure,13.282473783081063,13.28327838378027,13.294277039822191,10.998656041920185,True,
2638,onnx_model_054,measure,13.283455389499386,13.283671040087938,13.294665839057416,10.994798969477415,True,
2639,onnx_model_066,measure,13.287261544273957,13.288344042841345,13.299246416892856,10.902374051511288,True,
2640,onnx_model_041,measure,13.289304232437694,13.289790852926672,13.300731610041112,10.940757114440203,True,
2641,onnx_model_083,measure,13.294632733524361,13.294832666870207,13.30560049507767,10.767828207463026,True,
2642,onnx_model_061,measure,13.310172775700593,13.310832540038973,13.321774007752538,10.941467713564634,True,
2643,onnx_model_078,measure,13.313769674403648,13.314313697163016,13.325364944059402,11.051246896386147,True,
2644,onnx_model_019,measure,13.32963865290788,13.330593051854521,13.341599544044584,11.006492190063,True,
2645,onnx_model_096,measure,13.340430644322721,13.34103852789849,13.35230522416532,11.266696266829967,True,
2646,onnx_model_075,measure,13.341695664506641,13.342823651153594,13.353632175829262,10.808524675667286,True,
2647,onnx_model_037,measure,13.346373895630885,13.347273339051753,13.358199248090386,10.925909038633108,True,
2648,onnx_model_005,measure,13.347868274037818,13.348726771771908,13.359561547171324,10.834775399416685,True,
2649,onnx_model_080,measure,13.349263212682805,13.350181717891246,13.36141462996602,11.232912074774504,True,
2650,onnx_model_064,measure,13.349488018157041,13.350372118875384,13.361454776022583,11.082657147198915,True,
2651,onnx_model_094,measure,13.351491018401992,13.351904542185366,13.362779444083571,10.87490189820528,True,
2652,onnx_model_052,measure,13.357936487154545,13.358267577830702,13.369043942075223,10.776364244520664,True,
2653,onnx_model_040,measure,13.35864011090245,13.359630507882684,13.370361175853759,10.730667971074581,True,
2654,onnx_model_010,measure,13.371421836663117,13.372516031842679,13.38317052507773,10.654493235051632,True,
2655,onnx_model_032,measure,13.373342810012447,13.373799602035433,13.38448465289548,10.68505086004734,True,
2656,onnx_model_018,measure,13.387866696613544,13.38863776717335,13.399346672929823,10.708905756473541,True,
2657,onnx_model_057,measure,13.389383815779572,13.389916487969458,13.400755841750652,10.839353781193495,True,
2658,onnx_model_025,measure,13.398291117410755,13.399404102936387,13.41014660289511,10.742499958723783,True,
2659,onnx_model_087,measure,13.409514028252122,13.410215222742409,13.421079985797405,10.864763054996729,True,
2660,onnx_model_006,measure,13.411721957812418,13.412507330067456,13.42334499116987,10.837661102414131,True,
2661,onnx_model_089,measure,13.426188213676562,13.426563929766417,13.437590919900686,11.026990134268999,True,
2662,onnx_model_004,measure,13.42675865354212,13.426934193819761,13.438052116893232,11.117923073470592,True,
2663,onnx_model_035,measure,13.429545073437396,13.430366047192365,13.441250286065042,10.884238872677088,True,
2664,onnx_model_088,measure,13.434138951027625,13.434793433174491,13.445799443870783,11.006010696291924,True,
2665,onnx_model_017,measure,13.437099908827268,13.437685280106962,13.448605637997389,10.920357890427113,True,
2666,onnx_model_088,measure,13.443544989412912,13.444557763170451,13.445936874952167,1.3791117817163467,True,
2667,onnx_model_046,measure,13.44599186270319,13.447168236132711,13.458101949188858,10.933713056147099,True,
2668,onnx_model_049,measure,13.45504687310105,13.455833226907998,13.466813729144633,10.980502236634493,True,
2669,onnx_model_021,measure,13.460451644939816,13.461346115916967,13.472260252106935,10.914136189967394,True,
2670,onnx_model_029,measure,13.462556930211646,13.462793095968664,13.473726890049875,10.93379408121109,True,
2671,onnx_model_007,measure,13.47030284679957,13.471038629766554,13.481929210945964,10.89058117941022,True,
2672,onnx_model_091,measure,13.471780257736564,13.472391300834715,13.483285028953105,10.893728118389845,True,
2673,onnx_model_056,measure,13.472900238511986,13.473820989020169,13.484603794757277,10.782805737107992,True,
2674,onnx_model_020,measure,13.475186582424723,13.476257179863751,13.48717417102307,10.916991159319878,True,
2675,onnx_model_076,measure,13.477440508820012,13.477703649085015,13.488587006926537,10.883357841521502,True,
2676,onnx_model_040,measure,13.490663247895675,13.491826153825969,13.502766700927168,10.940547101199627,True,
2677,onnx_model_010,measure,13.492241841794026,13.493272212799639,13.504375578835607,11.103366035968065,True,
2678,onnx_model_036,measure,13.493110722551686,13.493449991103262,13.504439069889486,10.989078786224127,True,
2679,onnx_model_064,measure,13.493218609987508,13.493875700049102,13.504822087939829,10.946387890726328,True,
2680,onnx_model_009,measure,13.504559053876578,13.504936644807458,13.515844178851694,10.907534044235945,True,
2681,onnx_model_001,measure,13.510957354359858,13.51139125507325,13.522288118023425,10.896862950176,True,
2682,onnx_model_040,measure,13.518750959878355,13.519065753091127,13.530090929940343,11.025176849216223,True,
2683,onnx_model_030,measure,13.527389896486788,13.528507710900158,13.539439971093088,10.932260192930698,True,
2684,onnx_model_086,measure,13.531561091886573,13.532309937756509,13.543177655898035,10.867718141525984,True,
2685,onnx_model_072,measure,13.543560127439717,13.544420829042792,13.555475212167948,11.054383125156164,True,
2686,onnx_model_061,measure,13.54748204741392,13.547853964846581,13.558841892052442,10.987927205860615,True,
2687,onnx_model_015,measure,13.560587922163052,13.561075027100742,13.572094482835382,11.01945573464036,True,
2688,onnx_model_092,measure,13.56665900029363,13.56752837402746,13.57852320279926,10.994828771799803,True,
2689,onnx_model_085,measure,13.573225622619272,13.574316035956144,13.585274105891585,10.958069935441017,True,
2690,onnx_model_063,measure,13.574335624333791,13.574716256931424,13.585577672813088,10.86141588166356,True,
2691,onnx_model_000,measure,13.581676444523673,13.582746360916644,13.593668241985142,10.921881068497896,True,
2692,onnx_model_030,measure,13.58291326473167,13.583107717800885,13.594022715929896,10.9149981290102,True,
2693,onnx_model_075,measure,13.587269315306276,13.587798104155809,13.598671853076667,10.873748920857906,True,
2694,onnx_model_035,measure,13.58805648384489,13.589236949104816,13.600107482168823,10.870533064007759,True,
2695,onnx_model_040,measure,13.593843807343506,13.594119239132851,13.604973381850868,10.854142718017101,True,
2696,onnx_model_018,measure,13.595192583377912,13.595575015991926,13.606348676141351,10.773660149425268,True,
2697,onnx_model_094,measure,13.603146075207473,13.604325669817626,13.615362069103867,11.03639928624034,True,
2698,onnx_model_002,measure,13.610745562779003,13.611582894809544,13.622562936972827,10.980042163282633,True,
2699,onnx_model_097,measure,13.612053940295931,13.61302858311683,13.623957737814635,10.929154697805643,True,
2700,onnx_model_074,measure,13.61772564968317,13.618587971199304,13.629400022793561,10.812051594257355,True,
2701,onnx_model_034,measure,13.619851444390486,13.621042076032609,13.632223200052977,11.18112402036786,True,
2702,onnx_model_057,measure,13.620303689473396,13.621208401862532,13.632116477005184,10.908075142651796,True,
2703,onnx_model_013,measure,13.62705063957878,13.628190132789314,13.639283230062574,11.093097273260355,True,
2704,onnx_model_053,measure,13.627989442886099,13.628381898161024,13.639761117752641,11.379219591617584,True,
2705,onnx_model_028,measure,13.638792022676064,13.639398870058358,13.65019362885505,10.794758796691895,True,
2706,onnx_model_007,measure,13.645883349962872,13.646988957189023,13.658155933953822,11.166976764798164,True,
2707,onnx_model_065,measure,13.64819172943277,13.6484468691051,13.65931887505576,10.872005950659513,True,
2708,onnx_model_023,measure,13.650881742872267,13.651426793076098,13.662397145759314,10.970352683216333,True,
2709,onnx_model_050,measure,13.65156115889858,13.651794180739671,13.662566198036075,10.772017296403646,True,
2710,onnx_model_062,measure,13.657300740059913,13.658251645974815,13.669227309059352,10.97566308453679,True,
2711,onnx_model_091,measure,13.65881640663125,13.659431769046932,13.670194196980447,10.762427933514118,True,
2712,onnx_model_001,measure,13.66361261757619,13.664788431953639,13.675737824756652,10.949392803013325,True,
2713,onnx_model_034,measure,13.664827548770507,13.665151732042432,13.676137794740498,10.986062698066235,True,
2714,onnx_model_056,measure,13.67275574808896,13.673426631838083,13.684283519163728,10.856887325644493,True,
2715,onnx_model_074,measure,13.676663124456727,13.67739327205345,13.688385777175426,10.992505121976137,True,
2716,onnx_model_070,measure,13.676830715645828,13.677560438867658,13.688501968048513,10.941529180854559,True,
2717,onnx_model_079,measure,13.685059059486141,13.68548237811774,13.696315931156278,10.833553038537502,True,
2718,onnx_model_079,measure,13.690182398638601,13.690723409876227,13.696441680192947,5.718270316720009,True,
2719,onnx_model_065,measure,13.694401239230542,13.695187084842473,13.705969641916454,10.78255707398057,True,
2720,onnx_model_008,measure,13.69689294182686,13.697659073863178,13.708386706188321,10.727632325142622,True,
2721,onnx_model_037,measure,13.704109199060088,13.705106641165912,13.715923111885786,10.816470719873905,True,
2722,onnx_model_008,measure,13.724550551101753,13.726151113864034,13.737296078819782,11.144964955747128,True,
2723,onnx_model_019,measure,13.725738645050713,13.72631759988144,13.73746399814263,11.14639826118946,True,
2724,onnx_model_011,measure,13.72687298588388,13.727860712911934,13.738667795900255,10.807082988321781,True,
2725,onnx_model_051,measure,13.743182279247046,13.743907034862787,13.754958071745932,11.05103688314557,True,
2726,onnx_model_051,measure,13.744444156775431,13.745366438757628,13.755071658175439,9.70521941781044,True,
2727,onnx_model_087,measure,13.747275903036732,13.747815854847431,13.758879825938493,11.06397109106183,True,
2728,onnx_model_020,measure,13.747439025765123,13.747984616085887,13.759005915839225,11.021299753338099,True,
2729,onnx_model_010,measure,13.750315448352385,13.751499096862972,13.762256084010005,10.756987147033215,True,
2730,onnx_model_079,measure,13.755318967510387,13.756291145924479,13.767132713925093,10.841568000614643,True,
2731,onnx_model_060,measure,13.765192584237505,13.765477867797017,13.776236067991704,10.758200194686651,True,
2732,onnx_model_051,measure,13.780097720352593,13.78048854181543,13.79150908999145,11.020548176020384,True,
2733,onnx_model_091,measure,13.783614763522936,13.783953948877752,13.794910436030477,10.956487152725458,True,
2734,onnx_model_059,measure,13.789538833934763,13.790427124127746,13.801404689904302,10.97756577655673,True,
2735,onnx_model_094,measure,13.790127445228894,13.790589713025838,13.801641049794853,11.051336769014597,True,
2736,onnx_model_066,measure,13.792096960272268,13.792733226902783,13.803630671929568,10.897445026785135,True,
2737,onnx_model_093,measure,13.805302896588076,13.805864467751235,13.816874496173114,11.010028421878815,True,
2738,onnx_model_046,measure,13.806976720376719,13.80736511014402,13.818361181765795,10.996071621775627,True,
2739,onnx_model_058,measure,13.810722833406023,13.81181931681931,13.82267018314451,10.850866325199604,True,
2740,onnx_model_066,measure,13.815958425513616,13.816288421861827,13.827204050961882,10.915629100054502,True,
2741,onnx_model_012,measure,13.826766184352373,13.827300515025854,13.838080184999853,10.779669973999262,True,
2742,onnx_model_038,measure,13.828346450692376,13.828760639764369,13.839686498977244,10.925859212875366,True,
2743,onnx_model_024,measure,13.830178274747151,13.83119719196111,13.842035864945501,10.83867298439145,True,
2744,onnx_model_054,measure,13.83691083535603,13.837649235967547,13.848452461883426,10.803225915879011,True,
2745,onnx_model_099,measure,13.838631619215818,13.839303240180016,13.85003115190193,10.727911721915007,True,
2746,onnx_model_039,measure,13.841721103186398,13.842149119824171,13.852905937004834,10.756817180663347,True,
2747,onnx_model_034,measure,13.850572476075294,13.851252464111894,13.86217792192474,10.925457812845707,True,
2748,onnx_model_056,measure,13.85783226765686,13.858137201052159,13.868967628106475,10.830427054315805,True,
2749,onnx_model_057,measure,13.860763845082106,13.86160274874419,13.872791327070445,11.188578326255083,True,
2750,onnx_model_047,measure,13.867005905570846,13.86741925496608,13.878223102074116,10.80384710803628,True,
2751,onnx_model_063,measure,13.871067555790393,13.872194631956518,13.88329279795289,11.0981659963727,True,
2752,onnx_model_010,measure,13.879708359035675,13.880478659179062,13.891260794829577,10.782135650515556,True,
2753,onnx_model_087,measure,13.88242549145894,13.882928705774248,13.893825279083103,10.896573308855295,True,
2754,onnx_model_065,measure,13.893297056356653,13.893921973183751,13.9046750231646,10.753049980849028,True,
2755,onnx_model_083,measure,13.89547262363274,13.89631217578426,13.907014669850469,10.702494066208601,True,
2756,onnx_model_058,measure,13.895924089747112,13.896421995013952,13.907083561178297,10.66156616434455,True,
2757,onnx_model_044,measure,13.901196274535705,13.901755082886666,13.91239806311205,10.642980225384235,True,
2758,onnx_model_089,measure,13.916343640381587,13.916551237925887,13.927342299837619,10.791061911731958,True,
2759,onnx_model_022,measure,13.92377955227212,13.924837358761579,13.935518572106957,10.681213345378637,True,
2760,onnx_model_006,measure,13.92611875728168,13.92711404711008,13.937918274197727,10.804227087646723,True,
2761,onnx_model_030,measure,13.93069420006307,13.931500234175473,13.942312186118215,10.81195194274187,True,
2762,onnx_model_000,measure,13.93080585268569,13.931596216745675,13.942714620847255,11.118404101580381,True,
2763,onnx_model_009,measure,13.938436266748178,13.939067088067532,13.949804969131947,10.737881064414978,True,
2764,onnx_model_075,measure,13.942141123215036,13.942499762866646,13.953228496015072,10.728733148425817,True,
2765,onnx_model_074,measure,13.942396204086823,13.942792910151184,13.953490394167602,10.697484016418457,True,
2766,onnx_model_013,measure,13.945189546030607,13.946076450869441,13.956759929191321,10.683478321880102,True,
2767,onnx_model_033,measure,13.952371572647856,13.952960717026144,13.96371853677556,10.75781974941492,True,
2768,onnx_model_083,measure,13.969351207122982,13.969940843991935,13.980812780093402,10.871936101466417,True,
2769,onnx_model_056,measure,13.974169979026495,13.975465576164424,13.986453271936625,10.987695772200823,True,
2770,onnx_model_044,measure,13.975747372241603,13.976947242859751,13.987747211940587,10.79996908083558,True,
2771,onnx_model_080,measure,13.97841936791492,13.97940981388092,13.99039089679718,10.981082916259766,True,
2772,onnx_model_082,measure,13.979256065255665,13.97958085918799,13.990520644001663,10.939784813672304,True,
2773,onnx_model_056,measure,13.988020163643048,13.98898392310366,13.999879484064877,10.895560961216688,True,
2774,onnx_model_061,measure,13.995946857307985,13.996760895941406,14.007657459005713,10.896563064306974,True,
2775,onnx_model_057,measure,14.009843371146,14.010882148053497,14.021778620779514,10.896472726017237,True,
2776,onnx_model_087,measure,14.011399458470093,14.012322035152465,14.023227574769408,10.905539616942406,True,
2777,onnx_model_075,measure,14.016801649474916,14.017773647792637,14.0286137140356,10.840066242963076,True,
2778,onnx_model_066,measure,14.020405385832712,14.021210190840065,14.032134525943547,10.924335103482008,True,
2779,onnx_model_096,measure,14.023073238889529,14.023322735913098,14.03415657998994,10.83384407684207,True,
2780,onnx_model_037,measure,14.034336063865492,14.035386017058045,14.046448415145278,11.062398087233305,True,
2781,onnx_model_061,measure,14.03912119190295,14.039827810134739,14.05075115384534,10.92334371060133,True,
2782,onnx_model_017,measure,14.042161066218917,14.04326014406979,14.05421021906659,10.95007499679923,True,
2783,onnx_model_034,measure,14.04475175844261,14.045706934761256,14.056577599141747,10.87066438049078,True,
2784,onnx_model_089,measure,14.046396322593978,14.046598339919,14.057621522806585,11.023182887583971,True,
2785,onnx_model_059,measure,14.049187793348874,14.050068255979568,14.061162604950368,11.094348970800638,True,
2786,onnx_model_038,measure,14.058450836955696,14.058846672065556,14.069881428033113,11.03475596755743,True,
2787,onnx_model_017,measure,14.067476213562932,14.06840623402968,14.079366798046976,10.960564017295837,True,
2788,onnx_model_036,measure,14.068928010258228,14.06998099712655,14.080876869149506,10.89587202295661,True,
2789,onnx_model_059,measure,14.074761548872043,14.075453619938344,14.086617010179907,11.16339024156332,True,
2790,onnx_model_064,measure,14.075146121983023,14.075622892007232,14.086729864124209,11.106972116976976,True,
2791,onnx_model_006,measure,14.076311670884639,14.077142199967057,14.088115497957915,10.973297990858555,True,
2792,onnx_model_097,measure,14.077153475245904,14.077524616848677,14.088475001975894,10.950385127216578,True,
2793,onnx_model_040,measure,14.078304170858624,14.078970113769174,14.089828724972904,10.858611203730106,True,
2794,onnx_model_066,measure,14.084736544478906,14.085118380840868,14.096123651135713,11.005270294845104,True,
2795,onnx_model_097,measure,14.093385692621583,14.09405015874654,14.104981607757509,10.931449010968208,True,
2796,onnx_model_008,measure,14.095489410151261,14.096221916843206,14.107149027753621,10.92711091041565,True,
2797,onnx_model_025,measure,14.100184761489054,14.100692284759134,14.111656837165356,10.964552406221628,True,
2798,onnx_model_094,measure,14.104674586153815,14.105081006884575,14.11604350619018,10.962499305605888,True,
2799,onnx_model_020,measure,14.105041580111184,14.105485335923731,14.116552994120866,11.067658197134733,True,
2800,onnx_model_002,measure,14.107699154652341,14.108387021813542,14.119261522777379,10.874500963836908,True,
2801,onnx_model_010,measure,14.11096989284858,14.11175318993628,14.122531978879124,10.778788942843676,True,
2802,onnx_model_096,measure,14.114048012812155,14.115205632988364,14.126390202902257,11.184569913893938,True,
2803,onnx_model_068,measure,14.114829403246395,14.115387818776071,14.126513347029686,11.125528253614902,True,
2804,onnx_model_080,measure,14.115713518397111,14.116141501814127,14.126987347844988,10.84584603086114,True,
2805,onnx_model_096,measure,14.12877495458618,14.129233116749674,14.140264627058059,11.031510308384895,True,
2806,onnx_model_039,measure,14.130201956323033,14.130702369846404,14.141576019115746,10.873649269342422,True,
2807,onnx_model_088,measure,14.131989228082983,14.133142938837409,14.144011939875782,10.869001038372517,True,
2808,onnx_model_028,measure,14.140046416681395,14.140381920151412,14.151309662032872,10.927741881459951,True,
2809,onnx_model_086,measure,14.153289421519771,14.15354832680896,14.16454747505486,10.99914824590087,True,
2810,onnx_model_018,measure,14.157276936108563,14.158000459894538,14.168972816783935,10.972356889396906,True,
2811,onnx_model_008,measure,14.15800308047209,14.158378788735718,14.16928437910974,10.905590374022722,True,
2812,onnx_model_021,measure,14.163875929775955,14.164644089061767,14.175591017119586,10.946928057819605,True,
2813,onnx_model_067,measure,14.17166366091459,14.17250896897167,14.183862118981779,11.353150010108948,True,
2814,onnx_model_093,measure,14.172050549064199,14.172671989072114,14.18373254314065,11.060554068535566,True,
2815,onnx_model_012,measure,14.177406393441716,14.177818270865828,14.189061833079904,11.243562214076519,True,
2816,onnx_model_054,measure,14.179323923163903,14.180269850883633,14.191407221835107,11.137370951473713,True,
2817,onnx_model_064,measure,14.179911720464638,14.180458128917962,14.191523483023047,11.065354105085135,True,
2818,onnx_model_062,measure,14.180222867223568,14.180891722906381,14.191891381982714,10.999659076333046,True,
2819,onnx_model_030,measure,14.187618099489296,14.188084485940635,14.199118189048022,11.033703107386827,True,
2820,onnx_model_048,measure,14.188050183184918,14.1885158251971,14.199560699984431,11.044874787330627,True,
2821,onnx_model_028,measure,14.18899019360962,14.18920691916719,14.200158236082643,10.95131691545248,True,
2822,onnx_model_006,measure,14.193144430443466,14.194136749953032,14.205279150046408,11.142400093376637,True,
2823,onnx_model_069,measure,14.193226357798622,14.194303728174418,14.205409558024257,11.10582984983921,True,
2824,onnx_model_057,measure,14.201537802748854,14.202406679745764,14.213505377061665,11.098697315901518,True,
2825,onnx_model_029,measure,14.202163689501305,14.20258291484788,14.213614906184375,11.031991336494684,True,
2826,onnx_model_092,measure,14.209422417139727,14.210638206917793,14.221701386850327,11.063179932534695,True,
2827,onnx_model_008,measure,14.209886214400804,14.210800895933062,14.221810233779252,11.009337846189737,True,
2828,onnx_model_028,measure,14.217890633619554,14.21887100674212,14.229901944752783,11.030938010662794,True,
2829,onnx_model_006,measure,14.21814736388293,14.219058462884277,14.230010049883276,10.951586998999119,True,
2830,onnx_model_047,measure,14.22708624261285,14.22803109884262,14.238849583081901,10.818484239280224,True,
2831,onnx_model_029,measure,14.235012685593503,14.235230123158544,14.24613517196849,10.905048809945583,True,
2832,onnx_model_013,measure,14.243275547173138,14.24407791113481,14.25497058685869,10.89267572388053,True,
2833,onnx_model_050,measure,14.245694271005563,14.246231985744089,14.257100625894964,10.868640150874853,True,
2834,onnx_model_033,measure,14.263935778144106,14.264324908144772,14.275324346031994,10.999437887221575,True,
2835,onnx_model_078,measure,14.265088468524546,14.265786626841873,14.276792617049068,11.005990207195282,True,
2836,onnx_model_015,measure,14.266373223264937,14.267266398761421,14.278133215848356,10.866817086935043,True,
2837,onnx_model_024,measure,14.267799171935774,14.268724280875176,14.279846041928977,11.121761053800583,True,
2838,onnx_model_092,measure,14.26937130720521,14.270268275868148,14.281128099188209,10.859823320060968,True,
2839,onnx_model_046,measure,14.270300328996015,14.270642687100917,14.281601307913661,10.958620812743902,True,
2840,onnx_model_093,measure,14.278761520195957,14.279364827089012,14.290291808079928,10.92698099091649,True,
2841,onnx_model_045,measure,14.285954996127977,14.286822663154453,14.297819877974689,10.997214820235968,True,
2842,onnx_model_016,measure,14.289694380345706,14.2904292489402,14.30126383388415,10.834584943950176,True,
2843,onnx_model_034,measure,14.292135490876362,14.292882713023573,14.303761330898851,10.878617875277996,True,
2844,onnx_model_008,measure,14.296867460340764,14.297344013117254,14.308566165156662,11.222152039408684,True,
2845,onnx_model_063,measure,14.298919674105342,14.300050667952746,14.310938665177673,10.887997224926949,True,
2846,onnx_model_000,measure,14.301839962600152,14.30248307203874,14.31335854390636,10.875471867620945,True,
2847,onnx_model_054,measure,14.305750430724377,14.305994636844844,14.316996649838984,11.002012994140387,True,
2848,onnx_model_077,measure,14.305859894273986,14.306158567778766,14.317123951856047,10.96538407728076,True,
2849,onnx_model_094,measure,14.307430205550553,14.307751566171646,14.318658208008856,10.906641837209463,True,
2850,onnx_model_013,measure,14.307933365939855,14.308128653094172,14.319070883095264,10.942230001091957,True,
2851,onnx_model_044,measure,14.33368926948066,14.334298758767545,14.345401683822274,11.102925054728985,True,
2852,onnx_model_020,measure,14.3367019734707,14.337778333108872,14.349131613969803,11.353280860930681,True,
2853,onnx_model_013,measure,14.336902567379111,14.337952664121985,14.348996867891401,11.044203769415617,True,
2854,onnx_model_082,measure,14.345124595806217,14.34550425875932,14.356619657948613,11.115399189293385,True,
2855,onnx_model_021,measure,14.350777613074584,14.351372813805938,14.362400777172297,11.027963366359472,True,
2856,onnx_model_040,measure,14.353923834335312,14.354828583076596,14.366035296116024,11.206713039427996,True,
2857,onnx_model_044,measure,14.354634672668755,14.3549994379282,14.366150164045393,11.150726117193699,True,
2858,onnx_model_077,measure,14.356659888585462,14.357844897080213,14.368770134169608,10.925237089395523,True,
2859,onnx_model_016,measure,14.363083157932536,14.36362242884934,14.374884527176619,11.26209832727909,True,
2860,onnx_model_043,measure,14.37350592570392,14.374015173874795,14.385345270857215,11.33009698241949,True,
2861,onnx_model_005,measure,14.37353937109706,14.374180127866566,14.38556225411594,11.38212624937296,True,
2862,onnx_model_025,measure,14.37381855773144,14.374326065182686,14.38552121585235,11.195150669664145,True,
2863,onnx_model_073,measure,14.380542989074533,14.381113056093454,14.392160105053335,11.047048959881067,True,
2864,onnx_model_067,measure,14.382594253377434,14.383575938176364,14.394575195852667,10.999257676303387,True,
2865,onnx_model_002,measure,14.38789134227956,14.388788286130875,14.399700438138098,10.912152007222176,True,
2866,onnx_model_013,measure,14.39662179503015,14.397817799821496,14.408763866871595,10.946067050099373,True,
2867,onnx_model_083,measure,14.417744337814334,14.419012097176164,14.42994403699413,10.93193981796503,True,
2868,onnx_model_065,measure,14.421998022374144,14.422482213005424,14.433707139920443,11.22492691501975,True,
2869,onnx_model_055,measure,14.422086507729041,14.4226472270675,14.433760161045939,11.112933978438377,True,
2870,onnx_model_039,measure,14.433853291573092,14.43498296616599,14.44585561286658,10.872646700590849,True,
2871,onnx_model_029,measure,14.435387494638753,14.43637784710154,14.447196040768176,10.818193666636944,True,
2872,onnx_model_067,measure,14.441417034272252,14.441662652883679,14.452446951996535,10.784299112856388,True,
2873,onnx_model_076,measure,14.456148878823775,14.456598463933915,14.467407038901001,10.808574967086315,True,
2874,onnx_model_039,measure,14.460164711371906,14.460884861182421,14.471794038079679,10.909176897257566,True,
2875,onnx_model_014,measure,14.460949906655296,14.461098957806826,14.471868560183793,10.769602376967669,True,
2876,onnx_model_010,measure,14.470943601812223,14.471578327938914,14.482339473906904,10.76114596799016,True,
2877,onnx_model_056,measure,14.479108706113271,14.480075791012496,14.490922098048031,10.846307035535574,True,
2878,onnx_model_008,measure,14.48142818263779,14.482406962197274,14.493217051029205,10.810088831931353,True,
2879,onnx_model_080,measure,14.486999388912922,14.487749638035893,14.498672410845757,10.92277280986309,True,
2880,onnx_model_011,measure,14.504194126336454,14.504974188748747,14.5160664441064,11.092255357652903,True,
2881,onnx_model_023,measure,14.508167840537364,14.508523256052285,14.519576737191528,11.053481139242649,True,
2882,onnx_model_068,measure,14.517604995174992,14.518386894837022,14.529465915169567,11.079020332545042,True,
2883,onnx_model_050,measure,14.527361334803631,14.527878147084266,14.539508595131338,11.630448047071695,True,
2884,onnx_model_061,measure,14.529009938804776,14.529577136039734,14.540539504028857,10.962367989122868,True,
2885,onnx_model_056,measure,14.540392166890054,14.540693285875022,14.55170724214986,11.013956274837255,True,
2886,onnx_model_020,measure,14.548728213056934,14.549233940895647,14.560380158014596,11.146217118948698,True,
2887,onnx_model_050,measure,14.553824180912505,14.55500862793997,14.566221402026713,11.212774086743593,True,
2888,onnx_model_053,measure,14.557695158995813,14.558546523097903,14.569876439869404,11.329916771501303,True,
2889,onnx_model_033,measure,14.56424858212165,14.564682465977967,14.575750595889986,11.068129912018776,True,
2890,onnx_model_031,measure,14.568075830937627,14.568523938767612,14.579549537040293,11.025598272681236,True,
2891,onnx_model_019,measure,14.569176922312034,14.569985838141292,14.580889844801277,10.904006659984589,True,
2892,onnx_model_069,measure,14.569850460105718,14.570392771158367,14.581350940745324,10.958169586956501,True,
2893,onnx_model_046,measure,14.572186136537097,14.572838760912418,14.583788884803653,10.950123891234398,True,
2894,onnx_model_070,measure,14.573515642332309,14.574279439169914,14.58512683911249,10.847399942576885,True,
2895,onnx_model_022,measure,14.57448555628822,14.574654401745647,14.585695719812065,11.041318066418171,True,
2896,onnx_model_041,measure,14.57471617993755,14.575028943829238,14.585887955036014,10.859011206775904,True,
2897,onnx_model_034,measure,14.58508523614424,14.585305057000369,14.596105456817895,10.80039981752634,True,
2898,onnx_model_077,measure,14.591083214821326,14.592111315112561,14.602942393161356,10.831078048795462,True,
2899,onnx_model_058,measure,14.596195329524196,14.597326026763767,14.608204335905612,10.878309141844511,True,
2900,onnx_model_092,measure,14.60017072155518,14.600805391091853,14.611758882179856,10.95349108800292,True,
2901,onnx_model_036,measure,14.602291176367434,14.603038595989347,14.613826842978597,10.788246989250183,True,
2902,onnx_model_052,measure,14.609131670382263,14.60945942113176,14.62068139296025,11.221971828490496,True,
2903,onnx_model_047,measure,14.609288466622614,14.609621388837695,14.620557547081262,10.936158243566751,True,
2904,onnx_model_038,measure,14.61741970725556,14.618045191746205,14.628970289137214,10.92509739100933,True,
2905,onnx_model_040,measure,14.626659874978678,14.62690848018974,14.637845600023866,10.937119834125042,True,
2906,onnx_model_074,measure,14.626983707190458,14.62726587895304,14.638025140855461,10.759261902421713,True,
2907,onnx_model_080,measure,14.6436086026418,14.644252308178693,14.655473908875138,11.221600696444511,True,
2908,onnx_model_007,measure,14.644084590673629,14.644435605965555,14.655527359806001,11.091753840446472,True,
2909,onnx_model_020,measure,14.647383897558043,14.647946921177208,14.658940407913178,10.993486735969782,True,
2910,onnx_model_028,measure,14.650705517630097,14.651592410169542,14.662324199918658,10.731789749115705,True,
2911,onnx_model_096,measure,14.652661532759502,14.65316165285185,14.663808511104435,10.646858252584934,True,
2912,onnx_model_029,measure,14.653252047297949,14.653598904144019,14.66427401592955,10.675111785531044,True,
2913,onnx_model_062,measure,14.663223711121125,14.66349650779739,14.67403501085937,10.538503061980009,True,
2914,onnx_model_059,measure,14.665511590650116,14.666419064160436,14.676929702982306,10.510638821870089,True,
2915,onnx_model_078,measure,14.668723322036362,14.669676885940135,14.680142670869827,10.465784929692745,True,
2916,onnx_model_072,measure,14.68285060738769,14.683286916930228,14.693904669955373,10.617753025144339,True,
2917,onnx_model_094,measure,14.692982159624073,14.693569192197174,14.704147370066494,10.578177869319916,True,
2918,onnx_model_065,measure,14.695286236565055,14.696044458076358,14.70652711391449,10.482655838131905,True,
2919,onnx_model_099,measure,14.696663245585897,14.697287891060114,14.707782119046897,10.49422798678279,True,
2920,onnx_model_059,measure,14.697598056833767,14.698537515942007,14.709000324830413,10.462808888405561,True,
2921,onnx_model_092,measure,14.703856519394197,14.704205891117454,14.714808986056596,10.603094939142466,True,
2922,onnx_model_084,measure,14.70406537032002,14.704311100766063,14.715040946844965,10.729846078902483,True,
2923,onnx_model_038,measure,14.712427484659436,14.71313844108954,14.723711539059877,10.573097970336676,True,
2924,onnx_model_046,measure,14.714446915273747,14.714859412051737,14.725365343037993,10.505930986255407,True,
2925,onnx_model_018,measure,14.716340810341162,14.71718808915466,14.727646979968995,10.458890814334154,True,
2926,onnx_model_050,measure,14.717598741594053,14.718410451896489,14.728839506860822,10.429054964333773,True,
2927,onnx_model_056,measure,14.721130932892157,14.721656693145633,14.73211682587862,10.460132732987404,True,
2928,onnx_model_047,measure,14.72351867126327,14.723759289830923,14.734173646196723,10.414356365799904,True,
2929,onnx_model_077,measure,14.743640349149493,14.744362343102694,14.755111916922033,10.749573819339275,True,
2930,onnx_model_079,measure,14.75586877328142,14.756400757003576,14.76762779802084,11.227041017264128,True,
2931,onnx_model_069,measure,14.755966134097973,14.75658617913723,14.767508450895548,10.922271758317947,True,
2932,onnx_model_025,measure,14.757814873270469,14.75812840089202,14.768970149103552,10.841748211532831,True,
2933,onnx_model_070,measure,14.758364768466622,14.759585299994797,14.770713082049042,11.127782054245472,True,
2934,onnx_model_068,measure,14.76981065521574,14.7702359049581,14.781278485897928,11.04258093982935,True,
2935,onnx_model_091,measure,14.771969518021825,14.77295902185142,14.783859381917864,10.900360066443682,True,
2936,onnx_model_018,measure,14.7732797923712,14.774411391932517,14.78516803914681,10.75664721429348,True,
2937,onnx_model_041,measure,14.776604282564312,14.776869083754718,14.787799250800163,10.93016704544425,True,
2938,onnx_model_098,measure,14.788061851376296,14.789021263830364,14.79998265998438,10.961396154016256,True,
2939,onnx_model_070,measure,14.801475149171338,14.802228088025004,14.81344980886206,11.221720837056637,True,
2940,onnx_model_084,measure,14.81106331056143,14.812757213134319,14.823832585010678,11.075371876358986,True,
2941,onnx_model_010,measure,14.827081582857245,14.828138379845768,14.839263476897031,11.125097051262856,True,
2942,onnx_model_070,measure,14.828182165269617,14.828592823818326,14.839555692858994,10.96286904066801,True,
2943,onnx_model_018,measure,14.83084671620886,14.83210586104542,14.843063530977815,10.95766993239522,True,
2944,onnx_model_079,measure,14.835374619391546,14.836675116792321,14.84844837617129,11.77325937896967,True,
2945,onnx_model_054,measure,14.835659997788067,14.836863725911826,14.848499803803861,11.636077892035246,True,
2946,onnx_model_047,measure,14.83648015416677,14.837016967125237,14.848535000812262,11.518033687025309,True,
2947,onnx_model_047,measure,14.845471813201321,14.84638402191922,14.848674004897475,2.2899829782545567,True,
2948,onnx_model_069,measure,14.847051841795054,14.847927086055279,14.859099042136222,11.171956080943346,True,
2949,onnx_model_014,measure,14.850903047743111,14.851981012150645,14.862964800093323,10.983787942677736,True,
2950,onnx_model_079,measure,14.852472997568082,14.853480752091855,14.864287374075502,10.806621983647346,True,
2951,onnx_model_038,measure,14.854468297680139,14.854925569146872,14.865982215851545,11.056646704673767,True,
2952,onnx_model_044,measure,14.854954418958235,14.855286795180291,14.866524466779083,11.237671598792076,True,
2953,onnx_model_017,measure,14.864564350406676,14.865492214914411,14.876593647059053,11.101432144641876,True,
2954,onnx_model_006,measure,14.865972021021243,14.86618300806731,14.87709807511419,10.915067046880722,True,
2955,onnx_model_010,measure,14.869208154209009,14.869777279905975,14.880688330158591,10.911050252616405,True,
2956,onnx_model_059,measure,14.882932674391839,14.883910946082324,14.894816806074232,10.905859991908073,True,
2957,onnx_model_080,measure,14.884564176517339,14.885356703773141,14.89635469019413,10.997986420989037,True,
2958,onnx_model_060,measure,14.88785829161822,14.888831038028002,14.8997772061266,10.946168098598719,True,
2959,onnx_model_085,measure,14.89474113595427,14.89496505819261,14.906086187809706,11.121129617094994,True,
2960,onnx_model_081,measure,14.895325612069865,14.896454258821905,14.907433609012514,10.979350190609694,True,
2961,onnx_model_065,measure,14.899834748511866,14.901004768908024,14.91207468090579,11.069911997765303,True,
2962,onnx_model_001,measure,14.90011307235102,14.901168409734964,14.91212907480076,10.960665065795183,True,
2963,onnx_model_035,measure,14.905345282496699,14.905699101742357,14.916635700967163,10.936599224805832,True,
2964,onnx_model_099,measure,14.921222179405593,14.92187596205622,14.932872755918652,10.996793862432241,True,
2965,onnx_model_095,measure,14.922618001328964,14.923318313900381,14.934262576978654,10.944263078272343,True,
2966,onnx_model_068,measure,14.923785040018402,14.924774210900068,14.935817753896117,11.043542996048927,True,
2967,onnx_model_061,measure,14.924059026640274,14.924937651958317,14.935874632094055,10.93698013573885,True,
2968,onnx_model_016,measure,14.931326726927352,14.93248242419213,14.943587021902204,11.104597710072994,True,
2969,onnx_model_059,measure,14.942227108363493,14.943127588834614,14.954134852159768,11.007263325154781,True,
2970,onnx_model_008,measure,14.945951350630814,14.946817832998931,14.95807174500078,11.25391200184822,True,
2971,onnx_model_090,measure,14.946063894241961,14.946979300118983,14.958024745807052,11.045445688068867,True,
2972,onnx_model_062,measure,14.953314598272595,14.954229562077671,14.965262514073402,11.0329519957304,True,
2973,onnx_model_041,measure,14.956766171178682,14.95770095102489,14.968768829014152,11.067877989262342,True,
2974,onnx_model_046,measure,14.964197069922914,14.965378865133971,14.976617477834225,11.238612700253725,True,
2975,onnx_model_069,measure,14.968293337540763,14.968866874929518,14.97965776687488,10.790891945362091,True,
2976,onnx_model_091,measure,14.975758642832107,14.976262283045799,14.987094263080508,10.831980034708977,True,
2977,onnx_model_014,measure,14.975963519735542,14.976368144154549,14.987169065047055,10.800920892506838,True,
2978,onnx_model_048,measure,14.9813312442241,14.9818179840222,14.99263633787632,10.818353854119778,True,
2979,onnx_model_023,measure,14.987191378670216,14.988317858893424,14.99894404783845,10.626188945025206,True,
2980,onnx_model_093,measure,14.993270848370827,14.99378755595535,15.004482274875045,10.694718919694424,True,
2981,onnx_model_097,measure,14.99693965520949,14.9980678120628,15.00883182277903,10.764010716229677,True,
2982,onnx_model_058,measure,15.00445903390876,15.004579599946737,15.015385179780424,10.805579833686352,True,
2983,onnx_model_050,measure,15.006142445579677,15.00685954419896,15.017584381159395,10.724836960434914,True,
2984,onnx_model_055,measure,15.024491370665418,15.024786341004074,15.0355145027861,10.728161782026291,True,
2985,onnx_model_098,measure,15.025627265377144,15.026127851102501,15.036832808982581,10.704957880079746,True,
2986,onnx_model_016,measure,15.035109843618596,15.035580678842962,15.04641462303698,10.83394419401884,True,
2987,onnx_model_039,measure,15.037055942851286,15.03803124697879,15.048779327888042,10.748080909252167,True,
2988,onnx_model_045,measure,15.046590312762433,15.047706799115986,15.05931852106005,11.611721944063902,True,
2989,onnx_model_099,measure,15.047105209289372,15.047890518791974,15.05883372016251,10.943201370537281,True,
2990,onnx_model_092,measure,15.057144453572684,15.058943178039044,15.06999024702236,11.047068983316422,True,
2991,onnx_model_028,measure,15.062781367328446,15.063630567863584,15.074648472014815,11.01790415123105,True,
2992,onnx_model_098,measure,15.072013769746727,15.073290179949254,15.084322581067681,11.032401118427515,True,
2993,onnx_model_069,measure,15.07668045495526,15.077946551144123,15.088923966977745,10.977415833622217,True,
2994,onnx_model_098,measure,15.078384335776212,15.079488591756672,15.084458379074931,4.969787318259478,True,
2995,onnx_model_083,measure,15.079828086636374,15.081025493796915,15.092226584907621,11.20109111070633,True,
2996,onnx_model_018,measure,15.088931484171118,15.09014865476638,15.101041230838746,10.892576072365046,True,
2997,onnx_model_065,measure,15.090960998531981,15.091619551181793,15.102965247817338,11.3456966355443,True,
2998,onnx_model_092,measure,15.091151305842995,15.091786980163306,15.102831042837352,11.044062674045563,True,
2999,onnx_model_065,measure,15.09252206610072,15.09346214402467,15.103021425195038,9.559281170368195,True,
3000,onnx_model_034,measure,15.094153579508813,15.09489531815052,15.105855260975659,10.959942825138569,True,
3001,onnx_model_017,measure,15.117587512084969,15.11807528976351,15.129139891825616,11.064602062106133,True,
3002,onnx_model_075,measure,15.128575233043751,15.129249561112374,15.140268757008016,11.019195895642042,True,
3003,onnx_model_010,measure,15.13329169697833,15.133793477900326,15.144800520967692,11.007043067365885,True,
3004,onnx_model_006,measure,15.133796511276113,15.13418459193781,15.145116280764341,10.931688826531172,True,
3005,onnx_model_088,measure,15.153784728457556,15.155451707076281,15.16680735303089,11.355645954608917,True,
3006,onnx_model_034,measure,15.154859257970813,15.155637249816209,15.166755284182727,11.118034366518259,True,
3007,onnx_model_016,measure,15.16002990293247,15.161227486096323,15.174484605900943,13.257119804620743,True,
3008,onnx_model_084,measure,15.165185934509164,15.165815758053213,15.176723171956837,10.90741390362382,True,
3009,onnx_model_061,measure,15.167416729894658,15.168095130939037,15.178984249942005,10.889119002968073,True,
3010,onnx_model_016,measure,15.168065478895395,15.16851217392832,15.174602120183408,6.0899462550878525,True,
3011,onnx_model_006,measure,15.180207333706093,15.181233886163682,15.192555856890976,11.321970727294683,True,
3012,onnx_model_015,measure,15.181069483099222,15.181421482935548,15.192509478889406,11.087995953857899,True,
3013,onnx_model_094,measure,15.18742973362036,15.187952036038041,15.198984688147902,11.032652109861374,True,
3014,onnx_model_046,measure,15.189571979097806,15.190397494938225,15.201391152106225,10.993657168000937,True,
3015,onnx_model_057,measure,15.195507263524297,15.195806155912578,15.206824230030179,11.018074117600918,True,
3016,onnx_model_092,measure,15.199176587693312,15.200203994754702,15.21118509909138,10.981104336678982,True,
3017,onnx_model_070,measure,15.200652628867399,15.201485580764711,15.21232592780143,10.840347036719322,True,
3018,onnx_model_077,measure,15.203531715750614,15.203937642741948,15.215008857194334,11.071214452385902,True,
3019,onnx_model_099,measure,15.213513862896276,15.214577036909759,15.225601573009044,11.024536099284887,True,
3020,onnx_model_071,measure,15.214879498792657,15.215137220919132,15.226019626948982,10.882406029850245,True,
3021,onnx_model_035,measure,15.221090854088333,15.221583975944668,15.23267291393131,11.088937986642122,True,
3022,onnx_model_047,measure,15.221262978152383,15.221741145011038,15.232833549845964,11.092404834926128,True,
3023,onnx_model_012,measure,15.223645831825142,15.224234524182975,15.235191852785647,10.957328602671623,True,
3024,onnx_model_063,measure,15.231378567014458,15.232254839967936,15.243238457944244,10.983617976307869,True,
3025,onnx_model_075,measure,15.23693384667658,15.237446047831327,15.248648300766945,11.202252935618162,True,
3026,onnx_model_046,measure,15.237255146899487,15.237609137780964,15.248696682974696,11.087545193731785,True,
3027,onnx_model_001,measure,15.238558387412496,15.23911812575534,15.250089440960437,10.971315205097198,True,
3028,onnx_model_052,measure,15.23941060868895,15.240561590064317,15.25145134003833,10.889749974012375,True,
3029,onnx_model_077,measure,15.256852857412543,15.257671081926674,15.268766133114696,11.095051188021898,True,
3030,onnx_model_091,measure,15.266061647459486,15.268119332846254,15.279310767073184,11.191434226930141,True,
3031,onnx_model_091,measure,15.267457412912298,15.268279999028891,15.279445291962475,11.16529293358326,True,
3032,onnx_model_046,measure,15.279383835966504,15.279584126081318,15.290617559105158,11.033433023840189,True,
3033,onnx_model_007,measure,15.280337609002624,15.281062055844814,15.292215556837618,11.153500992804766,True,
3034,onnx_model_082,measure,15.282556654454334,15.283493638038635,15.294498506002128,11.00486796349287,True,
3035,onnx_model_096,measure,15.28754188850302,15.287937093991786,15.298908438999206,10.971345007419586,True,
3036,onnx_model_081,measure,15.291330182866135,15.291840053163469,15.302750322036445,10.910268872976303,True,
3037,onnx_model_077,measure,15.29276493470914,15.293448280077428,15.304388004820794,10.939724743366241,True,
3038,onnx_model_051,measure,15.296563755419427,15.297721573151648,15.308709058910608,10.987485758960247,True,
3039,onnx_model_097,measure,15.297839383769116,15.298083690926433,15.309029357042164,10.945666115731001,True,
3040,onnx_model_014,measure,15.299476136877892,15.300130601972342,15.311020291876048,10.889689903706312,True,
3041,onnx_model_085,measure,15.300484487375941,15.30158165981993,15.31255079107359,10.969131253659725,True,
3042,onnx_model_029,measure,15.313921952782,15.314785880036652,15.325693503953516,10.907623916864395,True,
3043,onnx_model_012,measure,15.31628907996745,15.317226137965918,15.328301130793989,11.074992828071117,True,
3044,onnx_model_073,measure,15.322268235131007,15.322675616946071,15.333597938995808,10.922322049736977,True,
3045,onnx_model_067,measure,15.32710953054635,15.327922891825438,15.33895082399249,11.027932167053223,True,
3046,onnx_model_042,measure,15.334460161588058,15.334817998111248,15.345874604769051,11.056606657803059,True,
3047,onnx_model_013,measure,15.337924335498931,15.33826687419787,15.349205707199872,10.938833002001047,True,
3048,onnx_model_024,measure,15.338894384868937,15.339103704784065,15.350106759928167,11.003055144101381,True,
3049,onnx_model_099,measure,15.341454925633336,15.34256505407393,15.353522282093763,10.957228019833565,True,
3050,onnx_model_044,measure,15.345676751655361,15.345972771756351,15.357123949099332,11.1511773429811,True,
3051,onnx_model_051,measure,15.35647308064996,15.356741651892662,15.367741821799427,11.000169906765223,True,
3052,onnx_model_075,measure,15.360589040560422,15.3613656219095,15.372375891078264,11.010269168764353,True,
3053,onnx_model_043,measure,15.36548745602602,15.365810610819608,15.376786855049431,10.976244229823351,True,
3054,onnx_model_085,measure,15.366216806674336,15.36724442616105,15.378406182862818,11.161756701767445,True,
3055,onnx_model_037,measure,15.377050256589158,15.37800661381334,15.388977286871523,10.970673058182001,True,
3056,onnx_model_030,measure,15.380321835544127,15.380633867811412,15.391705392859876,11.071525048464537,True,
3057,onnx_model_011,measure,15.392724479683723,15.39392750710249,15.404919841792434,10.992334689944983,True,
3058,onnx_model_030,measure,15.404228326693532,15.405017316807061,15.416035871952772,11.018555145710707,True,
3059,onnx_model_015,measure,15.417421945245277,15.4182620937936,15.429324411787093,11.062317993491888,True,
3060,onnx_model_015,measure,15.42941498269005,15.430636195000261,15.441721506882459,11.085311882197857,True,
3061,onnx_model_070,measure,15.429765812807364,15.430824323091656,15.441871732939035,11.04740984737873,True,
3062,onnx_model_026,measure,15.43770222069792,15.438445690087974,15.449477790854871,11.032100766897202,True,
3063,onnx_model_008,measure,15.444418318240055,15.445115097798407,15.456253480166197,11.138382367789745,True,
3064,onnx_model_064,measure,15.456308972152103,15.457557950168848,15.468648741953075,11.090791784226894,True,
3065,onnx_model_073,measure,15.465144039432866,15.4661003081128,15.47717485902831,11.074550915509462,True,
3066,onnx_model_043,measure,15.466487849784276,15.467629094142467,15.478658920153975,11.029826011508703,True,
3067,onnx_model_034,measure,15.475152905318788,15.475886419881135,15.48701233882457,11.125918943434954,True,
3068,onnx_model_095,measure,15.486181596342693,15.487123690079898,15.498091088142246,10.967398062348366,True,
3069,onnx_model_090,measure,15.494233692817469,15.494638554751873,15.505690482910722,11.051928158849478,True,
3070,onnx_model_098,measure,15.506217501137426,15.506915671750903,15.517814990133047,10.899318382143974,True,
3071,onnx_model_036,measure,15.507870485778419,15.508379283826798,15.519365297164768,10.98601333796978,True,
3072,onnx_model_039,measure,15.510302120361498,15.510821958072484,15.52160960296169,10.787644889205694,True,
3073,onnx_model_087,measure,15.512773827776691,15.513194187078625,15.524021898861974,10.827711783349514,True,
3074,onnx_model_013,measure,15.518280849127894,15.518984402995557,15.529738584998995,10.754182003438473,True,
3075,onnx_model_087,measure,15.51875866493604,15.519082559738308,15.524057996924967,4.975437186658382,True,
3076,onnx_model_077,measure,15.526075650569972,15.52721104118973,15.537963368929923,10.752327740192413,True,
3077,onnx_model_068,measure,15.529656124931847,15.529828445985913,15.540517984889448,10.689538903534412,True,
3078,onnx_model_078,measure,15.533105625342069,15.53411045577377,15.54489565687254,10.785201098769903,True,
3079,onnx_model_085,measure,15.535980451672254,15.536395179107785,15.547277585137635,10.882406029850245,True,
3080,onnx_model_016,measure,15.53635582330165,15.536600328981876,15.547386360820383,10.78603183850646,True,
3081,onnx_model_047,measure,15.543165415684676,15.543678111862391,15.554485525935888,10.807414073497057,True,
3082,onnx_model_091,measure,15.546536747332828,15.54705899907276,15.557840913999826,10.781914927065372,True,
3083,onnx_model_061,measure,15.547765092984433,15.548534354194999,15.55914466176182,10.610307566821575,True,
3084,onnx_model_097,measure,15.54950863105766,15.549811630975455,15.560568328946829,10.756697971373796,True,
3085,onnx_model_058,measure,15.563935262084867,15.564717546105385,15.57574525801465,11.027711909264326,True,
3086,onnx_model_007,measure,15.56524622726662,15.565996026154608,15.576840118970722,10.844092816114426,True,
3087,onnx_model_008,measure,15.571296885386676,15.572273158002645,15.583343350794166,11.07019279152155,True,
3088,onnx_model_006,measure,15.571311221152415,15.572443801909685,15.583482615184039,11.038813274353743,True,
3089,onnx_model_079,measure,15.592248780552678,15.593726757913828,15.604778275825083,11.05151791125536,True,
3090,onnx_model_036,measure,15.595728484015028,15.596154532860965,15.607563158962876,11.408626101911068,True,
3091,onnx_model_034,measure,15.60598780965182,15.60711089009419,15.61809044983238,10.979559738188982,True,
3092,onnx_model_024,measure,15.610007354395185,15.610871948767453,15.622027784120291,11.15583535283804,True,
3093,onnx_model_063,measure,15.611357773398199,15.612439077813178,15.623529167845845,11.090090032666922,True,
3094,onnx_model_067,measure,15.611783263043755,15.612627916969359,15.623642703983933,11.014787014573812,True,
3095,onnx_model_024,measure,15.615100911440475,15.616171451751143,15.622071276884526,5.899825133383274,True,
3096,onnx_model_026,measure,15.625021536827486,15.62586966715753,15.63684305595234,10.97338879480958,True,
3097,onnx_model_011,measure,15.626143874975961,15.627326486166567,15.638246703892946,10.920217726379633,True,
3098,onnx_model_089,measure,15.636044006566271,15.636942735873163,15.648171118926257,11.228383053094149,True,
3099,onnx_model_018,measure,15.636343918626753,15.637107087764889,15.648127445951104,11.020358186215162,True,
3100,onnx_model_078,measure,15.651162254485468,15.651409936137497,15.662381431087852,10.9714949503541,True,
3101,onnx_model_077,measure,15.651851356470262,15.652856165077537,15.663881122134626,11.024957057088614,True,
3102,onnx_model_004,measure,15.655642690838981,15.656294811051339,15.66722677089274,10.931959841400385,True,
3103,onnx_model_085,measure,15.662390972218686,15.662576731760055,15.673467313870788,10.890582110732794,True,
3104,onnx_model_058,measure,15.663609301055075,15.663978116121143,15.674875060096383,10.896943975239992,True,
3105,onnx_model_097,measure,15.6680542083462,15.668460036162287,15.679234627168626,10.774591006338596,True,
3106,onnx_model_009,measure,15.671553950632353,15.671921154949814,15.68280962202698,10.888467077165842,True,
3107,onnx_model_053,measure,15.681422611249532,15.682465537916869,15.69326971611008,10.804178193211555,True,
3108,onnx_model_094,measure,15.685159706011664,15.686050863005221,15.696781170088798,10.730307083576918,True,
3109,onnx_model_021,measure,15.686433603162772,15.687501560896635,15.698396862018853,10.89530112221837,True,
3110,onnx_model_085,measure,15.68705808207689,15.687663197983056,15.698438570834696,10.775372851639986,True,
3111,onnx_model_036,measure,15.68750227228745,15.68808846687898,15.698727810755372,10.63934387639165,True,
3112,onnx_model_049,measure,15.691726739722343,15.692514299880713,15.70318168681115,10.667386930435896,True,
3113,onnx_model_020,measure,15.693814014473684,15.694482962135226,15.70542134391144,10.938381776213646,True,
3114,onnx_model_058,measure,15.694335519335361,15.694645470939577,15.705527735874057,10.88226493448019,True,
3115,onnx_model_039,measure,15.699777262626563,15.700948121026158,15.711771263740957,10.82314271479845,True,
3116,onnx_model_091,measure,15.709114422955228,15.70977665297687,15.720620785839856,10.844132862985134,True,
3117,onnx_model_054,measure,15.710895631691617,15.711234383750707,15.72210654988885,10.872166138142347,True,
3118,onnx_model_097,measure,15.718219833642475,15.718992982059717,15.729836703743786,10.843721684068441,True,
3119,onnx_model_030,measure,15.72370625129607,15.724323905073106,15.735204317141324,10.880412068217993,True,
3120,onnx_model_025,measure,15.72441512294294,15.724710931070149,15.735565294045955,10.854362975805998,True,
3121,onnx_model_036,measure,15.741324072241637,15.741794814821333,15.752541643101722,10.746828280389309,True,
3122,onnx_model_074,measure,15.74813108290999,15.749261679127812,15.760223725810647,10.962046682834625,True,
3123,onnx_model_064,measure,15.748478437709265,15.749449015129358,15.760725079104304,11.276063974946737,True,
3124,onnx_model_002,measure,15.754175413095211,15.75478144083172,15.765661743003875,10.880302172154188,True,
3125,onnx_model_008,measure,15.754644989178558,15.754949741065502,15.765709944069386,10.760203003883362,True,
3126,onnx_model_007,measure,15.755075981756445,15.75541657814756,15.766134711913764,10.718133766204119,True,
3127,onnx_model_081,measure,15.759699569652557,15.760356607846916,15.771102875936776,10.746268089860678,True,
3128,onnx_model_071,measure,15.76069170519943,15.760877357795835,15.771614948753268,10.737590957432985,True,
3129,onnx_model_017,measure,15.765849187712353,15.76623184606433,15.777014864142984,10.783018078655005,True,
3130,onnx_model_079,measure,15.778464395988498,15.779241054784507,15.790125594940037,10.884540155529976,True,
3131,onnx_model_077,measure,15.786020496852858,15.786712618079036,15.797633577138186,10.920959059149027,True,
3132,onnx_model_053,measure,15.786738728546348,15.787080287002027,15.798118419013917,11.038132011890411,True,
3133,onnx_model_053,measure,15.797227467631496,15.797729840036482,15.808672038838267,10.942198801785707,True,
3134,onnx_model_001,measure,15.799457680516344,15.800384134985507,15.811213209759444,10.829074773937464,True,
3135,onnx_model_008,measure,15.803938185791404,15.804832139983773,15.815710037946701,10.877897962927818,True,
3136,onnx_model_000,measure,15.828479550379512,15.829928875900805,15.840972607955337,11.043732054531574,True,
3137,onnx_model_097,measure,15.833804269288727,15.834385056048632,15.845297699794173,10.912643745541573,True,
3138,onnx_model_082,measure,15.835345849652528,15.835825073998421,15.846971150953323,11.146076954901218,True,
3139,onnx_model_091,measure,15.835624297861129,15.835986060090363,15.847457685042173,11.471624951809645,True,
3140,onnx_model_024,measure,15.846487447383808,15.84708637977019,15.858092209789902,11.005830019712448,True,
3141,onnx_model_052,measure,15.852245809450919,15.852684751152992,15.86361064016819,10.925889015197754,True,
3142,onnx_model_009,measure,15.853888844810024,15.854113416746259,15.864909760188311,10.796343442052603,True,
3143,onnx_model_099,measure,15.854844300015984,15.855556039139628,15.866318857762963,10.76281862333417,True,
3144,onnx_model_081,measure,15.85935405319082,15.860316148027778,15.871098172850907,10.782024823129177,True,
3145,onnx_model_002,measure,15.879959021648574,15.881316486746073,15.892288732808083,10.972246062010527,True,
3146,onnx_model_039,measure,15.888052345799698,15.888769242912531,15.899729456752539,10.960213840007782,True,
3147,onnx_model_011,measure,15.893957849354601,15.894509945064783,15.905439922120422,10.929977055639029,True,
3148,onnx_model_034,measure,15.898609521435022,15.898939144797623,15.90989961894229,10.960474144667387,True,
3149,onnx_model_092,measure,15.901222679470468,15.901951760984957,15.912934969179332,10.983208194375038,True,
3150,onnx_model_098,measure,15.903660577254568,15.904425023123622,15.91542317904532,10.998155921697617,True,
3151,onnx_model_088,measure,15.912740857325645,15.913032424170524,15.924071778077632,11.039353907108307,True,
3152,onnx_model_061,measure,15.918797796614355,15.919649020768702,15.930517361033708,10.868340265005827,True,
3153,onnx_model_078,measure,15.922819754676816,15.92313320375979,15.934354534838349,11.22133107855916,True,
3154,onnx_model_021,measure,15.926241148307819,15.92730067577213,15.938317037187517,11.0163614153862,True,
3155,onnx_model_013,measure,15.926414654353895,15.927503562066704,15.938495555892587,10.991993825882673,True,
3156,onnx_model_074,measure,15.93262198241751,15.933745756745338,15.944700891152024,10.95513440668583,True,
3157,onnx_model_056,measure,15.93329479765491,15.933906011749059,15.944871135056019,10.965123306959867,True,
3158,onnx_model_042,measure,15.936132106972249,15.93657952407375,15.94738856004551,10.80903597176075,True,
3159,onnx_model_019,measure,15.938545113819657,15.939710665959865,15.950448357034475,10.737691074609756,True,
3160,onnx_model_081,measure,15.940397222218255,15.941148378886282,15.952029121108353,10.880742222070694,True,
3161,onnx_model_099,measure,15.941729480963165,15.942601019982249,15.953537448775023,10.936428792774677,True,
3162,onnx_model_079,measure,15.94215087876756,15.942763588856906,15.953663208056241,10.899619199335575,True,
3163,onnx_model_028,measure,15.951777461582639,15.95212491415441,15.963023469783366,10.898555628955364,True,
3164,onnx_model_064,measure,15.95492030020458,15.955885271076113,15.96681886492297,10.933593846857548,True,
3165,onnx_model_088,measure,15.95690215067212,15.957351949065924,15.968211872968823,10.859923902899027,True,
3166,onnx_model_068,measure,15.958454644882895,15.958784842863679,15.96955603780225,10.771194938570261,True,
3167,onnx_model_047,measure,15.975316453322764,15.975777553860098,15.986781020183116,11.003466323018074,True,
3168,onnx_model_000,measure,15.977170854748952,15.978249663021415,15.989191993139684,10.942330118268728,True,
3169,onnx_model_028,measure,15.978832076906102,15.979712564032525,15.990502865053713,10.790301021188498,True,
3170,onnx_model_032,measure,15.986631578571975,15.986913762055337,15.99769800202921,10.7842399738729,True,
3171,onnx_model_037,measure,15.987586660077712,15.98838521912694,15.9993552621454,10.970043018460274,True,
3172,onnx_model_022,measure,15.991625545276767,15.992739195935428,16.003542991820723,10.803795885294676,True,
3173,onnx_model_084,measure,15.992937833983095,15.993099430110306,16.003878590185195,10.77916007488966,True,
3174,onnx_model_068,measure,15.993207727268326,15.993464624974877,16.00415686890483,10.692243929952383,True,
3175,onnx_model_066,measure,15.994235508819623,15.994889223016798,16.00568576483056,10.796541813760996,True,
3176,onnx_model_050,measure,15.9990074496084,15.999470320995897,16.010179426986724,10.709105990827084,True,
3177,onnx_model_051,measure,16.001607212266848,16.001916309818625,16.012721017934382,10.804708115756512,True,
3178,onnx_model_092,measure,16.018768823602105,16.019941112957895,16.03094776486978,11.006651911884546,True,
3179,onnx_model_007,measure,16.02472921437655,16.025445004925132,16.036314786877483,10.869781952351332,True,
3180,onnx_model_045,measure,16.027499125965683,16.02788422210142,16.038779160939157,10.894938837736845,True,
3181,onnx_model_009,measure,16.03452928703153,16.0351705821231,16.04594581387937,10.775231756269932,True,
3182,onnx_model_079,measure,16.040322467380804,16.041000814177096,16.051819058135152,10.818243958055973,True,
3183,onnx_model_047,measure,16.044779720748515,16.045494726859033,16.056393885053694,10.89915819466114,True,
3184,onnx_model_095,measure,16.04618134200108,16.047107803169638,16.057772104162723,10.664300993084908,True,
3185,onnx_model_026,measure,16.050725508105305,16.051501935813576,16.06304113008082,11.539194267243147,True,
3186,onnx_model_012,measure,16.05363640153241,16.05398576706648,16.06474389694631,10.758129879832268,True,
3187,onnx_model_011,measure,16.053745686786083,16.054081479087472,16.064819850958884,10.7383718714118,True,
3188,onnx_model_025,measure,16.05426200268979,16.055409904103726,16.066184365190566,10.774461086839437,True,
3189,onnx_model_071,measure,16.056062720060538,16.056450882926583,16.067136344965547,10.685462038964033,True,
3190,onnx_model_058,measure,16.061469927091547,16.06192768411711,16.07354692975059,11.619245633482933,True,
3191,onnx_model_041,measure,16.063291707816255,16.06419487297535,16.074916523881257,10.721650905907154,True,
3192,onnx_model_016,measure,16.065542594089997,16.065969727002084,16.076677271164954,10.707544162869453,True,
3193,onnx_model_078,measure,16.067483441631662,16.06828650087118,16.078965780790895,10.679279919713736,True,
3194,onnx_model_031,measure,16.068635930981117,16.069577855989337,16.080153407994658,10.575552005320787,True,
3195,onnx_model_099,measure,16.072764159313802,16.073603798169643,16.084193888120353,10.590089950710535,True,
3196,onnx_model_013,measure,16.09054930143599,16.0913562127389,16.10211092606187,10.75471332296729,True,
3197,onnx_model_067,measure,16.096398675140296,16.096639284864068,16.10741682210937,10.777537245303392,True,
3198,onnx_model_097,measure,16.104072263158912,16.10426242602989,16.11513060517609,10.868179146200418,True,
3199,onnx_model_088,measure,16.104225701831936,16.104484968818724,16.115381923038512,10.896954219788313,True,
3200,onnx_model_054,measure,16.118204159864682,16.1186013831757,16.129788126796484,11.18674362078309,True,
3201,onnx_model_022,measure,16.12421227486958,16.125041304156184,16.136155200190842,11.113896034657955,True,
3202,onnx_model_024,measure,16.124880661354954,16.125200295820832,16.136282240971923,11.081945151090622,True,
3203,onnx_model_011,measure,16.126529317281467,16.127738330047578,16.13868071977049,10.942389722913504,True,
3204,onnx_model_073,measure,16.128606762131067,16.129167596809566,16.140184869989753,11.017273180186749,True,
3205,onnx_model_024,measure,16.128681894847386,16.12932518683374,16.13641915190965,7.093965075910091,True,
3206,onnx_model_059,measure,16.1311310448696,16.132012635003775,16.142867709044367,10.855074040591717,True,
3207,onnx_model_095,measure,16.133526701593453,16.134457111824304,16.145353734958917,10.896623134613037,True,
3208,onnx_model_065,measure,16.140563343688896,16.141430276911706,16.152386562898755,10.956285987049341,True,
3209,onnx_model_070,measure,16.14145841237897,16.141785862855613,16.15275099594146,10.965133085846901,True,
3210,onnx_model_015,measure,16.161749732020077,16.16296951007098,16.17396439006552,10.994879994541407,True,
3211,onnx_model_055,measure,16.164065599396487,16.16440881602466,16.175279799848795,10.870983824133873,True,
3212,onnx_model_050,measure,16.164540458421474,16.164757749065757,16.175661134999245,10.903385933488607,True,
3213,onnx_model_021,measure,16.170722102698825,16.17118911491707,16.182152784895152,10.96366997808218,True,
3214,onnx_model_058,measure,16.177661585245225,16.177892697043717,16.18922065012157,11.327953077852726,True,
3215,onnx_model_004,measure,16.186207678363147,16.187401461880654,16.198402123060077,11.000661179423332,True,
3216,onnx_model_040,measure,16.18841502274838,16.18887881981209,16.199904578737915,11.025758925825357,True,
3217,onnx_model_089,measure,16.19107482692892,16.191461550071836,16.20272661279887,11.265062727034092,True,
3218,onnx_model_060,measure,16.193927262185856,16.19489945517853,16.205801968928427,10.90251374989748,True,
3219,onnx_model_087,measure,16.20113933311358,16.202143404167145,16.213075494859368,10.932090692222118,True,
3220,onnx_model_075,measure,16.208667908037736,16.20902691874653,16.22002106718719,10.994148440659046,True,
3221,onnx_model_054,measure,16.2107682397054,16.21149854687974,16.222646167036146,11.147620156407356,True,
3222,onnx_model_044,measure,16.21125884211089,16.211661045905203,16.222708475776017,11.047429870814085,True,
3223,onnx_model_042,measure,16.214437823485166,16.215307477861643,16.226427203975618,11.119726113975048,True,
3224,onnx_model_074,measure,16.227942942230097,16.228665648959577,16.239645060151815,10.97941119223833,True,
3225,onnx_model_015,measure,16.230623617300274,16.23112042574212,16.242251984775066,11.131559032946825,True,
3226,onnx_model_041,measure,16.234872974843558,16.23556288983673,16.24651343608275,10.950546246021986,True,
3227,onnx_model_012,measure,16.237876100242524,16.23900040378794,16.250096085947007,11.0956821590662,True,
3228,onnx_model_044,measure,16.23842517727943,16.239162642974406,16.25023838598281,11.07574300840497,True,
3229,onnx_model_031,measure,16.241348501631556,16.241872534155846,16.252796980086714,10.924445930868387,True,
3230,onnx_model_019,measure,16.242441835844613,16.24347855709493,16.254425474908203,10.946917813271284,True,
3231,onnx_model_039,measure,16.243429056331255,16.24384683696553,16.254745033103973,10.898196138441563,True,
3232,onnx_model_091,measure,16.243842623380914,16.244204537011683,16.255151805933565,10.947268921881914,True,
3233,onnx_model_045,measure,16.262043306769588,16.262391226831824,16.27341736573726,11.0261389054358,True,
3234,onnx_model_092,measure,16.26468084778641,16.265845372807235,16.27682686690241,10.981494095176458,True,
3235,onnx_model_031,measure,16.269767819927655,16.270281965844333,16.28114769095555,10.865725111216307,True,
3236,onnx_model_095,measure,16.27183123523044,16.272731822915375,16.28379355976358,11.061736848205328,True,
3237,onnx_model_016,measure,16.281493759921574,16.282417664770037,16.29349537193775,11.077707167714834,True,
3238,onnx_model_093,measure,16.287743173439875,16.288019091822207,16.298820414114743,10.801322292536497,True,
3239,onnx_model_005,measure,16.29022091726463,16.290472315158695,16.301502782851458,11.030467692762613,True,
3240,onnx_model_075,measure,16.2932053082451,16.293592205736786,16.304523814935237,10.931609198451042,True,
3241,onnx_model_045,measure,16.299593123777203,16.30004096403718,16.311053588055074,11.012624017894268,True,
3242,onnx_model_059,measure,16.306012309285645,16.306763983797282,16.317687266971916,10.92328317463398,True,
3243,onnx_model_006,measure,16.307694705350993,16.308202587999403,16.31907134782523,10.868759825825691,True,
3244,onnx_model_091,measure,16.30830685759688,16.30857976479456,16.319493561051786,10.91379625722766,True,
3245,onnx_model_002,measure,16.3086681098874,16.308928277809173,16.319788220804185,10.859942995011806,True,
3246,onnx_model_067,measure,16.323251795976898,16.32402803003788,16.335065620951355,11.03759091347456,True,
3247,onnx_model_048,measure,16.32717290433344,16.3275088169612,16.33851326489821,11.004447937011719,True,
3248,onnx_model_002,measure,16.3289988257621,16.32995049795136,16.340770795941353,10.820297989994287,True,
3249,onnx_model_047,measure,16.361911046730427,16.36301019974053,16.374292615801096,11.282416060566902,True,
3250,onnx_model_015,measure,16.36822558506584,16.368474286049604,16.37977930577472,11.305019725114107,True,
3251,onnx_model_025,measure,16.37343131082757,16.373910340014845,16.384857838973403,10.947498958557844,True,
3252,onnx_model_041,measure,16.37496786745425,16.37548585375771,16.386534405872226,11.048552114516497,True,
3253,onnx_model_046,measure,16.377349739836408,16.37793224491179,16.388915522024035,10.98327711224556,True,
3254,onnx_model_021,measure,16.379057643136832,16.379387680906802,16.39044546103105,11.057780124247074,True,
3255,onnx_model_014,measure,16.392616327186776,16.393682803958654,16.40462175803259,10.938954073935747,True,
3256,onnx_model_099,measure,16.40479681023402,16.40584590518847,16.41674083378166,10.894928593188524,True,
3257,onnx_model_025,measure,16.40656423764191,16.407283748034388,16.418276904150844,10.993156116455793,True,
3258,onnx_model_085,measure,16.409791907402127,16.410742892883718,16.421862669754773,11.119776871055365,True,
3259,onnx_model_088,measure,16.41013943354488,16.410908918827772,16.421903518028557,10.99459920078516,True,
3260,onnx_model_014,measure,16.412772786409263,16.413433698005974,16.424288250971586,10.85455296561122,True,
3261,onnx_model_095,measure,16.416360378080693,16.416839772835374,16.42775838682428,10.918613988906145,True,
3262,onnx_model_046,measure,16.421718173789344,16.422034185845405,16.43308953102678,11.055345181375742,True,
3263,onnx_model_059,measure,16.431686910002075,16.431980132125318,16.443069711793214,11.089579667896032,True,
3264,onnx_model_005,measure,16.43234067573527,16.43318512290716,16.444191854912788,11.006732005625963,True,
3265,onnx_model_014,measure,16.438359002814394,16.438662023749202,16.44959477474913,10.93275099992752,True,
3266,onnx_model_032,measure,16.439707132427174,16.440094486810267,16.451101730111986,11.007243301719427,True,
3267,onnx_model_096,measure,16.441553443512515,16.442529685795307,16.453741147182882,11.211461387574673,True,
3268,onnx_model_073,measure,16.44572323324062,16.446426052134484,16.457398659083992,10.97260694950819,True,
3269,onnx_model_031,measure,16.450727316970156,16.45131038594991,16.462238810025156,10.928424075245857,True,
3270,onnx_model_070,measure,16.45967112682215,16.460623488761485,16.4715262837708,10.902795009315014,True,
3271,onnx_model_043,measure,16.467389332544272,16.468474864028394,16.47939993115142,10.925067123025656,True,
3272,onnx_model_078,measure,16.46943600293131,16.469914199784398,16.48077752906829,10.863329283893108,True,
3273,onnx_model_096,measure,16.478134001459104,16.478749595116824,16.489952940959483,11.203345842659473,True,
3274,onnx_model_036,measure,16.48270633474045,16.482997850049287,16.49392518075183,10.927330702543259,True,
3275,onnx_model_087,measure,16.4851250069371,16.485450471751392,16.496413832064718,10.96336031332612,True,
3276,onnx_model_095,measure,16.486767167142524,16.487889187876135,16.49896702496335,11.077837087213993,True,
3277,onnx_model_098,measure,16.486901623774312,16.488053118810058,16.49908893695101,11.03581814095378,True,
3278,onnx_model_008,measure,16.48881217400785,16.489566696807742,16.500485111027956,10.91841422021389,True,
3279,onnx_model_033,measure,16.502831976552365,16.50373178208247,16.514836790971458,11.105008888989687,True,
3280,onnx_model_022,measure,16.50365679032035,16.504106524866074,16.515064323786646,10.957798920571804,True,
3281,onnx_model_021,measure,16.506417601767527,16.507568074855953,16.518568634986877,11.000560130923986,True,
3282,onnx_model_055,measure,16.511044823884554,16.51200488815084,16.523005758877844,11.00087072700262,True,
3283,onnx_model_003,measure,16.51421508369366,16.51445250120014,16.52543272310868,10.980221908539534,True,
3284,onnx_model_022,measure,16.515803352721726,16.51631064293906,16.52716006617993,10.849423240870237,True,
3285,onnx_model_080,measure,16.521197641099356,16.521811319049448,16.532856204081327,11.044885031878948,True,
3286,onnx_model_098,measure,16.528231802238945,16.52940590493381,16.540425051003695,11.0191460698843,True,
3287,onnx_model_097,measure,16.529319996394708,16.529766129795462,16.54059625696391,10.83012716844678,True,
3288,onnx_model_070,measure,16.53226942297814,16.532954160124063,16.543825996108353,10.871835984289646,True,
3289,onnx_model_038,measure,16.539123458763086,16.539435089100152,16.550637123174965,11.202034074813128,True,
3290,onnx_model_065,measure,16.542351766656502,16.54281827993691,16.553854248020798,11.035968083888292,True,
3291,onnx_model_038,measure,16.545319003055983,16.546050964854658,16.55068275006488,4.631785210222006,True,
3292,onnx_model_066,measure,16.552395883339102,16.552909552119672,16.56386088905856,10.951336938887835,True,
3293,onnx_model_022,measure,16.561713532133325,16.562081737909466,16.572986365761608,10.904627852141857,True,
3294,onnx_model_082,measure,16.571014485271938,16.572082867845893,16.58301577018574,10.932902339845896,True,
3295,onnx_model_068,measure,16.5849109797442,16.585193139035255,16.595925129018724,10.731989983469248,True,
3296,onnx_model_018,measure,16.58615212405529,16.586429739836603,16.597305804025382,10.8760641887784,True,
3297,onnx_model_065,measure,16.592791966007876,16.593705099076033,16.604427680838853,10.722581762820482,True,
3298,onnx_model_027,measure,16.59632467380624,16.59710290795192,16.608098508790135,10.995600838214159,True,
3299,onnx_model_048,measure,16.603545197542825,16.604495409876108,16.615281542763114,10.786132887005806,True,
3300,onnx_model_049,measure,16.608642772205396,16.60924885608256,16.61999080516398,10.741949081420898,True,
3301,onnx_model_063,measure,16.61610583659785,16.616418353747576,16.62713466398418,10.716310236603022,True,
3302,onnx_model_075,measure,16.629703203098877,16.630287377163768,16.64116306975484,10.875692591071129,True,
3303,onnx_model_068,measure,16.641749969235608,16.642382327932864,16.65322055015713,10.838222224265337,True,
3304,onnx_model_070,measure,16.644094040816757,16.644690855871886,16.655610152054578,10.919296182692051,True,
3305,onnx_model_009,measure,16.650031564872478,16.651014275848866,16.661908775102347,10.894499253481627,True,
3306,onnx_model_080,measure,16.653056974458146,16.653286836110055,16.664241939783096,10.955103673040867,True,
3307,onnx_model_071,measure,16.663271549300426,16.664372527971864,16.675423674751073,11.051146779209375,True,
3308,onnx_model_071,measure,16.674291454034776,16.674947209190577,16.685688907746226,10.741698555648327,True,
3309,onnx_model_030,measure,16.678181398104833,16.678636842872947,16.68926686886698,10.630025994032621,True,
3310,onnx_model_000,measure,16.68422116822034,16.684980852063745,16.695673407055438,10.692554991692305,True,
3311,onnx_model_047,measure,16.692613172629024,16.69347137119621,16.70414476003498,10.673388838768005,True,
3312,onnx_model_045,measure,16.693012289066203,16.69358155084774,16.70421718712896,10.635636281222105,True,
3313,onnx_model_035,measure,16.694988955432798,16.69575776718557,16.70645233616233,10.69456897675991,True,
3314,onnx_model_038,measure,16.707087722515542,16.707763598766178,16.71840488584712,10.641287080943584,True,
3315,onnx_model_095,measure,16.715137113757592,16.716147866100073,16.726991618983448,10.843752883374691,True,
3316,onnx_model_051,measure,16.719730118089196,16.720611080061644,16.73146557295695,10.854492895305157,True,
3317,onnx_model_013,measure,16.72024255447279,16.72072323318571,16.73156138509512,10.838151909410954,True,
3318,onnx_model_026,measure,16.725009155664274,16.726106155198067,16.736967811826617,10.861656628549099,True,
3319,onnx_model_067,measure,16.732593269499436,16.7337998598814,16.74464406305924,10.844203177839518,True,
3320,onnx_model_056,measure,16.737303015569946,16.73817741079256,16.7492665797472,11.089168954640627,True,
3321,onnx_model_046,measure,16.737770720423338,16.738290125038475,16.749319199938327,11.029074899852276,True,
3322,onnx_model_073,measure,16.73888413348195,16.73967625014484,16.750622758176178,10.946508031338453,True,
3323,onnx_model_044,measure,16.7508709445445,16.751919652801007,16.762777391821146,10.857739020138979,True,
3324,onnx_model_066,measure,16.755635534664496,16.756474221125245,16.76753865275532,11.064431630074978,True,
3325,onnx_model_017,measure,16.75805581165928,16.758986816741526,16.7697724387981,10.78562205657363,True,
3326,onnx_model_066,measure,16.765966892257296,16.767084129154682,16.777804777026176,10.720647871494293,True,
3327,onnx_model_022,measure,16.76938339194984,16.769882898777723,16.78057117573917,10.688276961445808,True,
3328,onnx_model_085,measure,16.769796826517528,16.770283561199903,16.78097285889089,10.689297690987587,True,
3329,onnx_model_041,measure,16.77647729886511,16.776756363920867,16.78751232009381,10.755956172943115,True,
3330,onnx_model_068,measure,16.785231604646217,16.78619902394712,16.797053686808795,10.854662861675024,True,
3331,onnx_model_018,measure,16.787760958368434,16.788761844858527,16.799659049138427,10.897204279899597,True,
3332,onnx_model_072,measure,16.790711783650416,16.79121739277616,16.80216063419357,10.94324141740799,True,
3333,onnx_model_032,measure,16.798895639298774,16.79927805485204,16.81021061586216,10.9325610101223,True,
3334,onnx_model_048,measure,16.80381873521937,16.804394009988755,16.81531107192859,10.917061939835548,True,
3335,onnx_model_066,measure,16.804905564191532,16.80585902510211,16.816603648941964,10.744623839855194,True,
3336,onnx_model_021,measure,16.808482508519354,16.809304794762284,16.82028399500996,10.97920024767518,True,
3337,onnx_model_021,measure,16.813500476857165,16.814445816911757,16.82032753713429,5.881720222532749,True,
3338,onnx_model_006,measure,16.818486040238007,16.818824710790068,16.829741982743144,10.917271953076124,True,
3339,onnx_model_092,measure,16.82111738865612,16.821557145100087,16.832325424067676,10.76827896758914,True,
3340,onnx_model_023,measure,16.842292365025482,16.842563023790717,16.85398922394961,11.426200158894062,True,
3341,onnx_model_087,measure,16.842357258802032,16.842730782926083,16.853937034029514,11.206251103430986,True,
3342,onnx_model_086,measure,16.84273208609879,16.843202018179,16.854206916876137,11.004898697137833,True,
3343,onnx_model_012,measure,16.86113153727754,16.86153130978346,16.872546749189496,11.01543940603733,True,
3344,onnx_model_008,measure,16.862071629742882,16.863126441836357,16.87420781608671,11.081374250352383,True,
3345,onnx_model_074,measure,16.870206251215873,16.870635195169598,16.8814900489524,10.85485378280282,True,
3346,onnx_model_058,measure,16.873448104296727,16.87378431111574,16.884751208126545,10.966897010803223,True,
3347,onnx_model_039,measure,16.873766371484113,16.874307175166905,16.88520234497264,10.89516980573535,True,
3348,onnx_model_087,measure,16.875541164115557,16.875769333913922,16.88659593416378,10.82660024985671,True,
3349,onnx_model_070,measure,16.87734493708942,16.878213089890778,16.889024009928107,10.810920037329197,True,
3350,onnx_model_087,measure,16.882630578527245,16.883720639161766,16.88663644110784,2.9158019460737705,True,
3351,onnx_model_009,measure,16.895195274811645,16.89627900114283,16.90719068190083,10.91168075799942,True,
3352,onnx_model_067,measure,16.897116751182175,16.89774006791413,16.90860962914303,10.869561228901148,True,
3353,onnx_model_002,measure,16.90127112742727,16.90218339394778,16.91304240608588,10.859012138098478,True,
3354,onnx_model_046,measure,16.910448957722583,16.910838697105646,16.921772469766438,10.933772660791874,True,
3355,onnx_model_098,measure,16.921872835798396,16.92299147695303,16.933981919195503,10.990442242473364,True,
3356,onnx_model_082,measure,16.924378779418845,16.92544643394649,16.936467793770134,11.021359823644161,True,
3357,onnx_model_001,measure,16.93734238157989,16.937689114827663,16.948928840924054,11.239726096391678,True,
3358,onnx_model_072,measure,16.94173567917675,16.942137291189283,16.95308728516102,10.949993971735239,True,
3359,onnx_model_091,measure,16.944589496603605,16.94561119377613,16.956570515874773,10.959322098642588,True,
3360,onnx_model_018,measure,16.945226317302406,16.945775746833533,16.956685634795576,10.909887962043285,True,
3361,onnx_model_080,measure,16.947340684519304,16.94828828284517,16.959679796826094,11.391513980925083,True,
3362,onnx_model_015,measure,16.947468539447566,16.948470669798553,16.9597278079018,11.257138103246689,True,
3363,onnx_model_070,measure,16.957813536313665,16.958916044794023,16.969947554171085,11.03150937706232,True,
3364,onnx_model_093,measure,16.968249480632917,16.97005714289844,16.980979824904352,10.922682005912066,True,
3365,onnx_model_099,measure,16.977861643202626,16.978516582865268,16.989510430954397,10.993848089128733,True,
3366,onnx_model_019,measure,16.978199892146208,16.97868047375232,16.9896206301637,10.940156411379576,True,
3367,onnx_model_067,measure,16.97912274507424,16.980219198856503,16.99120682477951,10.987625923007727,True,
3368,onnx_model_024,measure,16.98339721972922,16.98420842178166,16.99514925898984,10.94083720818162,True,
3369,onnx_model_087,measure,16.99060078955509,16.990835128817707,17.001770625822246,10.935497004538774,True,
3370,onnx_model_036,measure,16.997566468566106,16.998391361907125,17.00928475894034,10.893397033214569,True,
3371,onnx_model_007,measure,17.002577127490543,17.002991375979036,17.01389334909618,10.901973117142916,True,
3372,onnx_model_062,measure,17.010804582131627,17.011507453862578,17.02241839375347,10.910939890891314,True,
3373,onnx_model_056,measure,17.016856115761936,17.017114541959018,17.027980336919427,10.865794960409403,True,
3374,onnx_model_037,measure,17.019157477448466,17.019565341062844,17.030444249976426,10.878908913582563,True,
3375,onnx_model_018,measure,17.027966525734623,17.028125402051955,17.039078211877495,10.952809825539589,True,
3376,onnx_model_000,measure,17.030972439124056,17.03166398918256,17.042676651850343,11.012662667781115,True,
3377,onnx_model_015,measure,17.032210962644406,17.033106020186096,17.04410950606689,11.003485880792141,True,
3378,onnx_model_059,measure,17.03284580846151,17.033268788829446,17.04422701895237,10.958230122923851,True,
3379,onnx_model_088,measure,17.036181365059818,17.036794881802052,17.047721893060952,10.927011258900166,True,
3380,onnx_model_009,measure,17.04115621682227,17.04230054700747,17.053208782803267,10.908235795795918,True,
3381,onnx_model_014,measure,17.045077078367196,17.045453800819814,17.056285330094397,10.831529274582863,True,
3382,onnx_model_033,measure,17.048822794116163,17.049945268779993,17.060939015820622,10.993747040629387,True,
3383,onnx_model_081,measure,17.05463051208729,17.055452005937696,17.066454520914704,11.002514977008104,True,
3384,onnx_model_031,measure,17.066081332662556,17.066550503019243,17.07762024505064,11.069742031395435,True,
3385,onnx_model_072,measure,17.068253927674867,17.069004889111966,17.08002620888874,11.021319776773453,True,
3386,onnx_model_094,measure,17.085561869954187,17.08624702412635,17.097217035945505,10.970011819154024,True,
3387,onnx_model_058,measure,17.087548432963192,17.088722629006952,17.099801087751985,11.078458745032549,True,
3388,onnx_model_037,measure,17.087735519884085,17.088891310151666,17.099906297866255,11.014987714588642,True,
3389,onnx_model_093,measure,17.0960947989816,17.096439126878977,17.107351339887828,10.912213008850813,True,
3390,onnx_model_002,measure,17.10945061074132,17.110577481798828,17.121635382063687,11.0579002648592,True,
3391,onnx_model_068,measure,17.11167029397534,17.112020606175065,17.122922638896853,10.902032721787691,True,
3392,onnx_model_013,measure,17.124669664340207,17.125166804995388,17.136108734179288,10.941929183900356,True,
3393,onnx_model_067,measure,17.134924589777942,17.135603793896735,17.146440893877298,10.837099980562925,True,
3394,onnx_model_033,measure,17.13753412034377,17.138313083909452,17.149114726111293,10.801642201840878,True,
3395,onnx_model_042,measure,17.140679254426058,17.141668621916324,17.15247343108058,10.804809164255857,True,
3396,onnx_model_049,measure,17.14420909055235,17.145011867862195,17.155774645972997,10.762778110802174,True,
3397,onnx_model_082,measure,17.150509440139043,17.15132454689592,17.1621486521326,10.824105236679316,True,
3398,onnx_model_073,measure,17.164505898384917,17.165343114174902,17.176111503969878,10.76838979497552,True,
3399,onnx_model_093,measure,17.166153933475297,17.166651431005448,17.177429819945246,10.778388939797878,True,
3400,onnx_model_029,measure,17.166669960944773,17.166867793072015,17.17751445993781,10.64666686579585,True,
3401,onnx_model_068,measure,17.17932832742535,17.1797214159742,17.190560538787395,10.83912281319499,True,
3402,onnx_model_092,measure,17.181035355408735,17.182070199865848,17.193209655117244,11.139455251395702,True,
3403,onnx_model_021,measure,17.181579914539334,17.182180480100214,17.19330455502495,11.124074924737215,True,
3404,onnx_model_073,measure,17.190143584120207,17.1906273458153,17.201537845190614,10.91049937531352,True,
3405,onnx_model_042,measure,17.204761804068813,17.205837287940085,17.217151685152203,11.31439721211791,True,
3406,onnx_model_056,measure,17.214711069945555,17.216431146021932,17.227637537755072,11.206391733139753,True,
3407,onnx_model_096,measure,17.215130276812445,17.21665080310777,17.227767535019666,11.11673191189766,True,
3408,onnx_model_041,measure,17.22171130209522,17.222384992986917,17.233513266779482,11.128273792564869,True,
3409,onnx_model_031,measure,17.22203799433701,17.22252661176026,17.233635558746755,11.108946986496449,True,
3410,onnx_model_029,measure,17.22531398902119,17.22614254616201,17.237088652793318,10.946106631308794,True,
3411,onnx_model_024,measure,17.23414806054184,17.234956350177526,17.245938534848392,10.982184670865536,True,
3412,onnx_model_096,measure,17.235321991854075,17.23650564486161,17.247524951118976,11.019306257367134,True,
3413,onnx_model_003,measure,17.24164468669752,17.2423283229582,17.25320294406265,10.874621104449034,True,
3414,onnx_model_085,measure,17.243610314699964,17.244805071037263,17.255833353847265,11.028282810002565,True,
3415,onnx_model_079,measure,17.24369539763914,17.24497072491795,17.255947220139205,10.97649522125721,True,
3416,onnx_model_089,measure,17.257236730209492,17.25816911412403,17.269148593768477,10.979479644447565,True,
3417,onnx_model_017,measure,17.262519249857597,17.263633341062814,17.2746195839718,10.986242908984423,True,
3418,onnx_model_053,measure,17.26531000893709,17.266065823845565,17.277206741739064,11.140917893499136,True,
3419,onnx_model_090,measure,17.26688972646976,17.26749067287892,17.27886925218627,11.378579307347536,True,
3420,onnx_model_090,measure,17.27124488694344,17.27238587802276,17.278914127033204,6.528249010443687,True,
3421,onnx_model_050,measure,17.276172046639434,17.276842158753425,17.28786030318588,11.018144432455301,True,
3422,onnx_model_013,measure,17.277617936525612,17.278453340753913,17.28945433301851,11.000992264598608,True,
3423,onnx_model_054,measure,17.279548127645153,17.280130128841847,17.291005501057953,10.875372216105461,True,
3424,onnx_model_008,measure,17.283853732436434,17.284573505166918,17.295608601067215,11.035095900297165,True,
3425,onnx_model_034,measure,17.28434267097789,17.284733288921416,17.29570817993954,10.974891018122435,True,
3426,onnx_model_091,measure,17.285208402820302,17.28622295986861,17.297037567012012,10.8146071434021,True,
3427,onnx_model_014,measure,17.29398992671829,17.294223928824067,17.305211775004864,10.987846180796623,True,
3428,onnx_model_097,measure,17.2977588971638,17.29826981993392,17.30918281385675,10.912993922829628,True,
3429,onnx_model_020,measure,17.308271594121173,17.309274869039655,17.320286631118506,11.011762078851461,True,
3430,onnx_model_099,measure,17.317008984362722,17.317730681970716,17.328725441824645,10.994759853929281,True,
3431,onnx_model_029,measure,17.326591836185276,17.327497588004917,17.33860892895609,11.111340951174498,True,
3432,onnx_model_084,measure,17.328371801125588,17.32881887909025,17.339816363994032,10.997484903782606,True,
3433,onnx_model_001,measure,17.333589220238483,17.33424988295883,17.345150914043188,10.901031084358692,True,
3434,onnx_model_010,measure,17.335984293723342,17.33669626293704,17.347627230919898,10.93096798285842,True,
3435,onnx_model_016,measure,17.339780118429594,17.339958865195513,17.350933535955846,10.974670760333538,True,
3436,onnx_model_082,measure,17.345743265621262,17.34630952682346,17.357247076928616,10.937550105154514,True,
3437,onnx_model_080,measure,17.347632565092137,17.34777037287131,17.35877360915765,11.003236286342144,True,
3438,onnx_model_066,measure,17.350958933110334,17.352148905862123,17.362993440125138,10.844534263014793,True,
3439,onnx_model_018,measure,17.36400626229169,17.365219462197274,17.376168264076114,10.948801878839731,True,
3440,onnx_model_080,measure,17.37211093194895,17.372676596976817,17.383598808199167,10.922211222350597,True,
3441,onnx_model_079,measure,17.380452326703512,17.381429214030504,17.392621700186282,11.19248615577817,True,
3442,onnx_model_058,measure,17.384351776827966,17.384814358782023,17.39574437495321,10.930016171187162,True,
3443,onnx_model_021,measure,17.391262986236743,17.392266363836825,17.403203974943608,10.937611106783152,True,
3444,onnx_model_021,measure,17.404025693820614,17.404429214075208,17.415410268120468,10.981054045259953,True,
3445,onnx_model_014,measure,17.406577285184245,17.406870373990387,17.418131500016898,11.261126026511192,True,
3446,onnx_model_082,measure,17.413563775669314,17.414300868753344,17.425248738843948,10.947870090603828,True,
3447,onnx_model_007,measure,17.417311582532584,17.417632893193513,17.42858269577846,10.949802584946156,True,
3448,onnx_model_099,measure,17.429550563158692,17.429813014809042,17.440791013184935,10.97799837589264,True,
3449,onnx_model_035,measure,17.43490437791383,17.43529227981344,17.44620962301269,10.917343199253082,True,
3450,onnx_model_092,measure,17.44081463904748,17.442097265738994,17.45336158806458,11.264322325587273,True,
3451,onnx_model_075,measure,17.441466051284763,17.44228516286239,17.453482186887413,11.197024025022984,True,
3452,onnx_model_002,measure,17.447964882914448,17.44846177380532,17.45951213873923,11.050364933907986,True,
3453,onnx_model_072,measure,17.449661590657456,17.449933250900358,17.460966493934393,11.033243034034967,True,
3454,onnx_model_034,measure,17.455770411336786,17.45670817885548,17.467709911987185,11.001733131706715,True,
3455,onnx_model_077,measure,17.45833367729872,17.459207790903747,17.470191529020667,10.983738116919994,True,
3456,onnx_model_017,measure,17.462111427801755,17.46318332804367,17.474104085937142,10.92075789347291,True,
3457,onnx_model_032,measure,17.466300181319216,17.466660677921027,17.477808197028935,11.14751910790801,True,
3458,onnx_model_042,measure,17.46639747129509,17.466835810802877,17.477848945185542,11.013134382665157,True,
3459,onnx_model_091,measure,17.468137906394954,17.468937194906175,17.47987166978419,10.934474878013134,True,
3460,onnx_model_023,measure,17.469255342394018,17.470289315097034,17.481210214085877,10.920898988842964,True,
3461,onnx_model_033,measure,17.49603275031673,17.496468618046492,17.507466664072126,10.998046025633812,True,
3462,onnx_model_034,measure,17.497769975893597,17.49892716202885,17.510257359128445,11.330197099596262,True,
3463,onnx_model_071,measure,17.498382949601307,17.49909133417532,17.51014921301976,11.057878844439983,True,
3464,onnx_model_022,measure,17.502800728897665,17.503615544177592,17.514604752883315,10.989208705723286,True,
3465,onnx_model_028,measure,17.507661354861497,17.5086947591044,17.519979238975793,11.28447987139225,True,
3466,onnx_model_053,measure,17.507670952088606,17.508856376167387,17.519854431971908,10.998055804520845,True,
3467,onnx_model_058,measure,17.511055399746276,17.511479180771858,17.522392816841602,10.913636069744825,True,
3468,onnx_model_063,measure,17.51745136706175,17.517826998140663,17.528782792855054,10.955794714391232,True,
3469,onnx_model_069,measure,17.518382160433216,17.519262867048383,17.53037976892665,11.116901878267527,True,
3470,onnx_model_059,measure,17.532320434363672,17.532622151076794,17.543594718910754,10.972567833960056,True,
3471,onnx_model_024,measure,17.53761294699392,17.538064076099545,17.54910364979878,11.039573699235916,True,
3472,onnx_model_038,measure,17.544545539518293,17.544814326800406,17.555778097826988,10.963771026581526,True,
3473,onnx_model_063,measure,17.55962304734186,17.56000129505992,17.570975235197693,10.973940137773752,True,
3474,onnx_model_090,measure,17.56114172997946,17.561531994957477,17.572496898006648,10.964903049170971,True,
3475,onnx_model_064,measure,17.564690372435283,17.56497656274587,17.576122179161757,11.145616415888071,True,
3476,onnx_model_024,measure,17.57467631101238,17.57573686586693,17.586800176184624,11.06331031769514,True,
3477,onnx_model_057,measure,17.577751405253892,17.578366755042225,17.589217791799456,10.851036757230759,True,
3478,onnx_model_081,measure,17.58296536128045,17.583811143878847,17.594804191030562,10.993047151714563,True,
3479,onnx_model_096,measure,17.587129904704142,17.588021867908537,17.598908762913197,10.886895004659891,True,
3480,onnx_model_035,measure,17.58927796380276,17.590448311064392,17.6012249160558,10.776604991406202,True,
3481,onnx_model_013,measure,17.592169472307727,17.592898759059608,17.603750376030803,10.851616971194744,True,
3482,onnx_model_018,measure,17.59816234053171,17.59900382393971,17.60992422187701,10.920397937297821,True,
3483,onnx_model_093,measure,17.598894078619566,17.599414695054293,17.610295787919313,10.881092865020037,True,
3484,onnx_model_065,measure,17.604490435758155,17.604969784151763,17.615844354964793,10.874570813030005,True,
3485,onnx_model_055,measure,17.614251855122806,17.61453436501324,17.625418854877353,10.884489864110947,True,
3486,onnx_model_060,measure,17.621297054080188,17.622066632844508,17.632989155128598,10.922522284090519,True,
3487,onnx_model_023,measure,17.624945656589407,17.62551664095372,17.636727020144463,11.21037919074297,True,
3488,onnx_model_003,measure,17.624999479282852,17.625680401921272,17.6367672868073,11.086884886026382,True,
3489,onnx_model_005,measure,17.62619573419426,17.627198677975684,17.638149564154446,10.95088617876172,True,
3490,onnx_model_081,measure,17.628683421635582,17.629659235011786,17.640696396119893,11.037161108106375,True,
3491,onnx_model_007,measure,17.63129569303899,17.632095716893673,17.642932064831257,10.836347937583923,True,
3492,onnx_model_018,measure,17.636256866391136,17.636859382037073,17.64789157314226,11.03219110518694,True,
3493,onnx_model_051,measure,17.644382829541186,17.645152635872364,17.656183594837785,11.030958965420723,True,
3494,onnx_model_086,measure,17.65125115167492,17.652120410930365,17.663288639858365,11.168228927999735,True,
3495,onnx_model_018,measure,17.65165140479194,17.652284102048725,17.663778671994805,11.494569946080446,True,
3496,onnx_model_004,measure,17.65558124447624,17.655816957820207,17.66679355315864,10.976595338433981,True,
3497,onnx_model_005,measure,17.65621325317036,17.6574131520465,17.668241144157946,10.827992111444473,True,
3498,onnx_model_024,measure,17.65802623227901,17.658858309034258,17.669953588861972,11.095279827713966,True,
3499,onnx_model_058,measure,17.6626859504885,17.6634061941877,17.674109528772533,10.703334584832191,True,
3500,onnx_model_075,measure,17.667305366584557,17.6679449910298,17.678547334857285,10.602343827486038,True,
3501,onnx_model_077,measure,17.668751653407032,17.669403162784874,17.680052406154573,10.649243369698524,True,
3502,onnx_model_059,measure,17.66937011822608,17.669639391824603,17.6803619437851,10.722551960498095,True,
3503,onnx_model_062,measure,17.66952698413315,17.66973361093551,17.680385458748788,10.651847813278437,True,
3504,onnx_model_098,measure,17.679164185094486,17.679697852116078,17.690198151860386,10.500299744307995,True,
3505,onnx_model_089,measure,17.680709540959125,17.681537920143455,17.6920284810476,10.49056090414524,True,
3506,onnx_model_013,measure,17.686323493108485,17.686834627762437,17.697597345802933,10.762718040496111,True,
3507,onnx_model_093,measure,17.691390060724466,17.692084587179124,17.70260747987777,10.522892698645592,True,
3508,onnx_model_019,measure,17.696665869125862,17.697378169745207,17.707962688989937,10.584519244730473,True,
3509,onnx_model_032,measure,17.697369289409274,17.697674763854593,17.70815922319889,10.484459344297647,True,
3510,onnx_model_011,measure,17.70927767035622,17.710317586082965,17.721186455804855,10.868869721889496,True,
3511,onnx_model_096,measure,17.709913568645586,17.71043912693858,17.721308017149568,10.868890210986137,True,
3512,onnx_model_078,measure,17.711691613698502,17.712762212846428,17.72340233810246,10.640125256031752,True,
3513,onnx_model_003,measure,17.717270737324945,17.718048059847206,17.72869594115764,10.64788131043315,True,
3514,onnx_model_076,measure,17.719336765408652,17.720340648200363,17.731267679017037,10.927030816674232,True,
3515,onnx_model_065,measure,17.72008682784524,17.720438804943115,17.731098528020084,10.659723076969385,True,
3516,onnx_model_057,measure,17.732349127347465,17.73342299601063,17.744120410177857,10.69741416722536,True,
3517,onnx_model_064,measure,17.733618316861552,17.734706074930727,17.74540232680738,10.69625187665224,True,
3518,onnx_model_026,measure,17.736348468834546,17.73698257189244,17.747605334967375,10.622763074934483,True,
3519,onnx_model_051,measure,17.73843838495407,17.73925910005346,17.74987772386521,10.618623811751604,True,
3520,onnx_model_040,measure,17.75182928993337,17.752030525822192,17.76296081300825,10.930287186056376,True,
3521,onnx_model_078,measure,17.753112022987523,17.753387034870684,17.76437141513452,10.984380263835192,True,
3522,onnx_model_026,measure,17.76440378569905,17.765673799905926,17.776758269872516,11.084469966590405,True,
3523,onnx_model_082,measure,17.7763302204877,17.77686965186149,17.78785453317687,10.984881315380335,True,
3524,onnx_model_011,measure,17.778139747574205,17.77942050108686,17.79042147193104,11.000970844179392,True,
3525,onnx_model_072,measure,17.783442051337804,17.783964238129556,17.795095317065716,11.13107893615961,True,
3526,onnx_model_004,measure,17.783697846763772,17.784167313948274,17.795223060064018,11.055746115744114,True,
3527,onnx_model_051,measure,17.78441778487718,17.78464917000383,17.795363415963948,10.714245960116386,True,
3528,onnx_model_098,measure,17.790130782905287,17.790531942155212,17.801475935149938,10.943992994725704,True,
3529,onnx_model_099,measure,17.791866350291716,17.793065848760307,17.804179072845727,11.11322408542037,True,
3530,onnx_model_091,measure,17.79541149837104,17.79663908109069,17.80760289216414,10.963811073452234,True,
3531,onnx_model_024,measure,17.803121629651603,17.803777639754117,17.81479963194579,11.021992191672325,True,
3532,onnx_model_028,measure,17.808626806683876,17.8099145158194,17.821680521126837,11.76600530743599,True,
3533,onnx_model_049,measure,17.81162109266784,17.8124858639203,17.82352291373536,11.037049815058708,True,
3534,onnx_model_066,measure,17.815574482314723,17.816105072852224,17.82724339608103,11.138323228806257,True,
3535,onnx_model_060,measure,17.815773805202348,17.816290576010942,17.827377491164953,11.086915154010057,True,
3536,onnx_model_088,measure,17.81965405931822,17.82099176198244,17.832418482750654,11.426720768213272,True,
3537,onnx_model_088,measure,17.82071078026775,17.821253289002925,17.832536997739226,11.283708736300468,True,
3538,onnx_model_069,measure,17.82182762126681,17.822981774806976,17.83398547116667,11.003696359694004,True,
3539,onnx_model_002,measure,17.82400619838801,17.824759664013982,17.835671747103333,10.912083089351654,True,
3540,onnx_model_064,measure,17.82549773526704,17.826212205924094,17.837013056967407,10.800851043313742,True,
3541,onnx_model_045,measure,17.832472624059484,17.832679668907076,17.843562565743923,10.882896836847067,True,
3542,onnx_model_007,measure,17.834699791477203,17.835204287897795,17.846189389005303,10.985101107507944,True,
3543,onnx_model_056,measure,17.838519116884893,17.839229499921203,17.850158052984625,10.928553063422441,True,
3544,onnx_model_063,measure,17.839399743222497,17.839608460199088,17.85062325699255,11.014796793460846,True,
3545,onnx_model_054,measure,17.84373242584252,17.84478138294071,17.855639833025634,10.858450084924698,True,
3546,onnx_model_009,measure,17.849771240693485,17.85025318386033,17.861211123876274,10.957940015941858,True,
3547,onnx_model_020,measure,17.851998336663087,17.852846303023398,17.86371486308053,10.868560057133436,True,
3548,onnx_model_025,measure,17.859808994405803,17.860857672058046,17.871619938872755,10.76226681470871,True,
3549,onnx_model_076,measure,17.866413336200047,17.86693936213851,17.877856424078345,10.917061939835548,True,
3550,onnx_model_060,measure,17.86699406129188,17.86729838512838,17.878093604929745,10.79521980136633,True,
3551,onnx_model_054,measure,17.86785628085777,17.868741718120873,17.879501049872488,10.759331751614809,True,
3552,onnx_model_052,measure,17.86924270082017,17.87016560509801,17.880957348737866,10.791743639856577,True,
3553,onnx_model_077,measure,17.88135482508086,17.882170504890382,17.893080002162606,10.909497272223234,True,
3554,onnx_model_038,measure,17.88395995308932,17.884623907972127,17.89554133079946,10.917422827333212,True,
3555,onnx_model_072,measure,17.88638922861173,17.887079967185855,17.89797078911215,10.890821926295757,True,
3556,onnx_model_006,measure,17.887342001269364,17.888492883183062,17.89926920691505,10.776323731988668,True,
3557,onnx_model_034,measure,17.890414489462817,17.890945605002344,17.901988135185093,11.042530182749033,True,
3558,onnx_model_092,measure,17.890616778186285,17.891105468850583,17.90202673804015,10.921269189566374,True,
3559,onnx_model_024,measure,17.894069497299842,17.89430277608335,17.905192726757377,10.889950674027205,True,
3560,onnx_model_054,measure,17.903834943197623,17.904246457852423,17.91520984796807,10.963390115648508,True,
3561,onnx_model_011,measure,17.913376876984376,17.915304156951606,17.926151285879314,10.847128927707672,True,
3562,onnx_model_061,measure,17.916389766127146,17.916794459801167,17.92777467193082,10.9802121296525,True,
3563,onnx_model_056,measure,17.91646757785187,17.917003025766462,17.927851617801934,10.848592035472393,True,
3564,onnx_model_027,measure,17.918015100402915,17.918447703123093,17.92924634879455,10.798645671457052,True,
3565,onnx_model_065,measure,17.933594798587148,17.9344757697545,17.94536874582991,10.892976075410843,True,
3566,onnx_model_064,measure,17.9346305073741,17.934838268905878,17.94576821476221,10.929945856332779,True,
3567,onnx_model_019,measure,17.937818317220934,17.93826337903738,17.949094607960433,10.83122892305255,True,
3568,onnx_model_031,measure,17.945540942073848,17.945862523745745,17.956752344034612,10.889820288866758,True,
3569,onnx_model_012,measure,17.94778997866327,17.948300528805703,17.959123841952533,10.823313146829605,True,
3570,onnx_model_025,measure,17.95179341358368,17.952315820846707,17.96310348715633,10.78766630962491,True,
3571,onnx_model_079,measure,17.9677627845476,17.96836819499731,17.979300566017628,10.932371020317078,True,
3572,onnx_model_005,measure,17.977223033607405,17.978825301863253,17.989733195863664,10.907894000411034,True,
3573,onnx_model_093,measure,17.982109947415257,17.98253365093842,17.99347907677293,10.94542583450675,True,
3574,onnx_model_097,measure,17.98339325205023,17.983997232746333,17.99477310711518,10.775874368846416,True,
3575,onnx_model_049,measure,17.988039500265778,17.9884589840658,17.999289912171662,10.830928105860949,True,
3576,onnx_model_007,measure,17.988516059851772,17.9888296588324,17.999759776052088,10.930117219686508,True,
3577,onnx_model_010,measure,17.98864788689475,17.989018728025258,17.99992571119219,10.90698316693306,True,
3578,onnx_model_087,measure,17.990566941303857,17.990960820112377,18.001754506956786,10.793686844408512,True,
3579,onnx_model_053,measure,17.996304005388932,17.99699640274048,18.007861325051636,10.864922311156988,True,
3580,onnx_model_065,measure,18.007654864580616,18.007958720903844,18.018944983836263,10.986262932419777,True,
3581,onnx_model_064,measure,18.011328609215187,18.012424840126187,18.02349454211071,11.069701984524727,True,
3582,onnx_model_002,measure,18.01262790094599,18.01279100589454,18.023974114097655,11.183108203113079,True,
3583,onnx_model_069,measure,18.013954647867674,18.01422336883843,18.025112077128142,10.888708289712667,True,
3584,onnx_model_061,measure,18.01680525148791,18.01767752505839,18.028481220826507,10.803695768117905,True,
3585,onnx_model_015,measure,18.021908268060038,18.022169784177095,18.033101623877883,10.93183970078826,True,
3586,onnx_model_044,measure,18.02322480011109,18.023591986857355,18.034613287076354,11.021300218999386,True,
3587,onnx_model_097,measure,18.039946311828082,18.040833671111614,18.051799254957587,10.965583845973015,True,
3588,onnx_model_036,measure,18.041705157557473,18.042286302894354,18.053683557081968,11.397254187613726,True,
3589,onnx_model_043,measure,18.051955852149472,18.053031418006867,18.06418761378154,11.156195774674416,True,
3590,onnx_model_004,measure,18.052269409725202,18.053228653036058,18.064302371814847,11.073718778789043,True,
3591,onnx_model_016,measure,18.05492635648102,18.05591646209359,18.066716832108796,10.800370015203953,True,
3592,onnx_model_005,measure,18.05752988937935,18.05837264098227,18.069308158010244,10.935517027974129,True,
3593,onnx_model_031,measure,18.07195302953887,18.0725327571854,18.083448246121407,10.915488936007023,True,
3594,onnx_model_032,measure,18.075306153771315,18.07598577113822,18.08704127604142,11.055504903197289,True,
3595,onnx_model_013,measure,18.083870756188684,18.084672483149916,18.09569484507665,11.022361926734447,True,
3596,onnx_model_015,measure,18.087492536268936,18.08826572308317,18.099278246052563,11.012522969394922,True,
3597,onnx_model_010,measure,18.089076961939575,18.089721059892327,18.10061596892774,10.894909035414457,True,
3598,onnx_model_042,measure,18.09672233563239,18.097918611951172,18.108941284939647,11.022672988474369,True,
3599,onnx_model_003,measure,18.111515252997794,18.112168279010803,18.123164009768516,10.995730757713318,True,
3600,onnx_model_007,measure,18.115120660520226,18.11564640002325,18.126647632103413,11.001232080161572,True,
3601,onnx_model_012,measure,18.11550145227621,18.11581296706572,18.126913636922836,11.100669857114553,True,
3602,onnx_model_012,measure,18.115878310319925,18.11624882509932,18.126955155748874,10.70633064955473,True,
3603,onnx_model_071,measure,18.116880969575764,18.11770897079259,18.12850506277755,10.796091984957457,True,
3604,onnx_model_033,measure,18.122726579149308,18.123263149056584,18.13425247790292,10.989328846335411,True,
3605,onnx_model_069,measure,18.13199227507566,18.13272660691291,18.143686539959162,10.959933046251535,True,
3606,onnx_model_053,measure,18.134017117730632,18.134373878128827,18.145423342008144,11.049463879317045,True,
3607,onnx_model_001,measure,18.136958128994834,18.13782453816384,18.148739204742014,10.914666578173637,True,
3608,onnx_model_099,measure,18.14089590303019,18.141262723132968,18.152156069874763,10.89334674179554,True,
3609,onnx_model_047,measure,18.141383836114844,18.14164795493707,18.152522115968168,10.874161031097174,True,
3610,onnx_model_082,measure,18.163944527249072,18.164747634902596,18.175766218919307,11.01858401671052,True,
3611,onnx_model_036,measure,18.165349786812094,18.1661954568699,18.177103421185166,10.907964315265417,True,
3612,onnx_model_066,measure,18.192202145785686,18.193324835970998,18.204409706871957,11.084870900958776,True,
3613,onnx_model_060,measure,18.19804076083166,18.198788402136415,18.209809902124107,11.02149998769164,True,
3614,onnx_model_017,measure,18.20816379308739,18.20863851485774,18.21963592991233,10.99741505458951,True,
3615,onnx_model_009,measure,18.209244620552315,18.209906516131014,18.220915992744267,11.009476613253355,True,
3616,onnx_model_029,measure,18.209480647782602,18.210067191161215,18.22105399519205,10.986804030835629,True,
3617,onnx_model_063,measure,18.212265918629154,18.21260479511693,18.22370761912316,11.102824006229639,True,
3618,onnx_model_082,measure,18.22339854216653,18.2237700978294,18.234588802792132,10.818704962730408,True,
3619,onnx_model_056,measure,18.229424995173087,18.230054162908345,18.240817131940275,10.76296903192997,True,
3620,onnx_model_020,measure,18.233961147715807,18.234359326772392,18.245213518850505,10.854192078113556,True,
3621,onnx_model_032,measure,18.244677545969303,18.244981648866087,18.25571879791096,10.73714904487133,True,
3622,onnx_model_085,measure,18.24534026497335,18.24638310307637,18.25728894304484,10.90583996847272,True,
3623,onnx_model_085,measure,18.246062852245508,18.24648067774251,18.25737431505695,10.89363731443882,True,
3624,onnx_model_048,measure,18.25898236040278,18.259529281873256,18.270307268947363,10.777987074106932,True,
3625,onnx_model_072,measure,18.267348721571693,18.267838595900685,18.27869448205456,10.855886153876781,True,
3626,onnx_model_062,measure,18.27121548510209,18.271495528053492,18.282246313989162,10.750785935670137,True,
3627,onnx_model_088,measure,18.286282859019053,18.287449984811246,18.29850819474086,11.05820992961526,True,
3628,onnx_model_064,measure,18.29074323963591,18.29188151890412,18.302990945987403,11.109427083283663,True,
3629,onnx_model_038,measure,18.29583120533221,18.296432138886303,18.307348208967596,10.916070081293583,True,
3630,onnx_model_028,measure,18.297840751872002,18.298618535045534,18.30938501097262,10.766475927084684,True,
3631,onnx_model_045,measure,18.29977269920477,18.300146540161222,18.3112459378317,11.099397670477629,True,
3632,onnx_model_032,measure,18.300943553505245,18.30169123597443,18.312551418785006,10.86018281057477,True,
3633,onnx_model_058,measure,18.302062659036647,18.303093010094017,18.314280305989087,11.187295895069838,True,
3634,onnx_model_058,measure,18.302712175458044,18.303262191824615,18.31432611308992,11.063921265304089,True,
3635,onnx_model_090,measure,18.303422425481326,18.303737645968795,18.314709031023085,10.971385054290295,True,
3636,onnx_model_012,measure,18.303674223745098,18.304092379752547,18.315183161757886,11.090782005339861,True,
3637,onnx_model_089,measure,18.305731877992276,18.30655832681805,18.317436756100506,10.878429282456636,True,
3638,onnx_model_099,measure,18.31320082305907,18.313791607040912,18.324714168906212,10.92256186529994,True,
3639,onnx_model_030,measure,18.314508452057513,18.314804362133145,18.32575880503282,10.954442899674177,True,
3640,onnx_model_038,measure,18.330031356568302,18.330999796744436,18.34209791291505,11.098116170614958,True,
3641,onnx_model_019,measure,18.333911514036473,18.334491284098476,18.345412644091994,10.921359993517399,True,
3642,onnx_model_043,measure,18.35772105431744,18.359596254769713,18.371119929943234,11.523675173521042,True,
3643,onnx_model_028,measure,18.35783072023668,18.359734177123755,18.3711647647433,11.430587619543076,True,
3644,onnx_model_025,measure,18.35899591344864,18.35987725900486,18.37119734706357,11.320088058710098,True,
3645,onnx_model_006,measure,18.363870941577982,18.36447262391448,18.375448558013886,10.975934099406004,True,
3646,onnx_model_079,measure,18.365113996293953,18.365901079960167,18.376799737103283,10.898657143115997,True,
3647,onnx_model_024,measure,18.366747355955795,18.367326879873872,18.378343009855598,11.016129981726408,True,
3648,onnx_model_026,measure,18.368936058628478,18.369762188754976,18.380714477971196,10.952289216220379,True,
3649,onnx_model_022,measure,18.370829927096736,18.37128699803725,18.38225606782362,10.9690697863698,True,
3650,onnx_model_099,measure,18.37667049180181,18.376927518751472,18.387865961994976,10.93844324350357,True,
3651,onnx_model_037,measure,18.377666188223856,18.378440556116402,18.389666944742203,11.22638862580061,True,
3652,onnx_model_039,measure,18.378214122371332,18.378600970841944,18.38962359307334,11.022622231394053,True,
3653,onnx_model_003,measure,18.379202431958944,18.38010385679081,18.391237331088632,11.133474297821522,True,
3654,onnx_model_003,measure,18.38244684045848,18.3834815681912,18.391275833826512,7.7942656353116035,True,
3655,onnx_model_075,measure,18.394163288856763,18.394494181033224,18.405602526851,11.108345817774534,True,
3656,onnx_model_064,measure,18.404826201649918,18.40569745702669,18.416744134854525,11.046677827835083,True,
3657,onnx_model_055,measure,18.4368946599732,18.43805958284065,18.44916525296867,11.105670128017664,True,
3658,onnx_model_051,measure,18.43905141096184,18.439554234035313,18.450706883799285,11.152649763971567,True,
3659,onnx_model_048,measure,18.45191739424414,18.45298558473587,18.464158543851227,11.172959115356207,True,
3660,onnx_model_052,measure,18.45473264714962,18.455531916115433,18.466901387088,11.369470972567797,True,
3661,onnx_model_000,measure,18.457260189797644,18.458116398192942,18.469100426882505,10.984028689563274,True,
3662,onnx_model_068,measure,18.458683773354064,18.459593285806477,18.47099246410653,11.399178300052881,True,
3663,onnx_model_083,measure,18.46574228893425,18.466471700929105,18.47762728575617,11.155584827065468,True,
3664,onnx_model_032,measure,18.469698610864324,18.47035879874602,18.481700979173183,11.34218042716384,True,
3665,onnx_model_065,measure,18.469932712429415,18.470554882194847,18.481565882917494,11.011000722646713,True,
3666,onnx_model_046,measure,18.476459517218263,18.477227927185595,18.488351049833,11.12312264740467,True,
3667,onnx_model_079,measure,18.488073429999147,18.488450068980455,18.49941349774599,10.963428765535355,True,
3668,onnx_model_093,measure,18.48907529161333,18.48990097688511,18.501021043863147,11.120066978037357,True,
3669,onnx_model_009,measure,18.500193658034764,18.500638416968286,18.511697919107974,11.059502139687538,True,
3670,onnx_model_001,measure,18.503982111028172,18.504247536882758,18.515309704933316,11.062168050557375,True,
3671,onnx_model_010,measure,18.50972705603222,18.510702507104725,18.521597867831588,10.895360726863146,True,
3672,onnx_model_021,measure,18.514360651798896,18.51492356089875,18.52608658000827,11.163019109517336,True,
3673,onnx_model_046,measure,18.520154730548743,18.520546269137412,18.53162356512621,11.077295988798141,True,
3674,onnx_model_025,measure,18.523203808341176,18.523767281789333,18.534766589757055,10.999307967722416,True,
3675,onnx_model_062,measure,18.523643983906993,18.523862352129072,18.534913149196655,11.050797067582607,True,
3676,onnx_model_082,measure,18.52457928753514,18.525322007015347,18.53660985408351,11.287847068160772,True,
3677,onnx_model_090,measure,18.525020689999188,18.525623589754105,18.536732616834342,11.109027080237865,True,
3678,onnx_model_097,measure,18.528232559497788,18.529313053004444,18.54032602813095,11.012975126504898,True,
3679,onnx_model_028,measure,18.5319308573041,18.53285916382447,18.544147561769933,11.288397945463657,True,
3680,onnx_model_070,measure,18.532428211209254,18.533022304065526,18.544193419162184,11.171115096658468,True,
3681,onnx_model_041,measure,18.53725332641738,18.537948829121888,18.548939540982246,10.990711860358715,True,
3682,onnx_model_050,measure,18.543085499691003,18.543563440907747,18.554565445054322,11.002004146575928,True,
3683,onnx_model_005,measure,18.55135412932792,18.552156405057758,18.56310704117641,10.950636118650436,True,
3684,onnx_model_031,measure,18.553263892226127,18.553622683044523,18.56447368906811,10.851006023585796,True,
3685,onnx_model_016,measure,18.55973461321507,18.560789436101913,18.571705685928464,10.916249826550484,True,
3686,onnx_model_051,measure,18.573692253195418,18.573942398186773,18.585039691999555,11.097293812781572,True,
3687,onnx_model_074,measure,18.575596221677635,18.576398295816034,18.58729265490547,10.894359089434147,True,
3688,onnx_model_051,measure,18.578895193327597,18.57983097108081,18.5851681958884,5.337224807590246,True,
3689,onnx_model_094,measure,18.581366679858526,18.582290396094322,18.59330743784085,11.017041746526957,True,
3690,onnx_model_075,measure,18.592903842976764,18.59341755695641,18.604651622008532,11.234065052121878,True,
3691,onnx_model_040,measure,18.59320332805845,18.593580586835742,18.604760027956218,11.17944112047553,True,
3692,onnx_model_065,measure,18.594872720854504,18.59608733188361,18.607053516898304,10.96618501469493,True,
3693,onnx_model_078,measure,18.59979682284603,18.60052317380905,18.61154699884355,11.023825034499168,True,
3694,onnx_model_034,measure,18.60696511393333,18.607217197772115,18.618210043758154,10.992845986038446,True,
3695,onnx_model_031,measure,18.61655961555357,18.617767923977226,18.62854072218761,10.772798210382462,True,
3696,onnx_model_039,measure,18.620274648427756,18.621444913093,18.632263086736202,10.81817364320159,True,
3697,onnx_model_027,measure,18.621832569193504,18.622872376814485,18.63364059617743,10.768219362944365,True,
3698,onnx_model_091,measure,18.634546252971507,18.6348545528017,18.645732319913805,10.877767112106085,True,
3699,onnx_model_036,measure,18.64111728810721,18.64232496311888,18.653263305779546,10.938342660665512,True,
3700,onnx_model_078,measure,18.647164536562073,18.647954674903303,18.65902310376987,11.068428866565228,True,
3701,onnx_model_024,measure,18.650795761044897,18.651402107905596,18.66231207596138,10.909968055784702,True,
3702,onnx_model_013,measure,18.652762976626477,18.653400767128915,18.664450300857425,11.049533728510141,True,
3703,onnx_model_064,measure,18.657200963218656,18.657840106170624,18.668856646865606,11.016540694981813,True,
3704,onnx_model_098,measure,18.662951979070794,18.663588462863117,18.67457074811682,10.982285253703594,True,
3705,onnx_model_067,measure,18.67013590179718,18.671076335944235,18.682023004163057,10.946668218821287,True,
3706,onnx_model_015,measure,18.675351293259958,18.675793974194676,18.686688452027738,10.89447783306241,True,
3707,onnx_model_009,measure,18.682166538437205,18.683244585990906,18.694051968865097,10.807382874190807,True,
3708,onnx_model_009,measure,18.71098115032681,18.711361752822995,18.722324561793357,10.962808970361948,True,
3709,onnx_model_004,measure,18.712022359546637,18.712836496066302,18.72395069291815,11.114196851849556,True,
3710,onnx_model_013,measure,18.71660306432456,18.71727837016806,18.728212404064834,10.934033896774054,True,
3711,onnx_model_029,measure,18.71794694228489,18.718726010993123,18.729708968196064,10.98295720294118,True,
3712,onnx_model_008,measure,18.72236609053425,18.723569417838007,18.734612740110606,11.043322272598743,True,
3713,onnx_model_020,measure,18.726769864192455,18.727181052789092,18.738228884059936,11.047831270843744,True,
3714,onnx_model_050,measure,18.729806051955322,18.730935119092464,18.74194451700896,11.0093979164958,True,
3715,onnx_model_055,measure,18.735612701759056,18.73583322018385,18.746876110788435,11.04289060458541,True,
3716,onnx_model_092,measure,18.74232175292335,18.74317776085809,18.754091807175428,10.914046317338943,True,
3717,onnx_model_031,measure,18.75988903098037,18.7603171300143,18.771134302020073,10.81717200577259,True,
3718,onnx_model_047,measure,18.763380585668717,18.7637381227687,18.77439036173746,10.652238968759775,True,
3719,onnx_model_059,measure,18.77281225008062,18.77328643295914,18.784040324855596,10.75389189645648,True,
3720,onnx_model_033,measure,18.77463545844805,18.77554427506402,18.786308575887233,10.76430082321167,True,
3721,onnx_model_036,measure,18.77466495907232,18.775640808045864,18.786349033005536,10.708224959671497,True,
3722,onnx_model_087,measure,18.77768092044136,18.77798309084028,18.788821262773126,10.838171932846308,True,
3723,onnx_model_019,measure,18.779238068631173,18.78026434686035,18.791006886865944,10.742540005594492,True,
3724,onnx_model_029,measure,18.782214326442517,18.782551764976233,18.793268667068332,10.71690209209919,True,
3725,onnx_model_084,measure,18.789664644314556,18.789973091799766,18.80072298599407,10.749894194304943,True,
3726,onnx_model_028,measure,18.799826670773054,18.80041879788041,18.81119835888967,10.779561009258032,True,
3727,onnx_model_009,measure,18.80382787005534,18.80488660093397,18.815501427743584,10.614826809614897,True,
3728,onnx_model_013,measure,18.821129675880133,18.821700652129948,18.83259213482961,10.891482699662447,True,
3729,onnx_model_024,measure,18.82642278428118,18.827059919014573,18.83816272392869,11.10280491411686,True,
3730,onnx_model_038,measure,18.826482657357175,18.827171551063657,18.83821624610573,11.044695042073727,True,
3731,onnx_model_098,measure,18.827957414643993,18.828655561897904,18.839577512815595,10.921950917690992,True,
3732,onnx_model_038,measure,18.840484859045535,18.840877173934132,18.851974457968026,11.097284033894539,True,
3733,onnx_model_073,measure,18.85004494382998,18.85143186710775,18.86254308791831,11.111220810562372,True,
3734,onnx_model_087,measure,18.851767264261373,18.85207695281133,18.86312649678439,11.049543973058462,True,
3735,onnx_model_056,measure,18.86093661427287,18.86267149215564,18.873692230787128,11.020738631486893,True,
3736,onnx_model_022,measure,18.866229429651547,18.86744664888829,18.878347659949213,10.901011060923338,True,
3737,onnx_model_041,measure,18.867783287242855,18.868987707886845,18.880018766969442,11.031059082597494,True,
3738,onnx_model_064,measure,18.86856565238199,18.869175555184484,18.880517514888197,11.341959703713655,True,
3739,onnx_model_042,measure,18.869930116766927,18.870792168192565,18.88174705207348,10.954883880913258,True,
3740,onnx_model_043,measure,18.870521033492153,18.87098094681278,18.88194245286286,10.961506050080061,True,
3741,onnx_model_060,measure,18.871679566270636,18.872504964005202,18.883205553982407,10.7005899772048,True,
3742,onnx_model_029,measure,18.879725786230715,18.880119126755744,18.89093277277425,10.813646018505096,True,
3743,onnx_model_016,measure,18.884647954748694,18.885444008745253,18.896320623811334,10.876615066081285,True,
3744,onnx_model_069,measure,18.891284870543885,18.89215656882152,18.902948402799666,10.791833978146315,True,
3745,onnx_model_066,measure,18.89438742413208,18.894622546155006,18.905497658997774,10.87511284276843,True,
3746,onnx_model_087,measure,18.894655563243987,18.89498328184709,18.905959987081587,10.976705234497786,True,
3747,onnx_model_015,measure,18.89676403107192,18.897557134740055,18.90832317015156,10.766035411506891,True,
3748,onnx_model_017,measure,18.905254532237972,18.90559301013127,18.916859475895762,11.26646576449275,True,
3749,onnx_model_055,measure,18.90845082007115,18.90956263616681,18.921156513970345,11.59387780353427,True,
3750,onnx_model_029,measure,18.908569156401427,18.909730734769255,18.920709313824773,10.978579055517912,True,
3751,onnx_model_038,measure,18.912999602173674,18.91325543494895,18.92424048576504,10.985050816088915,True,
3752,onnx_model_089,measure,18.913282852646326,18.913634405005723,18.924440886825323,10.806481819599867,True,
3753,onnx_model_037,measure,18.91356534111038,18.913989921100438,18.924824857153,10.834936052560806,True,
3754,onnx_model_051,measure,18.91556023089722,18.916442002169788,18.927429026924074,10.987024754285812,True,
3755,onnx_model_073,measure,18.917068092581378,18.91809877101332,18.929310583975166,11.21181296184659,True,
3756,onnx_model_059,measure,18.91752194671149,18.91836215183139,18.929197868797928,10.835716966539621,True,
3757,onnx_model_001,measure,18.9198132327401,18.920806728769094,18.931626685895026,10.819957125931978,True,
3758,onnx_model_049,measure,18.932670823879594,18.9338522371836,18.944756684824824,10.904447641223669,True,
3759,onnx_model_004,measure,18.934240423057453,18.93530682194978,18.946173828095198,10.86700614541769,True,
3760,onnx_model_085,measure,18.93537884659759,18.935689869802445,18.94649297511205,10.803105309605598,True,
3761,onnx_model_070,measure,18.935632725288766,18.936043742112815,18.94675217801705,10.708435904234648,True,
3762,onnx_model_027,measure,18.94188772268889,18.942491077817976,18.95325548015535,10.764402337372303,True,
3763,onnx_model_034,measure,18.943957355080713,18.944856403861195,18.955658236984164,10.801833122968674,True,
3764,onnx_model_095,measure,18.94931778167758,18.949974914081395,18.960759844165295,10.78493008390069,True,
3765,onnx_model_010,measure,18.951873980518286,18.952439138200134,18.963237242773175,10.7981045730412,True,
3766,onnx_model_024,measure,18.952991262362946,18.95336977718398,18.964148555882275,10.778778698295355,True,
3767,onnx_model_021,measure,18.95431932498694,18.954818190075457,18.965591268148273,10.773078072816133,True,
3768,onnx_model_027,measure,18.95574768835646,18.956903825048357,18.96776685398072,10.863028932362795,True,
3769,onnx_model_087,measure,18.961124677279017,18.961987879127264,18.97297907108441,10.99119195714593,True,
3770,onnx_model_026,measure,18.961757638422768,18.962153502739966,18.97312948713079,10.975984390825033,True,
3771,onnx_model_008,measure,18.964137985050254,18.964348314795643,18.97515290416777,10.804589372128248,True,
3772,onnx_model_047,measure,18.967429513516493,18.967864660080522,18.97876622201875,10.901561938226223,True,
3773,onnx_model_087,measure,18.968328562893536,18.96934100612998,18.973170574754477,3.82956862449646,True,
3774,onnx_model_004,measure,18.968459572811508,18.969511198811233,18.980302020907402,10.790822096168995,True,
3775,onnx_model_019,measure,18.97068120376521,18.971024525817484,18.981809516903013,10.784991085529327,True,
3776,onnx_model_067,measure,18.977974427184463,18.97838745219633,18.98924747481942,10.860022623091936,True,
3777,onnx_model_029,measure,18.98137644886297,18.981907041743398,18.99283270118758,10.925659444183111,True,
3778,onnx_model_089,measure,18.98262709259271,18.983359563164413,18.994023404084146,10.663840919733047,True,
3779,onnx_model_055,measure,18.984910925866128,18.98581018205732,18.996554716024548,10.744533967226744,True,
3780,onnx_model_006,measure,18.98768533369014,18.988288832828403,18.999043526127934,10.754693299531937,True,
3781,onnx_model_079,measure,18.992225542533753,18.992473497986794,19.003173226024956,10.699728038161993,True,
3782,onnx_model_052,measure,18.99627282397159,18.9966504778713,19.00732589000836,10.675412137061357,True,
3783,onnx_model_093,measure,18.99719113515222,18.998092839028686,19.00896086776629,10.868028737604618,True,
3784,onnx_model_024,measure,19.000402746396293,19.00126758404076,19.011938718147576,10.671134106814861,True,
3785,onnx_model_070,measure,19.006112700468965,19.00642416579649,19.0173161001876,10.891934391111135,True,
3786,onnx_model_081,measure,19.0061351310885,19.00659137405455,19.017387575935572,10.796201881021261,True,
3787,onnx_model_056,measure,19.00829499563221,19.008599320892245,19.01928711682558,10.68779593333602,True,
3788,onnx_model_046,measure,19.00996943720381,19.0101849748753,19.020864786114544,10.679811239242554,True,
3789,onnx_model_046,measure,19.015650613663745,19.016167717054486,19.020963893737644,4.796176683157682,True,
3790,onnx_model_056,measure,19.015665624732833,19.016349513083696,19.019364493899047,3.0149808153510094,True,
3791,onnx_model_030,measure,19.02317552520515,19.0241868798621,19.034911517053843,10.724637191742659,True,
3792,onnx_model_061,measure,19.02840143507076,19.028650565072894,19.03947302699089,10.822461917996407,True,
3793,onnx_model_011,measure,19.035521761552403,19.036131905857474,19.04692703578621,10.795129928737879,True,
3794,onnx_model_089,measure,19.043611864941422,19.04469884093851,19.055591315962374,10.8924750238657,True,
3795,onnx_model_034,measure,19.045286237247492,19.046142254956067,19.05688948277384,10.747227817773819,True,
3796,onnx_model_049,measure,19.046979729239364,19.048146535176784,19.059013961814344,10.86742663756013,True,
3797,onnx_model_022,measure,19.052100376042002,19.052602654788643,19.063429825939238,10.82717115059495,True,
3798,onnx_model_061,measure,19.052752841526086,19.05296590505168,19.063697083853185,10.731178801506758,True,
3799,onnx_model_051,measure,19.05717275015953,19.058125804178417,19.06891098478809,10.785180609673262,True,
3800,onnx_model_075,measure,19.058524070570495,19.059119833167642,19.069772171787918,10.652338620275259,True,
3801,onnx_model_049,measure,19.065555681691574,19.065919377841055,19.076665875967592,10.746498126536608,True,
3802,onnx_model_007,measure,19.075002640902483,19.0759962531738,19.086695349775255,10.699096601456404,True,
3803,onnx_model_088,measure,19.081123245544408,19.08189020678401,19.092644018121064,10.753811337053776,True,
3804,onnx_model_057,measure,19.083966978836152,19.084355493076146,19.09517417801544,10.818684939295053,True,
3805,onnx_model_082,measure,19.08946191194279,19.089928125962615,19.100946499966085,11.018374003469944,True,
3806,onnx_model_001,measure,19.089639623474188,19.090094952844083,19.10109641496092,11.001462116837502,True,
3807,onnx_model_008,measure,19.092981780827934,19.093871370889246,19.104781889822334,10.910518933087587,True,
3808,onnx_model_008,measure,19.098559706660232,19.099416901823133,19.104828759096563,5.411857273429632,True,
3809,onnx_model_052,measure,19.10233703562074,19.103319290094078,19.114069534931332,10.750244837254286,True,
3810,onnx_model_042,measure,19.103998346760957,19.104921435937285,19.11566353496164,10.742099024355412,True,
3811,onnx_model_012,measure,19.111498934537845,19.112403598148376,19.123215230181813,10.81163203343749,True,
3812,onnx_model_011,measure,19.115806678807964,19.11688272189349,19.12773645389825,10.853732004761696,True,
3813,onnx_model_036,measure,19.120692062468414,19.12135339109227,19.132157057058066,10.803665965795517,True,
3814,onnx_model_043,measure,19.139935460712348,19.140395156107843,19.15125552006066,10.860363952815533,True,
3815,onnx_model_021,measure,19.144467676340742,19.144848321098834,19.15569454804063,10.846226941794157,True,
3816,onnx_model_032,measure,19.15669471670547,19.156915138941258,19.167994779068977,11.079640127718449,True,
3817,onnx_model_063,measure,19.17473392388308,19.17522100592032,19.186530593782663,11.309587862342596,True,
3818,onnx_model_003,measure,19.176276225591987,19.176707020029426,19.18799376487732,11.286744847893715,True,
3819,onnx_model_015,measure,19.176328880943426,19.17687438800931,19.18788076005876,11.006372049450874,True,
3820,onnx_model_007,measure,19.177598397387015,19.17840968677774,19.18930941587314,10.89972909539938,True,
3821,onnx_model_012,measure,19.184706206788164,19.18585691275075,19.197019732091576,11.16281934082508,True,
3822,onnx_model_017,measure,19.18486518405458,19.18602048419416,19.197751332074404,11.730847880244255,True,
3823,onnx_model_016,measure,19.186126300437866,19.186629220843315,19.19790459377691,11.275372933596373,True,
3824,onnx_model_041,measure,19.18665269079483,19.186996159143746,19.197945661842823,10.94950269907713,True,
3825,onnx_model_043,measure,19.18951803763644,19.190564582124352,19.201559762004763,10.995179880410433,True,
3826,onnx_model_079,measure,19.196094593342437,19.19711700687185,19.208231423981488,11.114417109638453,True,
3827,onnx_model_093,measure,19.19652017540059,19.197279796004295,19.208378402981907,11.09860697761178,True,
3828,onnx_model_084,measure,19.201870613699565,19.202805699780583,19.213836427778006,11.030727997422218,True,
3829,onnx_model_097,measure,19.202658164242692,19.20297163585201,19.213962256908417,10.99062105640769,True,
3830,onnx_model_078,measure,19.212108297677855,19.212602753192186,19.22358686197549,10.984108783304691,True,
3831,onnx_model_028,measure,19.218070882827014,19.219204952940345,19.23011435009539,10.909397155046463,True,
3832,onnx_model_094,measure,19.220756915523335,19.221668725833297,19.23263493180275,10.966205969452858,True,
3833,onnx_model_040,measure,19.222485556390843,19.22311874292791,19.234005908016115,10.88716508820653,True,
3834,onnx_model_097,measure,19.228576316381098,19.228815271053463,19.23975555691868,10.940285865217447,True,
3835,onnx_model_038,measure,19.23015863851101,19.231351661961526,19.242245399858803,10.893737897276878,True,
3836,onnx_model_048,measure,19.235128209428034,19.236226848792285,19.24724473292008,11.017884127795696,True,
3837,onnx_model_081,measure,19.24510631599205,19.24548179190606,19.256481951102614,11.000159196555614,True,
3838,onnx_model_098,measure,19.247364139699254,19.248505538795143,19.259721890091896,11.216351296752691,True,
3839,onnx_model_037,measure,19.259608231570773,19.259852848947048,19.270895419176668,11.042570229619741,True,
3840,onnx_model_052,measure,19.262306398440447,19.2632984588854,19.27438645483926,11.087995953857899,True,
3841,onnx_model_076,measure,19.264672254664045,19.265769364777952,19.276616123970598,10.84675919264555,True,
3842,onnx_model_024,measure,19.280399010383586,19.280835523735732,19.291811687871814,10.976164136081934,True,
3843,onnx_model_080,measure,19.290815962172925,19.291302380152047,19.302139500156045,10.83712000399828,True,
3844,onnx_model_055,measure,19.29320461776457,19.29403909202665,19.30487446906045,10.835377033799887,True,
3845,onnx_model_003,measure,19.294079583482617,19.294414977077395,19.305116498842835,10.701521765440702,True,
3846,onnx_model_010,measure,19.29463661610699,19.295855896081775,19.306691221892834,10.835325811058283,True,
3847,onnx_model_033,measure,19.29544892785503,19.29602356394753,19.30683000618592,10.806442238390446,True,
3848,onnx_model_016,measure,19.313835174514836,19.31498737214133,19.325960620772094,10.9732486307621,True,
3849,onnx_model_016,measure,19.314300270439848,19.315083986148238,19.32629070803523,11.206721886992455,True,
3850,onnx_model_088,measure,19.314798369975925,19.315166582819074,19.326263756956905,11.097174137830734,True,
3851,onnx_model_073,measure,19.31672143818965,19.317550433799624,19.328404265921563,10.853832121938467,True,
3852,onnx_model_089,measure,19.317161946284404,19.31764513393864,19.328323722817004,10.678588878363371,True,
3853,onnx_model_085,measure,19.32228673350094,19.322970075998455,19.33378506405279,10.814988054335117,True,
3854,onnx_model_071,measure,19.323459278248386,19.324244779068977,19.33485352480784,10.608745738863945,True,
3855,onnx_model_075,measure,19.325387450331583,19.32603038288653,19.33666377607733,10.633393190801144,True,
3856,onnx_model_067,measure,19.329398207489326,19.329554132185876,19.34040039917454,10.846266988664865,True,
3857,onnx_model_055,measure,19.331708470644944,19.33283695206046,19.34360339678824,10.766444727778435,True,
3858,onnx_model_025,measure,19.341072204904172,19.341551426798105,19.352264230139554,10.712803341448307,True,
3859,onnx_model_067,measure,19.34638495389512,19.346769354771823,19.357629127800465,10.85977302864194,True,
3860,onnx_model_084,measure,19.35261856165527,19.35341990692541,19.364308804739267,10.888897813856602,True,
3861,onnx_model_035,measure,19.354341480821375,19.354699989780784,19.365404617972672,10.704628191888332,True,
3862,onnx_model_073,measure,19.354684729430048,19.3549075149931,19.365665154065937,10.757639072835445,True,
3863,onnx_model_061,measure,19.362990617212542,19.363793596159667,19.374915107153356,11.121510993689299,True,
3864,onnx_model_056,measure,19.385340380384317,19.38622572598979,19.39759571896866,11.369992978870869,True,
3865,onnx_model_015,measure,19.38565700865601,19.38643740909174,19.39764659618959,11.209187097847462,True,
3866,onnx_model_093,measure,19.391664001265262,19.392031562048942,19.403058452997357,11.026890948414803,True,
3867,onnx_model_026,measure,19.39434327127473,19.39556817477569,19.406684354878962,11.1161801032722,True,
3868,onnx_model_058,measure,19.397252659823998,19.397750934120268,19.408847977872938,11.097043752670288,True,
3869,onnx_model_099,measure,19.397410586776598,19.397928221151233,19.408912511076778,10.984289925545454,True,
3870,onnx_model_003,measure,19.405050683079136,19.405377049930394,19.4162563001737,10.87925024330616,True,
3871,onnx_model_018,measure,19.411524484743502,19.412141559179872,19.423247510101646,11.10595092177391,True,
3872,onnx_model_037,measure,19.428869784036806,19.429550219792873,19.44067616900429,11.125949211418629,True,
3873,onnx_model_035,measure,19.431788985504998,19.432122780010104,19.443133300170302,11.010520160198212,True,
3874,onnx_model_033,measure,19.43279067554789,19.433648020029068,19.444613142870367,10.96512284129858,True,
3875,onnx_model_002,measure,19.434156618900126,19.435124756768346,19.44611883489415,10.994078125804663,True,
3876,onnx_model_035,measure,19.457145361410248,19.458447400014848,19.469576995819807,11.129595804959536,True,
3877,onnx_model_012,measure,19.458608112157638,19.458832962904125,19.47022921591997,11.396253015846014,True,
3878,onnx_model_086,measure,19.458783149091268,19.459047791082412,19.470180713105947,11.132922023534775,True,
3879,onnx_model_027,measure,19.469428763839545,19.469730608165264,19.48078915802762,11.058549862354994,True,
3880,onnx_model_019,measure,19.474595309752573,19.475523959845304,19.486442224122584,10.918264277279377,True,
3881,onnx_model_066,measure,19.475403269458166,19.47591341007501,19.486791498027742,10.87808795273304,True,
3882,onnx_model_040,measure,19.4785051879554,19.479434403125197,19.49046725500375,11.032851878553629,True,
3883,onnx_model_066,measure,19.49009260678101,19.490566102787852,19.501503402832896,10.93730004504323,True,
3884,onnx_model_098,measure,19.492222249038665,19.493022512178868,19.504045725800097,11.023213621228933,True,
3885,onnx_model_056,measure,19.494303544526645,19.495477489195764,19.50631235493347,10.834865737706423,True,
3886,onnx_model_017,measure,19.497379007225803,19.49791535316035,19.508946983143687,11.031629983335733,True,
3887,onnx_model_095,measure,19.498551348414246,19.49937267275527,19.510221445001662,10.848772246390581,True,
3888,onnx_model_034,measure,19.508028981767403,19.5085656279698,19.519618838094175,11.053210124373436,True,
3889,onnx_model_019,measure,19.51178525163491,19.512456182856113,19.523304785136133,10.848602280020714,True,
3890,onnx_model_048,measure,19.51618358501845,19.516896763816476,19.527808546088636,10.911782272160053,True,
3891,onnx_model_072,measure,19.522318429508076,19.522780627943575,19.533658746164292,10.878118220716715,True,
3892,onnx_model_019,measure,19.523114463463276,19.52337227296084,19.53448599902913,11.113726068288088,True,
3893,onnx_model_058,measure,19.523146887130736,19.52346848603338,19.53431500401348,10.846517980098724,True,
3894,onnx_model_019,measure,19.523815076860547,19.524857415817678,19.53452314902097,9.665733203291893,True,
3895,onnx_model_026,measure,19.526688368335677,19.527294838801026,19.538325096014887,11.03025721386075,True,
3896,onnx_model_031,measure,19.53132792658349,19.532031632959843,19.542955327779055,10.92369481921196,True,
3897,onnx_model_078,measure,19.538616334588898,19.539551747962832,19.550588007085025,11.03625912219286,True,
3898,onnx_model_064,measure,19.557159400011834,19.55780786089599,19.56887188181281,11.064020916819572,True,
3899,onnx_model_098,measure,19.560952337369873,19.561241397168487,19.572486091870815,11.244694702327251,True,
3900,onnx_model_061,measure,19.571700993130666,19.572100018151104,19.58312632702291,11.026308871805668,True,
3901,onnx_model_045,measure,19.57577345957554,19.576712805777788,19.588162129744887,11.44932396709919,True,
3902,onnx_model_032,measure,19.579170886341863,19.58014414878562,19.59112319815904,10.979049373418093,True,
3903,onnx_model_029,measure,19.58366345957923,19.58435791777447,19.595284217968583,10.926300194114447,True,
3904,onnx_model_005,measure,19.58677453369994,19.587820149958134,19.598772518802434,10.952368844300508,True,
3905,onnx_model_026,measure,19.59101239442307,19.59127222187817,19.602143376134336,10.871154256165028,True,
3906,onnx_model_084,measure,19.602644204132403,19.603407819755375,19.614450479857624,11.042660102248192,True,
3907,onnx_model_055,measure,19.604772577875202,19.605847537051886,19.616946253925562,11.098716873675585,True,
3908,onnx_model_043,measure,19.60885126337714,19.60927421087399,19.620148091111332,10.873880237340927,True,
3909,onnx_model_056,measure,19.610145093599826,19.610711582936347,19.62168143503368,10.969852097332478,True,
3910,onnx_model_072,measure,19.612218933444694,19.613136752974242,19.62398975295946,10.852999985218048,True,
3911,onnx_model_007,measure,19.616672245405187,19.617046223953366,19.628124102018774,11.077878065407276,True,
3912,onnx_model_077,measure,19.617330434983952,19.618486471939832,19.629748600069433,11.262128129601479,True,
3913,onnx_model_026,measure,19.629010188645115,19.629372133873403,19.640283424872905,10.911290999501944,True,
3914,onnx_model_077,measure,19.629994351665385,19.630966315045953,19.641834313049912,10.867998003959656,True,
3915,onnx_model_070,measure,19.63172191273346,19.632406222168356,19.643157748971134,10.751526802778244,True,
3916,onnx_model_092,measure,19.632451878460948,19.63275180896744,19.64357255678624,10.820747818797827,True,
3917,onnx_model_002,measure,19.643496968811302,19.64371353480965,19.654880832880735,11.167298071086407,True,
3918,onnx_model_005,measure,19.653524763258634,19.654159882105887,19.665204365737736,11.044483631849289,True,
3919,onnx_model_062,measure,19.65410192033622,19.654526669997722,19.665679779835045,11.153109837323427,True,
3920,onnx_model_027,measure,19.661668966141,19.66210874216631,19.673095165751874,10.986423585563898,True,
3921,onnx_model_003,measure,19.6643439818309,19.665302222128958,19.676241606939584,10.939384810626507,True,
3922,onnx_model_002,measure,19.67026657157634,19.67090539308265,19.681926001794636,11.020608711987734,True,
3923,onnx_model_018,measure,19.672873794680008,19.67319072689861,19.68410699814558,10.9162712469697,True,
3924,onnx_model_040,measure,19.68011237999009,19.680511894170195,19.691426200792193,10.914306621998549,True,
3925,onnx_model_044,measure,19.684293633647183,19.685324100777507,19.696487171109766,11.16307033225894,True,
3926,onnx_model_033,measure,19.694056129940225,19.69464957807213,19.705613078083843,10.963500011712313,True,
3927,onnx_model_026,measure,19.69774106043056,19.698710676748306,19.709716266952455,11.005590204149485,True,
3928,onnx_model_056,measure,19.700857912885755,19.70118032209575,19.71215054485947,10.970222763717175,True,
3929,onnx_model_092,measure,19.711798261470985,19.71224552486092,19.7231233920902,10.877867229282856,True,
3930,onnx_model_045,measure,19.71373758830764,19.71472292393446,19.725621420890093,10.898496955633163,True,
3931,onnx_model_036,measure,19.73609893103449,19.73679471993819,19.747554012108594,10.759292170405388,True,
3932,onnx_model_045,measure,19.739891143294397,19.740057210903615,19.75075662881136,10.699417907744646,True,
3933,onnx_model_036,measure,19.740833321749836,19.741306305862963,19.747585861943662,6.279556080698967,True,
3934,onnx_model_065,measure,19.754572734401066,19.75495934812352,19.76565536018461,10.696012061089277,True,
3935,onnx_model_021,measure,19.756269472116717,19.75731518585235,19.768096680752933,10.78149490058422,True,
3936,onnx_model_070,measure,19.756597002024822,19.75744023406878,19.76812885189429,10.688617825508118,True,
3937,onnx_model_078,measure,19.763529995397974,19.763883120846003,19.774569645058364,10.686524212360382,True,
3938,onnx_model_024,measure,19.77025334507806,19.771302855107933,19.781936808954924,10.633953846991062,True,
3939,onnx_model_021,measure,19.77131816921142,19.771542980801314,19.782133032102138,10.590051300823689,True,
3940,onnx_model_003,measure,19.774673812707707,19.775774324778467,19.786439607851207,10.66528307273984,True,
3941,onnx_model_045,measure,19.778046297835477,19.779123281128705,19.789721296168864,10.598015040159225,True,
3942,onnx_model_059,measure,19.794639923438684,19.794956908095628,19.80588021175936,10.923303663730621,True,
3943,onnx_model_072,measure,19.805293851955284,19.805990191176534,19.81721243308857,11.222241912037134,True,
3944,onnx_model_044,measure,19.805403428533662,19.80616868007928,19.817265092860907,11.096412781625986,True,
3945,onnx_model_051,measure,19.811542336119917,19.81278498703614,19.823642655741423,10.857668705284595,True,
3946,onnx_model_032,measure,19.818078097364918,19.818553030956537,19.829494349192828,10.941318236291409,True,
3947,onnx_model_071,measure,19.82209000442029,19.823089393787086,19.83396141976118,10.872025974094868,True,
3948,onnx_model_093,measure,19.826915711627098,19.8279412467964,19.83889266382903,10.951417032629251,True,
3949,onnx_model_014,measure,19.82830909049829,19.829624285921454,19.840388286858797,10.764000937342644,True,
3950,onnx_model_032,measure,19.829752811532476,19.83002978703007,19.840757850091904,10.728063061833382,True,
3951,onnx_model_099,measure,19.830264073808536,19.831569103058428,19.842364273034036,10.795169975608587,True,
3952,onnx_model_002,measure,19.83110820144232,19.831785154063255,19.842677367851138,10.89221378788352,True,
3953,onnx_model_091,measure,19.834709793511976,19.83525693276897,19.846077350899577,10.820418130606413,True,
3954,onnx_model_002,measure,19.835594685117265,19.836806238163263,19.842704739887267,5.8985017240047455,True,
3955,onnx_model_086,measure,19.842113393330628,19.842423765920103,19.85296597518027,10.542209260165691,True,
3956,onnx_model_093,measure,19.844971058026534,19.845860198140144,19.856501936912537,10.641738772392273,True,
3957,onnx_model_002,measure,19.84673418754381,19.84723364887759,19.857957462780178,10.723813902586699,True,
3958,onnx_model_072,measure,19.854094885455048,19.855119579005986,19.865735669154674,10.616090148687363,True,
3959,onnx_model_002,measure,19.856585696398128,19.857651691883802,19.868239738978446,10.588047094643116,True,
3960,onnx_model_076,measure,19.859638428399556,19.86010905308649,19.870895888190717,10.786835104227066,True,
3961,onnx_model_034,measure,19.86074503188212,19.86139476718381,19.871874597854912,10.479830671101809,True,
3962,onnx_model_045,measure,19.862350408145122,19.862675070762634,19.873406399972737,10.731329210102558,True,
3963,onnx_model_067,measure,19.86255681942333,19.862771954853088,19.873339002020657,10.567047167569399,True,
3964,onnx_model_081,measure,19.873869702499256,19.874556546099484,19.88525422103703,10.697674937546253,True,
3965,onnx_model_071,measure,19.87737008139489,19.87784092919901,19.88864749111235,10.806561913341284,True,
3966,onnx_model_098,measure,19.879759423236962,19.880118038039654,19.890759896021336,10.641857981681824,True,
3967,onnx_model_095,measure,19.886496508563095,19.88741489779204,19.898058449849486,10.64355205744505,True,
3968,onnx_model_059,measure,19.890540246348912,19.89082754496485,19.90154412575066,10.716580785810947,True,
3969,onnx_model_070,measure,19.893790042372597,19.89410516479984,19.904873284045607,10.768119245767593,True,
3970,onnx_model_020,measure,19.901824418763745,19.90269295917824,19.913519219029695,10.826259851455688,True,
3971,onnx_model_096,measure,19.904168274565432,19.90496574016288,19.915923638734967,10.957898572087288,True,
3972,onnx_model_044,measure,19.91689484829241,19.917199234012514,19.928178583737463,10.979349724948406,True,
3973,onnx_model_019,measure,19.919614729358816,19.920685150194913,19.931577344890684,10.89219469577074,True,
3974,onnx_model_006,measure,19.923354980469444,19.924184571951628,19.935135308187455,10.950736235827208,True,
3975,onnx_model_050,measure,19.927440067380637,19.92775092087686,19.938639267813414,10.888346936553717,True,
3976,onnx_model_047,measure,19.92824954300478,19.92942347098142,19.940325363073498,10.901892092078924,True,
3977,onnx_model_087,measure,19.941789574268228,19.942580219823867,19.953448408748955,10.868188925087452,True,
3978,onnx_model_050,measure,19.943346584013412,19.944058670196682,19.954860923811793,10.802253615111113,True,
3979,onnx_model_061,measure,19.946000794599605,19.946489810943604,19.957230097148567,10.740286204963923,True,
3980,onnx_model_089,measure,19.95000689153613,19.950936885084957,19.961722686886787,10.78580180183053,True,
3981,onnx_model_010,measure,19.9519044099418,19.95238052913919,19.963040040805936,10.659511666744947,True,
3982,onnx_model_039,measure,19.95875504747406,19.95946451416239,19.97027273895219,10.80822478979826,True,
3983,onnx_model_072,measure,19.96081989744019,19.96182092418894,19.972634308040142,10.813383851200342,True,
3984,onnx_model_007,measure,19.96521923278996,19.96626691473648,19.97721833176911,10.951417032629251,True,
3985,onnx_model_041,measure,19.96703359282535,19.967731087934226,19.978473277762532,10.742189828306437,True,
3986,onnx_model_040,measure,19.97651247567912,19.976852335967124,19.987642937805504,10.790601838380098,True,
3987,onnx_model_081,measure,19.977856804736117,19.978569169994444,19.989362947177142,10.79377718269825,True,
3988,onnx_model_083,measure,19.9817722857448,19.9820402180776,19.992667257785797,10.627039708197117,True,
3989,onnx_model_050,measure,19.982229424465736,19.982417094055563,19.993128505069762,10.711411014199257,True,
3990,onnx_model_042,measure,19.9936306593789,19.994354514870793,20.005227393005043,10.87287813425064,True,
3991,onnx_model_010,measure,19.998145893960807,19.998835492879152,20.009817718993872,10.982226114720106,True,
3992,onnx_model_041,measure,20.003375970959986,20.004304429050535,20.0151271619834,10.82273293286562,True,
3993,onnx_model_040,measure,20.025948126816367,20.02638741582632,20.03734823083505,10.960815008729696,True,
3994,onnx_model_062,measure,20.039440966200882,20.040572550147772,20.051535008009523,10.962457861751318,True,
3995,onnx_model_055,measure,20.041034674544026,20.042016163934022,20.05314782401547,11.13166008144617,True,
3996,onnx_model_056,measure,20.041363455194308,20.04218247998506,20.053612757008523,11.430277023464441,True,
3997,onnx_model_082,measure,20.04606107597423,20.046711890026927,20.05767354601994,10.961655993014574,True,
3998,onnx_model_059,measure,20.04668998377236,20.04706518119201,20.058122870046645,11.057688854634762,True,
3999,onnx_model_096,measure,20.052887940350555,20.05324300378561,20.064321071840823,11.078068055212498,True,
4000,onnx_model_081,measure,20.05695182017992,20.05776701401919,20.068772072903812,11.005058884620667,True,
4001,onnx_model_022,measure,20.060736955559666,20.061363990884274,20.07241673115641,11.052740272134542,True,
4002,onnx_model_012,measure,20.06399296312712,20.064435278996825,20.075558653101325,11.123374104499817,True,
4003,onnx_model_013,measure,20.0727811545686,20.073644114192575,20.084662659093738,11.018544901162386,True,
4004,onnx_model_056,measure,20.074682132054715,20.075129588134587,20.086162659805268,11.033071670681238,True,
4005,onnx_model_063,measure,20.089724803926533,20.09043864812702,20.101510384120047,11.071735993027687,True,
4006,onnx_model_034,measure,20.097527660812627,20.09792116098106,20.10881827492267,10.89711394160986,True,
4007,onnx_model_009,measure,20.105004812466465,20.105735294986516,20.116678236052394,10.942941065877676,True,
4008,onnx_model_015,measure,20.11108835167366,20.1120403399691,20.123607507906854,11.567167937755585,True,
4009,onnx_model_003,measure,20.122208523808634,20.12292839679867,20.1346274651587,11.699068360030651,True,
4010,onnx_model_061,measure,20.12235973859574,20.123119779862463,20.134764244779944,11.644464917480946,True,
4011,onnx_model_006,measure,20.14452293755351,20.145065727178007,20.15618259785697,11.116870678961277,True,
4012,onnx_model_080,measure,20.1467269567399,20.147651452105492,20.158814622089267,11.163169983774424,True,
4013,onnx_model_031,measure,20.152526768579282,20.1531964619644,20.164233130868524,11.03666890412569,True,
4014,onnx_model_054,measure,20.155397445023418,20.15576602704823,20.166955647058785,11.18962001055479,True,
4015,onnx_model_052,measure,20.161466190371584,20.162120716180652,20.17306626215577,10.945545975118876,True,
4016,onnx_model_008,measure,20.16530217865552,20.166542381048203,20.177556276787072,11.013895738869905,True,
4017,onnx_model_022,measure,20.173208165503635,20.174300998914987,20.18530194973573,11.000950820744038,True,
4018,onnx_model_067,measure,20.17518648674675,20.175778097007424,20.186822711024433,11.044614017009735,True,
4019,onnx_model_070,measure,20.183368087328052,20.18378715077415,20.194764136802405,10.976986028254032,True,
4020,onnx_model_040,measure,20.187135797118437,20.188075302168727,20.199385440908372,11.310138739645481,True,
4021,onnx_model_063,measure,20.187391926657824,20.18827121378854,20.20000283513218,11.731621343642473,True,
4022,onnx_model_040,measure,20.1874999452085,20.188433522824198,20.199954812880605,11.521290056407452,True,
4023,onnx_model_069,measure,20.188580869920866,20.1889569577761,20.200112973805517,11.156016029417515,True,
4024,onnx_model_058,measure,20.19091113459872,20.19140412984416,20.20229080412537,10.886674281209707,True,
4025,onnx_model_041,measure,20.194999661778446,20.195986399892718,20.206888473127037,10.902073234319687,True,
4026,onnx_model_086,measure,20.19928299879934,20.199580270797014,20.210677706170827,11.097435373812914,True,
4027,onnx_model_053,measure,20.204876292127917,20.20552642410621,20.216456159949303,10.929735843092203,True,
4028,onnx_model_048,measure,20.218838239763254,20.219676291104406,20.230759117752314,11.082826647907495,True,
4029,onnx_model_011,measure,20.22039193070932,20.221118962857872,20.232034211978316,10.91524912044406,True,
4030,onnx_model_043,measure,20.221978465820328,20.222565502859652,20.23338887700811,10.823374148458242,True,
4031,onnx_model_029,measure,20.235238929078907,20.235628644004464,20.24670182308182,11.073179077357054,True,
4032,onnx_model_053,measure,20.23659992686511,20.23706828104332,20.24806199874729,10.993717703968287,True,
4033,onnx_model_095,measure,20.241092305167687,20.24151872098446,20.25227820314467,10.75948216021061,True,
4034,onnx_model_011,measure,20.243321508387634,20.243966524023563,20.254876401741058,10.909877717494965,True,
4035,onnx_model_026,measure,20.25840328821397,20.259100400842726,20.270198116078973,11.097715236246586,True,
4036,onnx_model_047,measure,20.26171454864933,20.262582370080054,20.27362522110343,11.042851023375988,True,
4037,onnx_model_052,measure,20.268276150251488,20.269012632779777,20.280006790999323,10.99415821954608,True,
4038,onnx_model_021,measure,20.269264237631184,20.270295009948313,20.281287405174226,10.992395225912333,True,
4039,onnx_model_064,measure,20.271549601267978,20.272750848904252,20.284279522951692,11.52867404744029,True,
4040,onnx_model_076,measure,20.2823788430853,20.28351186402142,20.29490527091548,11.39340689405799,True,
4041,onnx_model_094,measure,20.282619008721085,20.28367381216958,20.29495347291231,11.279660742729902,True,
4042,onnx_model_031,measure,20.288415925187397,20.289504615124315,20.3005443001166,11.039684992283583,True,
4043,onnx_model_027,measure,20.290610972307434,20.290939271915704,20.30186130385846,10.922031942754984,True,
4044,onnx_model_036,measure,20.291949251786747,20.292383808176965,20.303313944954425,10.930136777460575,True,
4045,onnx_model_089,measure,20.29345191993491,20.29381899582222,20.30494855204597,11.129556223750114,True,
4046,onnx_model_038,measure,20.295370685502267,20.29617187893018,20.307037612888962,10.865733958780766,True,
4047,onnx_model_017,measure,20.296272580673932,20.2965553579852,20.307493859902024,10.938501916825771,True,
4048,onnx_model_080,measure,20.304193841064723,20.30456717684865,20.315442078746855,10.87490189820528,True,
4049,onnx_model_011,measure,20.31867077369283,20.319675656035542,20.330588811077178,10.913155041635036,True,
4050,onnx_model_027,measure,20.327273627326846,20.328243862837553,20.339360955171287,11.117092333734035,True,
4051,onnx_model_037,measure,20.334959255638868,20.335814604070038,20.346832347102463,11.017743032425642,True,
4052,onnx_model_088,measure,20.34212171926123,20.342587077990174,20.353583810850978,10.996732860803604,True,
4053,onnx_model_034,measure,20.34424913656034,20.345035191159695,20.35602992074564,10.994729585945606,True,
4054,onnx_model_017,measure,20.352759515371343,20.35305657889694,20.363993708975613,10.937130078673363,True,
4055,onnx_model_018,measure,20.353468952487724,20.35372539004311,20.364711192902178,10.985802859067917,True,
4056,onnx_model_029,measure,20.360060568191575,20.36125224782154,20.37225091503933,10.99866721779108,True,
4057,onnx_model_067,measure,20.373035620643446,20.373475442174822,20.384423904120922,10.948461946099997,True,
4058,onnx_model_048,measure,20.37374045954517,20.374912734143436,20.385802594013512,10.88985987007618,True,
4059,onnx_model_027,measure,20.375595711622722,20.3763531120494,20.387218396179378,10.865284129977226,True,
4060,onnx_model_060,measure,20.378356215699817,20.37872322788462,20.389564846176654,10.841618292033672,True,
4061,onnx_model_078,measure,20.382285478291443,20.383091050200164,20.393829042091966,10.737991891801357,True,
4062,onnx_model_004,measure,20.385874978643276,20.38695858186111,20.39763856306672,10.679981205612421,True,
4063,onnx_model_049,measure,20.401622393494957,20.40179015416652,20.412578891962767,10.788737796247005,True,
4064,onnx_model_013,measure,20.410975565149872,20.412073170766234,20.422908638138324,10.835467372089624,True,
4065,onnx_model_033,measure,20.41813824086037,20.418780931737274,20.429610536899418,10.829605162143707,True,
4066,onnx_model_042,measure,20.427069546000194,20.428109713830054,20.438946222886443,10.836509056389332,True,
4067,onnx_model_050,measure,20.43016898646433,20.43080783309415,20.44162600673735,10.81817364320159,True,
4068,onnx_model_029,measure,20.43657536163986,20.437156822066754,20.44834886584431,11.192043777555227,True,
4069,onnx_model_020,measure,20.436739153634605,20.43726796284318,20.44828552613035,11.017563287168741,True,
4070,onnx_model_027,measure,20.452340610924114,20.452642627991736,20.463740232866257,11.097604874521494,True,
4071,onnx_model_013,measure,20.456346725719353,20.45718845911324,20.468212503939867,11.024044826626778,True,
4072,onnx_model_043,measure,20.458786171752212,20.459651350975037,20.470655237790197,11.003886815160513,True,
4073,onnx_model_022,measure,20.459933370311216,20.46118832193315,20.472495165187865,11.306843254715204,True,
4074,onnx_model_037,measure,20.46073963748707,20.46140863094479,20.47245415719226,11.045526247471571,True,
4075,onnx_model_046,measure,20.46397459109134,20.46503637684509,20.475992262829095,10.955885984003544,True,
4076,onnx_model_089,measure,20.468261878849813,20.46945496601984,20.480343002825975,10.88803680613637,True,
4077,onnx_model_018,measure,20.474288060640678,20.474730554036796,20.485787491779774,11.056937742978334,True,
4078,onnx_model_049,measure,20.47850399513771,20.47921608109027,20.490232271142304,11.01619005203247,True,
4079,onnx_model_046,measure,20.485429350499498,20.485879386775196,20.496795375831425,10.915989056229591,True,
4080,onnx_model_089,measure,20.50353876798268,20.50409294804558,20.51513125980273,11.038311757147312,True,
4081,onnx_model_078,measure,20.5049259793135,20.505615061149,20.516599841881543,10.984780732542276,True,
4082,onnx_model_038,measure,20.50964777607045,20.510090468917042,20.521014182828367,10.92371391132474,True,
4083,onnx_model_062,measure,20.510123530463716,20.51046563219279,20.521456813905388,10.991181712597609,True,
4084,onnx_model_036,measure,20.528904352646308,20.529746753163636,20.540811794809997,11.065041646361351,True,
4085,onnx_model_002,measure,20.532707733093464,20.533282062970102,20.54429052816704,11.008465196937323,True,
4086,onnx_model_099,measure,20.533689397913395,20.534772655926645,20.5457261367701,10.9534808434546,True,
4087,onnx_model_016,measure,20.534995585693576,20.536150925792754,20.54709134204313,10.940416250377893,True,
4088,onnx_model_021,measure,20.546931667280436,20.547187394928187,20.558222481049597,11.035086121410131,True,
4089,onnx_model_068,measure,20.54881738289148,20.549652880989015,20.560646277852356,10.993396863341331,True,
4090,onnx_model_022,measure,20.55276641991973,20.55308412387967,20.564082460012287,10.998336132615805,True,
4091,onnx_model_070,measure,20.557633710187897,20.55831940518692,20.569207101128995,10.88769594207406,True,
4092,onnx_model_095,measure,20.56183064328089,20.562867560889572,20.57365576783195,10.788206942379475,True,
4093,onnx_model_037,measure,20.574018357693983,20.574870557058603,20.58585831290111,10.987755842506886,True,
4094,onnx_model_039,measure,20.587237086774685,20.588075967971236,20.599117245990783,11.041278019547462,True,
4095,onnx_model_092,measure,20.592817286687488,20.59357299702242,20.604668288026005,11.095291003584862,True,
4096,onnx_model_029,measure,20.593627461400544,20.593962417915463,20.605042519047856,11.080101132392883,True,
4097,onnx_model_068,measure,20.59849913047248,20.599228066857904,20.610208929982036,10.980863124132156,True,
4098,onnx_model_009,measure,20.629972334430423,20.630512543953955,20.641617993824184,11.105449870228767,True,
4099,onnx_model_008,measure,20.636559853158836,20.63706698315218,20.648135833907872,11.068850755691528,True,
4100,onnx_model_074,measure,20.642761295265725,20.643916883971542,20.65504278289154,11.1258989199996,True,
4101,onnx_model_059,measure,20.64426804653324,20.64545932598412,20.656490123830736,11.030797846615314,True,
4102,onnx_model_034,measure,20.64558412287771,20.645857913885266,20.656954406760633,11.096492875367403,True,
4103,onnx_model_064,measure,20.64998545308951,20.650446446146816,20.661539612803608,11.093166656792164,True,
4104,onnx_model_098,measure,20.658622982516743,20.659264938905835,20.670574546791613,11.30960788577795,True,
4105,onnx_model_032,measure,20.65887704267278,20.65948277292773,20.6706236298196,11.140856891870499,True,
4106,onnx_model_046,measure,20.66196603591315,20.66279419697821,20.673880179878324,11.085982900112867,True,
4107,onnx_model_048,measure,20.66242272107841,20.662978718057275,20.674011068884283,11.032350827008486,True,
4108,onnx_model_066,measure,20.664380966006348,20.665529006160796,20.676240195985883,10.711189825087786,True,
4109,onnx_model_062,measure,20.670198551792637,20.67071753880009,20.681434258818626,10.716720018535852,True,
4110,onnx_model_039,measure,20.675167550007156,20.67630696296692,20.68715412216261,10.847159195691347,True,
4111,onnx_model_018,measure,20.67634762480491,20.67660853685811,20.687281404156238,10.67286729812622,True,
4112,onnx_model_005,measure,20.68955061620254,20.69047986390069,20.701280493754894,10.80062985420227,True,
4113,onnx_model_003,measure,20.69114353868223,20.691916916053742,20.70298259006813,11.065674014389515,True,
4114,onnx_model_022,measure,20.691977102039026,20.692250108812004,20.70311299804598,10.862889233976603,True,
4115,onnx_model_060,measure,20.692106874100244,20.692364044953138,20.70319706806913,10.833023115992546,True,
4116,onnx_model_092,measure,20.700433130694293,20.70073431590572,20.711675263941288,10.940948035567999,True,
4117,onnx_model_088,measure,20.71117535337092,20.711418455000967,20.722462859004736,11.04440400376916,True,
4118,onnx_model_016,measure,20.72076567738561,20.72197202593088,20.733034664765,11.062638834118843,True,
4119,onnx_model_089,measure,20.724997404178104,20.725713066756725,20.736783680971712,11.070614214986563,True,
4120,onnx_model_033,measure,20.726436726697557,20.727189844008535,20.73812783602625,10.93799201771617,True,
4121,onnx_model_056,measure,20.727217262213358,20.72759051574394,20.738450109027326,10.859593283385038,True,
4122,onnx_model_035,measure,20.727582633799674,20.727959698066115,20.738834188785404,10.874490719288588,True,
4123,onnx_model_075,measure,20.7433633233887,20.744072686880827,20.755047208163887,10.974521283060312,True,
4124,onnx_model_066,measure,20.753809774843486,20.754626057110727,20.765669499058276,11.043441947549582,True,
4125,onnx_model_028,measure,20.75572596760486,20.75636061374098,20.76748290611431,11.122292373329401,True,
4126,onnx_model_047,measure,20.760126723263735,20.760916484054178,20.77198737906292,11.07089500874281,True,
4127,onnx_model_082,measure,20.77884220102562,20.779294307809323,20.790318212937564,11.023905128240585,True,
4128,onnx_model_018,measure,20.780297079824088,20.78086999291554,20.792004868853837,11.134875938296318,True,
4129,onnx_model_050,measure,20.783318251643834,20.784435770940036,20.795480204746127,11.044433806091547,True,
4130,onnx_model_026,measure,20.78365585876596,20.784626082982868,20.795608608983457,10.982526000589132,True,
4131,onnx_model_084,measure,20.784738661725715,20.78510246798396,20.795834408141673,10.731940157711506,True,
4132,onnx_model_053,measure,20.787052461445267,20.787559890188277,20.798452654853463,10.892764665186405,True,
4133,onnx_model_051,measure,20.78819185878688,20.78899526782334,20.799706819001585,10.711551178246737,True,
4134,onnx_model_040,measure,20.791535371757874,20.792102204170078,20.80302389478311,10.921690613031387,True,
4135,onnx_model_071,measure,20.79699991995761,20.79805693309754,20.808906035963446,10.84910286590457,True,
4136,onnx_model_052,measure,20.80022989014875,20.800925565883517,20.81184337893501,10.917813051491976,True,
4137,onnx_model_065,measure,20.81155612897363,20.81193756777793,20.822734721936285,10.797154158353806,True,
4138,onnx_model_007,measure,20.823449426757065,20.823957135900855,20.83491375297308,10.956617072224617,True,
4139,onnx_model_014,measure,20.829516587357897,20.830431231763214,20.84129503276199,10.863800998777151,True,
4140,onnx_model_032,measure,20.830753599322687,20.831865708809346,20.842870918102562,11.005209293216467,True,
4141,onnx_model_039,measure,20.833416660922495,20.83430154900998,20.84519387409091,10.892325080931187,True,
4142,onnx_model_078,measure,20.835463439134198,20.836136177182198,20.847139922901988,11.003745719790459,True,
4143,onnx_model_070,measure,20.83979452195927,20.840592707972974,20.85176086705178,11.168159078806639,True,
4144,onnx_model_080,measure,20.841780049833627,20.842481538187712,20.85330134490505,10.819806717336178,True,
4145,onnx_model_052,measure,20.85069043709495,20.851374994032085,20.862397416029125,11.02242199704051,True,
4146,onnx_model_094,measure,20.86346829140855,20.864616984967142,20.875548623967916,10.93163900077343,True,
4147,onnx_model_098,measure,20.86787371064476,20.86905810702592,20.88004063302651,10.982526000589132,True,
4148,onnx_model_083,measure,20.871015880945084,20.871488766744733,20.882212470751256,10.723704006522894,True,
4149,onnx_model_090,measure,20.877629337506693,20.87877175118774,20.88965264381841,10.880892630666494,True,
4150,onnx_model_014,measure,20.87892779684796,20.87914299685508,20.889973232988268,10.83023613318801,True,
4151,onnx_model_060,measure,20.880378540122564,20.881261323112994,20.89226628188044,11.004958767443895,True,
4152,onnx_model_066,measure,20.884902484462764,20.885457179043442,20.896604167763144,11.146988719701767,True,
4153,onnx_model_058,measure,20.885074732875733,20.885623034089804,20.896738353185356,11.115319095551968,True,
4154,onnx_model_009,measure,20.890021125717894,20.89119124878198,20.902308591175824,11.11734239384532,True,
4155,onnx_model_065,measure,20.893084511916545,20.893486802000552,20.90450567798689,11.018875986337662,True,
4156,onnx_model_054,measure,20.894577634014016,20.894949302077293,20.905846796929836,10.897494852542877,True,
4157,onnx_model_011,measure,20.90176820111995,20.90242135617882,20.913481689989567,11.06033381074667,True,
4158,onnx_model_011,measure,20.904445718059947,20.904677905142307,20.91363187506795,8.953969925642014,True,
4159,onnx_model_081,measure,20.905581566954694,20.90594433201477,20.91699573909864,11.05140708386898,True,
4160,onnx_model_006,measure,20.905725952830057,20.906104727182537,20.917114545125514,11.009817942976952,True,
4161,onnx_model_073,measure,20.911683269144646,20.9126406009309,20.92341087386012,10.770272929221392,True,
4162,onnx_model_049,measure,20.912624923543603,20.91299452399835,20.923786818049848,10.792294051498175,True,
4163,onnx_model_089,measure,20.919963076001597,20.920271696988493,20.93088630400598,10.614607017487288,True,
4164,onnx_model_040,measure,20.92507257693779,20.925937476102263,20.936561732087284,10.624255985021591,True,
4165,onnx_model_021,measure,20.933647293306674,20.93403747305274,20.94473025901243,10.69278595969081,True,
4166,onnx_model_064,measure,20.934347545914473,20.93531321780756,20.945924138184637,10.610920377075672,True,
4167,onnx_model_055,measure,20.937073462110547,20.937714071944356,20.94850932294503,10.795251000672579,True,
4168,onnx_model_019,measure,20.937528976137823,20.937808501999825,20.94860325101763,10.794749017804861,True,
4169,onnx_model_018,measure,20.942088885919098,20.943127071950585,20.953807272948325,10.68020099774003,True,
4170,onnx_model_093,measure,20.94365075157024,20.944408416748047,20.955048182047904,10.639765299856663,True,
4171,onnx_model_091,measure,20.95684138510543,20.957197938114405,20.967900222167373,10.702284052968025,True,
4172,onnx_model_044,measure,20.960372524422183,20.961492251139134,20.972280237823725,10.787986684590578,True,
4173,onnx_model_095,measure,20.962696566499638,20.96376921888441,20.974361434113234,10.592215228825808,True,
4174,onnx_model_016,measure,20.964787145738054,20.965044452808797,20.975888495799154,10.844042990356684,True,
4175,onnx_model_043,measure,20.964866045530787,20.965137329883873,20.975864079780877,10.726749897003174,True,
4176,onnx_model_020,measure,20.969390039056364,20.9700661287643,20.98079904075712,10.732911992818117,True,
4177,onnx_model_080,measure,20.97288976197711,20.97342295991257,20.984261742793024,10.838782880455256,True,
4178,onnx_model_033,measure,20.989704802824416,20.990484370850027,21.001595661975443,11.111291125416756,True,
4179,onnx_model_001,measure,20.989858155864486,20.990646028891206,21.00173612916842,11.090100277215242,True,
4180,onnx_model_004,measure,20.99093625839055,20.992148704826832,21.002894059754908,10.745354928076267,True,
4181,onnx_model_075,measure,21.014933048879406,21.01775589119643,21.028981800191104,11.225908994674683,True,
4182,onnx_model_007,measure,21.01949000990042,21.02029059873894,21.03200706001371,11.716461274772882,True,
4183,onnx_model_068,measure,21.023116031482957,21.023866736795753,21.034837080165744,10.970343369990587,True,
4184,onnx_model_003,measure,21.02521449372227,21.026427533943206,21.03731883689761,10.891302954405546,True,
4185,onnx_model_051,measure,21.027332893247777,21.0279351901263,21.039297548122704,11.362357996404171,True,
4186,onnx_model_028,measure,21.027659889829266,21.02812995016575,21.039356169756502,11.226219590753317,True,
4187,onnx_model_002,measure,21.02788768936152,21.028602709062397,21.039599202107638,10.99649304524064,True,
4188,onnx_model_010,measure,21.040636463783265,21.041826775763184,21.052868033759296,11.041257996112108,True,
4189,onnx_model_045,measure,21.040968153002325,21.041996989864856,21.052991739008576,10.994749143719673,True,
4190,onnx_model_051,measure,21.047358712390064,21.04851283505559,21.059394659940153,10.881824884563684,True,
4191,onnx_model_080,measure,21.048875619955755,21.049968652892858,21.060967709869146,10.999056976288557,True,
4192,onnx_model_003,measure,21.051587061150503,21.05241819890216,21.063161159865558,10.742960963398218,True,
4193,onnx_model_084,measure,21.058449635856864,21.059168360196054,21.069913525134325,10.745164938271046,True,
4194,onnx_model_003,measure,21.06731514318946,21.06839100085199,21.079159469809383,10.768468957394361,True,
4195,onnx_model_089,measure,21.071645975300797,21.072132213041186,21.08298234688118,10.850133839994669,True,
4196,onnx_model_073,measure,21.07535026690032,21.075583051890135,21.08645499777049,10.87194588035345,True,
4197,onnx_model_074,measure,21.088858000113593,21.089672685135156,21.100589154753834,10.916469618678093,True,
4198,onnx_model_036,measure,21.091789331169927,21.092106671072543,21.10315477196127,11.048100888729095,True,
4199,onnx_model_036,measure,21.094574777053946,21.095529538113624,21.103211069013923,7.681530900299549,True,
4200,onnx_model_001,measure,21.096130371642037,21.096948614809662,21.107842582743615,10.893967933952808,True,
4201,onnx_model_006,measure,21.10422528168457,21.105437290854752,21.11639341711998,10.956126265227795,True,
4202,onnx_model_048,measure,21.111170933227186,21.112077252939343,21.12294992012903,10.87266718968749,True,
4203,onnx_model_061,measure,21.115308434314876,21.1164866941981,21.127298396080732,10.811701882630587,True,
4204,onnx_model_083,measure,21.118101285614905,21.118910751771182,21.129742060787976,10.831309016793966,True,
4205,onnx_model_000,measure,21.1281235193279,21.128485062159598,21.139323755167425,10.838693007826805,True,
4206,onnx_model_037,measure,21.148426756130576,21.149968489073217,21.16140685090795,11.438361834734678,True,
4207,onnx_model_049,measure,21.14850846204523,21.150154813192785,21.16158363688737,11.428823694586754,True,
4208,onnx_model_089,measure,21.148522243233536,21.15030468814075,21.161646626889706,11.341938748955727,True,
4209,onnx_model_059,measure,21.15592163299242,21.15705772396177,21.16809621686116,11.038492899388075,True,
4210,onnx_model_023,measure,21.166624129402113,21.166934908833355,21.17777810106054,10.843192227184772,True,
4211,onnx_model_057,measure,21.170235785877388,21.171374988742173,21.182255611754954,10.880623012781143,True,
4212,onnx_model_030,measure,21.17872694028358,21.179071268998086,21.190018247812986,10.946978814899921,True,
4213,onnx_model_035,measure,21.179355136612706,21.180557042825967,21.191383041907102,10.825999081134796,True,
4214,onnx_model_084,measure,21.18923380429536,21.189496365841478,21.200440989807248,10.944623965770006,True,
4215,onnx_model_054,measure,21.200871717301624,21.201660097111017,21.212664785794914,11.004688683897257,True,
4216,onnx_model_084,measure,21.217123239227604,21.217964889947325,21.228967435192317,11.00254524499178,True,
4217,onnx_model_020,measure,21.21959577739818,21.220530337188393,21.23179348697886,11.263149790465832,True,
4218,onnx_model_036,measure,21.219821885698927,21.22071557911113,21.231937190052122,11.221610940992832,True,
4219,onnx_model_084,measure,21.220492654153364,21.2211773567833,21.229086651001126,7.909294217824936,True,
4220,onnx_model_085,measure,21.222486864628646,21.223538685124367,21.23449369892478,10.955013800412416,True,
4221,onnx_model_045,measure,21.225204342508434,21.225975366774946,21.237093050032854,11.117683257907629,True,
4222,onnx_model_036,measure,21.229782531188413,21.230312380939722,21.23197587300092,1.6634920611977577,True,
4223,onnx_model_065,measure,21.236006793295214,21.236712706740946,21.2476894329302,10.976726189255714,True,
4224,onnx_model_088,measure,21.236927871698885,21.237222335767,21.248238426167518,11.016090400516987,True,
4225,onnx_model_009,measure,21.237452835750414,21.238669185899198,21.24939115718007,10.721971280872822,True,
4226,onnx_model_083,measure,21.24459795933779,21.245102454908192,21.256054534111172,10.952079202979803,True,
4227,onnx_model_080,measure,21.259812013625,21.260240920819342,21.271239398047328,10.998477227985859,True,
4228,onnx_model_033,measure,21.2626110264545,21.263692361768335,21.27477581007406,11.083448305726051,True,
4229,onnx_model_069,measure,21.26388262943759,21.26403703680262,21.275071592070162,11.0345552675426,True,
4230,onnx_model_089,measure,21.273211590013478,21.27347092004493,21.284526554867625,11.055634822696447,True,
4231,onnx_model_024,measure,21.277040725744975,21.277285390999168,21.288437739014626,11.152348015457392,True,
4232,onnx_model_074,measure,21.283853938705093,21.28462069388479,21.295603982172906,10.983288288116455,True,
4233,onnx_model_063,measure,21.2871209649956,21.288056144025177,21.29898936673999,10.933222714811563,True,
4234,onnx_model_051,measure,21.290166297689677,21.290658310055733,21.301647549960762,10.989239905029535,True,
4235,onnx_model_026,measure,21.291052722471893,21.292079762089998,21.302981013897806,10.901251807808876,True,
4236,onnx_model_066,measure,21.292641763802642,21.293480895925313,21.304283570032567,10.802674107253551,True,
4237,onnx_model_091,measure,21.29512808875516,21.295695546083152,21.30687352316454,11.177977081388235,True,
4238,onnx_model_071,measure,21.301635488044543,21.30178779596463,21.312706390861422,10.918594896793365,True,
4239,onnx_model_029,measure,21.302634999450696,21.30307285906747,21.31399882817641,10.92596910893917,True,
4240,onnx_model_040,measure,21.306093452287154,21.306505233049393,21.317366098053753,10.860865004360676,True,
4241,onnx_model_048,measure,21.30674652329889,21.307000915985554,21.317972681019455,10.971765033900738,True,
4242,onnx_model_016,measure,21.322410313536544,21.323192082811147,21.33426626306027,11.074180249124765,True,
4243,onnx_model_073,measure,21.323072182407074,21.32337042177096,21.334389677736908,11.019255965948105,True,
4244,onnx_model_056,measure,21.329340535715158,21.329876088071615,21.34076538681984,10.889298748224974,True,
4245,onnx_model_033,measure,21.33537909982674,21.33560354495421,21.346482545137405,10.879000183194876,True,
4246,onnx_model_053,measure,21.341401305721803,21.341978552751243,21.352934800088406,10.956247337162495,True,
4247,onnx_model_039,measure,21.342979522342343,21.343418499920517,21.354268684983253,10.850185062736273,True,
4248,onnx_model_019,measure,21.34890774294853,21.349704588763416,21.36049704393372,10.792455170303583,True,
4249,onnx_model_096,measure,21.34976870775228,21.35005658911541,21.36085310112685,10.796512011438608,True,
4250,onnx_model_035,measure,21.352040354988617,21.352481607813388,21.363324399106205,10.8427912928164,True,
4251,onnx_model_024,measure,21.358409380308547,21.35946835903451,21.370404507033527,10.93614799901843,True,
4252,onnx_model_065,measure,21.365438120947974,21.366583534050733,21.377392559777945,10.809025727212429,True,
4253,onnx_model_073,measure,21.369131054859842,21.370016709901392,21.3809145251289,10.897815227508545,True,
4254,onnx_model_078,measure,21.380841795486916,21.381068938877434,21.39192947279662,10.8605339191854,True,
4255,onnx_model_014,measure,21.384716466578382,21.385505652055144,21.3964670477435,10.961395688354969,True,
4256,onnx_model_062,measure,21.385739132043174,21.38694946700707,21.398042092099786,11.092625092715025,True,
4257,onnx_model_062,measure,21.386181616496156,21.38710975088179,21.39815899496898,11.049244087189436,True,
4258,onnx_model_022,measure,21.389656833944713,21.3906322568655,21.40164629276842,11.014035902917385,True,
4259,onnx_model_038,measure,21.390482802282392,21.390791851095855,21.402094945777208,11.303094681352377,True,
4260,onnx_model_022,measure,21.401354370240306,21.401744300033897,21.412698852829635,10.954552795737982,True,
4261,onnx_model_057,measure,21.40282041373882,21.40331461513415,21.414229182060808,10.914566926658154,True,
4262,onnx_model_009,measure,21.404521209710495,21.404750663787127,21.41558354580775,10.832882020622492,True,
4263,onnx_model_098,measure,21.41182006559057,21.412178904749453,21.423070387914777,10.891483165323734,True,
4264,onnx_model_031,measure,21.412646267939163,21.41285038087517,21.423853997141123,11.003616265952587,True,
4265,onnx_model_038,measure,21.412695945044394,21.413008822128177,21.42389382282272,10.885000694543123,True,
4266,onnx_model_023,measure,21.42359723846521,21.423983302898705,21.4348322651349,10.848962236195803,True,
4267,onnx_model_098,measure,21.427472782007676,21.42842983501032,21.439189738128334,10.759903118014336,True,
4268,onnx_model_014,measure,21.432129615105428,21.4328545560129,21.443681966979057,10.827410966157913,True,
4269,onnx_model_075,measure,21.43422618963406,21.434925532899797,21.445643436163664,10.717903263866901,True,
4270,onnx_model_053,measure,21.43775733212068,21.438378516118973,21.449277152772993,10.898636654019356,True,
4271,onnx_model_065,measure,21.449250575894144,21.44946649298072,21.460180949885398,10.714456904679537,True,
4272,onnx_model_092,measure,21.452127424066145,21.452902134042233,21.463679840788245,10.777706746011972,True,
4273,onnx_model_099,measure,21.45293623875114,21.45324354292825,21.463992746081203,10.749203152954578,True,
4274,onnx_model_037,measure,21.45466184773455,21.45567817101255,21.466466657817364,10.788486804813147,True,
4275,onnx_model_059,measure,21.457002979994257,21.458041642792523,21.468858695123345,10.817052330821753,True,
4276,onnx_model_077,measure,21.45758771556085,21.45813751593232,21.46889782883227,10.760312899947166,True,
4277,onnx_model_054,measure,21.459427353236865,21.46023820899427,21.47092507313937,10.686864145100117,True,
4278,onnx_model_096,measure,21.460410605131457,21.461541515775025,21.472212058957666,10.670543182641268,True,
4279,onnx_model_085,measure,21.461826000738167,21.462816799990833,21.473577674943954,10.760874953120947,True,
4280,onnx_model_016,measure,21.468389946365885,21.468622996937484,21.4792916867882,10.668689850717783,True,
4281,onnx_model_096,measure,21.475654834614247,21.476730769034475,21.487512573134154,10.781804099678993,True,
4282,onnx_model_032,measure,21.477418792696074,21.47801885707304,21.488657088950276,10.638231877237558,True,
4283,onnx_model_035,measure,21.485711771433074,21.486456476151943,21.49721689010039,10.760413948446512,True,
4284,onnx_model_056,measure,21.490148307659055,21.490806814748794,21.501496514771134,10.68970002233982,True,
4285,onnx_model_044,measure,21.49501751991744,21.49609002796933,21.506808603182435,10.718575213104486,True,
4286,onnx_model_008,measure,21.498719305185695,21.499390691984445,21.51015206798911,10.76137600466609,True,
4287,onnx_model_019,measure,21.499708131823056,21.500672108028084,21.511261065956205,10.58895792812109,True,
4288,onnx_model_095,measure,21.50127534283307,21.501564433798194,21.512269763741642,10.705329943448305,True,
4289,onnx_model_008,measure,21.50467497127602,21.50484482012689,21.510176554787904,5.331734661012888,True,
4290,onnx_model_048,measure,21.514635204679173,21.515424369834363,21.526359465904534,10.935096070170403,True,
4291,onnx_model_005,measure,21.516939524010997,21.517710404936224,21.528586158994585,10.875754058361053,True,
4292,onnx_model_096,measure,21.52050108221739,21.521046236157417,21.53190548811108,10.859251953661442,True,
4293,onnx_model_031,measure,21.524215624736236,21.52447349112481,21.535299620125443,10.826129000633955,True,
4294,onnx_model_015,measure,21.52565134951101,21.525893609970808,21.536862189881504,10.968579910695553,True,
4295,onnx_model_091,measure,21.52683992853806,21.52752785710618,21.53864895692095,11.121099814772606,True,
4296,onnx_model_041,measure,21.526874038760045,21.527625281829387,21.538798059802502,11.172777973115444,True,
4297,onnx_model_022,measure,21.527197293699952,21.527733677998185,21.538834499195218,11.100821197032928,True,
4298,onnx_model_015,measure,21.529588086230735,21.5298034530133,21.536916233133525,7.112780120223761,True,
4299,onnx_model_006,measure,21.532868032440383,21.533123433124274,21.54397831717506,10.854884050786495,True,
4300,onnx_model_090,measure,21.54643103715016,21.547214848920703,21.55811453796923,10.899689048528671,True,
4301,onnx_model_060,measure,21.553118000131043,21.553661833982915,21.56456840597093,10.906571988016367,True,
4302,onnx_model_003,measure,21.556346691246187,21.557086443994194,21.567913154140115,10.826710145920515,True,
4303,onnx_model_093,measure,21.560161040688897,21.561385265085846,21.572238516062498,10.853250976651907,True,
4304,onnx_model_021,measure,21.57694038361287,21.577476331964135,21.58848193194717,11.005599983036518,True,
4305,onnx_model_071,measure,21.58993895956259,21.590700739994645,21.6016789781861,10.978238191455603,True,
4306,onnx_model_020,measure,21.595608845794583,21.59612793615088,21.607151820790023,11.023884639143944,True,
4307,onnx_model_080,measure,21.60143789724112,21.601771894842386,21.612739452160895,10.967557318508625,True,
4308,onnx_model_036,measure,21.601925998182377,21.60212553711608,21.613081022165716,10.955485049635172,True,
4309,onnx_model_081,measure,21.605775259343037,21.606558523140848,21.617687487974763,11.128964833915234,True,
4310,onnx_model_040,measure,21.610276135844835,21.611387562938035,21.622362805064768,10.975242126733065,True,
4311,onnx_model_073,measure,21.616857329712815,21.617295783013105,21.628276135772467,10.980352759361267,True,
4312,onnx_model_009,measure,21.63215908687116,21.632509713061154,21.643468033056706,10.958319995552301,True,
4313,onnx_model_003,measure,21.633073497242602,21.633936405181885,21.645051512867212,11.11510768532753,True,
4314,onnx_model_072,measure,21.6342166013637,21.63537433790043,21.646643740125,11.269402224570513,True,
4315,onnx_model_066,measure,21.634892538340036,21.635534503031522,21.64652413316071,10.9896301291883,True,
4316,onnx_model_042,measure,21.643865591290666,21.644687831867486,21.655767913907766,11.080082040280104,True,
4317,onnx_model_025,measure,21.646878928326537,21.647859059739858,21.658783855848014,10.924796108156443,True,
4318,onnx_model_061,measure,21.658923217020146,21.659941095858812,21.670690710190684,10.749614331871271,True,
4319,onnx_model_098,measure,21.661540742557776,21.66228619404137,21.67317313887179,10.886944830417633,True,
4320,onnx_model_008,measure,21.66416624286278,21.664748874958605,21.675622954964638,10.874080006033182,True,
4321,onnx_model_008,measure,21.668653343655237,21.66921186912805,21.675681096035987,6.469226907938719,True,
4322,onnx_model_059,measure,21.668968482729994,21.66940987482667,21.68027218291536,10.862308088690042,True,
4323,onnx_model_080,measure,21.672206689662104,21.672864140942693,21.6835040259175,10.6398849748075,True,
4324,onnx_model_087,measure,21.678831921365223,21.679893783759326,21.690672882832587,10.779099073261023,True,
4325,onnx_model_038,measure,21.683568664400763,21.68473540712148,21.695494217798114,10.758810676634312,True,
4326,onnx_model_031,measure,21.685804962060338,21.686163341160864,21.696947219781578,10.78387862071395,True,
4327,onnx_model_060,measure,21.686923623682464,21.687621432822198,21.69853711174801,10.915678925812244,True,
4328,onnx_model_050,measure,21.697532882730915,21.698159023188055,21.708954052999616,10.795029811561108,True,
4329,onnx_model_069,measure,21.72396753243917,21.725171900819987,21.7362049841322,11.03308331221342,True,
4330,onnx_model_074,measure,21.730280543027753,21.73069373704493,21.741966304834932,11.27256779000163,True,
4331,onnx_model_005,measure,21.730316366541928,21.730875712819397,21.74210941698402,11.233704164624214,True,
4332,onnx_model_081,measure,21.73948333262613,21.740516047924757,21.75147593114525,10.959883220493793,True,
4333,onnx_model_029,measure,21.74240916760715,21.743409567978233,21.754553070757538,11.143502779304981,True,
4334,onnx_model_045,measure,21.753339701841764,21.75377473095432,21.76455339975655,10.77866880223155,True,
4335,onnx_model_035,measure,21.75381788788682,21.754167777951807,21.76487378915772,10.706011205911636,True,
4336,onnx_model_076,measure,21.7577140579597,21.75879097590223,21.769605664070696,10.814688168466091,True,
4337,onnx_model_093,measure,21.759447997903095,21.76021200697869,21.770852995105088,10.640988126397133,True,
4338,onnx_model_073,measure,21.76476317072756,21.765006070025265,21.775641417130828,10.635347105562687,True,
4339,onnx_model_010,measure,21.768600154275966,21.76938800001517,21.780003188177943,10.615188162773848,True,
4340,onnx_model_095,measure,21.776010666194686,21.776861785911024,21.787664510775357,10.802724864333868,True,
4341,onnx_model_067,measure,21.778491561552897,21.779306013137102,21.79019068274647,10.884669609367847,True,
4342,onnx_model_079,measure,21.77988326132864,21.780135098844767,21.79092349577695,10.788396932184696,True,
4343,onnx_model_068,measure,21.780696053105455,21.781587560195476,21.792398689780384,10.811129584908485,True,
4344,onnx_model_021,measure,21.786490487787297,21.78702392289415,21.797873666975647,10.849744081497192,True,
4345,onnx_model_097,measure,21.794592632370627,21.795619572047144,21.80658148881048,10.961916763335466,True,
4346,onnx_model_036,measure,21.80339093202441,21.804103108122945,21.81504902476445,10.945916641503572,True,
4347,onnx_model_051,measure,21.805095179155977,21.80555340507999,21.816460248082876,10.90684300288558,True,
4348,onnx_model_023,measure,21.806490289273786,21.80672508198768,21.817486599087715,10.761517100036144,True,
4349,onnx_model_092,measure,21.80890174708434,21.809165230952203,21.820116077084094,10.950846131891012,True,
4350,onnx_model_048,measure,21.80913343441329,21.809525184798986,21.82026889687404,10.743712075054646,True,
4351,onnx_model_094,measure,21.812430493926936,21.812950695864856,21.82385968277231,10.908986907452345,True,
4352,onnx_model_033,measure,21.813670183352585,21.814396143890917,21.825205320958048,10.809177067130804,True,
4353,onnx_model_069,measure,21.826332578133645,21.82743869582191,21.838401866145432,10.963170323520899,True,
4354,onnx_model_088,measure,21.8303705287842,21.83088471693918,21.842006186954677,11.121470015496016,True,
4355,onnx_model_098,measure,21.83409630481425,21.83431471697986,21.84527548076585,10.960763785988092,True,
4356,onnx_model_003,measure,21.84083404904256,21.84162780782208,21.852552904747427,10.925096925348043,True,
4357,onnx_model_019,measure,21.843288468724634,21.844229622744024,21.85510343313217,10.873810388147831,True,
4358,onnx_model_063,measure,21.86155115964464,21.862366118002683,21.87348124710843,11.115129105746746,True,
4359,onnx_model_059,measure,21.8616542499959,21.86253895703703,21.873594472184777,11.05551514774561,True,
4360,onnx_model_016,measure,21.86250120430925,21.862979534082115,21.87380405003205,10.824515949934721,True,
4361,onnx_model_089,measure,21.863623931622126,21.86443654401228,21.875348195899278,10.911651886999607,True,
4362,onnx_model_014,measure,21.910099432140473,21.91064406791702,21.921847124118358,11.203056201338768,True,
4363,onnx_model_098,measure,21.914532037708927,21.915193806868047,21.926404376048595,11.210569180548191,True,
4364,onnx_model_078,measure,21.918325125872144,21.918755657039583,21.92983338376507,11.077726725488901,True,
4365,onnx_model_078,measure,21.931715124594007,21.932137905154377,21.9431779300794,11.040024925023317,True,
4366,onnx_model_010,measure,21.933255490194682,21.93369751982391,21.944783261977136,11.08574215322733,True,
4367,onnx_model_096,measure,21.945566610467004,21.946082431823015,21.95710704801604,11.024616193026304,True,
4368,onnx_model_098,measure,21.950102322105444,21.95064178807661,21.961606660857797,10.964872781187296,True,
4369,onnx_model_029,measure,21.959030823113647,21.95942302979529,21.970411196816713,10.988167021423578,True,
4370,onnx_model_068,measure,21.982244650467226,21.98271779017523,21.993768907152116,11.051116976886988,True,
4371,onnx_model_074,measure,21.986375029648535,21.987264412920922,21.99815840087831,10.893987957388163,True,
4372,onnx_model_018,measure,21.987368787690723,21.98768382007256,21.99862044909969,10.93662902712822,True,
4373,onnx_model_019,measure,22.001691366946893,22.00282228598371,22.013577030040324,10.754744056612253,True,
4374,onnx_model_095,measure,22.002809153477006,22.00306008802727,22.01383754517883,10.777457151561975,True,
4375,onnx_model_025,measure,22.010183156593133,22.01039374899119,22.021016992162913,10.623243171721697,True,
4376,onnx_model_045,measure,22.011563498010116,22.012740518897772,22.023677358869463,10.93683997169137,True,
4377,onnx_model_064,measure,22.011817897444885,22.01285101985559,22.023762670811266,10.911650955677032,True,
4378,onnx_model_046,measure,22.01710877117232,22.018042929004878,22.028890348039567,10.847419034689665,True,
4379,onnx_model_043,measure,22.017447461159154,22.018154630903155,22.028959249146283,10.804618243128061,True,
4380,onnx_model_040,measure,22.019128500259647,22.019529464188963,22.03016791585833,10.638451669365168,True,
4381,onnx_model_078,measure,22.033741218496697,22.034338715020567,22.045073439832777,10.734724812209606,True,
4382,onnx_model_036,measure,22.037892549047946,22.0386436781846,22.04931891988963,10.675241705030203,True,
4383,onnx_model_069,measure,22.047583842752058,22.04823221405968,22.059005071874708,10.772857815027237,True,
4384,onnx_model_089,measure,22.061790457223594,22.062217127997428,22.073180267121643,10.96313912421465,True,
4385,onnx_model_059,measure,22.067036103913843,22.067669511772692,22.078530185855925,10.86067408323288,True,
4386,onnx_model_077,measure,22.076497133516334,22.07751653995365,22.088573617860675,11.057077907025814,True,
4387,onnx_model_035,measure,22.076701501215034,22.077700859867036,22.088714324869215,11.013465002179146,True,
4388,onnx_model_013,measure,22.08260282490833,22.08382759615779,22.094822315964848,10.994719807058573,True,
4389,onnx_model_058,measure,22.085884052307375,22.086379977874458,22.097432096023113,11.0521181486547,True,
4390,onnx_model_078,measure,22.086580116127106,22.08678232319653,22.097601778805256,10.819455608725548,True,
4391,onnx_model_089,measure,22.09385269716865,22.094932184088975,22.105996605940163,11.064421851187944,True,
4392,onnx_model_086,measure,22.094214864467258,22.095112467184663,22.106138535775244,11.026068590581417,True,
4393,onnx_model_002,measure,22.099658950811772,22.10084243910387,22.111814044881612,10.971605777740479,True,
4394,onnx_model_094,measure,22.115621612081206,22.11611410882324,22.127141729928553,11.027621105313301,True,
4395,onnx_model_072,measure,22.11695311729223,22.117667151149362,22.128914740867913,11.247589718550444,True,
4396,onnx_model_009,measure,22.117184448697984,22.117851650808007,22.12881228607148,10.960635263472795,True,
4397,onnx_model_066,measure,22.120274575489812,22.121455471031368,22.132369176950306,10.913705918937922,True,
4398,onnx_model_046,measure,22.124835385303847,22.12593426508829,22.136884659994394,10.950394906103611,True,
4399,onnx_model_089,measure,22.129907289403757,22.1301562609151,22.140933916904032,10.777655988931656,True,
4400,onnx_model_041,measure,22.146885597220262,22.147156646009535,22.15809854492545,10.941898915916681,True,
4401,onnx_model_008,measure,22.15429042525058,22.154680428095162,22.165838747750968,11.158319655805826,True,
4402,onnx_model_082,measure,22.164395656146738,22.165413389913738,22.17644015001133,11.026760097593069,True,
4403,onnx_model_071,measure,22.171617747294217,22.17213431512937,22.18313049711287,10.996181983500719,True,
4404,onnx_model_035,measure,22.178741991341806,22.179747245740145,22.190864387899637,11.117142159491777,True,
4405,onnx_model_034,measure,22.179203228125314,22.17993876989931,22.191020073834807,11.081303935498,True,
4406,onnx_model_075,measure,22.18667493758305,22.18746137013659,22.198376939166337,10.91556902974844,True,
4407,onnx_model_027,measure,22.188425442725823,22.18899155780673,22.200169866904616,11.178309097886086,True,
4408,onnx_model_027,measure,22.194601444630923,22.19525110675022,22.200272812973708,5.021706223487854,True,
4409,onnx_model_014,measure,22.203771212224304,22.204494236968458,22.21532555576414,10.831318795681,True,
4410,onnx_model_020,measure,22.20527712177977,22.20593915414065,22.216918082907796,10.97892876714468,True,
4411,onnx_model_053,measure,22.206572316335556,22.20738008292392,22.21819655317813,10.816470254212618,True,
4412,onnx_model_047,measure,22.213489974470278,22.213810806162655,22.224690997973084,10.880191810429096,True,
4413,onnx_model_029,measure,22.216264197715518,22.216558109037578,22.22745899995789,10.900890920311213,True,
4414,onnx_model_058,measure,22.221024854136044,22.221425821073353,22.23226294107735,10.83712000399828,True,
4415,onnx_model_022,measure,22.22471202428891,22.225917329080403,22.23683342896402,10.91609988361597,True,
4416,onnx_model_011,measure,22.227960240724126,22.2286745198071,22.239484719000757,10.810199193656445,True,
4417,onnx_model_031,measure,22.23446561835959,22.23548244079575,22.246239689178765,10.757248383015394,True,
4418,onnx_model_047,measure,22.237527383739103,22.238054090179503,22.24901995388791,10.965863708406687,True,
4419,onnx_model_005,measure,22.248588817196143,22.249113101046532,22.259986058808863,10.87295776233077,True,
4420,onnx_model_037,measure,22.25170767557861,22.2525745308958,22.2636067410931,11.032210197299719,True,
4421,onnx_model_097,measure,22.25421073063481,22.255000962875783,22.265827373135835,10.826410260051489,True,
4422,onnx_model_076,measure,22.257083627847834,22.25744210416451,22.268468744121492,11.026639956980944,True,
4423,onnx_model_018,measure,22.257553703265025,22.257788872811943,22.26867384277284,10.884969960898161,True,
4424,onnx_model_002,measure,22.26679495169425,22.26706345193088,22.278009879868478,10.946427937597036,True,
4425,onnx_model_042,measure,22.27168265382549,22.27189326286316,22.282915154006332,11.02189114317298,True,
4426,onnx_model_001,measure,22.277013958600133,22.277347901836038,22.288262338843197,10.914437007158995,True,
4427,onnx_model_004,measure,22.27931514316717,22.280237534083426,22.29126408416778,11.026550084352493,True,
4428,onnx_model_074,measure,22.279663329586864,22.280421894975007,22.29144230298698,11.020408011972904,True,
4429,onnx_model_054,measure,22.28445163761486,22.28513820981607,22.29607105208561,10.932842269539833,True,
4430,onnx_model_013,measure,22.28577290854987,22.286602564156055,22.297790130134672,11.187565978616476,True,
4431,onnx_model_006,measure,22.286289749681842,22.286767636891454,22.297830637078732,11.063000187277794,True,
4432,onnx_model_097,measure,22.291986450691578,22.29266483709216,22.303764124866575,11.099287774413824,True,
4433,onnx_model_073,measure,22.292156001500363,22.292830502148718,22.303824830800295,10.994328651577234,True,
4434,onnx_model_037,measure,22.29452667079266,22.295399946160614,22.306416235864162,11.016289703547955,True,
4435,onnx_model_034,measure,22.31298867651302,22.313645218033344,22.324711243156344,11.066025123000145,True,
4436,onnx_model_094,measure,22.32677268304804,22.327948556747288,22.338878742884845,10.93018613755703,True,
4437,onnx_model_045,measure,22.32911859866022,22.32941013481468,22.340345981996506,10.93584718182683,True,
4438,onnx_model_006,measure,22.33081364225133,22.33184650586918,22.342949972022325,11.103466153144836,True,
4439,onnx_model_027,measure,22.335550300491967,22.336280684918165,22.34718478191644,10.904096998274326,True,
4440,onnx_model_039,measure,22.34146259692127,22.342570189852268,22.353604504838586,11.03431498631835,True,
4441,onnx_model_000,measure,22.349848279792273,22.35043704416603,22.361351501196623,10.914457030594349,True,
4442,onnx_model_055,measure,22.354293251275063,22.354826658032835,22.365890788845718,11.064130812883377,True,
4443,onnx_model_021,measure,22.363684144437382,22.364577623084188,22.37560300109908,11.02537801489234,True,
4444,onnx_model_014,measure,22.37128787402387,22.372112285811454,22.383204561192542,11.092275381088257,True,
4445,onnx_model_099,measure,22.381799277278468,22.38282388681546,22.39379635406658,10.972467251121998,True,
4446,onnx_model_019,measure,22.39475009198573,22.395012135151774,22.405995782930404,10.983647778630257,True,
4447,onnx_model_071,measure,22.395337372275403,22.396475497167557,22.40787331201136,11.397814843803644,True,
4448,onnx_model_046,measure,22.39863219488534,22.39891236880794,22.409884575754404,10.972206946462393,True,
4449,onnx_model_034,measure,22.404376207755636,22.405355856753886,22.416526700835675,11.170844081789255,True,
4450,onnx_model_070,measure,22.406291814460022,22.40722570102662,22.41838605608791,11.160355061292648,True,
4451,onnx_model_045,measure,22.40649047414376,22.40743120200932,22.41842939797789,10.998195968568325,True,
4452,onnx_model_097,measure,22.409572164679723,22.409979295916855,22.42087225196883,10.892956051975489,True,
4453,onnx_model_005,measure,22.41282565321683,22.41344172693789,22.424508783966303,11.067057028412819,True,
4454,onnx_model_039,measure,22.417607582387117,22.418522845953703,22.429459895938635,10.937049984931946,True,
4455,onnx_model_061,measure,22.42369987557771,22.4240987948142,22.43508371617645,10.984921362251043,True,
4456,onnx_model_065,measure,22.42795567491961,22.428736990783364,22.439723385032266,10.986394248902798,True,
4457,onnx_model_005,measure,22.429734109357863,22.430683240760118,22.441702386830002,11.0191460698843,True,
4458,onnx_model_025,measure,22.438169282613217,22.43931206315756,22.45024510519579,10.933042038232088,True,
4459,onnx_model_015,measure,22.441390793960384,22.441797827836126,22.452739536762238,10.94170892611146,True,
4460,onnx_model_092,measure,22.44342357855743,22.444240220822394,22.455362261738628,11.122040916234255,True,
4461,onnx_model_020,measure,22.444302368570707,22.44461286906153,22.45549657801166,10.883708950132132,True,
4462,onnx_model_057,measure,22.445858369716408,22.447042767889798,22.457937757950276,10.894990060478449,True,
4463,onnx_model_053,measure,22.449553619638838,22.45036192703992,22.461204327177256,10.842400137335062,True,
4464,onnx_model_060,measure,22.453851476568147,22.454966188874096,22.465977179817855,11.01099094375968,True,
4465,onnx_model_094,measure,22.458771250376216,22.459190228953958,22.470063517801464,10.873288847506046,True,
4466,onnx_model_099,measure,22.46387499324921,22.46444237185642,22.475289180874825,10.846809018403292,True,
4467,onnx_model_066,measure,22.468556516518817,22.46919956477359,22.480046052951366,10.846488177776337,True,
4468,onnx_model_051,measure,22.471345294781784,22.47228860715404,22.4832136137411,10.925006587058306,True,
4469,onnx_model_033,measure,22.47430762580568,22.47474287217483,22.485738784074783,10.99591189995408,True,
4470,onnx_model_030,measure,22.476183246518726,22.47648080578074,22.48740697512403,10.926169343292713,True,
4471,onnx_model_015,measure,22.482764901502012,22.48330738209188,22.494222490116954,10.915108025074005,True,
4472,onnx_model_050,measure,22.487548472165273,22.48864166205749,22.49953985819593,10.898196138441563,True,
4473,onnx_model_053,measure,22.49005369431921,22.49108818313107,22.501978683751076,10.890500620007515,True,
4474,onnx_model_060,measure,22.491774714800382,22.492501399014145,22.503270248882473,10.76884986832738,True,
4475,onnx_model_049,measure,22.495284452750305,22.496480762958527,22.507434303872287,10.953540913760662,True,
4476,onnx_model_069,measure,22.50689053083649,22.507529214955866,22.51853608712554,11.006872169673443,True,
4477,onnx_model_035,measure,22.51242704086012,22.51298151910305,22.524090696126223,11.109177023172379,True,
4478,onnx_model_049,measure,22.512563328029575,22.51314821606502,22.524200464133173,11.052248068153858,True,
4479,onnx_model_057,measure,22.51905962115281,22.51975884102285,22.530687044840306,10.92820381745696,True,
4480,onnx_model_061,measure,22.532528050934445,22.532842651940882,22.54356029490009,10.717642959207296,True,
4481,onnx_model_048,measure,22.533901650548454,22.534124538768083,22.544788720086217,10.66418131813407,True,
4482,onnx_model_059,measure,22.537807017639583,22.538410294800997,22.54911802895367,10.707734152674675,True,
4483,onnx_model_078,measure,22.539266446528575,22.539686931762844,22.55031038587913,10.623454116284847,True,
4484,onnx_model_027,measure,22.546292074030482,22.54694010876119,22.557678571902215,10.738463141024113,True,
4485,onnx_model_085,measure,22.551724499549536,22.55246772710234,22.56316102296114,10.693295858800411,True,
4486,onnx_model_042,measure,22.5565863444036,22.55674673989415,22.567460576072335,10.713836178183556,True,
4487,onnx_model_078,measure,22.557487084978014,22.55773518886417,22.568351740017533,10.616551153361797,True,
4488,onnx_model_067,measure,22.557790335581128,22.557950118090957,22.568642292171717,10.692174080759287,True,
4489,onnx_model_079,measure,22.565291804118765,22.56631267396733,22.576955794822425,10.643120855093002,True,
4490,onnx_model_053,measure,22.57229602057269,22.57279830193147,22.58363299816847,10.834696236997843,True,
4491,onnx_model_012,measure,22.577921444749474,22.57811757316813,22.5888036461547,10.68607298657298,True,
4492,onnx_model_019,measure,22.58278091530036,22.58340808004141,22.59409814979881,10.690069757401943,True,
4493,onnx_model_016,measure,22.584055802103418,22.584784355945885,22.5955568831414,10.772527195513248,True,
4494,onnx_model_039,measure,22.596928367089305,22.59779714094475,22.608868926763535,11.071785818785429,True,
4495,onnx_model_097,measure,22.597244184477873,22.5979586080648,22.60930063808337,11.342030018568039,True,
4496,onnx_model_070,measure,22.603837574956,22.604498359840363,22.615372009109706,10.873649269342422,True,
4497,onnx_model_065,measure,22.608639492149802,22.608964539133012,22.619849008973688,10.884469840675592,True,
4498,onnx_model_073,measure,22.61793443378331,22.618589223828167,22.629557583946735,10.968360118567944,True,
4499,onnx_model_024,measure,22.621922932146052,22.623070121742785,22.633959450758994,10.889329016208649,True,
4500,onnx_model_002,measure,22.624992073091967,22.62551017012447,22.63646797882393,10.957808699458838,True,
4501,onnx_model_021,measure,22.63171384806421,22.63277574116364,22.643776000943035,11.000259779393673,True,
4502,onnx_model_072,measure,22.641201633486702,22.641684024129063,22.652651521842927,10.96749771386385,True,
4503,onnx_model_001,measure,22.646671633532772,22.646992805879563,22.658016310073435,11.023504193872213,True,
4504,onnx_model_068,measure,22.659222673618995,22.660315671004355,22.671301983762532,10.986312758177519,True,
4505,onnx_model_035,measure,22.66045276675555,22.66073283413425,22.6715840799734,10.85124583914876,True,
4506,onnx_model_006,measure,22.664835711621457,22.665239770896733,22.67626935709268,11.02958619594574,True,
4507,onnx_model_054,measure,22.664917584821513,22.665443948935717,22.676293693017215,10.849744081497192,True,
4508,onnx_model_048,measure,22.666832023872765,22.667979117948562,22.678670229855925,10.691111907362938,True,
4509,onnx_model_063,measure,22.67478387416134,22.675842956174165,22.68646957585588,10.626619681715965,True,
4510,onnx_model_014,measure,22.67563494946618,22.67597664007917,22.686551872175187,10.575232096016407,True,
4511,onnx_model_015,measure,22.67817469283465,22.67840858316049,22.689040301833302,10.631718672811985,True,
4512,onnx_model_026,measure,22.679979362204442,22.680809516925365,22.691343400161713,10.533883236348629,True,
4513,onnx_model_034,measure,22.681028699899603,22.68205265980214,22.69257535180077,10.522691998630762,True,
4514,onnx_model_062,measure,22.686536047973778,22.686634949874133,22.697169113904238,10.534164030104876,True,
4515,onnx_model_015,measure,22.69579660273322,22.696759806014597,22.70750674419105,10.746938176453114,True,
4516,onnx_model_079,measure,22.714360301312446,22.71473219897598,22.72548154182732,10.74934285134077,True,
4517,onnx_model_077,measure,22.72269739140654,22.723185617942363,22.733952193055302,10.766575112938881,True,
4518,onnx_model_010,measure,22.727686811380536,22.728706882800907,22.739406261127442,10.699378326535225,True,
4519,onnx_model_015,measure,22.73150760686327,22.732155086938292,22.743064594920725,10.909507982432842,True,
4520,onnx_model_072,measure,22.731754894277778,22.732318868860602,22.74317802116275,10.859152302145958,True,
4521,onnx_model_097,measure,22.743748163406977,22.74441712582484,22.755451370961964,11.034245137125254,True,
4522,onnx_model_087,measure,22.743893920611313,22.744584613945335,22.755505023058504,10.920409113168716,True,
4523,onnx_model_005,measure,22.75730751282878,22.757802720181644,22.76875133207068,10.94861188903451,True,
4524,onnx_model_046,measure,22.759496701000273,22.760375020094216,22.77142970310524,11.05468301102519,True,
4525,onnx_model_094,measure,22.760048116148567,22.760564459953457,22.77158108074218,11.01662078872323,True,
4526,onnx_model_011,measure,22.76030183484357,22.761027249973267,22.771820857189596,10.793607216328382,True,
4527,onnx_model_038,measure,22.762222812847856,22.76258114306256,22.773453310132027,10.872167069464922,True,
4528,onnx_model_056,measure,22.76520793783097,22.76602673297748,22.776831871829927,10.805138852447271,True,
4529,onnx_model_057,measure,22.7683447723275,22.768852513749152,22.779659025836736,10.806512087583542,True,
4530,onnx_model_042,measure,22.786553051192058,22.78688398981467,22.797809486743063,10.92549692839384,True,
4531,onnx_model_036,measure,22.787599829006613,22.788342542015016,22.79925085697323,10.90831495821476,True,
4532,onnx_model_058,measure,22.788850858973447,22.789775515906513,22.800562229938805,10.786714032292366,True,
4533,onnx_model_036,measure,22.790170565487816,22.791212677955627,22.799292335752398,8.079657796770334,True,
4534,onnx_model_001,measure,22.79027182211932,22.791392419021577,22.80220380006358,10.811381042003632,True,
4535,onnx_model_013,measure,22.792825455551025,22.79390535596758,22.804695948027074,10.790592059493065,True,
4536,onnx_model_068,measure,22.794592249456095,22.79535311786458,22.806203964166343,10.85084630176425,True,
4537,onnx_model_064,measure,22.7949943261247,22.79551767092198,22.80637706303969,10.859392117708921,True,
4538,onnx_model_038,measure,22.800372309860453,22.80065885419026,22.81141463899985,10.755784809589386,True,
4539,onnx_model_097,measure,22.81197524402018,22.812635950744152,22.823562529869378,10.926579125225544,True,
4540,onnx_model_019,measure,22.815080551170798,22.816094995941967,22.827158465981483,11.063470039516687,True,
4541,onnx_model_096,measure,22.81525566259107,22.816258255857974,22.827269196044654,11.010940186679363,True,
4542,onnx_model_088,measure,22.81801169625302,22.8187820231542,22.82987466873601,11.092645581811666,True,
4543,onnx_model_032,measure,22.821496208562845,22.82221450796351,22.833014126867056,10.799618903547525,True,
4544,onnx_model_099,measure,22.82213097244906,22.82258330890909,22.83358101407066,10.997705161571503,True,
4545,onnx_model_070,measure,22.82230548326345,22.82274051802233,22.83364044688642,10.899928864091635,True,
4546,onnx_model_090,measure,22.824466528564844,22.824784824158996,22.835731943137944,10.947118978947401,True,
4547,onnx_model_052,measure,22.828511076376238,22.829491580836475,22.840445572976023,10.953992139548063,True,
4548,onnx_model_034,measure,22.836137573996695,22.836949476972222,22.847781497053802,10.832020081579685,True,
4549,onnx_model_087,measure,22.839976312223378,22.840541464742273,22.851308330893517,10.766866151243448,True,
4550,onnx_model_093,measure,22.841123237435724,22.84197939792648,22.852779468055815,10.800070129334927,True,
4551,onnx_model_032,measure,22.849735439975074,22.85001960210502,22.860897249076515,10.87764697149396,True,
4552,onnx_model_032,measure,22.852534818537457,22.852874227799475,22.861004773061723,8.130545262247324,True,
4553,onnx_model_040,measure,22.86721706284891,22.868224557023495,22.87915354082361,10.928983800113201,True,
4554,onnx_model_062,measure,22.86979836914856,22.870681086089462,22.881599560845643,10.91847475618124,True,
4555,onnx_model_023,measure,22.87191254952316,22.873127636965364,22.884137275163084,11.00963819772005,True,
4556,onnx_model_087,measure,22.87293240477892,22.873292048927397,22.884255989920348,10.963940992951393,True,
4557,onnx_model_087,measure,22.89131846108165,22.89248707704246,22.90362733276561,11.140255723148584,True,
4558,onnx_model_046,measure,22.89231782537619,22.892655606847256,22.90409042313695,11.434816289693117,True,
4559,onnx_model_074,measure,22.898562875847173,22.89917076099664,22.91009390493855,10.923143941909075,True,
4560,onnx_model_058,measure,22.903371507557303,22.903743643779308,22.914659223053604,10.91557927429676,True,
4561,onnx_model_094,measure,22.910842784145245,22.911315076053143,22.922377152834088,11.062076780945063,True,
4562,onnx_model_002,measure,22.91467848695191,22.91587938182056,22.927104630041867,11.225248221307993,True,
4563,onnx_model_094,measure,22.920936439616668,22.92134780716151,22.922513111960143,1.1653047986328602,True,
4564,onnx_model_095,measure,22.926064234077334,22.926783970091492,22.937752559781075,10.968589689582586,True,
4565,onnx_model_080,measure,22.93084857416942,22.93135371711105,22.942326555028558,10.972837917506695,True,
4566,onnx_model_033,measure,22.948257020933276,22.948588598053902,22.959628092125058,11.039494071155787,True,
4567,onnx_model_096,measure,22.95218400155226,22.953051411081105,22.964313108008355,11.261696927249432,True,
4568,onnx_model_056,measure,22.952243229494254,22.95322217606008,22.96445519803092,11.233021970838308,True,
4569,onnx_model_001,measure,22.95246173059186,22.953394634183496,22.964578351937234,11.183717753738165,True,
4570,onnx_model_087,measure,22.960557731088326,22.960854372940958,22.971740927081555,10.886554140597582,True,
4571,onnx_model_038,measure,22.961516041701678,22.962302756030113,22.97317595500499,10.873198974877596,True,
4572,onnx_model_002,measure,22.974226456146578,22.97540949098766,22.986350737977773,10.94124699011445,True,
4573,onnx_model_000,measure,22.9774509939431,22.97786261374131,22.988955178763717,11.092565022408962,True,
4574,onnx_model_064,measure,22.981574141136974,22.98229940701276,22.993231057189405,10.931650176644325,True,
4575,onnx_model_087,measure,22.9854615980358,22.985778380185366,22.996817824896425,11.039444711059332,True,
4576,onnx_model_083,measure,22.987364908394397,22.98857841314748,22.999609902035445,11.03148888796568,True,
4577,onnx_model_073,measure,22.990529144753374,22.991181752178818,23.00220855185762,11.02679967880249,True,
4578,onnx_model_085,measure,22.996281494639835,22.996912775095552,23.00782169215381,10.908917058259249,True,
4579,onnx_model_050,measure,23.001097021648278,23.001834300812334,23.01270527485758,10.87097404524684,True,
4580,onnx_model_093,measure,23.013200610259766,23.013921095989645,23.02485420787707,10.933111887425184,True,
4581,onnx_model_073,measure,23.018115106544172,23.018397273961455,23.029325277078897,10.928003117442131,True,
4582,onnx_model_046,measure,23.023454262087558,23.0238322657533,23.034803110174835,10.97084442153573,True,
4583,onnx_model_088,measure,23.024039813827105,23.0241901059635,23.035096127074212,10.906021110713482,True,
4584,onnx_model_043,measure,23.032264414805294,23.032562179956585,23.04345770087093,10.89552091434598,True,
4585,onnx_model_089,measure,23.032936967319344,23.03399977274239,23.044974224176258,10.974451433867216,True,
4586,onnx_model_054,measure,23.040495755266885,23.041348471771926,23.052235134877264,10.886663105338812,True,
4587,onnx_model_058,measure,23.04332361368573,23.04360429989174,23.05447603482753,10.8717349357903,True,
4588,onnx_model_008,measure,23.05542105823517,23.055712645873427,23.06681617209688,11.1035262234509,True,
4589,onnx_model_086,measure,23.06113603873737,23.062166213057935,23.07299912488088,10.83291182294488,True,
4590,onnx_model_040,measure,23.063128547318282,23.063618013169616,23.074665722902864,11.047709733247757,True,
4591,onnx_model_051,measure,23.06329911416217,23.063784699887037,23.074627570807934,10.84287092089653,True,
4592,onnx_model_041,measure,23.070064210728223,23.070979656185955,23.081793611869216,10.813955683261156,True,
4593,onnx_model_017,measure,23.071443154216794,23.072261532768607,23.083075348753482,10.813815984874964,True,
4594,onnx_model_047,measure,23.072950046530888,23.073095518164337,23.083734831772745,10.639313608407974,True,
4595,onnx_model_002,measure,23.073712288262048,23.074382244143635,23.08515167515725,10.76943101361394,True,
4596,onnx_model_074,measure,23.08017004222972,23.0808182079345,23.09162665391341,10.808445978909731,True,
4597,onnx_model_072,measure,23.084302646521998,23.084887924138457,23.095634973142296,10.747049003839493,True,
4598,onnx_model_010,measure,23.089865486897846,23.0903056319803,23.101056838873774,10.751206893473864,True,
4599,onnx_model_061,measure,23.09239478386884,23.092788110952824,23.103444788139313,10.656677186489105,True,
4600,onnx_model_049,measure,23.103287380669062,23.10350085515529,23.11423205304891,10.731197893619537,True,
4601,onnx_model_075,measure,23.109152844947157,23.109785531181842,23.120630105026066,10.844573844224215,True,
4602,onnx_model_068,measure,23.127299102118926,23.127832245081663,23.138900014106184,11.067769024521112,True,
4603,onnx_model_025,measure,23.13088099736189,23.131195527967066,23.142162785865366,10.967257898300886,True,
4604,onnx_model_078,measure,23.139551930243254,23.140195726882666,23.151273935101926,11.078208219259977,True,
4605,onnx_model_085,measure,23.14480054568885,23.14547685487196,23.15662067802623,11.143823154270649,True,
4606,onnx_model_047,measure,23.15708914431495,23.157895100768656,23.168925757985562,11.030657216906548,True,
4607,onnx_model_073,measure,23.166829895832365,23.168445656076074,23.17959628207609,11.150626000016928,True,
4608,onnx_model_002,measure,23.172545205515007,23.173226763959974,23.18427756987512,11.050805915147066,True,
4609,onnx_model_013,measure,23.173168844676322,23.173643126152456,23.18451954005286,10.876413900405169,True,
4610,onnx_model_029,measure,23.17466865610082,23.1751478058286,23.186135621741414,10.987815912812948,True,
4611,onnx_model_045,measure,23.19170121595889,23.19245066586882,23.20353705016896,11.086384300142527,True,
4612,onnx_model_037,measure,23.194626888927917,23.194927233736962,23.206123375799507,11.196142062544823,True,
4613,onnx_model_069,measure,23.19565675322307,23.1964737130329,23.20749510312453,11.021390091627836,True,
4614,onnx_model_048,measure,23.210023612263516,23.210796508938074,23.222029701806605,11.23319286853075,True,
4615,onnx_model_038,measure,23.21107814337176,23.21235265675932,23.223382122814655,11.029466055333614,True,
4616,onnx_model_075,measure,23.214395676174263,23.21489415783435,23.22610152186826,11.207364033907652,True,
4617,onnx_model_013,measure,23.220642921283392,23.221453996840864,23.23238277202472,10.928775183856487,True,
4618,onnx_model_021,measure,23.224814414207362,23.225690781138837,23.2366915717721,11.000790633261204,True,
4619,onnx_model_050,measure,23.226170716359256,23.22741590999067,23.238425897900015,11.009987909346819,True,
4620,onnx_model_083,measure,23.234769525880477,23.235692142043263,23.246708632912487,11.016490869224072,True,
4621,onnx_model_010,measure,23.23652008981314,23.236849391832948,23.247738630976528,10.889239143580198,True,
4622,onnx_model_046,measure,23.244006297288067,23.244681919924915,23.255482650827616,10.800730902701616,True,
4623,onnx_model_031,measure,23.24514694529443,23.246168405748904,23.257164858747274,10.996452998369932,True,
4624,onnx_model_025,measure,23.246810096699754,23.24783943174407,23.258924102876335,11.084671132266521,True,
4625,onnx_model_063,measure,23.24682020419254,23.24801395414397,23.25903111603111,11.017161887139082,True,
4626,onnx_model_039,measure,23.251169857193126,23.251543884165585,23.262684611137956,11.14072697237134,True,
4627,onnx_model_092,measure,23.25253800446487,23.25298607489094,23.263710882049054,10.724807158112526,True,
4628,onnx_model_077,measure,23.255551974591302,23.256708811968565,23.267650260124356,10.941448155790567,True,
4629,onnx_model_009,measure,23.261612168322003,23.26225527515635,23.273051837924868,10.796562768518925,True,
4630,onnx_model_006,measure,23.26217165254639,23.262781605124474,23.273581233806908,10.799628682434559,True,
4631,onnx_model_045,measure,23.273720011985244,23.27479923889041,23.285639384761453,10.840145871043205,True,
4632,onnx_model_090,measure,23.28073494303413,23.281247335951775,23.292049520183355,10.802184231579304,True,
4633,onnx_model_045,measure,23.29492891296674,23.295273839030415,23.306367977056652,11.094138026237488,True,
4634,onnx_model_003,measure,23.299586370306763,23.300739497877657,23.311710321810097,10.970823932439089,True,
4635,onnx_model_045,measure,23.30476015837756,23.30518278386444,23.30650602001697,1.3232361525297165,True,
4636,onnx_model_055,measure,23.30936543833087,23.309730479028076,23.320747600868344,11.017121840268373,True,
4637,onnx_model_019,measure,23.310537705175676,23.3111729407683,23.322123305872083,10.950365103781223,True,
4638,onnx_model_074,measure,23.3142617736241,23.314934832043946,23.325912449043244,10.977616999298334,True,
4639,onnx_model_083,measure,23.32231800466329,23.32337813079357,23.334700684063137,11.322553269565105,True,
4640,onnx_model_090,measure,23.32300384059541,23.323547552805394,23.334573382046074,11.025829240679741,True,
4641,onnx_model_042,measure,23.330986785704344,23.332137612160295,23.34310419810936,10.966585949063301,True,
4642,onnx_model_095,measure,23.333375906373607,23.333623296115547,23.34447531402111,10.852017905563116,True,
4643,onnx_model_051,measure,23.338287497600952,23.338923359755427,23.34981703804806,10.893678292632103,True,
4644,onnx_model_008,measure,23.33945101733428,23.340375881176442,23.351389947813004,11.014066636562347,True,
4645,onnx_model_049,measure,23.34623267534845,23.346698890905827,23.358271287754178,11.572396848350763,True,
4646,onnx_model_072,measure,23.347003947476004,23.34814198408276,23.3590354709886,10.89348690584302,True,
4647,onnx_model_089,measure,23.35144197302632,23.352612702175975,23.36534966295585,12.736960779875517,True,
4648,onnx_model_023,measure,23.354099583452903,23.355059293098748,23.365966986864805,10.907693766057491,True,
4649,onnx_model_000,measure,23.35594708448572,23.35790849896148,23.368806894868612,10.898395907133818,True,
4650,onnx_model_047,measure,23.361794669107496,23.364280480891466,23.375495047774166,11.214566882699728,True,
4651,onnx_model_074,measure,23.361948422348096,23.364469659980386,23.375548710115254,11.07905013486743,True,
4652,onnx_model_051,measure,23.36425299089045,23.36493861209601,23.375807823147625,10.869211051613092,True,
4653,onnx_model_042,measure,23.374611944159565,23.37504695588723,23.385968917049468,10.921961162239313,True,
4654,onnx_model_070,measure,23.389175397931776,23.3902106708847,23.40112965600565,10.91898512095213,True,
4655,onnx_model_002,measure,23.395486171648347,23.396677332930267,23.4076156350784,10.938302148133516,True,
4656,onnx_model_026,measure,23.40825241865325,23.40883647603914,23.41985664376989,11.020167730748653,True,
4657,onnx_model_066,measure,23.40930055280437,23.41030615894124,23.421540503855795,11.23434491455555,True,
4658,onnx_model_046,measure,23.409480684097687,23.410487805027515,23.42158525902778,11.097454000264406,True,
4659,onnx_model_082,measure,23.41563511680365,23.416016213130206,23.426982638891786,10.966425761580467,True,
4660,onnx_model_007,measure,23.417135076215974,23.41747249197215,23.428373022004962,10.900530032813549,True,
4661,onnx_model_034,measure,23.41871874115729,23.419956223107874,23.430990777909756,11.034554801881313,True,
4662,onnx_model_062,measure,23.41904288587794,23.420119503047317,23.431196508929133,11.077005881816149,True,
4663,onnx_model_040,measure,23.42413396019458,23.424809908960015,23.435741547960788,10.93163900077343,True,
4664,onnx_model_026,measure,23.430030132332742,23.430616365745664,23.441507338080555,10.890972334891558,True,
4665,onnx_model_085,measure,23.433220954224378,23.4344567861408,23.445442799013108,10.986012872308493,True,
4666,onnx_model_052,measure,23.433798048274088,23.434621769934893,23.445711750071496,11.089980136603117,True,
4667,onnx_model_052,measure,23.434390579736938,23.43505829013884,23.445770672056824,10.712381917983294,True,
4668,onnx_model_046,measure,23.450401093812857,23.45099409110844,23.461920090019703,10.925998911261559,True,
4669,onnx_model_057,measure,23.4541222577071,23.45447387592867,23.465549399144948,11.075523216277361,True,
4670,onnx_model_019,measure,23.456571292300254,23.456915897782892,23.467699746135622,10.783848352730274,True,
4671,onnx_model_088,measure,23.46449989469284,23.46514590177685,23.476149518042803,11.003616265952587,True,
4672,onnx_model_041,measure,23.47832460046295,23.47940510697663,23.4903762107715,10.97110379487276,True,
4673,onnx_model_084,measure,23.49097414744845,23.491599006112665,23.502554431091994,10.95542497932911,True,
4674,onnx_model_018,measure,23.49219571340821,23.49304417287931,23.503993786871433,10.949613992124796,True,
4675,onnx_model_056,measure,23.502431216850372,23.50269885500893,23.513743158895522,11.044303886592388,True,
4676,onnx_model_020,measure,23.508874211675348,23.509218769147992,23.52021239604801,10.993626900017262,True,
4677,onnx_model_066,measure,23.51144264704564,23.51168164005503,23.522668755147606,10.98711509257555,True,
4678,onnx_model_030,measure,23.511699293318987,23.51203853916377,23.522923339158297,10.884799994528294,True,
4679,onnx_model_088,measure,23.517414189570133,23.517976114992052,23.528999960049987,11.023845057934523,True,
4680,onnx_model_057,measure,23.51776846841959,23.518140437081456,23.52914443379268,11.003996711224318,True,
4681,onnx_model_099,measure,23.52576917661953,23.526164679788053,23.537169359158725,11.00467937067151,True,
4682,onnx_model_003,measure,23.536579545767882,23.537264590151608,23.548258517868817,10.993927717208862,True,
4683,onnx_model_027,measure,23.53917850083015,23.53975865105167,23.55097952997312,11.220878921449184,True,
4684,onnx_model_058,measure,23.539218171477167,23.539923013187945,23.550868909806013,10.945896618068218,True,
4685,onnx_model_009,measure,23.548333024547304,23.54949247278273,23.56055388879031,11.061416007578373,True,
4686,onnx_model_062,measure,23.549102543220112,23.549656595103443,23.56068381574005,11.027220636606216,True,
4687,onnx_model_005,measure,23.552062341226907,23.55320278601721,23.564045576844364,10.842790827155113,True,
4688,onnx_model_001,measure,23.56630468400248,23.567295424174517,23.578198680188507,10.903256013989449,True,
4689,onnx_model_023,measure,23.57214811890848,23.572758588939905,23.58370310300961,10.944514069706202,True,
4690,onnx_model_063,measure,23.573485816839106,23.574197744950652,23.585051886737347,10.854141786694527,True,
4691,onnx_model_087,measure,23.58694998021271,23.58727465197444,23.598119547124952,10.844895150512457,True,
4692,onnx_model_077,measure,23.587807863824278,23.588747452013195,23.60000428883359,11.2568368203938,True,
4693,onnx_model_056,measure,23.58823171467365,23.5889117741026,23.600163782946765,11.252008844166994,True,
4694,onnx_model_034,measure,23.5883023248758,23.58905874285847,23.600200772751123,11.142029892653227,True,
4695,onnx_model_090,measure,23.593317724721707,23.593670889735222,23.604613922070712,10.943032335489988,True,
4696,onnx_model_024,measure,23.59348984541089,23.593836845830083,23.60473284777254,10.896001942455769,True,
4697,onnx_model_081,measure,23.61502300534237,23.6158973001875,23.626672240905464,10.774940717965364,True,
4698,onnx_model_008,measure,23.644957387377264,23.645888349041343,23.657052039168775,11.163690127432346,True,
4699,onnx_model_015,measure,23.645397993704634,23.645999250002205,23.657013084739447,11.013834737241268,True,
4700,onnx_model_049,measure,23.651072816688274,23.65139998588711,23.662244979757816,10.844993870705366,True,
4701,onnx_model_013,measure,23.65635438394849,23.656747971195728,23.667491543106735,10.743571911007166,True,
4702,onnx_model_089,measure,23.662643029572216,23.663448628038168,23.674133888911456,10.685260873287916,True,
4703,onnx_model_062,measure,23.664784629007105,23.665795739740133,23.67655599396676,10.760254226624966,True,
4704,onnx_model_090,measure,23.673072504339224,23.673781840130687,23.684454266913235,10.672426782548428,True,
4705,onnx_model_042,measure,23.6761584737121,23.676622189115733,23.687154098879546,10.531909763813019,True,
4706,onnx_model_030,measure,23.677333580649385,23.677959321066737,23.688525104895234,10.565783828496933,True,
4707,onnx_model_079,measure,23.697071351619027,23.698768125846982,23.709588203113526,10.820077266544104,True,
4708,onnx_model_072,measure,23.699677499643663,23.70019800402224,23.710882353130728,10.684349108487368,True,
4709,onnx_model_016,measure,23.70208378450105,23.70268676383421,23.713447629008442,10.760865174233913,True,
4710,onnx_model_047,measure,23.703575792810614,23.704220248851925,23.714945577085018,10.725328233093023,True,
4711,onnx_model_091,measure,23.72773912645579,23.729244247078896,23.740729038137943,11.484791059046984,True,
4712,onnx_model_053,measure,23.728755854307103,23.72945233201608,23.740782669745386,11.330337729305029,True,
4713,onnx_model_027,measure,23.73674274630358,23.7370539419353,23.748155815061182,11.101873125880957,True,
4714,onnx_model_051,measure,23.738494145681518,23.73960310779512,23.75070149404928,11.098386254161596,True,
4715,onnx_model_030,measure,23.73964869466643,23.740004830993712,23.750965234823525,10.960403829813004,True,
4716,onnx_model_045,measure,23.74321418343716,23.74408325413242,23.754989575129002,10.906320996582508,True,
4717,onnx_model_071,measure,23.747533776914608,23.74826842918992,23.75947090284899,11.202473659068346,True,
4718,onnx_model_021,measure,23.747771524775537,23.748492253944278,23.759600670076907,11.108416132628918,True,
4719,onnx_model_026,measure,23.74866223638467,23.74897127505392,23.759715507738292,10.744232684373856,True,
4720,onnx_model_049,measure,23.754246931280147,23.75509870192036,23.76595592079684,10.857218876481056,True,
4721,onnx_model_042,measure,23.765604911497707,23.766057243105024,23.777040580753237,10.98333764821291,True,
4722,onnx_model_031,measure,23.766830986175165,23.7675044038333,23.778502841014415,10.99843718111515,True,
4723,onnx_model_015,measure,23.76730506660704,23.767674937844276,23.77861920185387,10.944264009594917,True,
4724,onnx_model_097,measure,23.771003082538837,23.772202654741704,23.783049874007702,10.84721926599741,True,
4725,onnx_model_012,measure,23.77643453924925,23.776665317825973,23.78750439081341,10.839072987437248,True,
4726,onnx_model_042,measure,23.78441576873024,23.78527300991118,23.79614269081503,10.869680903851986,True,
4727,onnx_model_026,measure,23.790590849987982,23.791727718897164,23.802665470167994,10.937751270830631,True,
4728,onnx_model_036,measure,23.79174093638344,23.792095308192074,23.80313258804381,11.037279851734638,True,
4729,onnx_model_041,measure,23.80237184295056,23.802765199914575,23.81359993480146,10.83473488688469,True,
4730,onnx_model_094,measure,23.81076677723519,23.81137747084722,23.82226757099852,10.89010015130043,True,
4731,onnx_model_058,measure,23.816444314289633,23.81682485481724,23.827642648946494,10.817794129252434,True,
4732,onnx_model_082,measure,23.81869616040311,23.819271306041628,23.83024442382157,10.973117779940367,True,
4733,onnx_model_024,measure,23.820440429794242,23.820721461903304,23.83183510787785,11.113645974546671,True,
4734,onnx_model_043,measure,23.82471655773505,23.825492520816624,23.83621135680005,10.718835983425379,True,
4735,onnx_model_000,measure,23.825755048341673,23.826935223769397,23.83775809686631,10.8228730969131,True,
4736,onnx_model_030,measure,23.829319324345832,23.82987709576264,23.840741888154298,10.86479239165783,True,
4737,onnx_model_097,measure,23.83032554473935,23.831474372185767,23.842226930893958,10.752558708190918,True,
4738,onnx_model_000,measure,23.847933419341395,23.84845509985462,23.859408630989492,10.953531134873629,True,
4739,onnx_model_072,measure,23.857580250569846,23.858914381824434,23.86986873485148,10.954353027045727,True,
4740,onnx_model_007,measure,23.862537776212772,23.863669591024518,23.874656254891306,10.986663866788149,True,
4741,onnx_model_060,measure,23.863760560359175,23.8640349349007,23.874874921049923,10.839986149221659,True,
4742,onnx_model_023,measure,23.864812035636312,23.86548565281555,23.87629144312814,10.805790312588215,True,
4743,onnx_model_070,measure,23.87687724014307,23.87748860893771,23.888402114156634,10.913505218923092,True,
4744,onnx_model_007,measure,23.8805815201191,23.880942033138126,23.891917386092246,10.975352954119444,True,
4745,onnx_model_028,measure,23.884484307873226,23.885400168132037,23.896259368862957,10.859200730919838,True,
4746,onnx_model_086,measure,23.889673724547393,23.890630459878594,23.90155843179673,10.927971918135881,True,
4747,onnx_model_014,measure,23.891192393360317,23.892014560755342,23.903148233890533,11.133673135191202,True,
4748,onnx_model_000,measure,23.897814336961268,23.898485901765525,23.909385359846056,10.899458080530167,True,
4749,onnx_model_015,measure,23.902149330153836,23.902780865784734,23.913794191088527,11.013325303792953,True,
4750,onnx_model_096,measure,23.914192463623603,23.915034268051386,23.926070095971227,11.035827919840813,True,
4751,onnx_model_078,measure,23.916290465980744,23.917482040822506,23.928452033083886,10.969992261379957,True,
4752,onnx_model_009,measure,23.920121126048585,23.92092185979709,23.932233922183514,11.31206238642335,True,
4753,onnx_model_011,measure,23.920259929261476,23.92108736373484,23.932188155129552,11.10079139471054,True,
4754,onnx_model_078,measure,23.925245071130984,23.92562299594283,23.928559949155897,2.9369532130658627,True,
4755,onnx_model_070,measure,23.930899155222072,23.93178310478106,23.942720225080848,10.93712029978633,True,
4756,onnx_model_073,measure,23.939351932410638,23.940476580057293,23.951400094199926,10.923514142632484,True,
4757,onnx_model_060,measure,23.94520594981663,23.9459435720928,23.95694299088791,10.999418795108795,True,
4758,onnx_model_042,measure,23.956528365978457,23.95703862188384,23.968229214195162,11.190592311322689,True,
4759,onnx_model_051,measure,23.963085972616017,23.963481169193983,23.97455238411203,11.07121491804719,True,
4760,onnx_model_037,measure,23.96443265946103,23.964925904758275,23.976020123809576,11.09421905130148,True,
4761,onnx_model_078,measure,23.970692754847676,23.971541810780764,23.982740567997098,11.198757216334343,True,
4762,onnx_model_052,measure,23.986113119182757,23.98704601218924,23.998120794072747,11.074781883507967,True,
4763,onnx_model_064,measure,23.988646896801434,23.989589606877416,24.000594495795667,11.0048889182508,True,
4764,onnx_model_086,measure,23.9913065820522,23.992130546830595,24.00308099295944,10.950446128845215,True,
4765,onnx_model_015,measure,23.997270463091002,23.997707177884877,24.008736482821405,11.029304936528206,True,
4766,onnx_model_015,measure,24.013329469580963,24.01404092600569,24.025072736199945,11.031810194253922,True,
4767,onnx_model_041,measure,24.01892481889322,24.01958566578105,24.030646800994873,11.061135213822126,True,
4768,onnx_model_039,measure,24.021308548471964,24.022127106785774,24.03324666293338,11.11955614760518,True,
4769,onnx_model_008,measure,24.034583384949578,24.03555155498907,24.046643889974803,11.092334985733032,True,
4770,onnx_model_069,measure,24.038457837378065,24.039097966160625,24.050188997760415,11.091031599789858,True,
4771,onnx_model_074,measure,24.05636078083131,24.05750650819391,24.068678313866258,11.171805672347546,True,
4772,onnx_model_061,measure,24.060115967623645,24.06105747818947,24.072273638099432,11.216159909963608,True,
4773,onnx_model_030,measure,24.060823749399887,24.061245676130056,24.07232696004212,11.081283912062645,True,
4774,onnx_model_073,measure,24.065230540149958,24.06587016582489,24.077069914899766,11.199749074876308,True,
4775,onnx_model_098,measure,24.066133091794082,24.06643516989425,24.077284343075007,10.849173180758953,True,
4776,onnx_model_006,measure,24.066881870618023,24.067946693859994,24.07890043500811,10.953741148114204,True,
4777,onnx_model_003,measure,24.07229635856716,24.072532810736448,24.083466404117644,10.93359338119626,True,
4778,onnx_model_073,measure,24.07880302387326,24.079067792743444,24.090020933188498,10.953140445053577,True,
4779,onnx_model_045,measure,24.079019298125154,24.07948578801006,24.090243977028877,10.758189018815756,True,
4780,onnx_model_099,measure,24.079654743159377,24.079858615994453,24.090727055910975,10.86843991652131,True,
4781,onnx_model_041,measure,24.08656780248582,24.087769934907556,24.098744626156986,10.97469124943018,True,
4782,onnx_model_047,measure,24.095997365997167,24.097029144875705,24.108070693910122,11.041549034416676,True,
4783,onnx_model_078,measure,24.103180755541818,24.10404915874824,24.114948817994446,10.899659246206284,True,
4784,onnx_model_050,measure,24.108025726630302,24.108247078955173,24.119241868145764,10.994789190590382,True,
4785,onnx_model_085,measure,24.10839821473287,24.108663349878043,24.119604778010398,10.941428132355213,True,
4786,onnx_model_022,measure,24.110892117724543,24.112178070936352,24.12318475311622,11.006682179868221,True,
4787,onnx_model_040,measure,24.111820765106668,24.112385865766555,24.1232994007878,10.91353502124548,True,
4788,onnx_model_070,measure,24.11545178840421,24.116187592968345,24.12695304583758,10.76545286923647,True,
4789,onnx_model_005,measure,24.12577409284418,24.126523539889604,24.13744470011443,10.921160224825144,True,
4790,onnx_model_033,measure,24.12800487712228,24.129180090036243,24.14012176776305,10.94167772680521,True,
4791,onnx_model_069,measure,24.132302587422817,24.13264582818374,24.143405951093882,10.760122910141945,True,
4792,onnx_model_009,measure,24.13271940941538,24.133004158735275,24.14379881788045,10.79465914517641,True,
4793,onnx_model_054,measure,24.133507593913414,24.134444977156818,24.1450809747912,10.635997634381056,True,
4794,onnx_model_000,measure,24.140745764659236,24.141355673782527,24.152111900039017,10.756226256489754,True,
4795,onnx_model_039,measure,24.14864770365649,24.149228469002992,24.15997364418581,10.745175182819366,True,
4796,onnx_model_090,measure,24.150398561097585,24.15152374189347,24.162381801754236,10.858059860765934,True,
4797,onnx_model_076,measure,24.157094362861923,24.15726725012064,24.16802337486297,10.75612474232912,True,
4798,onnx_model_073,measure,24.15730023407558,24.157490494195372,24.168189140036702,10.69864584133029,True,
4799,onnx_model_054,measure,24.172118363328757,24.172362714074552,24.183146602939814,10.78388886526227,True,
4800,onnx_model_048,measure,24.17809970140147,24.178646598942578,24.189409106969833,10.762508027255535,True,
4801,onnx_model_064,measure,24.18375880277578,24.18435667315498,24.195184845943004,10.828172788023949,True,
4802,onnx_model_090,measure,24.188048295068214,24.18870001891628,24.199437640141696,10.73762122541666,True,
4803,onnx_model_073,measure,24.19610150681949,24.196392461191863,24.20717272302136,10.78026182949543,True,
4804,onnx_model_038,measure,24.199462844816473,24.20062171993777,24.21146014286205,10.838422924280167,True,
4805,onnx_model_095,measure,24.20366865739405,24.203929307870567,24.21474756207317,10.818254202604294,True,
4806,onnx_model_090,measure,24.20682829172338,24.207238999195397,24.21803461993113,10.795620735734701,True,
4807,onnx_model_060,measure,24.213025938980888,24.213709517847747,24.22459253575653,10.883017908781767,True,
4808,onnx_model_016,measure,24.222772229965038,24.223325626924634,24.234404757153243,11.079130228608847,True,
4809,onnx_model_016,measure,24.224843413220242,24.225824668072164,24.23484368203208,9.019013959914446,True,
4810,onnx_model_024,measure,24.23061232208802,24.23127734195441,24.242315505165607,11.038163211196661,True,
4811,onnx_model_035,measure,24.2335284580232,24.23450293391943,24.24544951179996,10.94657788053155,True,
4812,onnx_model_038,measure,24.23547166830002,24.236065614037216,24.24708336777985,11.01775374263525,True,
4813,onnx_model_066,measure,24.239112077230818,24.23949812911451,24.25066352309659,11.165393982082605,True,
4814,onnx_model_034,measure,24.23965546098715,24.239848795812577,24.250803228933364,10.954433120787144,True,
4815,onnx_model_057,measure,24.249839494984652,24.250345658976585,24.261198598891497,10.852939914911985,True,
4816,onnx_model_089,measure,24.252742951475437,24.2530216248706,24.26394846616313,10.926841292530298,True,
4817,onnx_model_038,measure,24.253105958966035,24.25350163783878,24.264193471055478,10.691833216696978,True,
4818,onnx_model_003,measure,24.253466093036185,24.25384496105835,24.264703700784594,10.858739726245403,True,
4819,onnx_model_005,measure,24.25647614726999,24.257267154753208,24.26805035304278,10.783198289573193,True,
4820,onnx_model_043,measure,24.261149453057747,24.261363932862878,24.27219871804118,10.834785178303719,True,
4821,onnx_model_041,measure,24.26417595906426,24.264347875025123,24.27513047074899,10.782595723867416,True,
4822,onnx_model_094,measure,24.264763197530797,24.265922278165817,24.27673752605915,10.815247893333435,True,
4823,onnx_model_098,measure,24.269711495782452,24.27026912011206,24.28101107897237,10.741958860307932,True,
4824,onnx_model_071,measure,24.272684204032682,24.273449535947293,24.28440997004509,10.960434097796679,True,
4825,onnx_model_015,measure,24.27271161383441,24.273607817012817,24.28483607014641,11.22825313359499,True,
4826,onnx_model_001,measure,24.27471961351282,24.275226342957467,24.28597856219858,10.75221924111247,True,
4827,onnx_model_069,measure,24.281118245422267,24.28222845401615,24.29327961988747,11.051165871322155,True,
4828,onnx_model_047,measure,24.281780259527018,24.28242212207988,24.293725126888603,11.303004808723927,True,
4829,onnx_model_009,measure,24.284113364524565,24.284503988921642,24.295271857175976,10.767868254333735,True,
4830,onnx_model_046,measure,24.284911503014307,24.28607041714713,24.296800682786852,10.730265639722347,True,
4831,onnx_model_097,measure,24.292650640470242,24.293390630744398,24.304194828961045,10.80419821664691,True,
4832,onnx_model_063,measure,24.298574716722868,24.299017066136003,24.30992885818705,10.911792051047087,True,
4833,onnx_model_096,measure,24.303013906915904,24.303463317919523,24.314369909930974,10.906592011451721,True,
4834,onnx_model_025,measure,24.31108464944905,24.312170449178666,24.323191858828068,11.021409649401903,True,
4835,onnx_model_045,measure,24.318465119999445,24.319609390106052,24.330956208053976,11.346817947924137,True,
4836,onnx_model_009,measure,24.31873224197776,24.319775064010173,24.331013467162848,11.238403152674437,True,
4837,onnx_model_003,measure,24.319395427129784,24.319922253955156,24.331107296049595,11.185042094439268,True,
4838,onnx_model_087,measure,24.32273667312114,24.32328914385289,24.334174265153706,10.885121300816536,True,
4839,onnx_model_085,measure,24.324886750474064,24.32574902009219,24.33663329994306,10.88427985087037,True,
4840,onnx_model_074,measure,24.33408564140856,24.334315033163875,24.345367652829736,11.05261966586113,True,
4841,onnx_model_063,measure,24.335554318160142,24.33577711181715,24.346760850865394,10.983739048242569,True,
4842,onnx_model_016,measure,24.338826678838675,24.339879170060158,24.350871955044568,10.99278498440981,True,
4843,onnx_model_097,measure,24.340068834385995,24.340246328152716,24.35114697786048,10.900649707764387,True,
4844,onnx_model_071,measure,24.34032809252316,24.340613985899836,24.35136783774942,10.753851849585772,True,
4845,onnx_model_078,measure,24.34071243654216,24.34096437273547,24.351880291942507,10.915919207036495,True,
4846,onnx_model_063,measure,24.344256453952124,24.345466731116176,24.346870057750493,1.4033266343176365,True,
4847,onnx_model_089,measure,24.347604899813785,24.348087472841144,24.359075388871133,10.98791602998972,True,
4848,onnx_model_049,measure,24.356280810943073,24.35711282817647,24.368376628961414,11.263800784945488,True,
4849,onnx_model_042,measure,24.356482900797243,24.357278313022107,24.36852564290166,11.247329879552126,True,
4850,onnx_model_025,measure,24.356781488968863,24.357448475901037,24.368565327953547,11.116852052509785,True,
4851,onnx_model_015,measure,24.358857596975444,24.359172814060003,24.370089665986598,10.916851926594973,True,
4852,onnx_model_077,measure,24.3713660597276,24.372346736025065,24.383276131004095,10.929394979029894,True,
4853,onnx_model_032,measure,24.373983451903708,24.374791283160448,24.385697714053094,10.906430892646313,True,
4854,onnx_model_099,measure,24.37707039220824,24.378243124112487,24.38936674874276,11.123624630272388,True,
4855,onnx_model_099,measure,24.388443480776573,24.388919387944043,24.399909880012274,10.990492068231106,True,
4856,onnx_model_081,measure,24.38890429378744,24.389466067776084,24.400599821005017,11.133753228932619,True,
4857,onnx_model_049,measure,24.38910312606028,24.38962711393833,24.40072591090575,11.098796967417002,True,
4858,onnx_model_002,measure,24.39066329054775,24.39114256389439,24.40205826284364,10.915698949247599,True,
4859,onnx_model_035,measure,24.391125696323538,24.391519110184163,24.402387239038944,10.86812885478139,True,
4860,onnx_model_024,measure,24.40748682464738,24.408610107842833,24.419657847844064,11.047740001231432,True,
4861,onnx_model_072,measure,24.40853118005233,24.408975110854954,24.419936668127775,10.961557272821665,True,
4862,onnx_model_008,measure,24.41103198221546,24.41141181299463,24.42225968418643,10.84787119179964,True,
4863,onnx_model_069,measure,24.434869946075978,24.436501044780016,24.44750603288412,11.004988104104996,True,
4864,onnx_model_002,measure,24.440539957254234,24.440949429757893,24.4520004671067,11.051037348806858,True,
4865,onnx_model_046,measure,24.448316568224104,24.448732534889132,24.45981923909858,11.086704209446907,True,
4866,onnx_model_008,measure,24.44848383205211,24.44889274891466,24.45992892794311,11.036179028451443,True,
4867,onnx_model_055,measure,24.449731282760034,24.450422257184982,24.46149597596377,11.073718778789043,True,
4868,onnx_model_027,measure,24.44995292104687,24.45058720977977,24.461618308909237,11.031099129468203,True,
4869,onnx_model_099,measure,24.453906898223508,24.454225386027247,24.46523561514914,11.010229121893644,True,
4870,onnx_model_052,measure,24.454567819186522,24.455691513139755,24.466845735907555,11.154222767800093,True,
4871,onnx_model_086,measure,24.466008599417062,24.46646833792329,24.477388266008347,10.919928085058928,True,
4872,onnx_model_031,measure,24.468909992629893,24.470069583971053,24.480976555962116,10.906971991062164,True,
4873,onnx_model_096,measure,24.47215236245602,24.472509371116757,24.483476027846336,10.966656729578972,True,
4874,onnx_model_062,measure,24.472264541029283,24.47267405409366,24.483645981177688,10.97192708402872,True,
4875,onnx_model_093,measure,24.474066646923763,24.475179377011955,24.486325284000486,11.145906988531351,True,
4876,onnx_model_082,measure,24.47451909917441,24.475352676119655,24.486387812066823,11.035135947167873,True,
4877,onnx_model_042,measure,24.481115508346566,24.48219598410651,24.493154385127127,10.958401020616293,True,
4878,onnx_model_079,measure,24.484493548802657,24.484861149918288,24.49579960294068,10.938453022390604,True,
4879,onnx_model_055,measure,24.484899763068935,24.485213220119476,24.496106366161257,10.89314604178071,True,
4880,onnx_model_063,measure,24.48980886819261,24.490619776770473,24.501508173998445,10.888397227972746,True,
4881,onnx_model_000,measure,24.493675273299626,24.49438421195373,24.505286145024,10.901933070272207,True,
4882,onnx_model_058,measure,24.49792914844494,24.498343608807772,24.50945336697623,11.109758168458939,True,
4883,onnx_model_051,measure,24.498216516427252,24.49851192906499,24.50959164975211,11.079720687121153,True,
4884,onnx_model_051,measure,24.499802718118705,24.5000835461542,24.509647766128182,9.56421997398138,True,
4885,onnx_model_052,measure,24.503381199961858,24.503728214185685,24.51470527984202,10.977065656334162,True,
4886,onnx_model_025,measure,24.513727758229322,24.514800891745836,24.525788948871195,10.988057125359774,True,
4887,onnx_model_066,measure,24.513774501979896,24.514964101836085,24.525909568183124,10.945466347038746,True,
4888,onnx_model_046,measure,24.526860349501113,24.527147461194545,24.538110019173473,10.96255797892809,True,
4889,onnx_model_042,measure,24.532602662792506,24.5336015089415,24.54451281996444,10.911311022937298,True,
4890,onnx_model_022,measure,24.549844976279243,24.550749334972352,24.56178568303585,11.036348063498735,True,
4891,onnx_model_065,measure,24.56175189617851,24.561934566125274,24.573116541840136,11.181975714862347,True,
4892,onnx_model_049,measure,24.56366390747485,24.56439080508426,24.575386016163975,10.995211079716682,True,
4893,onnx_model_005,measure,24.568733993071223,24.569836055859923,24.580906960181892,11.070904321968555,True,
4894,onnx_model_053,measure,24.569253546728547,24.569997663144022,24.581042848993093,11.045185849070549,True,
4895,onnx_model_040,measure,24.571697697482126,24.572506251744926,24.5836802017875,11.173950042575598,True,
4896,onnx_model_024,measure,24.573567318828562,24.574354405049235,24.58528373017907,10.929325129836798,True,
4897,onnx_model_059,measure,24.58244276041007,24.5832618358545,24.594356596004218,11.094760149717331,True,
4898,onnx_model_009,measure,24.588687406223247,24.589508479926735,24.60069350199774,11.185022071003914,True,
4899,onnx_model_030,measure,24.58886441612471,24.589669235982,24.600808770861477,11.139534879475832,True,
4900,onnx_model_020,measure,24.590498622683032,24.59118101000786,24.602240942884237,11.059932876378298,True,
4901,onnx_model_008,measure,24.597487661839203,24.598584222141653,24.60941816587001,10.833943728357553,True,
4902,onnx_model_088,measure,24.600713045768675,24.600937135051936,24.61177978478372,10.842649731785059,True,
4903,onnx_model_065,measure,24.601304260872045,24.602349339053035,24.61317163100466,10.82229195162654,True,
4904,onnx_model_016,measure,24.60439242996239,24.60479556908831,24.615873356815428,11.077787727117538,True,
4905,onnx_model_045,measure,24.613557435292577,24.6143983528018,24.625318941194564,10.92058839276433,True,
4906,onnx_model_011,measure,24.62193737803583,24.623101696837693,24.634152792859823,11.051096022129059,True,
4907,onnx_model_062,measure,24.62488389020879,24.625431765802205,24.636407949961722,10.976184159517288,True,
4908,onnx_model_056,measure,24.63509214862412,24.63538965396583,24.646227626129985,10.837972164154053,True,
4909,onnx_model_089,measure,24.636561075588183,24.63762649614364,24.648605385795236,10.978889651596546,True,
4910,onnx_model_036,measure,24.639336451029315,24.640091701876372,24.651232940144837,11.141238268464804,True,
4911,onnx_model_084,measure,24.65010941926272,24.650868187192827,24.661857736762613,10.989549569785595,True,
4912,onnx_model_090,measure,24.65236866081908,24.653476355131716,24.664460564032197,10.984208900481462,True,
4913,onnx_model_081,measure,24.658952446576233,24.659922387916595,24.670938909053802,11.016521137207747,True,
4914,onnx_model_089,measure,24.667457963473623,24.667699149809778,24.67851919773966,10.820047929883003,True,
4915,onnx_model_087,measure,24.68468050178142,24.685682764742523,24.696290539111942,10.607774369418621,True,
4916,onnx_model_062,measure,24.685478208177674,24.68576649390161,24.696369138080627,10.602644179016352,True,
4917,onnx_model_023,measure,24.68649435290656,24.6870471178554,24.697553269099444,10.506151244044304,True,
4918,onnx_model_034,measure,24.68890631207173,24.6892896508798,24.699830777943134,10.541127063333988,True,
4919,onnx_model_085,measure,24.6915580891057,24.69256301317364,24.703193910885602,10.630897711962461,True,
4920,onnx_model_051,measure,24.692913718571432,24.693823388777673,24.704431593883783,10.60820510610938,True,
4921,onnx_model_006,measure,24.694427188028097,24.69505925802514,24.70560023514554,10.540977120399475,True,
4922,onnx_model_036,measure,24.699695854571118,24.699898887891322,24.710461786016822,10.562898125499487,True,
4923,onnx_model_083,measure,24.704482614090125,24.70565662207082,24.71616988675669,10.513264685869217,True,
4924,onnx_model_043,measure,24.705604819389528,24.705871330108494,24.716403850819916,10.532520711421967,True,
4925,onnx_model_070,measure,24.71289706426709,24.7136001419276,24.72409560205415,10.495460126549006,True,
4926,onnx_model_014,measure,24.719835202953707,24.720555312931538,24.731052386108786,10.49707317724824,True,
4927,onnx_model_049,measure,24.72415435546991,24.72522945702076,24.73574937414378,10.519917123019695,True,
4928,onnx_model_093,measure,24.737295957746728,24.73790170578286,24.74850042210892,10.598716326057911,True,
4929,onnx_model_010,measure,24.73874618353917,24.739186477847397,24.749866118188947,10.679640341550112,True,
4930,onnx_model_015,measure,24.73904566654846,24.739282018970698,24.749891235958785,10.6092169880867,True,
4931,onnx_model_044,measure,24.74370498659044,24.74462268082425,24.755500888917595,10.878208093345165,True,
4932,onnx_model_099,measure,24.744455188306425,24.744718864094466,24.755538892000914,10.820027906447649,True,
4933,onnx_model_013,measure,24.75194479800513,24.753042676951736,24.763872052077204,10.829375125467777,True,
4934,onnx_model_085,measure,24.765309131072605,24.76608880609274,24.776841023936868,10.752217844128609,True,
4935,onnx_model_088,measure,24.769793706477177,24.770522233098745,24.781358760781586,10.836527682840824,True,
4936,onnx_model_031,measure,24.775959334132875,24.776934321038425,24.78758004680276,10.645725764334202,True,
4937,onnx_model_070,measure,24.780212648615,24.78146909084171,24.792217942886055,10.748852044343948,True,
4938,onnx_model_073,measure,24.78228666009579,24.782942621968687,24.793745818082243,10.803196113556623,True,
4939,onnx_model_057,measure,24.787918762896528,24.788805165793747,24.79997161217034,11.16644637659192,True,
4940,onnx_model_037,measure,24.795340864055365,24.796020762063563,24.80696391314268,10.943151079118252,True,
4941,onnx_model_070,measure,24.79925255277218,24.79953713575378,24.810464267153293,10.927131399512291,True,
4942,onnx_model_038,measure,24.80896675709325,24.809237925801426,24.820254797115922,11.016871314495802,True,
4943,onnx_model_014,measure,24.82194375413605,24.822481741197407,24.833320032805204,10.838291607797146,True,
4944,onnx_model_091,measure,24.823528201665333,24.823929292149842,24.834871120750904,10.941828601062298,True,
4945,onnx_model_048,measure,24.830071268626618,24.83039164589718,24.841200802940875,10.80915704369545,True,
4946,onnx_model_023,measure,24.861152444440677,24.861373288091272,24.872374039143324,11.000751052051783,True,
4947,onnx_model_023,measure,24.862628958190832,24.86372395604849,24.872505969833583,8.782013785094023,True,
4948,onnx_model_052,measure,24.885211767370393,24.886725809890777,24.897730237804353,11.004427913576365,True,
4949,onnx_model_025,measure,24.88686342777796,24.887083650100976,24.898064353037626,10.980702936649323,True,
4950,onnx_model_091,measure,24.888857308096807,24.889509801752865,24.900363413151354,10.853611398488283,True,
4951,onnx_model_051,measure,24.889562566762258,24.88985713198781,24.9008145108819,10.957378894090652,True,
4952,onnx_model_039,measure,24.913569369017697,24.915050781797618,24.926041152793914,10.990370996296406,True,
4953,onnx_model_056,measure,24.924891493109985,24.925489864777774,24.936553135048598,11.063270270824432,True,
4954,onnx_model_052,measure,24.930729928321806,24.931259331759065,24.942122091073543,10.862759314477444,True,
4955,onnx_model_024,measure,24.947506350445934,24.94837593799457,24.959353254176676,10.977316182106733,True,
4956,onnx_model_091,measure,24.956009468679063,24.95683716190979,24.96771890576929,10.881743859499693,True,
4957,onnx_model_021,measure,24.960727683996797,24.961585868149996,24.97277370514348,11.18783699348569,True,
4958,onnx_model_063,measure,24.960766261423558,24.961755561176687,24.97289298195392,11.137420777231455,True,
4959,onnx_model_070,measure,24.966756946168807,24.967274230904877,24.978264953009784,10.990722104907036,True,
4960,onnx_model_038,measure,24.982083882992995,24.98256972618401,24.993628937751055,11.059211567044258,True,
4961,onnx_model_024,measure,24.98349481354623,24.984114341903478,24.99525723280385,11.142890900373459,True,
4962,onnx_model_068,measure,24.985400948241292,24.986635704990476,24.997636556159705,11.000851169228554,True,
4963,onnx_model_069,measure,24.994851892545398,24.995372702833265,25.006370468065143,10.997765231877565,True,
4964,onnx_model_038,measure,24.998368105620166,24.99886872805655,25.00997381703928,11.105088982731104,True,
4965,onnx_model_049,measure,24.998419780214505,24.999038520734757,25.01001533586532,10.97681513056159,True,
4966,onnx_model_096,measure,25.02387591801451,25.024308836087584,25.03544680774212,11.13797165453434,True,
4967,onnx_model_041,measure,25.024698539284376,25.025868510827422,25.036928734742105,11.060223914682865,True,
4968,onnx_model_028,measure,25.03374464449545,25.03444887092337,25.045425886753947,10.97701583057642,True,
4969,onnx_model_049,measure,25.034943967201556,25.035560112912208,25.04660389618948,11.043783277273178,True,
4970,onnx_model_060,measure,25.041009355018065,25.042233327869326,25.053111305925995,10.877978056669235,True,
4971,onnx_model_070,measure,25.05829583956436,25.059324064757675,25.070443502161652,11.119437403976917,True,
4972,onnx_model_063,measure,25.06330802404306,25.063681749161333,25.074528766795993,10.847017634660006,True,
4973,onnx_model_070,measure,25.068022737526896,25.06903103692457,25.07048567198217,1.4546350575983524,True,
4974,onnx_model_075,measure,25.075742161834476,25.0767117170617,25.08767107874155,10.959361679852009,True,
4975,onnx_model_074,measure,25.07606390383793,25.07681992277503,25.087741042021662,10.92111924663186,True,
4976,onnx_model_084,measure,25.080622234713836,25.081168377771974,25.091954120900482,10.78574312850833,True,
4977,onnx_model_056,measure,25.081125365475717,25.08139753388241,25.092377735767514,10.98020188510418,True,
4978,onnx_model_092,measure,25.08345361431159,25.083677507936954,25.094375853892416,10.698345955461264,True,
4979,onnx_model_089,measure,25.084727526079877,25.084956028033048,25.095761086791754,10.805058758705854,True,
4980,onnx_model_014,measure,25.085327811774487,25.086234589107335,25.096958131995052,10.723542887717485,True,
4981,onnx_model_046,measure,25.091940368059014,25.09208205388859,25.10282598575577,10.743931867182255,True,
4982,onnx_model_021,measure,25.102848475652923,25.104033561889082,25.11491658911109,10.883027222007513,True,
4983,onnx_model_056,measure,25.10456303734074,25.10544150788337,25.116245225071907,10.80371718853712,True,
4984,onnx_model_056,measure,25.11810767426104,25.118421400897205,25.129200129769742,10.778728872537613,True,
4985,onnx_model_009,measure,25.118625328518622,25.1197113529779,25.1305878078565,10.876454878598452,True,
4986,onnx_model_083,measure,25.12405662931036,25.12502457294613,25.136003031861037,10.978458914905787,True,
4987,onnx_model_047,measure,25.124451723444004,25.12515423912555,25.136624762788415,11.470523662865162,True,
4988,onnx_model_017,measure,25.12522532710617,25.12550624879077,25.136661572847515,11.155324056744576,True,
4989,onnx_model_090,measure,25.125255031457836,25.12561964383349,25.13668871484697,11.069071013480425,True,
4990,onnx_model_036,measure,25.134402036436132,25.134787451010197,25.145490314811468,10.702863801270723,True,
4991,onnx_model_067,measure,25.135771236318135,25.136077743954957,25.14719962514937,11.121881194412708,True,
4992,onnx_model_060,measure,25.135829570860714,25.13620196003467,25.147140341810882,10.938381776213646,True,
4993,onnx_model_092,measure,25.14054316732694,25.14088890887797,25.151834946125746,10.946037247776985,True,
4994,onnx_model_044,measure,25.140570935933265,25.141015398781747,25.15187247702852,10.85707824677229,True,
4995,onnx_model_018,measure,25.141827045033924,25.142425649799407,25.153162127826363,10.73647802695632,True,
4996,onnx_model_052,measure,25.14301896920227,25.143777078948915,25.154478521086276,10.701442137360573,True,
4997,onnx_model_020,measure,25.14443752721721,25.14509279979393,25.155990895815194,10.898096021264791,True,
4998,onnx_model_027,measure,25.159146163826172,25.160151935182512,25.170829873066396,10.677937883883715,True,
4999,onnx_model_093,measure,25.160903186353806,25.16145659517497,25.17219897499308,10.742379818111658,True,
5000,onnx_model_084,measure,25.161541532384877,25.161738570779562,25.17242958303541,10.691012255847454,True,
5001,onnx_model_075,measure,25.162774987540242,25.163052008021623,25.173732710070908,10.680702049285173,True,
5002,onnx_model_043,measure,25.176299510176012,25.1769214021042,25.187696172855794,10.774770751595497,True,
5003,onnx_model_029,measure,25.18365789128713,25.184283105190843,25.195266131777316,10.983026586472988,True,
5004,onnx_model_017,measure,25.185719360540567,25.18664308078587,25.19732650881633,10.683428030461073,True,
5005,onnx_model_071,measure,25.189606118951815,25.189922815188766,25.20075089810416,10.828082915395498,True,
5006,onnx_model_092,measure,25.192356357847405,25.193378233816475,25.20430634682998,10.928113013505936,True,
5007,onnx_model_008,measure,25.19887872635525,25.19955089688301,25.210480271838605,10.92937495559454,True,
5008,onnx_model_067,measure,25.20180222335262,25.202991167083383,25.214002538006753,11.011370923370123,True,
5009,onnx_model_052,measure,25.20498709837704,25.205485427752137,25.216424921993166,10.939494241029024,True,
5010,onnx_model_032,measure,25.21242526956572,25.212719980161637,25.22354801185429,10.828031692653894,True,
5011,onnx_model_025,measure,25.213966021176386,25.214151931926608,25.224928816780448,10.776884853839874,True,
5012,onnx_model_003,measure,25.21767628612874,25.218652486801147,25.22952043497935,10.867948178201914,True,
5013,onnx_model_020,measure,25.220068642353,25.22109941812232,25.232124315109104,11.02489698678255,True,
5014,onnx_model_045,measure,25.225253415281006,25.226096948143095,25.23687106790021,10.774119757115841,True,
5015,onnx_model_098,measure,25.230538712583247,25.231742358766496,25.242571934126318,10.82957535982132,True,
5016,onnx_model_024,measure,25.236861766893597,25.23697031615302,25.24796628812328,10.995971970260143,True,
5017,onnx_model_052,measure,25.24699517231051,25.247777979820967,25.258370344992727,10.59236517176032,True,
5018,onnx_model_044,measure,25.26500242829159,25.265523932874203,25.276132347993553,10.608415119349957,True,
5019,onnx_model_097,measure,25.292756950218184,25.29329848801717,25.304100261069834,10.801773052662611,True,
5020,onnx_model_072,measure,25.29400395865165,25.29459509300068,25.30530698504299,10.711892042309046,True,
5021,onnx_model_053,measure,25.298368693664305,25.298872855026275,25.3096339199692,10.761064942926168,True,
5022,onnx_model_074,measure,25.30057027265788,25.301211901009083,25.311980690807104,10.768789798021317,True,
5023,onnx_model_037,measure,25.30371478719548,25.304195863194764,25.314956638030708,10.760774835944176,True,
5024,onnx_model_012,measure,25.306799971958263,25.30754068074748,25.318262652028352,10.721971280872822,True,
5025,onnx_model_080,measure,25.309426572063767,25.309727407991886,25.32055840594694,10.830997955054045,True,
5026,onnx_model_091,measure,25.316215560993044,25.31721303705126,25.32801889674738,10.805859696120024,True,
5027,onnx_model_080,measure,25.32344985792875,25.323776082135737,25.334540974814445,10.764892678707838,True,
5028,onnx_model_064,measure,25.327699277383136,25.328113035764545,25.339164664037526,11.051628272980452,True,
5029,onnx_model_049,measure,25.328147104472837,25.328488239087164,25.339275954756886,10.787715669721365,True,
5030,onnx_model_028,measure,25.33850043886557,25.338762599043548,25.349870534148067,11.107935104519129,True,
5031,onnx_model_051,measure,25.34805052768882,25.34949784586206,25.3605823260732,11.084480211138725,True,
5032,onnx_model_081,measure,25.356723493140173,25.357156514190137,25.36880961479619,11.653100606054068,True,
5033,onnx_model_053,measure,25.35687524254309,25.3573617041111,25.368860171176493,11.498467065393925,True,
5034,onnx_model_064,measure,25.359924216934143,25.36069166380912,25.371755585074425,11.063921265304089,True,
5035,onnx_model_007,measure,25.367921049447823,25.36836780514568,25.37974136415869,11.373559013009071,True,
5036,onnx_model_000,measure,25.37120178640268,25.37186608510092,25.382885952014476,11.019866913557053,True,
5037,onnx_model_069,measure,25.372082499099456,25.37225932208821,25.383298246189952,11.038924101740122,True,
5038,onnx_model_077,measure,25.37485091570431,25.375780845992267,25.386874283198267,11.09343720600009,True,
5039,onnx_model_077,measure,25.378464889029235,25.379356191959232,25.38692495878786,7.568766828626394,True,
5040,onnx_model_033,measure,25.38030582087257,25.38118429714814,25.392461263109,11.276965960860252,True,
5041,onnx_model_004,measure,25.380533697863388,25.381400948856026,25.392512199934572,11.111251078546047,True,
5042,onnx_model_027,measure,25.386562013249467,25.38702652277425,25.398102095816284,11.075573042035103,True,
5043,onnx_model_030,measure,25.391826640104348,25.392613212112337,25.40364088397473,11.027671862393618,True,
5044,onnx_model_071,measure,25.392697864711547,25.392997421789914,25.404203474055976,11.206052266061306,True,
5045,onnx_model_059,measure,25.393333014108173,25.394508524797857,25.40552716003731,11.018635239452124,True,
5046,onnx_model_064,measure,25.39725747782715,25.398211644031107,25.40944086899981,11.229224968701601,True,
5047,onnx_model_062,measure,25.397719764137182,25.39841344812885,25.409513496793807,11.100048664957285,True,
5048,onnx_model_053,measure,25.401634728503797,25.40200708899647,25.412898832000792,10.891743004322052,True,
5049,onnx_model_068,measure,25.40345715985513,25.40381489507854,25.414677342865616,10.862447787076235,True,
5050,onnx_model_052,measure,25.40655165139896,25.407834936864674,25.41877484181896,10.93990495428443,True,
5051,onnx_model_080,measure,25.40763832013523,25.40801926702261,25.419000580906868,10.98131388425827,True,
5052,onnx_model_044,measure,25.409391610471094,25.409679372794926,25.420574232004583,10.894859209656715,True,
5053,onnx_model_036,measure,25.427048625707275,25.42780171101913,25.438746424857527,10.944713838398457,True,
5054,onnx_model_039,measure,25.42950855247387,25.43025568500161,25.441261855885386,11.006170883774757,True,
5055,onnx_model_021,measure,25.4308238265048,25.431708597112447,25.442605541087687,10.896943975239992,True,
5056,onnx_model_019,measure,25.434596141485223,25.43514145212248,25.44619339099154,11.051938869059086,True,
5057,onnx_model_067,measure,25.436851492122578,25.437582512851804,25.44841733807698,10.834825225174427,True,
5058,onnx_model_020,measure,25.43874691617162,25.438895027153194,25.44971806090325,10.82303375005722,True,
5059,onnx_model_039,measure,25.44513060226741,25.445821023080498,25.456743734888732,10.922711808234453,True,
5060,onnx_model_045,measure,25.480941774625357,25.482034749817103,25.493118409067392,11.083659250289202,True,
5061,onnx_model_074,measure,25.4822122321384,25.482476009055972,25.49354582093656,11.069811880588531,True,
5062,onnx_model_071,measure,25.484311488262087,25.484977333806455,25.49596388777718,10.986553970724344,True,
5063,onnx_model_089,measure,25.487559042251544,25.488523103762418,25.49962545791641,11.102354153990746,True,
5064,onnx_model_014,measure,25.48859238725145,25.48891765391454,25.50012831389904,11.210659984499216,True,
5065,onnx_model_084,measure,25.490645361014305,25.491455337032676,25.503023717086762,11.568380054086447,True,
5066,onnx_model_044,measure,25.49331608306108,25.493651843164116,25.504656159784645,11.004316620528698,True,
5067,onnx_model_014,measure,25.49940216784615,25.499749083071947,25.510779689997435,11.030606925487518,True,
5068,onnx_model_086,measure,25.501235266022388,25.502392667811364,25.513540307991207,11.14764017984271,True,
5069,onnx_model_041,measure,25.502229333826943,25.502593779936433,25.51365786092356,11.064080987125635,True,
5070,onnx_model_083,measure,25.517719501561082,25.518887451849878,25.530027367174625,11.139915324747562,True,
5071,onnx_model_006,measure,25.51826608247389,25.519058627076447,25.530148257035762,11.089629959315062,True,
5072,onnx_model_070,measure,25.524122644738057,25.524592495989054,25.535572427790612,10.979931801557541,True,
5073,onnx_model_077,measure,25.526456963838626,25.527035920880735,25.538166609127074,11.13068824633956,True,
5074,onnx_model_063,measure,25.528895786186553,25.529477742966264,25.54039409290999,10.916349943727255,True,
5075,onnx_model_023,measure,25.533697474062397,25.534385481849313,25.54522229079157,10.836808942258358,True,
5076,onnx_model_076,measure,25.536968660319346,25.537794360890985,25.54874480701983,10.950446128845215,True,
5077,onnx_model_023,measure,25.554839767860063,25.555967285763472,25.567062526009977,11.095240246504545,True,
5078,onnx_model_074,measure,25.555491229248908,25.556134002748877,25.567185549996793,11.05154724791646,True,
5079,onnx_model_007,measure,25.56365088070339,25.564670588821173,25.575541904196143,10.871315374970436,True,
5080,onnx_model_052,measure,25.569277855737653,25.57042359514162,25.5813475898467,10.923994705080986,True,
5081,onnx_model_015,measure,25.571956111822825,25.57286836206913,25.583965056110173,11.09669404104352,True,
5082,onnx_model_069,measure,25.582740389231635,25.583571577910334,25.59440160403028,10.830026119947433,True,
5083,onnx_model_029,measure,25.594884171400107,25.595600552856922,25.606459754984826,10.8592021279037,True,
5084,onnx_model_033,measure,25.604136030188535,25.605947210919112,25.61701615108177,11.068940162658691,True,
5085,onnx_model_035,measure,25.60469523938328,25.606058312114328,25.617067367769778,11.009055655449629,True,
5086,onnx_model_065,measure,25.60878712239373,25.609658976085484,25.62060130573809,10.942329652607441,True,
5087,onnx_model_055,measure,25.61681955654414,25.617211491800845,25.628272397909313,11.060906108468771,True,
5088,onnx_model_076,measure,25.632446232421874,25.633572021964937,25.644639949779958,11.067927815020084,True,
5089,onnx_model_024,measure,25.63654349626871,25.63711349386722,25.64813681691885,11.02332305163145,True,
5090,onnx_model_095,measure,25.64092011123581,25.641672870144248,25.65281255496666,11.139684822410345,True,
5091,onnx_model_073,measure,25.646341045327695,25.646945312153548,25.657899665180594,10.954353027045727,True,
5092,onnx_model_095,measure,25.646965911867785,25.64736871700734,25.65286590717733,5.497190169990063,True,
5093,onnx_model_084,measure,25.647484578997403,25.64774051401764,25.658603422809392,10.86290879175067,True,
5094,onnx_model_041,measure,25.65781801216472,25.658058376982808,25.669078805018216,11.020428035408258,True,
5095,onnx_model_016,measure,25.665516892516322,25.66585055878386,25.67669667582959,10.846117045730352,True,
5096,onnx_model_059,measure,25.67104378039471,25.67134495312348,25.6822150349617,10.870081838220358,True,
5097,onnx_model_089,measure,25.671582487388086,25.67281245207414,25.68359209317714,10.779641102999449,True,
5098,onnx_model_049,measure,25.672616303485448,25.672981183044612,25.683650935068727,10.669752024114132,True,
5099,onnx_model_056,measure,25.6857598805132,25.686843554023653,25.69761240389198,10.76884986832738,True,
5100,onnx_model_069,measure,25.688340290543273,25.68917667819187,25.699796434957534,10.619756765663624,True,
5101,onnx_model_066,measure,25.68931874078098,25.690408911090344,25.70093605108559,10.527139995247126,True,
5102,onnx_model_041,measure,25.693030238165473,25.69366519106552,25.704539680853486,10.874489787966013,True,
5103,onnx_model_068,measure,25.703137812884115,25.70414932910353,25.715025072917342,10.875743813812733,True,
5104,onnx_model_028,measure,25.725897112819307,25.726358926855028,25.737472121138126,11.113194283097982,True,
5105,onnx_model_044,measure,25.734160516690263,25.734904561191797,25.746206664014608,11.302102822810411,True,
5106,onnx_model_068,measure,25.74477076924487,25.74577812012285,25.75677656615153,10.99844602867961,True,
5107,onnx_model_015,measure,25.76252842987476,25.763028379995376,25.773937988094985,10.909608099609613,True,
5108,onnx_model_079,measure,25.764354320488014,25.76551981596276,25.776234001852572,10.714185889810324,True,
5109,onnx_model_071,measure,25.769825232179112,25.770971830002964,25.78167550591752,10.703675914555788,True,
5110,onnx_model_076,measure,25.771945557131104,25.772449559066445,25.783111435826868,10.661876760423183,True,
5111,onnx_model_098,measure,25.77288558006229,25.77399875409901,25.78458358393982,10.584829840809107,True,
5112,onnx_model_069,measure,25.77986719296399,25.780408618040383,25.79104823200032,10.639613959938288,True,
5113,onnx_model_026,measure,25.792936117495255,25.79319843882695,25.80398755799979,10.78911917284131,True,
5114,onnx_model_099,measure,25.808563368756158,25.80915291700512,25.819956792984158,10.803875979036093,True,
5115,onnx_model_030,measure,25.81068941543219,25.811437639873475,25.82240922516212,10.971585288643837,True,
5116,onnx_model_087,measure,25.81094533906975,25.81153568578884,25.822280590888113,10.744905099272728,True,
5117,onnx_model_042,measure,25.81336080579393,25.813869171775877,25.824546216987073,10.677045211195946,True,
5118,onnx_model_049,measure,25.81678184257979,25.817149537149817,25.82796170981601,10.812172666192055,True,
5119,onnx_model_065,measure,25.81824384865252,25.81842248700559,25.829072610940784,10.650123935192823,True,
5120,onnx_model_012,measure,25.820936154680087,25.821120354812592,25.83187589002773,10.755535215139389,True,
5121,onnx_model_073,measure,25.827029773199694,25.827697948087007,25.83858708711341,10.889139026403427,True,
5122,onnx_model_083,measure,25.82956092601764,25.830224371049553,25.84129984397441,11.075472924858332,True,
5123,onnx_model_089,measure,25.829761416982258,25.830322387162596,25.841191487852484,10.869100689888,True,
5124,onnx_model_063,measure,25.83805887939775,25.83868032414466,25.849588438868523,10.908114723861217,True,
5125,onnx_model_050,measure,25.845585679217756,25.846512753050774,25.857479128055274,10.96637500450015,True,
5126,onnx_model_098,measure,25.853332871428695,25.853814541827887,25.864854217041284,11.03967521339655,True,
5127,onnx_model_025,measure,25.855538272886537,25.85624895989895,25.86719444580376,10.945485904812813,True,
5128,onnx_model_018,measure,25.860641627459746,25.86169865913689,25.87256288016215,10.864221025258303,True,
5129,onnx_model_099,measure,25.86371761059759,25.864140349905938,25.8750566910021,10.916341096162796,True,
5130,onnx_model_045,measure,25.865827379731545,25.866079886909574,25.87710099713877,11.021110229194164,True,
5131,onnx_model_074,measure,25.875594073446848,25.87629238003865,25.887251821812242,10.959441773593426,True,
5132,onnx_model_031,measure,25.8764681944688,25.876703481189907,25.887629019096494,10.925537906587124,True,
5133,onnx_model_072,measure,25.87990855517968,25.88034793874249,25.8912793379277,10.931399185210466,True,
5134,onnx_model_061,measure,25.880619409345567,25.881797724869102,25.89270994719118,10.912222322076559,True,
5135,onnx_model_022,measure,25.882049080944828,25.88324539596215,25.894327962771058,11.082566808909178,True,
5136,onnx_model_044,measure,25.887502268093016,25.88776587881148,25.898966330103576,11.200451292097569,True,
5137,onnx_model_082,measure,25.89311066650568,25.89393356302753,25.90492432517931,10.990762151777744,True,
5138,onnx_model_043,measure,25.89824222119685,25.89857840212062,25.90946546709165,10.887064971029758,True,
5139,onnx_model_015,measure,25.90328433029753,25.904198444914073,25.91515013296157,10.951688047498465,True,
5140,onnx_model_068,measure,25.91289226079401,25.913707790896297,25.924757374916226,11.04958401992917,True,
5141,onnx_model_060,measure,25.91514049482746,25.915304265916348,25.926408443134278,11.104177217930555,True,
5142,onnx_model_059,measure,25.916035628132704,25.91677298815921,25.927695790771395,10.922802612185478,True,
5143,onnx_model_014,measure,25.924931166466582,25.92598447808996,25.93702310975641,11.038631666451693,True,
5144,onnx_model_061,measure,25.938654232774653,25.939259121194482,25.950295940041542,11.036818847060204,True,
5145,onnx_model_084,measure,25.939818875462368,25.940720678772777,25.951815308071673,11.094629298895597,True,
5146,onnx_model_017,measure,25.95557701399005,25.956059235148132,25.967143956106156,11.084720958024263,True,
5147,onnx_model_031,measure,25.955888606842674,25.95622380776331,25.967261428944767,11.037621181458235,True,
5148,onnx_model_003,measure,25.96140351304769,25.961762296035886,25.972742086742073,10.979790706187487,True,
5149,onnx_model_013,measure,25.968062823158846,25.96848203986883,25.979497878812253,11.01583894342184,True,
5150,onnx_model_029,measure,25.97279090316842,25.97398426895961,25.984965060837567,10.980791877955198,True,
5151,onnx_model_002,measure,25.981846909752203,25.982721547130495,25.993764727842063,11.043180711567402,True,
5152,onnx_model_084,measure,25.987300077710014,25.98818794777617,25.999322442803532,11.1344950273633,True,
5153,onnx_model_070,measure,25.99171909447319,25.992648256011307,26.003847553860396,11.199297849088907,True,
5154,onnx_model_002,measure,25.993100193556057,25.993860681075603,26.004849559161812,10.988878086209297,True,
5155,onnx_model_059,measure,25.998328729289547,25.99943475611508,26.01039403816685,10.95928205177188,True,
5156,onnx_model_011,measure,26.00189176651785,26.002878963015974,26.014203309081495,11.32434606552124,True,
5157,onnx_model_057,measure,26.001954516372756,26.003042043186724,26.014313017949462,11.270974762737751,True,
5158,onnx_model_054,measure,26.010866621807523,26.01161593105644,26.022621692158282,11.005761101841927,True,
5159,onnx_model_028,measure,26.014429588179876,26.015542725101113,26.02644699299708,10.904267895966768,True,
5160,onnx_model_044,measure,26.02861207276597,26.029686860740185,26.040703412145376,11.016551405191422,True,
5161,onnx_model_073,measure,26.031449002894654,26.03213199879974,26.043084869161248,10.952870361506939,True,
5162,onnx_model_069,measure,26.034854089095255,26.035588920116425,26.046464202925563,10.875282809138298,True,
5163,onnx_model_021,measure,26.03689329339597,26.038043747190386,26.049001696053892,10.957948863506317,True,
5164,onnx_model_059,measure,26.038905729755072,26.039483302738518,26.050282691139728,10.799388401210308,True,
5165,onnx_model_065,measure,26.04654028343905,26.04769719718024,26.05868433183059,10.987134650349617,True,
5166,onnx_model_035,measure,26.056494538437324,26.057505630888045,26.06853675004095,11.031119152903557,True,
5167,onnx_model_026,measure,26.061595601390845,26.061906727030873,26.072876147925854,10.96942089498043,True,
5168,onnx_model_098,measure,26.0653693174388,26.066378426738083,26.077477444894612,11.099018156528473,True,
5169,onnx_model_094,measure,26.067666074200968,26.06863272190094,26.0795626481995,10.929926298558712,True,
5170,onnx_model_020,measure,26.06990211565294,26.071081516798586,26.08206808101386,10.986564215272665,True,
5171,onnx_model_012,measure,26.079573057930535,26.080788819119334,26.092176435049623,11.38761593028903,True,
5172,onnx_model_062,measure,26.080520715723548,26.08095422387123,26.092221600934863,11.267377063632011,True,
5173,onnx_model_070,measure,26.08722290776003,26.08829420618713,26.0992913399823,10.997133795171976,True,
5174,onnx_model_043,measure,26.091043571642345,26.091760335024446,26.102762598078698,11.00226305425167,True,
5175,onnx_model_064,measure,26.10462258896888,26.104982818942517,26.116076005157083,11.09318621456623,True,
5176,onnx_model_038,measure,26.107478467085226,26.108453195076436,26.119771429803222,11.318234726786613,True,
5177,onnx_model_004,measure,26.10747903016605,26.108616585843265,26.11991476174444,11.298175901174545,True,
5178,onnx_model_061,measure,26.10808181614462,26.108762794174254,26.11995362583548,11.190831661224365,True,
5179,onnx_model_064,measure,26.11071275219927,26.111372475046664,26.116192265879363,4.819790832698345,True,
5180,onnx_model_031,measure,26.116101779163344,26.116324577946216,26.127229146193713,10.904568247497082,True,
5181,onnx_model_097,measure,26.121700393486968,26.122174107003957,26.133114423137158,10.940316133201122,True,
5182,onnx_model_002,measure,26.12326391812038,26.123628511093557,26.134537598118186,10.909087024629116,True,
5183,onnx_model_052,measure,26.12808851378777,26.128479693084955,26.139634346123785,11.154653038829565,True,
5184,onnx_model_026,measure,26.131691392359482,26.13192712608725,26.14299675775692,11.069631669670343,True,
5185,onnx_model_026,measure,26.13997141449159,26.140859275124967,26.14348347298801,2.6241978630423546,True,
5186,onnx_model_096,measure,26.140613866039335,26.141025050077587,26.152043794747442,11.018744669854641,True,
5187,onnx_model_061,measure,26.142853360028045,26.14315183274448,26.154114360921085,10.962528176605701,True,
5188,onnx_model_080,measure,26.146973044151306,26.14771835319698,26.15873786015436,11.019506957381964,True,
5189,onnx_model_021,measure,26.150025364331285,26.151161036919802,26.162006341852248,10.845304932445288,True,
5190,onnx_model_061,measure,26.155696198617235,26.156352856196463,26.16729966411367,10.94680791720748,True,
5191,onnx_model_031,measure,26.168933947352574,26.169576953165233,26.180589355994016,11.012402828782797,True,
5192,onnx_model_015,measure,26.171251650345013,26.172025817912072,26.183114456012845,11.088638100773096,True,
5193,onnx_model_001,measure,26.172532408066786,26.173474071081728,26.18451038002968,11.036308947950602,True,
5194,onnx_model_043,measure,26.1799693382668,26.18068690178916,26.191570268943906,10.883367154747248,True,
5195,onnx_model_099,measure,26.182194548255637,26.18321165116504,26.19424934219569,11.037691030651331,True,
5196,onnx_model_083,measure,26.182441520644726,26.18339464906603,26.19446389982477,11.069250758737326,True,
5197,onnx_model_042,measure,26.187834988650888,26.188738375902176,26.19958748901263,10.84911311045289,True,
5198,onnx_model_017,measure,26.191258994362354,26.19166933791712,26.20256710285321,10.897764936089516,True,
5199,onnx_model_010,measure,26.192396869046433,26.19311189977452,26.204057375900447,10.94547612592578,True,
5200,onnx_model_068,measure,26.197844677650114,26.198703889735043,26.209541028831154,10.83713909611106,True,
5201,onnx_model_084,measure,26.23196860872874,26.232794841751456,26.243942662142217,11.147820390760899,True,
5202,onnx_model_090,measure,26.235735740133318,26.23624589201063,26.2474223067984,11.176414787769318,True,
5203,onnx_model_083,measure,26.23774122400145,26.238725173752755,26.24977338593453,11.048212181776762,True,
5204,onnx_model_091,measure,26.243459587168104,26.244039717130363,26.255006202030927,10.966484900563955,True,
5205,onnx_model_083,measure,26.25094817784592,26.252005668822676,26.263596701901406,11.591033078730106,True,
5206,onnx_model_047,measure,26.251700760568106,26.252172094769776,26.263548750896007,11.376656126230955,True,
5207,onnx_model_058,measure,26.256630087351276,26.257249265909195,26.268402476795018,11.153210885822773,True,
5208,onnx_model_010,measure,26.256954690961074,26.257439938839525,26.26851880783215,11.078868992626667,True,
5209,onnx_model_042,measure,26.259934696378227,26.26096834614873,26.27176158176735,10.793235618621111,True,
5210,onnx_model_043,measure,26.261851290988968,26.262419674079865,26.273665441200137,11.245767120271921,True,
5211,onnx_model_033,measure,26.262123667687273,26.262586500961334,26.273615696001798,11.029195040464401,True,
5212,onnx_model_034,measure,26.262698884528447,26.263064439874142,26.274012149777263,10.947709903120995,True,
5213,onnx_model_086,measure,26.265680304147928,26.26682330481708,26.27776740817353,10.944103356450796,True,
5214,onnx_model_032,measure,26.274251372876694,26.27525062393397,26.286125286016613,10.874662082642317,True,
5215,onnx_model_074,measure,26.279813182644492,26.280992248095572,26.292028185911477,11.035937815904617,True,
5216,onnx_model_086,measure,26.288762662611678,26.28936350112781,26.300277898088098,10.914396960288286,True,
5217,onnx_model_010,measure,26.29207446554501,26.293253525160253,26.30456727091223,11.313745751976967,True,
5218,onnx_model_071,measure,26.292110198956305,26.293434619903564,26.304454076103866,11.019456200301647,True,
5219,onnx_model_022,measure,26.295318329942027,26.295950782950968,26.306822007056326,10.871224105358124,True,
5220,onnx_model_097,measure,26.29633492330557,26.29740379517898,26.308465250767767,11.061455588787794,True,
5221,onnx_model_001,measure,26.296925015648224,26.29756890796125,26.308405867777765,10.836959816515446,True,
5222,onnx_model_045,measure,26.301686303487667,26.30251032114029,26.31325101805851,10.740696918219328,True,
5223,onnx_model_093,measure,26.310198183420315,26.31061822315678,26.321387925185263,10.769702028483152,True,
5224,onnx_model_065,measure,26.31077362811141,26.31190236378461,26.322654441930354,10.752078145742416,True,
5225,onnx_model_070,measure,26.324476663437423,26.324808716773987,26.335585271939635,10.77655516564846,True,
5226,onnx_model_065,measure,26.343667043932857,26.345752608962357,26.35678094206378,11.028333101421595,True,
5227,onnx_model_042,measure,26.344541244964184,26.345847258809954,26.35685547394678,11.008215136826038,True,
5228,onnx_model_077,measure,26.345957012721986,26.34621065016836,26.356917492114007,10.706841945648193,True,
5229,onnx_model_089,measure,26.34908478439708,26.349520531017333,26.360225609969348,10.705078952014446,True,
5230,onnx_model_026,measure,26.35260275588313,26.352812799159437,26.363428367767483,10.615568608045578,True,
5231,onnx_model_014,measure,26.35297005203491,26.354103882797062,26.36503890901804,10.935026220977306,True,
5232,onnx_model_007,measure,26.353368821717854,26.354220484849066,26.365013441070914,10.792956221848726,True,
5233,onnx_model_043,measure,26.35587446581349,26.356605297885835,26.367467355914414,10.862058028578758,True,
5234,onnx_model_086,measure,26.360637637256428,26.361397156957537,26.37221067212522,10.813515167683363,True,
5235,onnx_model_088,measure,26.365927880613967,26.36619249219075,26.377019302919507,10.826810728758574,True,
5236,onnx_model_018,measure,26.368625913135773,26.369621280115098,26.38044485403225,10.823573917150497,True,
5237,onnx_model_073,measure,26.374455991113265,26.375443337019533,26.386282249819487,10.838912799954414,True,
5238,onnx_model_061,measure,26.378655447349715,26.379250914789736,26.390586812980473,11.33589819073677,True,
5239,onnx_model_001,measure,26.37896148393035,26.379450543783605,26.390421377960593,10.97083417698741,True,
5240,onnx_model_056,measure,26.38187704718029,26.382678179070354,26.39358623418957,10.908055119216442,True,
5241,onnx_model_061,measure,26.386179547493228,26.386439208872616,26.390645022969693,4.205814097076654,True,
5242,onnx_model_065,measure,26.390359220792966,26.39077304676175,26.401684157084674,10.911110322922468,True,
5243,onnx_model_007,measure,26.391804929568615,26.392212463077158,26.40314227901399,10.92981593683362,True,
5244,onnx_model_050,measure,26.398707773843267,26.39982610475272,26.41083418019116,11.008075438439846,True,
5245,onnx_model_047,measure,26.401556609736744,26.401827048975974,26.412707530893385,10.880481917411089,True,
5246,onnx_model_085,measure,26.403026509256733,26.403282504994422,26.414121728856117,10.839223861694336,True,
5247,onnx_model_042,measure,26.4043939913828,26.404728414025158,26.415557778906077,10.829364880919456,True,
5248,onnx_model_078,measure,26.406206095450596,26.407157210167497,26.417978319805115,10.821109637618065,True,
5249,onnx_model_024,measure,26.410517493214556,26.410928669851273,26.42185186315328,10.92319330200553,True,
5250,onnx_model_049,measure,26.416202405199872,26.416771064978093,26.42759636277333,10.82529779523611,True,
5251,onnx_model_086,measure,26.421744170275822,26.421996288001537,26.43282977119088,10.833483189344406,True,
5252,onnx_model_077,measure,26.423515212118662,26.424395537935197,26.437497163191438,13.101625256240368,True,
5253,onnx_model_012,measure,26.45530077729474,26.456736052874476,26.467687440104783,10.951387230306864,True,
5254,onnx_model_016,measure,26.457306326455946,26.458182932808995,26.46917449682951,10.991564020514488,True,
5255,onnx_model_040,measure,26.45982081770593,26.460642377845943,26.47151358285919,10.871205013245344,True,
5256,onnx_model_067,measure,26.463706451804565,26.46407340001315,26.475066096056253,10.992696043103933,True,
5257,onnx_model_073,measure,26.473234935993606,26.47374953282997,26.48482409492135,11.074562091380358,True,
5258,onnx_model_012,measure,26.479780422315784,26.480306127108634,26.491319060791284,11.012933682650328,True,
5259,onnx_model_089,measure,26.483869000430904,26.484921710100025,26.495933481957763,11.011771857738495,True,
5260,onnx_model_083,measure,26.497806875447992,26.498156867921352,26.50975840119645,11.601533275097609,True,
5261,onnx_model_010,measure,26.497916420443087,26.49832000816241,26.509712444152683,11.392435990273952,True,
5262,onnx_model_024,measure,26.501454932138312,26.501847614068538,26.51285332394764,11.005709879100323,True,
5263,onnx_model_071,measure,26.50807225795993,26.50930153299123,26.520231780130416,10.930247139185667,True,
5264,onnx_model_034,measure,26.51031016474041,26.510977908968925,26.521998919080943,11.021010112017393,True,
5265,onnx_model_097,measure,26.51667131156552,26.517083074897528,26.52809183113277,11.00875623524189,True,
5266,onnx_model_013,measure,26.523975295145334,26.52416331274435,26.535127924755216,10.964612010866404,True,
5267,onnx_model_098,measure,26.531876993599774,26.53237272799015,26.54336307896301,10.990350972861052,True,
5268,onnx_model_081,measure,26.533242665534466,26.533813517075032,26.54495625710115,11.142740026116371,True,
5269,onnx_model_077,measure,26.53418644194654,26.535243274178356,26.54655706975609,11.313795577734709,True,
5270,onnx_model_062,measure,26.54350087054148,26.54458523215726,26.555592455901206,11.00722374394536,True,
5271,onnx_model_002,measure,26.54537330511187,26.546176848001778,26.557422183919698,11.245335917919874,True,
5272,onnx_model_039,measure,26.54937184197887,26.54977880511433,26.560726154129952,10.947349015623331,True,
5273,onnx_model_078,measure,26.54996728905834,26.550131094176322,26.561047194059938,10.91609988361597,True,
5274,onnx_model_010,measure,26.55602872025848,26.55681083118543,26.567762178834528,10.951347649097443,True,
5275,onnx_model_050,measure,26.557717112204642,26.55863622110337,26.569493500050157,10.857278946787119,True,
5276,onnx_model_091,measure,26.559345510379096,26.56000213790685,26.571182580199093,11.180442292243242,True,
5277,onnx_model_032,measure,26.563185886342342,26.564280310180038,26.57566652400419,11.386213824152946,True,
5278,onnx_model_036,measure,26.563267232608805,26.564478295855224,26.575719283893704,11.240988038480282,True,
5279,onnx_model_049,measure,26.564096590156836,26.564622710924596,26.575754780787975,11.132069863379002,True,
5280,onnx_model_057,measure,26.56969942052142,26.57077540596947,26.581742112059146,10.966706089675426,True,
5281,onnx_model_037,measure,26.57213790123397,26.572501536924392,26.5835439870134,11.042450089007616,True,
5282,onnx_model_027,measure,26.597858622654886,26.598857515957206,26.61000199103728,11.14447508007288,True,
5283,onnx_model_071,measure,26.601962256958995,26.602421490941197,26.613541779108346,11.120288167148829,True,
5284,onnx_model_043,measure,26.60394186834041,26.60495983576402,26.615965325850993,11.005490086972713,True,
5285,onnx_model_080,measure,26.61590823353025,26.61613974813372,26.627185844816267,11.046096682548523,True,
5286,onnx_model_025,measure,26.61873758895791,26.619688252918422,26.630810664966702,11.122412048280239,True,
5287,onnx_model_071,measure,26.627086339655108,26.62737166788429,26.63850268581882,11.131017934530973,True,
5288,onnx_model_002,measure,26.627564318945637,26.627770686056465,26.639057891909033,11.28720585256815,True,
5289,onnx_model_025,measure,26.63051764035612,26.630920332856476,26.641874636057764,10.954303201287985,True,
5290,onnx_model_002,measure,26.637194292013504,26.638613928109407,26.64963533775881,11.021409649401903,True,
5291,onnx_model_060,measure,26.638513467055716,26.639156588818878,26.6501905429177,11.033954098820686,True,
5292,onnx_model_011,measure,26.64522302987667,26.646186592057347,26.657204266171902,11.01767411455512,True,
5293,onnx_model_008,measure,26.661295901310964,26.662520189769566,26.67349304817617,10.972858406603336,True,
5294,onnx_model_036,measure,26.667565430912493,26.668067113962024,26.67911091679707,11.043802835047245,True,
5295,onnx_model_098,measure,26.667701908067425,26.66825080383569,26.67918475717306,10.93395333737135,True,
5296,onnx_model_030,measure,26.6685350018359,26.668745674192905,26.679481721948832,10.736047755926847,True,
5297,onnx_model_007,measure,26.67537310192171,26.675692468881607,26.68635200103745,10.659532155841589,True,
5298,onnx_model_022,measure,26.67562093772607,26.675785846076906,26.68639543419704,10.609588120132685,True,
5299,onnx_model_074,measure,26.6798372038266,26.680689016822726,26.691372824832797,10.683808010071516,True,
5300,onnx_model_031,measure,26.685111883194615,26.686033425852656,26.696721431799233,10.688005946576595,True,
5301,onnx_model_007,measure,26.68677323048526,26.68767622904852,26.698506094980985,10.8298659324646,True,
5302,onnx_model_007,measure,26.694918969691102,26.695583139080554,26.69854675186798,2.963612787425518,True,
5303,onnx_model_012,measure,26.698944386883458,26.69978060713038,26.71051002293825,10.72941580787301,True,
5304,onnx_model_044,measure,26.713199119425102,26.713794264942408,26.72475429903716,10.960034094750881,True,
5305,onnx_model_074,measure,26.718546472611962,26.719345367047936,26.730392646975815,11.047279927879572,True,
5306,onnx_model_030,measure,26.720147205487397,26.720799089875072,26.73165906406939,10.859974194318056,True,
5307,onnx_model_079,measure,26.72167929689423,26.722152343019843,26.73299703700468,10.84469398483634,True,
5308,onnx_model_016,measure,26.724325307305264,26.724839470814914,26.735625803936273,10.786333121359348,True,
5309,onnx_model_019,measure,26.74770883938939,26.749837127979845,26.760741946753114,10.904818773269653,True,
5310,onnx_model_030,measure,26.758221216214974,26.76017762394622,26.771199805196375,11.022181250154972,True,
5311,onnx_model_009,measure,26.769552315234506,26.770949949976057,26.78199429390952,11.044343933463097,True,
5312,onnx_model_027,measure,26.77638661921084,26.777464534156024,26.788490161765367,11.025627609342337,True,
5313,onnx_model_055,measure,26.791442115198556,26.791793901938945,26.8028705669567,11.07666501775384,True,
5314,onnx_model_081,measure,26.795424948009547,26.796324383933097,26.80749238282442,11.167998891323805,True,
5315,onnx_model_039,measure,26.79648463769744,26.796746877022088,26.80795073416084,11.203857138752937,True,
5316,onnx_model_061,measure,26.796621028846403,26.796915637794882,26.807989426888525,11.073789093643427,True,
5317,onnx_model_040,measure,26.802205336264908,26.80293623218313,26.81363852508366,10.702292900532484,True,
5318,onnx_model_048,measure,26.805854035278223,26.806380860041827,26.817371000070125,10.990140028297901,True,
5319,onnx_model_014,measure,26.806928029618348,26.807601320091635,26.818412399850786,10.811079759150743,True,
5320,onnx_model_028,measure,26.811870887544302,26.812185873743147,26.82291590096429,10.730027221143246,True,
5321,onnx_model_098,measure,26.81899171753162,26.81959810387343,26.830475479830056,10.877375956624746,True,
5322,onnx_model_089,measure,26.82269122818586,26.8229861240834,26.833868409972638,10.88228588923812,True,
5323,onnx_model_079,measure,26.839900541528042,26.841118732001632,26.8519792961888,10.860564187169075,True,
5324,onnx_model_071,measure,26.850724865200128,26.85152121493593,26.862296998966485,10.775784030556679,True,
5325,onnx_model_036,measure,26.85452521677103,26.855142348911613,26.86590137006715,10.759021155536175,True,
5326,onnx_model_007,measure,26.875918126695684,26.877068867906928,26.887935093138367,10.866225231438875,True,
5327,onnx_model_047,measure,26.87700940181937,26.877282944973558,26.888254120014608,10.971175041049719,True,
5328,onnx_model_056,measure,26.889140712161506,26.88945862883702,26.900366974063218,10.908345226198435,True,
5329,onnx_model_009,measure,26.889962446454387,26.890764380805194,26.901556666009128,10.792285203933716,True,
5330,onnx_model_074,measure,26.89822887519461,26.89909143000841,26.909934299997985,10.842869989573956,True,
5331,onnx_model_067,measure,26.899846919571498,26.900433321017772,26.911152155138552,10.71883412078023,True,
5332,onnx_model_040,measure,26.904307109656134,26.904766326770186,26.9154977761209,10.731449350714684,True,
5333,onnx_model_087,measure,26.90754324707286,26.908111565746367,26.918837423902005,10.72585815563798,True,
5334,onnx_model_044,measure,26.90859538932348,26.909425233025104,26.920106747187674,10.681514162570238,True,
5335,onnx_model_005,measure,26.94686486410536,26.947306951042265,26.958396940957755,11.08998991549015,True,
5336,onnx_model_047,measure,26.947137163437162,26.947430084925145,26.958292813040316,10.862728115171194,True,
5337,onnx_model_099,measure,26.95980131405549,26.960593476891518,26.9715225007385,10.92902384698391,True,
5338,onnx_model_014,measure,26.96227795102365,26.96293433615938,26.973980743903667,11.046407744288445,True,
5339,onnx_model_016,measure,26.96769434219604,26.968287642113864,26.979130502790213,10.84286067634821,True,
5340,onnx_model_010,measure,26.969643535947707,26.970643079839647,26.98136979015544,10.726710315793753,True,
5341,onnx_model_083,measure,26.973073113782007,26.97373294318095,26.984553130809218,10.820187628269196,True,
5342,onnx_model_027,measure,26.978618509395286,26.97919586719945,26.990001608151942,10.80574095249176,True,
5343,onnx_model_073,measure,26.985007853374167,26.985769191756845,26.996755555737764,10.986363980919123,True,
5344,onnx_model_086,measure,26.98519312490664,26.985879592131823,26.9968359391205,10.956346988677979,True,
5345,onnx_model_000,measure,26.98522680709923,26.985968731809407,26.996956096962094,10.987365152686834,True,
5346,onnx_model_005,measure,26.988790599560854,26.989387850742787,27.000172500964254,10.784650221467018,True,
5347,onnx_model_079,measure,27.00245106506854,27.00348273292184,27.014698151964694,11.215419042855501,True,
5348,onnx_model_038,measure,27.00308551622541,27.003667674958706,27.014749490190297,11.081815231591463,True,
5349,onnx_model_056,measure,27.01829806250971,27.019042280036956,27.030187585856766,11.145305819809437,True,
5350,onnx_model_062,measure,27.02828376083167,27.02957544196397,27.040970542933792,11.395100969821215,True,
5351,onnx_model_014,measure,27.03101979265268,27.031493979040533,27.042665193788707,11.171214748173952,True,
5352,onnx_model_068,measure,27.03383354820344,27.035024350043386,27.046268803998828,11.244453955441713,True,
5353,onnx_model_081,measure,27.039755060627648,27.040586451999843,27.051677824929357,11.091372929513454,True,
5354,onnx_model_062,measure,27.04077209148056,27.041122171096504,27.052131657954305,11.009486857801676,True,
5355,onnx_model_061,measure,27.046632998106617,27.047551471740007,27.05863367812708,11.082206387072802,True,
5356,onnx_model_098,measure,27.052691991727947,27.05343760084361,27.064505429007113,11.0678281635046,True,
5357,onnx_model_030,measure,27.065785236866663,27.066803957801312,27.077865744940937,11.061787139624357,True,
5358,onnx_model_093,measure,27.068547635274623,27.069350197911263,27.08050329890102,11.153100989758968,True,
5359,onnx_model_008,measure,27.08412111302294,27.08480170974508,27.095928980968893,11.127271223813295,True,
5360,onnx_model_032,measure,27.086002315241636,27.086327630095184,27.097423501778394,11.095871683210135,True,
5361,onnx_model_059,measure,27.086505101209873,27.086739061865956,27.097587172873318,10.848111007362604,True,
5362,onnx_model_027,measure,27.090515571008392,27.0912404791452,27.102312965784222,11.072486639022827,True,
5363,onnx_model_054,measure,27.100878347575986,27.101825969759375,27.11283366382122,11.007694061845541,True,
5364,onnx_model_064,measure,27.104993054782945,27.105554647743702,27.116530601866543,10.975954122841358,True,
5365,onnx_model_030,measure,27.111357803405006,27.11200177296996,27.122949854005128,10.948081035166979,True,
5366,onnx_model_022,measure,27.12858482664914,27.129248315934092,27.14046228211373,11.213966179639101,True,
5367,onnx_model_003,measure,27.133417253856855,27.133816158864647,27.144863659050316,11.047500185668468,True,
5368,onnx_model_019,measure,27.134588517453174,27.135328222997487,27.14649958908558,11.171366088092327,True,
5369,onnx_model_052,measure,27.13501543489905,27.13552771275863,27.14655484398827,11.027131229639053,True,
5370,onnx_model_037,measure,27.13907261244836,27.14005750278011,27.15109116677195,11.033663991838694,True,
5371,onnx_model_086,measure,27.142726343318273,27.14369391510263,27.154812089167535,11.118174064904451,True,
5372,onnx_model_085,measure,27.151177726966424,27.152318378910422,27.16331049380824,10.992114897817373,True,
5373,onnx_model_025,measure,27.152481434704086,27.152706196065992,27.163957524113357,11.25132804736495,True,
5374,onnx_model_064,measure,27.152568135534054,27.152865428943187,27.163898181170225,11.032752227038145,True,
5375,onnx_model_068,measure,27.154732785235744,27.154959669802338,27.165858707856387,10.899038054049015,True,
5376,onnx_model_099,measure,27.160942021350593,27.161417425144464,27.17287698807195,11.459562927484512,True,
5377,onnx_model_077,measure,27.161005004568644,27.161581287160516,27.17303518904373,11.453901883214712,True,
5378,onnx_model_074,measure,27.16136134988264,27.162007227074355,27.173073382116854,11.066155042499304,True,
5379,onnx_model_026,measure,27.170570651543077,27.171078720130026,27.18205345189199,10.974731761962175,True,
5380,onnx_model_001,measure,27.17160830848796,27.172534947749227,27.18345929402858,10.924346279352903,True,
5381,onnx_model_065,measure,27.173800597247897,27.174294462893158,27.185176418162882,10.88195526972413,True,
5382,onnx_model_018,measure,27.17647190288606,27.17674448993057,27.18780063604936,11.056146118789911,True,
5383,onnx_model_079,measure,27.178041107187298,27.1791839171201,27.19009777298197,10.913855861872435,True,
5384,onnx_model_000,measure,27.186837913659023,27.187416716013104,27.198373273015022,10.956557001918554,True,
5385,onnx_model_090,measure,27.190032239040114,27.190243649762124,27.20106784487143,10.824195109307766,True,
5386,onnx_model_023,measure,27.19018368231868,27.190621147863567,27.20144946081564,10.828312952071428,True,
5387,onnx_model_006,measure,27.193659349421885,27.194049704819918,27.20502033783123,10.970633011311293,True,
5388,onnx_model_063,measure,27.195152746058646,27.195485534146428,27.20633960608393,10.85407193750143,True,
5389,onnx_model_006,measure,27.19714968058593,27.197913920041174,27.205470194108784,7.556274067610502,True,
5390,onnx_model_090,measure,27.202660928572396,27.203685260843486,27.214531417936087,10.84615709260106,True,
5391,onnx_model_023,measure,27.204344145042153,27.205114427022636,27.215904687996954,10.790260974317789,True,
5392,onnx_model_096,measure,27.22003032992554,27.221122967079282,27.232079493813217,10.95652673393488,True,
5393,onnx_model_057,measure,27.22809070099695,27.228584641125053,27.239602595102042,11.017953976988792,True,
5394,onnx_model_066,measure,27.229691928288815,27.230011352803558,27.241240297909826,11.228945106267929,True,
5395,onnx_model_018,measure,27.24021732482855,27.240821981802583,27.25183402514085,11.012043338268995,True,
5396,onnx_model_085,measure,27.240888386992246,27.24135070713237,27.252378509845585,11.027802713215351,True,
5397,onnx_model_038,measure,27.247404384562277,27.24779152078554,27.258729983121157,10.93846233561635,True,
5398,onnx_model_012,measure,27.252077886099872,27.252476575784385,27.26346195815131,10.985382366925478,True,
5399,onnx_model_090,measure,27.25306521684612,27.253915731795132,27.264832293149084,10.916561353951693,True,
5400,onnx_model_003,measure,27.256328212095248,27.25736862514168,27.26851219777018,11.143572628498077,True,
5401,onnx_model_074,measure,27.257031833699205,27.257545571774244,27.268659077119082,11.113505344837904,True,
5402,onnx_model_031,measure,27.260306936865835,27.260972516145557,27.27183131687343,10.85880072787404,True,
5403,onnx_model_076,measure,27.267793093022565,27.268052713945508,27.279071019031107,11.018305085599422,True,
5404,onnx_model_041,measure,27.27181653967682,27.27197735477239,27.28282472398132,10.847369208931923,True,
5405,onnx_model_050,measure,27.274550504428788,27.275434175971895,27.286366917192936,10.932741221040487,True,
5406,onnx_model_016,measure,27.279284022422825,27.280292830895633,27.291165749076754,10.87291818112135,True,
5407,onnx_model_050,measure,27.2887284935394,27.28959462279454,27.300736841745675,11.142218951135874,True,
5408,onnx_model_010,measure,27.288897262677395,27.289756088983268,27.30086871283129,11.11262384802103,True,
5409,onnx_model_068,measure,27.291562964601617,27.292419000994414,27.3034661100246,11.04710903018713,True,
5410,onnx_model_059,measure,27.291614840841547,27.292584605980664,27.303928790148348,11.344184167683125,True,
5411,onnx_model_035,measure,27.295422173310254,27.29610791290179,27.30715287802741,11.044965125620365,True,
5412,onnx_model_025,measure,27.295436400257763,27.29627157514915,27.307279860135168,11.008284986019135,True,
5413,onnx_model_004,measure,27.297796194755485,27.298796924762428,27.30976473307237,10.967808309942484,True,
5414,onnx_model_053,measure,27.298734292179393,27.299153381958604,27.310060215182602,10.906833223998547,True,
5415,onnx_model_030,measure,27.30299618867434,27.30358460592106,27.314525343012065,10.940737091004848,True,
5416,onnx_model_038,measure,27.307192868617392,27.307423552963883,27.31832572678104,10.902173817157745,True,
5417,onnx_model_040,measure,27.311942087548424,27.312280836049467,27.323186877183616,10.906041134148836,True,
5418,onnx_model_080,measure,27.319495821828536,27.3205616469495,27.331574290059507,11.012643110007048,True,
5419,onnx_model_096,measure,27.320879718748614,27.32199687510729,27.33292325399816,10.926378890872002,True,
5420,onnx_model_083,measure,27.326163605272786,27.326423108112067,27.337374506052583,10.951397940516472,True,
5421,onnx_model_012,measure,27.3279738836077,27.32886947877705,27.339928069151938,11.05859037488699,True,
5422,onnx_model_085,measure,27.328606116433598,27.329033008776605,27.339983474928886,10.950466152280569,True,
5423,onnx_model_004,measure,27.334315283662956,27.33514424599707,27.34617724781856,11.033001821488142,True,
5424,onnx_model_003,measure,27.347179911511677,27.34740813774988,27.358389132190496,10.980994440615177,True,
5425,onnx_model_049,measure,27.34830146221714,27.348851340822875,27.35989481396973,11.043473146855831,True,
5426,onnx_model_014,measure,27.35158630827209,27.352283866144717,27.363249079789966,10.965213645249605,True,
5427,onnx_model_034,measure,27.355429923248707,27.355734965763986,27.3666267497465,10.891783982515335,True,
5428,onnx_model_003,measure,27.372309597635393,27.372872392181307,27.383993290830404,11.120898649096489,True,
5429,onnx_model_086,measure,27.37236932147058,27.373055710922927,27.3841075389646,11.051828041672707,True,
5430,onnx_model_039,measure,27.375852086925626,27.376637688837945,27.387806880753487,11.169191915541887,True,
5431,onnx_model_093,measure,27.38620695097704,27.38737832615152,27.398291770834476,10.913444682955742,True,
5432,onnx_model_004,measure,27.40162990718653,27.40251896576956,27.41354426415637,11.02529838681221,True,
5433,onnx_model_082,measure,27.40304974093547,27.403970525134355,27.41486970288679,10.899177752435207,True,
5434,onnx_model_050,measure,27.409971916306638,27.410504445899278,27.421471131965518,10.966686066240072,True,
5435,onnx_model_014,measure,27.4174558047812,27.418092669919133,27.429171319119632,11.078649200499058,True,
5436,onnx_model_017,measure,27.42683037530709,27.427692006807774,27.43876436399296,11.072357185184956,True,
5437,onnx_model_060,measure,27.429106652358215,27.429320682771504,27.44038663711399,11.065954342484474,True,
5438,onnx_model_037,measure,27.445763949876945,27.446607391815633,27.457713312935084,11.105921119451523,True,
5439,onnx_model_057,measure,27.452294947317863,27.453047934919596,27.46405707206577,11.009137146174908,True,
5440,onnx_model_087,measure,27.454487133569373,27.45548237208277,27.466415694914758,10.933322831988335,True,
5441,onnx_model_077,measure,27.45681322320816,27.457809154875576,27.468819493893534,11.010339017957449,True,
5442,onnx_model_033,measure,27.462186235911513,27.463258923962712,27.47438273904845,11.123815085738897,True,
5443,onnx_model_063,measure,27.46671316450596,27.467655481770635,27.47853607404977,10.88059227913618,True,
5444,onnx_model_083,measure,27.47010135394812,27.471040707081556,27.481975993141532,10.935286059975624,True,
5445,onnx_model_089,measure,27.487944884000463,27.48812829796225,27.498977350071073,10.849052108824253,True,
5446,onnx_model_003,measure,27.508434569076805,27.509128056000918,27.51999211590737,10.864059906452894,True,
5447,onnx_model_046,measure,27.510697024880347,27.511523419059813,27.522387179080397,10.863760020583868,True,
5448,onnx_model_041,measure,27.514002948615776,27.514808823820204,27.525756263174117,10.947439353913069,True,
5449,onnx_model_063,measure,27.514653982951383,27.51490464573726,27.526110026054084,11.205380316823721,True,
5450,onnx_model_056,measure,27.514697805001163,27.514988634735346,27.526082103140652,11.09346840530634,True,
5451,onnx_model_030,measure,27.523803000934233,27.524589424952865,27.535457915160805,10.86849020794034,True,
5452,onnx_model_015,measure,27.525338635368144,27.525821207091212,27.536689114756882,10.867907665669918,True,
5453,onnx_model_029,measure,27.525969855589707,27.526197532191873,27.53697917703539,10.781644843518734,True,
5454,onnx_model_074,measure,27.53223116563536,27.532499230932444,27.543271366972476,10.77213604003191,True,
5455,onnx_model_012,measure,27.54176307250671,27.542149894870818,27.55294402409345,10.794129222631454,True,
5456,onnx_model_051,measure,27.548114217200023,27.548470430076122,27.55923022283241,10.759792756289244,True,
5457,onnx_model_011,measure,27.549487125715892,27.54979684110731,27.56059743091464,10.800589807331562,True,
5458,onnx_model_080,measure,27.55174690095529,27.55210177274421,27.56291142012924,10.809647385030985,True,
5459,onnx_model_038,measure,27.553003142278072,27.554113326128572,27.56497237784788,10.8590517193079,True,
5460,onnx_model_024,measure,27.555574070855045,27.55641317786649,27.567465417087078,11.0522392205894,True,
5461,onnx_model_059,measure,27.555959758587843,27.556512386072427,27.5675902441144,11.077858041971922,True,
5462,onnx_model_088,measure,27.55622015221953,27.55659876111895,27.567555878777057,10.957117658108473,True,
5463,onnx_model_067,measure,27.557592275801586,27.55797462584451,27.568762502167374,10.787876322865486,True,
5464,onnx_model_018,measure,27.561279397675253,27.56176153384149,27.57256236486137,10.800831019878387,True,
5465,onnx_model_057,measure,27.561476975512733,27.561859800945967,27.57262837095186,10.768570005893707,True,
5466,onnx_model_027,measure,27.56341227974454,27.564076053909957,27.574752218089998,10.67616418004036,True,
5467,onnx_model_044,measure,27.573918252575176,27.57480899617076,27.58558756392449,10.778567753732204,True,
5468,onnx_model_078,measure,27.58372373000545,27.585098415147513,27.595873816870153,10.7754017226398,True,
5469,onnx_model_076,measure,27.597669000559332,27.598026499152184,27.608756646048278,10.730146896094084,True,
5470,onnx_model_061,measure,27.599100957193013,27.599309728015214,27.61013484513387,10.825117118656635,True,
5471,onnx_model_057,measure,27.6050341893553,27.60559935402125,27.61652106512338,10.921711102128029,True,
5472,onnx_model_057,measure,27.60975420387606,27.60992243187502,27.616606787778437,6.684355903416872,True,
5473,onnx_model_075,measure,27.615518590298894,27.61628895299509,27.627059888094664,10.770935099571943,True,
5474,onnx_model_000,measure,27.62635891688513,27.626805935055017,27.637740169186145,10.934234131127596,True,
5475,onnx_model_005,measure,27.628258077279536,27.62926580104977,27.640470730140805,11.20492909103632,True,
5476,onnx_model_056,measure,27.6288403066184,27.629391639959067,27.64051304012537,11.12140016630292,True,
5477,onnx_model_071,measure,27.629951346315835,27.63077476900071,27.64167500892654,10.900239925831556,True,
5478,onnx_model_097,measure,27.635417794292213,27.636207105126232,27.64741728408262,11.210178956389427,True,
5479,onnx_model_087,measure,27.64648855108212,27.646963552106172,27.657991534098983,11.027981992810965,True,
5480,onnx_model_089,measure,27.648631281633616,27.649713668972254,27.660863623954356,11.149954982101917,True,
5481,onnx_model_067,measure,27.64987583002197,27.650106926914304,27.661099342163652,10.992415249347687,True,
5482,onnx_model_046,measure,27.66322957604038,27.66440707910806,27.675500976853073,11.093897745013237,True,
5483,onnx_model_007,measure,27.666630671759574,27.666957517154515,27.677944302093238,10.986784938722849,True,
5484,onnx_model_055,measure,27.66957803301049,27.670504529960454,27.681526741944253,11.022211983799934,True,
5485,onnx_model_004,measure,27.669823499466155,27.6706903828308,27.681644735857844,10.954353027045727,True,
5486,onnx_model_031,measure,27.67042843456194,27.671141020022333,27.68201408814639,10.873068124055862,True,
5487,onnx_model_018,measure,27.672626514494144,27.67359175812453,27.684443044941872,10.851286817342043,True,
5488,onnx_model_092,measure,27.67508820390276,27.675598082132638,27.686274976935238,10.676894802600145,True,
5489,onnx_model_052,measure,27.676535096017066,27.677036365959793,27.687803552951664,10.767186991870403,True,
5490,onnx_model_084,measure,27.69107502376648,27.6920445850119,27.70300015900284,10.955573990941048,True,
5491,onnx_model_095,measure,27.694889363057722,27.6955022867769,27.706439577043056,10.937290266156197,True,
5492,onnx_model_031,measure,27.697997301409767,27.698957995977253,27.709998291917145,11.04029593989253,True,
5493,onnx_model_083,measure,27.698412871223738,27.69911625701934,27.71005374705419,10.937490034848452,True,
5494,onnx_model_055,measure,27.701612561308515,27.702630987856537,27.71369312517345,11.062137316912413,True,
5495,onnx_model_099,measure,27.715622502736196,27.71593287307769,27.726968991104513,11.036118026822805,True,
5496,onnx_model_086,measure,27.72286209286153,27.723408672958612,27.73431206913665,10.903396178036928,True,
5497,onnx_model_082,measure,27.729809407935257,27.730193951167166,27.741078922059387,10.884970892220736,True,
5498,onnx_model_092,measure,27.730799853404882,27.731647924985737,27.74258099682629,10.933071840554476,True,
5499,onnx_model_080,measure,27.738553809815848,27.73954582819715,27.75067994184792,11.134113650768995,True,
5500,onnx_model_076,measure,27.74943015904448,27.74981663096696,27.76089166291058,11.075031943619251,True,
5501,onnx_model_030,measure,27.75226371169419,27.75290407985449,27.764123195782304,11.219115927815437,True,
5502,onnx_model_016,measure,27.75277389021761,27.7530668489635,27.76417499501258,11.10814604908228,True,
5503,onnx_model_007,measure,27.767309977226773,27.768411797937006,27.779651964083314,11.240166146308184,True,
5504,onnx_model_009,measure,27.76787399312645,27.768572352826595,27.77980004576966,11.227692943066359,True,
5505,onnx_model_055,measure,27.7695321871798,27.770077543798834,27.781417309772223,11.339765973389149,True,
5506,onnx_model_029,measure,27.774351398790518,27.775511083193123,27.7865560981445,11.045014951378107,True,
5507,onnx_model_094,measure,27.778280319407717,27.778963866177946,27.790011184755713,11.047318577766418,True,
5508,onnx_model_074,measure,27.78059942023361,27.781044110190123,27.79206038080156,11.016270611435175,True,
5509,onnx_model_025,measure,27.797688047627904,27.798293428961188,27.809360125102103,11.066696140915155,True,
5510,onnx_model_094,measure,27.798824229382564,27.799756228923798,27.81069020414725,10.933975223451853,True,
5511,onnx_model_053,measure,27.806552399708906,27.807192945852876,27.81822157977149,11.028633918613195,True,
5512,onnx_model_091,measure,27.812062882027735,27.81291735684499,27.823995765764266,11.078408919274807,True,
5513,onnx_model_016,measure,27.81214343340943,27.813080867752433,27.824143786914647,11.062919162213802,True,
5514,onnx_model_003,measure,27.815278283673447,27.815613992977887,27.82661755895242,11.003565974533558,True,
5515,onnx_model_076,measure,27.81802684582665,27.81831920519471,27.829807152040303,11.487946845591068,True,
5516,onnx_model_083,measure,27.82103452822042,27.821781346108764,27.83273348491639,10.952138807624578,True,
5517,onnx_model_050,measure,27.826376873492713,27.826713691931218,27.837743206880987,11.029514949768782,True,
5518,onnx_model_085,measure,27.828657083547927,27.82916337903589,27.840430355165154,11.26697612926364,True,
5519,onnx_model_018,measure,27.828737826384284,27.829377324786037,27.84048906713724,11.111742351204157,True,
5520,onnx_model_084,measure,27.834973348233312,27.83595988806337,27.84721963107586,11.259743012487888,True,
5521,onnx_model_030,measure,27.835285116739595,27.8361206529662,27.847181217744946,11.060564778745174,True,
5522,onnx_model_087,measure,27.852811543496664,27.853463178966194,27.86462751077488,11.164331808686256,True,
5523,onnx_model_036,measure,27.85319527415088,27.853629696182907,27.86473995493725,11.110258754342794,True,
5524,onnx_model_041,measure,27.854145198081223,27.855144965928048,27.866354583762586,11.209617834538221,True,
5525,onnx_model_074,measure,27.8550889126875,27.855522833764553,27.86648558313027,10.962749365717173,True,
5526,onnx_model_045,measure,27.85803349313905,27.858964305836707,27.8700107941404,11.046488303691149,True,
5527,onnx_model_003,measure,27.85976813482436,27.860490676946938,27.871353515889496,10.862838942557573,True,
5528,onnx_model_007,measure,27.86508861550031,27.865958580747247,27.876880993135273,10.922412388026714,True,
5529,onnx_model_071,measure,27.867317360025957,27.867724888958037,27.87865866208449,10.933773126453161,True,
5530,onnx_model_030,measure,27.878385078919116,27.878755014855415,27.88967320881784,10.918193962424994,True,
5531,onnx_model_010,measure,27.881492603965317,27.882201546803117,27.893279453739524,11.07790693640709,True,
5532,onnx_model_009,measure,27.892592090322296,27.892899952828884,27.903771267738193,10.871314909309149,True,
5533,onnx_model_000,measure,27.904212433426846,27.905007557943463,27.915972760878503,10.965202935039997,True,
5534,onnx_model_098,measure,27.907874171589572,27.90846429904923,27.919594855979085,11.130556929856539,True,
5535,onnx_model_050,measure,27.908530022880456,27.908820054959506,27.919743068050593,10.923013091087341,True,
5536,onnx_model_008,measure,27.918523114771574,27.91919954493642,27.9302488877438,11.049342807382345,True,
5537,onnx_model_057,measure,27.921127271773468,27.921970972791314,27.933184679131955,11.213706340640783,True,
5538,onnx_model_049,measure,27.921336333553224,27.922133932821453,27.933224514126778,11.090581305325031,True,
5539,onnx_model_025,measure,27.92403173183328,27.924678590148687,27.935867177788168,11.18858763948083,True,
5540,onnx_model_003,measure,27.9352012847834,27.935481233987957,27.946511570829898,11.03033684194088,True,
5541,onnx_model_069,measure,27.936121027455986,27.93709126394242,27.948055665940046,10.964401997625828,True,
5542,onnx_model_054,measure,27.938495516592788,27.939533155877143,27.950369333848357,10.836177971214056,True,
5543,onnx_model_049,measure,27.939882248022055,27.940969465766102,27.95200988277793,11.04041701182723,True,
5544,onnx_model_057,measure,27.941673964870343,27.942415644880384,27.953658415935934,11.242771055549383,True,
5545,onnx_model_093,measure,27.950979818702592,27.951610372867435,27.962681578006595,11.071205139160156,True,
5546,onnx_model_031,measure,27.95287460923164,27.95326232397929,27.96429279074073,11.030466761440039,True,
5547,onnx_model_032,measure,27.97969073718275,27.980515227187425,27.991633402183652,11.118174996227026,True,
5548,onnx_model_083,measure,27.985629480060283,27.98604154214263,27.99709007376805,11.048531625419855,True,
5549,onnx_model_089,measure,27.988788474184467,27.989478045143187,28.00070338184014,11.225336696952581,True,
5550,onnx_model_047,measure,27.991971939253407,27.992852970026433,28.00386831909418,11.015349067747593,True,
5551,onnx_model_015,measure,27.993226887550733,27.994307273998857,28.00534396385774,11.03668985888362,True,
5552,onnx_model_094,measure,27.995196468175084,27.995771647896618,28.006709118839353,10.937470942735672,True,
5553,onnx_model_061,measure,27.99948046087073,28.000313881784678,28.011374556925148,11.060675140470266,True,
5554,onnx_model_039,measure,28.002626153623677,28.002927400171757,28.01421219110489,11.284790933132172,True,
5555,onnx_model_064,measure,28.00509683203044,28.005439765751362,28.016477436758578,11.037671007215977,True,
5556,onnx_model_073,measure,28.008134132038215,28.008929539006203,28.01994207315147,11.012534145265818,True,
5557,onnx_model_071,measure,28.012897924006346,28.013602030929178,28.024815836921334,11.213805992156267,True,
5558,onnx_model_049,measure,28.013151650261797,28.01376149384305,28.02494359994307,11.182106100022793,True,
5559,onnx_model_034,measure,28.02197254280538,28.023165069054812,28.034436794929206,11.271725874394178,True,
5560,onnx_model_038,measure,28.02268229128116,28.023327707778662,28.034606136847287,11.278429068624973,True,
5561,onnx_model_021,measure,28.025418949547312,28.02616036310792,28.037183545995504,11.023182887583971,True,
5562,onnx_model_011,measure,28.028697308760798,28.029613276012242,28.040605401154608,10.992125142365694,True,
5563,onnx_model_009,measure,28.030250423346452,28.031043685041368,28.04208054486662,11.036859825253487,True,
5564,onnx_model_036,measure,28.03049500857281,28.03120575286448,28.042614028789103,11.408275924623013,True,
5565,onnx_model_098,measure,28.034370558734704,28.034699624869972,28.04558317316696,10.88354829698801,True,
5566,onnx_model_029,measure,28.041982109154148,28.042234346736223,28.053344646003097,11.11029926687479,True,
5567,onnx_model_067,measure,28.04337571745168,28.043835991993546,28.054713407997042,10.877416003495455,True,
5568,onnx_model_034,measure,28.049673452095696,28.050803726073354,28.061672866810113,10.869140736758709,True,
5569,onnx_model_022,measure,28.05895032757966,28.05995787680149,28.07120756106451,11.249684263020754,True,
5570,onnx_model_069,measure,28.059387256621076,28.060128761921078,28.071085197851062,10.956435929983854,True,
5571,onnx_model_041,measure,28.062953185627443,28.063912183977664,28.074792135041207,10.879951063543558,True,
5572,onnx_model_057,measure,28.066308321730094,28.06736643984914,28.078288740944117,10.922301094979048,True,
5573,onnx_model_086,measure,28.068566969848234,28.06879638787359,28.079777582082897,10.981194209307432,True,
5574,onnx_model_028,measure,28.074243858986073,28.07488592294976,28.085808895993978,10.922973044216633,True,
5575,onnx_model_090,measure,28.07501482897944,28.07525355182588,28.086186573840678,10.933022014796734,True,
5576,onnx_model_048,measure,28.07938675562662,28.07987106917426,28.090721043758094,10.84997458383441,True,
5577,onnx_model_013,measure,28.082382801485945,28.08330438612029,28.094153678976,10.849292855709791,True,
5578,onnx_model_035,measure,28.103721424455504,28.10439581796527,28.115452765021473,11.05694705620408,True,
5579,onnx_model_085,measure,28.103826619722508,28.10456249397248,28.11552548315376,10.962989181280136,True,
5580,onnx_model_011,measure,28.122426099719764,28.122674893122166,28.133415941148996,10.741048026829958,True,
5581,onnx_model_004,measure,28.124071463914692,28.124953854829073,28.135754806920886,10.800952091813087,True,
5582,onnx_model_036,measure,28.125221725987718,28.12622727593407,28.136906956788152,10.679680854082108,True,
5583,onnx_model_075,measure,28.14061264981329,28.14105738606304,28.15193782793358,10.88044187054038,True,
5584,onnx_model_087,measure,28.14474554927159,28.14535852195695,28.156210579909384,10.852057952433825,True,
5585,onnx_model_041,measure,28.15061108814849,28.151678695809096,28.162535122130066,10.856426320970058,True,
5586,onnx_model_056,measure,28.154258741831566,28.155139113776386,28.166145645081997,11.006531305611134,True,
5587,onnx_model_097,measure,28.157903062794578,28.158421303145587,28.16927322978154,10.851926635950804,True,
5588,onnx_model_063,measure,28.164602062169266,28.16574066504836,28.17697160411626,11.23093906790018,True,
5589,onnx_model_070,measure,28.165421147922448,28.165851747151464,28.17702369298786,11.171945836395025,True,
5590,onnx_model_099,measure,28.1665388301485,28.1673518079333,28.178310739807785,10.958931874483824,True,
5591,onnx_model_056,measure,28.180971621092844,28.181559294927865,28.192669212818146,11.109917890280485,True,
5592,onnx_model_094,measure,28.188949734343932,28.190083948895335,28.201154892798513,11.070943903177977,True,
5593,onnx_model_095,measure,28.19711029609343,28.19796597212553,28.20894735492766,10.981382802128792,True,
5594,onnx_model_096,measure,28.214034405817433,28.21524579776451,28.226405952125788,11.160154361277819,True,
5595,onnx_model_094,measure,28.21728112194408,28.21781615400687,28.229160287883133,11.344133876264095,True,
5596,onnx_model_068,measure,28.224022566592843,28.22435806877911,28.23541826289147,11.060194112360477,True,
5597,onnx_model_011,measure,28.227518130791246,28.228705492801964,28.239883510861546,11.178018059581518,True,
5598,onnx_model_010,measure,28.228656103104488,28.229260037187487,28.240364274941385,11.104237753897905,True,
5599,onnx_model_098,measure,28.232339154680815,28.232782272156328,28.243718049954623,10.935777798295021,True,
5600,onnx_model_061,measure,28.235487597113774,28.236760864965618,28.247831598855555,11.0707338899374,True,
5601,onnx_model_043,measure,28.235870879167948,28.23694978374988,28.247940816916525,10.991033166646957,True,
5602,onnx_model_015,measure,28.238258835142354,28.239487037062645,28.250441169831902,10.95413276925683,True,
5603,onnx_model_039,measure,28.248827953487616,28.249180893879384,28.26098292786628,11.802033986896276,True,
5604,onnx_model_007,measure,28.256441002478784,28.25666943890974,28.267769108060747,11.09966915100813,True,
5605,onnx_model_026,measure,28.25947416055842,28.260127761866897,28.271615779958665,11.488018091768026,True,
5606,onnx_model_017,measure,28.259791946239538,28.260310539975762,28.272160285152495,11.84974517673254,True,
5607,onnx_model_046,measure,28.259946597978914,28.26047497196123,28.272230106871575,11.755134910345078,True,
5608,onnx_model_063,measure,28.260760390342995,28.261117013171315,28.27236362081021,11.246607638895512,True,
5609,onnx_model_060,measure,28.27091530834139,28.27172680106014,28.28276827884838,11.041477788239717,True,
5610,onnx_model_045,measure,28.273365373270316,28.273583659902215,28.284495040774345,10.911380872130394,True,
5611,onnx_model_022,measure,28.27952731432367,28.28001875197515,28.29095454979688,10.935797821730375,True,
5612,onnx_model_041,measure,28.283212455326602,28.283987827133387,28.29499824717641,11.01042004302144,True,
5613,onnx_model_020,measure,28.293520098030545,28.294190641026944,28.305279850028455,11.089209001511335,True,
5614,onnx_model_028,measure,28.298647905126558,28.299222085159272,28.31043857615441,11.216490995138884,True,
5615,onnx_model_003,measure,28.298932460412082,28.299397117923945,28.310547342989594,11.150225065648556,True,
5616,onnx_model_027,measure,28.30851258272164,28.309499450959265,28.32055087806657,11.051427107304335,True,
5617,onnx_model_036,measure,28.3220934355383,28.32270794874057,28.333706344943494,10.998396202921867,True,
5618,onnx_model_063,measure,28.324140334373922,28.325054720044136,28.336015965789557,10.961245745420456,True,
5619,onnx_model_033,measure,28.327575614519834,28.32851018803194,28.340097243897617,11.587055865675211,True,
5620,onnx_model_030,measure,28.329503864867707,28.329941297881305,28.34090589080006,10.964592918753624,True,
5621,onnx_model_099,measure,28.32988823911857,28.330310340039432,28.341434124857187,11.123784817755222,True,
5622,onnx_model_051,measure,28.338428172815544,28.339259651023895,28.350845173932612,11.585522908717394,True,
5623,onnx_model_051,measure,28.33870269360812,28.339461925905198,28.350882433820516,11.420507915318012,True,
5624,onnx_model_069,measure,28.339131567431643,28.339606821071357,28.350700297858566,11.09347678720951,True,
5625,onnx_model_048,measure,28.340858895420293,28.341047590132803,28.352042519953102,10.994929820299149,True,
5626,onnx_model_052,measure,28.34225369848635,28.34265766106546,28.35371484886855,11.057187803089619,True,
5627,onnx_model_060,measure,28.342387849042982,28.34281769488007,28.35376970283687,10.952007956802845,True,
5628,onnx_model_010,measure,28.347189690499306,28.348316095769405,28.359246362932026,10.930267162621021,True,
5629,onnx_model_012,measure,28.35959023086475,28.36048346478492,28.37159308278933,11.109618004411459,True,
5630,onnx_model_009,measure,28.361161921885653,28.361922489944845,28.373181282076985,11.258792132139206,True,
5631,onnx_model_083,measure,28.364854389538568,28.36536461301148,28.37616869993508,10.804086923599243,True,
5632,onnx_model_052,measure,28.365929372117517,28.366788018960506,28.377693778835237,10.905759874731302,True,
5633,onnx_model_006,measure,28.37059975149274,28.371208631899208,28.382240191102028,11.031559202820063,True,
5634,onnx_model_019,measure,28.372157463345655,28.37283864011988,28.383839450776577,11.000810656696558,True,
5635,onnx_model_087,measure,28.377529981940253,28.377786935772747,28.38875065697357,10.963721200823784,True,
5636,onnx_model_019,measure,28.379731432199755,28.380218057893217,28.383951503783464,3.733445890247822,True,
5637,onnx_model_015,measure,28.381489681103723,28.3823501910083,28.393225722946227,10.875531937927008,True,
5638,onnx_model_037,measure,28.384628281923916,28.385164309758693,28.39615520182997,10.990892071276903,True,
5639,onnx_model_079,measure,28.385294483512055,28.38552782079205,28.39639786304906,10.870042257010937,True,
5640,onnx_model_013,measure,28.38665160936067,28.38694070605561,28.397791992872953,10.851286817342043,True,
5641,onnx_model_002,measure,28.393021179451672,28.39331866009161,28.404265437740833,10.946777649223804,True,
5642,onnx_model_051,measure,28.402800073824565,28.403050248045474,28.414016644004732,10.96639595925808,True,
5643,onnx_model_047,measure,28.407080196208227,28.407491030171514,28.418289576191455,10.798546019941568,True,
5644,onnx_model_052,measure,28.409802476960177,28.410923404153436,28.421788226813078,10.864822659641504,True,
5645,onnx_model_011,measure,28.411705691716183,28.412361558061093,28.42321311496198,10.851556900888681,True,
5646,onnx_model_042,measure,28.42660392421317,28.4274456910789,28.43844205280766,10.99636172875762,True,
5647,onnx_model_028,measure,28.429033006888766,28.4298995048739,28.441218440886587,11.318936012685299,True,
5648,onnx_model_019,measure,28.429125025040964,28.430090919137,28.441060861106962,10.969941969960928,True,
5649,onnx_model_051,measure,28.430649994233598,28.43164737801999,28.442772936075926,11.12555805593729,True,
5650,onnx_model_028,measure,28.43082184655679,28.431805809028447,28.441276921890676,9.471112862229347,True,
5651,onnx_model_001,measure,28.43405750988348,28.434433883987367,28.44527315814048,10.839274153113365,True,
5652,onnx_model_086,measure,28.439204035501618,28.439664747100323,28.450629719998688,10.964972898364067,True,
5653,onnx_model_085,measure,28.446038535521396,28.446482015773654,28.457364541944116,10.88252617046237,True,
5654,onnx_model_037,measure,28.450397256079466,28.450724360067397,28.461744587868452,11.020227801054716,True,
5655,onnx_model_092,measure,28.4574351603038,28.458572718780488,28.469600490760058,11.027771979570389,True,
5656,onnx_model_052,measure,28.464458262009305,28.464968105778098,28.475889806170017,10.92170039191842,True,
5657,onnx_model_091,measure,28.46625332707448,28.467443962115794,28.478596470784396,11.152508668601513,True,
5658,onnx_model_053,measure,28.466493123924565,28.4676059698686,28.478739764075726,11.133794207125902,True,
5659,onnx_model_018,measure,28.471036838268184,28.471825811080635,28.482769694179296,10.9438830986619,True,
5660,onnx_model_095,measure,28.47185714850227,28.47218562476337,28.483076467178762,10.890842415392399,True,
5661,onnx_model_063,measure,28.475587090278346,28.47598708095029,28.48692335980013,10.936278849840164,True,
5662,onnx_model_056,measure,28.47962602567206,28.47995855100453,28.49084446299821,10.885911993682384,True,
5663,onnx_model_030,measure,28.48302647544903,28.483220341149718,28.494033304974437,10.81296382471919,True,
5664,onnx_model_069,measure,28.489865423943687,28.490144922863692,28.50121423508972,11.06931222602725,True,
5665,onnx_model_003,measure,28.4972741883067,28.49825841607526,28.509243867825717,10.985451750457287,True,
5666,onnx_model_072,measure,28.4973435215535,28.498439950868487,28.50940219918266,10.96224831417203,True,
5667,onnx_model_015,measure,28.505050515455313,28.505461156833917,28.51629417994991,10.833023115992546,True,
5668,onnx_model_047,measure,28.51016736317709,28.510619041975588,28.521590266842395,10.97122486680746,True,
5669,onnx_model_085,measure,28.517350256670632,28.518516313750297,28.529512476176023,10.996162425726652,True,
5670,onnx_model_097,measure,28.51863885210654,28.518883632030338,28.529863121919334,10.979489888995886,True,
5671,onnx_model_024,measure,28.527013891371904,28.527814228087664,28.538846659008414,11.032430920749903,True,
5672,onnx_model_036,measure,28.537207399369994,28.53808118402958,28.54901474714279,10.933563113212585,True,
5673,onnx_model_050,measure,28.538350787245786,28.538943413179368,28.550106943119317,11.163529939949512,True,
5674,onnx_model_007,measure,28.538446480548554,28.53910377714783,28.550218074116856,11.114296969026327,True,
5675,onnx_model_057,measure,28.547709651783116,28.549111670814455,28.560273588169366,11.161917354911566,True,
5676,onnx_model_018,measure,28.556078842879128,28.556452734861523,28.56760270986706,11.149975005537271,True,
5677,onnx_model_040,measure,28.558941658835625,28.559896882157773,28.570792423095554,10.895540937781334,True,
5678,onnx_model_068,measure,28.562742256694424,28.563518506940454,28.574501072987914,10.98256604745984,True,
5679,onnx_model_013,measure,28.56400345117169,28.56495957588777,28.575950067024678,10.990491136908531,True,
5680,onnx_model_031,measure,28.564659792238,28.565129588823766,28.57608377095312,10.954182129353285,True,
5681,onnx_model_072,measure,28.565176402242997,28.56558087700978,28.576505463104695,10.924586094915867,True,
5682,onnx_model_010,measure,28.566082867080738,28.567009643185884,28.577989473938942,10.979830753058195,True,
5683,onnx_model_084,measure,28.576285192861043,28.576600803993642,28.58758251881227,10.981714818626642,True,
5684,onnx_model_082,measure,28.581195524651278,28.582212802022696,28.593199274968356,10.986472945660353,True,
5685,onnx_model_008,measure,28.584580865307228,28.58567594503984,28.596766986884177,11.091041844338179,True,
5686,onnx_model_069,measure,28.58510447076441,28.585839826148003,28.596878959797323,11.03913364931941,True,
5687,onnx_model_085,measure,28.589123788575247,28.589807096868753,28.60096020810306,11.15311123430729,True,
5688,onnx_model_059,measure,28.590131311788333,28.591272273100913,28.602258516009897,10.986242908984423,True,
5689,onnx_model_003,measure,28.593123955398603,28.593394125811756,28.60424874909222,10.854623280465603,True,
5690,onnx_model_059,measure,28.595396995409565,28.595850825775415,28.60240204911679,6.551223341375589,True,
5691,onnx_model_094,measure,28.598318649197196,28.599100201856345,28.61007123719901,10.971035342663527,True,
5692,onnx_model_091,measure,28.600093100786697,28.600581557955593,28.611516083125025,10.934525169432163,True,
5693,onnx_model_064,measure,28.614359356998342,28.61473516188562,28.625688773114234,10.953611228615046,True,
5694,onnx_model_068,measure,28.61804306232154,28.619179440196604,28.630148029886186,10.968589689582586,True,
5695,onnx_model_051,measure,28.631043663236554,28.631376205012202,28.642342390026897,10.96618501469493,True,
5696,onnx_model_090,measure,28.632041643639408,28.632809589151293,28.643579692114145,10.770102962851524,True,
5697,onnx_model_002,measure,28.633449213425013,28.634237293154,28.64502955786884,10.792264714837074,True,
5698,onnx_model_056,measure,28.63767915887973,28.638687963131815,28.649393532890826,10.705569759011269,True,
5699,onnx_model_006,measure,28.646262934746886,28.647176639176905,28.658056479878724,10.879840701818466,True,
5700,onnx_model_007,measure,28.65397303597922,28.65455989399925,28.66536502307281,10.805129073560238,True,
5701,onnx_model_061,measure,28.657016694227785,28.65783781511709,28.66862118197605,10.783366858959198,True,
5702,onnx_model_060,measure,28.66006062655116,28.660209953784943,28.670901205856353,10.691252071410418,True,
5703,onnx_model_070,measure,28.672907644163345,28.674057736061513,28.685254369862378,11.19663380086422,True,
5704,onnx_model_009,measure,28.673734541948765,28.674153548199683,28.684967414010316,10.813865810632706,True,
5705,onnx_model_034,measure,28.67415909190146,28.674428410828114,28.685280398931354,10.851988103240728,True,
5706,onnx_model_034,measure,28.67443522503936,28.674635123927146,28.685345913749188,10.710789822041988,True,
5707,onnx_model_074,measure,28.675334774602575,28.67590307397768,28.686564410105348,10.66133612766862,True,
5708,onnx_model_070,measure,28.68446508025246,28.685024682898074,28.69588369410485,10.859011206775904,True,
5709,onnx_model_047,measure,28.68847696971339,28.68883129907772,28.699564640875906,10.733341798186302,True,
5710,onnx_model_022,measure,28.69411190759644,28.69511455204338,28.70593229588121,10.817743837833405,True,
5711,onnx_model_013,measure,28.69777206231458,28.69804733712226,28.708953909110278,10.906571988016367,True,
5712,onnx_model_090,measure,28.699414256335157,28.699631047900766,28.710491402074695,10.8603541739285,True,
5713,onnx_model_004,measure,28.700667158748505,28.70090603083372,28.711744553875178,10.838523041456938,True,
5714,onnx_model_066,measure,28.704205088046532,28.705180697143078,28.71600277815014,10.822081007063389,True,
5715,onnx_model_014,measure,28.710618447181787,28.711834895890206,28.722991853021085,11.156957130879164,True,
5716,onnx_model_047,measure,28.710895977855095,28.711988457944244,28.722899968735874,10.911510791629553,True,
5717,onnx_model_072,measure,28.712577649186354,28.71348138479516,28.724426209926605,10.944825131446123,True,
5718,onnx_model_031,measure,28.714080326802414,28.71490180492401,28.726005761884153,11.103956960141659,True,
5719,onnx_model_099,measure,28.724817248801536,28.725658842828125,28.736610080115497,10.95123728737235,True,
5720,onnx_model_020,measure,28.72704881767599,28.728225310798734,28.739068552851677,10.843242052942514,True,
5721,onnx_model_026,measure,28.7309134154797,28.731657675933093,28.742511297110468,10.853621177375317,True,
5722,onnx_model_035,measure,28.74310992430122,28.74374314909801,28.754679827950895,10.936678852885962,True,
5723,onnx_model_049,measure,28.74540939242668,28.746177475899458,28.756999818142503,10.822342243045568,True,
5724,onnx_model_051,measure,28.75471818151125,28.755895448848605,28.76672147680074,10.82602795213461,True,
5725,onnx_model_063,measure,28.7574126959406,28.758232281077653,28.769057226832956,10.824945755302906,True,
5726,onnx_model_005,measure,28.758388564242775,28.758621309883893,28.769512191880494,10.89088199660182,True,
5727,onnx_model_002,measure,28.75879071196373,28.758911972865462,28.769631628878415,10.719656012952328,True,
5728,onnx_model_088,measure,28.76075924610063,28.761244656983763,28.77221908699721,10.974430013448,True,
5729,onnx_model_045,measure,28.7621812866402,28.762676077894866,28.77381318807602,11.13711018115282,True,
5730,onnx_model_042,measure,28.766577869256643,28.766849521081895,28.77771832095459,10.8687998726964,True,
5731,onnx_model_090,measure,28.77116665851831,28.7718464192003,28.78282467694953,10.97825774922967,True,
5732,onnx_model_039,measure,28.772278211087933,28.773445268161595,28.784296004101634,10.850735940039158,True,
5733,onnx_model_061,measure,28.777472342011528,28.777809984982014,28.78867714200169,10.867157019674778,True,
5734,onnx_model_098,measure,28.779242353843777,28.78024049475789,28.791094206739217,10.853711981326342,True,
5735,onnx_model_099,measure,28.786819160537632,28.78754606191069,28.798549538012594,11.003476101905107,True,
5736,onnx_model_048,measure,28.793569697259134,28.794344555120915,28.805244443938136,10.899888817220926,True,
5737,onnx_model_020,measure,28.79829580011276,28.79864284582436,28.80953078204766,10.887936223298311,True,
5738,onnx_model_050,measure,28.807252531280984,28.808474394027144,28.81943635083735,10.961956810206175,True,
5739,onnx_model_071,measure,28.810882703505794,28.81174976984039,28.82278037816286,11.03060832247138,True,
5740,onnx_model_081,measure,28.821030665033152,28.821654156781733,28.832748886197805,11.094729416072369,True,
5741,onnx_model_037,measure,28.821852218549765,28.822007447946817,28.83311406103894,11.106613092124462,True,
5742,onnx_model_069,measure,28.82487180022713,28.82600500714034,28.83705583307892,11.05082593858242,True,
5743,onnx_model_068,measure,28.825831671139095,28.826162836980075,28.83715412998572,10.991293005645275,True,
5744,onnx_model_013,measure,28.83832857548432,28.839393796864897,28.850405268836766,11.011471971869469,True,
5745,onnx_model_093,measure,28.839372594648253,28.839747650083154,28.850759421940893,11.011771857738495,True,
5746,onnx_model_081,measure,28.83998118502177,28.841166827827692,28.85204736981541,10.880541987717152,True,
5747,onnx_model_042,measure,28.852322559528986,28.853279722854495,28.86437213793397,11.09241507947445,True,
5748,onnx_model_063,measure,28.85683909234434,28.857729590963572,28.868734159041196,11.004568077623844,True,
5749,onnx_model_039,measure,28.862274376097776,28.86315417289734,28.874082676135004,10.9285032376647,True,
5750,onnx_model_079,measure,28.869670895141738,28.869954579044133,28.881246434058994,11.29185501486063,True,
5751,onnx_model_032,measure,28.86967906038072,28.870112399104983,28.881127506960183,11.015107855200768,True,
5752,onnx_model_062,measure,28.876849302351726,28.877312215045094,28.888373320922256,11.061105877161026,True,
5753,onnx_model_085,measure,28.877641538249,28.878780766855925,28.89016413502395,11.383368168026209,True,
5754,onnx_model_065,measure,28.877653830151754,28.878947203047574,28.890204370953143,11.257167905569077,True,
5755,onnx_model_066,measure,28.87822875194439,28.8790910160169,28.89040863001719,11.317614000290632,True,
5756,onnx_model_014,measure,28.883277376628456,28.884497683960944,28.895532989874482,11.03530591353774,True,
5757,onnx_model_009,measure,28.894443215425824,28.89562960388139,28.906711638905108,11.082035023719072,True,
5758,onnx_model_041,measure,28.909189958199505,28.90994021575898,28.92108048312366,11.140267364680767,True,
5759,onnx_model_090,measure,28.909713430182585,28.910102183930576,28.92119021108374,11.088027153164148,True,
5760,onnx_model_000,measure,28.913763924147798,28.914640159811825,28.925705634057522,11.06547424569726,True,
5761,onnx_model_038,measure,28.92152817746512,28.92244451493025,28.933406131807715,10.96161687746644,True,
5762,onnx_model_018,measure,28.929295204555082,28.929929063189775,28.940946435090154,11.017371900379658,True,
5763,onnx_model_037,measure,28.941237226982995,28.94216303806752,28.9532563239336,11.093285866081715,True,
5764,onnx_model_009,measure,28.947086935828665,28.94761652406305,28.958593499846756,10.976975783705711,True,
5765,onnx_model_040,measure,28.952937827469537,28.953370180912316,28.964177623856813,10.80744294449687,True,
5766,onnx_model_039,measure,28.956813525438037,28.957812835928053,28.968894029967487,11.081194039434195,True,
5767,onnx_model_057,measure,28.965059475725578,28.965406630188227,28.976345133036375,10.938502848148346,True,
5768,onnx_model_015,measure,28.967646020816773,28.968991323839873,28.97983433585614,10.843012016266584,True,
5769,onnx_model_067,measure,28.969869954134776,28.97043926687911,28.981427874881774,10.988608002662659,True,
5770,onnx_model_019,measure,28.977409587505257,28.978575773071498,28.989760424010456,11.18465093895793,True,
5771,onnx_model_013,measure,28.978248272994108,28.978739785030484,28.98981809290126,11.078307870775461,True,
5772,onnx_model_035,measure,28.979044698590513,28.979932642076164,28.990944514982402,11.01187290623784,True,
5773,onnx_model_052,measure,28.991667455158645,28.992161768022925,29.00312199210748,10.960224084556103,True,
5774,onnx_model_076,measure,29.00646728515098,29.00736038899049,29.018494022078812,11.133633088320494,True,
5775,onnx_model_000,measure,29.013533082710687,29.01387126510963,29.024947389028966,11.076123919337988,True,
5776,onnx_model_054,measure,29.0210933723644,29.021796891000122,29.03318773303181,11.390842031687498,True,
5777,onnx_model_043,measure,29.022902725505432,29.0233533391729,29.03505101474002,11.697675567120314,True,
5778,onnx_model_088,measure,29.02546048937142,29.02618113392964,29.037239925935864,11.058792006224394,True,
5779,onnx_model_026,measure,29.03148951502431,29.03265793574974,29.04382594488561,11.168009135872126,True,
5780,onnx_model_086,measure,29.03330354119359,29.034490789752454,29.04593451274559,11.443722993135452,True,
5781,onnx_model_089,measure,29.03426342662361,29.034659299999475,29.04582255007699,11.16325007751584,True,
5782,onnx_model_077,measure,29.03573103259759,29.03628269582987,29.047217541839927,10.934846010059118,True,
5783,onnx_model_050,measure,29.038310984051495,29.0394768579863,29.05044637899846,10.969521012157202,True,
5784,onnx_model_057,measure,29.04017485296762,29.040917105972767,29.051788941025734,10.871835052967072,True,
5785,onnx_model_078,measure,29.044214203617784,29.045047948136926,29.055953667964786,10.905719827860594,True,
5786,onnx_model_026,measure,29.05009890414922,29.050540869124234,29.06209946004674,11.558590922504663,True,
5787,onnx_model_000,measure,29.050252548837772,29.05070448992774,29.062054534908384,11.35004498064518,True,
5788,onnx_model_027,measure,29.058471664042376,29.05919067095965,29.07018834585324,10.997674893587828,True,
5789,onnx_model_083,measure,29.060967127297534,29.061663391068578,29.072609678842127,10.946287773549557,True,
5790,onnx_model_031,measure,29.063768545085086,29.06432144390419,29.07520016282797,10.878718923777342,True,
5791,onnx_model_047,measure,29.0817473076444,29.082458239980042,29.093596120830625,11.137880850583315,True,
5792,onnx_model_002,measure,29.081748638094638,29.082622452173382,29.093742289114743,11.119836941361427,True,
5793,onnx_model_060,measure,29.08257321367141,29.083054683171213,29.094009567052126,10.954883880913258,True,
5794,onnx_model_087,measure,29.086297929100464,29.086523347068578,29.0975682111457,11.04486407712102,True,
5795,onnx_model_092,measure,29.09036043715284,29.0909707499668,29.101930003147572,10.959253180772066,True,
5796,onnx_model_025,measure,29.09161118280047,29.092427459079772,29.103272183798254,10.844724718481302,True,
5797,onnx_model_048,measure,29.094500057546316,29.095241558738053,29.1063024639152,11.060905177146196,True,
5798,onnx_model_013,measure,29.108456938815394,29.109524428844452,29.120508547872305,10.984119027853012,True,
5799,onnx_model_027,measure,29.111547097867927,29.11197207076475,29.12311059376225,11.138522997498512,True,
5800,onnx_model_094,measure,29.113528068143573,29.11443878011778,29.12528702104464,10.848240926861763,True,
5801,onnx_model_087,measure,29.115134347658973,29.115867585875094,29.126816427800804,10.94884192571044,True,
5802,onnx_model_062,measure,29.11628117844874,29.117313004098833,29.128148790914565,10.835786815732718,True,
5803,onnx_model_080,measure,29.121810224706696,29.12273369776085,29.133708640001714,10.974942240864038,True,
5804,onnx_model_058,measure,29.12394000805284,29.12434435915202,29.135316204745322,10.971845593303442,True,
5805,onnx_model_016,measure,29.131861477061516,29.132387187797576,29.143236600793898,10.849412996321917,True,
5806,onnx_model_044,measure,29.134472949518738,29.13493005093187,29.14578536618501,10.855315253138542,True,
5807,onnx_model_020,measure,29.136534701343013,29.137555722147226,29.14840317191556,10.847449768334627,True,
5808,onnx_model_005,measure,29.137650689463854,29.137916607782245,29.14878455689177,10.867949109524488,True,
5809,onnx_model_046,measure,29.15970630009181,29.160012449137866,29.170976550783962,10.964101646095514,True,
5810,onnx_model_033,measure,29.16158358446042,29.1624853098765,29.17346649384126,10.981183964759111,True,
5811,onnx_model_083,measure,29.163313974834086,29.163948500994593,29.174755033105612,10.806532111018896,True,
5812,onnx_model_056,measure,29.178248253016452,29.178974504116923,29.18979660514742,10.822101030498743,True,
5813,onnx_model_079,measure,29.1869862590008,29.187362527940422,29.198122391011566,10.759863071143627,True,
5814,onnx_model_004,measure,29.190929805844668,29.191960928961635,29.202666108030826,10.705179069191217,True,
5815,onnx_model_024,measure,29.20835314673381,29.208866994827986,29.219828592147678,10.961597319692373,True,
5816,onnx_model_071,measure,29.210670642668145,29.21120962779969,29.222068570088595,10.858942288905382,True,
5817,onnx_model_034,measure,29.21926805644424,29.219575120136142,29.230364868883044,10.78974874690175,True,
5818,onnx_model_061,measure,29.2281792886417,29.22928528673947,29.240328007843345,11.04272110387683,True,
5819,onnx_model_063,measure,29.228680624635125,29.229416497051716,29.24037150107324,10.955004021525383,True,
5820,onnx_model_047,measure,29.237477501923593,29.238576028030366,29.249327335041016,10.751307010650635,True,
5821,onnx_model_098,measure,29.241566804789635,29.242573666851968,29.25421199016273,11.638323310762644,True,
5822,onnx_model_094,measure,29.24179956429341,29.242686059791595,29.25416220491752,11.476145125925541,True,
5823,onnx_model_098,measure,29.248195436920813,29.249065326992422,29.254247487057,5.182160064578056,True,
5824,onnx_model_035,measure,29.25238381980718,29.253700157161802,29.264841575175524,11.141418013721704,True,
5825,onnx_model_027,measure,29.25728776094294,29.258586856070906,29.26968922978267,11.102373711764812,True,
5826,onnx_model_075,measure,29.27001602657787,29.270986726041883,29.281980995088816,10.994269046932459,True,
5827,onnx_model_031,measure,29.271212159970986,29.271409790031612,29.282578950747848,11.169160716235638,True,
5828,onnx_model_026,measure,29.27125859636171,29.271583660971373,29.28263351507485,11.049854103475809,True,
5829,onnx_model_001,measure,29.272071697261616,29.273170326836407,29.284208719152957,11.038392316550016,True,
5830,onnx_model_067,measure,29.274682781460413,29.275677463039756,29.286888172850013,11.210709810256958,True,
5831,onnx_model_085,measure,29.274869633252266,29.27584661403671,29.287005935795605,11.159321758896112,True,
5832,onnx_model_099,measure,29.287796772896577,29.28823106503114,29.299558145925403,11.327080894261599,True,
5833,onnx_model_021,measure,29.294593860723342,29.29571455018595,29.306783550884575,11.069000698626041,True,
5834,onnx_model_092,measure,29.298714541854896,29.299163545947522,29.310172602999955,11.00905705243349,True,
5835,onnx_model_075,measure,29.304335355477672,29.30478748679161,29.315720479004085,10.932992212474346,True,
5836,onnx_model_007,measure,29.311974018496688,29.312430235091597,29.32357834512368,11.148110032081604,True,
5837,onnx_model_028,measure,29.312260142530555,29.312598965130746,29.32369298301637,11.094017885625362,True,
5838,onnx_model_031,measure,29.318843427895864,29.31995746307075,29.330899321939796,10.941858869045973,True,
5839,onnx_model_042,measure,29.32590109169813,29.32691235281527,29.337844213005155,10.931860189884901,True,
5840,onnx_model_018,measure,29.326947830853335,29.32727027311921,29.338213694747537,10.943421628326178,True,
5841,onnx_model_013,measure,29.339562260279255,29.340447641909122,29.351470936089754,11.023294180631638,True,
5842,onnx_model_015,measure,29.349529682586365,29.35096146678552,29.3618455757387,10.884108953177929,True,
5843,onnx_model_043,measure,29.356200703958834,29.356771862134337,29.367806947790086,11.035085655748844,True,
5844,onnx_model_012,measure,29.358738187208466,29.359315357171,29.370291932020336,10.97657484933734,True,
5845,onnx_model_031,measure,29.36299067996194,29.364084613043815,29.37513476703316,11.050153989344835,True,
5846,onnx_model_073,measure,29.370985999633785,29.371497252956033,29.382467015180737,10.969762224704027,True,
5847,onnx_model_033,measure,29.379549968417365,29.38038126984611,29.391298001166433,10.91673132032156,True,
5848,onnx_model_022,measure,29.384904705589683,29.38569228583947,29.396785993129015,11.093707289546728,True,
5849,onnx_model_071,measure,29.398574096733377,29.39909103512764,29.41001956909895,10.928533971309662,True,
5850,onnx_model_059,measure,29.3995109842988,29.400590885896236,29.411482830066234,10.891944169998169,True,
5851,onnx_model_007,measure,29.409305557448352,29.410121211782098,29.42090300610289,10.78179432079196,True,
5852,onnx_model_037,measure,29.411345213526648,29.411621152888983,29.4224939099513,10.87275706231594,True,
5853,onnx_model_015,measure,29.414830361522654,29.415075439028442,29.425793481990695,10.718042962253094,True,
5854,onnx_model_037,measure,29.415672730047536,29.416493725031614,29.422536180820316,6.042455788701773,True,
5855,onnx_model_005,measure,29.41670380665511,29.416882744058967,29.427655512001365,10.772767942398787,True,
5856,onnx_model_073,measure,29.426088739762825,29.427014674060047,29.437838648911566,10.82397485151887,True,
5857,onnx_model_053,measure,29.43849240875512,29.4390586479567,29.450045541860163,10.986893903464079,True,
5858,onnx_model_002,measure,29.43987317578918,29.440494507085532,29.45125499088317,10.760483797639608,True,
5859,onnx_model_029,measure,29.44125493009032,29.44195214798674,29.452668678946793,10.716530960053205,True,
5860,onnx_model_067,measure,29.4475864376393,29.448423168156296,29.4591819900088,10.758821852505207,True,
5861,onnx_model_035,measure,29.453388824613487,29.45388830685988,29.46461865399033,10.730347130447626,True,
5862,onnx_model_020,measure,29.454430467970944,29.455340466927737,29.46609171386808,10.751246940344572,True,
5863,onnx_model_084,measure,29.46030641776908,29.461420875042677,29.472222617827356,10.801742784678936,True,
5864,onnx_model_062,measure,29.466219759953066,29.467308886814862,29.478202815167606,10.893928352743387,True,
5865,onnx_model_034,measure,29.46802630184372,29.468761899042875,29.479580514132977,10.818615090101957,True,
5866,onnx_model_016,measure,29.477479663265886,29.478297275025398,29.489158550743014,10.861275717616081,True,
5867,onnx_model_025,measure,29.47853193551621,29.479674212168902,29.49047309998423,10.798887815326452,True,
5868,onnx_model_079,measure,29.480189388211237,29.481109410058707,29.49185762088746,10.748210828751326,True,
5869,onnx_model_089,measure,29.484198650912194,29.484554299153388,29.495380968786776,10.82666963338852,True,
5870,onnx_model_042,measure,29.492208967538403,29.49307463504374,29.504002125933766,10.927490890026093,True,
5871,onnx_model_009,measure,29.5000083387274,29.50061418581754,29.511571834795177,10.957648977637291,True,
5872,onnx_model_038,measure,29.500688664304594,29.50096646603197,29.511769911739975,10.80344570800662,True,
5873,onnx_model_060,measure,29.504319051069103,29.50526659982279,29.51628829119727,11.021691374480724,True,
5874,onnx_model_068,measure,29.509958524440904,29.51072462508455,29.52213835110888,11.413726024329662,True,
5875,onnx_model_099,measure,29.514353484526538,29.514992476906627,29.52602725289762,11.034775990992785,True,
5876,onnx_model_088,measure,29.520567851648178,29.521518231835216,29.53262345213443,11.105220299214125,True,
5877,onnx_model_075,measure,29.520766990740256,29.521703694947064,29.532752766739577,11.049071792513132,True,
5878,onnx_model_008,measure,29.522043062591024,29.522281683050096,29.533170140814036,10.888457763940096,True,
5879,onnx_model_055,measure,29.523641887408555,29.52476507378742,29.535815198905766,11.050125118345022,True,
5880,onnx_model_055,measure,29.527682367024415,29.528251710813493,29.535855756141245,7.604045327752829,True,
5881,onnx_model_027,measure,29.529051532768793,29.529710413888097,29.540526143740863,10.815729852765799,True,
5882,onnx_model_060,measure,29.529811126472865,29.530071461107582,29.540720963850617,10.649502743035555,True,
5883,onnx_model_026,measure,29.530213947783928,29.53044814709574,29.541126574855298,10.678427759557962,True,
5884,onnx_model_078,measure,29.531577949764607,29.531882913783193,29.54302236903459,11.139455251395702,True,
5885,onnx_model_036,measure,29.537298325979357,29.538102125748992,29.549111913889647,11.009788140654564,True,
5886,onnx_model_000,measure,29.550540368866596,29.551367902196944,29.56228853110224,10.920628905296326,True,
5887,onnx_model_024,measure,29.55293362969177,29.553827236872166,29.56472490215674,10.897665284574032,True,
5888,onnx_model_061,measure,29.557698099496438,29.55827024206519,29.569113683886826,10.84344182163477,True,
5889,onnx_model_024,measure,29.56654105359006,29.566947967745364,29.577968225814402,11.020258069038391,True,
5890,onnx_model_000,measure,29.568041961996418,29.56839986797422,29.57920492719859,10.805059224367142,True,
5891,onnx_model_053,measure,29.56970326661883,29.57034651795402,29.581297563854605,10.951045900583267,True,
5892,onnx_model_040,measure,29.572221776381756,29.572796173859388,29.58366391202435,10.867738164961338,True,
5893,onnx_model_076,measure,29.57757464778712,29.578072594013065,29.588911578059196,10.838984046131372,True,
5894,onnx_model_037,measure,29.580063876400075,29.580451316200197,29.59165987186134,11.208555661141872,True,
5895,onnx_model_099,measure,29.588990229795527,29.5901669440791,29.601590699050575,11.423754971474409,True,
5896,onnx_model_079,measure,29.589148284124146,29.590347838122398,29.601741544902325,11.393706779927015,True,
5897,onnx_model_012,measure,29.589966047259512,29.59050119901076,29.601779096759856,11.277897749096155,True,
5898,onnx_model_011,measure,29.590012884723475,29.590645884163678,29.601964158937335,11.318274773657322,True,
5899,onnx_model_029,measure,29.59085355951618,29.591255181934685,29.602096220012754,10.841038078069687,True,
5900,onnx_model_015,measure,29.597320573217992,29.59788778005168,29.60879767779261,10.909897740930319,True,
5901,onnx_model_082,measure,29.60502845535673,29.605318584945053,29.616301281843334,10.982696898281574,True,
5902,onnx_model_095,measure,29.6062016792124,29.606782778166234,29.617715490050614,10.932711884379387,True,
5903,onnx_model_007,measure,29.61593214033476,29.616410659160465,29.627480652183294,11.069993022829294,True,
5904,onnx_model_083,measure,29.620509272577696,29.62094131205231,29.631961970124394,11.020658072084188,True,
5905,onnx_model_013,measure,29.626295931604997,29.627576573751867,29.638485230039805,10.908656287938356,True,
5906,onnx_model_031,measure,29.63647086072322,29.63719583908096,29.648296791128814,11.100952047854662,True,
5907,onnx_model_003,measure,29.646747224251214,29.64840618800372,29.659435043111444,11.028855107724667,True,
5908,onnx_model_016,measure,29.661924207771794,29.662663649767637,29.673941637855023,11.277988087385893,True,
5909,onnx_model_009,measure,29.662370548250866,29.662826530169696,29.6740619270131,11.235396843403578,True,
5910,onnx_model_094,measure,29.67289499694564,29.673381983768195,29.684578967746347,11.196983978152275,True,
5911,onnx_model_071,measure,29.677636969271898,29.678286056034267,29.689259334933013,10.973278898745775,True,
5912,onnx_model_054,measure,29.690082713101727,29.690522575750947,29.701699872035533,11.177296284586191,True,
5913,onnx_model_091,measure,29.690245308890244,29.690707076806575,29.70184300513938,11.135928332805634,True,
5914,onnx_model_036,measure,29.69302261913273,29.694236536044627,29.70514103397727,10.904497932642698,True,
5915,onnx_model_062,measure,29.706485058669887,29.707417049910873,29.718373546842486,10.956496931612492,True,
5916,onnx_model_034,measure,29.708664119910285,29.709881605114788,29.72096671583131,11.08511071652174,True,
5917,onnx_model_092,measure,29.70952026189527,29.710041819140315,29.721001411788166,10.959592647850513,True,
5918,onnx_model_022,measure,29.710611282515814,29.711593057960272,29.72258486179635,10.991803836077452,True,
5919,onnx_model_013,measure,29.717407109489812,29.717993123922497,29.728781941812485,10.788817889988422,True,
5920,onnx_model_089,measure,29.7226183230233,29.723738594911993,29.734847391955554,11.108797043561935,True,
5921,onnx_model_019,measure,29.722878971089113,29.7238326841034,29.734883098863065,11.050414759665728,True,
5922,onnx_model_031,measure,29.72360438264612,29.723917284980416,29.734737381804734,10.82009682431817,True,
5923,onnx_model_085,measure,29.724793365990543,29.7252800851129,29.736035980749875,10.755895636975765,True,
5924,onnx_model_012,measure,29.727646605568374,29.7285667527467,29.73928581783548,10.719065088778734,True,
5925,onnx_model_082,measure,29.72958931224567,29.729932588990778,29.74064341885969,10.710829868912697,True,
5926,onnx_model_035,measure,29.73622712628896,29.7371862269938,29.74816828314215,10.982056148350239,True,
5927,onnx_model_035,measure,29.736508207536477,29.73728033574298,29.7482420229353,10.961687192320824,True,
5928,onnx_model_063,measure,29.74085327469567,29.741791801992804,29.75246811611578,10.676314122974873,True,
5929,onnx_model_067,measure,29.752963500988578,29.753615998197347,29.76444107480347,10.82507660612464,True,
5930,onnx_model_038,measure,29.757053865276976,29.75789963081479,29.7686780388467,10.778408031910658,True,
5931,onnx_model_042,measure,29.761174376882586,29.762176380027086,29.772907678969204,10.731298942118883,True,
5932,onnx_model_067,measure,29.766395964645266,29.766593446023762,29.77738901693374,10.79557090997696,True,
5933,onnx_model_045,measure,29.770081547480974,29.770829609129578,29.781585574150085,10.755965020507574,True,
5934,onnx_model_059,measure,29.77817392426383,29.778536878991872,29.789460903964937,10.924024973064661,True,
5935,onnx_model_039,measure,29.78619930366759,29.786805716808885,29.797842776868492,11.037060059607029,True,
5936,onnx_model_085,measure,29.78748088678052,29.788168015889823,29.79900353308767,10.835517197847366,True,
5937,onnx_model_046,measure,29.803252601400015,29.804237872827798,29.815315009094775,11.077136266976595,True,
5938,onnx_model_071,measure,29.804228111822376,29.804607516154647,29.815600962843746,10.993446689099073,True,
5939,onnx_model_051,measure,29.80836942287662,29.80903267674148,29.820101908873767,11.069232132285833,True,
5940,onnx_model_068,measure,29.808889386776972,29.809192150831223,29.820250241085887,11.058090254664421,True,
5941,onnx_model_062,measure,29.815932950194647,29.816851088777184,29.827967801131308,11.116712354123592,True,
5942,onnx_model_086,measure,29.820374030219394,29.821478705853224,29.832496728748083,11.018022894859314,True,
5943,onnx_model_070,measure,29.822123279713146,29.82292503491044,29.83385833678767,10.933301877230406,True,
5944,onnx_model_008,measure,29.827415680607494,29.828063822817057,29.83894995599985,10.886133182793856,True,
5945,onnx_model_030,measure,29.838547833730097,29.839041920844465,29.850078098941594,11.036178097128868,True,
5946,onnx_model_056,measure,29.845149148457153,29.845488113816828,29.856552675832063,11.064562015235424,True,
5947,onnx_model_067,measure,29.84804183214145,29.848919176030904,29.859764651861042,10.84547583013773,True,
5948,onnx_model_022,measure,29.850772606419017,29.851298679132015,29.862242601811886,10.94392267987132,True,
5949,onnx_model_013,measure,29.869314416180924,29.870483316946775,29.88279839605093,12.315079104155302,True,
5950,onnx_model_082,measure,29.877511202781807,29.877952293958515,29.88954865699634,11.59636303782463,True,
5951,onnx_model_090,measure,29.888189711329698,29.889103991910815,29.900323969777673,11.219977866858244,True,
5952,onnx_model_042,measure,29.906820586431955,29.90764772100374,29.918840677011758,11.192956008017063,True,
5953,onnx_model_013,measure,29.910175788709857,29.911226954776794,29.92259700782597,11.370053049176931,True,
5954,onnx_model_025,measure,29.92164684875363,29.92217234009877,29.933367621153593,11.19528105482459,True,
5955,onnx_model_055,measure,29.92415024396898,29.924901448190212,29.936126785818487,11.225337628275156,True,
5956,onnx_model_048,measure,29.925857230122173,29.92645367793739,29.937499014195055,11.04533625766635,True,
5957,onnx_model_028,measure,29.92827492458465,29.928999428171664,29.940181563142687,11.182134971022606,True,
5958,onnx_model_013,measure,29.932194880744373,29.932547751814127,29.94345843186602,10.910680051892996,True,
5959,onnx_model_041,measure,29.938585813829018,29.939751476049423,29.95085781812668,11.106342077255249,True,
5960,onnx_model_061,measure,29.943512945306264,29.944682989735156,29.95575723098591,11.074241250753403,True,
5961,onnx_model_099,measure,29.952648978591146,29.953089729882777,29.964382846839726,11.293116956949234,True,
5962,onnx_model_075,measure,29.953511989524596,29.954519708175212,29.965484770946205,10.965062770992517,True,
5963,onnx_model_072,measure,29.963664024117854,29.96398317674175,29.975146466866136,11.163290124386549,True,
5964,onnx_model_002,measure,29.97444318777131,29.97525935107842,29.98641558783129,11.156236752867699,True,
5965,onnx_model_049,measure,29.97512944730931,29.97567986091599,29.986691893078387,11.0120321623981,True,
5966,onnx_model_037,measure,29.98164293661966,29.982128378003836,29.99309993395582,10.971555951982737,True,
5967,onnx_model_004,measure,29.99961678373653,30.000421381089836,30.011627141851932,11.205760762095451,True,
5968,onnx_model_062,measure,30.012910391596662,30.013931621797383,30.025163712911308,11.23209111392498,True,
5969,onnx_model_024,measure,30.01609318731703,30.01651825895533,30.027592869941145,11.074610985815525,True,
5970,onnx_model_043,measure,30.023805676021713,30.025289841927588,30.036365234758705,11.075392831116915,True,
5971,onnx_model_018,measure,30.029672220927203,30.030903292819858,30.04209719086066,11.193898040801287,True,
5972,onnx_model_034,measure,30.03019855441114,30.03109015803784,30.042219744063914,11.129586026072502,True,
5973,onnx_model_035,measure,30.032303482221142,30.03274789918214,30.043749501928687,11.001602746546268,True,
5974,onnx_model_064,measure,30.0437301310704,30.0439263577573,30.055219233967364,11.292876210063696,True,
5975,onnx_model_093,measure,30.05672516675356,30.057528804056346,30.068919505923986,11.390701867640018,True,
5976,onnx_model_074,measure,30.06549260214931,30.06607336597517,30.07739203190431,11.31866592913866,True,
5977,onnx_model_071,measure,30.070805269156725,30.071262459736317,30.082755226176232,11.492766439914703,True,
5978,onnx_model_028,measure,30.071464101953868,30.071719287894666,30.08280757581815,11.08828792348504,True,
5979,onnx_model_047,measure,30.088874108069266,30.09010770218447,30.101244532037526,11.136829853057861,True,
5980,onnx_model_004,measure,30.09014865790962,30.090529905166477,30.101564439944923,11.034534778445959,True,
5981,onnx_model_009,measure,30.09461321794403,30.09507299074903,30.106240719091147,11.167728342115879,True,
5982,onnx_model_051,measure,30.094714527214,30.09526453493163,30.106381125748158,11.116590816527605,True,
5983,onnx_model_070,measure,30.096433205351328,30.09689908195287,30.107810963876545,10.911881923675537,True,
5984,onnx_model_041,measure,30.096905311155037,30.097301887813956,30.10827016690746,10.968279093503952,True,
5985,onnx_model_040,measure,30.10212955235417,30.10283824102953,30.113947527948767,11.109286919236183,True,
5986,onnx_model_066,measure,30.113036479672612,30.113500999752432,30.12447481881827,10.973819065839052,True,
5987,onnx_model_032,measure,30.12860568354373,30.129772719927132,30.1409037290141,11.131009086966515,True,
5988,onnx_model_089,measure,30.137613310544502,30.138320749159902,30.149480701889843,11.159952729940414,True,
5989,onnx_model_005,measure,30.139778404572766,30.141016914043576,30.15223555918783,11.21864514425397,True,
5990,onnx_model_012,measure,30.14007163063667,30.141198278870434,30.152288348879665,11.090070009231567,True,
5991,onnx_model_041,measure,30.141067041842657,30.141682027839124,30.152703939005733,11.021911166608334,True,
5992,onnx_model_053,measure,30.165630533521828,30.16700391098857,30.178301375824958,11.297464836388826,True,
5993,onnx_model_078,measure,30.16677273862285,30.167193992994726,30.17879426293075,11.600269936025143,True,
5994,onnx_model_003,measure,30.167076619742513,30.167701236903667,30.179180648177862,11.479411274194717,True,
5995,onnx_model_095,measure,30.167210855221082,30.167868725024164,30.179408750962466,11.540025938302279,True,
5996,onnx_model_089,measure,30.167371660407486,30.168015704955906,30.179365378804505,11.349673848599195,True,
5997,onnx_model_040,measure,30.167558216159346,30.168152274098247,30.179498001001775,11.345726903527975,True,
5998,onnx_model_030,measure,30.168432301820857,30.168872743844986,30.179817367810756,10.944623965770006,True,
5999,onnx_model_032,measure,30.174972949810115,30.17532375594601,30.186280843801796,10.957087855786085,True,
6000,onnx_model_033,measure,30.177758274602795,30.17843912774697,30.18944920692593,11.010079178959131,True,
6001,onnx_model_066,measure,30.197736440307963,30.199702797923237,30.210963412187994,11.260614264756441,True,
6002,onnx_model_028,measure,30.19941783326695,30.1998928389512,30.211073631886393,11.180792935192585,True,
6003,onnx_model_096,measure,30.202324153130334,30.203438769094646,30.214562222827226,11.123453732579947,True,
6004,onnx_model_093,measure,30.203313353540395,30.203602741006762,30.214680177159607,11.077436152845621,True,
6005,onnx_model_081,measure,30.20415824230671,30.205102420877665,30.216140123084188,11.037702206522226,True,
6006,onnx_model_013,measure,30.207289517894196,30.20755096618086,30.218507301993668,10.956335812807083,True,
6007,onnx_model_027,measure,30.215782242698634,30.2162350830622,30.227191530168056,10.95644710585475,True,
6008,onnx_model_071,measure,30.228452714796404,30.229425637051463,30.240410837810487,10.985200759023428,True,
6009,onnx_model_092,measure,30.233052002260866,30.23386902315542,30.244831732008606,10.962708853185177,True,
6010,onnx_model_004,measure,30.235328164673756,30.236304712947458,30.247285115066916,10.980402119457722,True,
6011,onnx_model_090,measure,30.236600975223514,30.237760168965906,30.248781689908355,11.02152094244957,True,
6012,onnx_model_089,measure,30.24570652333798,30.24604849377647,30.257094470784068,11.045977007597685,True,
6013,onnx_model_087,measure,30.252947630546956,30.254006240982562,30.264882625080645,10.87638409808278,True,
6014,onnx_model_019,measure,30.25638372146179,30.25718792900443,30.26815806189552,10.970132891088724,True,
6015,onnx_model_015,measure,30.25927459381283,30.259589613880962,30.27040279796347,10.813184082508087,True,
6016,onnx_model_021,measure,30.263872449461903,30.264951976947486,30.275752127170563,10.800150223076344,True,
6017,onnx_model_027,measure,30.266577911518862,30.267235206905752,30.278040335979313,10.805129073560238,True,
6018,onnx_model_035,measure,30.284207738793473,30.285236846189946,30.296094895806164,10.858049616217613,True,
6019,onnx_model_034,measure,30.290685658090855,30.29158961214125,30.302395502105355,10.805889964103699,True,
6020,onnx_model_050,measure,30.2915482298452,30.29182732384652,30.302722935099155,10.895611252635717,True,
6021,onnx_model_011,measure,30.291709599703918,30.291928246151656,30.302767109125853,10.838862974196672,True,
6022,onnx_model_023,measure,30.300680459666967,30.301298968028277,30.312367958016694,11.068989988416433,True,
6023,onnx_model_059,measure,30.300738554481697,30.301420519128442,30.31226707715541,10.846558026969433,True,
6024,onnx_model_011,measure,30.30561708778854,30.30593494977802,30.316782970912755,10.848021134734154,True,
6025,onnx_model_004,measure,30.306737378859186,30.3072399511002,30.31812597392127,10.886022821068764,True,
6026,onnx_model_004,measure,30.313024749999823,30.313520559109747,30.318185356911272,4.664797801524401,True,
6027,onnx_model_015,measure,30.319542308743166,30.320412680041045,30.33167222281918,11.259542778134346,True,
6028,onnx_model_027,measure,30.322158482125136,30.322856245096773,30.333810748066753,10.95450296998024,True,
6029,onnx_model_099,measure,30.330206711596944,30.331312309019268,30.342354849912226,11.042540892958641,True,
6030,onnx_model_031,measure,30.33173913804662,30.332894696854055,30.34395412914455,11.059432290494442,True,
6031,onnx_model_053,measure,30.33488095416763,30.336057138163596,30.347296262159944,11.239123996347189,True,
6032,onnx_model_028,measure,30.335546997861094,30.33622155105695,30.347447970882058,11.22641982510686,True,
6033,onnx_model_090,measure,30.34292345423879,30.34357374580577,30.354580629151314,11.006883345544338,True,
6034,onnx_model_053,measure,30.34802188119118,30.34866027487442,30.35955251986161,10.89224498718977,True,
6035,onnx_model_081,measure,30.34876411610578,30.349019798915833,30.36008195579052,11.06215687468648,True,
6036,onnx_model_057,measure,30.359575752851075,30.360174351837486,30.371130948886275,10.956597048789263,True,
6037,onnx_model_069,measure,30.360677763418945,30.361626050900668,30.372629486955702,11.003436055034399,True,
6038,onnx_model_084,measure,30.37357723067787,30.373861949890852,30.38480914896354,10.947199072688818,True,
6039,onnx_model_090,measure,30.381390849609247,30.38229232514277,30.393390321172774,11.097996030002832,True,
6040,onnx_model_028,measure,30.388998194131975,30.39002839010209,30.40098457597196,10.95618586987257,True,
6041,onnx_model_004,measure,30.39246362870339,30.39348549209535,30.404453720897436,10.968228802084923,True,
6042,onnx_model_036,measure,30.399011403808522,30.399919130839407,30.410772792994976,10.8536621555686,True,
6043,onnx_model_040,measure,30.428354785241574,30.430110760964453,30.442170225083828,12.059464119374752,True,
6044,onnx_model_065,measure,30.430068081550424,30.430522663984448,30.442219838965684,11.697174981236458,True,
6045,onnx_model_080,measure,30.43466452654467,30.435043978970498,30.446075888816267,11.031909845769405,True,
6046,onnx_model_046,measure,30.437886116826046,30.438577535096556,30.449891320895404,11.313785798847675,True,
6047,onnx_model_037,measure,30.440254872643596,30.441710299812257,30.453411181923002,11.700882110744715,True,
6048,onnx_model_053,measure,30.44241752056906,30.44351601274684,30.455690243747085,12.174231000244617,True,
6049,onnx_model_024,measure,30.469115600468,30.469994705170393,30.48160894215107,11.614236980676651,True,
6050,onnx_model_077,measure,30.486169340883936,30.486913525033742,30.498031498864293,11.117973830550909,True,
6051,onnx_model_022,measure,30.494504427394862,30.495492883957922,30.50688259396702,11.389710009098053,True,
6052,onnx_model_000,measure,30.499592790699005,30.500351077876985,30.5114272730425,11.076195165514946,True,
6053,onnx_model_093,measure,30.500970733642976,30.501894521992654,30.512935540173203,11.041018180549145,True,
6054,onnx_model_022,measure,30.505449284415608,30.506467865779996,30.517649279907346,11.181414127349854,True,
6055,onnx_model_027,measure,30.51104291608385,30.511539115104824,30.522687647026032,11.148531921207905,True,
6056,onnx_model_050,measure,30.51323505055542,30.514235680922866,30.525321374181658,11.085693258792162,True,
6057,onnx_model_082,measure,30.521488520681654,30.521954514086246,30.534772429149598,12.817915063351393,True,
6058,onnx_model_067,measure,30.52779017835059,30.52858689101413,30.54016104200855,11.574150994420052,True,
6059,onnx_model_043,measure,30.544053897901797,30.544481263961643,30.555891273077577,11.410009115934372,True,
6060,onnx_model_064,measure,30.55456327950399,30.555021950043738,30.566041477024555,11.019526980817318,True,
6061,onnx_model_023,measure,30.55998388466847,30.5612297100015,30.572371329180896,11.141619179397821,True,
6062,onnx_model_051,measure,30.56006776390761,30.5614377357997,30.572508540004492,11.070804204791784,True,
6063,onnx_model_008,measure,30.562324299709363,30.563054769765586,30.57415419816971,11.099428404122591,True,
6064,onnx_model_034,measure,30.56244999542346,30.563243838958442,30.574268816038966,11.024977080523968,True,
6065,onnx_model_086,measure,30.563631365599342,30.564840924926102,30.575825164094567,10.984239168465137,True,
6066,onnx_model_093,measure,30.5661385663569,30.567392414901406,30.578379379119724,10.986964218318462,True,
6067,onnx_model_091,measure,30.570468102979447,30.570862099993974,30.58183015882969,10.968058835715055,True,
6068,onnx_model_049,measure,30.586660611344357,30.587057795841247,30.598215284757316,11.15748891606927,True,
6069,onnx_model_053,measure,30.588479428355697,30.58951904485002,30.60063141817227,11.112373322248459,True,
6070,onnx_model_084,measure,30.594622913568227,30.594965598080307,30.606541311834008,11.575713753700256,True,
6071,onnx_model_017,measure,30.597664398302467,30.598312490154058,30.6092876419425,10.975151788443327,True,
6072,onnx_model_087,measure,30.604905257605534,30.60589441191405,30.617186706978828,11.292295064777136,True,
6073,onnx_model_029,measure,30.605449366956506,30.606063001789153,30.617297356948256,11.23435515910387,True,
6074,onnx_model_097,measure,30.611200402156094,30.611513052135706,30.62312386278063,11.61081064492464,True,
6075,onnx_model_010,measure,30.612499382816008,30.61295456206426,30.623963489197195,11.008927132934332,True,
6076,onnx_model_032,measure,30.620581477593777,30.62155906809494,30.633275920059532,11.716851964592934,True,
6077,onnx_model_050,measure,30.621038993278106,30.621721697039902,30.63343088515103,11.709188111126423,True,
6078,onnx_model_009,measure,30.63523321069331,30.635650013107806,30.647025967016816,11.375953909009695,True,
6079,onnx_model_074,measure,30.639522078238976,30.64009034400806,30.651164173148572,11.073829140514135,True,
6080,onnx_model_072,measure,30.640586093392034,30.64148621680215,30.65245764190331,10.971425101161003,True,
6081,onnx_model_040,measure,30.644570907804013,30.644916326738894,30.655918531119823,11.00220438092947,True,
6082,onnx_model_058,measure,30.653581918545363,30.654675888828933,30.665740109980106,11.064221151173115,True,
6083,onnx_model_000,measure,30.663033755586724,30.664142894092947,30.67508532386273,10.942429769784212,True,
6084,onnx_model_062,measure,30.67322105258935,30.673964974936098,30.685136219952255,11.171245016157627,True,
6085,onnx_model_055,measure,30.681883174373507,30.682318022940308,30.693366134073585,11.048111133277416,True,
6086,onnx_model_020,measure,30.68551633413298,30.686368292197585,30.697280443739146,10.912151541560888,True,
6087,onnx_model_056,measure,30.694559123938273,30.695587786845863,30.706701932940632,11.11414609476924,True,
6088,onnx_model_061,measure,30.720261619445733,30.72108679683879,30.7322297077626,11.142910923808813,True,
6089,onnx_model_024,measure,30.723232104283756,30.723663564771414,30.734764085151255,11.100520379841328,True,
6090,onnx_model_021,measure,30.724331634215392,30.72520048590377,30.736212968826294,11.012482922524214,True,
6091,onnx_model_002,measure,30.731887691822557,30.73235767101869,30.743380453903228,11.022782884538174,True,
6092,onnx_model_000,measure,30.740254909764012,30.741540296003222,30.75288571184501,11.345415841788054,True,
6093,onnx_model_098,measure,30.740943077791677,30.741730006877333,30.753172527067363,11.442520190030336,True,
6094,onnx_model_008,measure,30.74096243104654,30.74188143387437,30.753213715739548,11.332281865179539,True,
6095,onnx_model_034,measure,30.745303733226688,30.745653585065156,30.756710132118315,11.056547053158283,True,
6096,onnx_model_091,measure,30.7536576774586,30.754454834852368,30.76555322110653,11.098386254161596,True,
6097,onnx_model_027,measure,30.758716761903056,30.758939819876105,30.77004763390869,11.107814032584429,True,
6098,onnx_model_069,measure,30.762132562566585,30.762400769162923,30.773400478065014,10.999708902090788,True,
6099,onnx_model_099,measure,30.762541327657054,30.76277762511745,30.77373369084671,10.956065729260445,True,
6100,onnx_model_047,measure,30.76294308015203,30.763131667859852,30.774101090151817,10.969422291964293,True,
6101,onnx_model_028,measure,30.7654658217773,30.765699438750744,30.776723894756287,11.02445600554347,True,
6102,onnx_model_008,measure,30.769403544388993,30.770144558977336,30.781166239175946,11.021680198609829,True,
6103,onnx_model_071,measure,30.777988377529947,30.778945076745003,30.789908366743475,10.963289998471737,True,
6104,onnx_model_081,measure,30.783386435972965,30.784404885955155,30.79516465915367,10.759773198515177,True,
6105,onnx_model_032,measure,30.799953977406282,30.800314377993345,30.81107357889414,10.759200900793076,True,
6106,onnx_model_011,measure,30.80088750414524,30.80160528095439,30.812338432762772,10.73315180838108,True,
6107,onnx_model_072,measure,30.812507447514736,30.81349276797846,30.824801703915,11.308935936540365,True,
6108,onnx_model_084,measure,30.81264530499648,30.81358975218609,30.824853944126517,11.264191940426826,True,
6109,onnx_model_056,measure,30.813297192356146,30.813674472738057,30.824832763988525,11.1582912504673,True,
6110,onnx_model_008,measure,30.82365947499499,30.8240864649415,30.835108146071434,11.021681129932404,True,
6111,onnx_model_052,measure,30.827735980534307,30.828058605082333,30.838951602112502,10.892997030168772,True,
6112,onnx_model_072,measure,30.830368687043066,30.831423772033304,30.842321928124875,10.898156091570854,True,
6113,onnx_model_033,measure,30.842044808453778,30.84239713102579,30.853314683772624,10.91755274683237,True,
6114,onnx_model_069,measure,30.854693401904335,30.855527449864894,30.86662063607946,11.09318621456623,True,
6115,onnx_model_008,measure,30.875107443958886,30.87693858006969,30.888367414008826,11.428833939135075,True,
6116,onnx_model_075,measure,30.88087728318374,30.881514177192003,30.892600460909307,11.086283717304468,True,
6117,onnx_model_029,measure,30.883679886997534,30.88404646096751,30.89552414789796,11.477686930447817,True,
6118,onnx_model_054,measure,30.8877659141372,30.888477753847837,30.899560790974647,11.083037126809359,True,
6119,onnx_model_060,measure,30.88858579834514,30.888864018023014,30.899901338852942,11.037320829927921,True,
6120,onnx_model_077,measure,30.910915739715865,30.912198313046247,30.923601749818772,11.40343677252531,True,
6121,onnx_model_085,measure,30.91415470395111,30.9147543720901,30.925963448826224,11.20907673612237,True,
6122,onnx_model_045,measure,30.919310265588102,30.920298140030354,30.931455868761986,11.157728731632233,True,
6123,onnx_model_074,measure,30.92057859438474,30.921858727000654,30.934307369869202,12.448642868548632,True,
6124,onnx_model_001,measure,30.926635385679134,30.92721402598545,30.938300791196525,11.086765211075544,True,
6125,onnx_model_071,measure,30.928792955583305,30.929721563123167,30.94079895876348,11.077395640313625,True,
6126,onnx_model_093,measure,30.931053996653503,30.93155633006245,30.94261630391702,11.05997385457158,True,
6127,onnx_model_057,measure,30.93866565770495,30.93955019582063,30.950579441152513,11.02924533188343,True,
6128,onnx_model_095,measure,30.944443159362283,30.944839139003307,30.955929019022733,11.089880019426346,True,
6129,onnx_model_049,measure,30.95358608525112,30.95380363892764,30.96496352273971,11.159883812069893,True,
6130,onnx_model_094,measure,30.95470967353504,30.955253975931555,30.96662255609408,11.368580162525177,True,
6131,onnx_model_046,measure,30.955032235185985,30.955436973832548,30.96666794316843,11.230969335883856,True,
6132,onnx_model_057,measure,30.955648460540157,30.95602459087968,30.96698756981641,10.962978936731815,True,
6133,onnx_model_080,measure,30.957802002556225,30.958473104983568,30.969461782835424,10.988677851855755,True,
6134,onnx_model_084,measure,30.958821349275937,30.959905257914215,30.97118362598121,11.278368066996336,True,
6135,onnx_model_011,measure,30.959002268699425,30.96006731595844,30.97122135804966,11.154042091220617,True,
6136,onnx_model_050,measure,30.96377343808887,30.964581847190857,30.975566768087447,10.984920896589756,True,
6137,onnx_model_064,measure,30.965790975204442,30.966187548823655,30.977158343885094,10.970795061439276,True,
6138,onnx_model_022,measure,30.967013119568808,30.968213960994035,30.979151973035187,10.938012041151524,True,
6139,onnx_model_033,measure,30.96827454752274,30.968587691895664,30.979510474950075,10.922783054411411,True,
6140,onnx_model_088,measure,30.99241548744496,30.99376933882013,31.004773767199367,11.004428379237652,True,
6141,onnx_model_019,measure,30.99783619739677,30.998223836068064,31.009184481110424,10.960645042359829,True,
6142,onnx_model_010,measure,31.001409316803045,31.001669805962592,31.012586326804012,10.916520841419697,True,
6143,onnx_model_038,measure,31.002458346223396,31.003104634117335,31.014085276052356,10.980641935020685,True,
6144,onnx_model_035,measure,31.00734928630436,31.00799764506519,31.01893322216347,10.935577098280191,True,
6145,onnx_model_019,measure,31.01258007700778,31.01274798391387,31.023828135803342,11.0801518894732,True,
6146,onnx_model_073,measure,31.02126845545183,31.022168341092765,31.033465875778347,11.297534685581923,True,
6147,onnx_model_050,measure,31.02221701014959,31.02254499681294,31.03398204781115,11.437050998210907,True,
6148,onnx_model_018,measure,31.025673380686705,31.026050640735775,31.036971941124648,10.921300388872623,True,
6149,onnx_model_089,measure,31.028649239122444,31.029488796833903,31.040532608982176,11.043812148272991,True,
6150,onnx_model_029,measure,31.03145299436659,31.03197400085628,31.04308645380661,11.112452950328588,True,
6151,onnx_model_028,measure,31.03177684379733,31.03218162478879,31.04320897674188,11.027351953089237,True,
6152,onnx_model_004,measure,31.032982108367726,31.033577078022063,31.044685704167932,11.108626145869493,True,
6153,onnx_model_072,measure,31.047378569306854,31.047906686086208,31.058970286976546,11.06360089033842,True,
6154,onnx_model_046,measure,31.04858462752259,31.049366982188076,31.060457283165306,11.090300977230072,True,
6155,onnx_model_078,measure,31.072636129061287,31.074682503938675,31.085995717905462,11.313213966786861,True,
6156,onnx_model_054,measure,31.072711402328693,31.074849862139672,31.085865209810436,11.015347670763731,True,
6157,onnx_model_083,measure,31.077287798603905,31.078380492981523,31.089393125846982,11.012632865458727,True,
6158,onnx_model_075,measure,31.083288192422316,31.083822867833078,31.094769946765155,10.947078932076693,True,
6159,onnx_model_083,measure,31.08660734460395,31.087213512975723,31.089520257897675,2.306744921952486,True,
6160,onnx_model_011,measure,31.11111133201596,31.11206681607291,31.12315254798159,11.085731908679008,True,
6161,onnx_model_058,measure,31.112264017202858,31.112495590932667,31.123610788956285,11.115198023617268,True,
6162,onnx_model_037,measure,31.113647358560062,31.113979802001268,31.125000691972673,11.020889971405268,True,
6163,onnx_model_077,measure,31.118974723438868,31.119478984735906,31.130609993822873,11.131009086966515,True,
6164,onnx_model_093,measure,31.12849716095783,31.12927577784285,31.14114976907149,11.87399122864008,True,
6165,onnx_model_076,measure,31.129997266256485,31.130707969889045,31.141781580168754,11.0736102797091,True,
6166,onnx_model_068,measure,31.133242704237002,31.13415244780481,31.145093746017665,10.941298212856054,True,
6167,onnx_model_088,measure,31.148322985752,31.14934726106003,31.160592956934124,11.245695874094963,True,
6168,onnx_model_064,measure,31.150854150862173,31.151801566127688,31.162971147801727,11.169581674039364,True,
6169,onnx_model_017,measure,31.155164515011872,31.156265371013433,31.16761649819091,11.351127177476883,True,
6170,onnx_model_071,measure,31.15639894879143,31.15666407905519,31.16774758696556,11.083507910370827,True,
6171,onnx_model_098,measure,31.15958682075007,31.16009303694591,31.17109343688935,11.000399943441153,True,
6172,onnx_model_065,measure,31.16099225339386,31.16186342202127,31.17311509978026,11.251677758991718,True,
6173,onnx_model_094,measure,31.161588930576283,31.16203156206757,31.173173911869526,11.142349801957607,True,
6174,onnx_model_019,measure,31.166891778688672,31.16719565819949,31.178162804804742,10.96714660525322,True,
6175,onnx_model_067,measure,31.17577920799889,31.176409683190286,31.187392368912697,10.982685722410679,True,
6176,onnx_model_065,measure,31.184301247086992,31.185400051996112,31.19639141485095,10.991362854838371,True,
6177,onnx_model_004,measure,31.188072451778787,31.188615183811635,31.199563335161656,10.948151350021362,True,
6178,onnx_model_039,measure,31.194583619379056,31.195055525749922,31.205992735922337,10.93721017241478,True,
6179,onnx_model_000,measure,31.196923839719844,31.197611013893038,31.208688670769334,11.077656876295805,True,
6180,onnx_model_094,measure,31.203266672081156,31.20378269487992,31.214626708067954,10.844013188034296,True,
6181,onnx_model_034,measure,31.207880962501076,31.2082275939174,31.219263191800565,11.035597883164883,True,
6182,onnx_model_009,measure,31.21520803005178,31.215862947981805,31.227193917147815,11.330969166010618,True,
6183,onnx_model_094,measure,31.21816386975067,31.219374973792583,31.230228735134006,10.853761341422796,True,
6184,onnx_model_049,measure,31.225710210145817,31.22687838692218,31.23780999612063,10.931609198451042,True,
6185,onnx_model_081,measure,31.230973254484024,31.231465465854853,31.24239900894463,10.933543089777231,True,
6186,onnx_model_076,measure,31.233797600647126,31.234914733096957,31.246407559141517,11.492826044559479,True,
6187,onnx_model_060,measure,31.234187779256736,31.235076299868524,31.246454027015716,11.377727147191763,True,
6188,onnx_model_097,measure,31.239578460752387,31.240037551149726,31.251122180838138,11.084629688411951,True,
6189,onnx_model_071,measure,31.24496778472086,31.245627316180617,31.25661359913647,10.986282955855131,True,
6190,onnx_model_097,measure,31.24567700922495,31.246050721034408,31.2512712739408,5.220552906394005,True,
6191,onnx_model_057,measure,31.25021979520869,31.250687574967742,31.261583185754716,10.89561078697443,True,
6192,onnx_model_038,measure,31.25410767520193,31.254511684179306,31.265540898777544,11.029214598238468,True,
6193,onnx_model_007,measure,31.255656246316708,31.255959276109934,31.267136202193797,11.176926083862782,True,
6194,onnx_model_007,measure,31.265945973284623,31.266779923811555,31.27767788991332,10.897966101765633,True,
6195,onnx_model_095,measure,31.27481765409156,31.275380513165146,31.28641270287335,11.032189708203077,True,
6196,onnx_model_034,measure,31.29185736621736,31.29265906708315,31.303721926175058,11.06285909190774,True,
6197,onnx_model_007,measure,31.29683813228856,31.297102031763643,31.308078807778656,10.976776015013456,True,
6198,onnx_model_074,measure,31.303361682763384,31.30381828919053,31.31483553117141,11.017241980880499,True,
6199,onnx_model_037,measure,31.31208284614284,31.312301674857736,31.323384020943195,11.082346085458994,True,
6200,onnx_model_078,measure,31.321290369925713,31.322056177072227,31.33313524676487,11.079069692641497,True,
6201,onnx_model_004,measure,31.322312573375164,31.32350657414645,31.33448238717392,10.975813027471304,True,
6202,onnx_model_091,measure,31.33109590336297,31.33196104504168,31.34294292004779,10.981875006109476,True,
6203,onnx_model_083,measure,31.33130675344834,31.332124875858426,31.343015387188643,10.890511330217123,True,
6204,onnx_model_081,measure,31.338453719982983,31.338660067878664,31.34942533215508,10.76526427641511,True,
6205,onnx_model_033,measure,31.339337469780435,31.339938167948276,31.350621466059238,10.683298110961914,True,
6206,onnx_model_023,measure,31.341128437489473,31.342219383921474,31.352875970769674,10.656586848199368,True,
6207,onnx_model_020,measure,31.342339314617103,31.34245140478015,31.353360952809453,10.90954802930355,True,
6208,onnx_model_080,measure,31.351430213215117,31.351768927183002,31.36251653591171,10.747608728706837,True,
6209,onnx_model_092,measure,31.354751031291034,31.355513704940677,31.366245395038277,10.731690097600222,True,
6210,onnx_model_052,measure,31.35569881475483,31.356791122816503,31.367680832743645,10.889709927141666,True,
6211,onnx_model_074,measure,31.356312001892963,31.35688613401726,31.36764168785885,10.755553841590881,True,
6212,onnx_model_039,measure,31.36396308269944,31.364692011848092,31.37557172216475,10.87971031665802,True,
6213,onnx_model_099,measure,31.36411647795862,31.364785810001194,31.375630173832178,10.844363830983639,True,
6214,onnx_model_070,measure,31.367070653544207,31.367401010822505,31.378163728863,10.762718040496111,True,
6215,onnx_model_009,measure,31.37607829031711,31.3767776847817,31.387625926174223,10.84824139252305,True,
6216,onnx_model_007,measure,31.381760161416796,31.382383971940726,31.393180103972554,10.796132031828165,True,
6217,onnx_model_026,measure,31.39408044886877,31.39438812993467,31.405394682195038,11.006552260369062,True,
6218,onnx_model_083,measure,31.40499692871606,31.4055043598637,31.416493909899145,10.989550035446882,True,
6219,onnx_model_041,measure,31.406301093328352,31.407044307794422,31.418142604175955,11.098296381533146,True,
6220,onnx_model_034,measure,31.41093335539362,31.41157615184784,31.422629632987082,11.053481139242649,True,
6221,onnx_model_035,measure,31.42028252878623,31.421456292737275,31.432520144153386,11.063851416110992,True,
6222,onnx_model_067,measure,31.43523793016532,31.43581901397556,31.446969449985772,11.150436010211706,True,
6223,onnx_model_038,measure,31.43666702799842,31.43736162688583,31.44853138877079,11.169761884957552,True,
6224,onnx_model_099,measure,31.451792318606525,31.452829889953136,31.46394039876759,11.110508814454079,True,
6225,onnx_model_058,measure,31.455339940258938,31.456377644091845,31.467409011907876,11.03136781603098,True,
6226,onnx_model_039,measure,31.46182685235514,31.4629095797427,31.47400580206886,11.096222326159477,True,
6227,onnx_model_067,measure,31.463527677035053,31.464049255941063,31.475177980028093,11.128724087029696,True,
6228,onnx_model_038,measure,31.465195564852728,31.46555393608287,31.476638746913522,11.084810830652714,True,
6229,onnx_model_050,measure,31.49016904891043,31.490940081886947,31.501970970071852,11.030888184905052,True,
6230,onnx_model_005,measure,31.492067085089886,31.492484658025205,31.503636355977505,11.15169795230031,True,
6231,onnx_model_026,measure,31.492802810383747,31.494010117836297,31.505054651759565,11.044533923268318,True,
6232,onnx_model_012,measure,31.50710004480396,31.508371295873076,31.519547800999135,11.176505126059055,True,
6233,onnx_model_095,measure,31.507221200917943,31.50855498481542,31.519703576806933,11.148591991513968,True,
6234,onnx_model_082,measure,31.514604039508587,31.515138790011406,31.52643593493849,11.297144927084446,True,
6235,onnx_model_053,measure,31.518101465896564,31.518690310884267,31.529828844126314,11.138533242046833,True,
6236,onnx_model_066,measure,31.52505425606478,31.52591061592102,31.53735027089715,11.439654976129532,True,
6237,onnx_model_007,measure,31.525502525100183,31.526021035853773,31.537402209825814,11.381173972040415,True,
6238,onnx_model_000,measure,31.52728984051422,31.527707420755178,31.5386801189743,10.972698219120502,True,
6239,onnx_model_017,measure,31.532796657310467,31.53306350298226,31.543981376104057,10.917873121798038,True,
6240,onnx_model_050,measure,31.533168224910618,31.533450938761234,31.544374293182045,10.923354420810938,True,
6241,onnx_model_015,measure,31.5364320103952,31.536813972052187,31.54786653118208,11.05255912989378,True,
6242,onnx_model_062,measure,31.539351998458,31.539915568195283,31.550988355185837,11.07278699055314,True,
6243,onnx_model_056,measure,31.54555146475698,31.546595765743405,31.557633126154542,11.037360411137342,True,
6244,onnx_model_058,measure,31.547362121364948,31.547939168754965,31.5588223868981,10.88321814313531,True,
6245,onnx_model_056,measure,31.54751638772229,31.548037386033684,31.55774491885677,9.707532823085785,True,
6246,onnx_model_019,measure,31.552338993646963,31.55320868594572,31.56416631489992,10.957628954201937,True,
6247,onnx_model_080,measure,31.572003844265243,31.572398061864078,31.58336013974622,10.962077882140875,True,
6248,onnx_model_027,measure,31.572534403682592,31.572761302813888,31.58371584583074,10.954543016850948,True,
6249,onnx_model_027,measure,31.574262133733605,31.575182805769145,31.583769237156957,8.5864313878119,True,
6250,onnx_model_061,measure,31.58388406201253,31.58498620102182,31.59598564915359,10.999448131769896,True,
6251,onnx_model_046,measure,31.584192505524587,31.5851464048028,31.596122439019382,10.976034216582775,True,
6252,onnx_model_037,measure,31.589677304184953,31.590664885006845,31.601494600996375,10.829715989530087,True,
6253,onnx_model_038,measure,31.596619909981193,31.59736390877515,31.608248128090054,10.88421931490302,True,
6254,onnx_model_026,measure,31.609403806478564,31.610479650087655,31.621843210887164,11.363560799509287,True,
6255,onnx_model_029,measure,31.61378981226338,31.614905964117497,31.62619448173791,11.288517620414495,True,
6256,onnx_model_034,measure,31.62018204513609,31.621349953114986,31.632326387800276,10.97643468528986,True,
6257,onnx_model_008,measure,31.625898892972355,31.626285053789616,31.63731428887695,11.02923508733511,True,
6258,onnx_model_030,measure,31.630146874179264,31.630735783837736,31.641745693050325,11.009909212589264,True,
6259,onnx_model_063,measure,31.639010158649793,31.63956230180338,31.650585936848074,11.023635044693947,True,
6260,onnx_model_096,measure,31.640183846593768,31.64098544791341,31.652165819890797,11.180371977388859,True,
6261,onnx_model_044,measure,31.651268890451366,31.651796978898346,31.66291379975155,11.116820853203535,True,
6262,onnx_model_071,measure,31.668465916581003,31.66921320511028,31.680146337021142,10.933131910860538,True,
6263,onnx_model_098,measure,31.68194713301633,31.682460866868496,31.69332497799769,10.864111129194498,True,
6264,onnx_model_036,measure,31.68684331595217,31.687907409854233,31.69884947873652,10.942068882286549,True,
6265,onnx_model_061,measure,31.69395658286445,31.694540358148515,31.705406412947923,10.86605479940772,True,
6266,onnx_model_079,measure,31.69874804671462,31.698940681759268,31.70988317206502,10.942490305751562,True,
6267,onnx_model_075,measure,31.69966903356934,31.7002753787674,31.711322487797588,11.04710903018713,True,
6268,onnx_model_003,measure,31.70749058231682,31.708708269055933,31.719538546167314,10.830277111381292,True,
6269,onnx_model_007,measure,31.70886205968153,31.709106485825032,31.71991020301357,10.80371718853712,True,
6270,onnx_model_005,measure,31.711593876205256,31.712612309958786,31.723731506150216,11.119196191430092,True,
6271,onnx_model_086,measure,31.716179297677357,31.717141639906913,31.728235899005085,11.094259098172188,True,
6272,onnx_model_051,measure,31.736811061197834,31.738535075914115,31.74965510284528,11.120026931166649,True,
6273,onnx_model_036,measure,31.743977770304873,31.74510917207226,31.756229110062122,11.119937989860773,True,
6274,onnx_model_099,measure,31.747294884975567,31.747653970029205,31.75893988274038,11.285912711173296,True,
6275,onnx_model_000,measure,31.758237699675053,31.758544811978936,31.769677062984556,11.132251005619764,True,
6276,onnx_model_066,measure,31.763556386073308,31.764242191798985,31.77579133491963,11.549143120646477,True,
6277,onnx_model_077,measure,31.763735187919472,31.764453704003245,31.77567062480375,11.216920800507069,True,
6278,onnx_model_022,measure,31.766485546696025,31.767049788031727,31.778150038793683,11.100250761955976,True,
6279,onnx_model_058,measure,31.775904764354806,31.77708315011114,31.788132694084197,11.049543973058462,True,
6280,onnx_model_091,measure,31.786753757829867,31.78824116010219,31.799394471105188,11.153311002999544,True,
6281,onnx_model_045,measure,31.792192362804972,31.792783975135535,31.80387729173526,11.093316599726677,True,
6282,onnx_model_066,measure,31.80528218287953,31.80618323618546,31.81751724006608,11.334003880620003,True,
6283,onnx_model_087,measure,31.805661119597783,31.806384117808193,31.817569378763437,11.185260955244303,True,
6284,onnx_model_072,measure,31.810037380293675,31.810993428807706,31.82196736894548,10.973940137773752,True,
6285,onnx_model_075,measure,31.81906124915427,31.819868890102953,31.8309114407748,11.042550671845675,True,
6286,onnx_model_078,measure,31.819649343354644,31.82005314109847,31.83109764382243,11.044502723962069,True,
6287,onnx_model_003,measure,31.822237972125798,31.82319865981117,31.834098148159683,10.899488348513842,True,
6288,onnx_model_072,measure,31.824578849169384,31.825675487983972,31.8369073481299,11.231860145926476,True,
6289,onnx_model_054,measure,31.825030655773634,31.82583983009681,31.836966910865158,11.127080768346786,True,
6290,onnx_model_099,measure,31.825295673296893,31.825978253036737,31.837074645794928,11.096392758190632,True,
6291,onnx_model_080,measure,31.839715511749706,31.840297902934253,31.85132686700672,11.028964072465897,True,
6292,onnx_model_026,measure,31.846024945300226,31.84676404390484,31.857795894145966,11.03185024112463,True,
6293,onnx_model_034,measure,31.85106338327867,31.851439681835473,31.86236843606457,10.928754229098558,True,
6294,onnx_model_066,measure,31.85575519808674,31.85687548480928,31.867847030051053,10.971545241773129,True,
6295,onnx_model_056,measure,31.865328532305288,31.865586823783815,31.876489157788455,10.90233400464058,True,
6296,onnx_model_040,measure,31.87220905111081,31.87300752988085,31.883898802101612,10.891272220760584,True,
6297,onnx_model_087,measure,31.881961601574858,31.882698270026594,31.893583370838314,10.885100811719894,True,
6298,onnx_model_098,measure,31.88338862369594,31.88397242175415,31.894744568970054,10.772147215902805,True,
6299,onnx_model_041,measure,31.88876276966203,31.889265352860093,31.900169561151415,10.904208291321993,True,
6300,onnx_model_028,measure,31.893609160701654,31.89480122597888,31.90560893015936,10.80770418047905,True,
6301,onnx_model_017,measure,31.90155172421489,31.902381374966353,31.91327441111207,10.893036145716906,True,
6302,onnx_model_072,measure,31.912255520849467,31.912809478119016,31.923794177826494,10.984699707478285,True,
6303,onnx_model_004,measure,31.914538179604044,31.915474062785506,31.926324957981706,10.850895196199417,True,
6304,onnx_model_011,measure,31.91816542027772,31.91881693713367,31.929733296856284,10.916359722614288,True,
6305,onnx_model_097,measure,31.91883986158373,31.919051473028958,31.929848706815392,10.797233786433935,True,
6306,onnx_model_097,measure,31.92141001761279,31.922392503824085,31.929939007852226,7.546504028141499,True,
6307,onnx_model_077,measure,31.922139739272815,31.922503113746643,31.93342533474788,10.92222100123763,True,
6308,onnx_model_084,measure,31.92519062673916,31.925995361991227,31.93689141375944,10.89605176821351,True,
6309,onnx_model_099,measure,31.930191905851906,31.931100346148014,31.94204591214657,10.94556599855423,True,
6310,onnx_model_000,measure,31.931881556294535,31.93240958498791,31.943318029865623,10.908444877713919,True,
6311,onnx_model_046,measure,31.939131264648385,31.940132174175233,31.951189391780645,11.057217605412006,True,
6312,onnx_model_003,measure,31.941660041678986,31.94214093312621,31.95298492582515,10.843992698937654,True,
6313,onnx_model_046,measure,31.95779080949976,31.95822123903781,31.96938977902755,11.168539989739656,True,
6314,onnx_model_002,measure,31.968876011670442,31.969490100163966,31.98083396302536,11.343862861394882,True,
6315,onnx_model_014,measure,31.969158562270273,31.96966426074505,31.98088391777128,11.219657026231289,True,
6316,onnx_model_006,measure,31.97151708299532,31.972209479194134,31.983535266947,11.325787752866745,True,
6317,onnx_model_072,measure,31.97152899259149,31.97242056997493,31.983587116003036,11.166546028107405,True,
6318,onnx_model_047,measure,31.972349897344277,31.97289727581665,31.983880863990635,10.983588173985481,True,
6319,onnx_model_068,measure,31.9746523457969,31.975360258016735,31.98619711678475,10.8368587680161,True,
6320,onnx_model_028,measure,31.975547392422854,31.975738025736064,31.986679854802787,10.941829066723585,True,
6321,onnx_model_080,measure,31.976582456946733,31.977214782964438,31.988302699755877,11.087916791439056,True,
6322,onnx_model_077,measure,31.977406216971204,31.977661963086575,31.988673734944314,11.011771857738495,True,
6323,onnx_model_036,measure,31.97928894834561,31.980181521736085,31.991238851100206,11.05732936412096,True,
6324,onnx_model_034,measure,31.98630316343116,31.98680524295196,31.997825561091304,11.020318139344454,True,
6325,onnx_model_057,measure,31.99075242888269,31.99137563118711,32.00237503880635,10.9994076192379,True,
6326,onnx_model_050,measure,31.999448302554722,32.0000476250425,32.01096976688132,10.922141838818789,True,
6327,onnx_model_039,measure,32.00013871451783,32.000420924741775,32.01136143086478,10.940506123006344,True,
6328,onnx_model_040,measure,32.003643621487065,32.00459754373878,32.01542274095118,10.825197212398052,True,
6329,onnx_model_033,measure,32.006965736860565,32.00803426699713,32.019027293194085,10.993026196956635,True,
6330,onnx_model_028,measure,32.01795487966592,32.01864277198911,32.029566516168416,10.923744179308414,True,
6331,onnx_model_053,measure,32.02027117462147,32.02125433599576,32.03243582090363,11.181484907865524,True,
6332,onnx_model_092,measure,32.021096840346814,32.02143831597641,32.03249539388344,11.057077907025814,True,
6333,onnx_model_096,measure,32.023057865474954,32.02396167209372,32.03509271098301,11.131038889288902,True,
6334,onnx_model_003,measure,32.0338922003489,32.034716475754976,32.045710283797234,10.993808042258024,True,
6335,onnx_model_022,measure,32.04375726247331,32.045317716896534,32.05625500809401,10.937291197478771,True,
6336,onnx_model_043,measure,32.04690572785828,32.04793415078893,32.05914863804355,11.214487254619598,True,
6337,onnx_model_038,measure,32.04830794877804,32.0493807210587,32.0603616037406,10.980882681906223,True,
6338,onnx_model_096,measure,32.04833893506277,32.04954430181533,32.060508492868394,10.964191053062677,True,
6339,onnx_model_042,measure,32.05795954980928,32.05848076893017,32.06981831975281,11.337550822645426,True,
6340,onnx_model_030,measure,32.06126377022164,32.0617249449715,32.072682573925704,10.957628954201937,True,
6341,onnx_model_097,measure,32.06226790639246,32.06317232688889,32.07426001317799,11.087686289101839,True,
6342,onnx_model_053,measure,32.062545899576946,32.063365262933075,32.07473275111988,11.36748818680644,True,
6343,onnx_model_038,measure,32.06865088932096,32.06888302182779,32.07991278776899,11.02976594120264,True,
6344,onnx_model_068,measure,32.07404425513454,32.074374329764396,32.08527478016913,10.90045040473342,True,
6345,onnx_model_031,measure,32.076526056087936,32.07699130382389,32.0879429820925,10.951678268611431,True,
6346,onnx_model_015,measure,32.104929865418995,32.105184676125646,32.11706482898444,11.880152858793736,True,
6347,onnx_model_085,measure,32.11606877179116,32.116681860759854,32.127793091814965,11.111231055110693,True,
6348,onnx_model_010,measure,32.12505778611612,32.12529190676287,32.13627466419712,10.982757434248924,True,
6349,onnx_model_067,measure,32.13345707617092,32.13401894597337,32.14493815181777,10.919205844402313,True,
6350,onnx_model_054,measure,32.138528422999926,32.13949863193557,32.15048808185384,10.989449918270111,True,
6351,onnx_model_071,measure,32.14817876887506,32.14917852310464,32.160416725091636,11.23820198699832,True,
6352,onnx_model_073,measure,32.149024628226,32.14935524901375,32.16054249415174,11.187245137989521,True,
6353,onnx_model_042,measure,32.17273005914469,32.174835392739624,32.185976509936154,11.141117196530104,True,
6354,onnx_model_004,measure,32.17635887741406,32.17739797383547,32.18865644512698,11.258471291512251,True,
6355,onnx_model_021,measure,32.185694472544036,32.18608940485865,32.19718949496746,11.100090108811855,True,
6356,onnx_model_076,measure,32.18769269312109,32.18876944901422,32.199941486120224,11.172037106007338,True,
6357,onnx_model_051,measure,32.18845420765298,32.18895031278953,32.2004531188868,11.502806097269058,True,
6358,onnx_model_098,measure,32.19124445804532,32.191554713994265,32.20259227510542,11.037561111152172,True,
6359,onnx_model_037,measure,32.19382751642667,32.19509898079559,32.20622105197981,11.12207118421793,True,
6360,onnx_model_031,measure,32.19940574592165,32.20006049191579,32.2111260057427,11.065513826906681,True,
6361,onnx_model_064,measure,32.2034959116702,32.20382105978206,32.214862829074264,11.041769292205572,True,
6362,onnx_model_036,measure,32.21316245342509,32.214388988912106,32.22549553075805,11.106541845947504,True,
6363,onnx_model_092,measure,32.21758126712022,32.21808952279389,32.229144777171314,11.055254377424717,True,
6364,onnx_model_088,measure,32.22484171205281,32.22559287585318,32.23655900079757,10.966124944388866,True,
6365,onnx_model_000,measure,32.22928805501502,32.23037801217288,32.24142661318183,11.048601008951664,True,
6366,onnx_model_053,measure,32.23383292822096,32.234827228821814,32.2459021108225,11.074882000684738,True,
6367,onnx_model_047,measure,32.237523499781176,32.23777868878096,32.248709477018565,10.930788237601519,True,
6368,onnx_model_008,measure,32.24926770829927,32.24994716979563,32.26086668577045,10.91951597481966,True,
6369,onnx_model_068,measure,32.251385264012185,32.25240318803117,32.26373102096841,11.3278329372406,True,
6370,onnx_model_035,measure,32.25413767459944,32.254846312105656,32.265786457806826,10.940145701169968,True,
6371,onnx_model_055,measure,32.255391873515,32.25627733208239,32.26726619107649,10.988858994096518,True,
6372,onnx_model_007,measure,32.262137797403206,32.26309039304033,32.274082326795906,10.99193375557661,True,
6373,onnx_model_053,measure,32.27079362146202,32.27148468978703,32.28260831395164,11.123624164611101,True,
6374,onnx_model_083,measure,32.280311940178144,32.28130272217095,32.29219845402986,10.89573185890913,True,
6375,onnx_model_066,measure,32.282033478029135,32.28270339500159,32.29406450083479,11.3611058332026,True,
6376,onnx_model_073,measure,32.2853850802802,32.286141940858215,32.297206232789904,11.064291931688786,True,
6377,onnx_model_071,measure,32.286592893403025,32.28760759718716,32.2985559781082,10.948380921036005,True,
6378,onnx_model_042,measure,32.29239400453477,32.29345014318824,32.30459285387769,11.14271068945527,True,
6379,onnx_model_063,measure,32.29302936815817,32.293639903888106,32.30472222017124,11.082316283136606,True,
6380,onnx_model_045,measure,32.2986353718265,32.299785535782576,32.31075904518366,10.973509401082993,True,
6381,onnx_model_021,measure,32.309250225183774,32.30994325410575,32.32098850002512,11.045245919376612,True,
6382,onnx_model_054,measure,32.31425803413677,32.31499575776979,32.32642982294783,11.43406517803669,True,
6383,onnx_model_052,measure,32.31458445992985,32.31516278581694,32.326474177185446,11.311391368508339,True,
6384,onnx_model_013,measure,32.31674587382365,32.31772523699328,32.3287444030866,11.019166093319654,True,
6385,onnx_model_000,measure,32.32070891257754,32.32108571380377,32.3320156307891,10.929916985332966,True,
6386,onnx_model_012,measure,32.322747449472985,32.32353225490078,32.334461078979075,10.928824078291655,True,
6387,onnx_model_024,measure,32.325511385866015,32.325970840174705,32.33698710100725,11.016260832548141,True,
6388,onnx_model_030,measure,32.33260383606305,32.33323609083891,32.34412000887096,10.883918032050133,True,
6389,onnx_model_029,measure,32.351038573626326,32.35137641290203,32.36322336178273,11.846948880702257,True,
6390,onnx_model_014,measure,32.36243002232312,32.36283066589385,32.37392234010622,11.091674212366343,True,
6391,onnx_model_070,measure,32.36469630131893,32.365464271977544,32.37672383477911,11.2595628015697,True,
6392,onnx_model_056,measure,32.37495405497354,32.376162306871265,32.38715902110562,10.996714234352112,True,
6393,onnx_model_009,measure,32.37933551795189,32.37994742207229,32.39115300308913,11.20558101683855,True,
6394,onnx_model_019,measure,32.393564487181266,32.39438404375687,32.4055205527693,11.136509012430906,True,
6395,onnx_model_092,measure,32.40211923107708,32.40289217699319,32.41395189007744,11.059713084250689,True,
6396,onnx_model_009,measure,32.42736341357368,32.42867289297283,32.439790055155754,11.117162182927132,True,
6397,onnx_model_044,measure,32.427447921147944,32.42878309218213,32.440158585086465,11.37549290433526,True,
6398,onnx_model_049,measure,32.42833143068537,32.42887216201052,32.44012966984883,11.257507838308811,True,
6399,onnx_model_055,measure,32.43909837697087,32.439866620115936,32.45078940317035,10.922783054411411,True,
6400,onnx_model_032,measure,32.44686328446144,32.447778950911015,32.458852720912546,11.073770001530647,True,
6401,onnx_model_015,measure,32.44705100608357,32.44788961112499,32.45889194495976,11.002333834767342,True,
6402,onnx_model_076,measure,32.4476147918041,32.44797680713236,32.45910706417635,11.130257043987513,True,
6403,onnx_model_061,measure,32.448839453809285,32.449414148926735,32.46021317690611,10.799027979373932,True,
6404,onnx_model_046,measure,32.461894891404704,32.4624235779047,32.47349112574011,11.067547835409641,True,
6405,onnx_model_001,measure,32.46964815127595,32.47077345987782,32.48175050597638,10.977046098560095,True,
6406,onnx_model_054,measure,32.47367682586008,32.47478512581438,32.485785064753145,10.999938938766718,True,
6407,onnx_model_098,measure,32.47738695598612,32.47831676900387,32.4895160170272,11.199248023331165,True,
6408,onnx_model_023,measure,32.48877551617115,32.489084967877716,32.50023093493655,11.145967058837414,True,
6409,onnx_model_008,measure,32.49951417367181,32.49981527496129,32.51113699609414,11.321721132844687,True,
6410,onnx_model_063,measure,32.5001680463387,32.50042280880734,32.5117005771026,11.277768295258284,True,
6411,onnx_model_075,measure,32.50250817133891,32.502932330127805,32.51400377508253,11.07144495472312,True,
6412,onnx_model_001,measure,32.50599848609983,32.506489981897175,32.517521591857076,11.03160995990038,True,
6413,onnx_model_033,measure,32.50682366974107,32.50805906485766,32.51907645817846,11.017393320798874,True,
6414,onnx_model_022,measure,32.51038840662107,32.51125211501494,32.52241826988757,11.166154872626066,True,
6415,onnx_model_028,measure,32.54567229490439,32.5467469249852,32.55796372704208,11.216802056878805,True,
6416,onnx_model_064,measure,32.5477191278562,32.54830772196874,32.55932747898623,11.019757017493248,True,
6417,onnx_model_043,measure,32.55321656124571,32.553895332850516,32.5649275239557,11.03219110518694,True,
6418,onnx_model_001,measure,32.55672573082748,32.55748948501423,32.568557493854314,11.068008840084076,True,
6419,onnx_model_019,measure,32.55930681020901,32.55953370081261,32.57074100477621,11.20730396360159,True,
6420,onnx_model_012,measure,32.55936694933334,32.55972156813368,32.570887222886086,11.165654752403498,True,
6421,onnx_model_094,measure,32.57249448873775,32.573137680999935,32.58414016477764,11.002483777701855,True,
6422,onnx_model_059,measure,32.58533583121224,32.58646764885634,32.597505981102586,11.038332246243954,True,
6423,onnx_model_049,measure,32.586429676333005,32.58688600407913,32.597796763759106,10.910759679973125,True,
6424,onnx_model_053,measure,32.586807938334786,32.58725442411378,32.59814721997827,10.892795864492655,True,
6425,onnx_model_019,measure,32.58861381419427,32.58981320774183,32.60096628917381,11.153081431984901,True,
6426,onnx_model_093,measure,32.589038432883086,32.59001058386639,32.60151070402935,11.500120162963867,True,
6427,onnx_model_093,measure,32.59457328731588,32.595599045976996,32.601559205912054,5.960159935057163,True,
6428,onnx_model_050,measure,32.595150637986194,32.59577611275017,32.60680087003857,11.024757288396358,True,
6429,onnx_model_058,measure,32.5983419273292,32.5994247389026,32.61064372397959,11.218985076993704,True,
6430,onnx_model_024,measure,32.600760012160826,32.601086006034166,32.61226313281804,11.177126783877611,True,
6431,onnx_model_043,measure,32.607733977469024,32.608025818131864,32.61907123401761,11.045415885746479,True,
6432,onnx_model_085,measure,32.60823171885921,32.60842327401042,32.619376834947616,10.953560937196016,True,
6433,onnx_model_016,measure,32.60873651283419,32.609869341831654,32.620720379054546,10.851037222892046,True,
6434,onnx_model_022,measure,32.61005086463403,32.61024862295017,32.621135698165745,10.88707521557808,True,
6435,onnx_model_025,measure,32.61079367084117,32.61187522485852,32.622777860146016,10.902635287493467,True,
6436,onnx_model_073,measure,32.617028601749446,32.61756513081491,32.62848475808278,10.919627267867327,True,
6437,onnx_model_004,measure,32.63051766772919,32.631746157072484,32.64290157193318,11.1554148606956,True,
6438,onnx_model_061,measure,32.63271356895836,32.633275364059955,32.64416618598625,10.890821926295757,True,
6439,onnx_model_051,measure,32.63326513716106,32.63366855075583,32.644544223789126,10.875673033297062,True,
6440,onnx_model_034,measure,32.63753723059006,32.63811694690958,32.6491001448594,10.983197949826717,True,
6441,onnx_model_094,measure,32.638727189585104,32.63958581909537,32.650545661803335,10.959842707961798,True,
6442,onnx_model_034,measure,32.638972531957954,32.63975534075871,32.64922122517601,9.465884417295456,True,
6443,onnx_model_017,measure,32.641375998491476,32.642298134975135,32.65315605374053,10.85791876539588,True,
6444,onnx_model_056,measure,32.653450106171874,32.65439448878169,32.665363498963416,10.969010181725025,True,
6445,onnx_model_008,measure,32.65548778695424,32.655854925047606,32.666777616832405,10.922691784799099,True,
6446,onnx_model_047,measure,32.6715506660564,32.672007858753204,32.682940701022744,10.932842269539833,True,
6447,onnx_model_002,measure,32.67365579477653,32.67441544495523,32.68505833577365,10.642890818417072,True,
6448,onnx_model_038,measure,32.675005416734734,32.675699837040156,32.68638763297349,10.68779593333602,True,
6449,onnx_model_021,measure,32.67677027114409,32.67698928806931,32.68775578401983,10.766495950520039,True,
6450,onnx_model_058,measure,32.67822475215193,32.67926406208426,32.689873268827796,10.60920674353838,True,
6451,onnx_model_008,measure,32.68714708063083,32.687536756973714,32.69829676114023,10.760004166513681,True,
6452,onnx_model_061,measure,32.69483091890722,32.69504856597632,32.7060348498635,10.986283887177706,True,
6453,onnx_model_016,measure,32.70037466235307,32.70145247876644,32.7122145970352,10.762118268758059,True,
6454,onnx_model_048,measure,32.70549285312341,32.70576790207997,32.716422204859555,10.654302779585123,True,
6455,onnx_model_042,measure,32.7215437917871,32.72260065888986,32.73324810806662,10.647449176758528,True,
6456,onnx_model_075,measure,32.723586368183376,32.723920637741685,32.734412972815335,10.492335073649883,True,
6457,onnx_model_026,measure,32.72961344131085,32.73020255891606,32.74081650516018,10.613946244120598,True,
6458,onnx_model_091,measure,32.729655152403545,32.73029881203547,32.74091318901628,10.614376980811357,True,
6459,onnx_model_027,measure,32.73267625333865,32.733321657869965,32.74382705800235,10.505400132387877,True,
6460,onnx_model_022,measure,32.7381581731347,32.73860371904448,32.74914159998298,10.537880938500166,True,
6461,onnx_model_072,measure,32.741438041836425,32.7420516628772,32.75250806892291,10.45640604570508,True,
6462,onnx_model_078,measure,32.743100333408684,32.743293813895434,32.75376672204584,10.472908150404692,True,
6463,onnx_model_082,measure,32.74885808440166,32.749198127072304,32.759828905109316,10.630778037011623,True,
6464,onnx_model_044,measure,32.750602794771176,32.75164214288816,32.76221795612946,10.575813241302967,True,
6465,onnx_model_098,measure,32.75791107429747,32.75894866185263,32.769546946976334,10.598285123705864,True,
6466,onnx_model_077,measure,32.75993748771255,32.76097073499113,32.77155545493588,10.584719944745302,True,
6467,onnx_model_027,measure,32.76504519839003,32.76539836078882,32.7760299211368,10.6315603479743,True,
6468,onnx_model_060,measure,32.771280848516135,32.771648542024195,32.78237798716873,10.729445144534111,True,
6469,onnx_model_085,measure,32.77334731247566,32.77407611673698,32.78482883609831,10.75271936133504,True,
6470,onnx_model_030,measure,32.78089410792077,32.7812480898574,32.79202849185094,10.78040199354291,True,
6471,onnx_model_000,measure,32.787528994519604,32.78804475907236,32.798853845801204,10.809086728841066,True,
6472,onnx_model_028,measure,32.79431217605692,32.795251016970724,32.80599518073723,10.744163766503334,True,
6473,onnx_model_081,measure,32.79886259833638,32.79999698884785,32.810829849913716,10.832861065864563,True,
6474,onnx_model_095,measure,32.79955712487852,32.8000745261088,32.81086874380708,10.794217698276043,True,
6475,onnx_model_055,measure,32.80454733886786,32.80542543809861,32.81630059983581,10.875161737203598,True,
6476,onnx_model_072,measure,32.804599436288534,32.805559983011335,32.81647480092943,10.914817918092012,True,
6477,onnx_model_081,measure,32.81458490384015,32.81508385716006,32.82592015480623,10.836297646164894,True,
6478,onnx_model_079,measure,32.81621200648019,32.81656525284052,32.827432048972696,10.866796132177114,True,
6479,onnx_model_027,measure,32.81708096875464,32.817990221083164,32.82877782685682,10.78760577365756,True,
6480,onnx_model_080,measure,32.82694446841729,32.8275223611854,32.83839110098779,10.868739802390337,True,
6481,onnx_model_073,measure,32.837976032450456,32.838481932878494,32.849362385924906,10.880453046411276,True,
6482,onnx_model_099,measure,32.83953728649582,32.83990756282583,32.850944101810455,11.036538984626532,True,
6483,onnx_model_071,measure,32.85010824282438,32.85057971999049,32.86165297776461,11.073257774114609,True,
6484,onnx_model_077,measure,32.86038959815917,32.86121286218986,32.87209840398282,10.885541792958975,True,
6485,onnx_model_041,measure,32.86204877725935,32.86288900813088,32.87372624780983,10.837239678949118,True,
6486,onnx_model_021,measure,32.86312037970907,32.86434439383447,32.87512539792806,10.781004093587399,True,
6487,onnx_model_054,measure,32.872696838702254,32.87332209991291,32.88415067316964,10.828573256731033,True,
6488,onnx_model_087,measure,32.8792859654266,32.88035681191832,32.891226172912866,10.869360994547606,True,
6489,onnx_model_011,measure,32.8953069534634,32.896461073774844,32.90738661214709,10.925538372248411,True,
6490,onnx_model_096,measure,32.90262194224175,32.90381726715714,32.91476682992652,10.949562769383192,True,
6491,onnx_model_027,measure,32.907733770771564,32.908606519922614,32.919511509127915,10.904989205300808,True,
6492,onnx_model_080,measure,32.915426306910646,32.915981088764966,32.92696742201224,10.98633324727416,True,
6493,onnx_model_061,measure,32.93867368374433,32.93926767306402,32.950142845045775,10.875171981751919,True,
6494,onnx_model_006,measure,32.941000772355046,32.94184997212142,32.952673816122115,10.823844000697136,True,
6495,onnx_model_053,measure,32.95151530805793,32.95235423883423,32.963043868076056,10.68962924182415,True,
6496,onnx_model_004,measure,32.96562392736574,32.9662493118085,32.97716203518212,10.912723373621702,True,
6497,onnx_model_012,measure,32.96578982476671,32.966368367895484,32.97723162686452,10.863258969038725,True,
6498,onnx_model_092,measure,32.96712957217874,32.96781614003703,32.9787014410831,10.885301046073437,True,
6499,onnx_model_042,measure,32.96721904422577,32.96792717091739,32.978743380866945,10.816209949553013,True,
6500,onnx_model_030,measure,32.96777553491256,32.968193096108735,32.978802043013275,10.608946904540062,True,
6501,onnx_model_022,measure,32.971614571139924,32.97251369897276,32.98335570888594,10.842009913176298,True,
6502,onnx_model_017,measure,32.97282570501111,32.973870588932186,32.984696556814015,10.825967881828547,True,
6503,onnx_model_011,measure,32.97349879213241,32.973994373809546,32.98473643278703,10.742058977484703,True,
6504,onnx_model_093,measure,32.97966903688781,32.979997424874455,32.990760393906385,10.76296903192997,True,
6505,onnx_model_026,measure,32.98300953178614,32.98342196410522,32.99422952812165,10.80756401643157,True,
6506,onnx_model_066,measure,32.983184393978995,32.98352805618197,32.99426963413134,10.741577949374914,True,
6507,onnx_model_069,measure,32.988607727816294,32.98893381189555,32.99962095590308,10.687144007533789,True,
6508,onnx_model_061,measure,32.990309265583015,32.99082646891475,33.00147399911657,10.64753020182252,True,
6509,onnx_model_038,measure,32.991253919461435,32.99216281995177,33.00283616781235,10.673347860574722,True,
6510,onnx_model_008,measure,33.01184352815876,33.01361617911607,33.02495166705921,11.335487943142653,True,
6511,onnx_model_085,measure,33.012519417131685,33.01380164176226,33.02500413591042,11.202494148164988,True,
6512,onnx_model_084,measure,33.01699494010405,33.017461348790675,33.02835178980604,10.89044101536274,True,
6513,onnx_model_085,measure,33.02132885127556,33.021998323034495,33.025040975771844,3.0426527373492718,True,
6514,onnx_model_016,measure,33.02585688037786,33.02635631710291,33.037156445905566,10.800128802657127,True,
6515,onnx_model_011,measure,33.02932349502187,33.02959869988263,33.040456008166075,10.85730828344822,True,
6516,onnx_model_020,measure,33.03166349855118,33.032066150102764,33.04316338477656,11.097234673798084,True,
6517,onnx_model_069,measure,33.04244105598975,33.04274850618094,33.05389354098588,11.145034804940224,True,
6518,onnx_model_022,measure,33.052781753659445,33.05347917275503,33.06459944183007,11.120269075036049,True,
6519,onnx_model_075,measure,33.05575862874553,33.05619251076132,33.0670886230655,10.89611230418086,True,
6520,onnx_model_083,measure,33.06388487504921,33.064707927871495,33.07552769500762,10.819767136126757,True,
6521,onnx_model_089,measure,33.06566194811098,33.06623101281002,33.07738338178024,11.15236897021532,True,
6522,onnx_model_029,measure,33.067728852820366,33.06831996375695,33.079186679795384,10.866716038435698,True,
6523,onnx_model_072,measure,33.071593284976906,33.07278266688809,33.08382759196684,11.044925078749657,True,
6524,onnx_model_045,measure,33.07565036623963,33.076755438931286,33.087725962046534,10.970523115247488,True,
6525,onnx_model_088,measure,33.07622319145808,33.076920862775296,33.087840910069644,10.920047294348478,True,
6526,onnx_model_060,measure,33.08299201277215,33.08343942416832,33.09437038190663,10.930957738310099,True,
6527,onnx_model_063,measure,33.09191888573272,33.09306837711483,33.104434351902455,11.36597478762269,True,
6528,onnx_model_018,measure,33.092226370827824,33.093232930172235,33.10428581992164,11.052889749407768,True,
6529,onnx_model_081,measure,33.09661273340561,33.097600461915135,33.10864348290488,11.043020989745855,True,
6530,onnx_model_062,measure,33.09718150047369,33.09776094695553,33.109132062178105,11.37111522257328,True,
6531,onnx_model_002,measure,33.10121888000135,33.10226074093953,33.11317258188501,10.911840945482254,True,
6532,onnx_model_025,measure,33.10258130465285,33.10370786115527,33.114646384026855,10.9385228715837,True,
6533,onnx_model_000,measure,33.10283162015043,33.10386598203331,33.11475691385567,10.890931822359562,True,
6534,onnx_model_039,measure,33.10810692197291,33.10875396290794,33.11962683079764,10.87286788970232,True,
6535,onnx_model_041,measure,33.110547274035184,33.11137174908072,33.12214636011049,10.77461102977395,True,
6536,onnx_model_035,measure,33.11192609776991,33.112801818177104,33.123492118902504,10.690300725400448,True,
6537,onnx_model_071,measure,33.126710109289995,33.127714104019105,33.13927200390026,11.557899881154299,True,
6538,onnx_model_053,measure,33.126736378909406,33.12787576112896,33.138849700801075,10.973939672112465,True,
6539,onnx_model_099,measure,33.12912200600921,33.12938381778076,33.14016654388979,10.782726109027863,True,
6540,onnx_model_048,measure,33.138328672848615,33.13894357997924,33.14978769281879,10.84411283954978,True,
6541,onnx_model_034,measure,33.14359547628418,33.144403708167374,33.155220539774746,10.816831607371569,True,
6542,onnx_model_097,measure,33.14540103979281,33.14584125112742,33.15671675419435,10.875503066927195,True,
6543,onnx_model_009,measure,33.147729665250054,33.14827605895698,33.159109802916646,10.833743959665298,True,
6544,onnx_model_075,measure,33.15186985636053,33.15300910593942,33.16387137398124,10.862268041819334,True,
6545,onnx_model_052,measure,33.15669498212475,33.15686111804098,33.16768769780174,10.826579760760069,True,
6546,onnx_model_062,measure,33.17592912501182,33.177934675943106,33.18938010185957,11.445425916463137,True,
6547,onnx_model_055,measure,33.17663072275049,33.178097385913134,33.18942839419469,11.331008281558752,True,
6548,onnx_model_069,measure,33.17958750460993,33.18065194087103,33.191639626864344,10.98768599331379,True,
6549,onnx_model_020,measure,33.18227609206004,33.18308679014444,33.194024661090225,10.93787094578147,True,
6550,onnx_model_010,measure,33.18642465527641,33.18752098781988,33.19827718473971,10.756196919828653,True,
6551,onnx_model_095,measure,33.18805874954843,33.18895169813186,33.19969694316387,10.745245032012463,True,
6552,onnx_model_048,measure,33.1905459125821,33.19173599081114,33.20257565518841,10.839664377272129,True,
6553,onnx_model_030,measure,33.19213717900047,33.19320385111496,33.20426833303645,11.064481921494007,True,
6554,onnx_model_085,measure,33.204044666394736,33.2043803059496,33.215367291122675,10.986985173076391,True,
6555,onnx_model_058,measure,33.21047616437818,33.210825668182224,33.22174129681662,10.915628634393215,True,
6556,onnx_model_094,measure,33.21104486590702,33.21224849205464,33.22305320110172,10.804709047079086,True,
6557,onnx_model_049,measure,33.218116352320486,33.21859123883769,33.22944274591282,10.85150707513094,True,
6558,onnx_model_037,measure,33.227727501156366,33.228275707922876,33.23913981905207,10.864111129194498,True,
6559,onnx_model_082,measure,33.22836399380287,33.22865005908534,33.23967752093449,11.027461849153042,True,
6560,onnx_model_021,measure,33.23454776226177,33.23566726781428,33.246643112041056,10.975844226777554,True,
6561,onnx_model_001,measure,33.23908087333328,33.23928732890636,33.250235931016505,10.948602110147476,True,
6562,onnx_model_064,measure,33.2411224750712,33.241902810987085,33.25285682315007,10.954012162983418,True,
6563,onnx_model_080,measure,33.241968224252496,33.24225708376616,33.25302190706134,10.76482329517603,True,
6564,onnx_model_016,measure,33.246017795768246,33.24673981498927,33.25758434878662,10.844533797353506,True,
6565,onnx_model_076,measure,33.24761560779957,33.24817877076566,33.25910823605955,10.929465293884277,True,
6566,onnx_model_069,measure,33.251710868436504,33.25247857393697,33.26336413575336,10.885561816394329,True,
6567,onnx_model_007,measure,33.27123959057986,33.27160120382905,33.28251298516989,10.911781340837479,True,
6568,onnx_model_053,measure,33.27211605279674,33.2730710869655,33.28410096419975,11.029877234250307,True,
6569,onnx_model_063,measure,33.27553836522901,33.276514212135226,33.287292630877346,10.778418742120266,True,
6570,onnx_model_091,measure,33.28313562626217,33.28373195184395,33.29466314101592,10.93118917196989,True,
6571,onnx_model_090,measure,33.2943901551646,33.29475872311741,33.305580804124475,10.822081007063389,True,
6572,onnx_model_010,measure,33.294980009839804,33.29619445186108,33.307171408087015,10.976956225931644,True,
6573,onnx_model_075,measure,33.30190345780953,33.302721668966115,33.313635846134275,10.914177168160677,True,
6574,onnx_model_004,measure,33.30996883466459,33.31041035382077,33.321408670861274,10.998317040503025,True,
6575,onnx_model_058,measure,33.31987639367484,33.320863944943994,33.331794653087854,10.930708143860102,True,
6576,onnx_model_061,measure,33.32561097074194,33.326633942779154,33.337556024082005,10.922081302851439,True,
6577,onnx_model_065,measure,33.346055944686505,33.34787271497771,33.35879698116332,10.924266185611486,True,
6578,onnx_model_050,measure,33.348412522237446,33.34942407393828,33.360312761738896,10.888687800616026,True,
6579,onnx_model_043,measure,33.35462356138033,33.35490906983614,33.36579244816676,10.883378330618143,True,
6580,onnx_model_097,measure,33.36870867862218,33.369088042061776,33.38023915886879,11.15111680701375,True,
6581,onnx_model_075,measure,33.37048557562489,33.3716558329761,33.38301462493837,11.358791962265968,True,
6582,onnx_model_069,measure,33.37065002930531,33.371843189932406,33.383066673763096,11.223483830690384,True,
6583,onnx_model_083,measure,33.38881272145252,33.389400945045054,33.40052632195875,11.125376913696527,True,
6584,onnx_model_077,measure,33.38938972098171,33.38980362005532,33.40086915390566,11.065533850342035,True,
6585,onnx_model_058,measure,33.39204331862089,33.393254570197314,33.40430726995692,11.052699759602547,True,
6586,onnx_model_059,measure,33.39205192207091,33.39343929104507,33.4044838049449,11.044513899832964,True,
6587,onnx_model_066,measure,33.393591909032175,33.39388248277828,33.40497148176655,11.08899898827076,True,
6588,onnx_model_012,measure,33.39838249118716,33.39934578817338,33.41063441708684,11.288628913462162,True,
6589,onnx_model_041,measure,33.39855757265354,33.39953144080937,33.41077668685466,11.245246045291424,True,
6590,onnx_model_050,measure,33.40465688904331,33.405070370063186,33.41604705480859,10.976684745401144,True,
6591,onnx_model_000,measure,33.40761204143994,33.40853028697893,33.419833291787654,11.303004808723927,True,
6592,onnx_model_091,measure,33.40800869744359,33.408695520833135,33.41977615375072,11.080632917582989,True,
6593,onnx_model_098,measure,33.40932165950589,33.41020579217002,33.42113699018955,10.93119801953435,True,
6594,onnx_model_083,measure,33.42322702505223,33.424378753174096,33.43537382315844,10.995069984346628,True,
6595,onnx_model_086,measure,33.42585819526336,33.42685425793752,33.438323789741844,11.469531804323196,True,
6596,onnx_model_015,measure,33.42634751930455,33.42701704800129,33.43816395616159,11.146908160299063,True,
6597,onnx_model_041,measure,33.42665201453781,33.42716231383383,33.438434009905905,11.27169607207179,True,
6598,onnx_model_031,measure,33.42889315475825,33.429790468886495,33.44079029886052,10.999829974025488,True,
6599,onnx_model_097,measure,33.42921695579902,33.429952296894044,33.440904875751585,10.952578857541084,True,
6600,onnx_model_086,measure,33.43345326259298,33.43448003381491,33.43840241013095,3.9223763160407543,True,
6601,onnx_model_083,measure,33.43510828369048,33.43548436276615,33.44641214516014,10.927782393991947,True,
6602,onnx_model_047,measure,33.442832981218395,33.44312333315611,33.454032219946384,10.908886790275574,True,
6603,onnx_model_002,measure,33.450790739242336,33.45163630601019,33.462612389121205,10.976083111017942,True,
6604,onnx_model_091,measure,33.45766352029683,33.45825458597392,33.46918954188004,10.934955906122923,True,
6605,onnx_model_085,measure,33.463091393588854,33.463831456843764,33.47475065290928,10.91919606551528,True,
6606,onnx_model_029,measure,33.48112472494547,33.48196875303984,33.492778861895204,10.810108855366707,True,
6607,onnx_model_069,measure,33.49090639759045,33.49236593674868,33.50327839003876,10.912453290075064,True,
6608,onnx_model_007,measure,33.49138034210416,33.49247134709731,33.50348831899464,11.01697189733386,True,
6609,onnx_model_063,measure,33.50276103766798,33.50294473581016,33.51382086984813,10.876134037971497,True,
6610,onnx_model_064,measure,33.507280714147704,33.507647024001926,33.51844873698428,10.801712982356548,True,
6611,onnx_model_007,measure,33.50816146548331,33.50892649590969,33.519608321134,10.68182522431016,True,
6612,onnx_model_094,measure,33.51991550951544,33.520758267026395,33.53157263295725,10.814365930855274,True,
6613,onnx_model_081,measure,33.52437000264883,33.52503949496895,33.53581561893225,10.776123963296413,True,
6614,onnx_model_051,measure,33.52558223121228,33.526312354020774,33.53698219591752,10.669841896742582,True,
6615,onnx_model_099,measure,33.52840904941207,33.52859319979325,33.5392823391594,10.689139366149902,True,
6616,onnx_model_043,measure,33.529166222255455,33.529861530754715,33.5404692851007,10.607754345983267,True,
6617,onnx_model_000,measure,33.53092794611536,33.53113610390574,33.54214881686494,11.012712959200144,True,
6618,onnx_model_036,measure,33.53103384519959,33.53130086697638,33.542212668806314,10.91180182993412,True,
6619,onnx_model_088,measure,33.552855160708866,33.55344089213759,33.56460776878521,11.166876647621393,True,
6620,onnx_model_080,measure,33.55477653607973,33.555879407096654,33.5670400718227,11.160664726048708,True,
6621,onnx_model_015,measure,33.56887374029111,33.56935370992869,33.58054267894477,11.188969016075134,True,
6622,onnx_model_088,measure,33.57244167692233,33.572884080931544,33.58410292584449,11.218844912946224,True,
6623,onnx_model_030,measure,33.578341658782065,33.57943161716685,33.5904830340296,11.051416862756014,True,
6624,onnx_model_071,measure,33.582401530178956,33.58284268109128,33.59383990475908,10.997223667800426,True,
6625,onnx_model_077,measure,33.58359510763434,33.584210339933634,33.59521221416071,11.001874227076769,True,
6626,onnx_model_005,measure,33.58683731697816,33.58770078513771,33.598740689922124,11.039904784411192,True,
6627,onnx_model_056,measure,33.58885292008794,33.589143969118595,33.60008042678237,10.93645766377449,True,
6628,onnx_model_098,measure,33.58941387700374,33.59058137098327,33.60155762499198,10.976254008710384,True,
6629,onnx_model_085,measure,33.59038864530335,33.59074420016259,33.60208661109209,11.342410929501057,True,
6630,onnx_model_030,measure,33.590969176298984,33.591184868011624,33.602196970023215,11.012102011591196,True,
6631,onnx_model_002,measure,33.59546430986868,33.59645936405286,33.607454483862966,10.99511981010437,True,
6632,onnx_model_034,measure,33.601440686743636,33.601711296942085,33.61328080901876,11.569512076675892,True,
6633,onnx_model_052,measure,33.602471061412764,33.603427208960056,33.61429132008925,10.864111129194498,True,
6634,onnx_model_066,measure,33.61232754575568,33.61268444592133,33.62375282496214,11.068379040807486,True,
6635,onnx_model_051,measure,33.61255854111415,33.61286120209843,33.6238814201206,11.020218022167683,True,
6636,onnx_model_008,measure,33.61589063776603,33.61650783289224,33.62745306873694,10.945235844701529,True,
6637,onnx_model_049,measure,33.62175756913214,33.62294139293954,33.634110554121435,11.169161181896925,True,
6638,onnx_model_034,measure,33.6255409443147,33.62611392280087,33.63698105001822,10.86712721735239,True,
6639,onnx_model_004,measure,33.633105883662374,33.6337120058015,33.64459644583985,10.884440038353205,True,
6640,onnx_model_070,measure,33.645184291367066,33.64583043195307,33.65666075889021,10.830326937139034,True,
6641,onnx_model_079,measure,33.64787293743809,33.648304304108024,33.65918299276382,10.878688655793667,True,
6642,onnx_model_047,measure,33.64866979039411,33.64977148314938,33.660619623959064,10.848140809684992,True,
6643,onnx_model_013,measure,33.65670941203915,33.6578912679106,33.66891057416797,11.019306257367134,True,
6644,onnx_model_086,measure,33.65732382112025,33.65805817488581,33.669039628934115,10.98145404830575,True,
6645,onnx_model_056,measure,33.66030106922041,33.660714865196496,33.67144381906837,10.728953871876001,True,
6646,onnx_model_025,measure,33.66529741694341,33.66615965496749,33.677128916140646,10.969261173158884,True,
6647,onnx_model_058,measure,33.665558804900684,33.666323787067086,33.67725298181176,10.929194744676352,True,
6648,onnx_model_065,measure,33.67377583969489,33.67466459190473,33.68553768005222,10.873088147491217,True,
6649,onnx_model_012,measure,33.677669889404235,33.67847893200815,33.68930551176891,10.826579760760069,True,
6650,onnx_model_091,measure,33.685977773959785,33.6867576087825,33.697489217855036,10.73160907253623,True,
6651,onnx_model_004,measure,33.694348277518394,33.69552935194224,33.70640546595678,10.876114014536142,True,
6652,onnx_model_086,measure,33.704456475001734,33.70471268892288,33.71568660903722,10.973920114338398,True,
6653,onnx_model_047,measure,33.71508866520057,33.715782520826906,33.7268571020104,11.074581183493137,True,
6654,onnx_model_082,measure,33.72191734272023,33.72222579875961,33.733261606190354,11.035807430744171,True,
6655,onnx_model_026,measure,33.72299191192723,33.7236777190119,33.73461736412719,10.939645115286112,True,
6656,onnx_model_004,measure,33.74028563125871,33.7408543988131,33.75181943178177,10.96503296867013,True,
6657,onnx_model_040,measure,33.743282617140046,33.744312012102455,33.75543811079115,11.126098688691854,True,
6658,onnx_model_007,measure,33.74553837230162,33.745760816149414,33.75663184002042,10.871023871004581,True,
6659,onnx_model_055,measure,33.747512163243655,33.74819266796112,33.75921710394323,11.024435982108116,True,
6660,onnx_model_084,measure,33.74851920751379,33.74963080184534,33.760546090081334,10.915288235992193,True,
6661,onnx_model_090,measure,33.75410289340442,33.755043169949204,33.76600404502824,10.960875079035759,True,
6662,onnx_model_069,measure,33.757083378374254,33.757849004119635,33.76884856214747,10.9995580278337,True,
6663,onnx_model_043,measure,33.75892381325839,33.75931366812438,33.770310550928116,10.996882803738117,True,
6664,onnx_model_016,measure,33.76005993885689,33.760643205139786,33.77168854093179,11.045335792005062,True,
6665,onnx_model_018,measure,33.76467250040438,33.76508764317259,33.776038139127195,10.950495954602957,True,
6666,onnx_model_097,measure,33.77218560596609,33.77292295685038,33.78436478599906,11.441829148679972,True,
6667,onnx_model_075,measure,33.780754052432115,33.78126189811155,33.792291935067624,11.030036956071854,True,
6668,onnx_model_010,measure,33.78317170366078,33.78373310575262,33.79484125087038,11.108145117759705,True,
6669,onnx_model_042,measure,33.78348840691428,33.783917986787856,33.79489479213953,10.976805351674557,True,
6670,onnx_model_028,measure,33.79785017065998,33.798117227852345,33.80937438597903,11.257158126682043,True,
6671,onnx_model_028,measure,33.798138952301294,33.79850087687373,33.809905705973506,11.40482909977436,True,
6672,onnx_model_001,measure,33.80006487425301,33.80093300016597,33.81191516574472,10.982165578752756,True,
6673,onnx_model_008,measure,33.80894155905803,33.80956324515864,33.820673034060746,11.109788902103901,True,
6674,onnx_model_019,measure,33.812994595895425,33.814135185908526,33.82506492175162,10.929735843092203,True,
6675,onnx_model_013,measure,33.83590882949383,33.83630172116682,33.847406620159745,11.104898992925882,True,
6676,onnx_model_068,measure,33.83814477485021,33.83875627676025,33.84974326193333,10.986985173076391,True,
6677,onnx_model_015,measure,33.86246169813542,33.86406728019938,33.8757386659272,11.67138572782278,True,
6678,onnx_model_048,measure,33.863341223364806,33.86425376404077,33.87582653295249,11.572768911719322,True,
6679,onnx_model_057,measure,33.86370634207674,33.86442307615653,33.875790673773736,11.367597617208958,True,
6680,onnx_model_099,measure,33.867845312684764,33.86910622799769,33.88020159909502,11.095371097326279,True,
6681,onnx_model_038,measure,33.87270415863033,33.8738195579499,33.884906663093716,11.087105143815279,True,
6682,onnx_model_003,measure,33.874025351174815,33.874226410873234,33.885193096939474,10.966686066240072,True,
6683,onnx_model_096,measure,33.87751571592903,33.87808671919629,33.889177671168,11.090951971709728,True,
6684,onnx_model_079,measure,33.87931481832435,33.87957467697561,33.89080368215218,11.229005176573992,True,
6685,onnx_model_084,measure,33.88768169820285,33.88843042077497,33.899509551003575,11.079130228608847,True,
6686,onnx_model_047,measure,33.88983344001831,33.89041269896552,33.90142664499581,11.013946030288935,True,
6687,onnx_model_024,measure,33.89110327765949,33.89202483277768,33.902889125049114,10.86429227143526,True,
6688,onnx_model_056,measure,33.8921464417416,33.892402620986104,33.90339820319787,10.995582211762667,True,
6689,onnx_model_049,measure,33.89632243470197,33.89683996606618,33.90775126684457,10.911300778388977,True,
6690,onnx_model_012,measure,33.91174706131569,33.91199685819447,33.92311834776774,11.121489573270082,True,
6691,onnx_model_088,measure,33.92250670303572,33.92321428004652,33.93452253611758,11.308256071060896,True,
6692,onnx_model_092,measure,33.92302156370952,33.9234179770574,33.93465112987906,11.233152821660042,True,
6693,onnx_model_079,measure,33.926467175169996,33.92694514198229,33.937830944079906,10.88580209761858,True,
6694,onnx_model_093,measure,33.92728374541976,33.92839753301814,33.939446224831045,11.048691812902689,True,
6695,onnx_model_094,measure,33.930997963055354,33.931938773952425,33.94282265286893,10.883878916501999,True,
6696,onnx_model_075,measure,33.94427653015483,33.94506441382691,33.956103577744216,11.039163917303085,True,
6697,onnx_model_032,measure,33.95438032689149,33.955510050058365,33.96650387812406,10.993828065693378,True,
6698,onnx_model_019,measure,33.96001612430962,33.960326806176454,33.9712462220341,10.919415857642889,True,
6699,onnx_model_083,measure,33.96155637399574,33.961778725963086,33.97273402987048,10.95530390739441,True,
6700,onnx_model_093,measure,33.97585885801536,33.97695502405986,33.98805802874267,11.103004682809114,True,
6701,onnx_model_066,measure,33.97763237631909,33.97840739507228,33.98926454316825,10.857148095965385,True,
6702,onnx_model_098,measure,33.979935380543495,33.98084421688691,33.99171368777752,10.86947089061141,True,
6703,onnx_model_098,measure,33.99878971436361,34.00001580873504,34.011350995860994,11.335187125951052,True,
6704,onnx_model_073,measure,33.999364343933905,34.00020686304197,34.011407563928515,11.200700886547565,True,
6705,onnx_model_058,measure,34.009349537566486,34.01084759877995,34.02195676602423,11.109167244285345,True,
6706,onnx_model_091,measure,34.01193162199274,34.012704107910395,34.02366090519354,10.956797283142805,True,
6707,onnx_model_025,measure,34.01616570820281,34.01716825412586,34.02821184601635,11.043591890484095,True,
6708,onnx_model_012,measure,34.01674922232977,34.017277931794524,34.02828705916181,11.009127367287874,True,
6709,onnx_model_072,measure,34.01981032447851,34.020632127765566,34.03153981175274,10.907683987170458,True,
6710,onnx_model_087,measure,34.02443839102123,34.02481402689591,34.035615710075945,10.80168318003416,True,
6711,onnx_model_035,measure,34.02661787376576,34.02710284804925,34.03799053374678,10.88768569752574,True,
6712,onnx_model_060,measure,34.029575453728675,34.03044113377109,34.041206075809896,10.764942038804293,True,
6713,onnx_model_003,measure,34.033318404775265,34.033701981883496,34.04435662506148,10.654643177986145,True,
6714,onnx_model_092,measure,34.0368131164812,34.037779261823744,34.04853331390768,10.754052083939314,True,
6715,onnx_model_077,measure,34.04882794627818,34.04973110090941,34.06055814214051,10.82704123109579,True,
6716,onnx_model_008,measure,34.063237304413676,34.06375975813717,34.074510933831334,10.751175694167614,True,
6717,onnx_model_073,measure,34.082991640635164,34.084745719097555,34.09598760912195,11.241890024393797,True,
6718,onnx_model_043,measure,34.09508406675051,34.09609614498913,34.107239035889506,11.142890900373459,True,
6719,onnx_model_071,measure,34.09641821479454,34.097611505072564,34.10873528011143,11.123775038868189,True,
6720,onnx_model_021,measure,34.099200115915096,34.10014092316851,34.11123347887769,11.092555709183216,True,
6721,onnx_model_075,measure,34.10011410817178,34.10054374905303,34.111471040174365,10.927291121333838,True,
6722,onnx_model_035,measure,34.1021382481165,34.10305058397353,34.114327158778906,11.276574805378914,True,
6723,onnx_model_072,measure,34.10266702989821,34.10323461377993,34.1144795990549,11.244985274970531,True,
6724,onnx_model_098,measure,34.12107874513503,34.121781839989126,34.13289932301268,11.117483023554087,True,
6725,onnx_model_029,measure,34.1241206946039,34.12531407410279,34.13648636080325,11.172286700457335,True,
6726,onnx_model_045,measure,34.125250957615066,34.12572286091745,34.136637919116765,10.915058199316263,True,
6727,onnx_model_046,measure,34.13017130959374,34.13122170418501,34.14228966180235,11.067957617342472,True,
6728,onnx_model_093,measure,34.132591411993076,34.1330240201205,34.14417613809928,11.152117978781462,True,
6729,onnx_model_073,measure,34.13491896187994,34.135550091043115,34.14664703514427,11.096944101154804,True,
6730,onnx_model_020,measure,34.13715772539303,34.137862116098404,34.148810698185116,10.948582086712122,True,
6731,onnx_model_039,measure,34.142056402567114,34.14240357885137,34.153480724897236,11.077146045863628,True,
6732,onnx_model_044,measure,34.160899149588374,34.161707513034344,34.173077376093715,11.36986305937171,True,
6733,onnx_model_044,measure,34.160958700962865,34.1618742197752,34.17312895413488,11.254734359681606,True,
6734,onnx_model_026,measure,34.17555053434499,34.17643576906994,34.18758550379425,11.14973472431302,True,
6735,onnx_model_072,measure,34.17872344519591,34.17998151900247,34.19157313415781,11.591615155339241,True,
6736,onnx_model_019,measure,34.178740048009004,34.18016529874876,34.19162075407803,11.45545532926917,True,
6737,onnx_model_084,measure,34.17973166685397,34.180315264035016,34.19165562978014,11.340365745127201,True,
6738,onnx_model_001,measure,34.18701771877608,34.187693448737264,34.198690502904356,10.997054167091846,True,
6739,onnx_model_039,measure,34.19604720765247,34.19689901685342,34.207866814918816,10.967798065394163,True,
6740,onnx_model_090,measure,34.20311979798805,34.20391522394493,34.21517689106986,11.261667124927044,True,
6741,onnx_model_051,measure,34.21027356298891,34.211091614793986,34.22241717390716,11.325559113174677,True,
6742,onnx_model_011,measure,34.210711172826876,34.211255406960845,34.222465925849974,11.210518889129162,True,
6743,onnx_model_028,measure,34.21128409077445,34.21170179499313,34.22260735509917,10.905560106039047,True,
6744,onnx_model_086,measure,34.219806526827526,34.22045579506084,34.231825266964734,11.369471903890371,True,
6745,onnx_model_081,measure,34.22163960436242,34.221981985960156,34.23285901173949,10.877025779336691,True,
6746,onnx_model_037,measure,34.23111984731097,34.231921169906855,34.24284713808447,10.925968177616596,True,
6747,onnx_model_051,measure,34.23235007544406,34.23292817408219,34.24371067015454,10.782496072351933,True,
6748,onnx_model_024,measure,34.249412296609194,34.250013229902834,34.26102783717215,11.014607269316912,True,
6749,onnx_model_035,measure,34.25000661622138,34.25041904114187,34.26148826209828,11.069220956414938,True,
6750,onnx_model_004,measure,34.25283488477861,34.25391770200804,34.26482127793133,10.903575923293829,True,
6751,onnx_model_079,measure,34.25590281054038,34.25643651979044,34.26744899293408,11.01247314363718,True,
6752,onnx_model_014,measure,34.268287115042384,34.268689781893045,34.27972347475588,11.033692862838507,True,
6753,onnx_model_037,measure,34.2873568153605,34.2880223300308,34.29906042199582,11.038091965019703,True,
6754,onnx_model_028,measure,34.28840014447489,34.28955130698159,34.3005192251876,10.967918206006289,True,
6755,onnx_model_050,measure,34.29367529725992,34.294080255087465,34.30500498181209,10.924726724624634,True,
6756,onnx_model_002,measure,34.294436524759234,34.295613339170814,34.306642935145646,11.029595974832773,True,
6757,onnx_model_050,measure,34.30658781976451,34.30681583378464,34.31780104478821,10.985211003571749,True,
6758,onnx_model_045,measure,34.30736787730904,34.30827990686521,34.31934848707169,11.068580206483603,True,
6759,onnx_model_037,measure,34.31026754003089,34.310740573797375,34.32179748173803,11.056907940655947,True,
6760,onnx_model_045,measure,34.31041386709067,34.310908013023436,34.31946400599554,8.555992972105742,True,
6761,onnx_model_080,measure,34.31606788814655,34.316428516060114,34.32748537417501,11.056858114898205,True,
6762,onnx_model_058,measure,34.31655909804645,34.31678112689406,34.32795155001804,11.170423123985529,True,
6763,onnx_model_071,measure,34.316991577654996,34.31789790885523,34.328875637147576,10.977728292346,True,
6764,onnx_model_053,measure,34.32507222407842,34.32601692294702,34.33734677918255,11.329856235533953,True,
6765,onnx_model_096,measure,34.326974161383376,34.327581205870956,34.3385805641301,10.999358259141445,True,
6766,onnx_model_011,measure,34.329909291374236,34.33109359303489,34.341970768757164,10.877175722271204,True,
6767,onnx_model_085,measure,34.340181837338214,34.34079663688317,34.351836401969194,11.039765086025,True,
6768,onnx_model_015,measure,34.346943156350264,34.34719032980502,34.35808267490938,10.892345104366541,True,
6769,onnx_model_067,measure,34.34808997269045,34.34863404510543,34.35958627285436,10.952227748930454,True,
6770,onnx_model_008,measure,34.36382995255552,34.36483285576105,34.37653832696378,11.705471202731133,True,
6771,onnx_model_001,measure,34.3642298440378,34.364992829971015,34.376494754105806,11.501924134790897,True,
6772,onnx_model_018,measure,34.37657944409655,34.377750812098384,34.38932649511844,11.575683020055294,True,
6773,onnx_model_030,measure,34.37863961881647,34.379176271148026,34.39011980313808,10.94353199005127,True,
6774,onnx_model_010,measure,34.38128445988486,34.38163582701236,34.393183055799454,11.547228787094355,True,
6775,onnx_model_062,measure,34.385067617200946,34.38607306079939,34.39749474218115,11.421681381762028,True,
6776,onnx_model_028,measure,34.401918566474805,34.4027333301492,34.41388891497627,11.155584827065468,True,
6777,onnx_model_012,measure,34.40670688525801,34.407175614032894,34.41850876715034,11.333153117448092,True,
6778,onnx_model_065,measure,34.42763275048165,34.42881148075685,34.43995199678466,11.14051602780819,True,
6779,onnx_model_071,measure,34.428817953429665,34.42919904785231,34.440420288126916,11.221240274608135,True,
6780,onnx_model_089,measure,34.456163382382904,34.456720852758735,34.46792639279738,11.205540038645267,True,
6781,onnx_model_052,measure,34.45758962134463,34.45825377712026,34.46939925290644,11.145475786179304,True,
6782,onnx_model_077,measure,34.46131001110758,34.46181771112606,34.47275717603043,10.939464904367924,True,
6783,onnx_model_087,measure,34.46368469102703,34.46438904898241,34.47536659613252,10.977547150105238,True,
6784,onnx_model_044,measure,34.46438984934987,34.4647810338065,34.475750545971096,10.969512164592743,True,
6785,onnx_model_083,measure,34.46592204546736,34.46627640677616,34.477365375030786,11.088968254625797,True,
6786,onnx_model_078,measure,34.488656445511964,34.4896647548303,34.50084619875997,11.181443929672241,True,
6787,onnx_model_092,measure,34.503618068154246,34.50414335587993,34.51522423001006,11.080874130129814,True,
6788,onnx_model_072,measure,34.50435143787248,34.504554186947644,34.515485206153244,10.931019205600023,True,
6789,onnx_model_028,measure,34.50717343326568,34.508049591910094,34.519038810860366,10.989218950271606,True,
6790,onnx_model_040,measure,34.5087661003803,34.50955343013629,34.52048707380891,10.93364367261529,True,
6791,onnx_model_053,measure,34.51014534501944,34.51109728496522,34.52211365615949,11.016371194273233,True,
6792,onnx_model_014,measure,34.51164703201764,34.512620409950614,34.52355252113193,10.93211118131876,True,
6793,onnx_model_031,measure,34.5216984833682,34.52221116097644,34.53326181694865,11.050655972212553,True,
6794,onnx_model_083,measure,34.524465719580334,34.524797576945275,34.53579721599817,10.999639052897692,True,
6795,onnx_model_005,measure,34.52548856071653,34.526238936930895,34.53718914184719,10.95020491629839,True,
6796,onnx_model_017,measure,34.52772581158892,34.528694504871964,34.53978387406096,11.08936918899417,True,
6797,onnx_model_092,measure,34.52854674077495,34.52885807584971,34.53982463199645,10.966556146740913,True,
6798,onnx_model_070,measure,34.52959489303898,34.530372824985534,34.54143405100331,11.061226017773151,True,
6799,onnx_model_001,measure,34.53039591824197,34.53072394197807,34.54172233911231,10.998397134244442,True,
6800,onnx_model_010,measure,34.53341383387718,34.53448092378676,34.54543249076232,10.951566975563765,True,
6801,onnx_model_089,measure,34.535650162015024,34.53592723282054,34.547031010035425,11.103777214884758,True,
6802,onnx_model_003,measure,34.54034278713921,34.541039620991796,34.55179531592876,10.755694936960936,True,
6803,onnx_model_019,measure,34.5432096889912,34.54393845098093,34.55469934595749,10.760894976556301,True,
6804,onnx_model_038,measure,34.54601501180111,34.54665017593652,34.5575607358478,10.91055991128087,True,
6805,onnx_model_028,measure,34.550983203343705,34.551189695019275,34.56193931913003,10.749624110758305,True,
6806,onnx_model_036,measure,34.55734767998609,34.557616631966084,34.56830093078315,10.684298817068338,True,
6807,onnx_model_040,measure,34.558463058167355,34.55889663519338,34.56978442100808,10.88778581470251,True,
6808,onnx_model_087,measure,34.55934113506395,34.560170135926455,34.57081301603466,10.642880108207464,True,
6809,onnx_model_050,measure,34.56266438658784,34.563099573832005,34.57378411386162,10.684540029615164,True,
6810,onnx_model_014,measure,34.56343158068389,34.564393643755466,34.57501354115084,10.61989739537239,True,
6811,onnx_model_032,measure,34.56640745306376,34.56666782684624,34.57740734098479,10.739514138549566,True,
6812,onnx_model_091,measure,34.568489270768154,34.56942220311612,34.58022905513644,10.806852020323277,True,
6813,onnx_model_057,measure,34.56865898019388,34.569522724021226,34.580306412186474,10.78368816524744,True,
6814,onnx_model_017,measure,34.57060740678069,34.57086838176474,34.58159269718453,10.724315419793129,True,
6815,onnx_model_020,measure,34.57347165565938,34.57383977994323,34.58456675987691,10.726979933679104,True,
6816,onnx_model_004,measure,34.57691379819381,34.57717524981126,34.587874196935445,10.698947124183178,True,
6817,onnx_model_039,measure,34.57893309235415,34.579559050966054,34.59016905911267,10.610008146613836,True,
6818,onnx_model_062,measure,34.58378959656225,34.584634208120406,34.59522929787636,10.595089755952358,True,
6819,onnx_model_043,measure,34.59268703146334,34.59332257416099,34.60413546813652,10.812893975526094,True,
6820,onnx_model_025,measure,34.593088606507415,34.59343155100942,34.60420984914526,10.778298135846853,True,
6821,onnx_model_080,measure,34.60043500371173,34.60139298485592,34.61231010686606,10.917122010141611,True,
6822,onnx_model_029,measure,34.600487119755954,34.6014879248105,34.61222607688978,10.738152079284191,True,
6823,onnx_model_017,measure,34.60895415669565,34.60936856502667,34.62022868916392,10.86012413725257,True,
6824,onnx_model_035,measure,34.61557269807872,34.61645884299651,34.62729933904484,10.84049604833126,True,
6825,onnx_model_090,measure,34.62203242522286,34.62239505676553,34.63313258718699,10.737530421465635,True,
6826,onnx_model_001,measure,34.6257926656732,34.62673632893711,34.637771285139024,11.034956201910973,True,
6827,onnx_model_072,measure,34.634149016836865,34.63535764673725,34.6463780249469,11.020378209650517,True,
6828,onnx_model_000,measure,34.635804591930764,34.636794017162174,34.64798721391708,11.193196754902601,True,
6829,onnx_model_061,measure,34.636510292560466,34.636953961104155,34.6480480087921,11.09404768794775,True,
6830,onnx_model_025,measure,34.641224896000175,34.641989803873,34.65292051108554,10.930707212537527,True,
6831,onnx_model_081,measure,34.64281199017871,34.6434294199571,34.654379214160144,10.949794203042984,True,
6832,onnx_model_043,measure,34.64787297306121,34.64818789483979,34.659284548833966,11.096653994172812,True,
6833,onnx_model_039,measure,34.648070280371236,34.64836377976462,34.65937328711152,11.009507346898317,True,
6834,onnx_model_044,measure,34.65190430124775,34.653015731833875,34.663791324943304,10.775593109428883,True,
6835,onnx_model_011,measure,34.656259621353456,34.65660195890814,34.66748778196052,10.885823052376509,True,
6836,onnx_model_088,measure,34.66574818775123,34.66600728686899,34.676877059042454,10.869772173464298,True,
6837,onnx_model_004,measure,34.67810198777616,34.67910430300981,34.69022940983996,11.125106830149889,True,
6838,onnx_model_041,measure,34.678124385303306,34.67926811380312,34.69037000788376,11.101894080638885,True,
6839,onnx_model_001,measure,34.68236675683086,34.68280283315107,34.69367703376338,10.874200612306595,True,
6840,onnx_model_037,measure,34.68328341922799,34.68423301214352,34.69507261691615,10.839604772627354,True,
6841,onnx_model_046,measure,34.68560460513684,34.68668698705733,34.697668640874326,10.981653816998005,True,
6842,onnx_model_082,measure,34.68753215139017,34.688170646782964,34.698955547995865,10.784901212900877,True,
6843,onnx_model_009,measure,34.691534999990886,34.69259317405522,34.70336634200066,10.773167945444584,True,
6844,onnx_model_081,measure,34.696138744868804,34.697293849196285,34.708167077973485,10.873228777199984,True,
6845,onnx_model_035,measure,34.70459959195826,34.705587374046445,34.716392582748085,10.805208701640368,True,
6846,onnx_model_079,measure,34.70584555914381,34.70702225109562,34.71781978616491,10.797535069286823,True,
6847,onnx_model_051,measure,34.707789649604656,34.70826469315216,34.71918363776058,10.918944608420134,True,
6848,onnx_model_013,measure,34.70786830693188,34.70844513596967,34.719298746902496,10.853610932826996,True,
6849,onnx_model_000,measure,34.70878760075765,34.70995906414464,34.72068337909877,10.724314954131842,True,
6850,onnx_model_036,measure,34.711622702273246,34.71241585398093,34.72375978715718,11.343933176249266,True,
6851,onnx_model_093,measure,34.71164732767284,34.71257722983137,34.72380371019244,11.22648036107421,True,
6852,onnx_model_053,measure,34.71307555170169,34.714207970071584,34.72497138986364,10.763419792056084,True,
6853,onnx_model_017,measure,34.72125845946627,34.72190066287294,34.73266619676724,10.76553389430046,True,
6854,onnx_model_013,measure,34.72230316600932,34.723359757103026,34.73424718203023,10.887424927204847,True,
6855,onnx_model_074,measure,34.725289427221554,34.72619698988274,34.73710455419496,10.90756431221962,True,
6856,onnx_model_020,measure,34.725848020513716,34.726374357007444,34.737230953760445,10.856596753001213,True,
6857,onnx_model_014,measure,34.73356898870456,34.73388728778809,34.744650688022375,10.763400234282017,True,
6858,onnx_model_000,measure,34.74591937056404,34.74687000596896,34.75777978403494,10.90977806597948,True,
6859,onnx_model_087,measure,34.75704326828316,34.75731299677864,34.76843446679413,11.121470015496016,True,
6860,onnx_model_051,measure,34.761559069833304,34.76200079778209,34.77274846797809,10.747670195996761,True,
6861,onnx_model_055,measure,34.7677001667483,34.76854745205492,34.77942611090839,10.87865885347128,True,
6862,onnx_model_068,measure,34.77303216372785,34.77397610107437,34.78505796613172,11.081865057349205,True,
6863,onnx_model_094,measure,34.773115287559776,34.77414493216202,34.78516581095755,11.020878795534372,True,
6864,onnx_model_073,measure,34.7877528815198,34.78841398609802,34.79953666916117,11.122683063149452,True,
6865,onnx_model_092,measure,34.788836302670546,34.7898788000457,34.80115172918886,11.272929143160582,True,
6866,onnx_model_028,measure,34.78905278759661,34.79005361208692,34.80127462185919,11.221009772270918,True,
6867,onnx_model_025,measure,34.79135700531223,34.79160854779184,34.80244996584952,10.84141805768013,True,
6868,onnx_model_017,measure,34.795662430631424,34.79603824811056,34.8070601997897,11.02195167914033,True,
6869,onnx_model_073,measure,34.796107939353696,34.7964008981362,34.79997813794762,3.5772398114204407,True,
6870,onnx_model_016,measure,34.79887413069723,34.79963486501947,34.8105799597688,10.945094749331474,True,
6871,onnx_model_074,measure,34.81216968974186,34.81280130287632,34.82382487691939,11.02357404306531,True,
6872,onnx_model_069,measure,34.81874655728878,34.81925040110946,34.83024161402136,10.991212911903858,True,
6873,onnx_model_052,measure,34.82213138630055,34.82271143980324,34.83378967875615,11.07823895290494,True,
6874,onnx_model_061,measure,34.83028523763758,34.83146908786148,34.842895487789065,11.426399927586317,True,
6875,onnx_model_000,measure,34.83351500640092,34.8339012209326,34.844953258987516,11.052038054913282,True,
6876,onnx_model_011,measure,34.847573816105516,34.84817314008251,34.85945980390534,11.286663822829723,True,
6877,onnx_model_087,measure,34.850138131755344,34.850656950846314,34.861728796735406,11.071845889091492,True,
6878,onnx_model_066,measure,34.856959238327974,34.85809711413458,34.86901837401092,10.921259876340628,True,
6879,onnx_model_081,measure,34.86442686308324,34.864946893882006,34.875920813996345,10.973920114338398,True,
6880,onnx_model_039,measure,34.865582122137596,34.866404795087874,34.87747709173709,11.072296649217606,True,
6881,onnx_model_070,measure,34.869957019414294,34.87023720005527,34.88126685610041,11.029656045138836,True,
6882,onnx_model_038,measure,34.875709819084086,34.87601835979149,34.887047674972564,11.029315181076527,True,
6883,onnx_model_015,measure,34.876873032839164,34.87764308787882,34.88866967801005,11.026590131223202,True,
6884,onnx_model_041,measure,34.8775290559928,34.87800037674606,34.88899930519983,10.99892845377326,True,
6885,onnx_model_075,measure,34.880657500487246,34.88137671491131,34.89223738992587,10.860675014555454,True,
6886,onnx_model_047,measure,34.88142304691823,34.881738321855664,34.89273001579568,10.991693940013647,True,
6887,onnx_model_098,measure,34.88714541402242,34.888270067982376,34.8991109947674,10.84092678502202,True,
6888,onnx_model_094,measure,34.89232307764164,34.89282476576045,34.90381290297955,10.98813721910119,True,
6889,onnx_model_086,measure,34.89430864771315,34.895269833970815,34.906190131790936,10.92029782012105,True,
6890,onnx_model_009,measure,34.92726365026318,34.92844582675025,34.93949071178213,11.044885031878948,True,
6891,onnx_model_025,measure,34.930829628414756,34.93188828090206,34.94325972581282,11.371444910764694,True,
6892,onnx_model_087,measure,34.94240580288852,34.942797366995364,34.953853422775865,11.056055780500174,True,
6893,onnx_model_032,measure,34.94270718260807,34.943377549760044,34.954414159059525,11.036609299480915,True,
6894,onnx_model_047,measure,34.94848925776428,34.948832037858665,34.95980639895424,10.974361095577478,True,
6895,onnx_model_016,measure,34.954384062010924,34.95456921402365,34.96558521408588,11.01600006222725,True,
6896,onnx_model_010,measure,34.95464977803991,34.95493147196248,34.96602316619828,11.091694235801697,True,
6897,onnx_model_083,measure,34.95638569756407,34.957380047068,34.96824623178691,10.86618471890688,True,
6898,onnx_model_053,measure,34.9658365321331,34.96612605219707,34.97713830508292,11.012252885848284,True,
6899,onnx_model_026,measure,34.97132391572905,34.97247634315863,34.98357095196843,11.094608809798956,True,
6900,onnx_model_086,measure,34.97560963296444,34.97594536701217,34.986890772823244,10.945405811071396,True,
6901,onnx_model_093,measure,34.980709714221206,34.98138108989224,34.99241743795574,11.036348063498735,True,
6902,onnx_model_048,measure,34.98235516544509,34.982830153778195,34.994150753133,11.320599354803562,True,
6903,onnx_model_082,measure,34.98262948397256,34.98299557901919,34.99419472599402,11.19914697483182,True,
6904,onnx_model_025,measure,34.98737122720128,34.98812555987388,35.00898414896801,20.858589094132185,True,
6905,onnx_model_049,measure,34.99086413207388,34.99159868201241,35.009533933829516,17.9352518171072,True,
6906,onnx_model_088,measure,34.99114007254246,34.99176253285259,35.00958299776539,17.82046491280198,True,
6907,onnx_model_002,measure,34.99329751472314,34.993636596016586,35.00961941713467,15.982821118086576,True,
6908,onnx_model_074,measure,34.99866262422292,35.00908889807761,35.02011876506731,11.029866989701986,True,
