request_id,model_name,phase,scheduled_offset_seconds,started_offset_seconds,completed_offset_seconds,latency_ms,success,error
0,onnx_model_000,warmup,0.013853408477714551,0.014427052810788155,0.025500872638076544,11.07381982728839,True,
1,onnx_model_007,warmup,0.015225831666656014,0.0158386267721653,0.026681567076593637,10.842940304428339,True,
2,onnx_model_001,warmup,0.0175861690781682,0.01813182607293129,0.028972351923584938,10.840525850653648,True,
3,onnx_model_007,warmup,0.019220450323652084,0.019419793970882893,0.02673519868403673,7.315404713153839,True,
4,onnx_model_005,warmup,0.053048381845918084,0.05414584279060364,0.06513074366375804,10.984900873154402,True,
5,onnx_model_007,warmup,0.05305796477498649,0.05425863806158304,0.06522183679044247,10.963198728859425,True,
6,onnx_model_008,warmup,0.05563900299518262,0.056593656074255705,0.06765581388026476,11.062157806009054,True,
7,onnx_model_004,warmup,0.05843635125572672,0.05892382608726621,0.06988558266311884,10.961756575852633,True,
8,onnx_model_004,warmup,0.05945743757712177,0.06020262697711587,0.06999511085450649,9.792483877390623,True,
9,onnx_model_006,warmup,0.06009834363393627,0.060285835061222315,0.07126637687906623,10.980541817843914,True,
10,onnx_model_001,warmup,0.06442234145378692,0.0645940937101841,0.0756245106458664,11.030416935682297,True,
11,onnx_model_008,warmup,0.06562810135299832,0.06644113501533866,0.06778522999957204,1.3440949842333794,True,
12,onnx_model_009,warmup,0.07026729547489187,0.0713644539937377,0.082289501093328,10.925047099590302,True,
13,onnx_model_004,warmup,0.07700229715566781,0.07785298675298691,0.08890739968046546,11.054412927478552,True,
14,onnx_model_004,warmup,0.08106498205114031,0.08133760094642639,0.08959545800462365,8.25785705819726,True,
15,onnx_model_008,warmup,0.08257164727169886,0.08351273601874709,0.09447232773527503,10.959591716527939,True,
16,onnx_model_001,warmup,0.08860049202992724,0.0890079508535564,0.10005824686959386,11.050296016037464,True,
17,onnx_model_003,warmup,0.08872909212628793,0.08917588088661432,0.10018006805330515,11.004187166690826,True,
18,onnx_model_005,warmup,0.10993731100964038,0.1104033007286489,0.12142883893102407,11.025538202375174,True,
19,onnx_model_002,warmup,0.11191543386464871,0.11285474104806781,0.12413564370945096,11.280902661383152,True,
20,onnx_model_001,warmup,0.11616643038324531,0.11731504881754518,0.12832421576604247,11.009166948497295,True,
21,onnx_model_001,warmup,0.11860803124205371,0.11978657683357596,0.12837484199553728,8.588265161961317,True,
22,onnx_model_005,warmup,0.11934176718267886,0.12001257669180632,0.1215602089650929,1.547632273286581,True,
23,onnx_model_009,warmup,0.12961077782359565,0.13060497166588902,0.14153723185881972,10.932260192930698,True,
24,onnx_model_002,warmup,0.13258046049289354,0.1331136398948729,0.14407477574422956,10.961135849356651,True,
25,onnx_model_003,warmup,0.1405876070838711,0.14163705194368958,0.15254152985289693,10.904477909207344,True,
26,onnx_model_007,warmup,0.14147905321766016,0.1420271536335349,0.15303982701152563,11.012673377990723,True,
27,onnx_model_002,warmup,0.1484090344659079,0.14930407609790564,0.16010554786771536,10.801471769809723,True,
28,onnx_model_009,warmup,0.17180321182998406,0.17236051289364696,0.18340426590293646,11.043753009289503,True,
29,onnx_model_002,warmup,0.17871332201833603,0.17980996379628778,0.19075685180723667,10.946888010948896,True,
30,onnx_model_003,warmup,0.18066200741580402,0.1812867010012269,0.19222139567136765,10.934694670140743,True,
31,onnx_model_003,warmup,0.18509287364678956,0.18564597703516483,0.19226157199591398,6.615594960749149,True,
32,onnx_model_001,warmup,0.18646390240670285,0.18710887804627419,0.19805989367887378,10.951015632599592,True,
33,onnx_model_000,warmup,0.21751451021883,0.21829508803784847,0.22927729366347194,10.982205625623465,True,
34,onnx_model_007,warmup,0.21841897326461143,0.21867894800379872,0.22973502380773425,11.056075803935528,True,
35,onnx_model_006,warmup,0.25046255470771783,0.251023530960083,0.2621436477638781,11.1201168037951,True,
36,onnx_model_007,warmup,0.25731780434294266,0.2575757256709039,0.2686163717880845,11.040646117180586,True,
37,onnx_model_004,warmup,0.26313212793374513,0.26336635276675224,0.2743173590861261,10.951006319373846,True,
38,onnx_model_003,warmup,0.264618462969423,0.265820998698473,0.2771252258680761,11.30422716960311,True,
39,onnx_model_003,warmup,0.2654995949858932,0.2660056799650192,0.27718134270980954,11.175662744790316,True,
40,onnx_model_003,warmup,0.27233411229110477,0.27284437883645296,0.27726911986246705,4.42474102601409,True,
41,onnx_model_005,warmup,0.2774412908941875,0.2784883677959442,0.289490170776844,11.00180298089981,True,
42,onnx_model_002,warmup,0.2932495426950622,0.2937149107456207,0.30463784374296665,10.922932997345924,True,
43,onnx_model_007,warmup,0.2951292210223914,0.29621079564094543,0.30728321289643645,11.072417255491018,True,
44,onnx_model_006,warmup,0.30836566950479155,0.3095089830458164,0.32053700601682067,11.028022971004248,True,
45,onnx_model_003,warmup,0.3166247504055548,0.3169718086719513,0.3280764678493142,11.104659177362919,True,
46,onnx_model_004,warmup,0.3174410907889292,0.3184125176630914,0.3292735726572573,10.861054994165897,True,
47,onnx_model_009,warmup,0.3186349818083216,0.3187826410867274,0.32992081390693784,11.138172820210457,True,
48,onnx_model_003,warmup,0.3226860643608195,0.3237657640129328,0.32818915182724595,4.423387814313173,True,
49,onnx_model_009,warmup,0.3249534840943771,0.32523160986602306,0.32998423371464014,4.752623848617077,True,
50,onnx_model_000,warmup,0.32957979405638355,0.33007800206542015,0.34140568505972624,11.327682994306087,True,
51,onnx_model_008,warmup,0.3301472162511272,0.3304462619125843,0.34194019064307213,11.493928730487823,True,
52,onnx_model_008,warmup,0.3304372747705798,0.33079673908650875,0.34198501566424966,11.188276577740908,True,
53,onnx_model_001,warmup,0.3329835329506431,0.3332534790970385,0.3440794269554317,10.825947858393192,True,
54,onnx_model_009,warmup,0.3334255263731183,0.33361472468823195,0.34452582569792867,10.911101009696722,True,
55,onnx_model_009,warmup,0.3411620598087514,0.3415034110657871,0.34458147175610065,3.0780606903135777,True,
56,onnx_model_005,warmup,0.34560773972828257,0.34680416667833924,0.3581048878841102,11.30072120577097,True,
57,onnx_model_004,warmup,0.34934941174252176,0.3502727597951889,0.3611198686994612,10.847108904272318,True,
58,onnx_model_005,warmup,0.35675313842208906,0.3577366778627038,0.3686342020519078,10.897524189203978,True,
59,onnx_model_003,warmup,0.3647375790091274,0.36534446896985173,0.3762294896878302,10.885020717978477,True,
60,onnx_model_003,warmup,0.38029874749669923,0.38146849907934666,0.3924125018529594,10.944002773612738,True,
61,onnx_model_009,warmup,0.38539935010151977,0.38593328604474664,0.39702089177444577,11.087605729699135,True,
62,onnx_model_005,warmup,0.39107493093273493,0.391379086766392,0.40233542397618294,10.956337209790945,True,
63,onnx_model_001,warmup,0.39344028651476426,0.3946471996605396,0.406119286082685,11.472086422145367,True,
64,onnx_model_007,warmup,0.39394574633940327,0.39481124095618725,0.40626958198845387,11.458341032266617,True,
65,onnx_model_005,warmup,0.39790697078571535,0.39824322471395135,0.40246804570779204,4.224820993840694,True,
66,onnx_model_007,warmup,0.39860075346765067,0.39968474488705397,0.40630746399983764,6.62271911278367,True,
67,onnx_model_001,warmup,0.40490087970438726,0.4057173919863999,0.41669937781989574,10.981985833495855,True,
68,onnx_model_004,warmup,0.4093931328251579,0.4105379660613835,0.42150720674544573,10.969240684062243,True,
69,onnx_model_000,warmup,0.4123025895022179,0.4129987130872905,0.4240030306391418,11.004317551851273,True,
70,onnx_model_003,warmup,0.412917383770767,0.4133576760068536,0.42420755978673697,10.849883779883385,True,
71,onnx_model_000,warmup,0.42179129270993504,0.42272799694910645,0.42415009066462517,1.422093715518713,True,
72,onnx_model_006,warmup,0.43109923149626206,0.4314341158606112,0.44254481606185436,11.110700201243162,True,
73,onnx_model_004,warmup,0.4353329086649276,0.43596619088202715,0.4471854167059064,11.219225823879242,True,
74,onnx_model_004,warmup,0.43902672354655725,0.43951051868498325,0.4472398408688605,7.72932218387723,True,
75,onnx_model_003,warmup,0.43940357901678856,0.439931227825582,0.4509315979667008,11.000370141118765,True,
76,onnx_model_006,warmup,0.4451558451548355,0.44585335487499833,0.45704324590042233,11.189891025424004,True,
77,onnx_model_001,warmup,0.4540609913208337,0.45524015789851546,0.4664379940368235,11.197836138308048,True,
78,onnx_model_008,warmup,0.45770522690460985,0.4583721016533673,0.4694667407311499,11.094639077782631,True,
79,onnx_model_002,warmup,0.4692059790807061,0.4695785939693451,0.48069065576419234,11.11206179484725,True,
80,onnx_model_006,warmup,0.4753845945025233,0.476110118906945,0.4871709547005594,11.060835793614388,True,
81,onnx_model_005,warmup,0.4778164980145298,0.4786516409367323,0.4898526920005679,11.20105106383562,True,
82,onnx_model_005,warmup,0.4845780927662475,0.48501160973683,0.4899259707890451,4.914361052215099,True,
83,onnx_model_009,warmup,0.48983469581061156,0.49009611504152417,0.5012707756832242,11.17466064170003,True,
84,onnx_model_003,warmup,0.49872792975874747,0.5006313007324934,0.5117813549004495,11.150054167956114,True,
85,onnx_model_003,warmup,0.5084653079189073,0.5095873549580574,0.5118336249142885,2.2462699562311172,True,
86,onnx_model_009,warmup,0.5087473156694058,0.5097745507955551,0.521011239849031,11.236689053475857,True,
87,onnx_model_000,warmup,0.5092845977458494,0.5099510159343481,0.5211358368396759,11.184820905327797,True,
88,onnx_model_002,warmup,0.5099588058345741,0.510497965849936,0.5215717260725796,11.073760222643614,True,
89,onnx_model_005,warmup,0.5114251078738646,0.5119777489453554,0.5229756240732968,10.99787512794137,True,
90,onnx_model_003,warmup,0.5138253605605769,0.5145136588253081,0.5256427139975131,11.129055172204971,True,
91,onnx_model_004,warmup,0.5231026950864548,0.5242753648199141,0.5354564487934113,11.181083973497152,True,
92,onnx_model_007,warmup,0.5241960080258595,0.5246776700951159,0.5357186868786812,11.041016783565283,True,
93,onnx_model_004,warmup,0.5310047558212392,0.5319866826757789,0.5355108217336237,3.5241390578448772,True,
94,onnx_model_002,warmup,0.5340850916211031,0.53456020494923,0.5455484017729759,10.988196823745966,True,
95,onnx_model_006,warmup,0.535787370688428,0.536968904081732,0.5480598956346512,11.09099155291915,True,
96,onnx_model_006,warmup,0.5438181127127494,0.5444468478672206,0.5481981690973043,3.751321230083704,True,
97,onnx_model_003,warmup,0.5458336677821087,0.5467985779978335,0.5578182647004724,11.019686702638865,True,
98,onnx_model_006,warmup,0.5480830699179492,0.5483280257321894,0.5592204006388783,10.892374906688929,True,
99,onnx_model_007,warmup,0.5500021832847519,0.5507835228927433,0.5617912970483303,11.007774155586958,True,
100,onnx_model_002,warmup,0.550797031801749,0.5511577450670302,0.5619862880557775,10.828542988747358,True,
101,onnx_model_002,warmup,0.5526558372217788,0.5535961999557912,0.5621025487780571,8.506348822265863,True,
102,onnx_model_008,warmup,0.5534482501020687,0.5537596200592816,0.564915515948087,11.15589588880539,True,
103,onnx_model_003,warmup,0.5550888462418233,0.555344722699374,0.5579472500830889,2.6025273837149143,True,
104,onnx_model_008,warmup,0.5592349317649739,0.5593980578705668,0.5649530878290534,5.555029958486557,True,
105,onnx_model_003,warmup,0.5711918192267931,0.5722420727834105,0.5833714976906776,11.129424907267094,True,
106,onnx_model_009,warmup,0.5811367391167662,0.5827907947823405,0.5937074357643723,10.916640982031822,True,
107,onnx_model_004,warmup,0.5844053524153106,0.5855983006767929,0.5965210339054465,10.92273322865367,True,
108,onnx_model_002,warmup,0.5873562962334975,0.5880391309037805,0.5989978117868304,10.958680883049965,True,
109,onnx_model_005,warmup,0.5911438562446604,0.591475322842598,0.6024778070859611,11.002484243363142,True,
110,onnx_model_009,warmup,0.5942121143313752,0.594940488692373,0.6058215228840709,10.881034191697836,True,
111,onnx_model_000,warmup,0.596307090266638,0.5966166658326983,0.6074707577936351,10.854091960936785,True,
112,onnx_model_005,warmup,0.6009630314698173,0.6012205169536173,0.6025884868577123,1.3679699040949345,True,
113,onnx_model_008,warmup,0.6080179537449106,0.6087060957215726,0.6198801356367767,11.174039915204048,True,
114,onnx_model_002,warmup,0.6124721904972673,0.6131620057858527,0.6241570757701993,10.995069984346628,True,
115,onnx_model_000,warmup,0.6150402652207545,0.6155920848250389,0.6264351569116116,10.843072086572647,True,
116,onnx_model_009,warmup,0.6164341867100372,0.617012816015631,0.6281019346788526,11.089118663221598,True,
117,onnx_model_009,warmup,0.6190651495955541,0.6194475437514484,0.6281458279117942,8.698284160345793,True,
118,onnx_model_002,warmup,0.6219057802399941,0.6231131320819259,0.6242888267152011,1.1756946332752705,True,
119,onnx_model_002,warmup,0.6285913883886551,0.6293711178004742,0.640387567691505,11.016449891030788,True,
120,onnx_model_004,warmup,0.6308479722066458,0.6318208938464522,0.642913700081408,11.092806234955788,True,
121,onnx_model_005,warmup,0.6388326735476801,0.6392759149894118,0.6501486930064857,10.87277801707387,True,
122,onnx_model_004,warmup,0.6396108173814978,0.6405059127137065,0.643049277830869,2.543365117162466,True,
123,onnx_model_004,warmup,0.6436351567354105,0.6442684349603951,0.6551412530243397,10.872818063944578,True,
124,onnx_model_002,warmup,0.6464844267983436,0.6477063498459756,0.6587909506633878,11.084600817412138,True,
125,onnx_model_002,warmup,0.6501276483005644,0.6503022247925401,0.6588474079035223,8.54518311098218,True,
126,onnx_model_002,warmup,0.6620545895822114,0.6630847118794918,0.6741748326458037,11.090120766311884,True,
127,onnx_model_002,warmup,0.6644696635005405,0.6655261730775237,0.6746213720180094,9.095198940485716,True,
128,onnx_model_004,warmup,0.6706769284016824,0.6709749908186495,0.6820370280183852,11.062037199735641,True,
129,onnx_model_000,warmup,0.6712121715533169,0.6724073737859726,0.6832835469394922,10.87617315351963,True,
130,onnx_model_004,warmup,0.672490193203801,0.6727595129050314,0.6821513348259032,9.391821920871735,True,
131,onnx_model_008,warmup,0.6739391531211893,0.6742736408486962,0.6852140268310905,10.940385982394218,True,
132,onnx_model_007,warmup,0.6796911991268443,0.6808705506846309,0.6922802086919546,11.409658007323742,True,
133,onnx_model_006,warmup,0.6797940278798075,0.6810370767489076,0.6921143736690283,11.077296920120716,True,
134,onnx_model_007,warmup,0.6860939997829265,0.6864510579034686,0.6923197139985859,5.8686560951173306,True,
135,onnx_model_005,warmup,0.6889853626131288,0.6899123080074787,0.7010929910466075,11.18068303912878,True,
136,onnx_model_000,warmup,0.6890727830779728,0.6900938129983842,0.701230192091316,11.136379092931747,True,
137,onnx_model_007,warmup,0.7029312551587922,0.7034516339190304,0.7144044237211347,10.952789802104235,True,
138,onnx_model_004,warmup,0.7046911025083987,0.7059334916993976,0.7169879646971822,11.054472997784615,True,
139,onnx_model_006,warmup,0.7188908922368995,0.7192099187523127,0.7301529799588025,10.943061206489801,True,
140,onnx_model_000,warmup,0.722014595135927,0.722662040963769,0.733699410688132,11.037369724363089,True,
141,onnx_model_006,warmup,0.730281367369986,0.7313791606575251,0.7425690707750618,11.189910117536783,True,
142,onnx_model_008,warmup,0.7307798186299437,0.7315420499071479,0.7427265709266067,11.18452101945877,True,
143,onnx_model_006,warmup,0.7359635057600349,0.7369389990344644,0.7427864638157189,5.84746478125453,True,
144,onnx_model_004,warmup,0.7443819526538279,0.7450077868998051,0.7559718177653849,10.964030865579844,True,
145,onnx_model_006,warmup,0.7474310949634819,0.7484483867883682,0.7594191208481789,10.970734059810638,True,
146,onnx_model_003,warmup,0.7590260428526655,0.7595139709301293,0.7704203929752111,10.906422045081854,True,
147,onnx_model_007,warmup,0.7605504877283642,0.7609672038815916,0.7719888938590884,11.021689977496862,True,
148,onnx_model_000,warmup,0.7622680667143428,0.7634069207124412,0.7742368467152119,10.829926002770662,True,
149,onnx_model_002,warmup,0.7742596467149125,0.7744033937342465,0.7860103966668248,11.607002932578325,True,
150,onnx_model_004,warmup,0.7778676532618788,0.7788434438407421,0.7898842208087444,11.04077696800232,True,
151,onnx_model_005,warmup,0.7882476874403208,0.7892346857115626,0.8002736098133028,11.038924101740122,True,
152,onnx_model_004,warmup,0.7923554619116315,0.7931096120737493,0.8041360317729414,11.026419699192047,True,
153,onnx_model_007,warmup,0.7986231993780378,0.7995516969822347,0.8106598318554461,11.108134873211384,True,
154,onnx_model_004,warmup,0.8045713277163343,0.8053564508445561,0.8163121766410768,10.95572579652071,True,
155,onnx_model_008,warmup,0.8077070727489022,0.8088048659265041,0.8201405839063227,11.335717979818583,True,
156,onnx_model_006,warmup,0.8092657393565921,0.8102769050747156,0.8212611540220678,10.984248947352171,True,
157,onnx_model_000,warmup,0.8140258371505211,0.8149058637209237,0.8259241278283298,11.01826410740614,True,
158,onnx_model_009,warmup,0.8183651867343829,0.81953578395769,0.8305106060579419,10.974822100251913,True,
159,onnx_model_008,warmup,0.8206166870491677,0.8213569060899317,0.8323961398564279,11.039233766496181,True,
160,onnx_model_003,warmup,0.8366305142790619,0.8376159518957138,0.8485956126824021,10.979660786688328,True,
161,onnx_model_007,warmup,0.8388957243836632,0.8400580338202417,0.8512178380042315,11.159804183989763,True,
162,onnx_model_002,warmup,0.848269747609665,0.848692636936903,0.8596457079984248,10.953071061521769,True,
163,onnx_model_004,warmup,0.8556098444652295,0.8564571868628263,0.8677208968438208,11.263709980994463,True,
164,onnx_model_009,warmup,0.8652711611607444,0.8658820716664195,0.8769025607034564,11.020489037036896,True,
165,onnx_model_004,warmup,0.8669450435030998,0.8673194837756455,0.878512361086905,11.192877311259508,True,
166,onnx_model_006,warmup,0.8744717960685261,0.8749634749256074,0.8861787929199636,11.215317994356155,True,
167,onnx_model_006,warmup,0.8773212449753497,0.8781239418312907,0.8862237688153982,8.099826984107494,True,
168,onnx_model_003,warmup,0.884763766197755,0.8857397786341608,0.8967383056879044,10.9985270537436,True,
169,onnx_model_001,warmup,0.9049104959529135,0.9069713368080556,0.9179896009154618,11.01826410740614,True,
170,onnx_model_001,warmup,0.9151485101385717,0.9154936368577182,0.9181251088157296,2.631471958011389,True,
171,onnx_model_009,warmup,0.9155779215654255,0.9159364188089967,0.9268902498297393,10.953831020742655,True,
172,onnx_model_001,warmup,0.9165562035979204,0.9174313498660922,0.9286934076808393,11.262057814747095,True,
173,onnx_model_001,warmup,0.9241884732446797,0.92535877879709,0.9287563976831734,3.3976188860833645,True,
174,onnx_model_003,warmup,0.9328524616501412,0.9339953758753836,0.9449062258936465,10.910850018262863,True,
175,onnx_model_001,warmup,0.9404925546663829,0.9414643738418818,0.9525216119363904,11.057238094508648,True,
176,onnx_model_005,warmup,0.9421714904533607,0.9429385857656598,0.9540003128349781,11.061727069318295,True,
177,onnx_model_004,warmup,0.9463347603797406,0.94713673600927,0.9581212657503784,10.984529741108418,True,
178,onnx_model_003,warmup,0.9476568506909888,0.9485825849696994,0.95958098070696,10.99839573726058,True,
179,onnx_model_004,warmup,0.9537911065641679,0.9541089897975326,0.9582491889595985,4.140199162065983,True,
180,onnx_model_001,warmup,0.9669735440350256,0.9678057646378875,0.9791762689128518,11.370504274964333,True,
181,onnx_model_000,warmup,0.9670349762836826,0.967985606752336,0.9791323849931359,11.146778240799904,True,
182,onnx_model_008,warmup,0.9686778828104068,0.9694922207854688,0.9803241910412908,10.831970255821943,True,
183,onnx_model_007,warmup,0.9832633490601957,0.9835604727268219,0.9946223497390747,11.061877012252808,True,
184,onnx_model_005,warmup,0.990436522195885,0.9910027487203479,1.0021712887100875,11.168539989739656,True,
185,onnx_model_001,warmup,0.9976517370773266,0.998844294808805,1.0097790197469294,10.934724938124418,True,
186,onnx_model_007,warmup,1.000937061254204,1.0012908158823848,1.0125922076404095,11.301391758024693,True,
187,onnx_model_000,warmup,1.0013846140427836,1.0016990010626614,1.0127611188217998,11.062117759138346,True,
188,onnx_model_000,warmup,1.007621097085259,1.0084062409587204,1.0128007638268173,4.3945228680968285,True,
189,onnx_model_003,warmup,1.0078496164375919,1.0085723167285323,1.0196245550177991,11.052238289266825,True,
190,onnx_model_004,warmup,1.0108700048826182,1.012003067880869,1.0230718478560448,11.068779975175858,True,
191,onnx_model_004,warmup,1.0141602962131653,1.0150195118039846,1.023129557725042,8.110045921057463,True,
192,onnx_model_004,warmup,1.0236275779721116,1.0243438058532774,1.0353249800391495,10.981174185872078,True,
193,onnx_model_005,warmup,1.024780379031042,1.0257819099351764,1.0367528540082276,10.970944073051214,True,
194,onnx_model_007,warmup,1.0302455289470798,1.0312295649200678,1.0421605329029262,10.93096798285842,True,
195,onnx_model_002,warmup,1.039635482433683,1.0400047856383026,1.0512465336360037,11.241747997701168,True,
196,onnx_model_003,warmup,1.0398130811814137,1.0401673149317503,1.0514222676865757,11.254952754825354,True,
197,onnx_model_003,warmup,1.0424927420906909,1.043380863033235,1.0514607019722462,8.079838939011097,True,
198,onnx_model_005,warmup,1.0447677186536768,1.0458496357314289,1.0569178350269794,11.068199295550585,True,
199,onnx_model_000,warmup,1.0497068325842636,1.0503183696419,1.0613869498483837,11.068580206483603,True,
200,onnx_model_007,warmup,1.0518484764804072,1.0526907499879599,1.064020685851574,11.329935863614082,True,
201,onnx_model_001,warmup,1.0520888104365966,1.052853608969599,1.064062425866723,11.208816897124052,True,
202,onnx_model_006,warmup,1.0521585271614549,1.0530258370563388,1.0642005079425871,11.17467088624835,True,
203,onnx_model_004,warmup,1.0596712605038627,1.0601457706652582,1.0710864569991827,10.940686333924532,True,
204,onnx_model_003,warmup,1.0641211687064014,1.0643303650431335,1.0753475967794657,11.017231736332178,True,
205,onnx_model_003,warmup,1.0730788593704876,1.0733086518011987,1.0754640488885343,2.1553970873355865,True,
206,onnx_model_008,warmup,1.0790806721087156,1.0796820158138871,1.0907551948912442,11.073179077357054,True,
207,onnx_model_009,warmup,1.0800206303598867,1.0811428427696228,1.0922368420287967,11.09399925917387,True,
208,onnx_model_002,warmup,1.0806404201445161,1.0813048407435417,1.0922945709899068,10.98973024636507,True,
209,onnx_model_008,warmup,1.085144233916271,1.0858107060194016,1.0907990178093314,4.988311789929867,True,
210,onnx_model_005,warmup,1.0896608080284298,1.0902579599060118,1.1012949598953128,11.036999989300966,True,
211,onnx_model_001,warmup,1.0965077801791883,1.097510966937989,1.1084548998624086,10.943932924419641,True,
212,onnx_model_007,warmup,1.0974160119861152,1.097891098819673,1.1089175990782678,11.026500258594751,True,
213,onnx_model_005,warmup,1.1108081884174046,1.1111582480370998,1.1228543007746339,11.696052737534046,True,
214,onnx_model_005,warmup,1.1119163837256245,1.1125981248915195,1.1229403847828507,10.342259891331196,True,
215,onnx_model_009,warmup,1.1132467273978015,1.1140094278380275,1.1248972937464714,10.887865908443928,True,
216,onnx_model_000,warmup,1.121499467453786,1.1224438208155334,1.1333339009433985,10.890080127865076,True,
217,onnx_model_007,warmup,1.126348947473934,1.127081475686282,1.1379804238677025,10.898948181420565,True,
218,onnx_model_001,warmup,1.1277344451387001,1.1284298286773264,1.1393359396606684,10.906110983341932,True,
219,onnx_model_000,warmup,1.1286061106902594,1.1297649070620537,1.1334264166653156,3.6615096032619476,True,
220,onnx_model_009,warmup,1.1338906019387387,1.1346058687195182,1.145427428651601,10.821559932082891,True,
221,onnx_model_006,warmup,1.1474509340913317,1.1476678578183055,1.1586365378461778,10.968680027872324,True,
222,onnx_model_003,warmup,1.1545199044116075,1.155137786641717,1.166105445008725,10.96765836700797,True,
223,onnx_model_004,warmup,1.1703147318725178,1.1713314689695835,1.1824562456458807,11.124776676297188,True,
224,onnx_model_004,warmup,1.1703214463629832,1.1714945896528661,1.1825835080817342,11.088918428868055,True,
225,onnx_model_002,warmup,1.172117217849994,1.1730144587345421,1.1839162409305573,10.90178219601512,True,
226,onnx_model_008,warmup,1.175042282828115,1.1754515608772635,1.1865715789608657,11.12001808360219,True,
227,onnx_model_003,warmup,1.1855144028604583,1.1861699149012566,1.1970693836919963,10.899468790739775,True,
228,onnx_model_007,warmup,1.1884847341030738,1.1888066167011857,1.2003286089748144,11.521992273628712,True,
229,onnx_model_009,warmup,1.1914264514015145,1.1923012100160122,1.2032631868496537,10.961976833641529,True,
230,onnx_model_005,warmup,1.1938042702677876,1.1947548938915133,1.2057089558802545,10.95406198874116,True,
231,onnx_model_000,warmup,1.1953466018497751,1.1962031270377338,1.2070650639943779,10.861936956644058,True,
232,onnx_model_003,warmup,1.199177841808657,1.2004244509153068,1.2113565518520772,10.93210093677044,True,
233,onnx_model_008,warmup,1.2024134980363888,1.2028810009360313,1.213853467721492,10.97246678546071,True,
234,onnx_model_004,warmup,1.222064016682623,1.2241242206655443,1.2351594367064536,11.03521604090929,True,
235,onnx_model_005,warmup,1.2233677967214518,1.2242932626977563,1.2353087509982288,11.015488300472498,True,
236,onnx_model_009,warmup,1.2450804386659593,1.2455544867552817,1.2567763379774988,11.221851222217083,True,
237,onnx_model_001,warmup,1.2554022697825633,1.256008307915181,1.267344256862998,11.335948947817087,True,
238,onnx_model_004,warmup,1.2581008140559093,1.259001427795738,1.2701644669286907,11.16303913295269,True,
239,onnx_model_003,warmup,1.2667026365578322,1.2674756958149374,1.2784686428494751,10.992947034537792,True,
240,onnx_model_006,warmup,1.2725594158052052,1.2737426487728953,1.2848158576525748,11.073208879679441,True,
241,onnx_model_002,warmup,1.2887650340368753,1.2891216319985688,1.3003647439181805,11.243111919611692,True,
242,onnx_model_002,warmup,1.2961120869135399,1.2966725048609078,1.3004192477092147,3.7467428483068943,True,
243,onnx_model_007,warmup,1.2985352892143156,1.2992745819501579,1.3103334428742528,11.058860924094915,True,
244,onnx_model_002,warmup,1.317925824812757,1.3186597297899425,1.3303415458649397,11.681816074997187,True,
245,onnx_model_003,warmup,1.3194581647932497,1.320229924749583,1.3313718540593982,11.141929309815168,True,
246,onnx_model_007,warmup,1.3212140285550662,1.3217737800441682,1.332808414939791,11.03463489562273,True,
247,onnx_model_007,warmup,1.333792800783417,1.334084329660982,1.3451961320824921,11.11180242151022,True,
248,onnx_model_000,warmup,1.3379014765855337,1.3386296997778118,1.3498069467023015,11.177246924489737,True,
249,onnx_model_001,warmup,1.3535497161229437,1.354110807646066,1.36508056987077,10.969762224704027,True,
250,onnx_model_005,warmup,1.3600862737293444,1.3605633326806128,1.3715777299366891,11.014397256076336,True,
251,onnx_model_005,warmup,1.3623910535498915,1.362956692930311,1.3716197600588202,8.663067128509283,True,
252,onnx_model_001,warmup,1.3652218779402263,1.3663234016858041,1.3771860096603632,10.862607974559069,True,
253,onnx_model_007,warmup,1.368355670237159,1.3687517079524696,1.3798678177408874,11.116109788417816,True,
254,onnx_model_008,warmup,1.3742310844730081,1.3748215660452843,1.3857377357780933,10.916169732809067,True,
255,onnx_model_003,warmup,1.3789333341872192,1.3793924148194492,1.3903393726795912,10.946957860141993,True,
256,onnx_model_002,warmup,1.3819265676128203,1.3830331647768617,1.3940141987986863,10.981034021824598,True,
257,onnx_model_007,warmup,1.3918530116112051,1.3926703040488064,1.4037302378565073,11.059933807700872,True,
258,onnx_model_003,warmup,1.3977875133642406,1.3982677240855992,1.4093337589874864,11.066034901887178,True,
259,onnx_model_008,warmup,1.3991586518414438,1.3997432887554169,1.4107108069583774,10.967518202960491,True,
260,onnx_model_000,warmup,1.411708986771799,1.4119670847430825,1.423007299657911,11.040214914828539,True,
261,onnx_model_004,warmup,1.4394244294609864,1.4403138579800725,1.4515139376744628,11.200079694390297,True,
262,onnx_model_004,warmup,1.4430072391826583,1.4438778129406273,1.451566908042878,7.689095102250576,True,
263,onnx_model_002,warmup,1.453905376589062,1.4548909268341959,1.4661483657546341,11.25743892043829,True,
264,onnx_model_007,warmup,1.4540005880815805,1.4550841539166868,1.4663529647514224,11.268810834735632,True,
265,onnx_model_001,warmup,1.4549986963306303,1.4555428358726203,1.46654307609424,11.000240221619606,True,
266,onnx_model_004,warmup,1.4554627584068922,1.45591777889058,1.4669415028765798,11.023723985999823,True,
267,onnx_model_002,warmup,1.4607366035935296,1.4614277626387775,1.466311336029321,4.883573390543461,True,
268,onnx_model_008,warmup,1.4621390463494859,1.4629916646517813,1.4744265410117805,11.43487635999918,True,
269,onnx_model_001,warmup,1.462765439275493,1.4633396966382861,1.4666021978482604,3.262501209974289,True,
270,onnx_model_000,warmup,1.4789284257493953,1.479665078688413,1.4907268658280373,11.061787139624357,True,
271,onnx_model_002,warmup,1.4914650038639994,1.4920395109802485,1.503238268662244,11.19875768199563,True,
272,onnx_model_003,warmup,1.5029294768880979,1.5033502718433738,1.5144940139725804,11.143742129206657,True,
273,onnx_model_003,warmup,1.5084073404148255,1.5089042787440121,1.514548597857356,5.644319113343954,True,
274,onnx_model_009,warmup,1.5181709502518546,1.518846527673304,1.5300789689645171,11.232441291213036,True,
275,onnx_model_008,warmup,1.5273338987264524,1.529413403943181,1.5405921726487577,11.178768705576658,True,
276,onnx_model_004,warmup,1.5311290066420271,1.5323856440372765,1.5434811348095536,11.095490772277117,True,
277,onnx_model_000,warmup,1.5415249140080731,1.5419065216556191,1.5528731476515532,10.96662599593401,True,
278,onnx_model_004,warmup,1.542399688324324,1.5435954020358622,1.5547405369579792,11.145134922116995,True,
279,onnx_model_004,warmup,1.5471629800057898,1.54813233576715,1.5547940586693585,6.661722902208567,True,
280,onnx_model_009,warmup,1.5580170703469156,1.5590992430225015,1.5702169756405056,11.117732618004084,True,
281,onnx_model_002,warmup,1.5588554483108994,1.559288882650435,1.570355448871851,11.066566221415997,True,
282,onnx_model_005,warmup,1.5599898291408993,1.5609070789068937,1.5718231089413166,10.916030034422874,True,
283,onnx_model_000,warmup,1.5651541813116634,1.5653969440609217,1.5763968429528177,10.99989889189601,True,
284,onnx_model_001,warmup,1.5723235150158887,1.5730181806720793,1.5841359137557447,11.117733083665371,True,
285,onnx_model_006,warmup,1.5735488466500376,1.5744726448319852,1.5854517449624836,10.97910013049841,True,
286,onnx_model_000,warmup,1.5745017249313806,1.574838601052761,1.5765088060870767,1.670205034315586,True,
287,onnx_model_009,warmup,1.574602290949724,1.5750263980589807,1.5859976527281106,10.971254669129848,True,
288,onnx_model_008,warmup,1.582876667571581,1.5837350320070982,1.5947546088136733,11.01957680657506,True,
289,onnx_model_002,warmup,1.5869615913992263,1.5872168797068298,1.5982439210638404,11.027041357010603,True,
290,onnx_model_000,warmup,1.5873720036803323,1.5875960509292781,1.598810147959739,11.214097030460835,True,
291,onnx_model_004,warmup,1.5874545562660718,1.5877562859095633,1.5988543117418885,11.09802583232522,True,
292,onnx_model_005,warmup,1.5966672776972604,1.5969939450733364,1.6079083420336246,10.914396960288286,True,
293,onnx_model_007,warmup,1.598178604595926,1.5983923939056695,1.6093568648211658,10.96447091549635,True,
294,onnx_model_009,warmup,1.6124019643755498,1.6135765258222818,1.6245321207679808,10.955594945698977,True,
295,onnx_model_007,warmup,1.6157134029402973,1.6160193299874663,1.6271644048392773,11.145074851810932,True,
296,onnx_model_006,warmup,1.6183588558527633,1.6194522650912404,1.6303691868670285,10.916921775788069,True,
297,onnx_model_007,warmup,1.6209228407771719,1.6219029538333416,1.6272038398310542,5.300885997712612,True,
298,onnx_model_007,warmup,1.6309498744948105,1.6315898969769478,1.6426646588370204,11.074761860072613,True,
299,onnx_model_003,warmup,1.6312343847994142,1.6317554120905697,1.6428137519396842,11.058339849114418,True,
300,onnx_model_004,warmup,1.6319208326888541,1.6322009689174592,1.6430720230564475,10.871054138988256,True,
301,onnx_model_000,warmup,1.6389551142572176,1.6396340779028833,1.6505489759147167,10.91489801183343,True,
302,onnx_model_002,warmup,1.6396110881886339,1.6399993430823088,1.6508509800769389,10.851636994630098,True,
303,onnx_model_006,warmup,1.6521479615125085,1.65308375377208,1.6640567118301988,10.97295805811882,True,
304,onnx_model_004,warmup,1.6544238229210853,1.6555279497988522,1.6665665628388524,11.0386130400002,True,
305,onnx_model_000,warmup,1.6562092617275637,1.6569922538474202,1.6681775748729706,11.185321025550365,True,
306,onnx_model_003,warmup,1.666966208151002,1.667805197648704,1.6786789069883525,10.873709339648485,True,
307,onnx_model_007,warmup,1.682030211802127,1.6829119636677206,1.6939134560525417,11.001492384821177,True,
308,onnx_model_002,warmup,1.6829990548477263,1.6832804339937866,1.6943028657697141,11.022431775927544,True,
309,onnx_model_003,warmup,1.6842035857193352,1.684707666747272,1.6955571398139,10.84947306662798,True,
310,onnx_model_009,warmup,1.6924255984269356,1.6931776870042086,1.704132901970297,10.955214966088533,True,
311,onnx_model_001,warmup,1.7003811603303067,1.7007973208092153,1.7117184707894921,10.921149980276823,True,
312,onnx_model_000,warmup,1.7013160633833535,1.7022583680227399,1.713253978639841,10.995610617101192,True,
313,onnx_model_008,warmup,1.714144093704893,1.7144793290644884,1.725438972003758,10.959642939269543,True,
314,onnx_model_008,warmup,1.721585763323644,1.7219546879641712,1.7255713627673686,3.616674803197384,True,
315,onnx_model_004,warmup,1.7258296216249323,1.726790189743042,1.737739542964846,10.949353221803904,True,
316,onnx_model_005,warmup,1.7324441132077477,1.7332470337860286,1.744291316717863,11.04428293183446,True,
317,onnx_model_002,warmup,1.7427463810614892,1.7429817379452288,1.7539919870905578,11.010249145328999,True,
318,onnx_model_003,warmup,1.76794023785802,1.7683093319647014,1.7794636650942266,11.154333129525185,True,
319,onnx_model_000,warmup,1.7703900700698738,1.7708748690783978,1.7820654809474945,11.190611869096756,True,
320,onnx_model_000,warmup,1.7789480841173029,1.7795806666836143,1.7821213868446648,2.540720161050558,True,
321,onnx_model_008,warmup,1.7823944250812274,1.7834265977144241,1.7943523060530424,10.925708338618279,True,
322,onnx_model_004,warmup,1.7881216298839835,1.7889197198674083,1.8002744130790234,11.354693211615086,True,
323,onnx_model_001,warmup,1.789019985739734,1.7892320840619504,1.8003978678025305,11.165783740580082,True,
324,onnx_model_005,warmup,1.7912906407642686,1.7916391189210117,1.8026231080293655,10.983989108353853,True,
325,onnx_model_009,warmup,1.8018782704289782,1.802707918919623,1.8143233987502754,11.615479830652475,True,
326,onnx_model_005,warmup,1.811930790052788,1.813883211929351,1.8249379647895694,11.054752860218287,True,
327,onnx_model_000,warmup,1.815959701273651,1.8166250437498093,1.8276307438500226,11.00570010021329,True,
328,onnx_model_004,warmup,1.817824440343735,1.818181131966412,1.829184046946466,11.002914980053902,True,
329,onnx_model_003,warmup,1.8250730905992323,1.8262449000030756,1.837394192814827,11.149292811751366,True,
330,onnx_model_005,warmup,1.8251828202133515,1.8264353917911649,1.8375809877179563,11.14559592679143,True,
331,onnx_model_007,warmup,1.831717883530852,1.8324172929860651,1.843451326712966,11.034033726900816,True,
332,onnx_model_005,warmup,1.8325557168737572,1.8327968437224627,1.8376208636909723,4.824019968509674,True,
333,onnx_model_002,warmup,1.8432042588058104,1.8435497339814901,1.854561646003276,11.011912021785975,True,
334,onnx_model_009,warmup,1.8479407173666098,1.849016766063869,1.8604752570390701,11.45849097520113,True,
335,onnx_model_005,warmup,1.848083736573194,1.8491862379014492,1.8602537857368588,11.067547835409641,True,
336,onnx_model_009,warmup,1.8494297507400124,1.8496537366881967,1.8605156540870667,10.861917398869991,True,
337,onnx_model_006,warmup,1.851907614901233,1.8531036949716508,1.8640714026987553,10.967707727104425,True,
338,onnx_model_007,warmup,1.8535673964679185,1.8546594618819654,1.8655679170042276,10.90845512226224,True,
339,onnx_model_002,warmup,1.854967284478261,1.8561127739958465,1.8672945899888873,11.1818159930408,True,
340,onnx_model_005,warmup,1.855909007962067,1.8562754238955677,1.8605490969493985,4.273673053830862,True,
341,onnx_model_002,warmup,1.8790129785605048,1.8795221019536257,1.8905701828189194,11.048080865293741,True,
342,onnx_model_003,warmup,1.8796779103116048,1.8799171126447618,1.8910881476476789,11.171035002917051,True,
343,onnx_model_000,warmup,1.883913628856069,1.8843795959837735,1.8957582646980882,11.3786687143147,True,
344,onnx_model_009,warmup,1.8861610099736943,1.886845262721181,1.8981557516381145,11.310488916933537,True,
345,onnx_model_005,warmup,1.8862359218024982,1.887024262920022,1.8979981527663767,10.973889846354723,True,
346,onnx_model_001,warmup,1.889826546158584,1.890667697880417,1.9015207290649414,10.853031184524298,True,
347,onnx_model_009,warmup,1.8942322586549138,1.8954243496991694,1.8982012490741909,2.7768993750214577,True,
348,onnx_model_006,warmup,1.8954023168803225,1.8959262939170003,1.9072787640616298,11.352470144629478,True,
349,onnx_model_006,warmup,1.9022427271784652,1.9027413688600063,1.9073244207538664,4.583051893860102,True,
350,onnx_model_003,warmup,1.9052114128570456,1.9062048927880824,1.9172492357902229,11.044343002140522,True,
351,onnx_model_008,warmup,1.906374350830246,1.906563424039632,1.9175040107220411,10.940586682409048,True,
352,onnx_model_006,warmup,1.9065184249581655,1.9068448189646006,1.9179446678608656,11.09984889626503,True,
353,onnx_model_003,warmup,1.9078842942763898,1.9085496198385954,1.9173651468008757,8.815526962280273,True,
354,onnx_model_006,warmup,1.9087062592245065,1.908927627839148,1.9179955050349236,9.067877195775509,True,
355,onnx_model_007,warmup,1.9089432960285468,1.9092797576449811,1.920223189983517,10.943432338535786,True,
356,onnx_model_009,warmup,1.9111799036785753,1.9117190139368176,1.9228411656804383,11.122151743620634,True,
357,onnx_model_009,warmup,1.9214538926477824,1.9224481987766922,1.9334554318338633,11.007233057171106,True,
358,onnx_model_002,warmup,1.9331912170245793,1.9335527569055557,1.9445011587813497,10.948401875793934,True,
359,onnx_model_003,warmup,1.9378586362427075,1.9390138578601182,1.9499334949068725,10.91963704675436,True,
360,onnx_model_001,warmup,1.95003862424543,1.9511625608429313,1.9619781598448753,10.815599001944065,True,
361,onnx_model_005,warmup,1.952907042270954,1.9536183387972414,1.9650525939650834,11.434255167841911,True,
362,onnx_model_002,warmup,1.9541798170035287,1.9550153450109065,1.965885005891323,10.869660880416632,True,
363,onnx_model_005,warmup,1.956810412560038,1.9574539200402796,1.9651796957477927,7.725775707513094,True,
364,onnx_model_001,warmup,1.9587652408426364,1.9599036970175803,1.962055847980082,2.1521509625017643,True,
365,onnx_model_002,warmup,1.9731225783494222,1.9741132268682122,1.985061477869749,10.948251001536846,True,
366,onnx_model_004,warmup,1.9777889913116948,1.9785522050224245,1.9895305926911533,10.978387668728828,True,
367,onnx_model_000,warmup,1.9822681864303557,1.983011671807617,1.9939638897776604,10.95221797004342,True,
368,onnx_model_005,warmup,1.983603214834183,1.9844455369748175,1.995649253949523,11.203716974705458,True,
369,onnx_model_006,warmup,1.9872241651253204,1.9882896239869297,1.9992322050966322,10.942581109702587,True,
370,onnx_model_001,warmup,1.991769485680819,1.9927535597234964,2.0037103570066392,10.956797283142805,True,
371,onnx_model_007,warmup,1.9945829602080751,1.9951866050250828,2.00626960163936,11.082996614277363,True,
372,onnx_model_000,warmup,2.0014665406026615,2.002454709727317,2.0134496800601482,10.994970332831144,True,
373,onnx_model_009,warmup,2.003511204051521,2.0038081030361354,2.014873436652124,11.065333615988493,True,
374,onnx_model_002,warmup,2.0129176070863455,2.013546905014664,2.0244689560495317,10.922051034867764,True,
375,onnx_model_007,warmup,2.0143611127665535,2.01497096195817,2.025837336666882,10.866374708712101,True,
376,onnx_model_002,warmup,2.024638697245497,2.0256203948520124,2.036488212645054,10.867817793041468,True,
377,onnx_model_009,warmup,2.0413789061238585,2.041668800637126,2.052536508999765,10.86770836263895,True,
378,onnx_model_001,warmup,2.0421955701043206,2.042980082798749,2.0537487426772714,10.768659878522158,True,
379,onnx_model_001,warmup,2.0517401120233503,2.052608856000006,2.0538233048282564,1.2144488282501698,True,
380,onnx_model_007,warmup,2.0521025987755346,2.0527294259518385,2.063718494027853,10.989068076014519,True,
381,onnx_model_007,warmup,2.0578454125198604,2.058974747080356,2.063808725681156,4.833978600800037,True,
382,onnx_model_000,warmup,2.0589632523704116,2.0591836739331484,2.0699854968115687,10.801822878420353,True,
383,onnx_model_008,warmup,2.0678461996778377,2.06898260070011,2.0798070859164,10.824485216289759,True,
384,onnx_model_008,warmup,2.0796874521655258,2.0799386869184673,2.0908108530566096,10.872166138142347,True,
385,onnx_model_007,warmup,2.0850586286509154,2.085317400749773,2.096299004741013,10.981603991240263,True,
386,onnx_model_009,warmup,2.099681464102257,2.1005498357117176,2.1116069238632917,11.057088151574135,True,
387,onnx_model_002,warmup,2.099750170589886,2.100692957639694,2.112049926072359,11.356968432664871,True,
388,onnx_model_003,warmup,2.1006036674531914,2.101077939849347,2.1120911240577698,11.0131842084229,True,
389,onnx_model_007,warmup,2.101219904490179,2.101358552929014,2.1122690718621016,10.910518933087587,True,
390,onnx_model_007,warmup,2.1058446082725246,2.10684483172372,2.112398037686944,5.553205963224173,True,
391,onnx_model_009,warmup,2.1112549977135027,2.111704669892788,2.122579351067543,10.874681174755096,True,
392,onnx_model_005,warmup,2.1150550630109826,2.115601236000657,2.126477220095694,10.875984095036983,True,
393,onnx_model_001,warmup,2.119865812577442,2.120981162879616,2.131891541648656,10.910378769040108,True,
394,onnx_model_005,warmup,2.119889474868416,2.1211110898293555,2.1265849848277867,5.473894998431206,True,
395,onnx_model_003,warmup,2.128188561675399,2.128767793998122,2.139517568051815,10.749774053692818,True,
396,onnx_model_007,warmup,2.1398946559033574,2.1407345309853554,2.151579435914755,10.84490492939949,True,
397,onnx_model_009,warmup,2.1408335067369793,2.1410309448838234,2.151814331766218,10.783386882394552,True,
398,onnx_model_006,warmup,2.1482097867476955,2.1493742540478706,2.1602034587413073,10.829204693436623,True,
399,onnx_model_001,warmup,2.1557179847614836,2.1559790088795125,2.166815367061645,10.836358182132244,True,
400,onnx_model_009,warmup,2.1644041251891464,2.1653966796584427,2.1762926317751408,10.895952116698027,True,
401,onnx_model_006,warmup,2.1742358612494614,2.1750627337023616,2.1859849258325994,10.922192130237818,True,
402,onnx_model_002,warmup,2.1767634787409382,2.1775360256433487,2.1885384297929704,11.002404149621725,True,
403,onnx_model_007,warmup,2.1807687786964407,2.181975804734975,2.1930663869716227,11.090582236647606,True,
404,onnx_model_008,warmup,2.1831793139181768,2.1844073366373777,2.195387518964708,10.980182327330112,True,
405,onnx_model_002,warmup,2.184061754842385,2.1845511198043823,2.1885815816931427,4.030461888760328,True,
406,onnx_model_007,warmup,2.1968237463039286,2.1976939127780497,2.2085431460291147,10.849233251065016,True,
407,onnx_model_001,warmup,2.201928405625243,2.202259170822799,2.2129945470951498,10.73537627235055,True,
408,onnx_model_005,warmup,2.205963445630864,2.2066701659932733,2.2172466297633946,10.576463770121336,True,
409,onnx_model_006,warmup,2.208836644063282,2.2097441288642585,2.22038765065372,10.643521789461374,True,
410,onnx_model_005,warmup,2.2108282295372836,2.2111157360486686,2.2173197087831795,6.203972734510899,True,
411,onnx_model_008,warmup,2.2116757347970517,2.2124972720630467,2.2231063987128437,10.609126649796963,True,
412,onnx_model_008,warmup,2.2153668244900206,2.2161715258844197,2.2231418159790337,6.970290094614029,True,
413,onnx_model_006,warmup,2.2194912094848993,2.2204523738473654,2.2310336069203913,10.581233073025942,True,
414,onnx_model_003,warmup,2.221172094599723,2.2217106358148158,2.2323539569042623,10.643321089446545,True,
415,onnx_model_002,warmup,2.2248677887955814,2.225277726072818,2.235828661825508,10.550935752689838,True,
416,onnx_model_004,warmup,2.231471618161985,2.2321713799610734,2.242739307694137,10.567927733063698,True,
417,onnx_model_007,warmup,2.2324589551505998,2.233491108752787,2.2440641769208014,10.573068168014288,True,
418,onnx_model_005,warmup,2.2356287222168496,2.2359160878695548,2.2465776638127863,10.661575943231583,True,
419,onnx_model_005,warmup,2.239696036159301,2.2401963137090206,2.246781070716679,6.584757007658482,True,
420,onnx_model_008,warmup,2.243204673442308,2.24388213083148,2.254545941017568,10.663810186088085,True,
421,onnx_model_009,warmup,2.245772315470655,2.2461990946903825,2.257201608736068,11.00251404568553,True,
422,onnx_model_004,warmup,2.2494179318866507,2.249922602903098,2.260664210654795,10.741607751697302,True,
423,onnx_model_004,warmup,2.2546294217466047,2.2557651987299323,2.2606910220347345,4.925823304802179,True,
424,onnx_model_000,warmup,2.2550362196210427,2.2559465430676937,2.2666968880221248,10.750344954431057,True,
425,onnx_model_002,warmup,2.2634443356023946,2.2638386846520007,2.274384330958128,10.54564630612731,True,
426,onnx_model_002,warmup,2.268827966744292,2.2698688777163625,2.2744527608156204,4.583883099257946,True,
427,onnx_model_006,warmup,2.270739889552781,2.2711134939454496,2.281652867794037,10.539373848587275,True,
428,onnx_model_003,warmup,2.2719377453453196,2.272352027706802,2.282835495658219,10.48346795141697,True,
429,onnx_model_004,warmup,2.272468582050352,2.2735886587761343,2.284074009861797,10.485351085662842,True,
430,onnx_model_000,warmup,2.273672448983506,2.27376363100484,2.284168508835137,10.404877830296755,True,
431,onnx_model_008,warmup,2.277117924718278,2.277587058953941,2.288117735646665,10.530676692724228,True,
432,onnx_model_008,warmup,2.280411757228771,2.280851363670081,2.2883697147481143,7.518351078033447,True,
433,onnx_model_008,warmup,2.284576612178288,2.2853014329448342,2.2883917167782784,3.0902838334441185,True,
434,onnx_model_007,warmup,2.2876209137089973,2.2881785118952394,2.298815811984241,10.637300089001656,True,
435,onnx_model_004,warmup,2.2916266990654774,2.292551213875413,2.303329040762037,10.777826886624098,True,
436,onnx_model_006,warmup,2.3118079745406224,2.313641693908721,2.3247541966848075,11.11250277608633,True,
437,onnx_model_000,warmup,2.317627910019573,2.3182215997949243,2.3293214086443186,11.099808849394321,True,
438,onnx_model_008,warmup,2.3316099359583395,2.3326219930313528,2.3438925268128514,11.27053378149867,True,
439,onnx_model_008,warmup,2.3332721338377764,2.3341338466852903,2.3439524206332862,9.818573947995901,True,
440,onnx_model_003,warmup,2.333401967793789,2.334310421720147,2.3451956738717854,10.88525215163827,True,
441,onnx_model_004,warmup,2.340947899738373,2.3419282929971814,2.352963339071721,11.035046074539423,True,
442,onnx_model_005,warmup,2.3426828509868125,2.3434304678812623,2.3546272618696094,11.196793988347054,True,
443,onnx_model_005,warmup,2.3482831032448033,2.349427697714418,2.3546721967868507,5.244499072432518,True,
444,onnx_model_002,warmup,2.3537979109368146,2.3541976250708103,2.365059050731361,10.861425660550594,True,
445,onnx_model_005,warmup,2.354571958227843,2.354820298962295,2.3655976550653577,10.77735610306263,True,
446,onnx_model_003,warmup,2.358075454462129,2.35928340209648,2.370311405044049,11.028002947568893,True,
447,onnx_model_007,warmup,2.363340124132456,2.3637312869541347,2.374849601648748,11.118314694613218,True,
448,onnx_model_004,warmup,2.369219981913507,2.3698381357826293,2.3809943217784166,11.156185995787382,True,
449,onnx_model_000,warmup,2.371089680967495,2.37155265500769,2.3830492277629673,11.496572755277157,True,
450,onnx_model_000,warmup,2.371800360907584,2.37301231874153,2.3830949049443007,10.082586202770472,True,
451,onnx_model_004,warmup,2.3732413713817606,2.3744598510675132,2.381130921654403,6.671070586889982,True,
452,onnx_model_005,warmup,2.378197012786077,2.3791060326620936,2.390208967961371,11.102935299277306,True,
453,onnx_model_007,warmup,2.3814938701120347,2.3823596467263997,2.3935052137821913,11.145567055791616,True,
454,onnx_model_008,warmup,2.3816591749512295,2.3825531750917435,2.3936176570132375,11.064481921494007,True,
455,onnx_model_009,warmup,2.3870308956110247,2.387329794932157,2.3982478277757764,10.918032843619585,True,
456,onnx_model_009,warmup,2.3888614823543377,2.3897880678996444,2.398362847045064,8.574779145419598,True,
457,onnx_model_003,warmup,2.4030328622756914,2.4036460798233747,2.4150010840967298,11.355004273355007,True,
458,onnx_model_008,warmup,2.4057901562644997,2.406209151726216,2.4172409218735993,11.031770147383213,True,
459,onnx_model_008,warmup,2.409152837899708,2.409692302811891,2.417709712870419,8.017410058528185,True,
460,onnx_model_001,warmup,2.4117050739230588,2.412150785792619,2.423069149721414,10.91836392879486,True,
461,onnx_model_000,warmup,2.41371811046257,2.414640147704631,2.4256101506762207,10.970002971589565,True,
462,onnx_model_001,warmup,2.4169751809208,2.4173571430146694,2.4231935967691243,5.836453754454851,True,
463,onnx_model_009,warmup,2.4292037878988006,2.4298772318288684,2.4409895250573754,11.112293228507042,True,
464,onnx_model_009,warmup,2.43298821688808,2.433339753653854,2.441103921737522,7.764168083667755,True,
465,onnx_model_001,warmup,2.436160168979847,2.4367804238572717,2.4476695116609335,10.889087803661823,True,
466,onnx_model_006,warmup,2.4525530046639434,2.452914271969348,2.4640481458045542,11.133873835206032,True,
467,onnx_model_006,warmup,2.4609168307070464,2.461366227827966,2.4641712796874344,2.8050518594682217,True,
468,onnx_model_005,warmup,2.4662036389798154,2.467401569709182,2.478595968801528,11.19439909234643,True,
469,onnx_model_001,warmup,2.4671158652327327,2.4675668538548052,2.478762645740062,11.195791885256767,True,
470,onnx_model_009,warmup,2.4721048580954816,2.4731049216352403,2.484078160021454,10.97323838621378,True,
471,onnx_model_001,warmup,2.473900259578483,2.4745490169152617,2.4788205358199775,4.271518904715776,True,
472,onnx_model_003,warmup,2.4742933401292935,2.474714681971818,2.4857122357934713,10.997553821653128,True,
473,onnx_model_004,warmup,2.4834090776368973,2.484173120930791,2.4952358286827803,11.062707751989365,True,
474,onnx_model_000,warmup,2.4866266169229534,2.486963113769889,2.4981234977021813,11.160383932292461,True,
475,onnx_model_000,warmup,2.488102417205268,2.488458215724677,2.4982825508341193,9.824335109442472,True,
476,onnx_model_002,warmup,2.4882765566480836,2.4886437789537013,2.4997201026417315,11.076323688030243,True,
477,onnx_model_000,warmup,2.494611883576034,2.495335458777845,2.4983542966656387,3.0188378877937794,True,
478,onnx_model_001,warmup,2.4962680295643285,2.4967792127281427,2.5079573607072234,11.178147979080677,True,
479,onnx_model_002,warmup,2.5000750113881094,2.500954810064286,2.5122549296356738,11.300119571387768,True,
480,onnx_model_009,warmup,2.5001938916769806,2.501120023895055,2.5121458028443158,11.025778949260712,True,
481,onnx_model_001,warmup,2.5055174364145,2.5066287056542933,2.508103558793664,1.4748531393706799,True,
482,onnx_model_006,warmup,2.507868550803337,2.5081982389092445,2.519345748703927,11.147509794682264,True,
483,onnx_model_008,warmup,2.5094120416014647,2.509675005916506,2.5205801757983863,10.905169881880283,True,
484,onnx_model_001,warmup,2.516970923033469,2.517482917755842,2.5285969940014184,11.114076245576143,True,
485,onnx_model_002,warmup,2.5173334431389476,2.517647550906986,2.5288443150930107,11.196764186024666,True,
486,onnx_model_005,warmup,2.5178673119301145,2.5181955830194056,2.5293225436471403,11.126960627734661,True,
487,onnx_model_005,warmup,2.517996891735829,2.5183920157141984,2.529443783685565,11.051767971366644,True,
488,onnx_model_007,warmup,2.5270794378716888,2.52782309288159,2.5389210088178515,11.097915936261415,True,
489,onnx_model_005,warmup,2.532363938325868,2.5326665099710226,2.543728427030146,11.061917059123516,True,
490,onnx_model_008,warmup,2.53980087319221,2.5401431317441165,2.5510733886621892,10.9302569180727,True,
491,onnx_model_007,warmup,2.5410029770463236,2.5415867660194635,2.5526508768089116,11.064110789448023,True,
492,onnx_model_005,warmup,2.5416144320792715,2.54196171881631,2.5438777809031308,1.9160620868206024,True,
493,onnx_model_008,warmup,2.548095302058686,2.5490985750220716,2.5511938580311835,2.0952830091118813,True,
494,onnx_model_009,warmup,2.5522065901952615,2.552746699657291,2.563731160014868,10.984460357576609,True,
495,onnx_model_006,warmup,2.58142367474019,2.582974267657846,2.594037306960672,11.063039302825928,True,
496,onnx_model_006,warmup,2.5881153120854377,2.5884265420027077,2.5941466349177063,5.720092914998531,True,
497,onnx_model_003,warmup,2.6087064773899087,2.6093667056411505,2.620256946887821,10.890241246670485,True,
498,onnx_model_001,warmup,2.61310556485041,2.613809220958501,2.6247852849774063,10.976064018905163,True,
499,onnx_model_008,warmup,2.617873757743579,2.6182621959596872,2.629139701835811,10.877505876123905,True,
500,onnx_model_007,warmup,2.622517254126391,2.6234807847067714,2.634385704062879,10.904919356107712,True,
501,onnx_model_007,warmup,2.636201486314434,2.6366074266843498,2.647702226880938,11.09480019658804,True,
502,onnx_model_005,warmup,2.6444754136502286,2.645048052072525,2.6560325720347464,10.984519962221384,True,
503,onnx_model_002,warmup,2.647845925356912,2.6489661289379,2.6601146906614304,11.148561723530293,True,
504,onnx_model_009,warmup,2.659323540754572,2.6602174770087004,2.6712421630509198,11.0246860422194,True,
505,onnx_model_003,warmup,2.6654390466446674,2.665756214875728,2.6767248646356165,10.968649759888649,True,
506,onnx_model_000,warmup,2.666585362582289,2.667264142073691,2.6782366586849093,10.972516611218452,True,
507,onnx_model_002,warmup,2.667309483257778,2.667640837840736,2.67862938484177,10.988547001034021,True,
508,onnx_model_000,warmup,2.68017604823814,2.6808655159547925,2.6917840796522796,10.918563697487116,True,
509,onnx_model_007,warmup,2.685620154474105,2.686324032023549,2.697422567754984,11.098535731434822,True,
510,onnx_model_003,warmup,2.6900946774784025,2.6907701226882637,2.701689810026437,10.91968733817339,True,
511,onnx_model_006,warmup,2.692930592998956,2.694012916646898,2.705026441719383,11.013525072485209,True,
512,onnx_model_006,warmup,2.6962574257005407,2.6975212059915066,2.7050692536868155,7.548047695308924,True,
513,onnx_model_006,warmup,2.699290679669375,2.7000153767876327,2.7051823986694217,5.167021881788969,True,
514,onnx_model_003,warmup,2.705231296755859,2.7064031790941954,2.7175219049677253,11.118725873529911,True,
515,onnx_model_007,warmup,2.707869738371236,2.7088546389713883,2.7198447696864605,10.990130715072155,True,
516,onnx_model_005,warmup,2.7128358458788155,2.7133119218051434,2.7243008096702397,10.98888786509633,True,
517,onnx_model_005,warmup,2.7156291719949968,2.7167534539476037,2.724361706059426,7.608252111822367,True,
518,onnx_model_008,warmup,2.7164704225093326,2.717057452071458,2.72807146795094,11.01401587948203,True,
519,onnx_model_002,warmup,2.724619231876275,2.7255848008207977,2.7367024938575923,11.117693036794662,True,
520,onnx_model_005,warmup,2.726179052623405,2.72712465794757,2.7382632209919393,11.13856304436922,True,
521,onnx_model_002,warmup,2.7367148824808116,2.7369143767282367,2.7481038668192923,11.189490091055632,True,
522,onnx_model_009,warmup,2.742586699043607,2.7435671030543745,2.754900906700641,11.33380364626646,True,
523,onnx_model_009,warmup,2.7451297603308693,2.7461749399080873,2.754956411663443,8.781471755355597,True,
524,onnx_model_009,warmup,2.7454834824335457,2.746366012841463,2.754993692971766,8.627680130302906,True,
525,onnx_model_001,warmup,2.7509238449743156,2.7514138389378786,2.762494401074946,11.080562137067318,True,
526,onnx_model_004,warmup,2.7556975521826836,2.7563008479774,2.7673594090156257,11.05856103822589,True,
527,onnx_model_009,warmup,2.76526522050355,2.7658002646639943,2.776784494984895,10.984230320900679,True,
528,onnx_model_000,warmup,2.76741737009933,2.768659319728613,2.779847155790776,11.187836062163115,True,
529,onnx_model_000,warmup,2.770116785399182,2.771228212863207,2.7799241128377616,8.695899974554777,True,
530,onnx_model_008,warmup,2.7706440384428817,2.7714172219857574,2.78265423187986,11.237009894102812,True,
531,onnx_model_001,warmup,2.7818395930221604,2.782224405091256,2.793463970068842,11.23956497758627,True,
532,onnx_model_001,warmup,2.7885078095788396,2.788974525872618,2.793518012855202,4.543486982584,True,
533,onnx_model_008,warmup,2.798614319152099,2.7998167257755995,2.811509942635894,11.693216860294342,True,
534,onnx_model_009,warmup,2.801250570783929,2.8023856789804995,2.81370519567281,11.319516692310572,True,
535,onnx_model_005,warmup,2.8016439790239662,2.8025734457187355,2.8138315258547664,11.258080136030912,True,
536,onnx_model_005,warmup,2.8030704407961378,2.8042021016590297,2.813886390067637,9.684288408607244,True,
537,onnx_model_000,warmup,2.806296426147234,2.8067516279406846,2.818179009947926,11.427382007241249,True,
538,onnx_model_006,warmup,2.809403823468116,2.810313768684864,2.8213531230576336,11.039354372769594,True,
539,onnx_model_000,warmup,2.810833832845785,2.811620933935046,2.8182319500483572,6.611016113311052,True,
540,onnx_model_002,warmup,2.8115923185455984,2.8120306129567325,2.8231297000311315,11.099087074398994,True,
541,onnx_model_009,warmup,2.82456820226895,2.8254339396953583,2.8365329480729997,11.09900837764144,True,
542,onnx_model_008,warmup,2.8371897138124607,2.837845382746309,2.8495231210254133,11.677738279104233,True,
543,onnx_model_004,warmup,2.8372779093272924,2.8380715530365705,2.8497766628861427,11.705109849572182,True,
544,onnx_model_005,warmup,2.8376177791403454,2.8382213776931167,2.8498202958144248,11.598918121308088,True,
545,onnx_model_004,warmup,2.874520397096027,2.87524638697505,2.886438481975347,11.192095000296831,True,
546,onnx_model_009,warmup,2.875724746647675,2.8768240958452225,2.888537922874093,11.713827028870583,True,
547,onnx_model_001,warmup,2.8757837525368446,2.877043212763965,2.8885923558846116,11.549143120646477,True,
548,onnx_model_003,warmup,2.879281403783033,2.8799497578293085,2.8911505388095975,11.200780980288982,True,
549,onnx_model_009,warmup,2.890817330286111,2.891263873782009,2.902349906973541,11.086033191531897,True,
550,onnx_model_007,warmup,2.89302916761715,2.8937997850589454,2.904950419906527,11.150634847581387,True,
551,onnx_model_001,warmup,2.894110703225771,2.8953649597242475,2.906486650928855,11.121691204607487,True,
552,onnx_model_005,warmup,2.898817145580969,2.8999323220923543,2.910919927060604,10.987604968249798,True,
553,onnx_model_008,warmup,2.91101910279639,2.9122139369137585,2.923284661024809,11.070724111050367,True,
554,onnx_model_008,warmup,2.920476333302349,2.922758320812136,2.9338100887835026,11.051767971366644,True,
555,onnx_model_001,warmup,2.9269228305922526,2.9275438068434596,2.938674995675683,11.131188832223415,True,
556,onnx_model_006,warmup,2.9289348226129976,2.9300211858935654,2.9412949359975755,11.273750104010105,True,
557,onnx_model_009,warmup,2.9298177496646725,2.9301924319006503,2.9413488786667585,11.156446766108274,True,
558,onnx_model_006,warmup,2.950030769970566,2.9516512118279934,2.962754427921027,11.103216093033552,True,
559,onnx_model_007,warmup,2.9582643987401793,2.9592154710553586,2.9703777888789773,11.16231782361865,True,
560,onnx_model_008,warmup,2.960712620996301,2.96176652982831,2.9727867478504777,11.020218022167683,True,
561,onnx_model_001,warmup,2.967790202158714,2.969061396084726,2.980117463041097,11.056066956371069,True,
562,onnx_model_002,warmup,2.9689366434988336,2.969461447093636,2.980587505735457,11.126058641821146,True,
563,onnx_model_003,warmup,2.9696036085629616,2.9698334839195013,2.9807939887978137,10.96050487831235,True,
564,onnx_model_005,warmup,2.9830053456973964,2.984111594967544,2.9952938109636307,11.182215996086597,True,
565,onnx_model_009,warmup,2.9867898761912977,2.987664428073913,2.9988403818570077,11.175953783094883,True,
566,onnx_model_009,warmup,2.989556001372031,2.99023747863248,2.9989141328260303,8.676654193550348,True,
567,onnx_model_003,warmup,3.011623621444924,3.013216809835285,3.0244192238897085,11.20241405442357,True,
568,onnx_model_008,warmup,3.021633521950529,3.023768486920744,3.034893052652478,11.124565731734037,True,
569,onnx_model_005,warmup,3.024788124310296,3.0257188747636974,3.036834693979472,11.115819215774536,True,
570,onnx_model_006,warmup,3.0329665630538623,3.033281229902059,3.0444860490970314,11.204819194972515,True,
571,onnx_model_003,warmup,3.0350551292206993,3.0361979138106108,3.0472561437636614,11.058229953050613,True,
572,onnx_model_001,warmup,3.0400659042952065,3.0411560088396072,3.0523691130802035,11.213104240596294,True,
573,onnx_model_000,warmup,3.0424804198517164,3.0437116767279804,3.0550331766717136,11.321499943733215,True,
574,onnx_model_009,warmup,3.043163242879915,3.0439692460931838,3.055206666700542,11.237420607358217,True,
575,onnx_model_009,warmup,3.045400527558164,3.0457848170772195,3.055249367840588,9.464550763368607,True,
576,onnx_model_006,warmup,3.052835246479117,3.0536734219640493,3.064808508846909,11.135086882859468,True,
577,onnx_model_002,warmup,3.0562679621680706,3.057485498022288,3.068596018012613,11.110519990324974,True,
578,onnx_model_005,warmup,3.066402049989849,3.0670636049471796,3.0781615409068763,11.09793595969677,True,
579,onnx_model_003,warmup,3.068345938010443,3.068695737980306,3.0796971898525953,11.00145187228918,True,
580,onnx_model_001,warmup,3.0694639943320143,3.0701705906540155,3.0811378080397844,10.96721738576889,True,
581,onnx_model_007,warmup,3.072270821250969,3.0726389628835022,3.0837400648742914,11.101101990789175,True,
582,onnx_model_009,warmup,3.072572633265939,3.0730270808562636,3.0838957708328962,10.868689976632595,True,
583,onnx_model_009,warmup,3.082459869402793,3.0833597918972373,3.0944153270684183,11.055535171180964,True,
584,onnx_model_008,warmup,3.085111730267957,3.086128063965589,3.0971476207487285,11.019556783139706,True,
585,onnx_model_008,warmup,3.086482754517341,3.0875975168310106,3.097258171066642,9.660654235631227,True,
586,onnx_model_001,warmup,3.0868384470399586,3.0877661779522896,3.098918376956135,11.152199003845453,True,
587,onnx_model_003,warmup,3.0870854066859446,3.087929698638618,3.0990357999689877,11.106101330369711,True,
588,onnx_model_004,warmup,3.0902975447795353,3.0905362139455974,3.1015317137353122,10.995499789714813,True,
589,onnx_model_004,warmup,3.094298562226428,3.09456586278975,3.101664135698229,7.098272908478975,True,
590,onnx_model_009,warmup,3.105126586153834,3.1058993469923735,3.1168256159871817,10.926268994808197,True,
591,onnx_model_000,warmup,3.1088575699692895,3.109347240999341,3.1203502756543458,11.00303465500474,True,
592,onnx_model_003,warmup,3.112616280391035,3.1137933717109263,3.1246315836906433,10.838211979717016,True,
593,onnx_model_006,warmup,3.1276717161884333,3.128888064995408,3.1398305147886276,10.942449793219566,True,
594,onnx_model_000,warmup,3.1317922237168068,3.1323370807804167,3.143369912635535,11.032831855118275,True,
595,onnx_model_009,warmup,3.135610856956285,3.136773244012147,3.147845289669931,11.072045657783747,True,
596,onnx_model_009,warmup,3.137888332715075,3.1382214268669486,3.14793297694996,9.711550083011389,True,
597,onnx_model_009,warmup,3.1438097320409835,3.1445895107463,3.1479687448590994,3.3792341127991676,True,
598,onnx_model_006,warmup,3.145676968892356,3.1460131970234215,3.1569952429272234,10.982045903801918,True,
599,onnx_model_009,warmup,3.14950154040006,3.150206728838384,3.1611299216747284,10.923192836344242,True,
600,onnx_model_005,warmup,3.152015458309714,3.1527223708108068,3.163676253054291,10.953882243484259,True,
601,onnx_model_009,warmup,3.1592926949044533,3.1602216260507703,3.1612596488557756,1.038022805005312,True,
602,onnx_model_000,warmup,3.164178364399526,3.1649162899702787,3.175885339733213,10.969049762934446,True,
603,onnx_model_000,warmup,3.187020289442434,3.1881210287101567,3.1990700010210276,10.948972310870886,True,
604,onnx_model_007,warmup,3.195549158610574,3.196572433691472,3.2075873310677707,11.014897376298904,True,
605,onnx_model_002,warmup,3.202957000092154,3.203296053688973,3.2143197990953922,11.023745406419039,True,
606,onnx_model_000,warmup,3.2051420030569404,3.205745349638164,3.216735129710287,10.989780072122812,True,
607,onnx_model_003,warmup,3.2243333608690774,3.225064833648503,3.2361398260109127,11.07499236240983,True,
608,onnx_model_009,warmup,3.2407457502818193,3.241446873638779,3.252620783634484,11.17390999570489,True,
609,onnx_model_003,warmup,3.2485556699296207,3.2490315507166088,3.26021923776716,11.187687050551176,True,
610,onnx_model_008,warmup,3.251605304412571,3.252733547706157,3.2639114358462393,11.17788814008236,True,
611,onnx_model_006,warmup,3.2579209320112112,3.258296411950141,3.2695249966345727,11.228584684431553,True,
612,onnx_model_001,warmup,3.259835687623541,3.2603453267365694,3.2714369306340814,11.091603897511959,True,
613,onnx_model_003,warmup,3.2603246977440343,3.260746529791504,3.271640367805958,10.89383801445365,True,
614,onnx_model_009,warmup,3.2630825612871823,3.2640248108655214,3.274897017981857,10.87220711633563,True,
615,onnx_model_005,warmup,3.2690488833407154,3.2696265298873186,3.280673577915877,11.047048028558493,True,
616,onnx_model_009,warmup,3.276368039601734,3.277123800944537,3.2880842150188982,10.960414074361324,True,
617,onnx_model_002,warmup,3.2864983066242064,3.286918027792126,3.2979417028836906,11.023675091564655,True,
618,onnx_model_006,warmup,3.289229360362675,3.290321697946638,3.3013320970349014,11.010399088263512,True,
619,onnx_model_001,warmup,3.2903079018076142,3.290687422733754,3.3018096648156643,11.122242081910372,True,
620,onnx_model_005,warmup,3.2912247864725233,3.292148470878601,3.303121939767152,10.973468888550997,True,
621,onnx_model_005,warmup,3.292444483225149,3.2935979859903455,3.3032397027127445,9.641716722398996,True,
622,onnx_model_001,warmup,3.3011384331670253,3.3014288106933236,3.3124790457077324,11.050235014408827,True,
623,onnx_model_009,warmup,3.3057245137033324,3.306461036670953,3.317546588834375,11.085552163422108,True,
624,onnx_model_004,warmup,3.311409827890836,3.3119242317043245,3.322869156021625,10.94492431730032,True,
625,onnx_model_000,warmup,3.3132059153121043,3.313704435713589,3.324824071954936,11.119636241346598,True,
626,onnx_model_005,warmup,3.3164052084130473,3.3171631996519864,3.3282639607787132,11.100761126726866,True,
627,onnx_model_007,warmup,3.317774288491794,3.3187721390277147,3.329987426754087,11.21528772637248,True,
628,onnx_model_005,warmup,3.324018051939181,3.3249395517632365,3.3283742708154023,3.4347190521657467,True,
629,onnx_model_007,warmup,3.3291651444769053,3.3295925059355795,3.3406138867139816,11.02138077840209,True,
630,onnx_model_001,warmup,3.3317548359472413,3.3322120560333133,3.34326507570222,11.053019668906927,True,
631,onnx_model_004,warmup,3.3426542054644903,3.343359576072544,3.3546368619427085,11.277285870164633,True,
632,onnx_model_003,warmup,3.344888250580683,3.345801407005638,3.3568157739937305,11.014366988092661,True,
633,onnx_model_006,warmup,3.3537867725495962,3.354279502760619,3.365306834690273,11.027331929653883,True,
634,onnx_model_009,warmup,3.3569570166658367,3.3580074897035956,3.369492871686816,11.485381983220577,True,
635,onnx_model_004,warmup,3.359476413265956,3.3604587190784514,3.371483314782381,11.024595703929663,True,
636,onnx_model_007,warmup,3.3597811732454135,3.360623351763934,3.371603773906827,10.980422142893076,True,
637,onnx_model_006,warmup,3.3740345635532725,3.374844894744456,3.3862306880764663,11.385793332010508,True,
638,onnx_model_003,warmup,3.383080770248568,3.3833054867573082,3.394896320067346,11.590833310037851,True,
639,onnx_model_004,warmup,3.3846444022125444,3.385752859991044,3.3967534699477255,11.000609956681728,True,
640,onnx_model_004,warmup,3.387020722150572,3.387452910654247,3.396793626714498,9.340716060250998,True,
641,onnx_model_005,warmup,3.4008035749711625,3.4020162536762655,3.413083470892161,11.067217215895653,True,
642,onnx_model_005,warmup,3.4062371565782823,3.406475289724767,3.4135344987735152,7.059209048748016,True,
643,onnx_model_001,warmup,3.4108315232382123,3.411937383003533,3.422952340915799,11.014957912266254,True,
644,onnx_model_008,warmup,3.4121900507699965,3.413182759657502,3.4240791727788746,10.896413121372461,True,
645,onnx_model_003,warmup,3.4157437176738807,3.4167681857943535,3.4277019989676774,10.93381317332387,True,
646,onnx_model_001,warmup,3.437058191924513,3.4379611099138856,3.4493059748783708,11.344864964485168,True,
647,onnx_model_004,warmup,3.437459782193343,3.4381319247186184,3.449254627805203,11.122703086584806,True,
648,onnx_model_001,warmup,3.438560780298372,3.4396512829698622,3.449332304764539,9.68102179467678,True,
649,onnx_model_002,warmup,3.4500995061426303,3.450523789972067,3.461509271990508,10.985482018440962,True,
650,onnx_model_005,warmup,3.4660143273589377,3.4668180528096855,3.4779794099740684,11.161357164382935,True,
651,onnx_model_005,warmup,3.470584108963597,3.471413478720933,3.4780327808111906,6.619302090257406,True,
652,onnx_model_002,warmup,3.4765307320843295,3.4770016209222376,3.4879916617646813,10.990040842443705,True,
653,onnx_model_007,warmup,3.480867353993536,3.481334616895765,3.49232169194147,10.987075045704842,True,
654,onnx_model_004,warmup,3.485127969464879,3.4859038228169084,3.4969471050426364,11.043282225728035,True,
655,onnx_model_001,warmup,3.4906240345819066,3.491233434062451,3.502314677927643,11.081243865191936,True,
656,onnx_model_009,warmup,3.498664309490575,3.4991765627637506,3.510199706070125,11.02314330637455,True,
657,onnx_model_002,warmup,3.502327817440757,3.5035372520796955,3.5146108008921146,11.073548812419176,True,
658,onnx_model_001,warmup,3.5035694364975445,3.5039199590682983,3.5149670178070664,11.0470587387681,True,
659,onnx_model_005,warmup,3.5086906354906633,3.5093669928610325,3.520334620960057,10.967628099024296,True,
660,onnx_model_006,warmup,3.5119969417739987,3.512429704889655,3.523376031778753,10.94632688909769,True,
661,onnx_model_005,warmup,3.516357466515189,3.5171954040415585,3.520448046736419,3.252642694860697,True,
662,onnx_model_008,warmup,3.5217107641401686,3.5226737270131707,3.5335678360424936,10.894109029322863,True,
663,onnx_model_005,warmup,3.5477826637248993,3.548888166900724,3.560546247754246,11.658080853521824,True,
664,onnx_model_009,warmup,3.549197818170973,3.550462519749999,3.5614928770810366,11.030357331037521,True,
665,onnx_model_007,warmup,3.5591825932120376,3.560632751788944,3.571691202931106,11.058451142162085,True,
666,onnx_model_000,warmup,3.563575619551218,3.5652084397152066,3.576273442711681,11.065002996474504,True,
667,onnx_model_007,warmup,3.5668131438664883,3.567641724832356,3.57178868772462,4.146962892264128,True,
668,onnx_model_000,warmup,3.5693841344828456,3.5700287027284503,3.576386126689613,6.357423961162567,True,
669,onnx_model_001,warmup,3.571859249814104,3.57297968165949,3.584046368021518,11.066686362028122,True,
670,onnx_model_004,warmup,3.573677788425541,3.5743371918797493,3.585201643873006,10.864451993256807,True,
671,onnx_model_000,warmup,3.574434350382322,3.574624828994274,3.5764321349561214,1.8073059618473053,True,
672,onnx_model_001,warmup,3.578478545024901,3.5796173689886928,3.584080713801086,4.4633448123931885,True,
673,onnx_model_008,warmup,3.5829242411856423,3.5841513578779995,3.5950619876384735,10.910629760473967,True,
674,onnx_model_002,warmup,3.5869073600807044,3.5874044108204544,3.5982334557920694,10.829044971615076,True,
675,onnx_model_008,warmup,3.58987297089853,3.590771591756493,3.5953963729552925,4.62478119879961,True,
676,onnx_model_009,warmup,3.59094098354458,3.5910618640482426,3.6017814497463405,10.719585698097944,True,
677,onnx_model_003,warmup,3.59410095940639,3.5944018829613924,3.6053777458146214,10.975862853229046,True,
678,onnx_model_000,warmup,3.59468062920373,3.5951356878504157,3.6060283328406513,10.892644990235567,True,
679,onnx_model_001,warmup,3.598911182526783,3.5994110447354615,3.6106633129529655,11.252268217504025,True,
680,onnx_model_007,warmup,3.6048512603362886,3.605449922848493,3.6163818230852485,10.93190023675561,True,
681,onnx_model_003,warmup,3.6087731419420495,3.609210270922631,3.6207091989926994,11.49892807006836,True,
682,onnx_model_001,warmup,3.61133011995213,3.6118436167016625,3.622780967038125,10.93735033646226,True,
683,onnx_model_001,warmup,3.6125051764228333,3.6131977308541536,3.622883171774447,9.685440920293331,True,
684,onnx_model_006,warmup,3.6134751707347528,3.6145340809598565,3.625338338781148,10.804257821291685,True,
685,onnx_model_007,warmup,3.623789724377613,3.6240619318559766,3.6349469828419387,10.885050985962152,True,
686,onnx_model_001,warmup,3.641574057025655,3.6421236749738455,3.6533557758666575,11.232100892812014,True,
687,onnx_model_005,warmup,3.64671607161737,3.6475113867782056,3.6584450798109174,10.933693032711744,True,
688,onnx_model_008,warmup,3.6523937343410604,3.652965002693236,3.6638493430800736,10.88434038683772,True,
689,onnx_model_009,warmup,3.6531677009703225,3.65349008096382,3.6645744307897985,11.08434982597828,True,
690,onnx_model_005,warmup,3.656936591668241,3.6579470126889646,3.668812105897814,10.86509320884943,True,
691,onnx_model_007,warmup,3.660625758637675,3.6616724049672484,3.6728444108739495,11.172005906701088,True,
692,onnx_model_009,warmup,3.661597904577778,3.6620825938880444,3.664629105012864,2.546511124819517,True,
693,onnx_model_008,warmup,3.669073657751108,3.6700098528526723,3.6810797448270023,11.069891974329948,True,
694,onnx_model_006,warmup,3.672082296625156,3.6724526560865343,3.6834591780789196,11.006521992385387,True,
695,onnx_model_002,warmup,3.6734178932080583,3.6740788077004254,3.6850502928718925,10.971485171467066,True,
696,onnx_model_004,warmup,3.6743202640828456,3.675524465739727,3.6866300459951162,11.105580255389214,True,
697,onnx_model_003,warmup,3.6743905569976296,3.675691061653197,3.6871593319810927,11.46827032789588,True,
698,onnx_model_009,warmup,3.6773075962741086,3.6782318516634405,3.6891369209624827,10.905069299042225,True,
699,onnx_model_007,warmup,3.6796983727967674,3.6806754670105875,3.6916974978521466,11.022030841559172,True,
700,onnx_model_004,warmup,3.6856804561739964,3.6862657428719103,3.697403605096042,11.137862224131823,True,
701,onnx_model_005,warmup,3.686566043677403,3.686795429792255,3.69795276876539,11.157338973134756,True,
702,onnx_model_004,warmup,3.695728555905564,3.6969336308538914,3.707919334061444,10.985703207552433,True,
703,onnx_model_007,warmup,3.6973619234141757,3.6975529179908335,3.7085921629332006,11.039244942367077,True,
704,onnx_model_006,warmup,3.699307938797552,3.700182506814599,3.711255053989589,11.072547174990177,True,
705,onnx_model_005,warmup,3.6997207126017666,3.7003454570658505,3.711407253984362,11.06179691851139,True,
706,onnx_model_003,warmup,3.700107184628714,3.7007773178629577,3.7118533817119896,11.076063849031925,True,
707,onnx_model_005,warmup,3.700688700214468,3.701150887645781,3.711466887034476,10.315999388694763,True,
708,onnx_model_001,warmup,3.7041777019561244,3.704588391818106,3.7156476038508117,11.059212032705545,True,
709,onnx_model_001,warmup,3.7070617740361467,3.7080189026892185,3.715685226023197,7.666323333978653,True,
710,onnx_model_003,warmup,3.7087588145199457,3.7098174416460097,3.7119995397515595,2.1820981055498123,True,
711,onnx_model_008,warmup,3.7170731061950355,3.717917969916016,3.7292847968637943,11.366826947778463,True,
712,onnx_model_000,warmup,3.721516208007063,3.722382756881416,3.733387164771557,11.00440789014101,True,
713,onnx_model_002,warmup,3.7283001870476027,3.7289548786357045,3.7400243608281016,11.069482192397118,True,
714,onnx_model_002,warmup,3.733294936598459,3.733530426863581,3.7401361437514424,6.60571688786149,True,
715,onnx_model_004,warmup,3.736447294779478,3.737000582739711,3.747901633847505,10.901051107794046,True,
716,onnx_model_002,warmup,3.7467602471528902,3.74738348973915,3.7584030460566282,11.019556317478418,True,
717,onnx_model_008,warmup,3.7518407767712407,3.752150821965188,3.763208660762757,11.057838797569275,True,
718,onnx_model_004,warmup,3.7586190267212483,3.75962745398283,3.770631049759686,11.003595776855946,True,
719,onnx_model_000,warmup,3.7861336237158336,3.786893111653626,3.798009271733463,11.116160079836845,True,
720,onnx_model_001,warmup,3.787612292260767,3.788342536892742,3.799508140888065,11.165603995323181,True,
721,onnx_model_000,warmup,3.7877907289356987,3.788506899960339,3.7981378068216145,9.630906861275434,True,
722,onnx_model_006,warmup,3.7927374081351517,3.793024477083236,3.8041302668862045,11.105789802968502,True,
723,onnx_model_009,warmup,3.799423895612736,3.7996475556865335,3.810674646869302,11.027091182768345,True,
724,onnx_model_006,warmup,3.805162800650889,3.806357942055911,3.8174374629743397,11.079520918428898,True,
725,onnx_model_000,warmup,3.8107456687158976,3.8119103056378663,3.822972934693098,11.06262905523181,True,
726,onnx_model_008,warmup,3.8132629264941005,3.814359912648797,3.825295659713447,10.935747064650059,True,
727,onnx_model_007,warmup,3.8155463317693203,3.8157998099923134,3.826784359756857,10.984549764543772,True,
728,onnx_model_006,warmup,3.8209806170849436,3.8216660507023335,3.8327306429855525,11.064592283219099,True,
729,onnx_model_000,warmup,3.833502367130216,3.833967573940754,3.845123138744384,11.155564803630114,True,
730,onnx_model_001,warmup,3.8386400691749225,3.8394170529209077,3.8503026347607374,10.885581839829683,True,
731,onnx_model_000,warmup,3.843344615462411,3.8438759078271687,3.845234150066972,1.3582422398030758,True,
732,onnx_model_005,warmup,3.8516614548713592,3.852525118738413,3.8636007327586412,11.075614020228386,True,
733,onnx_model_001,warmup,3.854394376687612,3.854990274645388,3.8661399288102984,11.149654164910316,True,
734,onnx_model_004,warmup,3.855671525465209,3.85642868001014,3.867497350089252,11.068670079112053,True,
735,onnx_model_004,warmup,3.8566808031496245,3.8578812307678163,3.8675334178842604,9.65218711644411,True,
736,onnx_model_001,warmup,3.858343475262143,3.8593187630176544,3.866179494652897,6.860731635242701,True,
737,onnx_model_004,warmup,3.8736941245665126,3.874752691015601,3.885794850066304,11.042159050703049,True,
738,onnx_model_001,warmup,3.8759344996295466,3.8762156418524683,3.8874004217796028,11.184779927134514,True,
739,onnx_model_001,warmup,3.885991908930621,3.887016351800412,3.8980672187171876,11.050866916775703,True,
740,onnx_model_008,warmup,3.8902630398117517,3.890627407003194,3.9019360430538654,11.308636050671339,True,
741,onnx_model_001,warmup,3.8981033099353404,3.8992940806783736,3.9103184370324016,11.024356354027987,True,
742,onnx_model_004,warmup,3.9062421318595617,3.9071626379154623,3.918160041794181,10.997403878718615,True,
743,onnx_model_006,warmup,3.911471571828422,3.9125641346909106,3.923887939658016,11.323804967105389,True,
744,onnx_model_008,warmup,3.912264574163163,3.912727886810899,3.9239370436407626,11.209156829863787,True,
745,onnx_model_007,warmup,3.912501990586892,3.9131873697042465,3.9241898036561906,11.002433951944113,True,
746,onnx_model_000,warmup,3.918088630619334,3.9183102478273213,3.9300192347727716,11.708986945450306,True,
747,onnx_model_009,warmup,3.918119957956467,3.9184753419831395,3.9295512549579144,11.075912974774837,True,
748,onnx_model_001,warmup,3.924361900255643,3.92541396105662,3.9364677127450705,11.053751688450575,True,
749,onnx_model_005,warmup,3.927491876332797,3.9278801889158785,3.9389407536946237,11.060564778745174,True,
750,onnx_model_005,warmup,3.929156647456395,3.929648549761623,3.938997701741755,9.349151980131865,True,
751,onnx_model_008,warmup,3.933524159303688,3.9342502267099917,3.9452535728923976,11.003346182405949,True,
752,onnx_model_004,warmup,3.944621178685888,3.9453501370735466,3.956876616925001,11.526479851454496,True,
753,onnx_model_003,warmup,3.9585008764412897,3.9591187089681625,3.97041436098516,11.295652016997337,True,
754,onnx_model_006,warmup,3.9586077550405507,3.959309943020344,3.970527064986527,11.217121966183186,True,
755,onnx_model_002,warmup,3.962253066226966,3.962829031981528,3.973942667711526,11.11363572999835,True,
756,onnx_model_009,warmup,3.9707219978035844,3.9717461518011987,3.982703359797597,10.95720799639821,True,
757,onnx_model_004,warmup,3.972415588141792,3.973199243657291,3.984313691034913,11.114447377622128,True,
758,onnx_model_004,warmup,3.9730946418086197,3.973550201859325,3.984369166661054,10.818964801728725,True,
759,onnx_model_001,warmup,3.9776002195987523,3.9781718868762255,3.9890594016760588,10.887514799833298,True,
760,onnx_model_008,warmup,3.9799146008571826,3.9806202300824225,3.9916392560116947,11.019025929272175,True,
761,onnx_model_003,warmup,3.9895503600148565,3.9903054307214916,4.001602184027433,11.29675330594182,True,
762,onnx_model_007,warmup,3.9899308782017227,3.990471325814724,4.001648121979088,11.176796164363623,True,
763,onnx_model_006,warmup,3.990227863183183,3.990951588843018,4.002003877889365,11.052289046347141,True,
764,onnx_model_001,warmup,3.995045131672082,3.99587959703058,4.0068764900788665,10.996893048286438,True,
765,onnx_model_006,warmup,4.002511619208839,4.0032231756486,4.014337461907417,11.114286258816719,True,
766,onnx_model_007,warmup,4.018757421088122,4.0195883037522435,4.030659708660096,11.071404907852411,True,
767,onnx_model_001,warmup,4.031981060718473,4.03290147986263,4.043898613657802,10.997133795171976,True,
768,onnx_model_005,warmup,4.034325635804172,4.0353547730483115,4.046602573711425,11.247800663113594,True,
769,onnx_model_005,warmup,4.034766353063256,4.0355210290290415,4.046734975650907,11.213946621865034,True,
770,onnx_model_009,warmup,4.037128192069752,4.0380422617308795,4.049166627693921,11.124365963041782,True,
771,onnx_model_006,warmup,4.038085874026218,4.038524407893419,4.049615009687841,11.090601794421673,True,
772,onnx_model_006,warmup,4.038740714516381,4.039961820933968,4.049674503039569,9.712682105600834,True,
773,onnx_model_000,warmup,4.044910711537089,4.045122760813683,4.056139602791518,11.016841977834702,True,
774,onnx_model_000,warmup,4.0508515039611,4.051926293876022,4.056298003997654,4.371710121631622,True,
775,onnx_model_003,warmup,4.054435260188447,4.055381070822477,4.06640574708581,11.024676263332367,True,
776,onnx_model_004,warmup,4.05870136948718,4.059529966674745,4.070584740955383,11.054774280637503,True,
777,onnx_model_006,warmup,4.069219912172169,4.0696313278749585,4.080702743958682,11.071416083723307,True,
778,onnx_model_006,warmup,4.071234186638807,4.071806993801147,4.080816450063139,9.009456261992455,True,
779,onnx_model_004,warmup,4.072953111032388,4.073270615655929,4.084330709651113,11.060093995183706,True,
780,onnx_model_007,warmup,4.089689217734636,4.0905530378222466,4.101642206776887,11.089168954640627,True,
781,onnx_model_001,warmup,4.097993254229185,4.099006205797195,4.110125561710447,11.119355913251638,True,
782,onnx_model_008,warmup,4.0992848748728905,4.100443647708744,4.111466130707413,11.022482998669147,True,
783,onnx_model_001,warmup,4.10236609718213,4.102893284987658,4.110236713662744,7.343428675085306,True,
784,onnx_model_000,warmup,4.110741968828711,4.1115618026815355,4.122691307682544,11.12950500100851,True,
785,onnx_model_001,warmup,4.120279015642574,4.12201746692881,4.133015593048185,10.998126119375229,True,
786,onnx_model_003,warmup,4.130308846226588,4.130933796055615,4.141922443639487,10.98864758387208,True,
787,onnx_model_008,warmup,4.134569226122994,4.135239890776575,4.14613063307479,10.890742298215628,True,
788,onnx_model_002,warmup,4.136888177895042,4.137726909015328,4.148768747691065,11.041838675737381,True,
789,onnx_model_006,warmup,4.141139727766488,4.142034255899489,4.153352901805192,11.318645905703306,True,
790,onnx_model_007,warmup,4.143987347699686,4.144716714974493,4.156115442980081,11.398728005588055,True,
791,onnx_model_008,warmup,4.15119515213949,4.152012733742595,4.163262638729066,11.249904986470938,True,
792,onnx_model_006,warmup,4.151544921512109,4.152181385084987,4.153481756802648,1.3003717176616192,True,
793,onnx_model_000,warmup,4.1554732513489565,4.155732724815607,4.167263864073902,11.531139258295298,True,
794,onnx_model_004,warmup,4.1600036902486135,4.160348218865693,4.171425946056843,11.077727191150188,True,
795,onnx_model_002,warmup,4.161060756500465,4.161793004721403,4.172827119007707,11.03411428630352,True,
796,onnx_model_000,warmup,4.162203196588776,4.163361656945199,4.167311223689467,3.9495667442679405,True,
797,onnx_model_002,warmup,4.166186813588792,4.166826983913779,4.172902411781251,6.075427867472172,True,
798,onnx_model_006,warmup,4.1768459805261395,4.177130739670247,4.1881273528561,10.996613185852766,True,
799,onnx_model_007,warmup,4.177997537679104,4.178579323925078,4.1897058840841055,11.126560159027576,True,
800,onnx_model_003,warmup,4.187579806842863,4.188224457670003,4.199474642984569,11.250185314565897,True,
801,onnx_model_007,warmup,4.187901500588333,4.18838507309556,4.1898483340628445,1.463260967284441,True,
802,onnx_model_005,warmup,4.1886377297234,4.18883837480098,4.200166197028011,11.327822227030993,True,
803,onnx_model_008,warmup,4.188723800576156,4.189022233709693,4.200334306806326,11.312073096632957,True,
804,onnx_model_003,warmup,4.189731982788003,4.189995864871889,4.199587005656213,9.591140784323215,True,
805,onnx_model_007,warmup,4.19269752131161,4.193436664994806,4.20447891484946,11.042249854654074,True,
806,onnx_model_007,warmup,4.194484875534946,4.194884446915239,4.204595386981964,9.710940066725016,True,
807,onnx_model_008,warmup,4.1951863270898215,4.196323442738503,4.200370755977929,4.047313239425421,True,
808,onnx_model_000,warmup,4.216452099642456,4.216819663066417,4.227986198849976,11.166535783559084,True,
809,onnx_model_008,warmup,4.217629462928897,4.218305446673185,4.229729702696204,11.424256023019552,True,
810,onnx_model_000,warmup,4.217827331590435,4.218469148967415,4.228120944928378,9.651795960962772,True,
811,onnx_model_004,warmup,4.224465393721185,4.224991826806217,4.236076968722045,11.08514191582799,True,
812,onnx_model_003,warmup,4.226929882784456,4.227435672655702,4.2385577340610325,11.122061405330896,True,
813,onnx_model_009,warmup,4.228175791964779,4.229344280902296,4.2404442499391735,11.099969036877155,True,
814,onnx_model_005,warmup,4.230641113981662,4.23096788674593,4.24197721388191,11.00932713598013,True,
815,onnx_model_007,warmup,4.2362497452952965,4.237308199051768,4.248281206935644,10.973007883876562,True,
816,onnx_model_001,warmup,4.239584560075366,4.240541184786707,4.2519043339416385,11.363149154931307,True,
817,onnx_model_002,warmup,4.243992766887549,4.244218243751675,4.255245154723525,11.026910971850157,True,
818,onnx_model_005,warmup,4.244403511251929,4.244591673836112,4.255604066886008,11.012393049895763,True,
819,onnx_model_001,warmup,4.2506581474211504,4.251528289634734,4.262622538022697,11.09424838796258,True,
820,onnx_model_007,warmup,4.257304171287219,4.257824508007616,4.268895852845162,11.071344837546349,True,
821,onnx_model_004,warmup,4.259010193598506,4.259280685801059,4.27073878608644,11.458100285381079,True,
822,onnx_model_006,warmup,4.262022195539834,4.262719912920147,4.273764997720718,11.045084800571203,True,
823,onnx_model_002,warmup,4.269529971570787,4.270124147646129,4.281454565003514,11.330417357385159,True,
824,onnx_model_009,warmup,4.269996601263268,4.270306784659624,4.281343223992735,11.036439333111048,True,
825,onnx_model_001,warmup,4.273337372132912,4.273877141997218,4.284846703056246,10.96956105902791,True,
826,onnx_model_008,warmup,4.287018160585014,4.28810486709699,4.299165742006153,11.060874909162521,True,
827,onnx_model_006,warmup,4.288685162819678,4.289556967094541,4.300718512851745,11.161545757204294,True,
828,onnx_model_005,warmup,4.288986879010801,4.289724505040795,4.300772625952959,11.04812091216445,True,
829,onnx_model_000,warmup,4.290608192440374,4.291254964657128,4.30234351195395,11.088547296822071,True,
830,onnx_model_004,warmup,4.30242583942163,4.303568600676954,4.314749985001981,11.181384325027466,True,
831,onnx_model_000,warmup,4.303012110815125,4.303732072003186,4.3148163408041,11.084268800914288,True,
832,onnx_model_007,warmup,4.312775530778738,4.314269831869751,4.325459402054548,11.189570184797049,True,
833,onnx_model_002,warmup,4.322378636523969,4.3230409049429,4.334085468668491,11.044563725590706,True,
834,onnx_model_001,warmup,4.330704929928245,4.331691167782992,4.342789805028588,11.098637245595455,True,
835,onnx_model_004,warmup,4.332425060640335,4.333174146711826,4.34423771686852,11.063570156693459,True,
836,onnx_model_006,warmup,4.340327662952495,4.341318377759308,4.352543194778264,11.224817018955946,True,
837,onnx_model_000,warmup,4.341072215866234,4.341481427662075,4.3526550978422165,11.173670180141926,True,
838,onnx_model_002,warmup,4.348675113507838,4.349482235964388,4.360800300724804,11.318064760416746,True,
839,onnx_model_008,warmup,4.354693979700309,4.355902990791947,4.3671167069114745,11.213716119527817,True,
840,onnx_model_006,warmup,4.355615046800937,4.356069257017225,4.367246754001826,11.17749698460102,True,
841,onnx_model_000,warmup,4.356043912769092,4.356500857975334,4.367511847987771,11.010990012437105,True,
842,onnx_model_001,warmup,4.358149697690075,4.358952197711915,4.369998073671013,11.045875959098339,True,
843,onnx_model_002,warmup,4.361815877333524,4.363027343992144,4.373996024020016,10.968680027872324,True,
844,onnx_model_000,warmup,4.367781489421548,4.368749330751598,4.379875178914517,11.125848162919283,True,
845,onnx_model_007,warmup,4.3728203405071895,4.373222773894668,4.384332763031125,11.109989136457443,True,
846,onnx_model_008,warmup,4.376072817709083,4.377220382913947,4.388307638000697,11.087255086749792,True,
847,onnx_model_006,warmup,4.382501078085694,4.383098846767098,4.394120637793094,11.021791025996208,True,
848,onnx_model_005,warmup,4.384857500155663,4.385570605751127,4.396882116794586,11.311511043459177,True,
849,onnx_model_006,warmup,4.385937881405631,4.387017505709082,4.394252578727901,7.235073018819094,True,
850,onnx_model_003,warmup,4.390057412386674,4.390556783881038,4.401761130895466,11.204347014427185,True,
851,onnx_model_009,warmup,4.390135713561041,4.390723840799183,4.402278915978968,11.55507517978549,True,
852,onnx_model_009,warmup,4.395427015538086,4.39647648576647,4.402324391994625,5.847906228154898,True,
853,onnx_model_005,warmup,4.4013599862855655,4.401883192826062,4.412812447641045,10.929254814982414,True,
854,onnx_model_001,warmup,4.403085643226172,4.403547236695886,4.414458627812564,10.911391116678715,True,
855,onnx_model_005,warmup,4.415062173544084,4.4156795078888535,4.426742567680776,11.06305979192257,True,
856,onnx_model_003,warmup,4.432227411712052,4.433005592785776,4.444108357653022,11.102764867246151,True,
857,onnx_model_005,warmup,4.433059404836997,4.433375665917993,4.4443621900863945,10.986524168401957,True,
858,onnx_model_004,warmup,4.435108392870343,4.435817016754299,4.446772661991417,10.955645237118006,True,
859,onnx_model_000,warmup,4.436377902786075,4.437273515854031,4.448251632973552,10.978117119520903,True,
860,onnx_model_003,warmup,4.437639357653179,4.438723511993885,4.44421644276008,5.492930766195059,True,
861,onnx_model_009,warmup,4.438183213227037,4.438899185974151,4.449925765860826,11.026579886674881,True,
862,onnx_model_006,warmup,4.438860839628259,4.4393339920789,4.450415726751089,11.081734672188759,True,
863,onnx_model_007,warmup,4.440324461949476,4.4407949689775705,4.451844903640449,11.049934662878513,True,
864,onnx_model_006,warmup,4.449655909862289,4.450024724006653,4.460933910682797,10.9091866761446,True,
865,onnx_model_007,warmup,4.458099307623195,4.459089844953269,4.470095274969935,11.00543001666665,True,
866,onnx_model_006,warmup,4.4593164425139635,4.460543067660183,4.471392611041665,10.849543381482363,True,
867,onnx_model_004,warmup,4.462263327778794,4.4631601120345294,4.4739756509661674,10.815538931638002,True,
868,onnx_model_002,warmup,4.465459641482564,4.4666007328778505,4.477531029842794,10.930296964943409,True,
869,onnx_model_002,warmup,4.4675760464028995,4.46801940863952,4.477576816920191,9.557408280670643,True,
870,onnx_model_001,warmup,4.467978174324601,4.468376197852194,4.479338274803013,10.9620769508183,True,
871,onnx_model_005,warmup,4.474771102376082,4.47523103794083,4.486212671734393,10.98163379356265,True,
872,onnx_model_000,warmup,4.4777781110928725,4.478799109812826,4.489748492836952,10.949383024126291,True,
873,onnx_model_007,warmup,4.481482775496458,4.482561230659485,4.49355062097311,10.989390313625336,True,
874,onnx_model_004,warmup,4.4833270029285135,4.48402342107147,4.49510039575398,11.0769746825099,True,
875,onnx_model_006,warmup,4.483736645924002,4.484187162015587,4.495218440890312,11.031278874725103,True,
876,onnx_model_001,warmup,4.484528148728309,4.485737308859825,4.496648028027266,10.91071916744113,True,
877,onnx_model_006,warmup,4.5012036985327875,4.501894711982459,4.513674973975867,11.780261993408203,True,
878,onnx_model_006,warmup,4.50127707865698,4.502063451800495,4.513720820657909,11.65736885741353,True,
879,onnx_model_003,warmup,4.5060288950121405,4.506581660825759,4.518138618674129,11.556957848370075,True,
880,onnx_model_000,warmup,4.509597114587262,4.510021799709648,4.521136266645044,11.114466935396194,True,
881,onnx_model_003,warmup,4.509933033981432,4.510447849985212,4.51818081876263,7.732968777418137,True,
882,onnx_model_003,warmup,4.511660051700077,4.511893787886947,4.518214263021946,6.32047513499856,True,
883,onnx_model_003,warmup,4.517750879029455,4.518308581784368,4.52924341801554,10.934836231172085,True,
884,onnx_model_006,warmup,4.528798277153306,4.529340291861445,4.540308660827577,10.968368966132402,True,
885,onnx_model_000,warmup,4.531833286179937,4.532783937640488,4.543831086717546,11.047149077057838,True,
886,onnx_model_002,warmup,4.533105648365863,4.534259271807969,4.545473037753254,11.213765945285559,True,
887,onnx_model_005,warmup,4.534875289664943,4.535697134677321,4.546672838740051,10.975704062730074,True,
888,onnx_model_001,warmup,4.544015723537415,4.545088056009263,4.556084068026394,10.996012017130852,True,
889,onnx_model_001,warmup,4.55789835302657,4.558334284927696,4.569327651988715,10.993367061018944,True,
890,onnx_model_005,warmup,4.568406564083435,4.568790250923485,4.580001801718026,11.211550794541836,True,
891,onnx_model_000,warmup,4.571085649354235,4.571556198876351,4.582894301041961,11.338102165609598,True,
892,onnx_model_006,warmup,4.574710975410159,4.575017978902906,4.5860247309319675,11.006752029061317,True,
893,onnx_model_005,warmup,4.5750404966067855,4.575379115063697,4.580048240721226,4.669125657528639,True,
894,onnx_model_008,warmup,4.577472206013333,4.577813301701099,4.58953817980364,11.72487810254097,True,
895,onnx_model_006,warmup,4.578778374037887,4.579397534020245,4.586063664872199,6.666130851954222,True,
896,onnx_model_003,warmup,4.58717644723255,4.58829652890563,4.600027057807893,11.73052890226245,True,
897,onnx_model_006,warmup,4.590158073705312,4.590763087850064,4.6022951090708375,11.532021220773458,True,
898,onnx_model_008,warmup,4.59352589277089,4.594223164953291,4.605150646995753,10.927482042461634,True,
899,onnx_model_005,warmup,4.61161398755185,4.612372874747962,4.62345131393522,11.078439187258482,True,
900,onnx_model_001,warmup,4.624590080803567,4.625675812829286,4.636773548088968,11.09773525968194,True,
901,onnx_model_007,warmup,4.625617986120577,4.62607800681144,4.637065111659467,10.98710484802723,True,
902,onnx_model_001,warmup,4.627445261733516,4.628534626681358,4.636920807883143,8.386181201785803,True,
903,onnx_model_009,warmup,4.628952347379361,4.629976176656783,4.6414206507615745,11.44447410479188,True,
904,onnx_model_009,warmup,4.639473646012686,4.640295953024179,4.6513667167164385,11.070763692259789,True,
905,onnx_model_007,warmup,4.64034138340921,4.64077722793445,4.652165696024895,11.388468090444803,True,
906,onnx_model_007,warmup,4.640474303033494,4.640980654861778,4.65222345571965,11.24280085787177,True,
907,onnx_model_001,warmup,4.641996602631289,4.642649927642196,4.653657030779868,11.007103137671947,True,
908,onnx_model_008,warmup,4.644865945681617,4.645110735669732,4.656200635712594,11.0899000428617,True,
909,onnx_model_003,warmup,4.654174161721369,4.654892508871853,4.665898660663515,11.006151791661978,True,
910,onnx_model_007,warmup,4.657756774069754,4.658426286652684,4.6694532269611955,11.026940308511257,True,
911,onnx_model_006,warmup,4.6587154861161375,4.659877215046436,4.670772113837302,10.894898790866137,True,
912,onnx_model_000,warmup,4.671515103344637,4.672000769991428,4.683080371003598,11.079601012170315,True,
913,onnx_model_004,warmup,4.674807870397189,4.67546103708446,4.686596784740686,11.135747656226158,True,
914,onnx_model_001,warmup,4.675920832231957,4.676951008848846,4.687832653988153,10.881645139306784,True,
915,onnx_model_005,warmup,4.678802768161677,4.679393602069467,4.6904067969881,11.013194918632507,True,
916,onnx_model_002,warmup,4.6835489435719975,4.684306581038982,4.695221087895334,10.91450685635209,True,
917,onnx_model_008,warmup,4.695916242063498,4.696416720747948,4.707346596755087,10.929876007139683,True,
918,onnx_model_001,warmup,4.7024339462761375,4.70276889577508,4.713843697682023,11.074801906943321,True,
919,onnx_model_005,warmup,4.703632349105465,4.704119662754238,4.715016055852175,10.896393097937107,True,
920,onnx_model_001,warmup,4.704259243671404,4.704398112837225,4.713890766724944,9.492653887718916,True,
921,onnx_model_006,warmup,4.712602370824703,4.713521305005997,4.724386567715555,10.86526270955801,True,
922,onnx_model_004,warmup,4.7142530495701385,4.71508882381022,4.726033828686923,10.945004876703024,True,
923,onnx_model_002,warmup,4.71762897391251,4.718442919664085,4.729226106777787,10.783187113702297,True,
924,onnx_model_007,warmup,4.723114246304027,4.723813668824732,4.734784742817283,10.971073992550373,True,
925,onnx_model_006,warmup,4.725076699991146,4.725570608861744,4.7364318538457155,10.861244983971119,True,
926,onnx_model_007,warmup,4.727189542023214,4.728216968942434,4.734815270639956,6.598301697522402,True,
927,onnx_model_004,warmup,4.735000794724601,4.735975245945156,4.746919900644571,10.944654699414968,True,
928,onnx_model_001,warmup,4.748203700420153,4.749104142654687,4.759995715692639,10.891573037952185,True,
929,onnx_model_000,warmup,4.761238144838236,4.762178194709122,4.773204443976283,11.026249267160892,True,
930,onnx_model_008,warmup,4.775161233609683,4.775452566798776,4.786462476011366,11.009909212589264,True,
931,onnx_model_001,warmup,4.776991919464572,4.77789737470448,4.788750724866986,10.853350162506104,True,
932,onnx_model_006,warmup,4.792708893466641,4.793011854868382,4.804018558003008,11.00670313462615,True,
933,onnx_model_003,warmup,4.802984737245135,4.8034979877993464,4.814687927719206,11.189939919859171,True,
934,onnx_model_007,warmup,4.80749338235445,4.808324962854385,4.819444410037249,11.11944718286395,True,
935,onnx_model_008,warmup,4.812147530934148,4.8129420299082994,4.82406034367159,11.118313763290644,True,
936,onnx_model_007,warmup,4.820718926221446,4.821755663026124,4.832922329660505,11.166666634380817,True,
937,onnx_model_002,warmup,4.826941635513224,4.827368702739477,4.8384060729295015,11.037370190024376,True,
938,onnx_model_004,warmup,4.8274208463295,4.8277749246917665,4.838768132030964,10.993207339197397,True,
939,onnx_model_000,warmup,4.831276342660978,4.8322455626912415,4.84336681291461,11.121250223368406,True,
940,onnx_model_009,warmup,4.833839283694125,4.8341583190485835,4.845155101735145,10.996782686561346,True,
941,onnx_model_005,warmup,4.839758036851094,4.839998710900545,4.851170526817441,11.171815916895866,True,
942,onnx_model_005,warmup,4.8417249801402535,4.84245311608538,4.851614560931921,9.16144484654069,True,
943,onnx_model_002,warmup,4.850357592855645,4.851266268640757,4.862318637780845,11.052369140088558,True,
944,onnx_model_001,warmup,4.8545268948849705,4.854853497818112,4.866355140693486,11.501642875373363,True,
945,onnx_model_003,warmup,4.859679488062531,4.8603186160326,4.871262869797647,10.944253765046597,True,
946,onnx_model_009,warmup,4.870674556674501,4.871358762029558,4.8823449946939945,10.986232664436102,True,
947,onnx_model_004,warmup,4.874279160454384,4.8748031090945005,4.886085825972259,11.282716877758503,True,
948,onnx_model_007,warmup,4.875623069769631,4.876260168850422,4.887605525087565,11.345356237143278,True,
949,onnx_model_003,warmup,4.875734523862274,4.876425392925739,4.887759517878294,11.334124952554703,True,
950,onnx_model_001,warmup,4.876367461455785,4.876854738686234,4.8878400209359825,10.985282249748707,True,
951,onnx_model_004,warmup,4.885107466660761,4.885625911876559,4.8966333149001,11.007403023540974,True,
952,onnx_model_002,warmup,4.8863736085997935,4.887334829661995,4.898523918818682,11.18908915668726,True,
953,onnx_model_005,warmup,4.897800589650523,4.898619941901416,4.909758504014462,11.138562113046646,True,
954,onnx_model_005,warmup,4.900199851547896,4.901088162790984,4.909902438055724,8.81427526473999,True,
955,onnx_model_004,warmup,4.907059954202023,4.907529607880861,4.918501833919436,10.972226038575172,True,
956,onnx_model_007,warmup,4.912733360750984,4.913126305676997,4.924111437052488,10.985131375491619,True,
957,onnx_model_007,warmup,4.917203624110835,4.917570013087243,4.92424640385434,6.676390767097473,True,
958,onnx_model_009,warmup,4.9180980965102465,4.91859923908487,4.929608556907624,11.009317822754383,True,
959,onnx_model_004,warmup,4.921579438280318,4.922043305821717,4.93320017401129,11.156868189573288,True,
960,onnx_model_000,warmup,4.934956198443207,4.9354213159531355,4.946983675006777,11.562359053641558,True,
961,onnx_model_000,warmup,4.949631909345477,4.950211309827864,4.9613286019302905,11.11729210242629,True,
962,onnx_model_007,warmup,4.950875315997308,4.951653610914946,4.962633071932942,10.979461017996073,True,
963,onnx_model_009,warmup,4.957904099489393,4.959120485000312,4.970420594792813,11.300109792500734,True,
964,onnx_model_000,warmup,4.962704248455858,4.963884660974145,4.974988226778805,11.10356580466032,True,
965,onnx_model_001,warmup,4.964553576907902,4.965353292878717,4.976411111652851,11.05781877413392,True,
966,onnx_model_008,warmup,4.968586224984731,4.969787581823766,4.98115821601823,11.370634194463491,True,
967,onnx_model_008,warmup,4.969380877413522,4.969970278907567,4.9818391697481275,11.868890840560198,True,
968,onnx_model_007,warmup,4.9765850513113685,4.977632814086974,4.988703177776188,11.070363689213991,True,
969,onnx_model_003,warmup,4.980447053271278,4.981256942730397,4.992421575821936,11.164633091539145,True,
970,onnx_model_005,warmup,4.9807169989924045,4.981420303694904,4.992553365882486,11.133062187582254,True,
971,onnx_model_002,warmup,4.987722672734372,4.988087106030434,4.999368920922279,11.281814891844988,True,
972,onnx_model_000,warmup,4.9903644427457525,4.990942653734237,5.00199113599956,11.0484822653234,True,
973,onnx_model_009,warmup,4.993591394198958,4.994780078995973,5.005932678002864,11.15259900689125,True,
974,onnx_model_002,warmup,4.994345438033124,4.994960060808808,4.999808907974511,4.8488471657037735,True,
975,onnx_model_007,warmup,4.997589572351139,4.998469932936132,5.009531158953905,11.061226017773151,True,
976,onnx_model_006,warmup,4.999158000921743,4.999466096051037,5.01045409264043,10.987996589392424,True,
977,onnx_model_001,measure,5.009826584669077,5.010550285689533,5.021652138791978,11.101853102445602,True,
978,onnx_model_000,measure,5.014945608259001,5.016009993851185,5.027526455000043,11.51646114885807,True,
979,onnx_model_007,measure,5.018275839313125,5.0194507939741015,5.030357365962118,10.906571988016367,True,
980,onnx_model_001,measure,5.0263607874126075,5.0269011170603335,5.0382502800785005,11.349163018167019,True,
981,onnx_model_006,measure,5.026649614187787,5.027090446092188,5.038118959870189,11.02851377800107,True,
982,onnx_model_009,measure,5.036760889312458,5.037581589072943,5.048665667884052,11.084078811109066,True,
983,onnx_model_004,measure,5.040115978967806,5.0404734360054135,5.051454498898238,10.981062892824411,True,
984,onnx_model_002,measure,5.0416713273051466,5.04192528501153,5.052919453941286,10.994168929755688,True,
985,onnx_model_008,measure,5.0440648891353455,5.044371515046805,5.055325436871499,10.95392182469368,True,
986,onnx_model_009,measure,5.050298930773144,5.0509069678373635,5.061804783996195,10.89781615883112,True,
987,onnx_model_008,measure,5.059729831014516,5.060554577037692,5.071587488986552,11.032911948859692,True,
988,onnx_model_007,measure,5.061130998940735,5.061920443084091,5.073250489775091,11.330046691000462,True,
989,onnx_model_007,measure,5.068692345343737,5.069373259786516,5.073294513858855,3.9212540723383427,True,
990,onnx_model_006,measure,5.071894451749373,5.072807788848877,5.083969405852258,11.161617003381252,True,
991,onnx_model_006,measure,5.0748989679512295,5.07551935268566,5.0844192509539425,8.899898268282413,True,
992,onnx_model_006,measure,5.082040171675998,5.082982579711825,5.093966888729483,10.984309017658234,True,
993,onnx_model_007,measure,5.083327848373678,5.084067793097347,5.095081587787718,11.01379469037056,True,
994,onnx_model_004,measure,5.087851268048381,5.088649661745876,5.0996356047689915,10.985943023115396,True,
995,onnx_model_001,measure,5.089032781493942,5.090111962053925,5.101073206868023,10.961244814097881,True,
996,onnx_model_005,measure,5.1123513813147845,5.113298114854842,5.124737449921668,11.439335066825151,True,
997,onnx_model_005,measure,5.1215560734280805,5.123752498067915,5.134903353638947,11.15085557103157,True,
998,onnx_model_009,measure,5.122643626409123,5.123943500686437,5.135060432832688,11.116932146251202,True,
999,onnx_model_003,measure,5.1238404073077035,5.124356154818088,5.135418322868645,11.062168050557375,True,
1000,onnx_model_002,measure,5.1279759878456685,5.128981858026236,5.1399898626841605,11.008004657924175,True,
1001,onnx_model_003,measure,5.140142633297451,5.14121744595468,5.152850798796862,11.633352842181921,True,
1002,onnx_model_003,measure,5.142338619112523,5.142670378088951,5.1533980797976255,10.72770170867443,True,
1003,onnx_model_001,measure,5.151282847125124,5.152998670935631,5.164070666767657,11.071995832026005,True,
1004,onnx_model_004,measure,5.15736196333154,5.157633339986205,5.168667173944414,11.033833958208561,True,
1005,onnx_model_007,measure,5.165945592449491,5.16629647789523,5.17726011807099,10.963640175759792,True,
1006,onnx_model_005,measure,5.169160456118995,5.169901149813086,5.180967745836824,11.066596023738384,True,
1007,onnx_model_005,measure,5.175382767665742,5.176343876868486,5.181008663959801,4.664787091314793,True,
1008,onnx_model_000,measure,5.182162511436645,5.183230777736753,5.1943556340411305,11.124856304377317,True,
1009,onnx_model_001,measure,5.1833544844617325,5.183595530688763,5.194559372030199,10.96384134143591,True,
1010,onnx_model_003,measure,5.188571424928951,5.189034078735858,5.199950338806957,10.916260071098804,True,
1011,onnx_model_009,measure,5.189033699323864,5.189390796702355,5.200360939837992,10.970143135637045,True,
1012,onnx_model_000,measure,5.190722804683145,5.191823180764914,5.194502633996308,2.679453231394291,True,
1013,onnx_model_009,measure,5.211068661257931,5.211584964767098,5.223305243998766,11.720279231667519,True,
1014,onnx_model_000,measure,5.212586685953416,5.213024711702019,5.224155098665506,11.130386963486671,True,
1015,onnx_model_000,measure,5.215061022019876,5.2154894368723035,5.2243535770103335,8.864140138030052,True,
1016,onnx_model_001,measure,5.218863327096517,5.219968159683049,5.231030557770282,11.062398087233305,True,
1017,onnx_model_000,measure,5.22213922218388,5.222618218045682,5.224394754972309,1.7765369266271591,True,
1018,onnx_model_001,measure,5.222252199891886,5.2227869289927185,5.231143722776324,8.356793783605099,True,
1019,onnx_model_003,measure,5.22275237472126,5.223466389812529,5.2347555588930845,11.289169080555439,True,
1020,onnx_model_008,measure,5.227795216107116,5.228617501910776,5.239843090064824,11.225588154047728,True,
1021,onnx_model_006,measure,5.233414179674402,5.234371609054506,5.245403358712792,11.031749658286572,True,
1022,onnx_model_000,measure,5.234676640306444,5.234915733803064,5.245974435005337,11.058701202273369,True,
1023,onnx_model_004,measure,5.2370594184383386,5.2373574250377715,5.2483347207307816,10.977295693010092,True,
1024,onnx_model_007,measure,5.239355299462481,5.2399534597061574,5.250939453020692,10.985993314534426,True,
1025,onnx_model_002,measure,5.24684351739168,5.247204752638936,5.258192639797926,10.987887158989906,True,
1026,onnx_model_001,measure,5.248778576272052,5.249555672053248,5.260504473932087,10.948801878839731,True,
1027,onnx_model_000,measure,5.250364691584699,5.2510351948440075,5.2623856998980045,11.35050505399704,True,
1028,onnx_model_002,measure,5.251166436173979,5.251400348730385,5.258320482913405,6.9201341830194,True,
1029,onnx_model_008,measure,5.261336484982196,5.261729322839528,5.272890257649124,11.160934809595346,True,
1030,onnx_model_004,measure,5.261614867551125,5.2619485589675605,5.27300871303305,11.060154065489769,True,
1031,onnx_model_001,measure,5.269693727613903,5.270615944638848,5.281531593762338,10.915649123489857,True,
1032,onnx_model_002,measure,5.274446493713467,5.275231688749045,5.286104545928538,10.872857179492712,True,
1033,onnx_model_000,measure,5.276193085943508,5.276674821972847,5.287632199935615,10.957377962768078,True,
1034,onnx_model_007,measure,5.27937082211591,5.2801246996968985,5.291020480915904,10.895781219005585,True,
1035,onnx_model_005,measure,5.2807593683164615,5.281628507655114,5.29273867700249,11.110169347375631,True,
1036,onnx_model_004,measure,5.281301279781602,5.281788371969014,5.29290445195511,11.116079986095428,True,
1037,onnx_model_005,measure,5.283436919350917,5.284324993845075,5.292943045962602,8.618052117526531,True,
1038,onnx_model_002,measure,5.289516792962363,5.289854174014181,5.300767388660461,10.913214646279812,True,
1039,onnx_model_009,measure,5.2930093377569625,5.294160068966448,5.305401847697794,11.24177873134613,True,
1040,onnx_model_000,measure,5.297881131620061,5.298610378056765,5.309799216687679,11.188838630914688,True,
1041,onnx_model_008,measure,5.297964399622313,5.298773117829114,5.309933501761407,11.160383932292461,True,
1042,onnx_model_002,measure,5.3047470226771445,5.305034088902175,5.315950951073319,10.916862171143293,True,
1043,onnx_model_009,measure,5.318320881529711,5.319174177013338,5.330455811694264,11.2816346809268,True,
1044,onnx_model_005,measure,5.3239520229583315,5.324627303052694,5.335627622902393,11.000319849699736,True,
1045,onnx_model_001,measure,5.329074349386549,5.3301344607025385,5.341103963088244,10.96950238570571,True,
1046,onnx_model_002,measure,5.33079730635285,5.331686711870134,5.342733080033213,11.046368163079023,True,
1047,onnx_model_006,measure,5.341445157706164,5.3423364059999585,5.3533613830804825,11.024977080523968,True,
1048,onnx_model_005,measure,5.343502177459409,5.344006239902228,5.355100848712027,11.094608809798956,True,
1049,onnx_model_000,measure,5.344391189932201,5.345473137684166,5.356365462765098,10.892325080931187,True,
1050,onnx_model_002,measure,5.3600749785169315,5.360606223810464,5.371644004713744,11.037780903279781,True,
1051,onnx_model_006,measure,5.360514472824723,5.360985605046153,5.372207976877689,11.222371831536293,True,
1052,onnx_model_007,measure,5.361229766168243,5.362429248634726,5.373594652861357,11.165404226630926,True,
1053,onnx_model_009,measure,5.361375089167522,5.362597989849746,5.373763604089618,11.165614239871502,True,
1054,onnx_model_007,measure,5.368024103845048,5.369150705635548,5.373804111033678,4.653405398130417,True,
1055,onnx_model_004,measure,5.371582148558801,5.371797506697476,5.3829878880642354,11.190381366759539,True,
1056,onnx_model_004,measure,5.372040711948061,5.372340939939022,5.383148423861712,10.807483922690153,True,
1057,onnx_model_004,measure,5.374221069063375,5.375018689781427,5.38318741787225,8.168728090822697,True,
1058,onnx_model_007,measure,5.37465248575992,5.375186187680811,5.386651802808046,11.465615127235651,True,
1059,onnx_model_004,measure,5.383235072109066,5.3844051216728985,5.395416773855686,11.011652182787657,True,
1060,onnx_model_001,measure,5.38537964113609,5.386201506946236,5.39760572463274,11.404217686504126,True,
1061,onnx_model_003,measure,5.389997620923312,5.390923141967505,5.402274820022285,11.351678054779768,True,
1062,onnx_model_002,measure,5.3904982064765505,5.391087654978037,5.402122730854899,11.03507587686181,True,
1063,onnx_model_009,measure,5.394268918519534,5.394628745969385,5.405610340647399,10.981594678014517,True,
1064,onnx_model_005,measure,5.395213721662321,5.395515671931207,5.40647738892585,10.961716994643211,True,
1065,onnx_model_001,measure,5.396618676486855,5.396975646726787,5.408039768692106,11.064121965318918,True,
1066,onnx_model_003,measure,5.396623465700924,5.397165006957948,5.40231617866084,5.151171702891588,True,
1067,onnx_model_004,measure,5.399880847234795,5.400840152986348,5.411822448950261,10.982295963913202,True,
1068,onnx_model_009,measure,5.411504365628877,5.4119402430951595,5.422820774838328,10.88053174316883,True,
1069,onnx_model_006,measure,5.417038251951126,5.417398849036545,5.428359543904662,10.96069486811757,True,
1070,onnx_model_000,measure,5.424256886531976,5.425012561026961,5.435963817872107,10.951256845146418,True,
1071,onnx_model_004,measure,5.424972312110984,5.4253785368055105,5.436134432908148,10.755896102637053,True,
1072,onnx_model_006,measure,5.439368581543954,5.4403744717128575,5.451394579838961,11.020108126103878,True,
1073,onnx_model_006,measure,5.451149647708229,5.451505430974066,5.462512723635882,11.007292661815882,True,
1074,onnx_model_000,measure,5.451793442576539,5.452967439778149,5.464406082872301,11.438643094152212,True,
1075,onnx_model_002,measure,5.452327309784963,5.453131010755897,5.464450907893479,11.319897137582302,True,
1076,onnx_model_007,measure,5.456791836166179,5.457645531743765,5.468787651974708,11.142120230942965,True,
1077,onnx_model_003,measure,5.461468582275126,5.462123594712466,5.473213064018637,11.08946930617094,True,
1078,onnx_model_005,measure,5.46261565163003,5.463739546015859,5.475271275732666,11.531729716807604,True,
1079,onnx_model_009,measure,5.4630376032670585,5.463921240996569,5.475201693829149,11.280452832579613,True,
1080,onnx_model_007,measure,5.4645679584492255,5.465674994979054,5.4689194820821285,3.244487103074789,True,
1081,onnx_model_004,measure,5.469997379220012,5.471202963031828,5.482248258776963,11.045295745134354,True,
1082,onnx_model_000,measure,5.47130235049467,5.471610787790269,5.4825723846443,10.961596854031086,True,
1083,onnx_model_008,measure,5.473356717405399,5.474440015852451,5.4858368299901485,11.39681413769722,True,
1084,onnx_model_003,measure,5.473415608924455,5.474601082038134,5.485716070979834,11.114988941699266,True,
1085,onnx_model_007,measure,5.475712521176398,5.476493780035526,5.487447781953961,10.954001918435097,True,
1086,onnx_model_001,measure,5.490792601202885,5.491689013782889,5.502677200827748,10.988187044858932,True,
1087,onnx_model_003,measure,5.493004708173528,5.494165932759643,5.50528369564563,11.117762885987759,True,
1088,onnx_model_006,measure,5.493660618350898,5.494330725632608,5.505341335665435,11.010610032826662,True,
1089,onnx_model_004,measure,5.501446724122811,5.5018431060016155,5.512973011936992,11.129905935376883,True,
1090,onnx_model_008,measure,5.509202583068864,5.50956682767719,5.520661155693233,11.09432801604271,True,
1091,onnx_model_007,measure,5.53162836528601,5.531852188985795,5.542845886666328,10.993697680532932,True,
1092,onnx_model_008,measure,5.532218331644577,5.533219418022782,5.544459484051913,11.240066029131413,True,
1093,onnx_model_009,measure,5.532911458354345,5.533344485796988,5.5445053107105196,11.160824913531542,True,
1094,onnx_model_003,measure,5.5337628715457745,5.534752491861582,5.5457806549966335,11.028163135051727,True,
1095,onnx_model_001,measure,5.542041607037442,5.542933001648635,5.553899427875876,10.966426227241755,True,
1096,onnx_model_009,measure,5.550209158191539,5.5510118287056684,5.561948978807777,10.937150102108717,True,
1097,onnx_model_008,measure,5.552279164463798,5.553447749000043,5.564455162733793,11.007413733750582,True,
1098,onnx_model_002,measure,5.556669471970107,5.557153382804245,5.568131810985506,10.978428181260824,True,
1099,onnx_model_002,measure,5.568340066751869,5.569350457750261,5.580348413903266,10.997956153005362,True,
1100,onnx_model_004,measure,5.571216659047326,5.571805353742093,5.582980015780777,11.174662038683891,True,
1101,onnx_model_005,measure,5.571607136859011,5.571983452886343,5.583030913025141,11.04746013879776,True,
1102,onnx_model_008,measure,5.5865392078827645,5.587253318633884,5.598369298968464,11.115980334579945,True,
1103,onnx_model_008,measure,5.590449545354477,5.5907158106565475,5.598484597634524,7.768786977976561,True,
1104,onnx_model_009,measure,5.591335462755883,5.592172889970243,5.602952580899,10.77969092875719,True,
1105,onnx_model_002,measure,5.594184197135373,5.5946627128869295,5.605476007796824,10.813294909894466,True,
1106,onnx_model_004,measure,5.5968752375639,5.59712640568614,5.6078761597163975,10.749754030257463,True,
1107,onnx_model_003,measure,5.611813654419602,5.61205524392426,5.622898745816201,10.843501891940832,True,
1108,onnx_model_002,measure,5.624229637813899,5.625083368737251,5.635981924831867,10.898556094616652,True,
1109,onnx_model_007,measure,5.629931160996424,5.630404973868281,5.641300825867802,10.895851999521255,True,
1110,onnx_model_002,measure,5.63589642856925,5.636112793814391,5.646987294778228,10.874500963836908,True,
1111,onnx_model_005,measure,5.637762492713693,5.638508116826415,5.649665274657309,11.157157830893993,True,
1112,onnx_model_008,measure,5.644488889239398,5.645505678839982,5.656375740654767,10.870061814785004,True,
1113,onnx_model_005,measure,5.648398856176628,5.649186715949327,5.660173259675503,10.986543726176023,True,
1114,onnx_model_001,measure,5.64863400149372,5.649332882836461,5.660204309038818,10.871426202356815,True,
1115,onnx_model_007,measure,5.660354642402512,5.661413046065718,5.672663270961493,11.250224895775318,True,
1116,onnx_model_005,measure,5.661243993365767,5.6615668488666415,5.672696094028652,11.129245162010193,True,
1117,onnx_model_002,measure,5.66154831070201,5.661913086660206,5.673266056925058,11.352970264852047,True,
1118,onnx_model_002,measure,5.66511428804982,5.666262424085289,5.673353624064475,7.091199979186058,True,
1119,onnx_model_004,measure,5.666750370169123,5.667604284826666,5.6784851578995585,10.880873072892427,True,
1120,onnx_model_000,measure,5.671839556463112,5.672780093736947,5.684061988722533,11.281894985586405,True,
1121,onnx_model_000,measure,5.672293289862434,5.672951228916645,5.684143804013729,11.192575097084045,True,
1122,onnx_model_006,measure,5.679149062094495,5.6796794277615845,5.690602642018348,10.923214256763458,True,
1123,onnx_model_009,measure,5.68145974995256,5.682044082786888,5.692888827994466,10.844745207577944,True,
1124,onnx_model_000,measure,5.693342819882025,5.694067727774382,5.705064561683685,10.99683390930295,True,
1125,onnx_model_001,measure,5.697774307732793,5.698419409804046,5.70930254785344,10.883138049393892,True,
1126,onnx_model_002,measure,5.703682207097066,5.7047632690519094,5.715566083788872,10.802814736962318,True,
1127,onnx_model_006,measure,5.710064380949124,5.710481438785791,5.721263042651117,10.781603865325451,True,
1128,onnx_model_007,measure,5.711812896371752,5.712830843869597,5.723903962876648,11.073119007050991,True,
1129,onnx_model_001,measure,5.713074063429587,5.714181662071496,5.724994475953281,10.812813881784678,True,
1130,onnx_model_008,measure,5.714555602745619,5.71563884196803,5.726510246749967,10.8714047819376,True,
1131,onnx_model_006,measure,5.723071881101945,5.723450440913439,5.73456941684708,11.118975933641195,True,
1132,onnx_model_003,measure,5.726567566627975,5.727688546758145,5.738567946944386,10.879400186240673,True,
1133,onnx_model_006,measure,5.728321364996329,5.7290463778190315,5.7346618617884815,5.615483969449997,True,
1134,onnx_model_007,measure,5.742547916133572,5.74275368405506,5.753700852859765,10.947168804705143,True,
1135,onnx_model_001,measure,5.744166251661644,5.745125922840089,5.756054155994207,10.928233154118061,True,
1136,onnx_model_000,measure,5.763083493382523,5.764235907699913,5.775278910063207,11.043002363294363,True,
1137,onnx_model_004,measure,5.7646238604260605,5.765584361739457,5.776612694840878,11.028333101421595,True,
1138,onnx_model_003,measure,5.766593444432375,5.766935549676418,5.777803699020296,10.86814934387803,True,
1139,onnx_model_008,measure,5.778208898094358,5.779004652053118,5.790162120014429,11.15746796131134,True,
1140,onnx_model_003,measure,5.782543604491292,5.783448769710958,5.795394676737487,11.945907026529312,True,
1141,onnx_model_006,measure,5.7826666362904735,5.783608432859182,5.7953622648492455,11.75383199006319,True,
1142,onnx_model_007,measure,5.783128213056981,5.783751955721527,5.795317980926484,11.566025204956532,True,
1143,onnx_model_008,measure,5.78342996843087,5.784298444632441,5.790294242091477,5.995797459036112,True,
1144,onnx_model_009,measure,5.788098982507041,5.788920640945435,5.79981328593567,10.892644990235567,True,
1145,onnx_model_004,measure,5.789074983319111,5.789311873726547,5.800211682915688,10.899809189140797,True,
1146,onnx_model_003,measure,5.793462211684714,5.794514152687043,5.8033019276335835,8.787774946540594,True,
1147,onnx_model_003,measure,5.79447862702844,5.794892301782966,5.803505545016378,8.613243233412504,True,
1148,onnx_model_003,measure,5.795351825516786,5.7955518760718405,5.803544519003481,7.992642931640148,True,
1149,onnx_model_007,measure,5.79852451042502,5.7989263497292995,5.809784851036966,10.858501307666302,True,
1150,onnx_model_002,measure,5.799086479424572,5.799890772905201,5.810743222013116,10.852449107915163,True,
1151,onnx_model_003,measure,5.801882858936757,5.802368382923305,5.803577702026814,1.2093191035091877,True,
1152,onnx_model_009,measure,5.816668907705487,5.817017107736319,5.8280214057303965,11.004297994077206,True,
1153,onnx_model_005,measure,5.833448988195531,5.834249484818429,5.845372267067432,11.122782249003649,True,
1154,onnx_model_000,measure,5.8539339249645534,5.855604597833008,5.867051105946302,11.44650811329484,True,
1155,onnx_model_000,measure,5.854258418209942,5.855770763941109,5.867107913829386,11.337149888277054,True,
1156,onnx_model_006,measure,5.861861620294705,5.862313800957054,5.873418479692191,11.104678735136986,True,
1157,onnx_model_009,measure,5.868757145324878,5.8694175239652395,5.880409067962319,10.991543997079134,True,
1158,onnx_model_004,measure,5.870353801226816,5.8709342568181455,5.882014679722488,11.080422904342413,True,
1159,onnx_model_008,measure,5.8816976940981025,5.882120149675757,5.893354093655944,11.233943980187178,True,
1160,onnx_model_002,measure,5.8828186228552,5.883607276715338,5.894932774826884,11.32549811154604,True,
1161,onnx_model_008,measure,5.887776442250472,5.8880633669905365,5.8938197386451066,5.756371654570103,True,
1162,onnx_model_002,measure,5.892917147005923,5.893457551021129,5.894985995721072,1.5284446999430656,True,
1163,onnx_model_000,measure,5.895792903598,5.896231813821942,5.907411685679108,11.17987185716629,True,
1164,onnx_model_003,measure,5.9058501102298715,5.906695524696261,5.917895664926618,11.200140230357647,True,
1165,onnx_model_009,measure,5.907274049938377,5.907552734017372,5.918601857032627,11.049123015254736,True,
1166,onnx_model_005,measure,5.928243711254211,5.9288435550406575,5.939965836703777,11.122281663119793,True,
1167,onnx_model_005,measure,5.937071845702037,5.937308314722031,5.940101054031402,2.7927393093705177,True,
1168,onnx_model_008,measure,5.942161088070425,5.943330673035234,5.954434449784458,11.10377674922347,True,
1169,onnx_model_000,measure,5.9539532400228765,5.954547974746674,5.965582490898669,11.034516151994467,True,
1170,onnx_model_000,measure,5.970582502480187,5.970911630894989,5.981995319016278,11.083688121289015,True,
1171,onnx_model_009,measure,5.971537705092676,5.972458189819008,5.9835859327577055,11.127742938697338,True,
1172,onnx_model_001,measure,5.974332264808195,5.975028085056692,5.985997425857931,10.969340801239014,True,
1173,onnx_model_006,measure,5.983205124615414,5.983696863055229,5.994849903974682,11.153040919452906,True,
1174,onnx_model_001,measure,5.983779272703896,5.9841546840034425,5.986114759929478,1.9600759260356426,True,
1175,onnx_model_001,measure,5.986179444538135,5.987343304790556,5.998460005968809,11.116701178252697,True,
1176,onnx_model_003,measure,5.991127671673419,5.991848187986761,6.00311850104481,11.270313058048487,True,
1177,onnx_model_009,measure,5.991380697180656,5.992038750089705,6.002967844717205,10.92909462749958,True,
1178,onnx_model_007,measure,6.00052941124033,6.0017652390524745,6.013003942091018,11.238703038543463,True,
1179,onnx_model_004,measure,6.000882711663834,6.00197699200362,6.013243497814983,11.266505811363459,True,
1180,onnx_model_006,measure,6.0055790072692785,6.0063621969893575,6.017437108792365,11.074911803007126,True,
1181,onnx_model_004,measure,6.00664725783717,6.007823253981769,6.0132740256376565,5.450771655887365,True,
1182,onnx_model_007,measure,6.007595717401857,6.00800878694281,6.013185506686568,5.17671974375844,True,
1183,onnx_model_007,measure,6.016515385189648,6.017534203827381,6.028413442894816,10.879239067435265,True,
1184,onnx_model_004,measure,6.023220942513784,6.024002017918974,6.03503433894366,11.032321024686098,True,
1185,onnx_model_006,measure,6.023325185105858,6.024166380055249,6.035199131816626,11.032751761376858,True,
1186,onnx_model_004,measure,6.02433951750303,6.02460248908028,6.035236512776464,10.634023696184158,True,
1187,onnx_model_005,measure,6.027367045884182,6.028036336880177,6.038993594702333,10.957257822155952,True,
1188,onnx_model_007,measure,6.039033906171468,6.0402142950333655,6.051140063907951,10.925768874585629,True,
1189,onnx_model_002,measure,6.042812627673245,6.0436784396879375,6.054765204899013,11.086765211075544,True,
1190,onnx_model_007,measure,6.053355422432707,6.054382586851716,6.06551329465583,11.130707804113626,True,
1191,onnx_model_002,measure,6.057375040273891,6.058002317789942,6.068852452095598,10.850134305655956,True,
1192,onnx_model_002,measure,6.069150531236354,6.07011318905279,6.081008699722588,10.895510669797659,True,
1193,onnx_model_001,measure,6.070277255990214,6.070492449682206,6.0815421040169895,11.049654334783554,True,
1194,onnx_model_006,measure,6.073915824009315,6.074953909963369,6.086281181778759,11.327271815389395,True,
1195,onnx_model_004,measure,6.0748278925099495,6.075123131740838,6.086239702999592,11.116571258753538,True,
1196,onnx_model_003,measure,6.075860094159466,6.07664002571255,6.087614175863564,10.974150151014328,True,
1197,onnx_model_006,measure,6.077891767598945,6.079113907646388,6.086312361061573,7.198453415185213,True,
1198,onnx_model_007,measure,6.078017281416798,6.079284491948783,6.0903859050013125,11.101413052529097,True,
1199,onnx_model_006,measure,6.078630862220022,6.079435870051384,6.086340714711696,6.904844660311937,True,
1200,onnx_model_001,measure,6.0798174305604835,6.08000179566443,6.081598901655525,1.5971059910953045,True,
1201,onnx_model_000,measure,6.086159263175681,6.086517110932618,6.097410406917334,10.893295984715223,True,
1202,onnx_model_005,measure,6.090509177258606,6.091610491741449,6.102590905036777,10.980413295328617,True,
1203,onnx_model_009,measure,6.092604593640548,6.093020973727107,6.10384871577844,10.827742051333189,True,
1204,onnx_model_007,measure,6.097312704851023,6.097557646688074,6.108395077753812,10.837431065738201,True,
1205,onnx_model_004,measure,6.105088160765641,6.106125843711197,6.117261430714279,11.135587003082037,True,
1206,onnx_model_003,measure,6.108307524084545,6.108537538908422,6.1194789968431,10.9414579346776,True,
1207,onnx_model_006,measure,6.113590602330771,6.113991505932063,6.124934977851808,10.943471919745207,True,
1208,onnx_model_000,measure,6.121712094669316,6.122717001941055,6.133792353793979,11.075351852923632,True,
1209,onnx_model_000,measure,6.139588840066968,6.140015874058008,6.15110699692741,11.09112286940217,True,
1210,onnx_model_006,measure,6.140750141199986,6.141459317877889,6.1527120978571475,11.252779979258776,True,
1211,onnx_model_002,measure,6.15180955293631,6.152338918764144,6.163428829051554,11.08991028741002,True,
1212,onnx_model_009,measure,6.156350547713044,6.15695831971243,6.168418633751571,11.46031403914094,True,
1213,onnx_model_002,measure,6.157093503999066,6.157325929030776,6.163537895772606,6.2119667418301105,True,
1214,onnx_model_004,measure,6.160502885252543,6.160761117935181,6.171779011841863,11.01789390668273,True,
1215,onnx_model_001,measure,6.166550056770996,6.167766524013132,6.179040774703026,11.274250689893961,True,
1216,onnx_model_008,measure,6.167584435956956,6.167980120982975,6.179151155054569,11.171034071594477,True,
1217,onnx_model_004,measure,6.173546226180824,6.174015402793884,6.185085414908826,11.070012114942074,True,
1218,onnx_model_008,measure,6.1817338211407895,6.1823772680945694,6.193686724640429,11.309456545859575,True,
1219,onnx_model_003,measure,6.18211585935956,6.182542461901903,6.1938329129479825,11.290451046079397,True,
1220,onnx_model_003,measure,6.188808414927856,6.189314543735236,6.193892746698111,4.578202962875366,True,
1221,onnx_model_004,measure,6.191297055308794,6.191764330957085,6.202974078711122,11.20974775403738,True,
1222,onnx_model_003,measure,6.195167837826335,6.1961164637468755,6.207140157930553,11.023694183677435,True,
1223,onnx_model_009,measure,6.201841840765073,6.202563277911395,6.213587984908372,11.02470699697733,True,
1224,onnx_model_001,measure,6.207730188269198,6.208361430093646,6.21940854890272,11.047118809074163,True,
1225,onnx_model_003,measure,6.212208778576317,6.212809744756669,6.223909383639693,11.099638883024454,True,
1226,onnx_model_000,measure,6.22817555327159,6.229135748930275,6.240216551814228,11.080802883952856,True,
1227,onnx_model_004,measure,6.2306443428878,6.231585384812206,6.242665878031403,11.080493219196796,True,
1228,onnx_model_007,measure,6.243354747157486,6.243911064695567,6.255036542657763,11.125477962195873,True,
1229,onnx_model_005,measure,6.249424261042042,6.250365003012121,6.2614089557901025,11.043952777981758,True,
1230,onnx_model_007,measure,6.252217747727105,6.252805962692946,6.255152412690222,2.3464499972760677,True,
1231,onnx_model_000,measure,6.262464533145658,6.2636561170220375,6.274834635667503,11.178518645465374,True,
1232,onnx_model_000,measure,6.267685296025146,6.268133728764951,6.2752944100648165,7.160681299865246,True,
1233,onnx_model_001,measure,6.268355409906057,6.2695659110322595,6.2805869108997285,11.020999867469072,True,
1234,onnx_model_004,measure,6.274123538987963,6.274944705888629,6.285954563878477,11.00985798984766,True,
1235,onnx_model_006,measure,6.2760839044703065,6.276519658975303,6.287569012958556,11.04935398325324,True,
1236,onnx_model_007,measure,6.2869490583788465,6.287191865965724,6.298304690048099,11.112824082374573,True,
1237,onnx_model_000,measure,6.292897258498995,6.293804314918816,6.304905887693167,11.101572774350643,True,
1238,onnx_model_004,measure,6.3058825547668205,6.306124764028937,6.317163847852498,11.039083823561668,True,
1239,onnx_model_002,measure,6.308596730198917,6.309565834701061,6.320694679860026,11.128845158964396,True,
1240,onnx_model_002,measure,6.312365106761308,6.313010643702,6.320749343838543,7.73870013654232,True,
1241,onnx_model_004,measure,6.3324497591109585,6.333015429787338,6.3440412688069046,11.025839019566774,True,
1242,onnx_model_006,measure,6.3362616669263,6.337472451850772,6.348435020074248,10.96256822347641,True,
1243,onnx_model_009,measure,6.337894732212593,6.3390369256958365,6.350053556729108,11.016631033271551,True,
1244,onnx_model_006,measure,6.338036629625219,6.33920417400077,6.348706085700542,9.501911699771881,True,
1245,onnx_model_000,measure,6.344908280978193,6.345272188074887,6.356222152709961,10.949964635074139,True,
1246,onnx_model_004,measure,6.348198974744307,6.348504101857543,6.359354145824909,10.850043967366219,True,
1247,onnx_model_004,measure,6.350904296796266,6.3512067990377545,6.359390564728528,8.183765690773726,True,
1248,onnx_model_003,measure,6.367461423885919,6.369541260879487,6.380406383890659,10.865123011171818,True,
1249,onnx_model_000,measure,6.3702193798679305,6.3708230666816235,6.381679312791675,10.85624611005187,True,
1250,onnx_model_008,measure,6.371403594585819,6.372110404074192,6.382794302888215,10.683898814022541,True,
1251,onnx_model_009,measure,6.375668297116328,6.376387244090438,6.387166704051197,10.779459960758686,True,
1252,onnx_model_007,measure,6.38609522719588,6.3869492607191205,6.39849264267832,11.543381959199905,True,
1253,onnx_model_001,measure,6.387445846795872,6.38833336206153,6.399227699730545,10.89433766901493,True,
1254,onnx_model_008,measure,6.388081308244407,6.388427810743451,6.39926331769675,10.835506953299046,True,
1255,onnx_model_006,measure,6.3901165163427995,6.390758922789246,6.401777506805956,11.01858401671052,True,
1256,onnx_model_000,measure,6.396339629194278,6.397048417944461,6.40788121894002,10.8328009955585,True,
1257,onnx_model_007,measure,6.400480849052035,6.40141730196774,6.412688647862524,11.271345894783735,True,
1258,onnx_model_004,measure,6.4012690163754264,6.401522902771831,6.412715818732977,11.192915961146355,True,
1259,onnx_model_001,measure,6.404953805281687,6.405941752716899,6.416706985794008,10.76523307710886,True,
1260,onnx_model_003,measure,6.4060079508999195,6.406159156002104,6.417001234833151,10.84207883104682,True,
1261,onnx_model_002,measure,6.409023820675904,6.410048809833825,6.420724612660706,10.675802826881409,True,
1262,onnx_model_000,measure,6.411997538601687,6.412339613772929,6.4230986260809,10.759012307971716,True,
1263,onnx_model_009,measure,6.416120476701573,6.4167651566676795,6.427428485825658,10.663329157978296,True,
1264,onnx_model_003,measure,6.417674707260552,6.4181547476910055,6.429013980086893,10.859232395887375,True,
1265,onnx_model_003,measure,6.418442728438478,6.419439559802413,6.42903713369742,9.597573895007372,True,
1266,onnx_model_001,measure,6.421418952815899,6.421898393891752,6.432645543012768,10.747149121016264,True,
1267,onnx_model_005,measure,6.423248619522036,6.424264281988144,6.435103185009211,10.838903021067381,True,
1268,onnx_model_008,measure,6.423738021448708,6.4243602538481355,6.435404226649553,11.043972801417112,True,
1269,onnx_model_008,measure,6.432197871723284,6.432701639831066,6.435431479010731,2.7298391796648502,True,
1270,onnx_model_002,measure,6.434862160189138,6.435168007854372,6.445922581013292,10.754573158919811,True,
1271,onnx_model_006,measure,6.4353871110619485,6.435518744867295,6.446224584709853,10.705839842557907,True,
1272,onnx_model_008,measure,6.439202551865547,6.439802827779204,6.450443353969604,10.640526190400124,True,
1273,onnx_model_009,measure,6.450566676267197,6.451596916653216,6.462302576750517,10.705660097301006,True,
1274,onnx_model_001,measure,6.453261954556343,6.4539563418366015,6.464845921844244,10.889580007642508,True,
1275,onnx_model_003,measure,6.456111325015302,6.456390929874033,6.467455110978335,11.064181104302406,True,
1276,onnx_model_002,measure,6.466564542727638,6.46708267275244,6.477993542794138,10.910870041698217,True,
1277,onnx_model_004,measure,6.46916950327229,6.469681442715228,6.480625425931066,10.94398321583867,True,
1278,onnx_model_000,measure,6.469671464983006,6.470053049735725,6.481110108084977,11.057058349251747,True,
1279,onnx_model_002,measure,6.480142500481339,6.4807191039435565,6.49150276184082,10.783657897263765,True,
1280,onnx_model_007,measure,6.482150579312875,6.483335277065635,6.494146046694368,10.810769628733397,True,
1281,onnx_model_004,measure,6.483866034594415,6.484765024855733,6.4957401268184185,10.975101962685585,True,
1282,onnx_model_005,measure,6.488025905033168,6.489208561833948,6.500155149959028,10.94658812507987,True,
1283,onnx_model_008,measure,6.49166641300788,6.492665933910757,6.503532158676535,10.866224765777588,True,
1284,onnx_model_005,measure,6.494633082747152,6.495361977722496,6.500268233940005,4.906256217509508,True,
1285,onnx_model_006,measure,6.50334289862145,6.5036286218091846,6.514577774796635,10.949152987450361,True,
1286,onnx_model_009,measure,6.5097243079851825,6.510089783929288,6.521047343034297,10.95755910500884,True,
1287,onnx_model_003,measure,6.513857571048721,6.514673056080937,6.52548926603049,10.816209949553013,True,
1288,onnx_model_009,measure,6.520179115060343,6.521163233090192,6.531992658041418,10.82942495122552,True,
1289,onnx_model_004,measure,6.522967189369823,6.523499984759837,6.53434847574681,10.848490986973047,True,
1290,onnx_model_007,measure,6.5260837567529615,6.526707972865552,6.537615125998855,10.907153133302927,True,
1291,onnx_model_003,measure,6.5406949748565495,6.5418496648781,6.552750465925783,10.900801047682762,True,
1292,onnx_model_005,measure,6.545180542349036,6.54632063396275,6.5572285377420485,10.907903779298067,True,
1293,onnx_model_007,measure,6.55503193251596,6.555989021901041,6.567132083699107,11.1430617980659,True,
1294,onnx_model_007,measure,6.555713600000826,6.556147853843868,6.567186647094786,11.038793250918388,True,
1295,onnx_model_005,measure,6.573082647683919,6.573406900744885,6.5843185018748045,10.91160112991929,True,
1296,onnx_model_000,measure,6.585641962786724,6.586544994730502,6.597685590852052,11.140596121549606,True,
1297,onnx_model_002,measure,6.600655631755935,6.6010116739198565,6.612375394906849,11.36372098699212,True,
1298,onnx_model_006,measure,6.603881470433337,6.604566420894116,6.6159782926552,11.411871761083603,True,
1299,onnx_model_006,measure,6.604108472964301,6.604756862856448,6.616031163837761,11.27430098131299,True,
1300,onnx_model_001,measure,6.608227321379412,6.60939459875226,6.620475080795586,11.080482043325901,True,
1301,onnx_model_004,measure,6.61075366694013,6.611957389861345,6.622972488868982,11.015099007636309,True,
1302,onnx_model_003,measure,6.615523079924266,6.616137857083231,6.627036202698946,10.898345615714788,True,
1303,onnx_model_007,measure,6.617060089908317,6.617674226872623,6.628687432035804,11.013205163180828,True,
1304,onnx_model_007,measure,6.621393650242759,6.621693097054958,6.628804423846304,7.111326791346073,True,
1305,onnx_model_005,measure,6.633112251627978,6.634034535847604,6.645053952001035,11.019416153430939,True,
1306,onnx_model_000,measure,6.6361755275210825,6.6364951729774475,6.647445648908615,10.950475931167603,True,
1307,onnx_model_006,measure,6.6382691895554675,6.638976779766381,6.65007614903152,11.099369265139103,True,
1308,onnx_model_003,measure,6.6393459386696625,6.64041753904894,6.651236114092171,10.818575043231249,True,
1309,onnx_model_007,measure,6.649150484344144,6.649686688091606,6.660624569747597,10.937881655991077,True,
1310,onnx_model_002,measure,6.65220600012812,6.652455821633339,6.663369437679648,10.913616046309471,True,
1311,onnx_model_000,measure,6.656218656625174,6.65692039905116,6.667728292755783,10.807893704622984,True,
1312,onnx_model_009,measure,6.670685660687034,6.670961359050125,6.681882688775659,10.921329725533724,True,
1313,onnx_model_004,measure,6.672738029050165,6.6734151327982545,6.684330170974135,10.915038175880909,True,
1314,onnx_model_003,measure,6.686863024572415,6.687551443930715,6.698542647063732,10.991203133016825,True,
1315,onnx_model_002,measure,6.691669674127199,6.692011080682278,6.7030836986377835,11.072617955505848,True,
1316,onnx_model_007,measure,6.708847358549946,6.709390738047659,6.720685888081789,11.29515003412962,True,
1317,onnx_model_001,measure,6.712391947274805,6.712964099831879,6.724377574864775,11.413475032895803,True,
1318,onnx_model_002,measure,6.712683489009942,6.713153199758381,6.72432974493131,11.176545172929764,True,
1319,onnx_model_004,measure,6.716085280116558,6.716772088780999,6.727955245878547,11.183157097548246,True,
1320,onnx_model_007,measure,6.719542793006503,6.720281037967652,6.7312635546550155,10.982516687363386,True,
1321,onnx_model_004,measure,6.721011482020865,6.721938929986209,6.728116602636874,6.177672650665045,True,
1322,onnx_model_008,measure,6.721942643732621,6.722312058787793,6.733249048702419,10.936989914625883,True,
1323,onnx_model_008,measure,6.723474436945428,6.723764619790018,6.733360790647566,9.596170857548714,True,
1324,onnx_model_004,measure,6.724352035411577,6.7245285818353295,6.728154304903001,3.6257230676710606,True,
1325,onnx_model_001,measure,6.745983423206543,6.74760617967695,6.758635716047138,11.029536370187998,True,
1326,onnx_model_008,measure,6.752518049218727,6.753096044994891,6.764057260937989,10.961215943098068,True,
1327,onnx_model_002,measure,6.753555397692965,6.754544558934867,6.7656997330486774,11.155174113810062,True,
1328,onnx_model_000,measure,6.754256154004645,6.75471301889047,6.765965808648616,11.25278975814581,True,
1329,onnx_model_005,measure,6.758734930748219,6.759886963758618,6.770981582812965,11.094619054347277,True,
1330,onnx_model_002,measure,6.7596686287125625,6.760060413740575,6.765926643740386,5.866229999810457,True,
1331,onnx_model_000,measure,6.763138681297916,6.763581866864115,6.765996035654098,2.4141687899827957,True,
1332,onnx_model_001,measure,6.767948562107301,6.768232557922602,6.7792442087084055,11.011650785803795,True,
1333,onnx_model_003,measure,6.772370551751862,6.773205870762467,6.784183928743005,10.978057980537415,True,
1334,onnx_model_005,measure,6.775462052964476,6.776654086075723,6.787730279844254,11.076193768531084,True,
1335,onnx_model_000,measure,6.783166875409257,6.783468839712441,6.794731969945133,11.263130232691765,True,
1336,onnx_model_005,measure,6.784343949558578,6.785410610958934,6.787847723811865,2.4371128529310226,True,
1337,onnx_model_000,measure,6.7863616067479375,6.786876937840134,6.794779059011489,7.9021211713552475,True,
1338,onnx_model_001,measure,6.788382878079214,6.789080135989934,6.800109901931137,11.02976594120264,True,
1339,onnx_model_003,measure,6.790872883653801,6.79152631573379,6.802670510020107,11.144194286316633,True,
1340,onnx_model_003,measure,6.7933696459509925,6.79399223299697,6.802726906724274,8.734673727303743,True,
1341,onnx_model_009,measure,6.7937868093064,6.794160883873701,6.805256715975702,11.095832102000713,True,
1342,onnx_model_006,measure,6.795718078410818,6.796008266042918,6.807004076894373,10.995810851454735,True,
1343,onnx_model_008,measure,6.805173789216851,6.805416089016944,6.816373697016388,10.957607999444008,True,
1344,onnx_model_006,measure,6.810868541264423,6.811251911800355,6.822192809078842,10.940897278487682,True,
1345,onnx_model_009,measure,6.819811972030984,6.8206039080396295,6.831627382896841,11.023474857211113,True,
1346,onnx_model_000,measure,6.820306761477371,6.820768712088466,6.83180877706036,11.040064971894026,True,
1347,onnx_model_006,measure,6.821061661182495,6.821249445900321,6.822320480830967,1.0710349306464195,True,
1348,onnx_model_007,measure,6.823776493935199,6.8245496288873255,6.835609382018447,11.059753131121397,True,
1349,onnx_model_001,measure,6.824109864916027,6.824731784872711,6.83577988576144,11.048100888729095,True,
1350,onnx_model_000,measure,6.825224084794653,6.8263366259634495,6.83184729097411,5.510665010660887,True,
1351,onnx_model_001,measure,6.827761118410599,6.82883003493771,6.835835300851613,7.005265913903713,True,
1352,onnx_model_000,measure,6.831810724238783,6.832009418867528,6.842905219644308,10.895800776779652,True,
1353,onnx_model_009,measure,6.832121661521912,6.832398999016732,6.843643793836236,11.244794819504023,True,
1354,onnx_model_004,measure,6.8420903024377315,6.843013545963913,6.854063890874386,11.050344910472631,True,
1355,onnx_model_005,measure,6.842419350617736,6.843180634081364,6.854191844817251,11.011210735887289,True,
1356,onnx_model_007,measure,6.850399785947162,6.850889157038182,6.861701118759811,10.811961721628904,True,
1357,onnx_model_001,measure,6.867123315576967,6.8679624907672405,6.878938674926758,10.976184159517288,True,
1358,onnx_model_006,measure,6.868735161482918,6.869413939770311,6.880353725049645,10.939785279333591,True,
1359,onnx_model_002,measure,6.869569072540624,6.869780415669084,6.880663653835654,10.883238166570663,True,
1360,onnx_model_008,measure,6.88922076487866,6.890898278914392,6.901930168736726,11.031889822334051,True,
1361,onnx_model_004,measure,6.896887270144339,6.897355322726071,6.911121669691056,13.766346964985132,True,
1362,onnx_model_004,measure,6.898597222307421,6.899795470759273,6.911255634855479,11.460164096206427,True,
1363,onnx_model_007,measure,6.900924590986576,6.9012413788586855,6.912248142063618,11.006763204932213,True,
1364,onnx_model_006,measure,6.902677440145191,6.903151830658317,6.914081475697458,10.929645039141178,True,
1365,onnx_model_000,measure,6.90560460825886,6.906600996851921,6.917580256704241,10.979259852319956,True,
1366,onnx_model_002,measure,6.906201513578422,6.906764607876539,6.917748867999762,10.984260123223066,True,
1367,onnx_model_002,measure,6.915282609311849,6.9163256720639765,6.917819751892239,1.494079828262329,True,
1368,onnx_model_006,measure,6.926618838128975,6.92804765375331,6.939067160710692,11.019506957381964,True,
1369,onnx_model_007,measure,6.93578235351185,6.936497676651925,6.947502194903791,11.004518251866102,True,
1370,onnx_model_003,measure,6.936485100063888,6.936915189959109,6.947800802066922,10.885612107813358,True,
1371,onnx_model_009,measure,6.943189360751093,6.944298023823649,6.955316489096731,11.018465273082256,True,
1372,onnx_model_008,measure,6.9441795518666165,6.944457727950066,6.955428801942617,10.971073992550373,True,
1373,onnx_model_001,measure,6.959674156451222,6.960655346978456,6.971617644652724,10.962297674268484,True,
1374,onnx_model_002,measure,6.969505972220495,6.971139546018094,6.982122813817114,10.983267799019814,True,
1375,onnx_model_006,measure,6.972161179287186,6.972850618883967,6.9839201499708,11.069531086832285,True,
1376,onnx_model_008,measure,6.97768314158487,6.978327258955687,6.98948581982404,11.158560868352652,True,
1377,onnx_model_008,measure,6.984917024652061,6.985138636082411,6.990218381863087,5.079745780676603,True,
1378,onnx_model_004,measure,6.988701948761417,6.989586380776018,7.00096462899819,11.37824822217226,True,
1379,onnx_model_006,measure,6.989194469329,6.989767204970121,7.00143332965672,11.666124686598778,True,
1380,onnx_model_007,measure,6.99543358405164,6.996454315725714,7.007558683864772,11.104368139058352,True,
1381,onnx_model_006,measure,7.000276003217625,7.001076282002032,7.012229421641678,11.153139639645815,True,
1382,onnx_model_003,measure,7.0026154733647505,7.003675010986626,7.01505125593394,11.376244947314262,True,
1383,onnx_model_000,measure,7.0031535053831595,7.0038475189358,7.0152058796957135,11.358360759913921,True,
1384,onnx_model_007,measure,7.008297363805597,7.008786767721176,7.0198976886458695,11.110920924693346,True,
1385,onnx_model_000,measure,7.011607768798691,7.012329111807048,7.015244843903929,2.9157320968806744,True,
1386,onnx_model_004,measure,7.012543779847587,7.0127074010670185,7.023761101998389,11.053700931370258,True,
1387,onnx_model_007,measure,7.016948254349105,7.017473670653999,7.020048434846103,2.5747641921043396,True,
1388,onnx_model_000,measure,7.028994660161687,7.0300253899767995,7.0410678796470165,11.042489670217037,True,
1389,onnx_model_009,measure,7.030049045811052,7.030403788667172,7.041344536002725,10.94074733555317,True,
1390,onnx_model_006,measure,7.035242325352399,7.035835874732584,7.046837066765875,11.001192033290863,True,
1391,onnx_model_001,measure,7.038266795905236,7.039334605913609,7.050384348724037,11.049742810428143,True,
1392,onnx_model_001,measure,7.042204448336347,7.042562761809677,7.050438922829926,7.876161020249128,True,
1393,onnx_model_005,measure,7.051974165059271,7.052659945096821,7.063631950877607,10.972005780786276,True,
1394,onnx_model_004,measure,7.053063474367399,7.054121703840792,7.065177077893168,11.055374052375555,True,
1395,onnx_model_008,measure,7.064917580097882,7.065275625791401,7.076354464981705,11.07883919030428,True,
1396,onnx_model_000,measure,7.0703511482980055,7.070726516656578,7.081740773748606,11.014257092028856,True,
1397,onnx_model_003,measure,7.073632262947621,7.0742057710886,7.085407543927431,11.201772838830948,True,
1398,onnx_model_005,measure,7.077050614155905,7.077579994685948,7.088498218916357,10.918224230408669,True,
1399,onnx_model_004,measure,7.084109918409601,7.085014367010444,7.096063288860023,11.048921849578619,True,
1400,onnx_model_009,measure,7.088166082723182,7.088597256690264,7.099546759855002,10.949503164738417,True,
1401,onnx_model_005,measure,7.102279812503691,7.102767592761666,7.11378207989037,11.014487128704786,True,
1402,onnx_model_006,measure,7.104187467646253,7.105233669746667,7.116232086904347,10.998417157679796,True,
1403,onnx_model_001,measure,7.109149026317703,7.109692906960845,7.120618925895542,10.926018934696913,True,
1404,onnx_model_008,measure,7.110831648937838,7.111152912024409,7.122107896022499,10.954983998090029,True,
1405,onnx_model_009,measure,7.111291270985961,7.111517424695194,7.122426372021437,10.908947326242924,True,
1406,onnx_model_007,measure,7.137990707833573,7.138671951834112,7.149728127755225,11.056175921112299,True,
1407,onnx_model_008,measure,7.140495316017684,7.1411644499748945,7.152319835033268,11.155385058373213,True,
1408,onnx_model_008,measure,7.142518017138086,7.143616139888763,7.152383194770664,8.767054881900549,True,
1409,onnx_model_000,measure,7.144336004808426,7.145030007697642,7.155999389011413,10.96938131377101,True,
1410,onnx_model_006,measure,7.1589354242893295,7.159241792745888,7.170329848770052,11.088056024163961,True,
1411,onnx_model_004,measure,7.159656579903533,7.160694634076208,7.171790445689112,11.095811612904072,True,
1412,onnx_model_007,measure,7.165720770220028,7.166153090074658,7.177084408700466,10.931318625807762,True,
1413,onnx_model_006,measure,7.178996071330644,7.179364031646401,7.190451737958938,11.087706312537193,True,
1414,onnx_model_003,measure,7.182204238924407,7.1828390480950475,7.19408800965175,11.248961556702852,True,
1415,onnx_model_009,measure,7.18373650052689,7.18429621681571,7.19521992187947,10.92370506376028,True,
1416,onnx_model_000,measure,7.186011554539268,7.186730834655464,7.197765840683132,11.035006027668715,True,
1417,onnx_model_001,measure,7.1887259063825715,7.189202232751995,7.200086954049766,10.884721297770739,True,
1418,onnx_model_005,measure,7.18926388142866,7.189558780752122,7.200485951732844,10.927170980721712,True,
1419,onnx_model_002,measure,7.192591865533844,7.193681787699461,7.204810833092779,11.129045393317938,True,
1420,onnx_model_002,measure,7.194599835095154,7.19531742669642,7.204889572691172,9.572145994752645,True,
1421,onnx_model_009,measure,7.196152841376032,7.196759267710149,7.207645480986685,10.886213276535273,True,
1422,onnx_model_007,measure,7.209536105423126,7.209804594982415,7.220674457959831,10.869862977415323,True,
1423,onnx_model_000,measure,7.215099180699552,7.2161021856591105,7.227201024070382,11.098838411271572,True,
1424,onnx_model_002,measure,7.215329045281212,7.216198418755084,7.227430910803378,11.232492048293352,True,
1425,onnx_model_005,measure,7.216197736271337,7.216459795832634,7.227344806771725,10.885010939091444,True,
1426,onnx_model_008,measure,7.231031851032451,7.231653176713735,7.242905114777386,11.251938063651323,True,
1427,onnx_model_000,measure,7.23240174152637,7.233125044032931,7.244077492970973,10.952448938041925,True,
1428,onnx_model_009,measure,7.235374847926684,7.236578458920121,7.24760594079271,11.027481872588396,True,
1429,onnx_model_004,measure,7.235978316620288,7.2367487526498735,7.247853891924024,11.105139274150133,True,
1430,onnx_model_004,measure,7.237698917385688,7.238287877757102,7.247911320999265,9.623443242162466,True,
1431,onnx_model_002,measure,7.239997525559214,7.240739337634295,7.251758964732289,11.01962709799409,True,
1432,onnx_model_009,measure,7.247007778462835,7.2472627479583025,7.258112441748381,10.849693790078163,True,
1433,onnx_model_003,measure,7.254904750978216,7.25594775704667,7.266899624839425,10.951867792755365,True,
1434,onnx_model_004,measure,7.257953548039434,7.258182805962861,7.269216509070247,11.033703107386827,True,
1435,onnx_model_000,measure,7.263750208513166,7.264499893877655,7.275399461854249,10.899567976593971,True,
1436,onnx_model_004,measure,7.266350324140695,7.26697401702404,7.2695590308867395,2.5850138626992702,True,
1437,onnx_model_005,measure,7.268485693127913,7.2692989758215845,7.280182945076376,10.883969254791737,True,
1438,onnx_model_005,measure,7.289867886032589,7.29036401771009,7.301260930951685,10.89691324159503,True,
1439,onnx_model_007,measure,7.295831594881291,7.2967172539792955,7.307695281691849,10.97802771255374,True,
1440,onnx_model_001,measure,7.297399079860742,7.29808919178322,7.30883375601843,10.744564235210419,True,
1441,onnx_model_004,measure,7.305007099868131,7.305443341843784,7.316304617095739,10.861275251954794,True,
1442,onnx_model_000,measure,7.311016921146076,7.312012057751417,7.32325306488201,11.241007130593061,True,
1443,onnx_model_000,measure,7.312277239046622,7.313356292899698,7.323294444009662,9.938151109963655,True,
1444,onnx_model_009,measure,7.314859895713668,7.31570294406265,7.3265348030254245,10.831858962774277,True,
1445,onnx_model_002,measure,7.318440463514841,7.319488398730755,7.330761737655848,11.273338925093412,True,
1446,onnx_model_002,measure,7.330418621982794,7.330873329658061,7.341873680707067,11.000351049005985,True,
1447,onnx_model_000,measure,7.333618049513164,7.334324290044606,7.345280506648123,10.956216603517532,True,
1448,onnx_model_006,measure,7.335705501258699,7.336758668068796,7.3477506916970015,10.992023628205061,True,
1449,onnx_model_002,measure,7.3429228106083535,7.344114329665899,7.355540348682553,11.4260190166533,True,
1450,onnx_model_004,measure,7.343810048526202,7.344281917903572,7.355706724803895,11.424806900322437,True,
1451,onnx_model_007,measure,7.343892883875562,7.344433375634253,7.35574617004022,11.312794405966997,True,
1452,onnx_model_002,measure,7.3478072269943855,7.34899460664019,7.355777028948069,6.782422307878733,True,
1453,onnx_model_006,measure,7.360328098222746,7.361036556772888,7.372142387088388,11.105830315500498,True,
1454,onnx_model_008,measure,7.3830404996775085,7.3834427879191935,7.394549499731511,11.106711812317371,True,
1455,onnx_model_004,measure,7.38922315710885,7.3900012648664415,7.401181255932897,11.179991066455841,True,
1456,onnx_model_007,measure,7.391485074888973,7.392548335716128,7.403671740088612,11.123404372483492,True,
1457,onnx_model_007,measure,7.4113974365717885,7.41200039209798,7.423129866831005,11.129474733024836,True,
1458,onnx_model_001,measure,7.419383535333812,7.420585510786623,7.431623251643032,11.037740856409073,True,
1459,onnx_model_008,measure,7.420575621708529,7.421057288069278,7.432146486826241,11.089198756963015,True,
1460,onnx_model_003,measure,7.424405187680688,7.425445929635316,7.436510962899774,11.06503326445818,True,
1461,onnx_model_008,measure,7.428301319979366,7.429023509845138,7.4323107888922095,3.2872790470719337,True,
1462,onnx_model_008,measure,7.430066267211704,7.4305251548066735,7.432351315859705,1.826161053031683,True,
1463,onnx_model_006,measure,7.432925536521119,7.433583237696439,7.444766825996339,11.183588299900293,True,
1464,onnx_model_003,measure,7.433655562922228,7.434016962070018,7.436627014074475,2.61005200445652,True,
1465,onnx_model_004,measure,7.433829100765941,7.434191904962063,7.445192314684391,11.000409722328186,True,
1466,onnx_model_003,measure,7.439269040672071,7.439877461642027,7.450939188711345,11.061727069318295,True,
1467,onnx_model_000,measure,7.444070625344159,7.444358489941806,7.455381673760712,11.023183818906546,True,
1468,onnx_model_000,measure,7.446357883022943,7.447419588919729,7.455540124792606,8.120535872876644,True,
1469,onnx_model_004,measure,7.448407860892593,7.448908268939704,7.459892477840185,10.984208900481462,True,
1470,onnx_model_003,measure,7.450110687762056,7.450363174080849,7.4612890826538205,10.92590857297182,True,
1471,onnx_model_000,measure,7.450805447868884,7.451089314650744,7.455580621957779,4.491307307034731,True,
1472,onnx_model_004,measure,7.451183001272651,7.451460209675133,7.460013086907566,8.552877232432365,True,
1473,onnx_model_001,measure,7.453324195939298,7.4539275099523365,7.464813762810081,10.886252857744694,True,
1474,onnx_model_009,measure,7.458020705025176,7.45880711497739,7.469616001006216,10.808886028826237,True,
1475,onnx_model_008,measure,7.470208923819536,7.470849715638906,7.481780383735895,10.930668096989393,True,
1476,onnx_model_004,measure,7.474460004269556,7.475330773741007,7.486285256687552,10.954482946544886,True,
1477,onnx_model_003,measure,7.474804072310683,7.4755000257864594,7.486400245688856,10.900219902396202,True,
1478,onnx_model_003,measure,7.4759744104743255,7.477020405698568,7.486531184986234,9.510779287666082,True,
1479,onnx_model_000,measure,7.477183985802174,7.477381322067231,7.4882063190452754,10.82499697804451,True,
1480,onnx_model_000,measure,7.488539207790032,7.489423461724073,7.500394576694816,10.971114970743656,True,
1481,onnx_model_001,measure,7.498950017955253,7.499903142917901,7.510848198086023,10.945055168122053,True,
1482,onnx_model_009,measure,7.503017816720462,7.503620358649641,7.514555274043232,10.934915393590927,True,
1483,onnx_model_000,measure,7.505384402742815,7.506060536950827,7.5172104020603,11.149865109473467,True,
1484,onnx_model_006,measure,7.51563764601241,7.516778459772468,7.527889010030776,11.110550258308649,True,
1485,onnx_model_006,measure,7.518107451091376,7.518441691994667,7.5280441250652075,9.602433070540428,True,
1486,onnx_model_006,measure,7.518201559015525,7.518604941666126,7.528102345764637,9.497404098510742,True,
1487,onnx_model_001,measure,7.529786844507158,7.530330470763147,7.541563192848116,11.232722084969282,True,
1488,onnx_model_003,measure,7.5301065710329,7.530494863633066,7.54172420874238,11.229345109313726,True,
1489,onnx_model_003,measure,7.5332392971706135,7.534021697938442,7.541761549655348,7.739851716905832,True,
1490,onnx_model_009,measure,7.546358930618226,7.546997081954032,7.557980970945209,10.983888991177082,True,
1491,onnx_model_006,measure,7.5540742299435575,7.554470236878842,7.565424148924649,10.953912045806646,True,
1492,onnx_model_007,measure,7.557010899086095,7.558076020795852,7.568927377928048,10.851357132196426,True,
1493,onnx_model_007,measure,7.566607962782233,7.567645982839167,7.569020304828882,1.3743219897150993,True,
1494,onnx_model_005,measure,7.577820763855663,7.579239340033382,7.590343527961522,11.104187928140163,True,
1495,onnx_model_009,measure,7.584608585222785,7.585674922913313,7.596758571919054,11.083649005740881,True,
1496,onnx_model_008,measure,7.593056065214897,7.5935718938708305,7.604679227806628,11.107333935797215,True,
1497,onnx_model_005,measure,7.595075106593604,7.5960232936777174,7.6070715948008,11.048301123082638,True,
1498,onnx_model_006,measure,7.596884204690895,7.598010731860995,7.609235818963498,11.225087102502584,True,
1499,onnx_model_004,measure,7.598770696907438,7.59950092388317,7.610971998888999,11.471075005829334,True,
1500,onnx_model_004,measure,7.600680459247817,7.600949448067695,7.61101868795231,10.069239884614944,True,
1501,onnx_model_006,measure,7.601299986878672,7.60238186083734,7.609282698016614,6.900837179273367,True,
1502,onnx_model_008,measure,7.603571631806194,7.603807650972158,7.614909182768315,11.10153179615736,True,
1503,onnx_model_007,measure,7.604344327796256,7.604779127985239,7.615908523090184,11.129395104944706,True,
1504,onnx_model_007,measure,7.606408862042869,7.607170403003693,7.616059340070933,8.888937067240477,True,
1505,onnx_model_005,measure,7.610247118669172,7.610515671782196,7.621525649912655,11.009978130459785,True,
1506,onnx_model_001,measure,7.614098631591934,7.6150089129805565,7.6259730737656355,10.964160785079002,True,
1507,onnx_model_009,measure,7.622399128421171,7.622748334892094,7.633742803707719,10.994468815624714,True,
1508,onnx_model_006,measure,7.62467326429508,7.625217128079385,7.636280677746981,11.063549667596817,True,
1509,onnx_model_009,measure,7.627151058734134,7.628200137987733,7.633852782659233,5.652644671499729,True,
1510,onnx_model_006,measure,7.631876663627578,7.632647541817278,7.636785998009145,4.13845619186759,True,
1511,onnx_model_006,measure,7.634695287437484,7.635086588095874,7.636830342933536,1.7437548376619816,True,
1512,onnx_model_006,measure,7.635887468076353,7.636398280970752,7.6474486966617405,11.050415690988302,True,
1513,onnx_model_008,measure,7.646178590198958,7.647057913709432,7.6581722209230065,11.114307213574648,True,
1514,onnx_model_001,measure,7.656652697905998,7.657675575930625,7.66905965609476,11.384080164134502,True,
1515,onnx_model_000,measure,7.661096117463446,7.661484647076577,7.67251911200583,11.034464929252863,True,
1516,onnx_model_007,measure,7.662437819412175,7.6630475576967,7.674379528034478,11.33197033777833,True,
1517,onnx_model_001,measure,7.662762781683571,7.663265211973339,7.669116804841906,5.851592868566513,True,
1518,onnx_model_009,measure,7.663664507718809,7.6648923847824335,7.676112301647663,11.219916865229607,True,
1519,onnx_model_004,measure,7.670430049388937,7.6714569930918515,7.68262645509094,11.169461999088526,True,
1520,onnx_model_009,measure,7.674550793737357,7.675663308706135,7.686783126089722,11.11981738358736,True,
1521,onnx_model_003,measure,7.6887408504208015,7.6890912228263915,7.700227601919323,11.136379092931747,True,
1522,onnx_model_004,measure,7.694910996856433,7.695637025870383,7.706806207075715,11.16918120533228,True,
1523,onnx_model_005,measure,7.701835325167687,7.702531260903925,7.7135275029577315,10.996242053806782,True,
1524,onnx_model_004,measure,7.7037547100095205,7.704081017058343,7.706873504910618,2.7924878522753716,True,
1525,onnx_model_006,measure,7.709429884427605,7.710174138657749,7.721303554717451,11.129416059702635,True,
1526,onnx_model_004,measure,7.736963724562824,7.737609329633415,7.74875769065693,11.148361023515463,True,
1527,onnx_model_001,measure,7.745600803129413,7.746192584745586,7.757336397655308,11.143812909722328,True,
1528,onnx_model_008,measure,7.763790316972823,7.764643367845565,7.775784474797547,11.141106951981783,True,
1529,onnx_model_003,measure,7.770356785892902,7.771198717877269,7.782298448029906,11.099730152636766,True,
1530,onnx_model_007,measure,7.776281208297182,7.7770858886651695,7.788110204972327,11.024316307157278,True,
1531,onnx_model_004,measure,7.779750789042311,7.780633131973445,7.791819805745035,11.186673771589994,True,
1532,onnx_model_004,measure,7.782476104888741,7.783572238869965,7.792297844775021,8.725605905056,True,
1533,onnx_model_005,measure,7.788259707707812,7.789340072777122,7.800357294734567,11.017221957445145,True,
1534,onnx_model_000,measure,7.79069270445868,7.79193552583456,7.803004716988653,11.06919115409255,True,
1535,onnx_model_004,measure,7.792904430720819,7.793528814800084,7.80460468865931,11.075873859226704,True,
1536,onnx_model_004,measure,7.7949767428952095,7.79598143696785,7.804729976691306,8.748539723455906,True,
1537,onnx_model_001,measure,7.802339052013434,7.802594787906855,7.8137027830816805,11.107995174825191,True,
1538,onnx_model_001,measure,7.805268328591618,7.805961557663977,7.813815487083048,7.853929419070482,True,
1539,onnx_model_002,measure,7.809881003607964,7.810407628770918,7.821350350044668,10.942721273750067,True,
1540,onnx_model_006,measure,7.810907171358608,7.811847134958953,7.822763836942613,10.91670198366046,True,
1541,onnx_model_007,measure,7.823586484776473,7.82400665897876,7.835085808765143,11.079149786382914,True,
1542,onnx_model_005,measure,7.825230998199973,7.825455071870238,7.836484477855265,11.029405985027552,True,
1543,onnx_model_004,measure,7.848470635173291,7.848789146635681,7.860013071913272,11.223925277590752,True,
1544,onnx_model_002,measure,7.8535703003361546,7.854374113027006,7.86556952400133,11.19541097432375,True,
1545,onnx_model_007,measure,7.865242068448584,7.8656821278855205,7.876908748876303,11.226620990782976,True,
1546,onnx_model_007,measure,7.868179459719191,7.869233117904514,7.8770539946854115,7.820876780897379,True,
1547,onnx_model_001,measure,7.869998831319498,7.870754620991647,7.881760670803487,11.006049811840057,True,
1548,onnx_model_002,measure,7.871687600605611,7.872252537868917,7.883061854634434,10.809316765516996,True,
1549,onnx_model_006,measure,7.872228056773517,7.872621027752757,7.883454721886665,10.833694133907557,True,
1550,onnx_model_007,measure,7.877244594020553,7.878287839703262,7.889248143881559,10.96030417829752,True,
1551,onnx_model_001,measure,7.887547219336826,7.8886082279495895,7.899509299080819,10.9010711312294,True,
1552,onnx_model_005,measure,7.893149221151815,7.893460410647094,7.90447428682819,11.013876181095839,True,
1553,onnx_model_004,measure,7.894948144468005,7.895919575821608,7.90703101688996,11.111441068351269,True,
1554,onnx_model_009,measure,7.906578413549571,7.907141646835953,7.918179488740861,11.037841904908419,True,
1555,onnx_model_003,measure,7.909333150992867,7.909589249640703,7.920574019663036,10.984770022332668,True,
1556,onnx_model_006,measure,7.92083421611722,7.9217871758155525,7.932886193972081,11.099018156528473,True,
1557,onnx_model_008,measure,7.921746864833345,7.922157069668174,7.933428133837879,11.271064169704914,True,
1558,onnx_model_008,measure,7.923286257133744,7.923591375816613,7.933466205839068,9.874830022454262,True,
1559,onnx_model_001,measure,7.934573912479941,7.935698359739035,7.9466730509884655,10.97469124943018,True,
1560,onnx_model_005,measure,7.937314301145034,7.938163785729557,7.949366440996528,11.202655266970396,True,
1561,onnx_model_002,measure,7.94307050732132,7.943598547019064,7.954513865057379,10.915318038314581,True,
1562,onnx_model_005,measure,7.943951731266074,7.9450237257406116,7.949412257876247,4.388532135635614,True,
1563,onnx_model_000,measure,7.948105069323357,7.948937145061791,7.959840700961649,10.903555899858475,True,
1564,onnx_model_001,measure,7.955601790167158,7.956752860918641,7.967791604809463,11.038743890821934,True,
1565,onnx_model_005,measure,7.957560516510905,7.958233455661684,7.969023665878922,10.790210217237473,True,
1566,onnx_model_003,measure,7.962320020449934,7.9630917008034885,7.973986629862338,10.894929058849812,True,
1567,onnx_model_009,measure,7.980682801514532,7.981216602958739,7.992620039731264,11.40343677252531,True,
1568,onnx_model_002,measure,8.008989575350753,8.00994218699634,8.021563707850873,11.621520854532719,True,
1569,onnx_model_005,measure,8.009155530559767,8.01013202778995,8.02151250001043,11.380472220480442,True,
1570,onnx_model_009,measure,8.013653476938318,8.014753251802176,8.025983378756791,11.230126954615116,True,
1571,onnx_model_007,measure,8.01407548113614,8.014960114844143,8.026131850667298,11.17173582315445,True,
1572,onnx_model_002,measure,8.016773034639883,8.017573453020304,8.021599696017802,4.02624299749732,True,
1573,onnx_model_009,measure,8.016892788101725,8.017760878894478,8.026168630924076,8.40775202959776,True,
1574,onnx_model_002,measure,8.019429655206077,8.020385026931763,8.031709523871541,11.324496939778328,True,
1575,onnx_model_006,measure,8.019908337858498,8.02057605003938,8.031756873708218,11.180823668837547,True,
1576,onnx_model_005,measure,8.045109760727943,8.046055452898145,8.057199285831302,11.143832933157682,True,
1577,onnx_model_000,measure,8.051771910934436,8.052606425713748,8.063656550832093,11.050125118345022,True,
1578,onnx_model_004,measure,8.05538064000818,8.05618439707905,8.067282713018358,11.098315939307213,True,
1579,onnx_model_002,measure,8.060217761228166,8.061505482066423,8.072481985669583,10.976503603160381,True,
1580,onnx_model_003,measure,8.065067709077042,8.065918218810111,8.076951151713729,11.03293290361762,True,
1581,onnx_model_006,measure,8.066556532640348,8.067384325899184,8.078356572892517,10.972246993333101,True,
1582,onnx_model_002,measure,8.087355815173439,8.088601537048817,8.099620943889022,11.019406840205193,True,
1583,onnx_model_001,measure,8.09336328307876,8.094089438673109,8.105085141025484,10.995702352374792,True,
1584,onnx_model_000,measure,8.105921755778963,8.10632478678599,8.117481984663755,11.157197877764702,True,
1585,onnx_model_000,measure,8.109272131976494,8.109769674949348,8.117528192698956,7.758517749607563,True,
1586,onnx_model_000,measure,8.112703192789114,8.11322381068021,8.117562158033252,4.338347353041172,True,
1587,onnx_model_002,measure,8.116149948649886,8.116662887856364,8.127624704968184,10.961817111819983,True,
1588,onnx_model_006,measure,8.117358968981602,8.117716189939529,8.128771484829485,11.055294889956713,True,
1589,onnx_model_001,measure,8.118904916912198,8.119169221725315,8.130121231079102,10.952009353786707,True,
1590,onnx_model_006,measure,8.144968222673953,8.145352764055133,8.156494963914156,11.142199859023094,True,
1591,onnx_model_001,measure,8.156136611905987,8.156610101927072,8.16778225870803,11.172156780958176,True,
1592,onnx_model_007,measure,8.157161697084128,8.158197158947587,8.169355799909681,11.158640962094069,True,
1593,onnx_model_004,measure,8.164722249703066,8.165759653784335,8.176913085859269,11.153432074934244,True,
1594,onnx_model_004,measure,8.166676089932603,8.167333947028965,8.177065795753151,9.73184872418642,True,
1595,onnx_model_005,measure,8.169868008575076,8.170669005718082,8.181807870045304,11.138864327222109,True,
1596,onnx_model_001,measure,8.1712401644383,8.172255591955036,8.183360180817544,11.104588862508535,True,
1597,onnx_model_005,measure,8.173354419357269,8.173792833928019,8.181953866966069,8.161033038049936,True,
1598,onnx_model_001,measure,8.175618887972671,8.176334064919502,8.183492491953075,7.158427033573389,True,
1599,onnx_model_004,measure,8.17866568347226,8.179332545027137,8.190430169925094,11.097624897956848,True,
1600,onnx_model_002,measure,8.179518536899291,8.179741100873798,8.190834999084473,11.093898210674524,True,
1601,onnx_model_007,measure,8.18456327974706,8.185720827896148,8.196759270038456,11.038442142307758,True,
1602,onnx_model_006,measure,8.191636755114468,8.192019280046225,8.20308036589995,11.061085853725672,True,
1603,onnx_model_001,measure,8.219301760796059,8.220306399744004,8.231709906831384,11.403507087379694,True,
1604,onnx_model_002,measure,8.22069305975896,8.221761635970324,8.232906111050397,11.14447508007288,True,
1605,onnx_model_005,measure,8.226957655752663,8.227229048963636,8.238192939665169,10.963890701532364,True,
1606,onnx_model_002,measure,8.230926498872803,8.231807421892881,8.233046266715974,1.2388448230922222,True,
1607,onnx_model_003,measure,8.235566612916982,8.236268521752208,8.24725017696619,10.981655213981867,True,
1608,onnx_model_001,measure,8.23935386706795,8.240437888074666,8.25135298492387,10.91509684920311,True,
1609,onnx_model_002,measure,8.243267449189732,8.243925706949085,8.255014394875616,11.088687926530838,True,
1610,onnx_model_008,measure,8.2454072029578,8.246368932072073,8.257361566647887,10.992634575814009,True,
1611,onnx_model_002,measure,8.247163224676362,8.24739293800667,8.255055963993073,7.663025986403227,True,
1612,onnx_model_009,measure,8.24973511213773,8.250834298785776,8.261708660051227,10.874361265450716,True,
1613,onnx_model_000,measure,8.260026698965252,8.260580254718661,8.271614379715174,11.034124996513128,True,
1614,onnx_model_000,measure,8.263681424987821,8.263968094717711,8.271724799647927,7.756704930216074,True,
1615,onnx_model_007,measure,8.269043683578031,8.26941586099565,8.28036566497758,10.949803981930017,True,
1616,onnx_model_006,measure,8.283474930212122,8.284589463844895,8.295626022852957,11.036559008061886,True,
1617,onnx_model_002,measure,8.28605633487839,8.287041634786874,8.298295606859028,11.253972072154284,True,
1618,onnx_model_004,measure,8.290823621956807,8.29148055287078,8.302925417665392,11.44486479461193,True,
1619,onnx_model_004,measure,8.292062782538892,8.292923856060952,8.302969250828028,10.045394767075777,True,
1620,onnx_model_004,measure,8.297352558132761,8.297875908669084,8.303002032916993,5.126124247908592,True,
1621,onnx_model_004,measure,8.304863800285437,8.30524605885148,8.316300641745329,11.05458289384842,True,
1622,onnx_model_009,measure,8.307060892466675,8.307715843897313,8.318715923000127,11.000079102814198,True,
1623,onnx_model_008,measure,8.311928344757273,8.312193454708904,8.324035444762558,11.841990053653717,True,
1624,onnx_model_001,measure,8.31198496310475,8.312362625729293,8.323993474710733,11.630848981440067,True,
1625,onnx_model_002,measure,8.317080207564254,8.317530920729041,8.32870690478012,11.175984051078558,True,
1626,onnx_model_002,measure,8.324612610826463,8.325276393909007,8.328753703739494,3.4773098304867744,True,
1627,onnx_model_001,measure,8.332221852650527,8.332998431753367,8.344007147941738,11.008716188371181,True,
1628,onnx_model_006,measure,8.334502451428069,8.33548261364922,8.346692733000964,11.210119351744652,True,
1629,onnx_model_008,measure,8.338573713928414,8.338986034039408,8.349997624754906,11.011590715497732,True,
1630,onnx_model_006,measure,8.340912809954716,8.34143906692043,8.346747306641191,5.308239720761776,True,
1631,onnx_model_006,measure,8.342007463743364,8.343042764812708,8.346839922945946,3.797158133238554,True,
1632,onnx_model_009,measure,8.360732391831325,8.361227300949395,8.372199418023229,10.972117073833942,True,
1633,onnx_model_005,measure,8.362950383861223,8.363687828648835,8.374769863672554,11.082035023719072,True,
1634,onnx_model_002,measure,8.372169710701188,8.372356375679374,8.383336607832462,10.980232153087854,True,
1635,onnx_model_005,measure,8.375176766835509,8.37603754363954,8.387091214768589,11.05367112904787,True,
1636,onnx_model_005,measure,8.3772479638821,8.377487489953637,8.38722161296755,9.734123013913631,True,
1637,onnx_model_001,measure,8.381534831068725,8.38194747781381,8.393227548804134,11.28007099032402,True,
1638,onnx_model_006,measure,8.382732751474181,8.383432630915195,8.394405948929489,10.973318014293909,True,
1639,onnx_model_000,measure,8.3920894368058,8.392443027812988,8.403457235079259,11.014207266271114,True,
1640,onnx_model_002,measure,8.392635443592008,8.392837267834693,8.40372882084921,10.89155301451683,True,
1641,onnx_model_004,measure,8.394717531177397,8.395632410887629,8.40662614768371,10.993736796081066,True,
1642,onnx_model_000,measure,8.400637331413732,8.401084003970027,8.40356456907466,2.4805651046335697,True,
1643,onnx_model_005,measure,8.410622821255838,8.410882940050215,8.421907145995647,11.024205945432186,True,
1644,onnx_model_004,measure,8.413567803285014,8.414323539938778,8.425356782972813,11.033243034034967,True,
1645,onnx_model_007,measure,8.41521000609593,8.415760521776974,8.426969748921692,11.20922714471817,True,
1646,onnx_model_001,measure,8.417936023916145,8.418208374641836,8.429191962815821,10.983588173985481,True,
1647,onnx_model_007,measure,8.419488973522995,8.420642280951142,8.427010295912623,6.368014961481094,True,
1648,onnx_model_008,measure,8.42254664442509,8.423129328992218,8.43414125079289,11.011921800673008,True,
1649,onnx_model_004,measure,8.429896246737034,8.430427181068808,8.441400949843228,10.973768774420023,True,
1650,onnx_model_006,measure,8.434768397260461,8.435359466820955,8.446346370968968,10.9869041480124,True,
1651,onnx_model_009,measure,8.437530407583182,8.437823160085827,8.449027366936207,11.204206850379705,True,
1652,onnx_model_009,measure,8.438499658252978,8.43927245400846,8.449081941042095,9.809487033635378,True,
1653,onnx_model_001,measure,8.440732662167571,8.441497122868896,8.452245865017176,10.748742148280144,True,
1654,onnx_model_005,measure,8.447712518151507,8.448569947853684,8.459552523680031,10.982575826346874,True,
1655,onnx_model_004,measure,8.44883473274164,8.449210816062987,8.460041923914105,10.83110785111785,True,
1656,onnx_model_004,measure,8.452894272495378,8.453473929781467,8.460082771722227,6.6088419407606125,True,
1657,onnx_model_006,measure,8.452922888975513,8.453636407852173,8.464625277090818,10.988869238644838,True,
1658,onnx_model_005,measure,8.458663343593242,8.45917332265526,8.470064595807344,10.891273152083158,True,
1659,onnx_model_004,measure,8.474137396895227,8.475304716732353,8.486306769773364,11.002053041011095,True,
1660,onnx_model_003,measure,8.476658323423436,8.477747621014714,8.488715638872236,10.968017857521772,True,
1661,onnx_model_002,measure,8.47781554931027,8.47812135098502,8.489039364736527,10.918013751506805,True,
1662,onnx_model_001,measure,8.481149240848824,8.481553013902158,8.492399411741644,10.846397839486599,True,
1663,onnx_model_000,measure,8.48594493031761,8.486403633840382,8.497338389977813,10.934756137430668,True,
1664,onnx_model_003,measure,8.492611476338638,8.493616364896297,8.504590535070747,10.974170174449682,True,
1665,onnx_model_006,measure,8.494180517432413,8.495023088995367,8.506057352758944,11.034263763576746,True,
1666,onnx_model_009,measure,8.499424341663337,8.500576644670218,8.511818053666502,11.241408996284008,True,
1667,onnx_model_002,measure,8.4999191644427,8.500742930918932,8.511971645988524,11.228715069591999,True,
1668,onnx_model_001,measure,8.500388356071584,8.500908666756004,8.512089740019292,11.181073263287544,True,
1669,onnx_model_000,measure,8.510459348716875,8.511278197634965,8.522287975996733,11.00977836176753,True,
1670,onnx_model_002,measure,8.512217003632502,8.513327392749488,8.524290221743286,10.962828993797302,True,
1671,onnx_model_007,measure,8.544223610029388,8.54451319295913,8.555576592683792,11.063399724662304,True,
1672,onnx_model_008,measure,8.54745415470713,8.547976134810597,8.558995801955462,11.019667144864798,True,
1673,onnx_model_000,measure,8.565722148741527,8.56621813075617,8.577295997645706,11.07786688953638,True,
1674,onnx_model_001,measure,8.568682983919583,8.56966597493738,8.580789488740265,11.12351380288601,True,
1675,onnx_model_005,measure,8.57231077152986,8.573158643674105,8.584483119659126,11.324475985020399,True,
1676,onnx_model_005,measure,8.572414235813486,8.57332727406174,8.584649495780468,11.322221718728542,True,
1677,onnx_model_004,measure,8.573253619037422,8.57388796005398,8.584890143945813,11.002183891832829,True,
1678,onnx_model_005,measure,8.576197580913744,8.577394204679877,8.584688830655068,7.294625975191593,True,
1679,onnx_model_000,measure,8.578650122899784,8.57984292972833,8.590954270679504,11.111340951174498,True,
1680,onnx_model_003,measure,8.580127149114492,8.58090464770794,8.591894798912108,10.990151204168797,True,
1681,onnx_model_007,measure,8.581006396304513,8.581274089869112,8.592282786034048,11.008696164935827,True,
1682,onnx_model_004,measure,8.586602988757766,8.58712232671678,8.598174805752933,11.052479036152363,True,
1683,onnx_model_008,measure,8.588091626779528,8.588573855813593,8.599551051855087,10.977196041494608,True,
1684,onnx_model_009,measure,8.589630335892908,8.590012780856341,8.601191560737789,11.178779881447554,True,
1685,onnx_model_000,measure,8.59470488582174,8.59552397672087,8.606780563946813,11.256587225943804,True,
1686,onnx_model_009,measure,8.600212563857125,8.600814543664455,8.611651042941958,10.836499277502298,True,
1687,onnx_model_000,measure,8.606084511539478,8.606467188801616,8.617382005788386,10.914816986769438,True,
1688,onnx_model_002,measure,8.607511145677115,8.608012846671045,8.619021001737565,11.008155066519976,True,
1689,onnx_model_003,measure,8.61162419220775,8.611799123696983,8.622800235636532,11.001111939549446,True,
1690,onnx_model_007,measure,8.620038487185973,8.620258052833378,8.631299841683358,11.041788849979639,True,
1691,onnx_model_008,measure,8.62368121494377,8.62401529494673,8.635032557882369,11.017262935638428,True,
1692,onnx_model_001,measure,8.624227768145454,8.624382803682238,8.635358085855842,10.975282173603773,True,
1693,onnx_model_006,measure,8.627636089358633,8.628826030064374,8.640086163766682,11.26013370230794,True,
1694,onnx_model_007,measure,8.628183788494685,8.629014438018203,8.63146370369941,2.44926568120718,True,
1695,onnx_model_007,measure,8.628597762494419,8.6291609457694,8.631501615978777,2.340670209378004,True,
1696,onnx_model_008,measure,8.636328059542462,8.6365738469176,8.6475875726901,11.013725772500038,True,
1697,onnx_model_003,measure,8.637091447970258,8.638023803941905,8.649203934706748,11.180130764842033,True,
1698,onnx_model_001,measure,8.648194832222075,8.648827178869396,8.659797792788595,10.970613919198513,True,
1699,onnx_model_005,measure,8.649069190365207,8.64933585608378,8.660292913671583,10.95705758780241,True,
1700,onnx_model_002,measure,8.654013390790336,8.65477559575811,8.665704810991883,10.929215233772993,True,
1701,onnx_model_000,measure,8.66340993532467,8.664532613009214,8.675620599649847,11.087986640632153,True,
1702,onnx_model_009,measure,8.66454455492959,8.664903607685119,8.67581778485328,10.914177168160677,True,
1703,onnx_model_000,measure,8.670843432380567,8.671968567650765,8.675780393648893,3.8118259981274605,True,
1704,onnx_model_002,measure,8.671579771582346,8.672144242096692,8.68320714076981,11.06289867311716,True,
1705,onnx_model_001,measure,8.677463151652502,8.678038505837321,8.689028966706246,10.990460868924856,True,
1706,onnx_model_005,measure,8.680512075664522,8.681483654771,8.692473615054041,10.989960283041,True,
1707,onnx_model_006,measure,8.68451655083756,8.685427140910178,8.696486874017864,11.059733107686043,True,
1708,onnx_model_007,measure,8.686749703541198,8.687881014775485,8.69878140464425,10.90038986876607,True,
1709,onnx_model_004,measure,8.689549246767028,8.690249086823314,8.701243706047535,10.994619224220514,True,
1710,onnx_model_001,measure,8.701633922753782,8.70247396407649,8.713465607725084,10.991643648594618,True,
1711,onnx_model_001,measure,8.709845059240488,8.71093409601599,8.71357553685084,2.641440834850073,True,
1712,onnx_model_002,measure,8.711272765744555,8.712366638705134,8.72333611967042,10.969480965286493,True,
1713,onnx_model_009,measure,8.723479054838121,8.724569764919579,8.735633495729417,11.06373080983758,True,
1714,onnx_model_005,measure,8.725045073994487,8.726034028921276,8.737229719758034,11.195690836757421,True,
1715,onnx_model_006,measure,8.7250479769821,8.726198280695826,8.737267641816288,11.069361120462418,True,
1716,onnx_model_009,measure,8.731182390316732,8.731713104061782,8.735746711026877,4.033606965094805,True,
1717,onnx_model_004,measure,8.739010656279685,8.739488573744893,8.750482893083245,10.994319338351488,True,
1718,onnx_model_007,measure,8.744835517800384,8.745949084870517,8.756924086716026,10.975001845508814,True,
1719,onnx_model_001,measure,8.761827588317857,8.76214629271999,8.773040210828185,10.893918108195066,True,
1720,onnx_model_009,measure,8.765239761464164,8.765589237678796,8.776560923084617,10.971685405820608,True,
1721,onnx_model_008,measure,8.769970090898095,8.771020210813731,8.782099350821227,11.07914000749588,True,
1722,onnx_model_008,measure,8.77347581578842,8.774284495972097,8.782272140029818,7.9876440577209,True,
1723,onnx_model_008,measure,8.773620214161848,8.774556643795222,8.782311193645,7.754549849778414,True,
1724,onnx_model_000,measure,8.77925161384272,8.779790773056448,8.791087716817856,11.296943761408329,True,
1725,onnx_model_003,measure,8.779379429495114,8.779972347896546,8.791131289675832,11.15894177928567,True,
1726,onnx_model_001,measure,8.789472161864754,8.79056369094178,8.801593577023596,11.029886081814766,True,
1727,onnx_model_000,measure,8.79166710611316,8.792348152957857,8.803322202991694,10.974050033837557,True,
1728,onnx_model_003,measure,8.799226342038237,8.79978792509064,8.810782112646848,10.99418755620718,True,
1729,onnx_model_009,measure,8.804680531850886,8.805541601963341,8.816540408879519,10.998806916177273,True,
1730,onnx_model_003,measure,8.807611359257397,8.808002539910376,8.810925425961614,2.922886051237583,True,
1731,onnx_model_002,measure,8.81694078555214,8.817768492735922,8.829066178761423,11.297686025500298,True,
1732,onnx_model_008,measure,8.825888251022464,8.826236589811742,8.83718840777874,10.951817966997623,True,
1733,onnx_model_008,measure,8.82832820382177,8.828688581008464,8.837299959734082,8.611378725618124,True,
1734,onnx_model_004,measure,8.829437024736261,8.830295074731112,8.841287769842893,10.992695111781359,True,
1735,onnx_model_001,measure,8.845991045605086,8.846509085036814,8.857504535932094,10.995450895279646,True,
1736,onnx_model_009,measure,8.849945761031197,8.850976046640426,8.861881816759706,10.905770119279623,True,
1737,onnx_model_002,measure,8.856060076047148,8.856420435011387,8.867409904953092,10.989469941705465,True,
1738,onnx_model_001,measure,8.872584951049662,8.873664573766291,8.885221652686596,11.557078920304775,True,
1739,onnx_model_000,measure,8.88638005914237,8.888406275771558,8.899397870060056,10.991594288498163,True,
1740,onnx_model_001,measure,8.89369006334905,8.895000089891255,8.906394127756357,11.394037865102291,True,
1741,onnx_model_008,measure,8.894605919181826,8.895190491806716,8.906447549816221,11.257058009505272,True,
1742,onnx_model_000,measure,8.897990135470515,8.898811935912818,8.909986436832696,11.174500919878483,True,
1743,onnx_model_000,measure,8.907007962824204,8.907746007665992,8.91003833571449,2.2923280484974384,True,
1744,onnx_model_008,measure,8.907230556039,8.90794787183404,8.91914611775428,11.198245920240879,True,
1745,onnx_model_001,measure,8.922343801060904,8.923446412663907,8.934697329066694,11.25091640278697,True,
1746,onnx_model_008,measure,8.929529572387601,8.929995531681925,8.941134074702859,11.138543020933867,True,
1747,onnx_model_001,measure,8.931123420662558,8.931525128893554,8.934749607928097,3.2244790345430374,True,
1748,onnx_model_005,measure,8.941476588180183,8.942428384907544,8.953563009854406,11.13462494686246,True,
1749,onnx_model_006,measure,8.94285624568528,8.944001445081085,8.955200483091176,11.19903801009059,True,
1750,onnx_model_006,measure,8.945697739615245,8.946478883735836,8.95524431578815,8.765432052314281,True,
1751,onnx_model_000,measure,8.95187560506425,8.95297524286434,8.963998646941036,11.023404076695442,True,
1752,onnx_model_008,measure,8.955076223459194,8.955397376790643,8.966463862918317,11.06648612767458,True,
1753,onnx_model_003,measure,8.958214744638967,8.958892019931227,8.969940120819956,11.048100888729095,True,
1754,onnx_model_001,measure,8.96303777019002,8.96334617678076,8.974454040639102,11.10786385834217,True,
1755,onnx_model_002,measure,8.96711520979299,8.967689872719347,8.979556339792907,11.866467073559761,True,
1756,onnx_model_009,measure,8.972314362676332,8.97317178407684,8.98407933767885,10.907553602010012,True,
1757,onnx_model_006,measure,8.977921482859598,8.97870937967673,8.990128034725785,11.418655049055815,True,
1758,onnx_model_007,measure,8.978138911576718,8.978892437648028,8.990634868852794,11.742431204766035,True,
1759,onnx_model_003,measure,8.978346937357099,8.979045148007572,8.990713537670672,11.668389663100243,True,
1760,onnx_model_006,measure,8.986051460991792,8.98630493786186,8.990680595859885,4.375657998025417,True,
1761,onnx_model_008,measure,8.986896643469498,8.987766847014427,8.99868926871568,10.92242170125246,True,
1762,onnx_model_000,measure,8.988001802601273,8.98922085063532,9.00028435094282,11.063500307500362,True,
1763,onnx_model_007,measure,8.989877871564783,8.990225851070136,9.00123080983758,11.004958767443895,True,
1764,onnx_model_007,measure,8.996598554718327,8.996985660865903,9.001330900005996,4.345239140093327,True,
1765,onnx_model_007,measure,9.022155700799917,9.02257638471201,9.033665814902633,11.089430190622807,True,
1766,onnx_model_003,measure,9.025711548938723,9.026046801824123,9.037033245898783,10.98644407466054,True,
1767,onnx_model_001,measure,9.038429862817843,9.039256622083485,9.050191486719996,10.93486463651061,True,
1768,onnx_model_002,measure,9.040803312467116,9.041704464703798,9.052797181066126,11.092716362327337,True,
1769,onnx_model_003,measure,9.041362589103231,9.041890318039805,9.05283587379381,10.945555754005909,True,
1770,onnx_model_000,measure,9.048994186101764,9.04940652474761,9.060391386039555,10.98486129194498,True,
1771,onnx_model_008,measure,9.053193005156807,9.054014243651181,9.064999635796994,10.985392145812511,True,
1772,onnx_model_000,measure,9.061515890448844,9.062621094752103,9.07380987284705,11.188778094947338,True,
1773,onnx_model_004,measure,9.061835785000632,9.062787902075797,9.073989423923194,11.201521847397089,True,
1774,onnx_model_006,measure,9.06419982566047,9.065096559934318,9.076059930026531,10.963370092213154,True,
1775,onnx_model_007,measure,9.068217790184297,9.068539744708687,9.079432169906795,10.892425198107958,True,
1776,onnx_model_004,measure,9.072082973441102,9.072986787650734,9.074029099661857,1.0423120111227036,True,
1777,onnx_model_002,measure,9.086753007992066,9.087705166079104,9.098759407643229,11.054241564124823,True,
1778,onnx_model_004,measure,9.093700026582264,9.094188429880887,9.105316341854632,11.12791197374463,True,
1779,onnx_model_006,measure,9.106270685528623,9.106583670713007,9.117717375047505,11.133704334497452,True,
1780,onnx_model_008,measure,9.10691243159891,9.108056300785393,9.11914352606982,11.087225284427404,True,
1781,onnx_model_004,measure,9.108826242917544,9.109519632067531,9.120566480793059,11.046848725527525,True,
1782,onnx_model_006,measure,9.110003706525994,9.111022979952395,9.11819575401023,7.1727740578353405,True,
1783,onnx_model_003,measure,9.117410054801107,9.117817965801805,9.128889000974596,11.071035172790289,True,
1784,onnx_model_007,measure,9.118861821667574,9.119245318695903,9.13028599601239,11.040677316486835,True,
1785,onnx_model_005,measure,9.123164621267684,9.123795828782022,9.13479333370924,10.99750492721796,True,
1786,onnx_model_009,measure,9.142567432798417,9.143036963883787,9.154037023894489,11.000060010701418,True,
1787,onnx_model_001,measure,9.147917554328059,9.148503235075623,9.159588475711644,11.085240636020899,True,
1788,onnx_model_009,measure,9.15955558010873,9.159748850855976,9.170775641687214,11.026790831238031,True,
1789,onnx_model_007,measure,9.161230630994506,9.162237000651658,9.173337331041694,11.100330390036106,True,
1790,onnx_model_008,measure,9.161275555226347,9.162404678761959,9.173463270068169,11.058591306209564,True,
1791,onnx_model_006,measure,9.163049528856183,9.163940920028836,9.175063571892679,11.122651863843203,True,
1792,onnx_model_009,measure,9.164483672691162,9.165401014965028,9.17124248901382,5.841474048793316,True,
1793,onnx_model_009,measure,9.170440037827355,9.170890078879893,9.181687352713197,10.797273833304644,True,
1794,onnx_model_004,measure,9.17205644223502,9.172469440847635,9.183414916973561,10.94547612592578,True,
1795,onnx_model_003,measure,9.174405895356369,9.174682156648487,9.185581444762647,10.8992881141603,True,
1796,onnx_model_005,measure,9.18396210318517,9.184634325094521,9.19579150294885,11.157177854329348,True,
1797,onnx_model_000,measure,9.186412634474669,9.186805641744286,9.197705632075667,10.89999033138156,True,
1798,onnx_model_008,measure,9.190251699069009,9.191268465016037,9.202239840757102,10.971375741064548,True,
1799,onnx_model_009,measure,9.19136630129752,9.191627698019147,9.202464026864618,10.836328845471144,True,
1800,onnx_model_002,measure,9.194048167153467,9.195061414968222,9.206102853640914,11.041438672691584,True,
1801,onnx_model_007,measure,9.195263146849129,9.195424665696919,9.206659962888807,11.235297191888094,True,
1802,onnx_model_000,measure,9.196410320137653,9.19708457076922,9.207991213072091,10.90664230287075,True,
1803,onnx_model_004,measure,9.199065134474713,9.199987468775362,9.211262160912156,11.274692136794329,True,
1804,onnx_model_008,measure,9.200619181889564,9.201450870838016,9.212469054851681,11.018184013664722,True,
1805,onnx_model_007,measure,9.2035850176837,9.204689636826515,9.20670719165355,2.0175548270344734,True,
1806,onnx_model_007,measure,9.205666749020597,9.206200448796153,9.217179798986763,10.979350190609694,True,
1807,onnx_model_004,measure,9.206056027069398,9.206800759769976,9.211324869655073,4.52410988509655,True,
1808,onnx_model_005,measure,9.206332723723888,9.206990841776133,9.217896912712604,10.906070936471224,True,
1809,onnx_model_007,measure,9.206803898495624,9.20743687869981,9.217292964924127,9.85608622431755,True,
1810,onnx_model_005,measure,9.22191913995312,9.223132635001093,9.234010431915522,10.877796914428473,True,
1811,onnx_model_000,measure,9.234141684675153,9.235239909030497,9.246246892027557,11.006982997059822,True,
1812,onnx_model_000,measure,9.236553198228817,9.237714652903378,9.246358723845333,8.644070941954851,True,
1813,onnx_model_007,measure,9.247701308321929,9.248590726871043,9.259772191755474,11.18146488443017,True,
1814,onnx_model_006,measure,9.248261636757253,9.248755881097168,9.259902759920806,11.146878823637962,True,
1815,onnx_model_008,measure,9.256502752264137,9.257285906001925,9.268384783063084,11.098877061158419,True,
1816,onnx_model_002,measure,9.263288865608034,9.264129254035652,9.275137468706816,11.008214671164751,True,
1817,onnx_model_005,measure,9.265644397160449,9.266573359724134,9.27762112999335,11.047770269215107,True,
1818,onnx_model_004,measure,9.267580429194945,9.268013566732407,9.278936920687556,10.92335395514965,True,
1819,onnx_model_005,measure,9.268744450366892,9.269618317950517,9.277664101682603,8.04578373208642,True,
1820,onnx_model_007,measure,9.268919680089713,9.269821153022349,9.280797737650573,10.976584628224373,True,
1821,onnx_model_003,measure,9.282263460121383,9.283023468684405,9.294075436890125,11.051968205720186,True,
1822,onnx_model_008,measure,9.283740628191632,9.284473304636776,9.295368304941803,10.89500030502677,True,
1823,onnx_model_005,measure,9.29749891183966,9.298652146942914,9.309713582973927,11.061436031013727,True,
1824,onnx_model_001,measure,9.302485520142648,9.303160456940532,9.314368521794677,11.20806485414505,True,
1825,onnx_model_002,measure,9.30294681490213,9.303329908754677,9.314543514046818,11.213605292141438,True,
1826,onnx_model_001,measure,9.30730833306988,9.307852445635945,9.314615570940077,6.7631253041327,True,
1827,onnx_model_002,measure,9.310750251725239,9.311975612770766,9.314584201667458,2.608588896691799,True,
1828,onnx_model_003,measure,9.316524395853964,9.316848135087639,9.327819619793445,10.971484705805779,True,
1829,onnx_model_001,measure,9.320359355900884,9.32133701769635,9.332269097678363,10.93207998201251,True,
1830,onnx_model_009,measure,9.321660879647068,9.322781723923981,9.333851736970246,11.070013046264648,True,
1831,onnx_model_007,measure,9.329311763967251,9.330044068861753,9.341653245966882,11.609177105128765,True,
1832,onnx_model_000,measure,9.333004273322357,9.333492734003812,9.344510086812079,11.017352808266878,True,
1833,onnx_model_002,measure,9.334369546395173,9.335091402754188,9.346168398857117,11.076996102929115,True,
1834,onnx_model_000,measure,9.336034788928549,9.33653627987951,9.344642568845302,8.106288965791464,True,
1835,onnx_model_005,measure,9.340427659621534,9.341010063886642,9.352184674702585,11.174610815942287,True,
1836,onnx_model_002,measure,9.3408835527468,9.341174636036158,9.346291231922805,5.116595886647701,True,
1837,onnx_model_009,measure,9.342539185109803,9.342892361804843,9.353680237662047,10.787875857204199,True,
1838,onnx_model_003,measure,9.349120222865858,9.349512064829469,9.360440698917955,10.928634088486433,True,
1839,onnx_model_008,measure,9.354963684766268,9.355926857795566,9.366825785953552,10.89892815798521,True,
1840,onnx_model_008,measure,9.370688900933123,9.371053932700306,9.382036849856377,10.98291715607047,True,
1841,onnx_model_003,measure,9.37614322257721,9.376467002090067,9.387332526035607,10.86552394554019,True,
1842,onnx_model_005,measure,9.385454745445818,9.386219980660826,9.397262061014771,11.042080353945494,True,
1843,onnx_model_001,measure,9.389961449904641,9.390492863953114,9.401315956842154,10.823092889040709,True,
1844,onnx_model_001,measure,9.407608198993866,9.40849499264732,9.41936086770147,10.86587505415082,True,
1845,onnx_model_006,measure,9.411810721905077,9.412839851807803,9.423773095011711,10.933243203908205,True,
1846,onnx_model_004,measure,9.41362284696563,9.414210547693074,9.425002571661025,10.792023967951536,True,
1847,onnx_model_003,measure,9.43324663389589,9.435209984891117,9.4461516328156,10.941647924482822,True,
1848,onnx_model_004,measure,9.439563773953823,9.440577948931605,9.45167444087565,11.096491944044828,True,
1849,onnx_model_000,measure,9.439814122015104,9.440704478882253,9.451583798974752,10.879320092499256,True,
1850,onnx_model_001,measure,9.443115969692393,9.444124499801546,9.455088480841368,10.963981039822102,True,
1851,onnx_model_005,measure,9.447090657018006,9.44734667474404,9.45824644388631,10.899769142270088,True,
1852,onnx_model_008,measure,9.449872557955532,9.450693907681853,9.461608714889735,10.914807207882404,True,
1853,onnx_model_000,measure,9.455287785970885,9.456244377885014,9.467210152652115,10.965774767100811,True,
1854,onnx_model_003,measure,9.455611134396687,9.456340540666133,9.467284304089844,10.943763423711061,True,
1855,onnx_model_009,measure,9.472005157904299,9.472443080041558,9.483257666695863,10.814586654305458,True,
1856,onnx_model_005,measure,9.473882022731658,9.474752268753946,9.485655894968659,10.903626214712858,True,
1857,onnx_model_001,measure,9.474088921128136,9.474872276652604,9.485748731996864,10.876455344259739,True,
1858,onnx_model_001,measure,9.474816740899382,9.475147850811481,9.485839203931391,10.691353119909763,True,
1859,onnx_model_001,measure,9.480533670051134,9.481459718663245,9.485931538976729,4.471820313483477,True,
1860,onnx_model_007,measure,9.485990754780792,9.487120969686657,9.498137200716883,11.016231030225754,True,
1861,onnx_model_007,measure,9.487009263593675,9.487252690829337,9.49823423475027,10.9815439209342,True,
1862,onnx_model_000,measure,9.500324499292947,9.501427855808288,9.51313269464299,11.704838834702969,True,
1863,onnx_model_005,measure,9.500548349305594,9.50155463675037,9.512679062783718,11.124426033347845,True,
1864,onnx_model_008,measure,9.50080821122546,9.501664294861257,9.513096836861223,11.432541999965906,True,
1865,onnx_model_006,measure,9.504743675347193,9.505115825682878,9.516021846793592,10.906021110713482,True,
1866,onnx_model_002,measure,9.50900805495963,9.509432310704142,9.52049420773983,11.061897035688162,True,
1867,onnx_model_007,measure,9.509159829946514,9.50955614587292,9.52071490790695,11.158762034028769,True,
1868,onnx_model_004,measure,9.509827872741981,9.51004544692114,9.520919906906784,10.874459985643625,True,
1869,onnx_model_003,measure,9.512364499861517,9.512770385947078,9.523711222689599,10.940836742520332,True,
1870,onnx_model_006,measure,9.52427211709515,9.52494342578575,9.535821182653308,10.877756867557764,True,
1871,onnx_model_008,measure,9.530467228688744,9.531339733861387,9.542158759664744,10.819025803357363,True,
1872,onnx_model_004,measure,9.538486604171723,9.538987601641566,9.549828338902444,10.840737260878086,True,
1873,onnx_model_009,measure,9.54340310570087,9.544318053871393,9.55524324066937,10.925186797976494,True,
1874,onnx_model_000,measure,9.543944215978229,9.54441587999463,9.555409516673535,10.993636678904295,True,
1875,onnx_model_000,measure,9.546773482804472,9.547771648969501,9.555451025720686,7.6793767511844635,True,
1876,onnx_model_007,measure,9.552508848879796,9.553059980738908,9.564016467891634,10.956487152725458,True,
1877,onnx_model_009,measure,9.56004363940883,9.560671338811517,9.57152623264119,10.854893829673529,True,
1878,onnx_model_004,measure,9.56611583714986,9.56724820099771,9.578483627643436,11.235426645725965,True,
1879,onnx_model_008,measure,9.566804779220998,9.567412833683193,9.578442088793963,11.029255110770464,True,
1880,onnx_model_008,measure,9.578439523986555,9.578630847856402,9.589640676043928,11.009828187525272,True,
1881,onnx_model_001,measure,9.579051523287912,9.58010585187003,9.591302985791117,11.197133921086788,True,
1882,onnx_model_001,measure,9.579709842907576,9.580271827057004,9.59134375397116,11.071926914155483,True,
1883,onnx_model_003,measure,9.581506968125694,9.581781476736069,9.59279236709699,11.010890360921621,True,
1884,onnx_model_005,measure,9.58713369189941,9.588240013923496,9.59922843100503,10.988417081534863,True,
1885,onnx_model_004,measure,9.600380889614938,9.601453050039709,9.612839713692665,11.386663652956486,True,
1886,onnx_model_004,measure,9.602100374864863,9.602911591995507,9.612924374639988,10.012782644480467,True,
1887,onnx_model_002,measure,9.602471213761538,9.603076074738055,9.614066125825047,10.990051086992025,True,
1888,onnx_model_004,measure,9.60857478252037,9.609590467996895,9.612959763035178,3.3692950382828712,True,
1889,onnx_model_000,measure,9.609665378610282,9.609964177943766,9.620937626808882,10.973448865115643,True,
1890,onnx_model_003,measure,9.61157057657513,9.612397965043783,9.623296931851655,10.898966807872057,True,
1891,onnx_model_000,measure,9.639128426501763,9.639576907735318,9.650656167883426,11.079260148108006,True,
1892,onnx_model_009,measure,9.642481312225657,9.643095917068422,9.654115404002368,11.01948693394661,True,
1893,onnx_model_006,measure,9.648316635414103,9.648637210018933,9.659591191913933,10.953981894999743,True,
1894,onnx_model_004,measure,9.656550134966224,9.657342116814107,9.66826654272154,10.924425907433033,True,
1895,onnx_model_006,measure,9.662286456085283,9.662828376051039,9.673748533707112,10.92015765607357,True,
1896,onnx_model_002,measure,9.670012035932604,9.670496822800487,9.681679078843445,11.182256042957306,True,
1897,onnx_model_007,measure,9.670053677314053,9.670659041032195,9.681792553979903,11.133512947708368,True,
1898,onnx_model_003,measure,9.679889372868494,9.68098186282441,9.692116297781467,11.134434957057238,True,
1899,onnx_model_007,measure,9.682578475030764,9.683008224703372,9.694025316741318,11.017092037945986,True,
1900,onnx_model_000,measure,9.69619777315681,9.697257911786437,9.708322023041546,11.06411125510931,True,
1901,onnx_model_007,measure,9.699934083766989,9.700697589665651,9.711714752018452,11.01716235280037,True,
1902,onnx_model_005,measure,9.720716400006348,9.722070717718452,9.733639397658408,11.568679939955473,True,
1903,onnx_model_008,measure,9.720946492124373,9.722258354071528,9.733691706787795,11.433352716267109,True,
1904,onnx_model_001,measure,9.730612445112591,9.732900673989207,9.744545267894864,11.64459390565753,True,
1905,onnx_model_001,measure,9.732683981723735,9.733102176804096,9.744599761907011,11.497585102915764,True,
1906,onnx_model_002,measure,9.752519240580117,9.752915809862316,9.764030126854777,11.114316992461681,True,
1907,onnx_model_004,measure,9.756759138705549,9.758062081877142,9.770149799063802,12.087717186659575,True,
1908,onnx_model_004,measure,9.756759271066645,9.7582495380193,9.77020215895027,11.952620930969715,True,
1909,onnx_model_009,measure,9.761550074230346,9.761880870908499,9.772920154966414,11.03928405791521,True,
1910,onnx_model_006,measure,9.764356511598828,9.765333283692598,9.776387766934931,11.054483242332935,True,
1911,onnx_model_003,measure,9.76819836821665,9.769395915791392,9.780562992673367,11.167076881974936,True,
1912,onnx_model_004,measure,9.768861160683535,9.769586918875575,9.780621093697846,11.03417482227087,True,
1913,onnx_model_005,measure,9.791016925204898,9.791924118995667,9.803147763945162,11.223644949495792,True,
1914,onnx_model_007,measure,9.791349742503042,9.792109320871532,9.80343712400645,11.327803134918213,True,
1915,onnx_model_004,measure,9.802519047085212,9.8032142999582,9.814277871046215,11.063571088016033,True,
1916,onnx_model_004,measure,9.82286149961187,9.824556909967214,9.835533213801682,10.976303834468126,True,
1917,onnx_model_003,measure,9.824615960071997,9.824991656001657,9.835907144937664,10.915488936007023,True,
1918,onnx_model_005,measure,9.831708068734972,9.832372135017067,9.843382163904607,11.010028887540102,True,
1919,onnx_model_004,measure,9.831991246616333,9.832473737653345,9.835812714882195,3.3389772288501263,True,
1920,onnx_model_004,measure,9.835200745277447,9.835604059044272,9.846522893756628,10.918834712356329,True,
1921,onnx_model_001,measure,9.839677427056595,9.840063905809075,9.851156251039356,11.092345230281353,True,
1922,onnx_model_000,measure,9.84898907323445,9.849686096888036,9.860635860823095,10.949763935059309,True,
1923,onnx_model_002,measure,9.849074732569854,9.849784873891622,9.860750077757984,10.965203866362572,True,
1924,onnx_model_007,measure,9.85236925426065,9.85337758390233,9.864469247870147,11.091663967818022,True,
1925,onnx_model_004,measure,9.863373496301447,9.8640027907677,9.874941803980619,10.939013212919235,True,
1926,onnx_model_009,measure,9.87153072803414,9.872694662772119,9.883933305740356,11.2386429682374,True,
1927,onnx_model_006,measure,9.874016687694914,9.874998692888767,9.885887851007283,10.889158118516207,True,
1928,onnx_model_001,measure,9.876062815428247,9.876340963877738,9.887512569781393,11.17160590365529,True,
1929,onnx_model_003,measure,9.880111439526406,9.880773520097136,9.891912162769586,11.13864267244935,True,
1930,onnx_model_001,measure,9.880395088069715,9.880955705884844,9.887567212805152,6.611506920307875,True,
1931,onnx_model_007,measure,9.882665326069041,9.883520310744643,9.894628236070275,11.107925325632095,True,
1932,onnx_model_001,measure,9.88649324230144,9.887105525936931,9.89810641668737,11.000890750437975,True,
1933,onnx_model_009,measure,9.89466739441253,9.895843646023422,9.906702777836472,10.859131813049316,True,
1934,onnx_model_004,measure,9.896042122217564,9.896215892862529,9.90723357675597,11.017683893442154,True,
1935,onnx_model_000,measure,9.896461261017544,9.897634861059487,9.908572562038898,10.937700979411602,True,
1936,onnx_model_005,measure,9.898527064624766,9.899326265789568,9.910340842790902,11.014577001333237,True,
1937,onnx_model_008,measure,9.901909975861539,9.902764942031354,9.913635595701635,10.870653670281172,True,
1938,onnx_model_003,measure,9.911740239628845,9.912582294084132,9.92361281067133,11.03051658719778,True,
1939,onnx_model_001,measure,9.922384563194743,9.923712179996073,9.934833149891347,11.120969895273447,True,
1940,onnx_model_004,measure,9.92373430848694,9.924117359798402,9.935487412847579,11.370053049176931,True,
1941,onnx_model_001,measure,9.934820316895612,9.935079948976636,9.946024372708052,10.944423731416464,True,
1942,onnx_model_008,measure,9.935423629507218,9.935642236843705,9.94653080496937,10.888568125665188,True,
1943,onnx_model_009,measure,9.937148193663814,9.938101252075285,9.948904376942664,10.803124867379665,True,
1944,onnx_model_009,measure,9.938925993758303,9.939558641985059,9.949019415769726,9.460773784667253,True,
1945,onnx_model_001,measure,9.965763046024488,9.966249407734722,9.977380095049739,11.130687315016985,True,
1946,onnx_model_003,measure,9.966969964910637,9.967692299745977,9.978654096834362,10.961797088384628,True,
1947,onnx_model_007,measure,9.974813912773985,9.97514482587576,9.98630913766101,11.164311785250902,True,
1948,onnx_model_001,measure,9.975571083430722,9.97658674698323,9.987489341758192,10.902594774961472,True,
1949,onnx_model_005,measure,9.978398443781217,9.978750911075622,9.989742093719542,10.991182643920183,True,
1950,onnx_model_006,measure,9.983370297370573,9.984152999706566,9.995088506955653,10.935507249087095,True,
1951,onnx_model_009,measure,9.985230246816181,9.985494289081544,9.996180722955614,10.686433874070644,True,
1952,onnx_model_006,measure,9.999347351915402,10.000396175775677,10.011340719647706,10.94454387202859,True,
1953,onnx_model_003,measure,10.002723540926864,10.003847766667604,10.014922488015145,11.074721347540617,True,
1954,onnx_model_009,measure,10.005511435623879,10.006305628921837,10.017146525904536,10.840896982699633,True,
1955,onnx_model_009,measure,10.006917954293154,10.007739734835923,10.017269569914788,9.52983507886529,True,
1956,onnx_model_004,measure,10.009393371064052,10.010186134837568,10.021084701642394,10.89856680482626,True,
1957,onnx_model_009,measure,10.020069408906712,10.020487806759775,10.031466846819967,10.979040060192347,True,
1958,onnx_model_002,measure,10.03271164881498,10.033688599709421,10.044622373767197,10.933774057775736,True,
1959,onnx_model_001,measure,10.045345774873427,10.045841400977224,10.056847972795367,11.00657181814313,True,
1960,onnx_model_005,measure,10.048905198516604,10.049307869747281,10.060686930082738,11.379060335457325,True,
1961,onnx_model_000,measure,10.059447710156713,10.06019171886146,10.071393121033907,11.201402172446251,True,
1962,onnx_model_007,measure,10.07018984998455,10.070976779796183,10.082072590943426,11.095811147242785,True,
1963,onnx_model_008,measure,10.07187154354744,10.07262291898951,10.083599613979459,10.976694989949465,True,
1964,onnx_model_003,measure,10.07615190178129,10.07708739489317,10.08833982469514,11.25242980197072,True,
1965,onnx_model_005,measure,10.076941758228944,10.077255895826966,10.088636888656765,11.380992829799652,True,
1966,onnx_model_005,measure,10.08459798014147,10.084819692652673,10.088678497821093,3.8588051684200764,True,
1967,onnx_model_006,measure,10.085121583843986,10.086277473717928,10.097834792919457,11.557319201529026,True,
1968,onnx_model_007,measure,10.093464543667332,10.093919971957803,10.105016694869846,11.096722912043333,True,
1969,onnx_model_003,measure,10.096710692379474,10.097460110671818,10.108510175719857,11.05006504803896,True,
1970,onnx_model_006,measure,10.099956641203672,10.101084399968386,10.112054171971977,10.96977200359106,True,
1971,onnx_model_008,measure,10.104230649286777,10.104532164055854,10.115505913738161,10.973749682307243,True,
1972,onnx_model_008,measure,10.130242458143465,10.130735212005675,10.142173153813928,11.437941808253527,True,
1973,onnx_model_004,measure,10.13027449067452,10.130923049058765,10.142005495727062,11.082446668297052,True,
1974,onnx_model_002,measure,10.1315708395477,10.13245810708031,10.143597291782498,11.139184702187777,True,
1975,onnx_model_008,measure,10.131900385220291,10.132622910663486,10.142213590908796,9.590680245310068,True,
1976,onnx_model_000,measure,10.14216435427657,10.142362523823977,10.15347209200263,11.109568178653717,True,
1977,onnx_model_006,measure,10.143725357224147,10.14481881307438,10.155907582025975,11.08876895159483,True,
1978,onnx_model_002,measure,10.145768057833038,10.146319034975022,10.157194587867707,10.875552892684937,True,
1979,onnx_model_007,measure,10.15235380986011,10.152758605778217,10.163968323729932,11.209717951714993,True,
1980,onnx_model_003,measure,10.15264445686647,10.152961781714112,10.164555188734084,11.593407019972801,True,
1981,onnx_model_009,measure,10.154439238902233,10.154696509707719,10.165701057761908,11.00454805418849,True,
1982,onnx_model_000,measure,10.16334074497203,10.16408659890294,10.175200344063342,11.113745160400867,True,
1983,onnx_model_001,measure,10.169551620109061,10.16995423194021,10.18092592805624,10.971696116030216,True,
1984,onnx_model_007,measure,10.182344865287277,10.183147971983999,10.194113316014409,10.965344030410051,True,
1985,onnx_model_003,measure,10.193173170099799,10.19359316676855,10.20525956293568,11.666396167129278,True,
1986,onnx_model_000,measure,10.197111807954585,10.197337383870035,10.208347371779382,11.009987909346819,True,
1987,onnx_model_000,measure,10.201717041873998,10.202783445827663,10.208462751936167,5.679306108504534,True,
1988,onnx_model_008,measure,10.203317590386254,10.20424739876762,10.215705989859998,11.458591092377901,True,
1989,onnx_model_007,measure,10.20360629511554,10.204579950775951,10.215973207727075,11.393256951123476,True,
1990,onnx_model_009,measure,10.203889844578239,10.204729655757546,10.215924474876374,11.194819118827581,True,
1991,onnx_model_008,measure,10.21357661842255,10.214728652033955,10.225851174909621,11.122522875666618,True,
1992,onnx_model_007,measure,10.214348044096365,10.214932288974524,10.226017790846527,11.085501872003078,True,
1993,onnx_model_005,measure,10.2180457477823,10.219204110093415,10.230756659060717,11.552548967301846,True,
1994,onnx_model_005,measure,10.222574337152539,10.223657644819468,10.230802546720952,7.144901901483536,True,
1995,onnx_model_009,measure,10.229726276059353,10.230242722667754,10.241238513961434,10.995791293680668,True,
1996,onnx_model_000,measure,10.24350085733473,10.244464385788888,10.255538034718484,11.073648929595947,True,
1997,onnx_model_008,measure,10.249245057559445,10.24993071705103,10.260903483722359,10.972766671329737,True,
1998,onnx_model_007,measure,10.251880445087469,10.252372066956013,10.263269952964038,10.897886008024216,True,
1999,onnx_model_009,measure,10.252810457555583,10.253809079062194,10.264698999002576,10.889919940382242,True,
2000,onnx_model_002,measure,10.278951920201731,10.279956471640617,10.291267581749707,11.311110109090805,True,
2001,onnx_model_008,measure,10.286648907258074,10.287414928898215,10.298477586824447,11.062657926231623,True,
2002,onnx_model_002,measure,10.289900242728567,10.290915933903307,10.302046752069145,11.130818165838718,True,
2003,onnx_model_002,measure,10.294157064528001,10.294498543720692,10.302091967780143,7.593424059450626,True,
2004,onnx_model_003,measure,10.300274919760337,10.300713136792183,10.311721111647785,11.007974855601788,True,
2005,onnx_model_003,measure,10.310035765495593,10.310315970797092,10.311844205949455,1.5282351523637772,True,
2006,onnx_model_002,measure,10.318482082631553,10.31908481894061,10.330018922686577,10.93410374596715,True,
2007,onnx_model_003,measure,10.33876284854534,10.34024543268606,10.351689575705677,11.444143019616604,True,
2008,onnx_model_006,measure,10.343859676763714,10.344691283069551,10.355756857898086,11.065574828535318,True,
2009,onnx_model_006,measure,10.351866070887434,10.352985139004886,10.355908916797489,2.9237777926027775,True,
2010,onnx_model_009,measure,10.359741489774452,10.360143365804106,10.371077720075846,10.934354271739721,True,
2011,onnx_model_009,measure,10.371192973334379,10.372380967717618,10.383342914748937,10.961947031319141,True,
2012,onnx_model_002,measure,10.380199444300805,10.3809479419142,10.392021000850946,11.073058936744928,True,
2013,onnx_model_001,measure,10.386283627306048,10.386647826991975,10.397781510837376,11.13368384540081,True,
2014,onnx_model_007,measure,10.388182942974757,10.389213904738426,10.400578618049622,11.364713311195374,True,
2015,onnx_model_000,measure,10.388872669539587,10.389405829831958,10.400633160956204,11.22733112424612,True,
2016,onnx_model_006,measure,10.393926519874848,10.394333195872605,10.405529058072716,11.19586220011115,True,
2017,onnx_model_006,measure,10.403602605894061,10.403949755709618,10.405583400744945,1.6336450353264809,True,
2018,onnx_model_004,measure,10.406539962456037,10.406827705912292,10.417978222016245,11.150516103953123,True,
2019,onnx_model_003,measure,10.408882562688495,10.409327307716012,10.420268234796822,10.94092708081007,True,
2020,onnx_model_008,measure,10.410972318898374,10.41178209381178,10.422771833837032,10.989740025252104,True,
2021,onnx_model_006,measure,10.42348388917219,10.424004937987775,10.43509826483205,11.093326844274998,True,
2022,onnx_model_000,measure,10.435154224849446,10.436401912942529,10.447554792743176,11.152879800647497,True,
2023,onnx_model_003,measure,10.43933383331864,10.439978981856257,10.450978800654411,10.999818798154593,True,
2024,onnx_model_004,measure,10.442490782805763,10.443473824765533,10.454839118756354,11.365293990820646,True,
2025,onnx_model_005,measure,10.442576576507177,10.4436484570615,10.45468584774062,11.037390679121017,True,
2026,onnx_model_004,measure,10.444613178601827,10.445200497750193,10.454896107781678,9.695610031485558,True,
2027,onnx_model_007,measure,10.447577265409755,10.448786603752524,10.459827340673655,11.04073692113161,True,
2028,onnx_model_007,measure,10.450403091318053,10.451077107805759,10.460012783762068,8.935675956308842,True,
2029,onnx_model_007,measure,10.451132802679991,10.451443013735116,10.46006794879213,8.624935057014227,True,
2030,onnx_model_004,measure,10.460357467196356,10.461287206038833,10.472364041954279,11.076835915446281,True,
2031,onnx_model_002,measure,10.462083596948357,10.46273283381015,10.4739810959436,11.248262133449316,True,
2032,onnx_model_002,measure,10.47278608664194,10.473588639870286,10.484630568884313,11.041929014027119,True,
2033,onnx_model_005,measure,10.477147639804434,10.47820935305208,10.489291057921946,11.081704869866371,True,
2034,onnx_model_007,measure,10.478835145016488,10.479669739026576,10.49056143173948,10.891692712903023,True,
2035,onnx_model_006,measure,10.482913074083468,10.484126090072095,10.495142229832709,11.016139760613441,True,
2036,onnx_model_005,measure,10.505187887170353,10.506394389085472,10.517457217909396,11.062828823924065,True,
2037,onnx_model_002,measure,10.50862324178595,10.509847823064774,10.520828685723245,10.980862658470869,True,
2038,onnx_model_000,measure,10.523514522075653,10.52415872598067,10.535223939921707,11.065213941037655,True,
2039,onnx_model_000,measure,10.53288376127309,10.534655628725886,10.545885886996984,11.230258271098137,True,
2040,onnx_model_000,measure,10.54206686403519,10.542523935902864,10.545941271819174,3.417335916310549,True,
2041,onnx_model_005,measure,10.554629541362637,10.556218376848847,10.567334837745875,11.116460897028446,True,
2042,onnx_model_004,measure,10.560369117148763,10.560645021963865,10.571640241891146,10.995219927281141,True,
2043,onnx_model_007,measure,10.563065893790187,10.564070452935994,10.575172195676714,11.10174274072051,True,
2044,onnx_model_007,measure,10.564523432368773,10.565495411865413,10.575665773823857,10.170361958444118,True,
2045,onnx_model_007,measure,10.56580305654107,10.567012274637818,10.575713424943388,8.701150305569172,True,
2046,onnx_model_000,measure,10.569070786656297,10.56958173867315,10.580665858928114,11.084120254963636,True,
2047,onnx_model_001,measure,10.57081715564566,10.571744520682842,10.582871281076223,11.126760393381119,True,
2048,onnx_model_009,measure,10.574339457167634,10.575269951950759,10.58634075568989,11.070803739130497,True,
2049,onnx_model_006,measure,10.581819968886577,10.582970739807934,10.59403803665191,11.067296843975782,True,
2050,onnx_model_008,measure,10.585466052399784,10.586438120808452,10.597521157935262,11.083037126809359,True,
2051,onnx_model_007,measure,10.586626195028005,10.586807012092322,10.598007902968675,11.200890876352787,True,
2052,onnx_model_003,measure,10.59454884425025,10.59525997005403,10.60617404570803,10.914075654000044,True,
2053,onnx_model_009,measure,10.596957064157351,10.597617260646075,10.608647076878697,11.02981623262167,True,
2054,onnx_model_009,measure,10.599652232276426,10.600235106889158,10.608773567713797,8.538460824638605,True,
2055,onnx_model_006,measure,10.603911606504898,10.604674835689366,10.615806325804442,11.131490115076303,True,
2056,onnx_model_006,measure,10.605422554100564,10.60626920685172,10.615939288865775,9.67008201405406,True,
2057,onnx_model_005,measure,10.614674960075847,10.614999582059681,10.626104971859604,11.105389799922705,True,
2058,onnx_model_002,measure,10.616414895615545,10.617155119776726,10.628085616976023,10.930497199296951,True,
2059,onnx_model_001,measure,10.645807725553052,10.647381234914064,10.658507415093482,11.126180179417133,True,
2060,onnx_model_000,measure,10.662847774958433,10.663812197744846,10.674999232869595,11.187035124748945,True,
2061,onnx_model_001,measure,10.664420009395561,10.665370930917561,10.676512399688363,11.141468770802021,True,
2062,onnx_model_004,measure,10.669621623745318,10.669975884724408,10.681076094973832,11.10021024942398,True,
2063,onnx_model_003,measure,10.673881343817971,10.674533377867192,10.685537905897945,11.004528030753136,True,
2064,onnx_model_008,measure,10.67660497727543,10.677761944942176,10.688781460747123,11.019515804946423,True,
2065,onnx_model_006,measure,10.677761591760627,10.678172464948148,10.689110808074474,10.9383431263268,True,
2066,onnx_model_000,measure,10.67905889918135,10.679617150686681,10.690637048799545,11.019898112863302,True,
2067,onnx_model_000,measure,10.680031932622267,10.681232932955027,10.690755142830312,9.522209875285625,True,
2068,onnx_model_002,measure,10.682720573373741,10.683682790026069,10.694719608873129,11.036818847060204,True,
2069,onnx_model_002,measure,10.68436962646991,10.685139307752252,10.694775054696947,9.635746944695711,True,
2070,onnx_model_007,measure,10.695217038011545,10.696004041004926,10.707032104022801,11.028063017874956,True,
2071,onnx_model_000,measure,10.698483946194454,10.699462874792516,10.710485687945038,11.022813152521849,True,
2072,onnx_model_002,measure,10.702600448520373,10.702932640910149,10.713823291938752,10.890651028603315,True,
2073,onnx_model_005,measure,10.703798041078468,10.704378840047866,10.715336748864502,10.957908816635609,True,
2074,onnx_model_006,measure,10.706131770700589,10.706721462775022,10.717682187911123,10.960725136101246,True,
2075,onnx_model_005,measure,10.70862844103847,10.709278353024274,10.71545123681426,6.172883789986372,True,
2076,onnx_model_008,measure,10.716918857218664,10.717778680846095,10.728807976003736,11.029295157641172,True,
2077,onnx_model_007,measure,10.722342999905534,10.72325686365366,10.734610286075622,11.353422421962023,True,
2078,onnx_model_003,measure,10.723117442862902,10.723424452822655,10.73465827666223,11.233823839575052,True,
2079,onnx_model_002,measure,10.73309514023735,10.734040211886168,10.7449199128896,10.879701003432274,True,
2080,onnx_model_007,measure,10.750252930232481,10.75117806904018,10.76234303181991,11.164962779730558,True,
2081,onnx_model_008,measure,10.753582334374814,10.754657642915845,10.765954968053848,11.297325138002634,True,
2082,onnx_model_002,measure,10.754165326420576,10.75482139363885,10.7658158428967,10.994449257850647,True,
2083,onnx_model_007,measure,10.758960321121338,10.759362375829369,10.76252838363871,3.166007809340954,True,
2084,onnx_model_007,measure,10.75948366102832,10.759718702640384,10.762567739002407,2.8490363620221615,True,
2085,onnx_model_006,measure,10.765894180539306,10.766095174010843,10.777245399076492,11.150225065648556,True,
2086,onnx_model_000,measure,10.770794067723163,10.771542528644204,10.782595228869468,11.052700225263834,True,
2087,onnx_model_006,measure,10.771922092023534,10.773002072703093,10.777358413673937,4.35634097084403,True,
2088,onnx_model_008,measure,10.774136216777201,10.774434746708721,10.785487777087837,11.053030379116535,True,
2089,onnx_model_001,measure,10.777463530940516,10.778576069045812,10.78970339987427,11.12733082845807,True,
2090,onnx_model_000,measure,10.781393833734965,10.78202839102596,10.793075941037387,11.04755001142621,True,
2091,onnx_model_001,measure,10.782606851383743,10.783818232826889,10.789762932807207,5.944699980318546,True,
2092,onnx_model_009,measure,10.801389767629104,10.803311026655138,10.81426686188206,10.955835226923227,True,
2093,onnx_model_005,measure,10.804619828482364,10.805756664834917,10.816923070698977,11.166405864059925,True,
2094,onnx_model_000,measure,10.807275596295575,10.808206371963024,10.819220347795635,11.013975832611322,True,
2095,onnx_model_002,measure,10.815809599616747,10.816495588049293,10.827439450658858,10.943862609565258,True,
2096,onnx_model_004,measure,10.821748785537414,10.822442201897502,10.833506032824516,11.063830927014351,True,
2097,onnx_model_005,measure,10.83222274113471,10.832662859931588,10.843667207751423,11.004347819834948,True,
2098,onnx_model_006,measure,10.834720114905968,10.83573140297085,10.846889562904835,11.15815993398428,True,
2099,onnx_model_006,measure,10.839497540206889,10.840199816972017,10.846930540632457,6.730723660439253,True,
2100,onnx_model_000,measure,10.841880527237134,10.842633622698486,10.853641998954117,11.008376255631447,True,
2101,onnx_model_001,measure,10.848923918662766,10.849149289075285,10.860156871844083,11.007582768797874,True,
2102,onnx_model_006,measure,10.866991805429034,10.867376144975424,10.878432782832533,11.056637857109308,True,
2103,onnx_model_001,measure,10.881661733331251,10.882739739958197,10.893899732735008,11.159992776811123,True,
2104,onnx_model_006,measure,10.888810690665245,10.889325848780572,10.900489538908005,11.163690127432346,True,
2105,onnx_model_001,measure,10.91080302367468,10.911803094670177,10.92326771793887,11.464623268693686,True,
2106,onnx_model_001,measure,10.91161732088165,10.912011971697211,10.923319415654987,11.307443957775831,True,
2107,onnx_model_004,measure,10.916462485240585,10.917610825039446,10.928761169780046,11.150344740599394,True,
2108,onnx_model_008,measure,10.92284747210426,10.923424324952066,10.934963489882648,11.539164930582047,True,
2109,onnx_model_008,measure,10.922860607371852,10.923604076728225,10.935016660951078,11.412584222853184,True,
2110,onnx_model_008,measure,10.933550407914638,10.93406939972192,10.945297803729773,11.228404007852077,True,
2111,onnx_model_007,measure,10.942822799826837,10.943316076882184,10.954624291975051,11.308215092867613,True,
2112,onnx_model_003,measure,10.945206201364897,10.945464170072228,10.956502201966941,11.03803189471364,True,
2113,onnx_model_007,measure,10.947206346781746,10.948029305785894,10.954675609711558,6.646303925663233,True,
2114,onnx_model_007,measure,10.953321317085143,10.954780329018831,10.965844209771603,11.063880752772093,True,
2115,onnx_model_003,measure,10.956344082201026,10.956657476723194,10.967633961699903,10.976484976708889,True,
2116,onnx_model_002,measure,10.967862657415463,10.968887053895742,10.979965582024306,11.078528128564358,True,
2117,onnx_model_007,measure,10.969759304552705,10.970342088956386,10.981316681019962,10.974592063575983,True,
2118,onnx_model_009,measure,10.973036292403542,10.97378882067278,10.98477522470057,10.986404027789831,True,
2119,onnx_model_006,measure,10.973689966429683,10.9743194100447,10.985383540857583,11.064130812883377,True,
2120,onnx_model_002,measure,10.976447902000505,10.976770909968764,10.980083106085658,3.3121961168944836,True,
2121,onnx_model_002,measure,10.978333884055543,10.979224843904376,10.99029011791572,11.065274011343718,True,
2122,onnx_model_005,measure,10.984767364164552,10.98498760908842,10.996034717652947,11.047108564525843,True,
2123,onnx_model_001,measure,10.988573201379292,10.989611828699708,11.000741814728826,11.1299860291183,True,
2124,onnx_model_006,measure,10.9941313070865,10.994515930768102,11.005590422078967,11.074491310864687,True,
2125,onnx_model_005,measure,10.998073487683927,10.999255178961903,11.010275947861373,11.020768899470568,True,
2126,onnx_model_007,measure,11.01425038124182,11.014515487011522,11.025533079635352,11.017592623829842,True,
2127,onnx_model_008,measure,11.030154964360435,11.03075353289023,11.041949975769967,11.196442879736423,True,
2128,onnx_model_005,measure,11.036098006762712,11.037352025974542,11.04841536609456,11.063340120017529,True,
2129,onnx_model_008,measure,11.039295657916137,11.039959772955626,11.042080212850124,2.1204398944973946,True,
2130,onnx_model_001,measure,11.053369758896581,11.05365516571328,11.06471088109538,11.055715382099152,True,
2131,onnx_model_006,measure,11.060378834813468,11.061208984814584,11.072380549740046,11.171564925462008,True,
2132,onnx_model_007,measure,11.067630492576042,11.068038215860724,11.079298641066998,11.260425206273794,True,
2133,onnx_model_007,measure,11.071121437400336,11.071630804799497,11.079351640772074,7.7208359725773335,True,
2134,onnx_model_004,measure,11.082973584728252,11.08366034179926,11.094839050900191,11.178709100931883,True,
2135,onnx_model_001,measure,11.085765122036161,11.086246006656438,11.09740417683497,11.1581701785326,True,
2136,onnx_model_009,measure,11.09556466395379,11.096190779935569,11.107541666831821,11.350886896252632,True,
2137,onnx_model_005,measure,11.10098228866459,11.10164845502004,11.112709669861943,11.061214841902256,True,
2138,onnx_model_008,measure,11.10621908684424,11.107158297672868,11.118204645812511,11.04634813964367,True,
2139,onnx_model_003,measure,11.11155429924706,11.111780333798379,11.122802044730633,11.021710932254791,True,
2140,onnx_model_001,measure,11.116724612917906,11.116958366706967,11.128047765698284,11.089398991316557,True,
2141,onnx_model_005,measure,11.122328830729169,11.12291410798207,11.133967258036137,11.053150054067373,True,
2142,onnx_model_001,measure,11.123313495323371,11.124360708054155,11.128177432809025,3.816724754869938,True,
2143,onnx_model_004,measure,11.124961035110795,11.12579346075654,11.136824660003185,11.031199246644974,True,
2144,onnx_model_007,measure,11.129182643815087,11.12939928472042,11.14038233179599,10.98304707556963,True,
2145,onnx_model_002,measure,11.13185401086058,11.13284077681601,11.143830576911569,10.989800095558167,True,
2146,onnx_model_009,measure,11.134238010730172,11.135187837760895,11.146166626829654,10.978789068758488,True,
2147,onnx_model_007,measure,11.142173648289004,11.142621928825974,11.153714975807816,11.093046981841326,True,
2148,onnx_model_005,measure,11.145921843066699,11.146261857822537,11.157259292900562,10.997435078024864,True,
2149,onnx_model_006,measure,11.177685198375084,11.17857469106093,11.189688185695559,11.113494634628296,True,
2150,onnx_model_009,measure,11.18071186341779,11.18112600967288,11.192147921770811,11.021912097930908,True,
2151,onnx_model_002,measure,11.189962111058865,11.191014075651765,11.20203591696918,11.021841317415237,True,
2152,onnx_model_008,measure,11.195046474774555,11.195389403030276,11.206426182761788,11.03677973151207,True,
2153,onnx_model_009,measure,11.204313057821818,11.2052655457519,11.216326250694692,11.060704942792654,True,
2154,onnx_model_009,measure,11.212260167588848,11.212652447633445,11.216440317686647,3.787870053201914,True,
2155,onnx_model_006,measure,11.21386792052271,11.214113404974341,11.225168769713491,11.055364739149809,True,
2156,onnx_model_009,measure,11.225394139859644,11.226396894082427,11.237586304079741,11.189409997314215,True,
2157,onnx_model_004,measure,11.226299175927828,11.22676641587168,11.237815899774432,11.0494839027524,True,
2158,onnx_model_001,measure,11.230305601109455,11.231227475684136,11.242264004889876,11.036529205739498,True,
2159,onnx_model_007,measure,11.233075017804131,11.233660371042788,11.24471585592255,11.055484879761934,True,
2160,onnx_model_002,measure,11.236709267407896,11.237191963940859,11.24828004091978,11.08807697892189,True,
2161,onnx_model_001,measure,11.242112208446207,11.242395214736462,11.253497167956084,11.101953219622374,True,
2162,onnx_model_007,measure,11.256287081419424,11.256733289919794,11.26801801007241,11.2847201526165,True,
2163,onnx_model_005,measure,11.26228371049538,11.263192767743021,11.274219698738307,11.026930995285511,True,
2164,onnx_model_001,measure,11.267389787715897,11.267623820807785,11.278669506777078,11.045685969293118,True,
2165,onnx_model_004,measure,11.274096535055339,11.274348723702133,11.285412604920566,11.06388121843338,True,
2166,onnx_model_004,measure,11.280312577469042,11.280913352034986,11.285525809973478,4.612457938492298,True,
2167,onnx_model_001,measure,11.280620412648002,11.281079277861863,11.292156784795225,11.077506933361292,True,
2168,onnx_model_002,measure,11.288080809760515,11.288744878955185,11.299767160788178,11.02228183299303,True,
2169,onnx_model_006,measure,11.292373123421703,11.293374478816986,11.304430264979601,11.055786162614822,True,
2170,onnx_model_004,measure,11.306923772576129,11.307648461777717,11.318740255665034,11.09179388731718,True,
2171,onnx_model_002,measure,11.31117900839902,11.312117537017912,11.32306542666629,10.947889648377895,True,
2172,onnx_model_004,measure,11.31546983149636,11.316546796821058,11.31884780107066,2.3010042496025562,True,
2173,onnx_model_001,measure,11.324463272059416,11.325289835687727,11.336351041682065,11.061205994337797,True,
2174,onnx_model_005,measure,11.330333170959669,11.330762137658894,11.342097213957459,11.335076298564672,True,
2175,onnx_model_009,measure,11.330477648098237,11.330944133922458,11.341986282728612,11.042148806154728,True,
2176,onnx_model_002,measure,11.339319969946299,11.339574058074504,11.35058832494542,11.01426687091589,True,
2177,onnx_model_003,measure,11.340631721684176,11.341014666948467,11.352003836072981,10.989169124513865,True,
2178,onnx_model_004,measure,11.342377213137476,11.343313626945019,11.354435797780752,11.122170835733414,True,
2179,onnx_model_000,measure,11.352748775174453,11.35321880504489,11.364111531060189,10.892726015299559,True,
2180,onnx_model_006,measure,11.364767803157859,11.36526625463739,11.376198044978082,10.931790340691805,True,
2181,onnx_model_000,measure,11.368780889555556,11.369608949869871,11.380753804929554,11.144855059683323,True,
2182,onnx_model_004,measure,11.371047300449277,11.372032115701586,11.383002028800547,10.969913098961115,True,
2183,onnx_model_009,measure,11.378747565117052,11.379445027094334,11.390884652733803,11.439625639468431,True,
2184,onnx_model_007,measure,11.385643981254038,11.386239892803133,11.397258447948843,11.018555145710707,True,
2185,onnx_model_009,measure,11.39123706804722,11.392046230845153,11.403001704718918,10.955473873764277,True,
2186,onnx_model_005,measure,11.39882087255743,11.399478347972035,11.410557677969337,11.079329997301102,True,
2187,onnx_model_002,measure,11.405609977193471,11.406261241063476,11.41769439401105,11.433152947574854,True,
2188,onnx_model_007,measure,11.413129978353963,11.41389990085736,11.421002672985196,7.102772127836943,True,
2189,onnx_model_005,measure,11.415128161469296,11.415439608041197,11.426535539794713,11.095931753516197,True,
2190,onnx_model_007,measure,11.416543050331624,11.416948406025767,11.421203094068915,4.2546880431473255,True,
2191,onnx_model_007,measure,11.416937497929093,11.417375388089567,11.4212457947433,3.8704066537320614,True,
2192,onnx_model_007,measure,11.41960535479519,11.419947696849704,11.421277755871415,1.3300590217113495,True,
2193,onnx_model_002,measure,11.42904650857477,11.429757944773883,11.440697730053216,10.939785279333591,True,
2194,onnx_model_004,measure,11.4310878170923,11.432229794096202,11.443236276041716,11.006481945514679,True,
2195,onnx_model_000,measure,11.43567354370532,11.436668230686337,11.447465314995497,10.79708430916071,True,
2196,onnx_model_005,measure,11.445584575874781,11.44646022375673,11.457129263784736,10.669040028005838,True,
2197,onnx_model_001,measure,11.448393318706977,11.448698408901691,11.459462248720229,10.763839818537235,True,
2198,onnx_model_007,measure,11.451511135064836,11.452167362906039,11.463045590091497,10.878227185457945,True,
2199,onnx_model_009,measure,11.4519869815714,11.452336683869362,11.463134919758886,10.798235889524221,True,
2200,onnx_model_000,measure,11.469902647788132,11.470314518082887,11.481081754900515,10.767236817628145,True,
2201,onnx_model_003,measure,11.471145381354317,11.471662068739533,11.482415339909494,10.753271169960499,True,
2202,onnx_model_004,measure,11.477986422951776,11.479008974973112,11.489870690740645,10.861715767532587,True,
2203,onnx_model_006,measure,11.48931650592022,11.489620435982943,11.500345532782376,10.725096799433231,True,
2204,onnx_model_002,measure,11.495155687067173,11.496052362024784,11.50680790701881,10.755544994026423,True,
2205,onnx_model_000,measure,11.496064421330091,11.496317024808377,11.50718458276242,10.86755795404315,True,
2206,onnx_model_006,measure,11.518560327387467,11.519440088886768,11.530435760039836,10.995671153068542,True,
2207,onnx_model_004,measure,11.520010098752122,11.520953414961696,11.53229510365054,11.341688688844442,True,
2208,onnx_model_003,measure,11.520041784405475,11.521096627693623,11.532254887744784,11.15826005116105,True,
2209,onnx_model_000,measure,11.521200921250871,11.521447884850204,11.532487008720636,11.039123870432377,True,
2210,onnx_model_006,measure,11.531013192926483,11.531710352748632,11.542718328069896,11.007975321263075,True,
2211,onnx_model_003,measure,11.545135419210645,11.545979866757989,11.557347825728357,11.367958970367908,True,
2212,onnx_model_009,measure,11.545482982022271,11.546123641077429,11.557388683781028,11.265042703598738,True,
2213,onnx_model_004,measure,11.548898194387863,11.549596210941672,11.560763868968934,11.167658027261496,True,
2214,onnx_model_003,measure,11.55252439857286,11.553023546002805,11.557440952863544,4.417406860738993,True,
2215,onnx_model_009,measure,11.55311986273063,11.553332753945142,11.557417207863182,4.084453918039799,True,
2216,onnx_model_008,measure,11.559948988411486,11.560853759758174,11.572446987964213,11.593228206038475,True,
2217,onnx_model_001,measure,11.562286863167609,11.563377818092704,11.574474651832134,11.096833739429712,True,
2218,onnx_model_006,measure,11.569811359112117,11.570970059838146,11.582797422073781,11.827362235635519,True,
2219,onnx_model_001,measure,11.572857202649647,11.573810829780996,11.584944633767009,11.133803986012936,True,
2220,onnx_model_001,measure,11.575231228544245,11.575717874802649,11.585069261025637,9.351386222988367,True,
2221,onnx_model_009,measure,11.576002218868249,11.57720544282347,11.588175534736365,10.970091912895441,True,
2222,onnx_model_009,measure,11.578790809201768,11.579672191757709,11.58829948073253,8.627288974821568,True,
2223,onnx_model_007,measure,11.579432085002116,11.57984557095915,11.590909281745553,11.063710786402225,True,
2224,onnx_model_002,measure,11.58188689181652,11.5823920420371,11.593354208860546,10.96216682344675,True,
2225,onnx_model_008,measure,11.598571724369975,11.599605010822415,11.610606923699379,11.001912876963615,True,
2226,onnx_model_009,measure,11.60752286113231,11.60806982172653,11.619040796067566,10.97097434103489,True,
2227,onnx_model_002,measure,11.612802322845312,11.613839989993721,11.625307257752866,11.467267759144306,True,
2228,onnx_model_004,measure,11.63001494447635,11.63062976486981,11.641749511938542,11.119747068732977,True,
2229,onnx_model_002,measure,11.651585833163585,11.652050331700593,11.66315192496404,11.101593263447285,True,
2230,onnx_model_004,measure,11.665691850250017,11.66645743791014,11.677557026967406,11.099589057266712,True,
2231,onnx_model_001,measure,11.668286213432562,11.669017864856869,11.680242471862584,11.22460700571537,True,
2232,onnx_model_007,measure,11.672513362329491,11.67358355363831,11.684789825696498,11.206272058188915,True,
2233,onnx_model_000,measure,11.675490610669627,11.676143860910088,11.687301980797201,11.158119887113571,True,
2234,onnx_model_007,measure,11.679817361554374,11.680353833828121,11.684843888971955,4.49005514383316,True,
2235,onnx_model_006,measure,11.679913507540205,11.680533986072987,11.691708586644381,11.174600571393967,True,
2236,onnx_model_008,measure,11.689159824583552,11.689556085970253,11.700709045864642,11.152959894388914,True,
2237,onnx_model_004,measure,11.69220815543293,11.692952100653201,11.703998047858477,11.045947205275297,True,
2238,onnx_model_002,measure,11.693434003253419,11.694406625814736,11.705364905763417,10.958279948681593,True,
2239,onnx_model_001,measure,11.700583600428208,11.700883436948061,11.711876793764532,10.993356816470623,True,
2240,onnx_model_004,measure,11.712771354648083,11.713103415910155,11.724199617747217,11.096201837062836,True,
2241,onnx_model_007,measure,11.723052410092986,11.723656695801765,11.734822861850262,11.166166048496962,True,
2242,onnx_model_004,measure,11.734721533266558,11.735027720686048,11.746200718916953,11.17299823090434,True,
2243,onnx_model_008,measure,11.736262256608683,11.736588306725025,11.74776435084641,11.17604412138462,True,
2244,onnx_model_006,measure,11.74796018875818,11.749080453068018,11.760214537847787,11.134084779769182,True,
2245,onnx_model_003,measure,11.75001131785124,11.750651590060443,11.761653011664748,11.001421604305506,True,
2246,onnx_model_004,measure,11.752337639260078,11.753148966934532,11.764199582859874,11.050615925341845,True,
2247,onnx_model_002,measure,11.757320443861847,11.757640053983778,11.768829142674804,11.189088691025972,True,
2248,onnx_model_006,measure,11.764541389718326,11.76542696589604,11.7764056250453,10.978659149259329,True,
2249,onnx_model_004,measure,11.768560414356958,11.768942608032376,11.77989188209176,10.949274059385061,True,
2250,onnx_model_007,measure,11.782156769106027,11.78311580978334,11.7941690296866,11.05321990326047,True,
2251,onnx_model_003,measure,11.783311562414255,11.783484830986708,11.794354141689837,10.869310703128576,True,
2252,onnx_model_004,measure,11.788223335332036,11.788931503891945,11.799951782915741,11.02027902379632,True,
2253,onnx_model_006,measure,11.791439628325582,11.792409976944327,11.803616208024323,11.206231079995632,True,
2254,onnx_model_006,measure,11.791463056187427,11.792569228913635,11.80367243476212,11.103205848485231,True,
2255,onnx_model_004,measure,11.804177238481127,11.804903625044972,11.815944051835686,11.040426790714264,True,
2256,onnx_model_006,measure,11.809956945327396,11.810355728957802,11.821541171055287,11.185442097485065,True,
2257,onnx_model_006,measure,11.820286213245005,11.821172680705786,11.832181786652654,11.009105946868658,True,
2258,onnx_model_005,measure,11.824921490970729,11.825767053756863,11.836965990718454,11.198936961591244,True,
2259,onnx_model_005,measure,11.82717253877749,11.828219956718385,11.837082332931459,8.86237621307373,True,
2260,onnx_model_004,measure,11.828289537585887,11.828572335653007,11.83960289368406,11.030558031052351,True,
2261,onnx_model_006,measure,11.832500277437884,11.833406444638968,11.844494972843677,11.088528204709291,True,
2262,onnx_model_007,measure,11.832812212856215,11.833570627029985,11.84461443964392,11.043812613934278,True,
2263,onnx_model_004,measure,11.83547143291248,11.836113881785423,11.839723893906921,3.6100121214985847,True,
2264,onnx_model_000,measure,11.849157513729109,11.849836796987802,11.86100269202143,11.165895033627748,True,
2265,onnx_model_008,measure,11.853618382182338,11.854305450804532,11.86538754682988,11.08209602534771,True,
2266,onnx_model_000,measure,11.854309936543226,11.85466203885153,11.861067103687674,6.405064836144447,True,
2267,onnx_model_003,measure,11.862434460903302,11.863317161798477,11.874280571006238,10.963409207761288,True,
2268,onnx_model_008,measure,11.87317094758787,11.873609836678952,11.884582773782313,10.972937103360891,True,
2269,onnx_model_006,measure,11.876458067547121,11.877508727833629,11.888415238820016,10.90651098638773,True,
2270,onnx_model_002,measure,11.888499952887253,11.889664162881672,11.900822453666478,11.158290784806013,True,
2271,onnx_model_000,measure,11.88928645002321,11.889830159023404,11.901068581733853,11.238422710448503,True,
2272,onnx_model_007,measure,11.891985793230543,11.892376319039613,11.903371498920023,10.995179880410433,True,
2273,onnx_model_003,measure,11.89283848039211,11.89382238779217,11.904778514057398,10.956126265227795,True,
2274,onnx_model_004,measure,11.89616568917335,11.897284027654678,11.908342437818646,11.058410163968801,True,
2275,onnx_model_000,measure,11.89710915235078,11.897449763026088,11.901101093739271,3.6513307131826878,True,
2276,onnx_model_002,measure,11.897605578497519,11.897920016665012,11.901027122978121,3.107106313109398,True,
2277,onnx_model_007,measure,11.901898061756325,11.902334969025105,11.903481097891927,1.1461288668215275,True,
2278,onnx_model_006,measure,11.919439002030463,11.920566224027425,11.931591511704028,11.025287676602602,True,
2279,onnx_model_009,measure,11.921808209870244,11.923016781918705,11.933959752786905,10.942970868200064,True,
2280,onnx_model_007,measure,11.926211437548675,11.926455819047987,11.937299541663378,10.843722615391016,True,
2281,onnx_model_003,measure,11.939416327681974,11.940537977963686,11.951479966752231,10.941988788545132,True,
2282,onnx_model_000,measure,11.944379563789068,11.945008025038987,11.95613717008382,11.129145044833422,True,
2283,onnx_model_000,measure,11.94927437280194,11.950447685085237,11.956196852959692,5.749167874455452,True,
2284,onnx_model_008,measure,11.95956498798474,11.96043760376051,11.971503488719463,11.065884958952665,True,
2285,onnx_model_002,measure,11.960906889769765,11.961906966753304,11.973123759031296,11.216792277991772,True,
2286,onnx_model_004,measure,11.969289302494108,11.970344725996256,11.981377758085728,11.033032089471817,True,
2287,onnx_model_006,measure,11.972029386529758,11.972728105727583,11.98381478106603,11.086675338447094,True,
2288,onnx_model_004,measure,11.973269249871171,11.97434735391289,11.981489820871502,7.142466958612204,True,
2289,onnx_model_001,measure,11.976380379779227,11.976785749662668,11.987677252851427,10.891503188759089,True,
2290,onnx_model_009,measure,11.983519895358526,11.983926953747869,11.994915912859142,10.988959111273289,True,
2291,onnx_model_001,measure,12.012429113960604,12.01421280298382,12.025419525802135,11.20672281831503,True,
2292,onnx_model_003,measure,12.026127745047885,12.026723594870418,12.03785160696134,11.128012090921402,True,
2293,onnx_model_003,measure,12.03709305019266,12.037981854751706,12.04907506192103,11.09320716932416,True,
2294,onnx_model_001,measure,12.04003941257899,12.040524288080633,12.051568601746112,11.044313665479422,True,
2295,onnx_model_000,measure,12.040707111771619,12.040971908718348,12.052056578919291,11.084670200943947,True,
2296,onnx_model_005,measure,12.057210831023314,12.058369849808514,12.069561773911119,11.19192410260439,True,
2297,onnx_model_007,measure,12.057831209130104,12.058559389784932,12.069698634091765,11.139244306832552,True,
2298,onnx_model_008,measure,12.06293857903155,12.064181736670434,12.075454215053469,11.272478383034468,True,
2299,onnx_model_003,measure,12.065890519214575,12.066743165720254,12.077941993717104,11.198827996850014,True,
2300,onnx_model_003,measure,12.07459164192985,12.075046590063721,12.077994443010539,2.947852946817875,True,
2301,onnx_model_001,measure,12.079550254155214,12.08025159407407,12.092438959982246,12.187365908175707,True,
2302,onnx_model_009,measure,12.079597411153893,12.080443939659745,12.091742065735161,11.298126075416803,True,
2303,onnx_model_002,measure,12.080113338722612,12.080609934870154,12.092391821090132,11.781886219978333,True,
2304,onnx_model_001,measure,12.087886165220013,12.08825938589871,12.092472875025123,4.213489126414061,True,
2305,onnx_model_001,measure,12.09061142782095,12.091984546743333,12.103049479890615,11.064933147281408,True,
2306,onnx_model_000,measure,12.106346998405929,12.107274710666388,12.1183654027991,11.09069213271141,True,
2307,onnx_model_004,measure,12.108923604230126,12.109761728905141,12.121032933704555,11.271204799413681,True,
2308,onnx_model_002,measure,12.109476182518424,12.109977828804404,12.121210712008178,11.23288320377469,True,
2309,onnx_model_002,measure,12.110606173485174,12.111490945797414,12.121249475050718,9.758529253304005,True,
2310,onnx_model_008,measure,12.117957099209583,12.11846360983327,12.129576242994517,11.112633161246777,True,
2311,onnx_model_008,measure,12.118934789600253,12.11992933601141,12.129682164639235,9.752828627824783,True,
2312,onnx_model_007,measure,12.119145695059144,12.120093757752329,12.13109999988228,11.006242129951715,True,
2313,onnx_model_004,measure,12.123466524815633,12.124471168965101,12.135565928649157,11.094759684056044,True,
2314,onnx_model_004,measure,12.134043858543151,12.134323206730187,12.135674414690584,1.351207960397005,True,
2315,onnx_model_002,measure,12.146797089644016,12.147927246056497,12.158930501900613,11.003255844116211,True,
2316,onnx_model_004,measure,12.147816250890914,12.148288652766496,12.15931497188285,11.026319116353989,True,
2317,onnx_model_000,measure,12.152042143203118,12.15272043691948,12.164253629744053,11.533192824572325,True,
2318,onnx_model_001,measure,12.152325634243304,12.152904957998544,12.164299166761339,11.394208762794733,True,
2319,onnx_model_003,measure,12.162477582909535,12.163565733004361,12.174698984716088,11.133251711726189,True,
2320,onnx_model_007,measure,12.163256729838547,12.163737318944186,12.174849130678922,11.111811734735966,True,
2321,onnx_model_006,measure,12.164022052269454,12.164430336095393,12.17533485405147,10.904517956078053,True,
2322,onnx_model_003,measure,12.18984080549252,12.190657620783895,12.201745576690882,11.08795590698719,True,
2323,onnx_model_009,measure,12.211534519179532,12.212061856873333,12.223156827036291,11.094970162957907,True,
2324,onnx_model_004,measure,12.22176076476179,12.222626528702676,12.23393868189305,11.312153190374374,True,
2325,onnx_model_008,measure,12.223071469346312,12.223339223768562,12.234657769091427,11.318545322865248,True,
2326,onnx_model_004,measure,12.223493837927387,12.223750074859709,12.233994487673044,10.244412813335657,True,
2327,onnx_model_008,measure,12.228346130976172,12.229295044671744,12.23471336485818,5.418320186436176,True,
2328,onnx_model_004,measure,12.230561655620097,12.231872393749654,12.23409992782399,2.2275340743362904,True,
2329,onnx_model_001,measure,12.240030746557615,12.241022797767073,12.2522012158297,11.178418062627316,True,
2330,onnx_model_009,measure,12.246309253149569,12.24757173564285,12.258737189695239,11.165454052388668,True,
2331,onnx_model_004,measure,12.256848045810987,12.257505279034376,12.268794829025865,11.289549991488457,True,
2332,onnx_model_002,measure,12.258632013476875,12.258921941742301,12.269890791736543,10.968849994242191,True,
2333,onnx_model_004,measure,12.26282146711493,12.263460418675095,12.268953980877995,5.493562202900648,True,
2334,onnx_model_008,measure,12.265143270436932,12.265956653747708,12.277010465040803,11.05381129309535,True,
2335,onnx_model_001,measure,12.270965890016692,12.272127693984658,12.283673079684377,11.54538569971919,True,
2336,onnx_model_001,measure,12.271643164585802,12.27230098284781,12.283739997074008,11.439014226198196,True,
2337,onnx_model_004,measure,12.272396565790181,12.272753464058042,12.283835960086435,11.082496028393507,True,
2338,onnx_model_005,measure,12.275505671693693,12.276215244084597,12.2872717208229,11.0564767383039,True,
2339,onnx_model_008,measure,12.282611829069477,12.283242561854422,12.294240596704185,10.998034849762917,True,
2340,onnx_model_000,measure,12.295637019938633,12.296479844022542,12.30757211893797,11.09227491542697,True,
2341,onnx_model_005,measure,12.30644201519392,12.30693919584155,12.318222563713789,11.28336787223816,True,
2342,onnx_model_005,measure,12.31540610593444,12.315907392650843,12.318364152684808,2.456760033965111,True,
2343,onnx_model_006,measure,12.316842965857594,12.31745393294841,12.328390461858362,10.936528909951448,True,
2344,onnx_model_002,measure,12.31838374093835,12.319609459955245,12.330564433708787,10.954973753541708,True,
2345,onnx_model_006,measure,12.31929110491951,12.31978453276679,12.328436298761517,8.651765994727612,True,
2346,onnx_model_004,measure,12.320729810990773,12.321334699634463,12.332136732991785,10.802033357322216,True,
2347,onnx_model_008,measure,12.322672459208471,12.323785668704659,12.334581549745053,10.795881040394306,True,
2348,onnx_model_001,measure,12.324499422170504,12.325172283686697,12.335849830880761,10.677547194063663,True,
2349,onnx_model_001,measure,12.333315701362555,12.334338668733835,12.33590622805059,1.5675593167543411,True,
2350,onnx_model_004,measure,12.339607900071059,12.340104568749666,12.351037059910595,10.932491160929203,True,
2351,onnx_model_005,measure,12.352465840379002,12.353337842971087,12.364048692863435,10.710849892348051,True,
2352,onnx_model_000,measure,12.360515895656553,12.360789787955582,12.371546875685453,10.757087729871273,True,
2353,onnx_model_001,measure,12.362132266933328,12.363165684975684,12.37377306772396,10.607382748275995,True,
2354,onnx_model_006,measure,12.36505165164954,12.365258343052119,12.375957469921559,10.699126869440079,True,
2355,onnx_model_006,measure,12.376157287463574,12.377194642089307,12.38787491293624,10.680270846933126,True,
2356,onnx_model_000,measure,12.382280753463274,12.382539682090282,12.393267824780196,10.728142689913511,True,
2357,onnx_model_001,measure,12.38791246108684,12.389062711037695,12.39978589490056,10.723183862864971,True,
2358,onnx_model_002,measure,12.395152777013838,12.395475370809436,12.406156533863395,10.681163053959608,True,
2359,onnx_model_005,measure,12.400666139447125,12.40099072502926,12.411685363855213,10.694638825953007,True,
2360,onnx_model_005,measure,12.428901047108507,12.431024424731731,12.442093244753778,11.068820022046566,True,
2361,onnx_model_006,measure,12.42898963383129,12.431222510989755,12.442218212876469,10.995701886713505,True,
2362,onnx_model_003,measure,12.434588721527751,12.435818426776677,12.446518025826663,10.699599049985409,True,
2363,onnx_model_003,measure,12.455208122373794,12.456771817058325,12.467838001903147,11.066184844821692,True,
2364,onnx_model_006,measure,12.455275438955544,12.456935487687588,12.468030849006027,11.095361318439245,True,
2365,onnx_model_007,measure,12.456370821240629,12.457054022699594,12.467998517677188,10.944494977593422,True,
2366,onnx_model_009,measure,12.46128424468449,12.46158449491486,12.472664948087186,11.080453172326088,True,
2367,onnx_model_005,measure,12.467868689485165,12.468142550904304,12.47902298392728,10.880433022975922,True,
2368,onnx_model_009,measure,12.469434663310638,12.470567871816456,12.472704383078963,2.1365112625062466,True,
2369,onnx_model_001,measure,12.470795961976144,12.472008369863033,12.48302118293941,11.012813076376915,True,
2370,onnx_model_003,measure,12.471341757031844,12.47226605983451,12.483104011043906,10.837951209396124,True,
2371,onnx_model_006,measure,12.493864140361783,12.494369043968618,12.505412846803665,11.043802835047245,True,
2372,onnx_model_006,measure,12.49919498583651,12.499785429798067,12.505453574005514,5.668144207447767,True,
2373,onnx_model_007,measure,12.509088009610078,12.509696058928967,12.520609533879906,10.913474950939417,True,
2374,onnx_model_003,measure,12.51537787799797,12.516137172002345,12.527014968916774,10.877796914428473,True,
2375,onnx_model_005,measure,12.517172242692647,12.517565827816725,12.52839817898348,10.832351166754961,True,
2376,onnx_model_009,measure,12.523061914805355,12.523878356907517,12.534827399998903,10.949043091386557,True,
2377,onnx_model_006,measure,12.523336437489727,12.524025707971305,12.534988326020539,10.962618049234152,True,
2378,onnx_model_006,measure,12.551291057795199,12.552230570930988,12.56330916006118,11.078589130192995,True,
2379,onnx_model_002,measure,12.570476534057262,12.571573558729142,12.582537810783833,10.964252054691315,True,
2380,onnx_model_001,measure,12.581222442820682,12.582030937075615,12.593040614854544,11.009677778929472,True,
2381,onnx_model_004,measure,12.598899613940606,12.599287058692425,12.610322234686464,11.035175994038582,True,
2382,onnx_model_007,measure,12.601579657125507,12.6027175700292,12.613897481001914,11.179910972714424,True,
2383,onnx_model_004,measure,12.614417898279724,12.615194336976856,12.626305988058448,11.111651081591845,True,
2384,onnx_model_000,measure,12.617260180384402,12.617744533810765,12.629084769636393,11.340235825628042,True,
2385,onnx_model_000,measure,12.618999589725144,12.619202154688537,12.62913582706824,9.93367237970233,True,
2386,onnx_model_003,measure,12.619989334721662,12.620632322970778,12.631753091700375,11.12076872959733,True,
2387,onnx_model_000,measure,12.628733140493097,12.629240335896611,12.640440705697984,11.20036980137229,True,
2388,onnx_model_001,measure,12.631374993858982,12.631885684095323,12.642884831875563,10.999147780239582,True,
2389,onnx_model_009,measure,12.631692984897278,12.632279692683369,12.643357590772212,11.07789808884263,True,
2390,onnx_model_004,measure,12.632236997581199,12.632638424634933,12.643548242747784,10.90981811285019,True,
2391,onnx_model_000,measure,12.632841096598526,12.633009090088308,12.640493066050112,7.48397596180439,True,
2392,onnx_model_006,measure,12.638196765054944,12.638556744903326,12.649606979917735,11.050235014408827,True,
2393,onnx_model_000,measure,12.650480769328269,12.650927009060979,12.662183055654168,11.25604659318924,True,
2394,onnx_model_005,measure,12.65940318774777,12.661481773015112,12.67281269095838,11.330917943269014,True,
2395,onnx_model_001,measure,12.65958054859453,12.661671803798527,12.67288165166974,11.209847871214151,True,
2396,onnx_model_007,measure,12.664633146377861,12.665489289909601,12.67654926283285,11.059972923249006,True,
2397,onnx_model_006,measure,12.665693388030927,12.665924177039415,12.677163139916956,11.23896287754178,True,
2398,onnx_model_008,measure,12.6765116203025,12.676727070938796,12.687922712881118,11.195641942322254,True,
2399,onnx_model_004,measure,12.683205282158237,12.68447481887415,12.695696840062737,11.22202118858695,True,
2400,onnx_model_007,measure,12.684270659922383,12.684665781911463,12.690145918633789,5.480136722326279,True,
2401,onnx_model_002,measure,12.687455451065274,12.688037730753422,12.69906487269327,11.027141939848661,True,
2402,onnx_model_007,measure,12.68782554878027,12.68844048678875,12.690355957951397,1.915471162647009,True,
2403,onnx_model_007,measure,12.688509271609373,12.688809467945248,12.690397236961871,1.587769016623497,True,
2404,onnx_model_007,measure,12.688731963921596,12.689187466632575,12.690430078655481,1.2426120229065418,True,
2405,onnx_model_007,measure,12.694794681884302,12.695799585897475,12.707245071884245,11.4454859867692,True,
2406,onnx_model_008,measure,12.694929466421616,12.696023642085493,12.707071150653064,11.04750856757164,True,
2407,onnx_model_003,measure,12.695693920214014,12.696479567792267,12.70747552998364,10.99596219137311,True,
2408,onnx_model_004,measure,12.696218924101812,12.696648699697107,12.707626376766711,10.977677069604397,True,
2409,onnx_model_007,measure,12.698340182072927,12.699166635982692,12.70728169195354,8.115055970847607,True,
2410,onnx_model_001,measure,12.698707398818948,12.699337020050734,12.71028036205098,10.943342000246048,True,
2411,onnx_model_005,measure,12.71101844045435,12.71149580180645,12.722429164685309,10.933362878859043,True,
2412,onnx_model_002,measure,12.721479549453267,12.721960323862731,12.732955433893949,10.995110031217337,True,
2413,onnx_model_005,measure,12.728327166478847,12.72865528985858,12.739576098974794,10.920809116214514,True,
2414,onnx_model_004,measure,12.73536201770538,12.736183640081435,12.747318115085363,11.134475003927946,True,
2415,onnx_model_003,measure,12.735885607781816,12.736347862053663,12.747494169976562,11.146307922899723,True,
2416,onnx_model_004,measure,12.73743588601435,12.737873331643641,12.74755225982517,9.678928181529045,True,
2417,onnx_model_001,measure,12.737521854109168,12.738037223927677,12.749035350047052,10.998126119375229,True,
2418,onnx_model_004,measure,12.738101620122176,12.738454857841134,12.74758528266102,9.130424819886684,True,
2419,onnx_model_006,measure,12.74154539332429,12.741800657007843,12.752730833832175,10.930176824331284,True,
2420,onnx_model_009,measure,12.752847338779604,12.753960330970585,12.764909524004906,10.94919303432107,True,
2421,onnx_model_005,measure,12.754359805841856,12.755396560765803,12.766417860984802,11.021300218999386,True,
2422,onnx_model_008,measure,12.766035254016522,12.766510968096554,12.777561834082007,11.050865985453129,True,
2423,onnx_model_006,measure,12.76724747111357,12.76795069500804,12.778903364669532,10.95266966149211,True,
2424,onnx_model_009,measure,12.76885301558182,12.769370884634554,12.780421109870076,11.050225235521793,True,
2425,onnx_model_005,measure,12.771307724319431,12.771796504966915,12.78276909282431,10.97258785739541,True,
2426,onnx_model_009,measure,12.773331815052751,12.774232815951109,12.780475422739983,6.2426067888736725,True,
2427,onnx_model_005,measure,12.776947232797497,12.777658347971737,12.782819878775626,5.161530803889036,True,
2428,onnx_model_008,measure,12.799568174212103,12.800036926753819,12.811119281686842,11.082354933023453,True,
2429,onnx_model_000,measure,12.81336539247234,12.814338260795921,12.82543031591922,11.09205512329936,True,
2430,onnx_model_006,measure,12.814349849350744,12.814688386861235,12.825807162094861,11.118775233626366,True,
2431,onnx_model_004,measure,12.818323979490726,12.819168122019619,12.830238616093993,11.070494074374437,True,
2432,onnx_model_004,measure,12.819086477651716,12.819560558069497,12.830370125826448,10.809567756950855,True,
2433,onnx_model_006,measure,12.822871525107942,12.824017159640789,12.825878978706896,1.861819066107273,True,
2434,onnx_model_001,measure,12.826078758126409,12.827134524937719,12.838158180005848,11.023655068129301,True,
2435,onnx_model_006,measure,12.832112402385611,12.832621715962887,12.843651952687651,11.030236724764109,True,
2436,onnx_model_009,measure,12.839144304774477,12.839386033825576,12.850331809837371,10.945776011794806,True,
2437,onnx_model_001,measure,12.84111179605767,12.84184388583526,12.852788278833032,10.944392997771502,True,
2438,onnx_model_005,measure,12.843809691562065,12.844893252011389,12.855751842726022,10.858590714633465,True,
2439,onnx_model_003,measure,12.848646917212557,12.84935202775523,12.860341466963291,10.989439208060503,True,
2440,onnx_model_006,measure,12.856895841870609,12.85799259180203,12.868977151811123,10.984560009092093,True,
2441,onnx_model_005,measure,12.859825862470842,12.860441436991096,12.871568738948554,11.127301957458258,True,
2442,onnx_model_007,measure,12.861474148723586,12.86192924482748,12.872911189682782,10.981944855302572,True,
2443,onnx_model_006,measure,12.867373031647205,12.868408891838044,12.879905665758997,11.496773920953274,True,
2444,onnx_model_004,measure,12.875262439069202,12.876161369029433,12.887313236948103,11.151867918670177,True,
2445,onnx_model_008,measure,12.875540988466147,12.876327204052359,12.887474943883717,11.147739831358194,True,
2446,onnx_model_000,measure,12.87788731837153,12.878847354091704,12.889817897696048,10.97054360434413,True,
2447,onnx_model_008,measure,12.881534739610515,12.882131536956877,12.887533014640212,5.401477683335543,True,
2448,onnx_model_003,measure,12.885526353467878,12.886585593689233,12.897726230788976,11.14063709974289,True,
2449,onnx_model_004,measure,12.885574343638442,12.886753092054278,12.897846309002489,11.093216948211193,True,
2450,onnx_model_003,measure,12.904164283148914,12.905090728774667,12.916056313086301,10.965584311634302,True,
2451,onnx_model_002,measure,12.909003484454695,12.909538423642516,12.92054059682414,11.00217318162322,True,
2452,onnx_model_005,measure,12.913534643394181,12.914008570834994,12.924916825722903,10.908254887908697,True,
2453,onnx_model_002,measure,12.92317970635523,12.923782990779728,12.934787177946419,11.004187166690826,True,
2454,onnx_model_005,measure,12.933816759468575,12.934902236796916,12.945968952961266,11.06671616435051,True,
2455,onnx_model_005,measure,12.940536389044256,12.941379889845848,12.946101895999163,4.722006153315306,True,
2456,onnx_model_008,measure,12.94454665611475,12.944854936096817,12.955893869046122,11.03893294930458,True,
2457,onnx_model_005,measure,12.949831537224922,12.95035057188943,12.961396297905594,11.045726016163826,True,
2458,onnx_model_005,measure,12.95279640606918,12.953818845096976,12.961510004941374,7.6911598443984985,True,
2459,onnx_model_006,measure,12.956842287418114,12.957121912855655,12.96807156689465,10.949654038995504,True,
2460,onnx_model_007,measure,12.96813865078272,12.969300733879209,12.980368281714618,11.067547835409641,True,
2461,onnx_model_004,measure,12.9756808297724,12.97675944166258,12.987877015024424,11.117573361843824,True,
2462,onnx_model_001,measure,12.977231113587012,12.978210038971156,12.989065222907811,10.855183936655521,True,
2463,onnx_model_006,measure,12.979900321669197,12.980466037988663,12.99133743206039,10.871394071727991,True,
2464,onnx_model_005,measure,12.986208164773808,12.986921288073063,12.997901288792491,10.980000719428062,True,
2465,onnx_model_000,measure,12.998741975148894,12.999124093912542,13.010166864842176,11.042770929634571,True,
2466,onnx_model_005,measure,13.00005135928356,13.00056954100728,13.01168134296313,11.111801955848932,True,
2467,onnx_model_007,measure,13.009891896405462,13.010263237636536,13.021327899768949,11.064662132412195,True,
2468,onnx_model_005,measure,13.010244374857992,13.010624694637954,13.011817421764135,1.1927271261811256,True,
2469,onnx_model_007,measure,13.010736099383564,13.010996120981872,13.02145059267059,10.454471688717604,True,
2470,onnx_model_002,measure,13.011876678746559,13.013015259057283,13.023917712736875,10.902453679591417,True,
2471,onnx_model_003,measure,13.013874743510284,13.014484701678157,13.025443052873015,10.958351194858551,True,
2472,onnx_model_009,measure,13.02219766973393,13.022674118634313,13.033566122874618,10.892004240304232,True,
2473,onnx_model_004,measure,13.023126995646768,13.024015809874982,13.035093426704407,11.077616829425097,True,
2474,onnx_model_005,measure,13.02478000837207,13.02554053766653,13.036350185982883,10.80964831635356,True,
2475,onnx_model_006,measure,13.028875781261268,13.030005825683475,13.041236202698201,11.2303770147264,True,
2476,onnx_model_006,measure,13.029843363094972,13.030172291677445,13.041359005961567,11.18671428412199,True,
2477,onnx_model_006,measure,13.047977964313894,13.048596444074064,13.059759963769466,11.163519695401192,True,
2478,onnx_model_004,measure,13.048535204645013,13.04899663478136,13.06010473985225,11.108105070888996,True,
2479,onnx_model_008,measure,13.050927326682892,13.051439858973026,13.06237972388044,10.939864907413721,True,
2480,onnx_model_004,measure,13.054369859270093,13.054914975073189,13.060229707043618,5.3147319704294205,True,
2481,onnx_model_000,measure,13.059128656450959,13.059364632703364,13.070413866080344,11.049233376979828,True,
2482,onnx_model_009,measure,13.062944532243979,13.063604732975364,13.074761329684407,11.156596709042788,True,
2483,onnx_model_009,measure,13.064973065117352,13.066068686079234,13.074802929069847,8.734242990612984,True,
2484,onnx_model_008,measure,13.067924580064968,13.068520346656442,13.079540634993464,11.020288337022066,True,
2485,onnx_model_002,measure,13.078382091706137,13.079042498022318,13.090444550849497,11.402052827179432,True,
2486,onnx_model_005,measure,13.082713063042416,13.083780623972416,13.09506166772917,11.281043756753206,True,
2487,onnx_model_004,measure,13.083096452146112,13.083973189815879,13.095525699667633,11.552509851753712,True,
2488,onnx_model_009,measure,13.088832556775381,13.08952328003943,13.100412198808044,10.88891876861453,True,
2489,onnx_model_003,measure,13.089590906604728,13.090074156876653,13.101152495946735,11.07833907008171,True,
2490,onnx_model_007,measure,13.090843274350066,13.091679228004068,13.102814734913409,11.13550690934062,True,
2491,onnx_model_006,measure,13.093043010166268,13.094145176000893,13.105052468832582,10.90729283168912,True,
2492,onnx_model_003,measure,13.094781966047046,13.095163881778717,13.101194535847753,6.030654069036245,True,
2493,onnx_model_000,measure,13.097273010657194,13.09776136977598,13.108791165985167,11.029796209186316,True,
2494,onnx_model_009,measure,13.101357162661884,13.102419573813677,13.113301388919353,10.881815105676651,True,
2495,onnx_model_008,measure,13.10377773209481,13.10401399480179,13.115201130043715,11.187135241925716,True,
2496,onnx_model_001,measure,13.10806797030551,13.108287848997861,13.119242853019387,10.955004021525383,True,
2497,onnx_model_007,measure,13.108966692442253,13.110012847930193,13.121018347796053,11.005499865859747,True,
2498,onnx_model_001,measure,13.113523352883476,13.114532739855349,13.119401595089585,4.868855234235525,True,
2499,onnx_model_007,measure,13.114135975999007,13.114703814964741,13.121077199932188,6.373384967446327,True,
2500,onnx_model_004,measure,13.115379187872463,13.116435696836561,13.127705899998546,11.270203161984682,True,
2501,onnx_model_001,measure,13.11546195918478,13.116603536065668,13.119442352093756,2.8388160280883312,True,
2502,onnx_model_005,measure,13.126620171738217,13.127308083698153,13.13823109678924,10.923013091087341,True,
2503,onnx_model_002,measure,13.127644233561421,13.127895982004702,13.138772747013718,10.876765009015799,True,
2504,onnx_model_008,measure,13.133281757502479,13.13434962881729,13.14527950482443,10.929876007139683,True,
2505,onnx_model_002,measure,13.142857135872754,13.14400562364608,13.154913637787104,10.908014141023159,True,
2506,onnx_model_008,measure,13.14905008422307,13.149502271786332,13.160507712047547,11.005440261214972,True,
2507,onnx_model_001,measure,13.158541183684505,13.159184225834906,13.170145181007683,10.960955172777176,True,
2508,onnx_model_003,measure,13.161659448175133,13.162755595054477,13.17359355604276,10.837960988283157,True,
2509,onnx_model_004,measure,13.164800352816155,13.165225469972938,13.176292746793479,11.067276820540428,True,
2510,onnx_model_001,measure,13.166135380172037,13.166666318662465,13.170255129691213,3.5888110287487507,True,
2511,onnx_model_007,measure,13.173869998920525,13.174833492841572,13.185840475838631,11.006982997059822,True,
2512,onnx_model_008,measure,13.174811827485422,13.17522693099454,13.186281704809517,11.054773814976215,True,
2513,onnx_model_000,measure,13.18326840102316,13.183516938704997,13.194543558638543,11.02661993354559,True,
2514,onnx_model_002,measure,13.18849496121551,13.189513316843659,13.200787277892232,11.273961048573256,True,
2515,onnx_model_002,measure,13.191286032702308,13.191976909991354,13.200833675917238,8.856765925884247,True,
2516,onnx_model_007,measure,13.193100093382764,13.193418540991843,13.204992991872132,11.574450880289078,True,
2517,onnx_model_005,measure,13.197175908811543,13.197772196959704,13.208723953925073,10.951756965368986,True,
2518,onnx_model_001,measure,13.199410492665372,13.200235058087856,13.212093238718808,11.85818063095212,True,
2519,onnx_model_002,measure,13.20327752216476,13.204067151993513,13.215206796769053,11.139644775539637,True,
2520,onnx_model_000,measure,13.212836838694933,13.213311874773353,13.225157641805708,11.84576703235507,True,
2521,onnx_model_009,measure,13.220673648011802,13.221458680927753,13.232473959680647,11.01527875289321,True,
2522,onnx_model_004,measure,13.227039338240521,13.227382010780275,13.238521215040237,11.139204259961843,True,
2523,onnx_model_006,measure,13.227629772300638,13.228819652926177,13.239970298949629,11.150646023452282,True,
2524,onnx_model_001,measure,13.229109647903963,13.23028397699818,13.241168858017772,10.884881019592285,True,
2525,onnx_model_007,measure,13.23332560231559,13.233694519847631,13.244651637971401,10.95711812376976,True,
2526,onnx_model_008,measure,13.238138406691725,13.238641312811524,13.249574135057628,10.932822246104479,True,
2527,onnx_model_002,measure,13.250193204753982,13.250798241700977,13.261980738025159,11.182496324181557,True,
2528,onnx_model_004,measure,13.250327542123312,13.250981168821454,13.262434349860996,11.45318103954196,True,
2529,onnx_model_003,measure,13.2534049161173,13.254502112045884,13.26540285302326,10.9007409773767,True,
2530,onnx_model_000,measure,13.259075274072535,13.259960176888853,13.271002016030252,11.041839141398668,True,
2531,onnx_model_000,measure,13.261599840091822,13.262083132751286,13.271136651746929,9.053518995642662,True,
2532,onnx_model_002,measure,13.265037924787164,13.26549853477627,13.276663206983358,11.164672207087278,True,
2533,onnx_model_004,measure,13.2676084017556,13.2679576696828,13.27902947505936,11.071805376559496,True,
2534,onnx_model_002,measure,13.273580587959646,13.274359978735447,13.27670797193423,2.3479931987822056,True,
2535,onnx_model_004,measure,13.27533113824581,13.275878505781293,13.279083027038723,3.204521257430315,True,
2536,onnx_model_006,measure,13.285706847350857,13.286316837649792,13.297396458685398,11.079621035605669,True,
2537,onnx_model_006,measure,13.286752465259497,13.287767374888062,13.297838317696005,10.070942807942629,True,
2538,onnx_model_003,measure,13.293225554679836,13.294220070820302,13.30512659298256,10.906522162258625,True,
2539,onnx_model_007,measure,13.29702425220139,13.297494424972683,13.308432716876268,10.938291903585196,True,
2540,onnx_model_009,measure,13.30044183026125,13.301089057698846,13.312033852096647,10.94479439780116,True,
2541,onnx_model_006,measure,13.305539835176265,13.306345670018345,13.317445008084178,11.099338065832853,True,
2542,onnx_model_008,measure,13.306420028045494,13.306704862974584,13.317672900855541,10.968037880957127,True,
2543,onnx_model_003,measure,13.309989236853063,13.310658056754619,13.32173486193642,11.07680518180132,True,
2544,onnx_model_009,measure,13.311402058950666,13.3121303957887,13.323022469878197,10.892074089497328,True,
2545,onnx_model_001,measure,13.314135709116727,13.314601412974298,13.325485161039978,10.883748065680265,True,
2546,onnx_model_007,measure,13.315974023868778,13.317041440866888,13.328024948947132,10.983508080244064,True,
2547,onnx_model_003,measure,13.319485637656246,13.319907499011606,13.321846884675324,1.9393856637179852,True,
2548,onnx_model_004,measure,13.325478884830222,13.325656055938452,13.336582835763693,10.926779825240374,True,
2549,onnx_model_001,measure,13.33140179655149,13.332253716886044,13.343267613090575,11.013896204531193,True,
2550,onnx_model_001,measure,13.336698184306522,13.337831269949675,13.343758545815945,5.927275866270065,True,
2551,onnx_model_001,measure,13.339013937424578,13.33934830268845,13.343804543837905,4.456241149455309,True,
2552,onnx_model_002,measure,13.339467350996848,13.339731380809098,13.350720990914851,10.989610105752945,True,
2553,onnx_model_006,measure,13.340141240047098,13.341182128991932,13.352261388674378,11.079259682446718,True,
2554,onnx_model_004,measure,13.340403873614749,13.341347252950072,13.352382368873805,11.03511592373252,True,
2555,onnx_model_002,measure,13.342862293856864,13.34336500801146,13.350763882976025,7.398874964565039,True,
2556,onnx_model_004,measure,13.356008806920984,13.356605847831815,13.367637797724456,11.031949892640114,True,
2557,onnx_model_001,measure,13.356951545838484,13.358017852064222,13.368925584945828,10.907732881605625,True,
2558,onnx_model_005,measure,13.359899927609055,13.360456747934222,13.371330616995692,10.873869061470032,True,
2559,onnx_model_000,measure,13.367550300516264,13.367792300879955,13.378683663904667,10.891363024711609,True,
2560,onnx_model_004,measure,13.384390874261518,13.38495303178206,13.396473871078342,11.520839296281338,True,
2561,onnx_model_009,measure,13.38458352334755,13.385120058897883,13.396710740868002,11.590681970119476,True,
2562,onnx_model_005,measure,13.38463404861125,13.385265755932778,13.39677193807438,11.50618214160204,True,
2563,onnx_model_000,measure,13.384635578644964,13.385407434776425,13.396832793019712,11.42535824328661,True,
2564,onnx_model_005,measure,13.385194601642414,13.386009960900992,13.396803237032145,10.793276131153107,True,
2565,onnx_model_006,measure,13.386869509910513,13.387446941807866,13.398476367816329,11.029426008462906,True,
2566,onnx_model_000,measure,13.39099865888368,13.391904606018215,13.396956257987767,5.05165196955204,True,
2567,onnx_model_001,measure,13.392592465217517,13.39334601489827,13.404461954720318,11.115939822047949,True,
2568,onnx_model_006,measure,13.395381734304097,13.395825387910008,13.39862495008856,2.7995621785521507,True,
2569,onnx_model_006,measure,13.39662798235212,13.397119357716292,13.398662390653044,1.5430329367518425,True,
2570,onnx_model_003,measure,13.398698227933908,13.399897338822484,13.41099561471492,11.098275892436504,True,
2571,onnx_model_009,measure,13.400467261902888,13.401379966642708,13.412264286074787,10.884319432079792,True,
2572,onnx_model_004,measure,13.403122770618845,13.40382364206016,13.414941946044564,11.11830398440361,True,
2573,onnx_model_003,measure,13.403253076164399,13.404007250908762,13.411172520834953,7.165269926190376,True,
2574,onnx_model_002,measure,13.404860195632736,13.405689067672938,13.416691411752254,11.002344079315662,True,
2575,onnx_model_003,measure,13.40617623043302,13.407174271065742,13.411210903897882,4.0366328321397305,True,
2576,onnx_model_007,measure,13.40625659089331,13.407339455094188,13.418409026693553,11.06957159936428,True,
2577,onnx_model_000,measure,13.40865704819825,13.409853302873671,13.42114976607263,11.296463198959827,True,
2578,onnx_model_007,measure,13.40975716069023,13.410224789753556,13.418522052001208,8.297262247651815,True,
2579,onnx_model_002,measure,13.410891422637189,13.41134109068662,13.416732068639249,5.390977952629328,True,
2580,onnx_model_008,measure,13.416198846942418,13.416825687047094,13.427836035843939,11.010348796844482,True,
2581,onnx_model_008,measure,13.419755093917587,13.420767379924655,13.427983225788921,7.215845864266157,True,
2582,onnx_model_000,measure,13.421375855079148,13.422375096008182,13.433343545068055,10.96844905987382,True,
2583,onnx_model_007,measure,13.429698267047067,13.430217382963747,13.441092684864998,10.875301901251078,True,
2584,onnx_model_005,measure,13.431780116442992,13.43268520385027,13.443651288747787,10.966084897518158,True,
2585,onnx_model_001,measure,13.432505419855946,13.43285036785528,13.443778981920332,10.928614065051079,True,
2586,onnx_model_002,measure,13.435073210443514,13.435571820940822,13.446307397913188,10.73557697236538,True,
2587,onnx_model_008,measure,13.441024339909626,13.441235776990652,13.452051135711372,10.815358720719814,True,
2588,onnx_model_000,measure,13.461001801445969,13.462276652920991,13.473379748873413,11.103095952421427,True,
2589,onnx_model_000,measure,13.466361617047735,13.466743463650346,13.473490349017084,6.746885366737843,True,
2590,onnx_model_003,measure,13.477727939342198,13.47871920792386,13.489640788640827,10.921580716967583,True,
2591,onnx_model_009,measure,13.483144293313076,13.48418971663341,13.495213811751455,11.024095118045807,True,
2592,onnx_model_006,measure,13.490059892021712,13.490885023958981,13.501928685698658,11.04366173967719,True,
2593,onnx_model_008,measure,13.49489456480088,13.495312971062958,13.506225964985788,10.912993922829628,True,
2594,onnx_model_001,measure,13.49783826432177,13.498767506796867,13.509698003996164,10.930497199296951,True,
2595,onnx_model_005,measure,13.500474214249751,13.501233554910868,13.512173269875348,10.939714964479208,True,
2596,onnx_model_007,measure,13.501808732336043,13.502077498938888,13.512945697642863,10.868198703974485,True,
2597,onnx_model_003,measure,13.50376220248009,13.504525692667812,13.515388440806419,10.862748138606548,True,
2598,onnx_model_005,measure,13.507435989063678,13.50848522875458,13.512215950991958,3.730722237378359,True,
2599,onnx_model_002,measure,13.512224562783775,13.513046288862824,13.523917424026877,10.871135164052248,True,
2600,onnx_model_007,measure,13.516016977581673,13.516615434084088,13.527527916710824,10.912482626736164,True,
2601,onnx_model_005,measure,13.526774669884981,13.527150288689882,13.538107306696475,10.957018006592989,True,
2602,onnx_model_007,measure,13.534844839791088,13.5358797730878,13.546956879086792,11.07710599899292,True,
2603,onnx_model_000,measure,13.53590707026967,13.536248323041946,13.547109658829868,10.861335787922144,True,
2604,onnx_model_003,measure,13.541956022026403,13.542337677907199,13.55327859474346,10.94091683626175,True,
2605,onnx_model_003,measure,13.553099892197675,13.553376170806587,13.564550771843642,11.174601037055254,True,
2606,onnx_model_003,measure,13.553438809574741,13.553755731787533,13.564601708669215,10.845976881682873,True,
2607,onnx_model_004,measure,13.561561764605623,13.56222204491496,13.573196315672249,10.97427075728774,True,
2608,onnx_model_004,measure,13.563283508249132,13.56368590798229,13.573329108767211,9.643200784921646,True,
2609,onnx_model_006,measure,13.563661336501596,13.564061050768942,13.574954948853701,10.893898084759712,True,
2610,onnx_model_008,measure,13.564181232849506,13.564693402964622,13.575667122844607,10.973719879984856,True,
2611,onnx_model_003,measure,13.57003851549635,13.571168060880154,13.582067779731005,10.899718850851059,True,
2612,onnx_model_009,measure,13.578196517479682,13.578904987778515,13.589769850019366,10.864862240850925,True,
2613,onnx_model_000,measure,13.590392714955453,13.590997493825853,13.60196415008977,10.966656263917685,True,
2614,onnx_model_006,measure,13.595376820943377,13.596444366965443,13.607459855731577,11.015488766133785,True,
2615,onnx_model_009,measure,13.612118943366916,13.612681601662189,13.62372257001698,11.040968354791403,True,
2616,onnx_model_007,measure,13.613451081808995,13.614143550861627,13.625385561026633,11.242010165005922,True,
2617,onnx_model_009,measure,13.616402626187458,13.617586005013436,13.62376911798492,6.183112971484661,True,
2618,onnx_model_003,measure,13.624259338920334,13.624999346677214,13.63602761970833,11.028273031115532,True,
2619,onnx_model_005,measure,13.62850252010551,13.629617575090379,13.6405229549855,10.90537989512086,True,
2620,onnx_model_006,measure,13.6473009488916,13.647764910943806,13.658751935698092,10.987024754285812,True,
2621,onnx_model_008,measure,13.648436252273175,13.649237880948931,13.660241135861725,11.003254912793636,True,
2622,onnx_model_005,measure,13.655379882301201,13.655693612061441,13.666601717006415,10.908104944974184,True,
2623,onnx_model_008,measure,13.660724596227713,13.661462236661464,13.672447298653424,10.98506199195981,True,
2624,onnx_model_008,measure,13.661954036216324,13.662919907830656,13.672565774060786,9.645866230130196,True,
2625,onnx_model_007,measure,13.674722026764451,13.675789090804756,13.686744685750455,10.955594945698977,True,
2626,onnx_model_002,measure,13.682499285518125,13.683251556009054,13.694167545996606,10.915989987552166,True,
2627,onnx_model_004,measure,13.692333809847018,13.693004163913429,13.703917388804257,10.913224890828133,True,
2628,onnx_model_002,measure,13.692981328484613,13.693369197659194,13.704211307689548,10.84211003035307,True,
2629,onnx_model_007,measure,13.69518040803478,13.696398125961423,13.707588526885957,11.190400924533606,True,
2630,onnx_model_001,measure,13.69569924082466,13.696564371697605,13.70811264263466,11.54827093705535,True,
2631,onnx_model_006,measure,13.702981194952459,13.703255580738187,13.714038257021457,10.78267628327012,True,
2632,onnx_model_004,measure,13.70508664350612,13.705430384725332,13.716235974803567,10.805590078234673,True,
2633,onnx_model_007,measure,13.707103962931361,13.70769750373438,13.718825246673077,11.127742938697338,True,
2634,onnx_model_001,measure,13.710148662493422,13.711279442999512,13.722044315654784,10.764872655272484,True,
2635,onnx_model_001,measure,13.71753509074056,13.71845577377826,13.722240318078548,3.784544300287962,True,
2636,onnx_model_005,measure,13.72548997079194,13.726464096922427,13.737765789963305,11.30169304087758,True,
2637,onnx_model_006,measure,13.726995265473933,13.727927539031953,13.738945221994072,11.01768296211958,True,
2638,onnx_model_001,measure,13.727983026451476,13.728290267754346,13.739217930007726,10.927662253379822,True,
2639,onnx_model_003,measure,13.73041740916263,13.73072684975341,13.741526167839766,10.799318086355925,True,
2640,onnx_model_008,measure,13.733957885736261,13.734235059004277,13.745106633752584,10.871574748307467,True,
2641,onnx_model_006,measure,13.736042736687672,13.736688581760973,13.739075479097664,2.386897336691618,True,
2642,onnx_model_001,measure,13.736823187127868,13.73708794079721,13.739256052765995,2.1681119687855244,True,
2643,onnx_model_000,measure,13.736905137644031,13.737260108813643,13.74833293678239,11.072827968746424,True,
2644,onnx_model_005,measure,13.737035021634684,13.737883985042572,13.748671169858426,10.787184815853834,True,
2645,onnx_model_001,measure,13.74553180008793,13.746347862761468,13.757233755663037,10.885892901569605,True,
2646,onnx_model_003,measure,13.757562668145805,13.758454476017505,13.769445317797363,10.990841779857874,True,
2647,onnx_model_009,measure,13.76604609478072,13.766942510847002,13.777838622685522,10.896111838519573,True,
2648,onnx_model_008,measure,13.768820854903723,13.769543604925275,13.780454284977168,10.910680051892996,True,
2649,onnx_model_001,measure,13.771179302947157,13.771996036637574,13.78292184509337,10.92580845579505,True,
2650,onnx_model_005,measure,13.788048251648798,13.789162849076092,13.800981052685529,11.81820360943675,True,
2651,onnx_model_003,measure,13.78823295744568,13.789327821694314,13.801160604692996,11.832782998681068,True,
2652,onnx_model_005,measure,13.792746634619554,13.793850208632648,13.801247820723802,7.39761209115386,True,
2653,onnx_model_003,measure,13.794372669525533,13.795307478867471,13.801216821651906,5.909342784434557,True,
2654,onnx_model_009,measure,13.81580465363356,13.816483140923083,13.827517214696854,11.034073773771524,True,
2655,onnx_model_001,measure,13.82626657705753,13.82706210995093,13.838261658791453,11.199548840522766,True,
2656,onnx_model_009,measure,13.829055726819128,13.829742725007236,13.840611394960433,10.86866995319724,True,
2657,onnx_model_001,measure,13.835971341825774,13.836203065700829,13.838307545986027,2.1044802851974964,True,
2658,onnx_model_000,measure,13.83734949475248,13.837648232933134,13.848645195830613,10.996962897479534,True,
2659,onnx_model_005,measure,13.84276426379113,13.843834962695837,13.854776941705495,10.941979009658098,True,
2660,onnx_model_000,measure,13.851387098960126,13.851883402094245,13.862931402865797,11.048000771552324,True,
2661,onnx_model_004,measure,13.85964767791024,13.860002093948424,13.870967106893659,10.965012945234776,True,
2662,onnx_model_001,measure,13.860054576,13.860362358856946,13.871409177780151,11.046818923205137,True,
2663,onnx_model_007,measure,13.864969844671668,13.866156734060496,13.877093001734465,10.936267673969269,True,
2664,onnx_model_001,measure,13.86889811451041,13.86959945783019,13.871449183672667,1.8497258424758911,True,
2665,onnx_model_004,measure,13.879481658596566,13.880315788090229,13.89126911899075,10.953330900520086,True,
2666,onnx_model_000,measure,13.884244756206705,13.884761898778379,13.895796944852918,11.035046074539423,True,
2667,onnx_model_006,measure,13.902229266657443,13.903029503766447,13.914233370684087,11.20386691763997,True,
2668,onnx_model_002,measure,13.902679380774192,13.903221478685737,13.914347326848656,11.125848162919283,True,
2669,onnx_model_005,measure,13.91510506461343,13.915571765042841,13.926527429837734,10.955664794892073,True,
2670,onnx_model_004,measure,13.922006385342653,13.923020873684436,13.934029048774391,11.00817508995533,True,
2671,onnx_model_008,measure,13.926018803280549,13.926626247819513,13.937792012002319,11.165764182806015,True,
2672,onnx_model_007,measure,13.926176031923672,13.92678698292002,13.938314074650407,11.527091730386019,True,
2673,onnx_model_005,measure,13.929214741670721,13.930333063937724,13.941333082970232,11.000019032508135,True,
2674,onnx_model_009,measure,13.929878185251491,13.930498427711427,13.941485533025116,10.987105313688517,True,
2675,onnx_model_009,measure,13.935411125577122,13.936283283866942,13.941644915845245,5.361631978303194,True,
2676,onnx_model_007,measure,13.937706832885745,13.93800025805831,13.949127819854766,11.127561796456575,True,
2677,onnx_model_006,measure,13.937937558645032,13.938463518861681,13.949334472883493,10.870954021811485,True,
2678,onnx_model_007,measure,13.943936767221063,13.944907116703689,13.94929305370897,4.385937005281448,True,
2679,onnx_model_009,measure,13.949134979535962,13.94947111280635,13.96042674779892,10.955634992569685,True,
2680,onnx_model_002,measure,13.95471430872808,13.955949516966939,13.966876327060163,10.926810093224049,True,
2681,onnx_model_006,measure,13.979803400490837,13.981110143940896,13.992208379786462,11.098235845565796,True,
2682,onnx_model_001,measure,13.981111767060925,13.981536784674972,13.992553255986422,11.016471311450005,True,
2683,onnx_model_007,measure,14.004074785664997,14.004793303087354,14.01577905472368,10.985751636326313,True,
2684,onnx_model_008,measure,14.011788585034864,14.012289552018046,14.023259934969246,10.970382951200008,True,
2685,onnx_model_006,measure,14.020680118091546,14.021099297795445,14.032138261944056,11.03896414861083,True,
2686,onnx_model_002,measure,14.023943047141925,14.024497136939317,14.035831843037158,11.334706097841263,True,
2687,onnx_model_003,measure,14.024634979770147,14.024897417984903,14.035994150675833,11.096732690930367,True,
2688,onnx_model_002,measure,14.027222518650388,14.02835062192753,14.035894250962883,7.543629035353661,True,
2689,onnx_model_000,measure,14.027953991901134,14.028518730774522,14.039571301080287,11.052570305764675,True,
2690,onnx_model_001,measure,14.03451203051799,14.035372078884393,14.046629507094622,11.257428210228682,True,
2691,onnx_model_009,measure,14.036303493369358,14.0372190088965,14.048335961066186,11.116952169686556,True,
2692,onnx_model_005,measure,14.040132326598025,14.040793694090098,14.051719131879508,10.925437789410353,True,
2693,onnx_model_000,measure,14.045267399320304,14.04625358292833,14.0572171327658,10.963549837470055,True,
2694,onnx_model_009,measure,14.047227534519624,14.047937894705683,14.058893759734929,10.955865029245615,True,
2695,onnx_model_008,measure,14.04919507480794,14.049563634674996,14.060556920710951,10.993286035954952,True,
2696,onnx_model_002,measure,14.049900079891696,14.051010735798627,14.061796227004379,10.785491205751896,True,
2697,onnx_model_008,measure,14.051846776141591,14.052957465872169,14.060672040097415,7.714574225246906,True,
2698,onnx_model_001,measure,14.051875764223293,14.053124202881008,14.06443653581664,11.312332935631275,True,
2699,onnx_model_004,measure,14.057217354542136,14.057388839777559,14.068509608041495,11.120768263936043,True,
2700,onnx_model_003,measure,14.063364832572661,14.064020484685898,14.075064968783408,11.044484097510576,True,
2701,onnx_model_007,measure,14.065160697926974,14.065661423839629,14.076766402926296,11.1049790866673,True,
2702,onnx_model_003,measure,14.068267445637256,14.06860792497173,14.075177764054388,6.569839082658291,True,
2703,onnx_model_009,measure,14.075190631252429,14.076398633886129,14.087413291912526,11.014658026397228,True,
2704,onnx_model_000,measure,14.084953521420921,14.087029362097383,14.098123040050268,11.093677952885628,True,
2705,onnx_model_006,measure,14.090123410520762,14.090641939081252,14.101656315848231,11.014376766979694,True,
2706,onnx_model_003,measure,14.097225578492603,14.098221656866372,14.109240531921387,11.018875055015087,True,
2707,onnx_model_008,measure,14.103487929569052,14.103899689856917,14.1149447648786,11.04507502168417,True,
2708,onnx_model_001,measure,14.106096478173425,14.106351641006768,14.117209841031581,10.858200024813414,True,
2709,onnx_model_005,measure,14.107162209654927,14.10779119702056,14.118919089902192,11.127892881631851,True,
2710,onnx_model_005,measure,14.11366609553763,14.114474150817841,14.118974204640836,4.500053822994232,True,
2711,onnx_model_006,measure,14.118519167631174,14.119073553942144,14.130048645660281,10.975091718137264,True,
2712,onnx_model_004,measure,14.12297084279984,14.123542728833854,14.134607912041247,11.065183207392693,True,
2713,onnx_model_001,measure,14.12411166528863,14.125003024935722,14.135776964016259,10.773939080536366,True,
2714,onnx_model_004,measure,14.128930075455576,14.129443706013262,14.134728661738336,5.284955725073814,True,
2715,onnx_model_002,measure,14.130693913918169,14.131272351834923,14.142267311923206,10.994960088282824,True,
2716,onnx_model_009,measure,14.134576119370731,14.13488107174635,14.145790047943592,10.908976197242737,True,
2717,onnx_model_008,measure,14.139855407166785,14.141010612715036,14.152026071678847,11.015458963811398,True,
2718,onnx_model_006,measure,14.142016833642584,14.142363314051181,14.153358263894916,10.994949843734503,True,
2719,onnx_model_005,measure,14.14865391353105,14.14902451587841,14.16006651474163,11.041998863220215,True,
2720,onnx_model_004,measure,14.158382786146568,14.159582765772939,14.170536356978118,10.953591205179691,True,
2721,onnx_model_002,measure,14.161004461597942,14.161287596914917,14.172149893827736,10.862296912819147,True,
2722,onnx_model_003,measure,14.164822242205483,14.165764396078885,14.176760768983513,10.996372904628515,True,
2723,onnx_model_005,measure,14.168843798200237,14.169236826710403,14.180145201738924,10.908375028520823,True,
2724,onnx_model_003,measure,14.174867902017173,14.175371327903122,14.176905653905123,1.5343260020017624,True,
2725,onnx_model_007,measure,14.17836123700724,14.179126916918904,14.19005181407556,10.924897156655788,True,
2726,onnx_model_008,measure,14.191378815553923,14.192278465721756,14.203349750954658,11.071285232901573,True,
2727,onnx_model_005,measure,14.191873944055255,14.192441675812006,14.203475289978087,11.033614166080952,True,
2728,onnx_model_000,measure,14.199916834067523,14.20099012600258,14.211902267765254,10.912141762673855,True,
2729,onnx_model_002,measure,14.207999448585811,14.208701323717833,14.21970151271671,11.000188998878002,True,
2730,onnx_model_006,measure,14.208142569610938,14.208901233971119,14.219893127679825,10.991893708705902,True,
2731,onnx_model_008,measure,14.216457129410644,14.217130896635354,14.228182614780962,11.051718145608902,True,
2732,onnx_model_007,measure,14.222097280010825,14.22312065307051,14.23435104964301,11.230396572500467,True,
2733,onnx_model_003,measure,14.222377088743606,14.223285185638815,14.234394111670554,11.10892603173852,True,
2734,onnx_model_002,measure,14.22352653768845,14.223724169656634,14.2345553888008,10.831219144165516,True,
2735,onnx_model_001,measure,14.22390745347679,14.224108540918678,14.234997218940407,10.888678021728992,True,
2736,onnx_model_009,measure,14.236860043886029,14.23722481308505,14.248273674864322,11.048861779272556,True,
2737,onnx_model_006,measure,14.2406563819627,14.241682666819543,14.252892263699323,11.209596879780293,True,
2738,onnx_model_007,measure,14.240808815235964,14.241846547927707,14.253350304905325,11.50375697761774,True,
2739,onnx_model_000,measure,14.242066085990528,14.242310239933431,14.253467217087746,11.156977154314518,True,
2740,onnx_model_009,measure,14.245929519710508,14.246745279990137,14.248384295031428,1.6390150412917137,True,
2741,onnx_model_001,measure,14.250989323920521,14.251611639745533,14.262498484924436,10.88684517890215,True,
2742,onnx_model_007,measure,14.251853497651473,14.252992434892803,14.264106530696154,11.11409580335021,True,
2743,onnx_model_002,measure,14.262689643094234,14.263722822070122,14.274662175681442,10.939353611320257,True,
2744,onnx_model_000,measure,14.264806733359213,14.26533169997856,14.276364992838353,11.03329285979271,True,
2745,onnx_model_008,measure,14.272179573959212,14.272785177920014,14.283949580043554,11.16440212354064,True,
2746,onnx_model_007,measure,14.272243625385613,14.272980059031397,14.284527708776295,11.54764974489808,True,
2747,onnx_model_007,measure,14.276170027262214,14.276461916975677,14.284562354907393,8.100437931716442,True,
2748,onnx_model_008,measure,14.276307655100462,14.276820598635823,14.284480408765376,7.65981012955308,True,
2749,onnx_model_004,measure,14.277775573035507,14.278279873076826,14.289441909641027,11.162036564201117,True,
2750,onnx_model_000,measure,14.28093285351427,14.281843387056142,14.29275472695008,10.911339893937111,True,
2751,onnx_model_000,measure,14.283708471141418,14.284049649722874,14.292925100773573,8.875451050698757,True,
2752,onnx_model_009,measure,14.2876576233199,14.28881086083129,14.299974370747805,11.163509916514158,True,
2753,onnx_model_000,measure,14.288440746819097,14.289004479069263,14.292963754851371,3.959275782108307,True,
2754,onnx_model_009,measure,14.293399313915033,14.294185877777636,14.3000203887932,5.834511015564203,True,
2755,onnx_model_002,measure,14.303408342827833,14.304244206752628,14.31512369774282,10.879490990191698,True,
2756,onnx_model_004,measure,14.31020414056561,14.310686643701047,14.32171005802229,11.023414321243763,True,
2757,onnx_model_004,measure,14.313379228554718,14.314159664791077,14.321822280995548,7.662616204470396,True,
2758,onnx_model_001,measure,14.315692605796155,14.316344638820738,14.327419580891728,11.0749420709908,True,
2759,onnx_model_003,measure,14.32658224242316,14.327044568024576,14.33799835992977,10.953791905194521,True,
2760,onnx_model_006,measure,14.328423181589534,14.328642334789038,14.339524469804019,10.882135014981031,True,
2761,onnx_model_000,measure,14.330555404934914,14.331096990965307,14.341916747856885,10.819756891578436,True,
2762,onnx_model_009,measure,14.333942054150508,14.334532531909645,14.345502384006977,10.969852097332478,True,
2763,onnx_model_005,measure,14.336209796350039,14.336989280767739,14.348107504658401,11.118223890662193,True,
2764,onnx_model_004,measure,14.344233706544482,14.345138130709529,14.35619919700548,11.061066295951605,True,
2765,onnx_model_009,measure,14.347440690057716,14.347730247769505,14.358575803693384,10.845555923879147,True,
2766,onnx_model_004,measure,14.350860751765895,14.351332616060972,14.356316579971462,4.983963910490274,True,
2767,onnx_model_006,measure,14.359564512641041,14.359794560819864,14.37081939773634,11.024836916476488,True,
2768,onnx_model_009,measure,14.36706402398545,14.368260133080184,14.379152016714215,10.891883634030819,True,
2769,onnx_model_006,measure,14.370623734653433,14.370937992818654,14.381775964982808,10.837972164154053,True,
2770,onnx_model_004,measure,14.37336526469099,14.374406596645713,14.385224519763142,10.817923117429018,True,
2771,onnx_model_003,measure,14.383302559176125,14.384012846741825,14.3949208506383,10.908003896474838,True,
2772,onnx_model_005,measure,14.388368807735606,14.389447947964072,14.400387241970748,10.939294006675482,True,
2773,onnx_model_000,measure,14.396398136486354,14.397172742057592,14.408075866755098,10.903124697506428,True,
2774,onnx_model_007,measure,14.405909899025504,14.406610060948879,14.417525619734079,10.915558785200119,True,
2775,onnx_model_003,measure,14.408672983639807,14.409325231797993,14.420245389919728,10.920158121734858,True,
2776,onnx_model_006,measure,14.409221987042361,14.409693351946771,14.420623678714037,10.930326767265797,True,
2777,onnx_model_001,measure,14.415933153804284,14.417150327004492,14.427993036806583,10.842709802091122,True,
2778,onnx_model_009,measure,14.423200915473645,14.42384433094412,14.434757574927062,10.913243982940912,True,
2779,onnx_model_005,measure,14.425551207038803,14.426331087946892,14.437198224943131,10.867136996239424,True,
2780,onnx_model_006,measure,14.425787123093293,14.426498075015843,14.437348950654268,10.85087563842535,True,
2781,onnx_model_006,measure,14.430727653814,14.431220272090286,14.437386421952397,6.166149862110615,True,
2782,onnx_model_005,measure,14.456332164237253,14.456569716800004,14.467488481663167,10.918764863163233,True,
2783,onnx_model_002,measure,14.45893682564282,14.459902002010494,14.470569299068302,10.667297057807446,True,
2784,onnx_model_006,measure,14.46644600359046,14.467204723041505,14.477865697816014,10.660974774509668,True,
2785,onnx_model_008,measure,14.486130000157651,14.488162359688431,14.499332122970372,11.169763281941414,True,
2786,onnx_model_004,measure,14.48715239838801,14.488352291751653,14.499419088009745,11.066796258091927,True,
2787,onnx_model_008,measure,14.489883361198757,14.490975758060813,14.499382618814707,8.406860753893852,True,
2788,onnx_model_004,measure,14.491246008870178,14.49257990764454,14.499522193800658,6.942286156117916,True,
2789,onnx_model_001,measure,14.492132157712614,14.492754660081118,14.503716066014022,10.96140593290329,True,
2790,onnx_model_001,measure,14.495681180352408,14.496312271803617,14.503760531079024,7.448259275406599,True,
2791,onnx_model_001,measure,14.499426078440214,14.499680684879422,14.503791969735175,4.111284855753183,True,
2792,onnx_model_002,measure,14.504660118185129,14.505016718059778,14.515878224745393,10.861506685614586,True,
2793,onnx_model_007,measure,14.505399453366206,14.506463408004493,14.517377814743668,10.91440673917532,True,
2794,onnx_model_009,measure,14.514196724286641,14.514921385794878,14.525798220653087,10.876834858208895,True,
2795,onnx_model_008,measure,14.520174220638335,14.520599288865924,14.531602093018591,11.002804152667522,True,
2796,onnx_model_006,measure,14.527661111168348,14.528025354724377,14.53906830586493,11.04295114055276,True,
2797,onnx_model_009,measure,14.52934865974161,14.530472516082227,14.541396270971745,10.923754889518023,True,
2798,onnx_model_009,measure,14.531788257425001,14.532823604997247,14.54143506474793,8.611459750682116,True,
2799,onnx_model_006,measure,14.549332865160352,14.549660389777273,14.561047304887325,11.386915110051632,True,
2800,onnx_model_008,measure,14.54943681031146,14.549823409877717,14.560833287891,11.009878013283014,True,
2801,onnx_model_006,measure,14.551444326020414,14.55236550187692,14.561087230686098,8.721728809177876,True,
2802,onnx_model_007,measure,14.554238783632101,14.554840886965394,14.565849913749844,11.009026784449816,True,
2803,onnx_model_005,measure,14.559597567797034,14.560323528945446,14.571280125994235,10.956597048789263,True,
2804,onnx_model_003,measure,14.561923560088912,14.562304655089974,14.573209142778069,10.904487688094378,True,
2805,onnx_model_008,measure,14.563416132497474,14.563781371805817,14.57467786502093,10.896493215113878,True,
2806,onnx_model_002,measure,14.574338956671154,14.574774748645723,14.58573378995061,10.959041304886341,True,
2807,onnx_model_002,measure,14.579547949192175,14.580247531645,14.585847205948085,5.599674303084612,True,
2808,onnx_model_008,measure,14.580206625423997,14.580605322029442,14.591358792968094,10.753470938652754,True,
2809,onnx_model_005,measure,14.583811506417135,14.584045530762523,14.594830541871488,10.785011108964682,True,
2810,onnx_model_003,measure,14.593013521057761,14.593585656024516,14.604918627999723,11.332971975207329,True,
2811,onnx_model_008,measure,14.593241972967975,14.593751570675522,14.604736691806465,10.985121130943298,True,
2812,onnx_model_003,measure,14.598187986434322,14.599055313039571,14.604958533775061,5.903220735490322,True,
2813,onnx_model_004,measure,14.599414029940919,14.600502332672477,14.611338410992175,10.836078319698572,True,
2814,onnx_model_001,measure,14.602001922459367,14.602974502835423,14.613815048709512,10.840545874089003,True,
2815,onnx_model_007,measure,14.603097246864655,14.603364182636142,14.614287176635116,10.922993998974562,True,
2816,onnx_model_002,measure,14.613902984261355,14.61438432103023,14.625276284758002,10.891963727772236,True,
2817,onnx_model_000,measure,14.627510375787601,14.628503549844027,14.639481768012047,10.978218168020248,True,
2818,onnx_model_008,measure,14.639268392198575,14.639580304734409,14.650618877727538,11.038572993129492,True,
2819,onnx_model_000,measure,14.641191338372268,14.642025582958013,14.65305211301893,11.026530060917139,True,
2820,onnx_model_001,measure,14.647619426601207,14.648466225713491,14.659301792737097,10.835567023605108,True,
2821,onnx_model_006,measure,14.664526663765816,14.665531975682825,14.676525111775845,10.99313609302044,True,
2822,onnx_model_007,measure,14.666728673354843,14.667005486786366,14.678117097821087,11.111611034721136,True,
2823,onnx_model_006,measure,14.67733430866503,14.677746423985809,14.688813521061093,11.067097075283527,True,
2824,onnx_model_000,measure,14.678811751467553,14.679340864997357,14.690350121818483,11.009256821125746,True,
2825,onnx_model_004,measure,14.69422355075933,14.694570062682033,14.705499558709562,10.92949602752924,True,
2826,onnx_model_008,measure,14.697351411625776,14.698011053726077,14.708987117744982,10.976064018905163,True,
2827,onnx_model_007,measure,14.702409402008776,14.703445164021105,14.71431495482102,10.86979079991579,True,
2828,onnx_model_000,measure,14.7033794976857,14.703796651680022,14.714750352781266,10.953701101243496,True,
2829,onnx_model_003,measure,14.717545445076492,14.717985932715237,14.72902962565422,11.04369293898344,True,
2830,onnx_model_007,measure,14.721271152690981,14.722429249901325,14.73351712571457,11.087875813245773,True,
2831,onnx_model_005,measure,14.730141159622843,14.731256389059126,14.742286224849522,11.029835790395737,True,
2832,onnx_model_002,measure,14.73270654648479,14.733614020049572,14.744660467840731,11.046447791159153,True,
2833,onnx_model_006,measure,14.734209029101565,14.735165358986706,14.746129710692912,10.964351706206799,True,
2834,onnx_model_006,measure,14.73761293335548,14.73860173067078,14.74625043105334,7.648700382560492,True,
2835,onnx_model_009,measure,14.746375755817093,14.74747052974999,14.758504513651133,11.033983901143074,True,
2836,onnx_model_007,measure,14.75042289450878,14.75096278777346,14.762093876954168,11.131089180707932,True,
2837,onnx_model_003,measure,14.754624439425339,14.755409430712461,14.766537903808057,11.128473095595837,True,
2838,onnx_model_007,measure,14.754876103660733,14.755574273876846,14.762556695844978,6.9824219681322575,True,
2839,onnx_model_008,measure,14.75690734031379,14.758114783093333,14.769170518033206,11.055734939873219,True,
2840,onnx_model_000,measure,14.761911337720948,14.762205509003252,14.773364420048892,11.158911045640707,True,
2841,onnx_model_004,measure,14.769757962746827,14.77040592674166,14.781415924895555,11.00999815389514,True,
2842,onnx_model_000,measure,14.770574018399548,14.770775518845767,14.773478146642447,2.702627796679735,True,
2843,onnx_model_000,measure,14.777270698996231,14.777699090074748,14.788653512950987,10.954422876238823,True,
2844,onnx_model_004,measure,14.784446459238328,14.78564839065075,14.79684455273673,11.196162085980177,True,
2845,onnx_model_009,measure,14.785415110736134,14.785812322050333,14.797008454799652,11.196132749319077,True,
2846,onnx_model_006,measure,14.788537623560337,14.788798118010163,14.799844556022435,11.04643801227212,True,
2847,onnx_model_001,measure,14.789638095739887,14.790274143684655,14.801490794867277,11.216651182621717,True,
2848,onnx_model_008,measure,14.789680549417245,14.79044137103483,14.801530580967665,11.08920993283391,True,
2849,onnx_model_005,measure,14.797201391864515,14.798253261018544,14.80938016064465,11.126899626106024,True,
2850,onnx_model_000,measure,14.804010453904716,14.80479790084064,14.815919501706958,11.121600866317749,True,
2851,onnx_model_002,measure,14.80819995828481,14.809501812793314,14.820538270752877,11.03645795956254,True,
2852,onnx_model_004,measure,14.814476170935688,14.815055168699473,14.826149126980454,11.093958280980587,True,
2853,onnx_model_005,measure,14.824282823253837,14.824814739637077,14.836300172843039,11.485433205962181,True,
2854,onnx_model_001,measure,14.83432237345791,14.83643360575661,14.847518987953663,11.08538219705224,True,
2855,onnx_model_006,measure,14.84528785754806,14.84694886393845,14.858031190000474,11.08232606202364,True,
2856,onnx_model_007,measure,14.854763150180917,14.855753710959107,14.866700700018555,10.946989059448242,True,
2857,onnx_model_004,measure,14.85797770895174,14.85819468088448,14.869138523936272,10.943843051791191,True,
2858,onnx_model_000,measure,14.859819215102988,14.860667320899665,14.871847152709961,11.179831810295582,True,
2859,onnx_model_009,measure,14.864307118434194,14.865158007014543,14.875966493040323,10.80848602578044,True,
2860,onnx_model_008,measure,14.8699735223384,14.870362861081958,14.881356938742101,10.994077660143375,True,
2861,onnx_model_000,measure,14.870496682002837,14.870734767988324,14.872322787065059,1.5880190767347813,True,
2862,onnx_model_003,measure,14.871520365163937,14.871969935949892,14.88280239701271,10.832461062818766,True,
2863,onnx_model_000,measure,14.87330600152874,14.873550469987094,14.88431163597852,10.761165991425514,True,
2864,onnx_model_007,measure,14.897957488871242,14.898541864939034,14.909945663064718,11.403798125684261,True,
2865,onnx_model_001,measure,14.905764051080975,14.906052150763571,14.917045888956636,10.993738193064928,True,
2866,onnx_model_005,measure,14.90862270284325,14.909582261927426,14.92090902198106,11.326760053634644,True,
2867,onnx_model_000,measure,14.919353611750118,14.920275056734681,14.931357152760029,11.08209602534771,True,
2868,onnx_model_002,measure,14.91962553335873,14.920442565809935,14.931899053044617,11.456487234681845,True,
2869,onnx_model_005,measure,14.920653622415934,14.9210438686423,14.932050019968301,11.00615132600069,True,
2870,onnx_model_006,measure,14.924011919126643,14.924489367753267,14.935493024997413,11.00365724414587,True,
2871,onnx_model_007,measure,14.92459318822489,14.924846888054162,14.936109225731343,11.262337677180767,True,
2872,onnx_model_002,measure,14.929492925551067,14.930455728899688,14.931948927696794,1.4931987971067429,True,
2873,onnx_model_006,measure,14.931175351157457,14.931455028709024,14.936064149718732,4.609121009707451,True,
2874,onnx_model_000,measure,14.935253033553687,14.935603233985603,14.946641716640443,11.038482654839754,True,
2875,onnx_model_005,measure,14.93746105884106,14.93834325298667,14.949411882087588,11.06862910091877,True,
2876,onnx_model_000,measure,14.938124772207768,14.938510750886053,14.94734921073541,8.838459849357605,True,
2877,onnx_model_009,measure,14.941041067798443,14.94203835586086,14.953014570754021,10.97621489316225,True,
2878,onnx_model_007,measure,14.944308864675978,14.945475338958204,14.956333620008081,10.858281049877405,True,
2879,onnx_model_008,measure,14.946013893814223,14.94673975277692,14.957903062924743,11.163310147821903,True,
2880,onnx_model_003,measure,14.946341769876536,14.946920315735042,14.957948548719287,11.028232984244823,True,
2881,onnx_model_001,measure,14.950591223676229,14.951655596960336,14.962796914856881,11.141317896544933,True,
2882,onnx_model_009,measure,14.950636497274369,14.951844976749271,14.95313005009666,1.285073347389698,True,
2883,onnx_model_008,measure,14.957353144977928,14.958044180646539,14.968994315713644,10.950135067105293,True,
2884,onnx_model_008,measure,14.9714074654835,14.972235045861453,14.983085110783577,10.850064922124147,True,
2885,onnx_model_003,measure,14.97271641017927,14.973709067795426,14.984490792732686,10.781724937260151,True,
2886,onnx_model_004,measure,14.97425174981603,14.975184753071517,14.986128254793584,10.943501722067595,True,
2887,onnx_model_006,measure,14.975317302045417,14.975629227701575,14.986437853891402,10.808626189827919,True,
2888,onnx_model_000,measure,14.984799736439038,14.985717264004052,14.99663326377049,10.9159997664392,True,
2889,onnx_model_001,measure,14.987583041624607,14.988662101794034,14.99990217667073,11.240074876695871,True,
2890,onnx_model_000,measure,14.990424245739312,14.991133017931134,14.996744584757835,5.611566826701164,True,
2891,onnx_model_003,measure,14.995300097956434,14.995572437066585,15.006264470983297,10.692033916711807,True,
2892,onnx_model_006,measure,14.997833683722012,14.999009860679507,15.01014958601445,11.13972533494234,True,
2893,onnx_model_008,measure,14.998257458275408,14.99917610688135,15.010276056826115,11.099949944764376,True,
2894,onnx_model_000,measure,14.99847126428449,14.999324128963053,15.010390874929726,11.066745966672897,True,
2895,onnx_model_006,measure,15.00878514597338,15.009484802838415,15.020382117014378,10.897314175963402,True,
2896,onnx_model_007,measure,15.015846190777683,15.016612330917269,15.027543419972062,10.93108905479312,True,
2897,onnx_model_003,measure,15.016706594810545,15.01699426677078,15.027806580066681,10.812313295900822,True,
2898,onnx_model_002,measure,15.021814009222291,15.022603960707784,15.033453254029155,10.849293321371078,True,
2899,onnx_model_001,measure,15.059994422193505,15.060703802853823,15.071744910907,11.041108053177595,True,
2900,onnx_model_008,measure,15.065141255962375,15.066206241957843,15.077143923845142,10.937681887298822,True,
2901,onnx_model_006,measure,15.078800016381127,15.079383059870452,15.090383138973266,11.000079102814198,True,
2902,onnx_model_007,measure,15.086378306239238,15.08683303091675,15.097894046921283,11.061016004532576,True,
2903,onnx_model_002,measure,15.09566194215181,15.096608752850443,15.107485227752477,10.876474902033806,True,
2904,onnx_model_007,measure,15.109288685206417,15.109720726963133,15.120627549942583,10.906822979450226,True,
2905,onnx_model_002,measure,15.117906853956944,15.118185126688331,15.129104933701456,10.919807013124228,True,
2906,onnx_model_004,measure,15.122513790030661,15.122849783860147,15.134212562814355,11.362778954207897,True,
2907,onnx_model_004,measure,15.124548300906076,15.125313556753099,15.134259471669793,8.945914916694164,True,
2908,onnx_model_000,measure,15.12592976181816,15.126751029863954,15.137761598918587,11.010569054633379,True,
2909,onnx_model_008,measure,15.12646543581088,15.126933305989951,15.13790343888104,10.970132891088724,True,
2910,onnx_model_002,measure,15.130857651288178,15.131334742996842,15.142222127877176,10.887384880334139,True,
2911,onnx_model_006,measure,15.132877251229084,15.133786763995886,15.144728862680495,10.942098684608936,True,
2912,onnx_model_009,measure,15.135900679473314,15.136485412716866,15.147315228823572,10.829816106706858,True,
2913,onnx_model_005,measure,15.14528912299458,15.145963971037418,15.157012582756579,11.048611719161272,True,
2914,onnx_model_006,measure,15.145306224833686,15.146132460795343,15.157139253802598,11.0067930072546,True,
2915,onnx_model_001,measure,15.147891538991871,15.148542982991785,15.15963469678536,11.091713793575764,True,
2916,onnx_model_002,measure,15.148077294538423,15.148708347696811,15.159746610093862,11.038262397050858,True,
2917,onnx_model_009,measure,15.157212833064513,15.158363410737365,15.169401682913303,11.038272175937891,True,
2918,onnx_model_002,measure,15.157758521473472,15.158528573811054,15.159883729647845,1.3551558367908,True,
2919,onnx_model_009,measure,15.16844128657126,15.169519366696477,15.180640676058829,11.121309362351894,True,
2920,onnx_model_004,measure,15.168457841221416,15.169684419874102,15.180820948909968,11.13652903586626,True,
2921,onnx_model_008,measure,15.172138618963148,15.173263133037835,15.184164084028453,10.900950990617275,True,
2922,onnx_model_003,measure,15.174432351580533,15.174709010869265,15.185659877024591,10.950866155326366,True,
2923,onnx_model_001,measure,15.177840945310797,15.178166342899203,15.189096679911017,10.930337011814117,True,
2924,onnx_model_002,measure,15.182153067013225,15.18304498679936,15.194021010771394,10.976023972034454,True,
2925,onnx_model_000,measure,15.18744884741871,15.187918389681727,15.198989214841276,11.070825159549713,True,
2926,onnx_model_000,measure,15.192590404950156,15.19332771282643,15.199458556715399,6.130843888968229,True,
2927,onnx_model_006,measure,15.195175276229499,15.196251630783081,15.207376217003912,11.124586220830679,True,
2928,onnx_model_008,measure,15.195839208219276,15.196416513994336,15.207835008855909,11.41849486157298,True,
2929,onnx_model_001,measure,15.198546816142649,15.199108029715717,15.210140911862254,11.032882146537304,True,
2930,onnx_model_004,measure,15.206706885493105,15.207491676788777,15.218466809019446,10.97513223066926,True,
2931,onnx_model_006,measure,15.221857019201472,15.22269625775516,15.233703942038119,11.007684282958508,True,
2932,onnx_model_008,measure,15.22465448954381,15.225163337774575,15.236039591953158,10.876254178583622,True,
2933,onnx_model_006,measure,15.225582099056806,15.226606881711632,15.233815154060721,7.208272349089384,True,
2934,onnx_model_007,measure,15.2416260514205,15.242264644708484,15.253448513802141,11.18386909365654,True,
2935,onnx_model_007,measure,15.241893757632981,15.242427544668317,15.25395668996498,11.529145296663046,True,
2936,onnx_model_008,measure,15.245228983807703,15.245961192063987,15.256992630660534,11.03143859654665,True,
2937,onnx_model_007,measure,15.247771539569296,15.248422651086003,15.254003229085356,5.580577999353409,True,
2938,onnx_model_008,measure,15.253243884522185,15.253547633066773,15.257097289897501,3.549656830728054,True,
2939,onnx_model_006,measure,15.268682682530843,15.269320914987475,15.280279976781458,10.959061793982983,True,
2940,onnx_model_000,measure,15.269556125439513,15.270763436798006,15.281731495633721,10.968058835715055,True,
2941,onnx_model_005,measure,15.271947489990845,15.272226158063859,15.28309685178101,10.87069371715188,True,
2942,onnx_model_006,measure,15.29068947702875,15.291314742993563,15.302341422997415,11.026680003851652,True,
2943,onnx_model_004,measure,15.292082197114112,15.292759519070387,15.303961703088135,11.20218401774764,True,
2944,onnx_model_003,measure,15.293166719316428,15.294204605743289,15.305133329704404,10.928723961114883,True,
2945,onnx_model_004,measure,15.294557608956273,15.295665503013879,15.304002940654755,8.337437640875578,True,
2946,onnx_model_005,measure,15.296375206286317,15.297118975780904,15.307998626958579,10.879651177674532,True,
2947,onnx_model_000,measure,15.312072726495659,15.313220893032849,15.32429043482989,11.069541797041893,True,
2948,onnx_model_007,measure,15.313686011988528,15.314670118037611,15.325900204945356,11.230086907744408,True,
2949,onnx_model_005,measure,15.314491412509788,15.314835872966796,15.32603502087295,11.199147906154394,True,
2950,onnx_model_003,measure,15.314621833383905,15.31529002590105,15.326150279957801,10.860254056751728,True,
2951,onnx_model_006,measure,15.316301976760526,15.316723039839417,15.327740503009409,11.01746316999197,True,
2952,onnx_model_004,measure,15.320004808403501,15.321181895677,15.332134915981442,10.953020304441452,True,
2953,onnx_model_004,measure,15.321309172455072,15.321559022646397,15.332253901753575,10.694879107177258,True,
2954,onnx_model_009,measure,15.321406341389478,15.321723896078765,15.332616400904953,10.892504826188087,True,
2955,onnx_model_004,measure,15.323966825832589,15.324390654917806,15.332355815917253,7.965160999447107,True,
2956,onnx_model_001,measure,15.326408256630199,15.327369316946715,15.338278704788536,10.909387841820717,True,
2957,onnx_model_007,measure,15.339563369950229,15.340502582024783,15.35161173902452,11.109156999737024,True,
2958,onnx_model_007,measure,15.34260241420042,15.342973859980702,15.351721747778356,8.747887797653675,True,
2959,onnx_model_009,measure,15.346053849149758,15.346412926912308,15.357287717983127,10.874791070818901,True,
2960,onnx_model_004,measure,15.34994800179953,15.35085272602737,15.361833939794451,10.981213767081499,True,
2961,onnx_model_000,measure,15.354745125817708,15.355957138817757,15.366879279725254,10.922140907496214,True,
2962,onnx_model_009,measure,15.364296754666693,15.36505782790482,15.37601585779339,10.958029888570309,True,
2963,onnx_model_003,measure,15.3695573490229,15.370106374844909,15.381123105995357,11.016731150448322,True,
2964,onnx_model_008,measure,15.379717844497556,15.380246099084616,15.391463791951537,11.217692866921425,True,
2965,onnx_model_006,measure,15.379942359986327,15.380411322694272,15.391509438864887,11.098116170614958,True,
2966,onnx_model_003,measure,15.38212544224693,15.382356750778854,15.393499381840229,11.142631061375141,True,
2967,onnx_model_000,measure,15.382188390564409,15.38251972105354,15.393658954650164,11.139233596622944,True,
2968,onnx_model_007,measure,15.390744883584594,15.391040797811002,15.402009387966245,10.968590155243874,True,
2969,onnx_model_005,measure,15.392028202644813,15.39273035991937,15.403509549796581,10.779189877212048,True,
2970,onnx_model_003,measure,15.393447118575615,15.393753363750875,15.404624508693814,10.871144942939281,True,
2971,onnx_model_004,measure,15.39636863414473,15.397218140773475,15.408051492646337,10.833351872861385,True,
2972,onnx_model_006,measure,15.412470256000441,15.413275883998722,15.424377776682377,11.101892683655024,True,
2973,onnx_model_006,measure,15.413575610407843,15.414719918742776,15.424489218741655,9.769299998879433,True,
2974,onnx_model_001,measure,15.415963560437811,15.417182779870927,15.428300654049963,11.117874179035425,True,
2975,onnx_model_004,measure,15.416161564741648,15.41734807472676,15.428497938904911,11.149864178150892,True,
2976,onnx_model_001,measure,15.417079895514956,15.41777169983834,15.42853709263727,10.765392798930407,True,
2977,onnx_model_002,measure,15.420581731668992,15.421240062918514,15.432053597643971,10.81353472545743,True,
2978,onnx_model_006,measure,15.432977761326933,15.433279647957534,15.444261183030903,10.981535073369741,True,
2979,onnx_model_000,measure,15.436242639691002,15.436731729656458,15.447739614639431,11.007884982973337,True,
2980,onnx_model_008,measure,15.44291918301499,15.443185758776963,15.454003370832652,10.817612055689096,True,
2981,onnx_model_004,measure,15.44378150330982,15.444359258748591,15.45522234775126,10.863089002668858,True,
2982,onnx_model_000,measure,15.444586590766441,15.444782733917236,15.447852368932217,3.0696350149810314,True,
2983,onnx_model_000,measure,15.451144019778516,15.452097469009459,15.462948224041611,10.850755032151937,True,
2984,onnx_model_006,measure,15.459252333325894,15.460441438946873,15.47134817065671,10.906731709837914,True,
2985,onnx_model_009,measure,15.474663262789695,15.475568813737482,15.48838779097423,12.818977236747742,True,
2986,onnx_model_002,measure,15.47683220015353,15.478012478910387,15.489077893085778,11.065414175391197,True,
2987,onnx_model_002,measure,15.478059481919168,15.47838056879118,15.489124541636556,10.743972845375538,True,
2988,onnx_model_000,measure,15.48134245838162,15.481815377715975,15.492742598988116,10.927221272140741,True,
2989,onnx_model_007,measure,15.485224967600065,15.486300884746015,15.497566889971495,11.266005225479603,True,
2990,onnx_model_001,measure,15.485961649180888,15.486486396752298,15.499586408957839,13.100012205541134,True,
2991,onnx_model_004,measure,15.486412759130141,15.488489395007491,15.499728428665549,11.239033658057451,True,
2992,onnx_model_007,measure,15.492766616003117,15.493990642018616,15.49769252864644,3.7018866278231144,True,
2993,onnx_model_001,measure,15.493295986818234,15.494155755732208,15.4996321760118,5.476420279592276,True,
2994,onnx_model_006,measure,15.496255024703679,15.496687307953835,15.507572678849101,10.885370895266533,True,
2995,onnx_model_006,measure,15.497775634809004,15.498940411023796,15.507690672762692,8.75026173889637,True,
2996,onnx_model_003,measure,15.497799916280869,15.499104542657733,15.510089193005115,10.98465034738183,True,
2997,onnx_model_009,measure,15.521083469175464,15.521320071071386,15.532313577830791,10.993506759405136,True,
2998,onnx_model_007,measure,15.522685827741734,15.523778995033354,15.534773153718561,10.994158685207367,True,
2999,onnx_model_008,measure,15.525387610046847,15.526264219079167,15.537208562716842,10.944343637675047,True,
3000,onnx_model_000,measure,15.534744310472234,15.53496726276353,15.54628217080608,11.314908042550087,True,
3001,onnx_model_002,measure,15.542380357217352,15.543433224782348,15.554357379674911,10.92415489256382,True,
3002,onnx_model_007,measure,15.544749965582177,15.545898511074483,15.556826443877071,10.927932802587748,True,
3003,onnx_model_006,measure,15.562448785078514,15.563088847789913,15.574121830053627,11.032982263714075,True,
3004,onnx_model_000,measure,15.566289162077407,15.56653904588893,15.577493438962847,10.954393073916435,True,
3005,onnx_model_008,measure,15.56738808631011,15.56798800965771,15.578893610741943,10.90560108423233,True,
3006,onnx_model_001,measure,15.56789015333216,15.568340399768203,15.57927020592615,10.929806157946587,True,
3007,onnx_model_009,measure,15.568292763830314,15.568687811028212,15.579524700064212,10.836889035999775,True,
3008,onnx_model_008,measure,15.572300811257348,15.57314011408016,15.579021733719856,5.881619639694691,True,
3009,onnx_model_002,measure,15.582409763626176,15.58276747399941,15.593712639063597,10.945165064185858,True,
3010,onnx_model_007,measure,15.596639804716379,15.596950673963875,15.607986321672797,11.035647708922625,True,
3011,onnx_model_002,measure,15.601131058890482,15.60139650478959,15.612298147752881,10.901642963290215,True,
3012,onnx_model_001,measure,15.604238233843589,15.604833828750998,15.61572127463296,10.887445881962776,True,
3013,onnx_model_005,measure,15.632839342178997,15.634991253726184,15.64621682278812,11.225569061934948,True,
3014,onnx_model_004,measure,15.6347756860354,15.635155957657844,15.646354734897614,11.198777239769697,True,
3015,onnx_model_007,measure,15.637764917893,15.638680987991393,15.649590274784714,10.909286793321371,True,
3016,onnx_model_003,measure,15.639532013091069,15.64013980096206,15.651101808063686,10.962007101625204,True,
3017,onnx_model_003,measure,15.669501171798252,15.670428475830704,15.681482096668333,11.053620837628841,True,
3018,onnx_model_008,measure,15.675183855383363,15.676013302057981,15.687108461745083,11.095159687101841,True,
3019,onnx_model_009,measure,15.698702375522684,15.699432798661292,15.710498843807727,11.0660451464355,True,
3020,onnx_model_002,measure,15.704165729723288,15.705010741949081,15.71626742882654,11.256686877459288,True,
3021,onnx_model_006,measure,15.708565220929446,15.709557303693146,15.720629611052573,11.072307359427214,True,
3022,onnx_model_000,measure,15.717522455221175,15.718574193771929,15.729691596701741,11.11740292981267,True,
3023,onnx_model_005,measure,15.72198819123984,15.722894806880504,15.733967854641378,11.073047760874033,True,
3024,onnx_model_008,measure,15.724731567290997,15.725381693802774,15.736349772661924,10.96807885915041,True,
3025,onnx_model_007,measure,15.727351624747179,15.727895201649517,15.738909187726676,11.013986077159643,True,
3026,onnx_model_006,measure,15.74980881080369,15.750139224808663,15.761182646732777,11.043421924114227,True,
3027,onnx_model_007,measure,15.753183900816742,15.75360409077257,15.764686156995595,11.082066223025322,True,
3028,onnx_model_003,measure,15.75525018825712,15.75604772567749,15.76712231663987,11.07459096238017,True,
3029,onnx_model_009,measure,15.755541758785654,15.75621590577066,15.767246753908694,11.030848138034344,True,
3030,onnx_model_002,measure,15.774341270886401,15.77554717194289,15.786529557779431,10.982385836541653,True,
3031,onnx_model_007,measure,15.776839626346069,15.778122357092798,15.789388411678374,11.266054585576057,True,
3032,onnx_model_003,measure,15.7774199118856,15.778311295900494,15.789508359972388,11.197064071893692,True,
3033,onnx_model_006,measure,15.778644451011964,15.778804142959416,15.789758495986462,10.954353027045727,True,
3034,onnx_model_006,measure,15.782727928141506,15.783377555664629,15.789885035715997,6.507480051368475,True,
3035,onnx_model_002,measure,15.787078099900468,15.787768953945488,15.79870899906382,10.94004511833191,True,
3036,onnx_model_006,measure,15.793182952075915,15.794119875878096,15.805063968989998,10.944093111902475,True,
3037,onnx_model_000,measure,15.796768447088203,15.797580033075064,15.808763961773366,11.183928698301315,True,
3038,onnx_model_000,measure,15.796801482717235,15.797752982005477,15.808805300854146,11.052318848669529,True,
3039,onnx_model_004,measure,15.802398620501085,15.803069177083671,15.814032427035272,10.963249951601028,True,
3040,onnx_model_009,measure,15.808327627397324,15.808916823007166,15.820430709049106,11.513886041939259,True,
3041,onnx_model_009,measure,15.816726639395457,15.817259039729834,15.820476385764778,3.2173460349440575,True,
3042,onnx_model_006,measure,15.818892362770525,15.819726911839098,15.830904578790069,11.177666950970888,True,
3043,onnx_model_007,measure,15.819096614529887,15.81991643179208,15.831073469948024,11.157038155943155,True,
3044,onnx_model_001,measure,15.819681673276467,15.820566577836871,15.831414537969977,10.847960133105516,True,
3045,onnx_model_006,measure,15.821255675889473,15.822010451927781,15.831148663070053,9.138211142271757,True,
3046,onnx_model_003,measure,15.823217066890162,15.823439908679575,15.834291547071189,10.85163839161396,True,
3047,onnx_model_005,measure,15.826993084313495,15.827899055089802,15.83894646493718,11.04740984737873,True,
3048,onnx_model_003,measure,15.827541803806701,15.82806623307988,15.834396966733038,6.3307336531579494,True,
3049,onnx_model_001,measure,15.828761677800314,15.829578838776797,15.831524336710572,1.9454979337751865,True,
3050,onnx_model_004,measure,15.828961962213013,15.829744542948902,15.840833832975477,11.089290026575327,True,
3051,onnx_model_004,measure,15.834963650571915,15.835619030054659,15.841300399973989,5.681369919329882,True,
3052,onnx_model_005,measure,15.836241272588003,15.837079897057265,15.83905550185591,1.9756047986447811,True,
3053,onnx_model_001,measure,15.840427985563151,15.84094646666199,15.851846667006612,10.900200344622135,True,
3054,onnx_model_002,measure,15.864583027010983,15.866099589969963,15.877255003899336,11.155413929373026,True,
3055,onnx_model_007,measure,15.86475149313851,15.866266957949847,15.877755655907094,11.488697957247496,True,
3056,onnx_model_008,measure,15.86540486948808,15.866412564646453,15.877801833674312,11.389269027858973,True,
3057,onnx_model_000,measure,15.86624847804113,15.866947581991553,15.878368170000613,11.42058800905943,True,
3058,onnx_model_008,measure,15.876030522779137,15.877352559939027,15.888391663786024,11.039103846997023,True,
3059,onnx_model_006,measure,15.877465908924535,15.877968640998006,15.889031729660928,11.063088662922382,True,
3060,onnx_model_008,measure,15.879171612740729,15.879588840994984,15.888505359645933,8.916518650949001,True,
3061,onnx_model_006,measure,15.882565351843718,15.883069837931544,15.889129826799035,6.059988867491484,True,
3062,onnx_model_001,measure,15.891595878673039,15.892352341674268,15.9033889407292,11.036599054932594,True,
3063,onnx_model_002,measure,15.892446204647221,15.892721954733133,15.903720300644636,10.998345911502838,True,
3064,onnx_model_007,measure,15.897709075543968,15.898185099940747,15.909136917907745,10.951817966997623,True,
3065,onnx_model_000,measure,15.9007394638494,15.901637481991202,15.912609187886119,10.97170589491725,True,
3066,onnx_model_002,measure,15.906649542515039,15.906976832076907,15.918008612003177,11.031779926270247,True,
3067,onnx_model_003,measure,15.907302505710529,15.90843591466546,15.91944824764505,11.0123329795897,True,
3068,onnx_model_006,measure,15.913527943522851,15.913830569945276,15.924843362998217,11.01279305294156,True,
3069,onnx_model_005,measure,15.925466010234494,15.926076937932521,15.937142251990736,11.065314058214426,True,
3070,onnx_model_004,measure,15.926250926711306,15.926450998988003,15.937555466778576,11.104467790573835,True,
3071,onnx_model_007,measure,15.928177320033027,15.928908319678158,15.940261019859463,11.352700181305408,True,
3072,onnx_model_000,measure,15.928364068213893,15.92907740175724,15.940326685085893,11.249283328652382,True,
3073,onnx_model_004,measure,15.928716453102778,15.929221795871854,15.937594160903245,8.372365031391382,True,
3074,onnx_model_002,measure,15.929510245826055,15.929736304096878,15.940716756042093,10.980451945215464,True,
3075,onnx_model_009,measure,15.939127169736478,15.939814761746675,15.95088093681261,11.066175065934658,True,
3076,onnx_model_009,measure,15.950272113713863,15.950988532043993,15.961994882673025,11.006350629031658,True,
3077,onnx_model_002,measure,15.95530071926426,15.956451796926558,15.96749761281535,11.045815888792276,True,
3078,onnx_model_006,measure,15.965093412619334,15.966244410723448,15.977320384699851,11.075973976403475,True,
3079,onnx_model_006,measure,15.966708800837367,15.967654120642692,15.977434992790222,9.780872147530317,True,
3080,onnx_model_008,measure,15.967155183531801,15.967929022852331,15.979216668754816,11.287645902484655,True,
3081,onnx_model_008,measure,15.967918243009832,15.968518624082208,15.979684047866613,11.165423784404993,True,
3082,onnx_model_009,measure,15.974600419299867,15.974982931744307,15.985949617810547,10.966686066240072,True,
3083,onnx_model_003,measure,15.975669929602477,15.97642479185015,15.987563495989889,11.138704139739275,True,
3084,onnx_model_001,measure,15.97857404193846,15.979329773690552,15.990319564938545,10.989791247993708,True,
3085,onnx_model_008,measure,15.979471641203371,15.97982865292579,15.990849862806499,11.021209880709648,True,
3086,onnx_model_009,measure,15.98619084939425,15.98717605881393,15.998406406957656,11.230348143726587,True,
3087,onnx_model_005,measure,15.991863907955262,15.992106351070106,16.003220727667212,11.114376597106457,True,
3088,onnx_model_006,measure,15.996085685545724,15.996573872864246,16.007575325667858,11.001452803611755,True,
3089,onnx_model_005,measure,15.99761066456195,15.998015983961523,16.00335363065824,5.337646696716547,True,
3090,onnx_model_000,measure,16.000794731390283,16.001635955646634,16.01267253374681,11.036578100174665,True,
3091,onnx_model_007,measure,16.00503925408642,16.00557941198349,16.0165909929201,11.011580936610699,True,
3092,onnx_model_003,measure,16.008958986305867,16.009801737964153,16.0208800858818,11.07834791764617,True,
3093,onnx_model_001,measure,16.01275337921867,16.01390700088814,16.024945152923465,11.038152035325766,True,
3094,onnx_model_003,measure,16.023941938595993,16.02504254784435,16.036447977647185,11.405429802834988,True,
3095,onnx_model_003,measure,16.033632747013023,16.035499385092407,16.036580690648407,1.081305555999279,True,
3096,onnx_model_003,measure,16.04085274618205,16.04180526174605,16.052751208655536,10.945946909487247,True,
3097,onnx_model_006,measure,16.047324898390478,16.04832443408668,16.059416118077934,11.091683991253376,True,
3098,onnx_model_006,measure,16.049716903350134,16.050798115786165,16.059536465909332,8.738350123167038,True,
3099,onnx_model_009,measure,16.057069587324392,16.05799205088988,16.069177822675556,11.18577178567648,True,
3100,onnx_model_009,measure,16.064560384027256,16.065765576902777,16.069623901043087,3.8583241403102875,True,
3101,onnx_model_002,measure,16.064839425263454,16.06594626000151,16.07703649206087,11.09023205935955,True,
3102,onnx_model_001,measure,16.068890873301108,16.069275798741728,16.080335622653365,11.059823911637068,True,
3103,onnx_model_003,measure,16.07545734837697,16.075854894705117,16.086966006085277,11.111111380159855,True,
3104,onnx_model_003,measure,16.08648877698495,16.0870764660649,16.098206863738596,11.13039767369628,True,
3105,onnx_model_004,measure,16.087847424825092,16.088549396023154,16.099673992022872,11.124595999717712,True,
3106,onnx_model_000,measure,16.09117414747602,16.092018079943955,16.102945039980114,10.926960036158562,True,
3107,onnx_model_009,measure,16.095312390270795,16.096476594917476,16.107434583827853,10.957988910377026,True,
3108,onnx_model_000,measure,16.109567451961727,16.110656968783587,16.12174957478419,11.092606000602245,True,
3109,onnx_model_003,measure,16.112295042735507,16.11314086103812,16.12422558106482,11.084720026701689,True,
3110,onnx_model_005,measure,16.11539001668925,16.116576401051134,16.127823690883815,11.247289832681417,True,
3111,onnx_model_001,measure,16.120008880891202,16.121012733783573,16.13195406179875,10.941328015178442,True,
3112,onnx_model_008,measure,16.125842590575296,16.126451693009585,16.13751873979345,11.067046783864498,True,
3113,onnx_model_002,measure,16.1263888947961,16.126816676929593,16.138201858848333,11.385181918740273,True,
3114,onnx_model_005,measure,16.12666449977074,16.12700074678287,16.138388422783464,11.387676000595093,True,
3115,onnx_model_002,measure,16.127250325308168,16.127468294929713,16.13842820888385,10.959913954138756,True,
3116,onnx_model_000,measure,16.137258894810948,16.13762004300952,16.148734440095723,11.114397086203098,True,
3117,onnx_model_006,measure,16.15396247895259,16.15497657470405,16.165971585083753,10.995010379701853,True,
3118,onnx_model_005,measure,16.156911646869116,16.15743009885773,16.168560937047005,11.130838189274073,True,
3119,onnx_model_002,measure,16.167606423182036,16.168197887018323,16.17896646587178,10.768578853458166,True,
3120,onnx_model_007,measure,16.191693382789456,16.193263363093138,16.204358712770045,11.095349676907063,True,
3121,onnx_model_004,measure,16.19997693017057,16.200820076745003,16.212042599916458,11.222523171454668,True,
3122,onnx_model_000,measure,16.200861291574014,16.20125950174406,16.212297653779387,11.038152035325766,True,
3123,onnx_model_008,measure,16.201952929718303,16.202780653722584,16.213812774047256,11.032120324671268,True,
3124,onnx_model_004,measure,16.210145937051788,16.21061401395127,16.2120953197591,1.4813058078289032,True,
3125,onnx_model_006,measure,16.21230519690357,16.2124793198891,16.223591962829232,11.11264294013381,True,
3126,onnx_model_001,measure,16.21358924689244,16.213925969786942,16.224966866895556,11.040897108614445,True,
3127,onnx_model_005,measure,16.239111071723297,16.24022005079314,16.251536421943456,11.316371150314808,True,
3128,onnx_model_009,measure,16.23989798557944,16.24039345094934,16.251371638849378,10.978187900036573,True,
3129,onnx_model_005,measure,16.24115821629285,16.241927376948297,16.251574102789164,9.646725840866566,True,
3130,onnx_model_003,measure,16.248229072938138,16.24937858991325,16.260411692783237,11.033102869987488,True,
3131,onnx_model_009,measure,16.2619890791587,16.26263270387426,16.273642842657864,11.010138783603907,True,
3132,onnx_model_004,measure,16.26902828980764,16.27010105084628,16.281195620074868,11.094569228589535,True,
3133,onnx_model_006,measure,16.27074837806035,16.271548912860453,16.28262068890035,11.071776039898396,True,
3134,onnx_model_005,measure,16.27124850810239,16.27171012898907,16.282674721907824,10.964592918753624,True,
3135,onnx_model_009,measure,16.277763433630003,16.278879296965897,16.290034480858594,11.155183892697096,True,
3136,onnx_model_004,measure,16.28337597789519,16.28390404768288,16.295192896854132,11.288849171251059,True,
3137,onnx_model_004,measure,16.28369482429864,16.284066075924784,16.295318155083805,11.252079159021378,True,
3138,onnx_model_003,measure,16.284737052182116,16.285578351002187,16.296965796966106,11.387445963919163,True,
3139,onnx_model_004,measure,16.285000968797164,16.28571383887902,16.2953706048429,9.656765963882208,True,
3140,onnx_model_009,measure,16.287139029231952,16.288105905987322,16.290079155936837,1.9732499495148659,True,
3141,onnx_model_004,measure,16.295431566544913,16.296584982890636,16.307648703921586,11.063721030950546,True,
3142,onnx_model_002,measure,16.30508406131795,16.30719503108412,16.318513565696776,11.31853461265564,True,
3143,onnx_model_004,measure,16.31575156083695,16.317911431659013,16.32905492372811,11.143492069095373,True,
3144,onnx_model_007,measure,16.316139895897678,16.318073990754783,16.32919458905235,11.120598297566175,True,
3145,onnx_model_000,measure,16.32181317625486,16.32273598201573,16.333800684660673,11.064702644944191,True,
3146,onnx_model_000,measure,16.33247823874023,16.333411454688758,16.344459395855665,11.047941166907549,True,
3147,onnx_model_006,measure,16.337676890439123,16.338055161759257,16.34912044601515,11.065284255892038,True,
3148,onnx_model_007,measure,16.33774661688093,16.338219083845615,16.349219272844493,11.000188998878002,True,
3149,onnx_model_002,measure,16.3413127543163,16.34173532668501,16.352685521822423,10.950195137411356,True,
3150,onnx_model_007,measure,16.35959337292822,16.359925844706595,16.37094324780628,11.017403099685907,True,
3151,onnx_model_001,measure,16.362370228616452,16.363374910783023,16.37447254685685,11.097636073827744,True,
3152,onnx_model_005,measure,16.363029003406655,16.363535776734352,16.374526248779148,10.990472044795752,True,
3153,onnx_model_009,measure,16.36866179482928,16.369061009958386,16.380355218891054,11.29420893266797,True,
3154,onnx_model_009,measure,16.368945373460658,16.369221766013652,16.380463884677738,11.242118664085865,True,
3155,onnx_model_005,measure,16.3750878577423,16.375741828698665,16.38674034597352,10.998517274856567,True,
3156,onnx_model_008,measure,16.38981116592507,16.390981427859515,16.402089382056147,11.107954196631908,True,
3157,onnx_model_004,measure,16.390034121018534,16.391145499888808,16.402211534790695,11.066034901887178,True,
3158,onnx_model_005,measure,16.39236136830229,16.392657613847405,16.403590224683285,10.932610835880041,True,
3159,onnx_model_001,measure,16.404705661001827,16.405809795018286,16.416839169804007,11.029374785721302,True,
3160,onnx_model_001,measure,16.415939094176508,16.416387350764126,16.427368093747646,10.980742983520031,True,
3161,onnx_model_003,measure,16.41897203980271,16.420083777047694,16.431324674747884,11.240897700190544,True,
3162,onnx_model_006,measure,16.423693158823585,16.42452653264627,16.43594794301316,11.421410366892815,True,
3163,onnx_model_004,measure,16.429985019560075,16.430597041733563,16.441714233718812,11.11719198524952,True,
3164,onnx_model_002,measure,16.43037708548359,16.43076165392995,16.441836956888437,11.075302958488464,True,
3165,onnx_model_005,measure,16.435197004947803,16.435549434740096,16.44664381397888,11.094379238784313,True,
3166,onnx_model_005,measure,16.442259893681804,16.44302907306701,16.446772618684918,3.7435456179082394,True,
3167,onnx_model_008,measure,16.463601993515738,16.464010756928474,16.47516312589869,11.15236897021532,True,
3168,onnx_model_008,measure,16.464501306800397,16.465474118012935,16.4752084617503,9.734343737363815,True,
3169,onnx_model_006,measure,16.46558143202158,16.465840744785964,16.476868527010083,11.02778222411871,True,
3170,onnx_model_004,measure,16.466834367058198,16.46729473909363,16.478181052021682,10.886312928050756,True,
3171,onnx_model_006,measure,16.467319312222468,16.467645436059684,16.477025294676423,9.379858616739511,True,
3172,onnx_model_006,measure,16.467773770801482,16.468033592682332,16.477078636642545,9.045043960213661,True,
3173,onnx_model_001,measure,16.469748690033146,16.470467228908092,16.481410750653595,10.943521745502949,True,
3174,onnx_model_003,measure,16.47869015466038,16.4793991278857,16.490571334026754,11.17220614105463,True,
3175,onnx_model_009,measure,16.48111334510336,16.481507865712047,16.4924236247316,10.915759019553661,True,
3176,onnx_model_003,measure,16.484687380119404,16.48497375380248,16.490682295057923,5.708541255444288,True,
3177,onnx_model_002,measure,16.500469436350517,16.502649392932653,16.513719907030463,11.070514097809792,True,
3178,onnx_model_000,measure,16.50667992325227,16.507116444874555,16.518271829001606,11.155384127050638,True,
3179,onnx_model_000,measure,16.508959630022815,16.509553185664117,16.518381357658654,8.828171994537115,True,
3180,onnx_model_002,measure,16.513453844291426,16.51381751196459,16.524749102070928,10.931590106338263,True,
3181,onnx_model_004,measure,16.51703558444371,16.517295953817666,16.528367519844323,11.07156602665782,True,
3182,onnx_model_003,measure,16.520924074128256,16.52161165792495,16.532816496677697,11.204838752746582,True,
3183,onnx_model_002,measure,16.521293015028178,16.52177581982687,16.524894929025322,3.119109198451042,True,
3184,onnx_model_006,measure,16.525582039933056,16.526115498971194,16.537189027760178,11.073528788983822,True,
3185,onnx_model_007,measure,16.537313585085627,16.538413546048105,16.54944808082655,11.034534778445959,True,
3186,onnx_model_008,measure,16.54385233152307,16.54489910369739,16.555987571831793,11.088468134403229,True,
3187,onnx_model_001,measure,16.55719662651701,16.55821156874299,16.569486520718783,11.274951975792646,True,
3188,onnx_model_007,measure,16.55905389207954,16.55966120492667,16.571175371762365,11.514166835695505,True,
3189,onnx_model_000,measure,16.559491852062038,16.559825357049704,16.571221348829567,11.395991779863834,True,
3190,onnx_model_004,measure,16.564422713963268,16.565348396077752,16.576518066693097,11.16967061534524,True,
3191,onnx_model_006,measure,16.56756791351289,16.568793504033238,16.580182742793113,11.389238759875298,True,
3192,onnx_model_007,measure,16.568605498696243,16.56897936668247,16.571254992857575,2.2756261751055717,True,
3193,onnx_model_002,measure,16.57021600661246,16.570710849016905,16.581830214709044,11.119365692138672,True,
3194,onnx_model_006,measure,16.570839369638694,16.57139938697219,16.58022240875289,8.823021780699492,True,
3195,onnx_model_009,measure,16.580886711952175,16.581439301837236,16.592438749969006,10.999448131769896,True,
3196,onnx_model_009,measure,16.59106700348465,16.592053718864918,16.603043478913605,10.989760048687458,True,
3197,onnx_model_007,measure,16.59412771280249,16.594663288909942,16.605567466001958,10.904177092015743,True,
3198,onnx_model_005,measure,16.595059503423,16.596115740016103,16.60714047588408,11.024735867977142,True,
3199,onnx_model_005,measure,16.598696688578986,16.599558082874864,16.607200901024044,7.64281814917922,True,
3200,onnx_model_001,measure,16.601811543464155,16.603141034021974,16.614109833724797,10.968799702823162,True,
3201,onnx_model_006,measure,16.61148355083207,16.612443546764553,16.62357207108289,11.12852431833744,True,
3202,onnx_model_007,measure,16.619149520796636,16.62036575563252,16.631618585903198,11.252830270677805,True,
3203,onnx_model_005,measure,16.619457744680037,16.620535658672452,16.63209067285061,11.555014178156853,True,
3204,onnx_model_009,measure,16.622911793371873,16.623668974731117,16.63473555073142,11.06657600030303,True,
3205,onnx_model_006,measure,16.626291137459877,16.627157184761018,16.638789666816592,11.632482055574656,True,
3206,onnx_model_008,measure,16.631402483408706,16.63171600084752,16.642819326836616,11.103325989097357,True,
3207,onnx_model_008,measure,16.633677757817686,16.634320992976427,16.64298904966563,8.668056689202785,True,
3208,onnx_model_008,measure,16.63485203754576,16.63597361370921,16.643027612939477,7.053999230265617,True,
3209,onnx_model_005,measure,16.64031025728708,16.641020277049392,16.651963418815285,10.943141765892506,True,
3210,onnx_model_000,measure,16.64529450813479,16.646258724853396,16.657548936083913,11.290211230516434,True,
3211,onnx_model_001,measure,16.645694986621923,16.646421233657748,16.657798159867525,11.376926209777594,True,
3212,onnx_model_006,measure,16.645714302691953,16.64656639005989,16.657886176835746,11.31978677585721,True,
3213,onnx_model_003,measure,16.65014493793059,16.65120230196044,16.66217115195468,10.968849994242191,True,
3214,onnx_model_001,measure,16.651469727249225,16.652058850042522,16.65783886704594,5.780017003417015,True,
3215,onnx_model_006,measure,16.65463505287341,16.655505411792547,16.65791796799749,2.412556204944849,True,
3216,onnx_model_006,measure,16.662876649118672,16.66341358376667,16.674335685092956,10.922101326286793,True,
3217,onnx_model_003,measure,16.664895862431116,16.665877226740122,16.676796312909573,10.919086169451475,True,
3218,onnx_model_002,measure,16.667154929450106,16.66831303667277,16.67914323369041,10.830197017639875,True,
3219,onnx_model_003,measure,16.670960137122925,16.67174799600616,16.676971384789795,5.223388783633709,True,
3220,onnx_model_001,measure,16.676747892175715,16.677066626027226,16.68799832602963,10.931700002402067,True,
3221,onnx_model_008,measure,16.678427465801796,16.679240128025413,16.69018301879987,10.942890774458647,True,
3222,onnx_model_005,measure,16.680630562523113,16.681682670954615,16.69255666108802,10.873990133404732,True,
3223,onnx_model_007,measure,16.682573969674493,16.683137936983258,16.694130441639572,10.99250465631485,True,
3224,onnx_model_001,measure,16.682915642847632,16.683302599936724,16.68810787377879,4.805273842066526,True,
3225,onnx_model_008,measure,16.685909186419803,16.686810297891498,16.690344966948032,3.534669056534767,True,
3226,onnx_model_009,measure,16.692318634883033,16.69265255285427,16.703525440767407,10.872887913137674,True,
3227,onnx_model_002,measure,16.695227881005763,16.69635379873216,16.707220003940165,10.866205208003521,True,
3228,onnx_model_002,measure,16.702886389438852,16.70362468995154,16.70733041409403,3.7057241424918175,True,
3229,onnx_model_006,measure,16.71849003293673,16.719589597079903,16.730939590837806,11.349993757903576,True,
3230,onnx_model_001,measure,16.718642085753356,16.719777182675898,16.730789315886796,11.012133210897446,True,
3231,onnx_model_008,measure,16.720686828760275,16.721364389639348,16.732259920798242,10.8955311588943,True,
3232,onnx_model_004,measure,16.72392630812804,16.724810861982405,16.735758983064443,10.948121082037687,True,
3233,onnx_model_007,measure,16.73775845534124,16.737992729060352,16.748853242956102,10.860513895750046,True,
3234,onnx_model_003,measure,16.74011886772246,16.740440380759537,16.751384033821523,10.94365306198597,True,
3235,onnx_model_003,measure,16.741318900227625,16.741886399686337,16.751494553871453,9.608154185116291,True,
3236,onnx_model_008,measure,16.748954954275543,16.75011273706332,16.761047361884266,10.934624820947647,True,
3237,onnx_model_000,measure,16.753280004380777,16.75371746905148,16.764593753032386,10.87628398090601,True,
3238,onnx_model_006,measure,16.760722649950804,16.761144446674734,16.77216191869229,11.017472017556429,True,
3239,onnx_model_006,measure,16.761688039062815,16.7625835519284,16.77261762600392,10.034074075520039,True,
3240,onnx_model_002,measure,16.765483992702272,16.765815386082977,16.776912780012935,11.097393929958344,True,
3241,onnx_model_005,measure,16.768848809461595,16.769405350089073,16.780376543756574,10.971193667501211,True,
3242,onnx_model_002,measure,16.771666763931744,16.7722634319216,16.77695571165532,4.692279733717442,True,
3243,onnx_model_001,measure,16.78167232729164,16.78263416606933,16.793810551054776,11.17638498544693,True,
3244,onnx_model_003,measure,16.782054607170803,16.782807636074722,16.79400741495192,11.199778877198696,True,
3245,onnx_model_002,measure,16.78444516479903,16.78534869570285,16.796229047700763,10.88035199791193,True,
3246,onnx_model_008,measure,16.785280413184555,16.78571041300893,16.796848095022142,11.137682013213634,True,
3247,onnx_model_001,measure,16.785286753984927,16.785887248814106,16.794046328868717,8.159080054610968,True,
3248,onnx_model_009,measure,16.787107774109575,16.787397980690002,16.79840380186215,11.00582117214799,True,
3249,onnx_model_009,measure,16.788354621650953,16.788851724937558,16.798463424667716,9.611699730157852,True,
3250,onnx_model_008,measure,16.78843888049788,16.78903493285179,16.796924649737775,7.889716885983944,True,
3251,onnx_model_006,measure,16.805305115083954,16.80568824801594,16.816778538748622,11.090290732681751,True,
3252,onnx_model_000,measure,16.806929541312886,16.807161167729646,16.818230378907174,11.069211177527905,True,
3253,onnx_model_005,measure,16.81334048738163,16.813599806744605,16.824507852084935,10.908045340329409,True,
3254,onnx_model_004,measure,16.826443751285527,16.826732930727303,16.83766496181488,10.932031087577343,True,
3255,onnx_model_000,measure,16.840535298636794,16.84089390002191,16.85189639404416,11.002494022250175,True,
3256,onnx_model_006,measure,16.845423154191693,16.846333309076726,16.857340992894024,11.00768381729722,True,
3257,onnx_model_005,measure,16.849725421262683,16.850769891869277,16.86211011884734,11.340226978063583,True,
3258,onnx_model_003,measure,16.854271858590266,16.855122636072338,16.866133416071534,11.01077999919653,True,
3259,onnx_model_004,measure,16.856607434590025,16.857437015976757,16.868464056868106,11.027040891349316,True,
3260,onnx_model_000,measure,16.864374799360093,16.86532999901101,16.876313456799835,10.983457788825035,True,
3261,onnx_model_001,measure,16.86634447571951,16.867350921034813,16.87838497478515,11.03405375033617,True,
3262,onnx_model_001,measure,16.867753533875224,16.86855802498758,16.87842430965975,9.866284672170877,True,
3263,onnx_model_005,measure,16.86809589308974,16.86871795868501,16.880039209034294,11.321250349283218,True,
3264,onnx_model_006,measure,16.878648532365187,16.87964518973604,16.89064816571772,11.002975981682539,True,
3265,onnx_model_006,measure,16.89772772770417,16.89890843676403,16.910351468715817,11.443031951785088,True,
3266,onnx_model_006,measure,16.898147475297172,16.89909097366035,16.91040327679366,11.312303133308887,True,
3267,onnx_model_003,measure,16.90121765882889,16.901647002901882,16.912821553647518,11.174550745636225,True,
3268,onnx_model_004,measure,16.901491375876034,16.90181378973648,16.91297678882256,11.162999086081982,True,
3269,onnx_model_004,measure,16.911336075451544,16.911634156946093,16.913035972043872,1.4018150977790356,True,
3270,onnx_model_008,measure,16.914132473010387,16.91525173280388,16.926242345012724,10.990612208843231,True,
3271,onnx_model_005,measure,16.91907462340689,16.919689959846437,16.930751566775143,11.06160692870617,True,
3272,onnx_model_003,measure,16.92345973892413,16.92413710290566,16.935132132843137,10.99502993747592,True,
3273,onnx_model_004,measure,16.92610038284669,16.92637346405536,16.937354006804526,10.980542749166489,True,
3274,onnx_model_003,measure,16.9303318988694,16.93084560474381,16.935282128863037,4.436524119228125,True,
3275,onnx_model_007,measure,16.93520840051416,16.935424448922276,16.946446830872446,11.022381950169802,True,
3276,onnx_model_002,measure,16.9386358876568,16.939580258913338,16.950637286063284,11.057027149945498,True,
3277,onnx_model_002,measure,16.940868846261324,16.942031116690487,16.95113190682605,9.10079013556242,True,
3278,onnx_model_006,measure,16.94134573712621,16.94219766370952,16.95319393603131,10.996272321790457,True,
3279,onnx_model_005,measure,16.94303200839093,16.943705810699612,16.954755985643715,11.050174944102764,True,
3280,onnx_model_007,measure,16.94709121359005,16.94766660965979,16.958587718661875,10.92110900208354,True,
3281,onnx_model_004,measure,16.948158118214053,16.949128889013082,16.960230942815542,11.102053802460432,True,
3282,onnx_model_004,measure,16.95033571382474,16.950738528743386,16.96027284208685,9.534313343465328,True,
3283,onnx_model_001,measure,16.96886083256686,16.97052461002022,16.981631612870842,11.107002850621939,True,
3284,onnx_model_003,measure,16.969023901621213,16.970694201998413,16.981768171768636,11.073969770222902,True,
3285,onnx_model_004,measure,16.97174212811837,16.972229349892586,16.983356040902436,11.12669100984931,True,
3286,onnx_model_000,measure,16.975079504885812,16.9756659027189,16.986455571837723,10.789669118821621,True,
3287,onnx_model_002,measure,16.982303436838976,16.982999682892114,16.9939118148759,10.912131983786821,True,
3288,onnx_model_008,measure,16.984173479346968,16.984578243922442,16.995471159927547,10.89291600510478,True,
3289,onnx_model_001,measure,16.98452154241654,16.98494421876967,16.995797759853303,10.8535410836339,True,
3290,onnx_model_000,measure,16.9903521653244,16.990672086831182,17.00159236509353,10.920278262346983,True,
3291,onnx_model_009,measure,16.993574135323467,16.994008228648454,17.004838244989514,10.8300163410604,True,
3292,onnx_model_009,measure,17.011213093182345,17.01207263674587,17.023125536739826,11.052899993956089,True,
3293,onnx_model_007,measure,17.01145758033931,17.012237078975886,17.023251094855368,11.01401587948203,True,
3294,onnx_model_004,measure,17.019928741654976,17.02075271587819,17.03162650577724,10.87378989905119,True,
3295,onnx_model_006,measure,17.021629137365718,17.022193684708327,17.03325438965112,11.060704942792654,True,
3296,onnx_model_001,measure,17.022366167973537,17.02254211809486,17.03338596969843,10.8438516035676,True,
3297,onnx_model_008,measure,17.025596394255338,17.026472247671336,17.037359833717346,10.887586046010256,True,
3298,onnx_model_005,measure,17.032480337737944,17.032878356054425,17.04406439885497,11.186042800545692,True,
3299,onnx_model_004,measure,17.033302968424792,17.033519092947245,17.044683675747365,11.164582800120115,True,
3300,onnx_model_005,measure,17.034252365010463,17.034972636029124,17.04411642672494,9.143790695816278,True,
3301,onnx_model_007,measure,17.034954582676676,17.035334384068847,17.046290379948914,10.955995880067348,True,
3302,onnx_model_002,measure,17.04411481495194,17.04426490003243,17.055257524829358,10.992624796926975,True,
3303,onnx_model_006,measure,17.04432274459539,17.04478115076199,17.05610503582284,11.323885060846806,True,
3304,onnx_model_006,measure,17.04451320011833,17.04497024975717,17.05614650482312,11.176255065947771,True,
3305,onnx_model_007,measure,17.04683582331607,17.047516440041363,17.058741226792336,11.224786750972271,True,
3306,onnx_model_002,measure,17.05744623647661,17.05838119285181,17.0692380098626,10.85681701079011,True,
3307,onnx_model_008,measure,17.059955247609732,17.060993598774076,17.071852239780128,10.858641006052494,True,
3308,onnx_model_004,measure,17.06183934259146,17.062432724051178,17.073465506080538,11.032782029360533,True,
3309,onnx_model_003,measure,17.06405943808725,17.06492552300915,17.07580714672804,10.881623718887568,True,
3310,onnx_model_007,measure,17.07017050793778,17.070462468080223,17.081261835992336,10.799367912113667,True,
3311,onnx_model_003,measure,17.07244201067831,17.073090584017336,17.07592857768759,2.8379936702549458,True,
3312,onnx_model_006,measure,17.084869210710313,17.08548728795722,17.09637500392273,10.887715965509415,True,
3313,onnx_model_007,measure,17.091928864048878,17.092953820712864,17.103838009759784,10.884189046919346,True,
3314,onnx_model_005,measure,17.09497929840948,17.09539677388966,17.106299448758364,10.902674868702888,True,
3315,onnx_model_003,measure,17.100172516908763,17.100600556004792,17.11153240595013,10.93184994533658,True,
3316,onnx_model_000,measure,17.100618573452767,17.10098515683785,17.111930201761425,10.945044923573732,True,
3317,onnx_model_007,measure,17.102267731366627,17.103423071093857,17.114330474752933,10.907403659075499,True,
3318,onnx_model_009,measure,17.107191617951095,17.10752020869404,17.11840567085892,10.885462164878845,True,
3319,onnx_model_005,measure,17.1090105582754,17.110076718963683,17.120936521794647,10.859802830964327,True,
3320,onnx_model_006,measure,17.138092662033756,17.140154873020947,17.151236687786877,11.081814765930176,True,
3321,onnx_model_008,measure,17.145577272652762,17.14660964300856,17.157830361742526,11.22071873396635,True,
3322,onnx_model_006,measure,17.145885106697467,17.14677355485037,17.151370682753623,4.59712790325284,True,
3323,onnx_model_005,measure,17.14665311838414,17.147226165048778,17.160943609662354,13.717444613575935,True,
3324,onnx_model_003,measure,17.148131587066658,17.148652185685933,17.161003533750772,12.35134806483984,True,
3325,onnx_model_006,measure,17.163546667752893,17.164233633782715,17.17519203387201,10.958400089293718,True,
3326,onnx_model_000,measure,17.164371036110072,17.164609487634152,17.17554925289005,10.939765255898237,True,
3327,onnx_model_002,measure,17.166042729477574,17.16704705171287,17.178055586759,11.008535046130419,True,
3328,onnx_model_000,measure,17.16667222237383,17.167212465777993,17.175641167908907,8.428702130913734,True,
3329,onnx_model_008,measure,17.16759880195155,17.168727645650506,17.17953275470063,10.805109050124884,True,
3330,onnx_model_004,measure,17.168752018593295,17.169111164752394,17.17988676764071,10.775602888315916,True,
3331,onnx_model_002,measure,17.17091981680588,17.171560381073505,17.17813796363771,6.577582564204931,True,
3332,onnx_model_007,measure,17.17614294173146,17.17682043882087,17.187697094865143,10.876656044274569,True,
3333,onnx_model_002,measure,17.182675509399772,17.183071301784366,17.1938997246325,10.828422848135233,True,
3334,onnx_model_005,measure,17.184569222313133,17.18542998470366,17.196251665707678,10.821681004017591,True,
3335,onnx_model_006,measure,17.184649428335195,17.185555513948202,17.196407100651413,10.851586703211069,True,
3336,onnx_model_009,measure,17.187269245657223,17.187771406024694,17.19859378784895,10.82238182425499,True,
3337,onnx_model_000,measure,17.197585464967762,17.198666695971042,17.209676243830472,11.009547859430313,True,
3338,onnx_model_002,measure,17.19904938966328,17.19997652573511,17.21066905092448,10.692525189369917,True,
3339,onnx_model_007,measure,17.20422376509834,17.205322667956352,17.216189614962786,10.866947006434202,True,
3340,onnx_model_004,measure,17.206898400348123,17.20769861480221,17.218421527650207,10.722912847995758,True,
3341,onnx_model_005,measure,17.20931971038408,17.209750685840845,17.220457006711513,10.706320870667696,True,
3342,onnx_model_008,measure,17.228738177298464,17.23063696688041,17.24162058578804,10.983618907630444,True,
3343,onnx_model_001,measure,17.234594639450126,17.234986084047705,17.24587918072939,10.893096681684256,True,
3344,onnx_model_003,measure,17.240392528798953,17.24132880102843,17.252206577919424,10.877776890993118,True,
3345,onnx_model_003,measure,17.249274803724816,17.25006262306124,17.25229870295152,2.236079890280962,True,
3346,onnx_model_009,measure,17.256305457934765,17.257477016653866,17.26828803680837,10.811020154505968,True,
3347,onnx_model_004,measure,17.260581696398678,17.260823798831552,17.27181181497872,10.98801614716649,True,
3348,onnx_model_002,measure,17.26190329665678,17.262192179914564,17.27291747694835,10.725297033786774,True,
3349,onnx_model_004,measure,17.26322325918511,17.263535582926124,17.271842843852937,8.307260926812887,True,
3350,onnx_model_004,measure,17.294586965397432,17.295239428058267,17.306573872920126,11.334444861859083,True,
3351,onnx_model_003,measure,17.294809456376317,17.295432304032147,17.306627694983035,11.195390950888395,True,
3352,onnx_model_006,measure,17.326499255261915,17.326948082074523,17.338127792812884,11.179710738360882,True,
3353,onnx_model_005,measure,17.328700958375485,17.329497607890517,17.340705021750182,11.207413859665394,True,
3354,onnx_model_007,measure,17.343010479907292,17.3440327369608,17.355673053767532,11.640316806733608,True,
3355,onnx_model_007,measure,17.343814890982543,17.344371370971203,17.355740842875093,11.369471903890371,True,
3356,onnx_model_000,measure,17.34688984225523,17.348027400672436,17.359107702039182,11.080301366746426,True,
3357,onnx_model_007,measure,17.355930901312572,17.357050481718034,17.368198291864246,11.147810146212578,True,
3358,onnx_model_007,measure,17.365555209740283,17.366424820851535,17.368251523934305,1.8267030827701092,True,
3359,onnx_model_001,measure,17.37304111997208,17.373552138917148,17.384705029893667,11.152890976518393,True,
3360,onnx_model_003,measure,17.37802384603814,17.379127698019147,17.390172142069787,11.044444050639868,True,
3361,onnx_model_000,measure,17.383656732129868,17.384816981852055,17.396027201786637,11.21021993458271,True,
3362,onnx_model_002,measure,17.384134935160883,17.385031108744442,17.396270774770528,11.239666026085615,True,
3363,onnx_model_004,measure,17.386204589275582,17.386635067872703,17.397755947895348,11.120880022644997,True,
3364,onnx_model_002,measure,17.394954809284766,17.395480171777308,17.406522831879556,11.042660102248192,True,
3365,onnx_model_008,measure,17.39978942552564,17.401025341823697,17.412089563906193,11.06422208249569,True,
3366,onnx_model_006,measure,17.404844208121308,17.405510707758367,17.416463667992502,10.95296023413539,True,
3367,onnx_model_004,measure,17.40746555444709,17.407754813786596,17.418608766049147,10.853952262550592,True,
3368,onnx_model_007,measure,17.412577473026317,17.413315824698657,17.42419365188107,10.877827182412148,True,
3369,onnx_model_003,measure,17.41614704658331,17.416561705060303,17.42732355184853,10.761846788227558,True,
3370,onnx_model_004,measure,17.416789084679962,17.41801394475624,17.4291392727755,11.12532801926136,True,
3371,onnx_model_001,measure,17.418858681697568,17.419875914696604,17.431121670641005,11.245755944401026,True,
3372,onnx_model_001,measure,17.41887231298429,17.420075132977217,17.431248862762004,11.173729784786701,True,
3373,onnx_model_009,measure,17.429595154209938,17.430360303726047,17.441248901654035,10.888597927987576,True,
3374,onnx_model_006,measure,17.436823456602347,17.437473695725203,17.448436534032226,10.962838307023048,True,
3375,onnx_model_003,measure,17.442521568458524,17.443470353726298,17.454511241056025,11.040887329727411,True,
3376,onnx_model_005,measure,17.449284174073913,17.44965532096103,17.460674928035587,11.019607074558735,True,
3377,onnx_model_002,measure,17.450204406456287,17.45111377397552,17.46224296791479,11.129193939268589,True,
3378,onnx_model_007,measure,17.451138064511046,17.451470270752907,17.46282799076289,11.357720009982586,True,
3379,onnx_model_009,measure,17.45383832987156,17.45460756495595,17.465473278891295,10.865713935345411,True,
3380,onnx_model_007,measure,17.455652388370368,17.456016692798585,17.462887573987246,6.87088118866086,True,
3381,onnx_model_006,measure,17.45688419007211,17.457450478803366,17.468315040692687,10.864561889320612,True,
3382,onnx_model_002,measure,17.45949294044034,17.459928338881582,17.462286370806396,2.358031924813986,True,
3383,onnx_model_004,measure,17.461808533421078,17.462400076910853,17.473295367788523,10.89529087767005,True,
3384,onnx_model_003,measure,17.463651511520023,17.464112100657076,17.474967134650797,10.855033993721008,True,
3385,onnx_model_002,measure,17.46616183083959,17.46669861767441,17.477696092799306,10.997475124895573,True,
3386,onnx_model_001,measure,17.466202764215147,17.466887837741524,17.477874021045864,10.986183304339647,True,
3387,onnx_model_001,measure,17.46669186865953,17.4673873167485,17.478054414037615,10.66709728911519,True,
3388,onnx_model_001,measure,17.472658619138976,17.473389456048608,17.47809232585132,4.702869802713394,True,
3389,onnx_model_000,measure,17.472658704996416,17.473552335985005,17.484428249765188,10.8759137801826,True,
3390,onnx_model_006,measure,17.480115574946783,17.48131170589477,17.492161530070007,10.84982417523861,True,
3391,onnx_model_007,measure,17.487336238116214,17.487654191907495,17.498572817072272,10.91862516477704,True,
3392,onnx_model_008,measure,17.48938977812468,17.49012109078467,17.501076044980437,10.954954195767641,True,
3393,onnx_model_003,measure,17.48984383200298,17.490286104846746,17.50120837567374,10.922270826995373,True,
3394,onnx_model_001,measure,17.493624354936905,17.494391669053584,17.505201786756516,10.810117702931166,True,
3395,onnx_model_006,measure,17.493675660627346,17.494552914984524,17.50569362193346,11.140706948935986,True,
3396,onnx_model_009,measure,17.496606562345544,17.497086401097476,17.507823830936104,10.737429838627577,True,
3397,onnx_model_006,measure,17.497838619871352,17.498673998750746,17.50572169572115,7.047696970403194,True,
3398,onnx_model_006,measure,17.504732464323922,17.505258103832603,17.51612786576152,10.869761928915977,True,
3399,onnx_model_009,measure,17.505219261547303,17.50549351191148,17.50793697591871,2.443464007228613,True,
3400,onnx_model_003,measure,17.505685137246864,17.505809351801872,17.516506024636328,10.696672834455967,True,
3401,onnx_model_004,measure,17.512890136974697,17.513116711750627,17.524105239659548,10.988527908921242,True,
3402,onnx_model_008,measure,17.51379381716468,17.514464153908193,17.525212815962732,10.748662054538727,True,
3403,onnx_model_009,measure,17.515456882569545,17.515804200898856,17.52665255172178,10.848350822925568,True,
3404,onnx_model_009,measure,17.523458005845374,17.523731258697808,17.526691677048802,2.960418350994587,True,
3405,onnx_model_009,measure,17.52633087648489,17.526782939676195,17.53747149789706,10.688558220863342,True,
3406,onnx_model_007,measure,17.528153426407986,17.5292483670637,17.53995311493054,10.70474786683917,True,
3407,onnx_model_003,measure,17.557130537083744,17.559184801764786,17.5702643818222,11.079580057412386,True,
3408,onnx_model_002,measure,17.558705872253032,17.55933063896373,17.570318875834346,10.988236870616674,True,
3409,onnx_model_006,measure,17.565050715603103,17.56578350486234,17.576636945828795,10.853440966457129,True,
3410,onnx_model_000,measure,17.56546593633802,17.565939852036536,17.576750471722335,10.810619685798883,True,
3411,onnx_model_006,measure,17.566073256006995,17.566228760872036,17.5766793359071,10.450575035065413,True,
3412,onnx_model_000,measure,17.56635238112569,17.56752844201401,17.576772172935307,9.243730921298265,True,
3413,onnx_model_001,measure,17.567910610390527,17.568928222637624,17.579705828800797,10.777606163173914,True,
3414,onnx_model_001,measure,17.58735335712023,17.58804293675348,17.59878354286775,10.740606114268303,True,
3415,onnx_model_003,measure,17.59576873193066,17.59659726684913,17.607957801781595,11.360534932464361,True,
3416,onnx_model_005,measure,17.59597972834189,17.596783571876585,17.60806112876162,11.277556885033846,True,
3417,onnx_model_005,measure,17.602709163287543,17.602994377724826,17.608086566906422,5.092189181596041,True,
3418,onnx_model_001,measure,17.60446603098633,17.605340938083827,17.616189539898187,10.848601814359426,True,
3419,onnx_model_001,measure,17.606964802046342,17.60771177476272,17.616220668889582,8.508894126862288,True,
3420,onnx_model_006,measure,17.60958265674564,17.610372341703624,17.621368183754385,10.995842050760984,True,
3421,onnx_model_002,measure,17.62720082943803,17.627668869681656,17.638686343096197,11.01747341454029,True,
3422,onnx_model_003,measure,17.64001901872763,17.641001673880965,17.65216752886772,11.16585498675704,True,
3423,onnx_model_000,measure,17.650305437643972,17.651536569930613,17.662576073780656,11.03950385004282,True,
3424,onnx_model_009,measure,17.6558255961367,17.65647068899125,17.667693310882896,11.222621891647577,True,
3425,onnx_model_005,measure,17.656697207500468,17.656890716869384,17.66782723600045,10.936519131064415,True,
3426,onnx_model_003,measure,17.660351621398554,17.66139603080228,17.672480620909482,11.08459010720253,True,
3427,onnx_model_005,measure,17.666294239355334,17.6669157827273,17.678177339956164,11.26155722886324,True,
3428,onnx_model_009,measure,17.66675642697461,17.667306907009333,17.678328416775912,11.021509766578674,True,
3429,onnx_model_005,measure,17.66895338712829,17.670119774062186,17.67822922905907,8.10945499688387,True,
3430,onnx_model_008,measure,17.683561800834525,17.684620396699756,17.695772545877844,11.152149178087711,True,
3431,onnx_model_007,measure,17.68500769933086,17.686143221799284,17.69714648788795,11.003266088664532,True,
3432,onnx_model_002,measure,17.69178545092429,17.69269126886502,17.703790076076984,11.098807211965322,True,
3433,onnx_model_008,measure,17.69253559505691,17.6929224380292,17.69582699984312,2.9045618139207363,True,
3434,onnx_model_001,measure,17.700358638134308,17.701452241744846,17.71255902480334,11.10678305849433,True,
3435,onnx_model_009,measure,17.702221683392736,17.703025192022324,17.71406709169969,11.041899677366018,True,
3436,onnx_model_000,measure,17.704790569869047,17.705088373739272,17.716093913652003,11.005539912730455,True,
3437,onnx_model_008,measure,17.726445071901082,17.727401928976178,17.73843065276742,11.028723791241646,True,
3438,onnx_model_006,measure,17.727557985485355,17.727813831996173,17.73876857571304,10.954743716865778,True,
3439,onnx_model_003,measure,17.730888578977044,17.73134265979752,17.742315266747028,10.97260694950819,True,
3440,onnx_model_007,measure,17.734578955870873,17.734909649938345,17.745906002819538,10.996352881193161,True,
3441,onnx_model_000,measure,17.736094461714718,17.73645246308297,17.74732137285173,10.868909768760204,True,
3442,onnx_model_009,measure,17.740432545731185,17.741013081744313,17.751968015916646,10.954934172332287,True,
3443,onnx_model_000,measure,17.742902613165366,17.74353854265064,17.747433736920357,3.8951942697167397,True,
3444,onnx_model_009,measure,17.74380122692115,17.744992495980114,17.75209274282679,7.100246846675873,True,
3445,onnx_model_002,measure,17.74523817477361,17.74600332789123,17.756934877019376,10.93154912814498,True,
3446,onnx_model_000,measure,17.7480570210969,17.74865429708734,17.759581838734448,10.927541647106409,True,
3447,onnx_model_003,measure,17.75294953430766,17.753316418733448,17.764236527029425,10.920108295977116,True,
3448,onnx_model_009,measure,17.764669978673805,17.765472375787795,17.776301690842956,10.829315055161715,True,
3449,onnx_model_001,measure,17.7661016617577,17.766925788950175,17.777744923718274,10.819134768098593,True,
3450,onnx_model_005,measure,17.78020887842388,17.780993398744613,17.792036480735987,11.043081991374493,True,
3451,onnx_model_006,measure,17.782519617622132,17.783431903924793,17.794373993761837,10.942089837044477,True,
3452,onnx_model_008,measure,17.800308764140826,17.800615146756172,17.81156313791871,10.947991162538528,True,
3453,onnx_model_006,measure,17.8060792150312,17.8070547580719,17.818061880767345,11.007122695446014,True,
3454,onnx_model_003,measure,17.806975021171596,17.80742517206818,17.818300063721836,10.87489165365696,True,
3455,onnx_model_008,measure,17.813202970515746,17.813787215854973,17.82481174170971,11.024525854736567,True,
3456,onnx_model_008,measure,17.81690242775232,17.817259666044265,17.824935185723007,7.6755196787416935,True,
3457,onnx_model_006,measure,17.82141877336511,17.822519764769822,17.833485358860344,10.965594090521336,True,
3458,onnx_model_009,measure,17.8232293447056,17.82395991263911,17.83510499773547,11.145085096359253,True,
3459,onnx_model_002,measure,17.82763054231629,17.828160096891224,17.83923662174493,11.07652485370636,True,
3460,onnx_model_007,measure,17.827875902542424,17.82832153281197,17.839677448850125,11.355916038155556,True,
3461,onnx_model_000,measure,17.828947142114473,17.82983293570578,17.84081090381369,10.977968107908964,True,
3462,onnx_model_001,measure,17.830931610313602,17.8312842650339,17.842291718814522,11.00745378062129,True,
3463,onnx_model_005,measure,17.83188648831938,17.832720935810357,17.843808311969042,11.087376158684492,True,
3464,onnx_model_000,measure,17.83231726350054,17.832901478745043,17.840962992981076,8.061514236032963,True,
3465,onnx_model_001,measure,17.834002409110752,17.834709555841982,17.842343958094716,7.634402252733707,True,
3466,onnx_model_008,measure,17.837098752002916,17.837334154639393,17.848217633087188,10.883478447794914,True,
3467,onnx_model_000,measure,17.838716634360505,17.839333925861865,17.841020682826638,1.6867569647729397,True,
3468,onnx_model_002,measure,17.845831103106708,17.847034924663603,17.85808320576325,11.048281099647284,True,
3469,onnx_model_009,measure,17.846377976598184,17.847200749907643,17.85814034473151,10.939594823867083,True,
3470,onnx_model_000,measure,17.862846076561187,17.863358764909208,17.87439487176016,11.03610685095191,True,
3471,onnx_model_007,measure,17.866214612451106,17.866800957825035,17.877727336715907,10.926378890872002,True,
3472,onnx_model_001,measure,17.86822784723163,17.86925904965028,17.880138840992004,10.879791341722012,True,
3473,onnx_model_002,measure,17.871188108512364,17.87169056199491,17.882564381696284,10.873819701373577,True,
3474,onnx_model_003,measure,17.87413241575533,17.87449099496007,17.885398438666016,10.907443705946207,True,
3475,onnx_model_004,measure,17.878274424305275,17.87896970892325,17.88996388670057,10.994177777320147,True,
3476,onnx_model_006,measure,17.889627330769446,17.89005704363808,17.90111359069124,11.056547053158283,True,
3477,onnx_model_001,measure,17.89224294889906,17.89250613981858,17.903517620638013,11.011480819433928,True,
3478,onnx_model_004,measure,17.898655830279935,17.89895024895668,17.909957030788064,11.006781831383705,True,
3479,onnx_model_001,measure,17.900972065775772,17.90124520100653,17.90356179466471,2.3165936581790447,True,
3480,onnx_model_003,measure,17.903023481587173,17.903653719928116,17.914978445973247,11.324726045131683,True,
3481,onnx_model_000,measure,17.90433010135773,17.905105940066278,17.916028703097254,10.922763030976057,True,
3482,onnx_model_007,measure,17.90536534634896,17.906538693699986,17.91750640189275,10.967708192765713,True,
3483,onnx_model_008,measure,17.910385253435734,17.911179594695568,17.922074975911528,10.895381215959787,True,
3484,onnx_model_006,measure,17.91154459080844,17.912614482920617,17.923760490026325,11.146007105708122,True,
3485,onnx_model_009,measure,17.91287007623273,17.913117388729006,17.923976740799844,10.859352070838213,True,
3486,onnx_model_006,measure,17.9135306226331,17.914575840812176,17.923917587846518,9.341747034341097,True,
3487,onnx_model_004,measure,17.91547927038184,17.916123121976852,17.927045254036784,10.922132059931755,True,
3488,onnx_model_000,measure,17.92923973429695,17.93028847873211,17.94140831567347,11.119836941361427,True,
3489,onnx_model_005,measure,17.92953564207289,17.93045434402302,17.94168705586344,11.232711840420961,True,
3490,onnx_model_005,measure,17.93161503936708,17.931979873683304,17.941725369077176,9.745495393872261,True,
3491,onnx_model_004,measure,17.93168043211058,17.9321416108869,17.94334910484031,11.20749395340681,True,
3492,onnx_model_000,measure,17.941891837745477,17.942961357999593,17.953947881702334,10.98652370274067,True,
3493,onnx_model_001,measure,17.945869802531195,17.94657607888803,17.957470077089965,10.893998201936483,True,
3494,onnx_model_008,measure,17.950253127181966,17.951049773022532,17.96190007776022,10.850304737687111,True,
3495,onnx_model_003,measure,17.96161567093564,17.962010006885976,17.972943018656224,10.933011770248413,True,
3496,onnx_model_001,measure,17.968522191685405,17.969455549959093,17.98038065666333,10.925106704235077,True,
3497,onnx_model_009,measure,17.972974034585302,17.974165943916887,17.985114715993404,10.948772076517344,True,
3498,onnx_model_001,measure,17.979381153444923,17.979611003771424,17.990498108789325,10.887105017900467,True,
3499,onnx_model_002,measure,17.97972493398056,17.97998847067356,17.990851640701294,10.86317002773285,True,
3500,onnx_model_008,measure,17.993101045168714,17.994124432094395,18.004991398658603,10.86696656420827,True,
3501,onnx_model_006,measure,17.994482580918664,17.995515395887196,18.006386580877006,10.87118498980999,True,
3502,onnx_model_005,measure,18.004617787411743,18.005086068995297,18.016126414760947,11.040345765650272,True,
3503,onnx_model_001,measure,18.005043095054965,18.005434510763735,18.01634052209556,10.906011331826448,True,
3504,onnx_model_005,measure,18.00862705247102,18.00961401499808,18.016302949748933,6.688934750854969,True,
3505,onnx_model_008,measure,18.00923090344203,18.009775501675904,18.020794407930225,11.018906254321337,True,
3506,onnx_model_007,measure,18.01197025415578,18.012312694918364,18.023103998042643,10.791303124278784,True,
3507,onnx_model_002,measure,18.013287479799274,18.013750087935477,18.02466667909175,10.91659115627408,True,
3508,onnx_model_004,measure,18.014927011077525,18.01519378181547,18.02598476363346,10.790981817990541,True,
3509,onnx_model_005,measure,18.036529608135847,18.03721617301926,18.04825617885217,11.040005832910538,True,
3510,onnx_model_004,measure,18.03778326257595,18.038662161678076,18.049869485665113,11.207323987036943,True,
3511,onnx_model_007,measure,18.043664770026123,18.044113183859736,18.054990279953927,10.877096094191074,True,
3512,onnx_model_001,measure,18.04855298959029,18.049478782806545,18.060640779789537,11.161996982991695,True,
3513,onnx_model_003,measure,18.059354725615403,18.060226742643863,18.0712785506621,11.051808018237352,True,
3514,onnx_model_008,measure,18.0601490674475,18.060737253632396,18.07171059306711,10.973339434713125,True,
3515,onnx_model_006,measure,18.06286821261175,18.06320607708767,18.074050981085747,10.844903998076916,True,
3516,onnx_model_005,measure,18.07830727450809,18.079292584676296,18.090335665736347,11.043081060051918,True,
3517,onnx_model_009,measure,18.08135465168847,18.081734315957874,18.09296242892742,11.22811296954751,True,
3518,onnx_model_003,measure,18.08287609605197,18.08317970391363,18.094115551095456,10.93584718182683,True,
3519,onnx_model_003,measure,18.086772692773124,18.08762167673558,18.094238023739308,6.616347003728151,True,
3520,onnx_model_000,measure,18.087254357555835,18.08778501767665,18.099102139938623,11.317122261971235,True,
3521,onnx_model_006,measure,18.09161885500786,18.092561847995967,18.103588928934187,11.027080938220024,True,
3522,onnx_model_001,measure,18.0977444239938,18.098461692687124,18.109650541096926,11.188848409801722,True,
3523,onnx_model_002,measure,18.098152262420086,18.09862435190007,18.10990575607866,11.281404178589582,True,
3524,onnx_model_008,measure,18.09891915114238,18.09923737682402,18.110220985021442,10.983608197420835,True,
3525,onnx_model_001,measure,18.100097539370758,18.100670661777258,18.10984649369493,9.17583191767335,True,
3526,onnx_model_004,measure,18.104478606610886,18.104811762925237,18.115806622896343,10.994859971106052,True,
3527,onnx_model_002,measure,18.104783323137617,18.10518855880946,18.109939439687878,4.750880878418684,True,
3528,onnx_model_004,measure,18.105338650829164,18.10554700065404,18.115971746854484,10.424746200442314,True,
3529,onnx_model_001,measure,18.110280573614475,18.11145915882662,18.122751984745264,11.292825918644667,True,
3530,onnx_model_005,measure,18.111267630579892,18.111623781733215,18.12279765168205,11.17386994883418,True,
3531,onnx_model_001,measure,18.120185439948685,18.12122896965593,18.122830965090543,1.6019954346120358,True,
3532,onnx_model_006,measure,18.121759033778496,18.122936306055635,18.133936234749854,10.999928694218397,True,
3533,onnx_model_005,measure,18.125639143486865,18.126401101704687,18.13730973796919,10.908636264503002,True,
3534,onnx_model_000,measure,18.1337833703845,18.134071281645447,18.144954358693212,10.883077047765255,True,
3535,onnx_model_002,measure,18.14718441715839,18.14819413702935,18.159149972721934,10.955835692584515,True,
3536,onnx_model_003,measure,18.159722250236484,18.160375722683966,18.171565182041377,11.18945935741067,True,
3537,onnx_model_002,measure,18.161992863854007,18.162829927634448,18.173813506029546,10.983578395098448,True,
3538,onnx_model_005,measure,18.163431098262638,18.164281516801566,18.17527681775391,10.995300952345133,True,
3539,onnx_model_004,measure,18.16958737209035,18.170720316004008,18.181884347926825,11.16403192281723,True,
3540,onnx_model_003,measure,18.17098412569714,18.17166068404913,18.182652859017253,10.992174968123436,True,
3541,onnx_model_006,measure,18.179644513275942,18.18051872169599,18.191553827840835,11.035106144845486,True,
3542,onnx_model_006,measure,18.182952330121083,18.183882715646178,18.192045392934233,8.16267728805542,True,
3543,onnx_model_000,measure,18.187378810270857,18.188328677788377,18.19952725386247,11.19857607409358,True,
3544,onnx_model_009,measure,18.187758507838023,18.18848660774529,18.1995708970353,11.084289290010929,True,
3545,onnx_model_004,measure,18.191232756928244,18.19168299390003,18.202736985869706,11.053991969674826,True,
3546,onnx_model_006,measure,18.195132050299144,18.196280642878264,18.207751136738807,11.470493860542774,True,
3547,onnx_model_008,measure,18.195169737652332,18.19644177891314,18.207706411834806,11.264632921665907,True,
3548,onnx_model_001,measure,18.19851133150463,18.198966888710856,18.20993355475366,10.966666042804718,True,
3549,onnx_model_003,measure,18.20094881658549,18.201793301850557,18.212824139744043,11.030837893486023,True,
3550,onnx_model_002,measure,18.202273916409904,18.202832196839154,18.21373098390177,10.898787062615156,True,
3551,onnx_model_003,measure,18.206445088667266,18.207289590034634,18.213283522985876,5.993932951241732,True,
3552,onnx_model_006,measure,18.210196525265513,18.211154947057366,18.222074904013425,10.91995695605874,True,
3553,onnx_model_002,measure,18.212611336245384,18.21293375780806,18.21385110169649,0.9173438884317875,True,
3554,onnx_model_009,measure,18.22224357113974,18.22332826675847,18.234334678854793,11.006412096321583,True,
3555,onnx_model_003,measure,18.227406377243003,18.227803884074092,18.238792922813445,10.989038739353418,True,
3556,onnx_model_002,measure,18.234226551397356,18.2344761476852,18.245502195786685,11.026048101484776,True,
3557,onnx_model_005,measure,18.23818726764972,18.238905576989055,18.249800947960466,10.895370971411467,True,
3558,onnx_model_005,measure,18.252198350557148,18.253048239741474,18.264101000037044,11.052760295569897,True,
3559,onnx_model_000,measure,18.253467440974184,18.254508385900408,18.26556926080957,11.060874909162521,True,
3560,onnx_model_000,measure,18.255129725622062,18.255950586870313,18.26563009666279,9.679509792476892,True,
3561,onnx_model_000,measure,18.258419423990674,18.259393321815878,18.265717452857643,6.324131041765213,True,
3562,onnx_model_009,measure,18.26658703245832,18.266945987939835,18.27790578082204,10.959792882204056,True,
3563,onnx_model_009,measure,18.287260786278292,18.288136227987707,18.299248510971665,11.112282983958721,True,
3564,onnx_model_005,measure,18.28796190982337,18.288298666942865,18.2993577378802,11.059070937335491,True,
3565,onnx_model_004,measure,18.288848029870685,18.28980509005487,18.300852479878813,11.047389823943377,True,
3566,onnx_model_006,measure,18.302486953632613,18.303254294674844,18.314932162873447,11.677868198603392,True,
3567,onnx_model_000,measure,18.302510255236555,18.303421823773533,18.314735158812255,11.313335038721561,True,
3568,onnx_model_008,measure,18.30267604886662,18.30361816706136,18.315024327952415,11.40616089105606,True,
3569,onnx_model_005,measure,18.303739496109298,18.304236692842096,18.31532054208219,11.083849240094423,True,
3570,onnx_model_002,measure,18.307606848374547,18.308697752654552,18.31982791889459,11.130166240036488,True,
3571,onnx_model_005,measure,18.308147101825398,18.308880880940706,18.31578761897981,6.906738039106131,True,
3572,onnx_model_006,measure,18.312646844299277,18.313403788022697,18.314992648083717,1.588860061019659,True,
3573,onnx_model_007,measure,18.31516665486107,18.315437213052064,18.326409910805523,10.972697753459215,True,
3574,onnx_model_006,measure,18.32030644718762,18.321079989895225,18.332245262805372,11.165272910147905,True,
3575,onnx_model_009,measure,18.330725286148134,18.331635784823447,18.34285429865122,11.218513827770948,True,
3576,onnx_model_002,measure,18.331985012325834,18.33234401093796,18.34326869668439,10.92468574643135,True,
3577,onnx_model_005,measure,18.33352932971662,18.333785019814968,18.344755823723972,10.970803909003735,True,
3578,onnx_model_004,measure,18.341140294965037,18.342247305903584,18.353619071654975,11.37176575139165,True,
3579,onnx_model_009,measure,18.34148458122709,18.342410425655544,18.35341684706509,11.006421409547329,True,
3580,onnx_model_002,measure,18.34655959211818,18.34699027100578,18.35799755482003,11.007283814251423,True,
3581,onnx_model_004,measure,18.34712302328266,18.347370233852416,18.35365821607411,6.2879822216928005,True,
3582,onnx_model_006,measure,18.349314637233782,18.349831762723625,18.360772609710693,10.940846987068653,True,
3583,onnx_model_000,measure,18.353308418704987,18.35374801699072,18.364687400870025,10.939383879303932,True,
3584,onnx_model_000,measure,18.370885908320723,18.371940578799695,18.38300342671573,11.062847916036844,True,
3585,onnx_model_008,measure,18.37391258635694,18.37440734775737,18.38572994992137,11.322602164000273,True,
3586,onnx_model_000,measure,18.374127230926668,18.374605122953653,18.383151920046657,8.546797093003988,True,
3587,onnx_model_002,measure,18.377344243638696,18.37821411387995,18.383529436774552,5.315322894603014,True,
3588,onnx_model_002,measure,18.378275465878158,18.37856279592961,18.383589410688728,5.026614759117365,True,
3589,onnx_model_002,measure,18.381128267036615,18.382010218687356,18.383725920692086,1.7157020047307014,True,
3590,onnx_model_002,measure,18.381503857834694,18.38217190699652,18.38369235675782,1.520449761301279,True,
3591,onnx_model_009,measure,18.381544962795772,18.38231378607452,18.393587986938655,11.274200864136219,True,
3592,onnx_model_002,measure,18.396487789939062,18.396841080859303,18.40794075001031,11.09966915100813,True,
3593,onnx_model_005,measure,18.400400529936483,18.401303452905267,18.412559338845313,11.255885940045118,True,
3594,onnx_model_009,measure,18.40469230814882,18.405737050808966,18.416581203695387,10.844152886420488,True,
3595,onnx_model_004,measure,18.411202085162188,18.412171521689743,18.42323542293161,11.063901241868734,True,
3596,onnx_model_006,measure,18.41821348415494,18.41881625307724,18.429988458752632,11.172205675393343,True,
3597,onnx_model_001,measure,18.419400988059095,18.420274704694748,18.43128506373614,11.010359041392803,True,
3598,onnx_model_009,measure,18.42034067712106,18.420623939018697,18.431575645692647,10.951706673949957,True,
3599,onnx_model_006,measure,18.42571829225673,18.42647867789492,18.430101573932916,3.6228960379958153,True,
3600,onnx_model_005,measure,18.437606278129863,18.43878564191982,18.44991062907502,11.124987155199051,True,
3601,onnx_model_004,measure,18.439966401622716,18.440257468726486,18.451551066711545,11.293597985059023,True,
3602,onnx_model_000,measure,18.442681105622366,18.443690384738147,18.454729578923434,11.03919418528676,True,
3603,onnx_model_004,measure,18.447924628464076,18.449145063757896,18.451598486863077,2.4534231051802635,True,
3604,onnx_model_006,measure,18.450841537136224,18.451133152935654,18.46211272291839,10.979569982737303,True,
3605,onnx_model_000,measure,18.452878546117635,18.453826271928847,18.465148363728076,11.322091799229383,True,
3606,onnx_model_005,measure,18.462852610517146,18.46334506571293,18.474378648679703,11.033582966774702,True,
3607,onnx_model_005,measure,18.464179898411547,18.46479994105175,18.474494468886405,9.694527834653854,True,
3608,onnx_model_009,measure,18.47490790172013,18.475714137777686,18.48681733291596,11.103195138275623,True,
3609,onnx_model_003,measure,18.475578945443434,18.475890842732042,18.487021991983056,11.131149251013994,True,
3610,onnx_model_006,measure,18.478763937781917,18.47939651692286,18.490367681719363,10.971164796501398,True,
3611,onnx_model_009,measure,18.481232892814027,18.481825063936412,18.48698468087241,5.159616935998201,True,
3612,onnx_model_002,measure,18.498842933970348,18.500584803055972,18.51158230798319,10.99750492721796,True,
3613,onnx_model_005,measure,18.51489951960094,18.51582135586068,18.52676480775699,10.943451896309853,True,
3614,onnx_model_008,measure,18.517414296048344,18.51827135309577,18.52933511370793,11.063760612159967,True,
3615,onnx_model_001,measure,18.529352854325996,18.530641155783087,18.542158709838986,11.517554055899382,True,
3616,onnx_model_003,measure,18.529708629453395,18.53082703985274,18.54218932799995,11.362288147211075,True,
3617,onnx_model_002,measure,18.536785176318308,18.537377109751105,18.54840444168076,11.027331929653883,True,
3618,onnx_model_003,measure,18.541030971760566,18.541913603898138,18.552948088850826,11.034484952688217,True,
3619,onnx_model_009,measure,18.546126220113624,18.546417955774814,18.557344475761056,10.926519986242056,True,
3620,onnx_model_001,measure,18.546459404941437,18.546794551890343,18.557626050896943,10.831499006599188,True,
3621,onnx_model_005,measure,18.549558437638986,18.550634450744838,18.5616248017177,10.990350972861052,True,
3622,onnx_model_007,measure,18.557972832276107,18.558847522828728,18.56994690094143,11.099378112703562,True,
3623,onnx_model_001,measure,18.562999538530402,18.563852095976472,18.574849409982562,10.997314006090164,True,
3624,onnx_model_001,measure,18.564937564909798,18.56531930482015,18.574984265957028,9.664961136877537,True,
3625,onnx_model_000,measure,18.57121173138882,18.5721757276915,18.583065076731145,10.889349039644003,True,
3626,onnx_model_004,measure,18.577113310001295,18.578205259051174,18.58913215994835,10.926900897175074,True,
3627,onnx_model_006,measure,18.586988719056876,18.587298433762044,18.59857098199427,11.272548232227564,True,
3628,onnx_model_009,measure,18.587021411303844,18.58746388880536,18.59874681569636,11.282926890999079,True,
3629,onnx_model_007,measure,18.587063126685035,18.587612811941653,18.598884186707437,11.271374765783548,True,
3630,onnx_model_006,measure,18.590867185762537,18.591358340810984,18.598805446643382,7.447105832397938,True,
3631,onnx_model_006,measure,18.59640088200627,18.59681212808937,18.598836997058243,2.024868968874216,True,
3632,onnx_model_002,measure,18.5964103142223,18.59700013604015,18.608076369855553,11.076233815401793,True,
3633,onnx_model_005,measure,18.606170167325303,18.60715017002076,18.618213810026646,11.063640005886555,True,
3634,onnx_model_005,measure,18.622184243344133,18.62243487406522,18.63342535495758,10.99048089236021,True,
3635,onnx_model_001,measure,18.626581917994915,18.626894580665976,18.637796783819795,10.902203153818846,True,
3636,onnx_model_002,measure,18.6412661544518,18.64210592582822,18.653240371029824,11.134445201605558,True,
3637,onnx_model_007,measure,18.643209592993312,18.643613521009684,18.654747645836323,11.13412482663989,True,
3638,onnx_model_007,measure,18.65483161923659,18.656025855802,18.66712485300377,11.098997201770544,True,
3639,onnx_model_000,measure,18.657490336899137,18.658496662043035,18.669524915050715,11.028253007680178,True,
3640,onnx_model_007,measure,18.680813664791668,18.681845305021852,18.693432830739766,11.587525717914104,True,
3641,onnx_model_002,measure,18.68085784102664,18.682050624862313,18.69362206105143,11.571436189115047,True,
3642,onnx_model_001,measure,18.68143576550417,18.682199898641557,18.693581392988563,11.381494347006083,True,
3643,onnx_model_002,measure,18.687272522399905,18.687883692793548,18.693653830792755,5.770137999206781,True,
3644,onnx_model_001,measure,18.691343758073206,18.692431907635182,18.703642387874424,11.210480239242315,True,
3645,onnx_model_002,measure,18.70792721622563,18.708964503835887,18.720075965858996,11.111462023109198,True,
3646,onnx_model_006,measure,18.710130310337032,18.71051184600219,18.721741411834955,11.22956583276391,True,
3647,onnx_model_008,measure,18.715933091806114,18.717064151074737,18.7283007199876,11.236568912863731,True,
3648,onnx_model_004,measure,18.716234939997303,18.71725735766813,18.728523703757674,11.266346089541912,True,
3649,onnx_model_000,measure,18.72221357281623,18.723066039849073,18.73432899871841,11.262958869338036,True,
3650,onnx_model_008,measure,18.722242853782678,18.723261089995503,18.728573177941144,5.312087945640087,True,
3651,onnx_model_002,measure,18.73020223850802,18.730837251991034,18.741902224719524,11.06497272849083,True,
3652,onnx_model_006,measure,18.73588218382267,18.736559558659792,18.747672232799232,11.11267413944006,True,
3653,onnx_model_004,measure,18.736797941063706,18.73801921401173,18.748953237663954,10.934023652225733,True,
3654,onnx_model_005,measure,18.739683994356177,18.74046365963295,18.75148083176464,11.017172131687403,True,
3655,onnx_model_006,measure,18.74234057746544,18.7431513289921,18.747784134931862,4.632805939763784,True,
3656,onnx_model_009,measure,18.744391696159774,18.74462878704071,18.755694231018424,11.065443977713585,True,
3657,onnx_model_007,measure,18.763992332127625,18.765974001958966,18.77703722100705,11.063219048082829,True,
3658,onnx_model_000,measure,18.766205338903525,18.767432944849133,18.77877157786861,11.338633019477129,True,
3659,onnx_model_000,measure,18.766331265371104,18.767597948666662,18.778820390813053,11.222442146390676,True,
3660,onnx_model_007,measure,18.775706802552506,18.776149454060942,18.787293176632375,11.14372257143259,True,
3661,onnx_model_005,measure,18.777420532709172,18.77825858304277,18.789293247740716,11.034664697945118,True,
3662,onnx_model_006,measure,18.779768343878445,18.78000909090042,18.791033966932446,11.024876032024622,True,
3663,onnx_model_000,measure,18.78236448281213,18.783451603725553,18.794401789084077,10.950185358524323,True,
3664,onnx_model_009,measure,18.78577553084701,18.78691443707794,18.79776198603213,10.847548954188824,True,
3665,onnx_model_000,measure,18.787320985079496,18.78851446788758,18.79451151797548,5.99705008789897,True,
3666,onnx_model_002,measure,18.791029829331517,18.791204852052033,18.80222224490717,11.017392855137587,True,
3667,onnx_model_007,measure,18.8061060055172,18.80644314782694,18.817453045863658,11.009898036718369,True,
3668,onnx_model_001,measure,18.808312188497727,18.808897824026644,18.820026136934757,11.128312908113003,True,
3669,onnx_model_001,measure,18.81518163633159,18.816335381940007,18.820135093759745,3.7997118197381496,True,
3670,onnx_model_005,measure,18.818039579850716,18.818673565983772,18.82978229271248,11.108726728707552,True,
3671,onnx_model_004,measure,18.820077717557,18.820272334851325,18.831298373639584,11.02603878825903,True,
3672,onnx_model_000,measure,18.82027459902385,18.820674729999155,18.831645453814417,10.970723815262318,True,
3673,onnx_model_007,measure,18.829536944685568,18.829894996713847,18.84085400775075,10.959011036902666,True,
3674,onnx_model_002,measure,18.82972768309602,18.83025416964665,18.8413019599393,11.047790292650461,True,
3675,onnx_model_002,measure,18.84246165704189,18.84352378267795,18.854527348652482,11.003565974533558,True,
3676,onnx_model_006,measure,18.85219773651242,18.853986641857773,18.865111177787185,11.12453592941165,True,
3677,onnx_model_006,measure,18.859663770389766,18.860757501795888,18.865243759937584,4.486258141696453,True,
3678,onnx_model_003,measure,18.860864336042614,18.861147603951395,18.872272880747914,11.125276796519756,True,
3679,onnx_model_007,measure,18.87138377140254,18.872368482872844,18.883582069072872,11.213586200028658,True,
3680,onnx_model_007,measure,18.87139109010484,18.872529518790543,18.883710152003914,11.180633213371038,True,
3681,onnx_model_009,measure,18.87758735712825,18.87804879108444,18.889058327767998,11.009536683559418,True,
3682,onnx_model_008,measure,18.88481071337081,18.885965859983116,18.896994162816554,11.02830283343792,True,
3683,onnx_model_000,measure,18.889411712855154,18.89028316596523,18.901304445695132,11.021279729902744,True,
3684,onnx_model_009,measure,18.89889789083904,18.899221806786954,18.910232737660408,11.010930873453617,True,
3685,onnx_model_001,measure,18.907165899155217,18.90753013966605,18.91863521002233,11.105070356279612,True,
3686,onnx_model_001,measure,18.912933710244783,18.913460733834654,18.918762892019004,5.302158184349537,True,
3687,onnx_model_003,measure,18.914625247023178,18.914925457909703,18.92603280209005,11.107344180345535,True,
3688,onnx_model_004,measure,18.91961530525127,18.91999341081828,18.930981868878007,10.988458059728146,True,
3689,onnx_model_004,measure,18.929949113881683,18.930260296911,18.94130922993645,11.048933025449514,True,
3690,onnx_model_000,measure,18.936958015643697,18.937208484858274,18.948242528829724,11.034043971449137,True,
3691,onnx_model_000,measure,18.9406492670737,18.941405321937054,18.948351135011762,6.945813074707985,True,
3692,onnx_model_001,measure,18.953993038263466,18.954648956656456,18.96572209475562,11.07313809916377,True,
3693,onnx_model_008,measure,18.95635565677158,18.95722355088219,18.968639249913394,11.415699031203985,True,
3694,onnx_model_008,measure,18.956554721731194,18.957412509713322,18.968583303969353,11.170794256031513,True,
3695,onnx_model_006,measure,18.958423616155084,18.95898349583149,18.970084216911346,11.100721079856157,True,
3696,onnx_model_000,measure,18.975283517602925,18.976310342084616,18.98737116670236,11.060824617743492,True,
3697,onnx_model_007,measure,18.976751376484362,18.977765548042953,18.98901542276144,11.249874718487263,True,
3698,onnx_model_001,measure,18.980465739989903,18.9812422869727,18.99228585883975,11.04357186704874,True,
3699,onnx_model_001,measure,18.98632031518394,18.986684672068805,18.992411637678742,5.726965609937906,True,
3700,onnx_model_006,measure,18.9882451671655,18.988598469644785,18.999762542080134,11.164072435349226,True,
3701,onnx_model_000,measure,18.999429720646503,18.99987472500652,19.010854094754905,10.97936974838376,True,
3702,onnx_model_003,measure,19.000564146300647,19.001328277867287,19.012294662650675,10.966384783387184,True,
3703,onnx_model_008,measure,19.00335279972846,19.003761953674257,19.01477170176804,11.009748093783855,True,
3704,onnx_model_001,measure,19.01236790068818,19.013519851956517,19.024490545969456,10.97069401293993,True,
3705,onnx_model_003,measure,19.017186349541024,19.018011230044067,19.029094477649778,11.083247605711222,True,
3706,onnx_model_006,measure,19.02080764761094,19.02145483577624,19.03233665972948,10.88182395324111,True,
3707,onnx_model_000,measure,19.02440620842817,19.02463329769671,19.03547640889883,10.843111202120781,True,
3708,onnx_model_002,measure,19.026969663286543,19.028134973719716,19.0391486287117,11.013654991984367,True,
3709,onnx_model_008,measure,19.03661271831309,19.037697149906307,19.048791838809848,11.094688903540373,True,
3710,onnx_model_005,measure,19.043691339332483,19.044370885938406,19.0554181849584,11.047299019992352,True,
3711,onnx_model_002,measure,19.061654012996037,19.062722268979996,19.074171722866595,11.449453886598349,True,
3712,onnx_model_000,measure,19.062159349248557,19.062949120998383,19.074223251082003,11.274130083620548,True,
3713,onnx_model_005,measure,19.062781283259135,19.063466002698988,19.075000087730587,11.534085031598806,True,
3714,onnx_model_000,measure,19.06328817451417,19.06363630667329,19.07468383666128,11.047529987990856,True,
3715,onnx_model_007,measure,19.064063905295352,19.064219275023788,19.07512847194448,10.90919692069292,True,
3716,onnx_model_000,measure,19.073717286014066,19.074327670037746,19.085375329945236,11.047659907490015,True,
3717,onnx_model_003,measure,19.07824611795914,19.07936826068908,19.09069352876395,11.32526807487011,True,
3718,onnx_model_003,measure,19.07827931551902,19.07955896295607,19.090730047784746,11.171084828674793,True,
3719,onnx_model_006,measure,19.07855685588463,19.079707235097885,19.08893944369629,9.232208598405123,True,
3720,onnx_model_006,measure,19.083193846877048,19.08433486195281,19.089104117825627,4.769255872815847,True,
3721,onnx_model_006,measure,19.084964877483966,19.085475629661232,19.08916393108666,3.6883014254271984,True,
3722,onnx_model_006,measure,19.087644341531778,19.08795774774626,19.089195461012423,1.2377132661640644,True,
3723,onnx_model_008,measure,19.094150966013366,19.09496925584972,19.106028007809073,11.058751959353685,True,
3724,onnx_model_008,measure,19.095603714150332,19.09641710901633,19.10647157067433,10.054461658000946,True,
3725,onnx_model_006,measure,19.099241655088807,19.09988091280684,19.111026839818805,11.145927011966705,True,
3726,onnx_model_003,measure,19.09970840131777,19.100052800029516,19.11118616303429,11.133363004773855,True,
3727,onnx_model_000,measure,19.10579151723122,19.106126273982227,19.116985024884343,10.858750902116299,True,
3728,onnx_model_009,measure,19.115210506354934,19.116359807085246,19.127210321836174,10.850514750927687,True,
3729,onnx_model_008,measure,19.119400787854516,19.120159259065986,19.13124001165852,11.080752592533827,True,
3730,onnx_model_002,measure,19.119489134583645,19.120254721026868,19.131201880052686,10.94715902581811,True,
3731,onnx_model_007,measure,19.130852744254206,19.13132820976898,19.14226926676929,10.941057000309229,True,
3732,onnx_model_002,measure,19.131631436876017,19.132769729942083,19.143750291783363,10.980561841279268,True,
3733,onnx_model_005,measure,19.1370758800453,19.138219750020653,19.149109849706292,10.890099685639143,True,
3734,onnx_model_009,measure,19.139910897220137,19.140589493792504,19.151421774644405,10.832280851900578,True,
3735,onnx_model_001,measure,19.143635849671636,19.143915365915745,19.154784026090056,10.868660174310207,True,
3736,onnx_model_006,measure,19.14564652963846,19.146386282984167,19.15750489803031,11.118615046143532,True,
3737,onnx_model_006,measure,19.147607514738915,19.14783127978444,19.157561155036092,9.72987525165081,True,
3738,onnx_model_008,measure,19.157769699936182,19.15879801567644,19.169821701012552,11.023685336112976,True,
3739,onnx_model_009,measure,19.161524393886424,19.162261789664626,19.173338905908167,11.07711624354124,True,
3740,onnx_model_003,measure,19.164175262570712,19.16471103578806,19.175909131765366,11.198095977306366,True,
3741,onnx_model_005,measure,19.16439476971657,19.16489356290549,19.17608637874946,11.192815843969584,True,
3742,onnx_model_004,measure,19.164509920989236,19.16504580201581,19.175946874078363,10.901072062551975,True,
3743,onnx_model_001,measure,19.166939173152375,19.167635584715754,19.178611177951097,10.975593235343695,True,
3744,onnx_model_009,measure,19.16695503331422,19.167797582689673,19.173393128905445,5.595546215772629,True,
3745,onnx_model_005,measure,19.176328098104666,19.17732463264838,19.188524772878736,11.200140230357647,True,
3746,onnx_model_005,measure,19.18041757159502,19.180871594697237,19.18857050873339,7.698914036154747,True,
3747,onnx_model_005,measure,19.180497697804885,19.18103579664603,19.188712959643453,7.6771629974246025,True,
3748,onnx_model_008,measure,19.182910931542647,19.183552240021527,19.19464723067358,11.094990652054548,True,
3749,onnx_model_007,measure,19.18712683725099,19.18801889102906,19.198851672932506,10.83278190344572,True,
3750,onnx_model_004,measure,19.188678442010417,19.18888083891943,19.199628388974816,10.747550055384636,True,
3751,onnx_model_005,measure,19.199244207746048,19.199684706050903,19.21068264171481,10.99793566390872,True,
3752,onnx_model_000,measure,19.204169022122844,19.205038422718644,19.215984789654613,10.946366935968399,True,
3753,onnx_model_007,measure,19.206302299406556,19.20746563700959,19.218404849991202,10.93921298161149,True,
3754,onnx_model_004,measure,19.208182211370545,19.208904170896858,19.219839117024094,10.93494612723589,True,
3755,onnx_model_005,measure,19.216992982606925,19.217201492749155,19.228305209893733,11.103717144578695,True,
3756,onnx_model_005,measure,19.22649538602518,19.22706950083375,19.228427982889116,1.3584820553660393,True,
3757,onnx_model_008,measure,19.22849652502711,19.229640647768974,19.24064077809453,11.000130325555801,True,
3758,onnx_model_006,measure,19.23047267288008,19.23107815068215,19.241878600791097,10.80045010894537,True,
3759,onnx_model_004,measure,19.234577231021948,19.23550382303074,19.246469386853278,10.96556382253766,True,
3760,onnx_model_007,measure,19.243233290310606,19.244089893996716,19.255414681043476,11.32478704676032,True,
3761,onnx_model_003,measure,19.24965248893149,19.25069524999708,19.261834755074233,11.139505077153444,True,
3762,onnx_model_001,measure,19.250508195589443,19.25085363071412,19.262037629727274,11.183999013155699,True,
3763,onnx_model_008,measure,19.251827384494536,19.252382948063314,19.263532852753997,11.149904690682888,True,
3764,onnx_model_000,measure,19.252157529458866,19.252543192822486,19.263651337940246,11.108145117759705,True,
3765,onnx_model_001,measure,19.25429908132626,19.25505713094026,19.26207689475268,7.019763812422752,True,
3766,onnx_model_009,measure,19.258688734163506,19.259644330944866,19.270550902932882,10.906571988016367,True,
3767,onnx_model_004,measure,19.264437550253554,19.264892296865582,19.276045717764646,11.153420899063349,True,
3768,onnx_model_006,measure,19.264602030805346,19.265062360092998,19.27609755564481,11.035195551812649,True,
3769,onnx_model_003,measure,19.278910643330693,19.27932035177946,19.29046758171171,11.147229932248592,True,
3770,onnx_model_009,measure,19.28008791389864,19.280779976863414,19.292012177873403,11.232201009988785,True,
3771,onnx_model_003,measure,19.280504909129476,19.28096008906141,19.29061411973089,9.654030669480562,True,
3772,onnx_model_009,measure,19.282187062371513,19.28248111065477,19.292051932774484,9.57082211971283,True,
3773,onnx_model_006,measure,19.283856595067903,19.284939753822982,19.29591584764421,10.97609382122755,True,
3774,onnx_model_003,measure,19.28674085067497,19.28739963984117,19.29065288370475,3.253243863582611,True,
3775,onnx_model_007,measure,19.30652884619816,19.307163648772985,19.318374840077013,11.211191304028034,True,
3776,onnx_model_003,measure,19.306872500757102,19.30733584566042,19.31852094689384,11.185101233422756,True,
3777,onnx_model_006,measure,19.307658975876894,19.308792574796826,19.319843370933086,11.050796136260033,True,
3778,onnx_model_003,measure,19.308412173136414,19.308898736722767,19.31857843697071,9.679700247943401,True,
3779,onnx_model_000,measure,19.314487130957996,19.315284604672343,19.326172661967576,10.888057295233011,True,
3780,onnx_model_007,measure,19.321270476543148,19.322085563093424,19.33350396808237,11.41840498894453,True,
3781,onnx_model_003,measure,19.321326590996602,19.32224873267114,19.33345875190571,11.21001923456788,True,
3782,onnx_model_009,measure,19.32485781206705,19.3257650770247,19.336787770036608,11.022693011909723,True,
3783,onnx_model_002,measure,19.32847278853436,19.32941201981157,19.340410996694118,10.99897688254714,True,
3784,onnx_model_006,measure,19.337534833999715,19.338009351864457,19.34902553167194,11.01617980748415,True,
3785,onnx_model_005,measure,19.361738229836394,19.363246615044773,19.374250501859933,11.003886815160513,True,
3786,onnx_model_003,measure,19.364135537266655,19.36468380689621,19.37563090585172,10.947098955512047,True,
3787,onnx_model_005,measure,19.369675758744435,19.370142383035272,19.37431546486914,4.173081833869219,True,
3788,onnx_model_003,measure,19.372962451018694,19.37352304905653,19.375747818034142,2.224768977612257,True,
3789,onnx_model_006,measure,19.37762550387989,19.377980260644108,19.38890709169209,10.926831047981977,True,
3790,onnx_model_003,measure,19.380328895152783,19.38141682371497,19.392441840842366,11.025017127394676,True,
3791,onnx_model_002,measure,19.39299162141149,19.393663031980395,19.404647422023118,10.984390042722225,True,
3792,onnx_model_007,measure,19.398679530324557,19.399156774859875,19.410178064834327,11.021289974451065,True,
3793,onnx_model_000,measure,19.403982598968554,19.404745758976787,19.415689400862902,10.943641886115074,True,
3794,onnx_model_007,measure,19.404602560778823,19.40513438777998,19.41031045699492,5.176069214940071,True,
3795,onnx_model_004,measure,19.414279301978443,19.41453522676602,19.425417272839695,10.882046073675156,True,
3796,onnx_model_001,measure,19.41817665648882,19.418935812078416,19.430039959959686,11.104147881269455,True,
3797,onnx_model_002,measure,19.422315036114256,19.423390148673207,19.434394646901637,11.004498228430748,True,
3798,onnx_model_007,measure,19.4271227273571,19.42766198888421,19.438671607058495,11.009618174284697,True,
3799,onnx_model_009,measure,19.428816257747975,19.429138966836035,19.440014109015465,10.875142179429531,True,
3800,onnx_model_008,measure,19.43081180447087,19.431275407783687,19.442187439650297,10.91203186661005,True,
3801,onnx_model_001,measure,19.455635154415802,19.45641316100955,19.467392371036112,10.979210026562214,True,
3802,onnx_model_005,measure,19.46421187355915,19.464946491643786,19.47599291987717,11.046428233385086,True,
3803,onnx_model_004,measure,19.468196458352782,19.468629161827266,19.479616958647966,10.987796820700169,True,
3804,onnx_model_007,measure,19.478464471401182,19.479221536777914,19.490666121710092,11.444584932178259,True,
3805,onnx_model_007,measure,19.489264670621964,19.489847865886986,19.500908800866455,11.060934979468584,True,
3806,onnx_model_008,measure,19.489788711870467,19.490278826095164,19.501241212710738,10.96238661557436,True,
3807,onnx_model_000,measure,19.496162077087412,19.497105862945318,19.50813498767093,11.029124725610018,True,
3808,onnx_model_004,measure,19.496934445775125,19.497503167949617,19.508665655739605,11.162487789988518,True,
3809,onnx_model_004,measure,19.50183182925337,19.502473465632647,19.508713035844266,6.239570211619139,True,
3810,onnx_model_005,measure,19.501996618206707,19.502646204084158,19.513899004086852,11.25280000269413,True,
3811,onnx_model_004,measure,19.5070786907523,19.508234106004238,19.519298939034343,11.064833030104637,True,
3812,onnx_model_001,measure,19.516511395816213,19.51716420101002,19.52817583270371,11.011631693691015,True,
3813,onnx_model_000,measure,19.518583355036384,19.519394810777158,19.530436930712312,11.042119935154915,True,
3814,onnx_model_004,measure,19.52042873385051,19.52083407668397,19.53181159403175,10.97751734778285,True,
3815,onnx_model_000,measure,19.53225515216716,19.533013137988746,19.5440829298459,11.069791857153177,True,
3816,onnx_model_008,measure,19.53810885438927,19.53846200508997,19.54953629570082,11.074290610849857,True,
3817,onnx_model_009,measure,19.542421390278157,19.542918285820633,19.55394655885175,11.028273031115532,True,
3818,onnx_model_006,measure,19.542525466598427,19.543084281031042,19.554136760998517,11.052479967474937,True,
3819,onnx_model_000,measure,19.550058077834965,19.5507754907012,19.561783716082573,11.00822538137436,True,
3820,onnx_model_006,measure,19.554170349682618,19.555359655059874,19.566755606792867,11.395951732993126,True,
3821,onnx_model_005,measure,19.554182957288038,19.555525018833578,19.566600692924112,11.075674090534449,True,
3822,onnx_model_002,measure,19.555908762751592,19.55701598385349,19.56801872793585,11.00274408236146,True,
3823,onnx_model_003,measure,19.55779922496122,19.558445199858397,19.569432264659554,10.98706480115652,True,
3824,onnx_model_002,measure,19.55900220299833,19.559914252720773,19.568054836709052,8.140583988279104,True,
3825,onnx_model_006,measure,19.560859877966337,19.561343469657004,19.56681125285104,5.467783194035292,True,
3826,onnx_model_001,measure,19.56506351118311,19.56604619883001,19.57719649374485,11.150294914841652,True,
3827,onnx_model_007,measure,19.57195719623534,19.57265695463866,19.58392105670646,11.264102067798376,True,
3828,onnx_model_002,measure,19.572242931765647,19.572819924913347,19.58408011868596,11.260193772614002,True,
3829,onnx_model_002,measure,19.576483366585485,19.577292507048696,19.584138540085405,6.846033036708832,True,
3830,onnx_model_005,measure,19.581595543036304,19.582735633011907,19.593907178845257,11.171545833349228,True,
3831,onnx_model_005,measure,19.585098698451265,19.585356825962663,19.594050060026348,8.69323406368494,True,
3832,onnx_model_005,measure,19.588032548264618,19.588797436095774,19.594105114694685,5.30767859891057,True,
3833,onnx_model_001,measure,19.595571095717492,19.596325625665486,19.607351284008473,11.025658342987299,True,
3834,onnx_model_000,measure,19.597504908886776,19.597761274781078,19.608781702816486,11.020428035408258,True,
3835,onnx_model_001,measure,19.597684322613247,19.59815699700266,19.607462525833398,9.305528830736876,True,
3836,onnx_model_003,measure,19.601902536653107,19.602587688714266,19.61358060501516,10.99291630089283,True,
3837,onnx_model_002,measure,19.60252945017917,19.602962771896273,19.613935940898955,10.97316900268197,True,
3838,onnx_model_007,measure,19.60405217570153,19.604450539685786,19.615372540894896,10.922001209110022,True,
3839,onnx_model_007,measure,19.609926268869188,19.61101042991504,19.615475486963987,4.465057048946619,True,
3840,onnx_model_004,measure,19.611178457331523,19.611374771688133,19.62228574184701,10.910970158874989,True,
3841,onnx_model_000,measure,19.618115627192104,19.61871702875942,19.629596248734742,10.879219975322485,True,
3842,onnx_model_006,measure,19.630064247728402,19.63083046488464,19.641914914827794,11.08444994315505,True,
3843,onnx_model_008,measure,19.642661892059664,19.6431357646361,19.654124072752893,10.988308116793633,True,
3844,onnx_model_000,measure,19.64901549677229,19.649578942917287,19.660659125074744,11.080182157456875,True,
3845,onnx_model_000,measure,19.651322944376467,19.652012438979,19.660695895086974,8.683456107974052,True,
3846,onnx_model_004,measure,19.66122499733585,19.661917075980455,19.67288992367685,10.972847696393728,True,
3847,onnx_model_004,measure,19.664249363861177,19.66541348164901,19.67302350793034,7.610026281327009,True,
3848,onnx_model_000,measure,19.669601494096984,19.67079007299617,19.68174682976678,10.95675677061081,True,
3849,onnx_model_009,measure,19.675975463239343,19.67624456109479,19.6871591177769,10.914556682109833,True,
3850,onnx_model_008,measure,19.67721623303753,19.67767613194883,19.688756032846868,11.079900898039341,True,
3851,onnx_model_004,measure,19.678870541029948,19.679119626060128,19.690087493974715,10.96786791458726,True,
3852,onnx_model_008,measure,19.686881541951937,19.68725253501907,19.688905426766723,1.6528917476534843,True,
3853,onnx_model_002,measure,19.68871641877211,19.689035654999316,19.700005205813795,10.96955081447959,True,
3854,onnx_model_009,measure,19.68931219183622,19.690182313788682,19.701080079656094,10.89776586741209,True,
3855,onnx_model_008,measure,19.690069403004937,19.690530485939234,19.70155136473477,11.020878795534372,True,
3856,onnx_model_005,measure,19.692906311593127,19.693969984073192,19.704956337809563,10.986353736370802,True,
3857,onnx_model_001,measure,19.69526967692153,19.696394502650946,19.707384212873876,10.989710222929716,True,
3858,onnx_model_006,measure,19.7016110558,19.702765132766217,19.713822540827096,11.057408060878515,True,
3859,onnx_model_002,measure,19.7078941273449,19.708599041681737,19.719603018835187,11.00397715345025,True,
3860,onnx_model_008,measure,19.71211288255227,19.713040734641254,19.724120165687054,11.079431045800447,True,
3861,onnx_model_008,measure,19.71355811553376,19.71393547579646,19.724228111095726,10.292635299265385,True,
3862,onnx_model_006,measure,19.719972932013558,19.72082233708352,19.73181195696816,10.989619884639978,True,
3863,onnx_model_005,measure,19.73047082888033,19.731446512043476,19.742848505731672,11.401993688195944,True,
3864,onnx_model_003,measure,19.736031078271846,19.737038881983608,19.748068798799068,11.029916815459728,True,
3865,onnx_model_009,measure,19.742015534328097,19.742502849083394,19.753673501778394,11.170652695000172,True,
3866,onnx_model_007,measure,19.743265185335368,19.744101056829095,19.755282079800963,11.181022971868515,True,
3867,onnx_model_003,measure,19.752805445749583,19.753290574997663,19.76432940782979,11.03883283212781,True,
3868,onnx_model_005,measure,19.75344541325573,19.753804390784353,19.764843475073576,11.039084289222956,True,
3869,onnx_model_007,measure,19.75902931340384,19.75951152993366,19.770668297074735,11.156767141073942,True,
3870,onnx_model_007,measure,19.75925570919385,19.759674299042672,19.770776262972504,11.101963929831982,True,
3871,onnx_model_002,measure,19.761359090351704,19.762227181810886,19.773182686883956,10.955505073070526,True,
3872,onnx_model_004,measure,19.767149012308575,19.768081821035594,19.779024641029537,10.942819993942976,True,
3873,onnx_model_006,measure,19.771720829227466,19.77200015867129,19.78304608585313,11.045927181839943,True,
3874,onnx_model_003,measure,19.775211925152984,19.77640529209748,19.78731114277616,10.905850678682327,True,
3875,onnx_model_002,measure,19.801661325534305,19.802553796675056,19.81361380079761,11.060004122555256,True,
3876,onnx_model_000,measure,19.810604180452653,19.811031742952764,19.822017835918814,10.98609296604991,True,
3877,onnx_model_008,measure,19.812146667001272,19.812478051986545,19.82342993002385,10.951878037303686,True,
3878,onnx_model_006,measure,19.81998776473069,19.82083494681865,19.8320146179758,11.17967115715146,True,
3879,onnx_model_006,measure,19.821978695296778,19.822165064979345,19.83206109609455,9.896031115204096,True,
3880,onnx_model_002,measure,19.823553729414005,19.824654036667198,19.835820311680436,11.166275013238192,True,
3881,onnx_model_000,measure,19.82417734363002,19.8248174469918,19.835998290684074,11.180843692272902,True,
3882,onnx_model_002,measure,19.83314056324413,19.83428717777133,19.83603690378368,1.7497260123491287,True,
3883,onnx_model_005,measure,19.841035473682034,19.8412584788166,19.852372735738754,11.114256922155619,True,
3884,onnx_model_007,measure,19.846092618369063,19.84669482288882,19.857741862069815,11.047039180994034,True,
3885,onnx_model_003,measure,19.84806426982704,19.84915101202205,19.860232636798173,11.081624776124954,True,
3886,onnx_model_005,measure,19.85141036119461,19.852468597702682,19.863426697906107,10.958100203424692,True,
3887,onnx_model_006,measure,19.8823918967411,19.88274411763996,19.893880766816437,11.136649176478386,True,
3888,onnx_model_009,measure,19.89769832882722,19.89809525804594,19.90913936169818,11.044103652238846,True,
3889,onnx_model_007,measure,19.90182379559588,19.90244227088988,19.913525579031557,11.083308141678572,True,
3890,onnx_model_008,measure,19.910220040944516,19.911452237982303,19.922676833812147,11.224595829844475,True,
3891,onnx_model_003,measure,19.91101793615927,19.911638972815126,19.92295695701614,11.317984201014042,True,
3892,onnx_model_009,measure,19.91178141216572,19.912150505930185,19.923304317053407,11.153811123222113,True,
3893,onnx_model_008,measure,19.91463737695635,19.91583685297519,19.9229034348391,7.06658186390996,True,
3894,onnx_model_006,measure,19.915235025139754,19.91604644106701,19.927165206056088,11.118764989078045,True,
3895,onnx_model_009,measure,19.91754946500763,19.918621204793453,19.923341828864068,4.720624070614576,True,
3896,onnx_model_009,measure,19.918837803748826,19.919056673068553,19.923448220826685,4.391547758132219,True,
3897,onnx_model_001,measure,19.919463102413435,19.92050677863881,19.931800076738,11.293298099189997,True,
3898,onnx_model_007,measure,19.9305054468638,19.931436374783516,19.942387010902166,10.950636118650436,True,
3899,onnx_model_009,measure,19.94739570719935,19.94853392476216,19.959540346637368,11.006421875208616,True,
3900,onnx_model_001,measure,19.95097834051161,19.951959317084402,19.963026533834636,11.067216750234365,True,
3901,onnx_model_003,measure,19.954143028289995,19.954407589975744,19.96540915267542,11.00156269967556,True,
3902,onnx_model_009,measure,19.9562158119061,19.95678515965119,19.959662027657032,2.8768680058419704,True,
3903,onnx_model_006,measure,19.957087201863633,19.958173098042607,19.969227901659906,11.054803617298603,True,
3904,onnx_model_005,measure,19.96039683498618,19.960898438002914,19.971928614657372,11.030176654458046,True,
3905,onnx_model_005,measure,19.961090806993344,19.96127148764208,19.97202931670472,10.757829062640667,True,
3906,onnx_model_006,measure,19.961182266602883,19.96161547070369,19.969335014931858,7.719544228166342,True,
3907,onnx_model_003,measure,19.96278169452073,19.963122465647757,19.965517559088767,2.3950934410095215,True,
3908,onnx_model_001,measure,19.966835620413043,19.96774171665311,19.979076182004064,11.334465350955725,True,
3909,onnx_model_009,measure,19.967193293456717,19.967924423981458,19.97911401372403,11.189589742571115,True,
3910,onnx_model_002,measure,19.97400792610244,19.97426732070744,19.985107987653464,10.840666946023703,True,
3911,onnx_model_007,measure,19.975193162783874,19.97570202779025,19.986685225740075,10.983197949826717,True,
3912,onnx_model_005,measure,19.97608781689814,19.97714302688837,19.98801159672439,10.86856983602047,True,
3913,onnx_model_000,measure,19.97704464068662,19.977481611073017,19.98841560492292,10.933993849903345,True,
3914,onnx_model_006,measure,19.97816874093401,19.978838810697198,19.989673655945808,10.834845248609781,True,
3915,onnx_model_005,measure,19.988204888312712,19.988510424736887,19.999574366025627,11.063941288739443,True,
3916,onnx_model_009,measure,19.988317531985864,19.988669557962567,19.999697681050748,11.028123088181019,True,
3917,onnx_model_006,measure,19.996297570507323,19.996915160678327,20.007850006688386,10.934846010059118,True,
3918,onnx_model_008,measure,20.000828530179497,20.00193101586774,20.012905255891383,10.974240023642778,True,
3919,onnx_model_002,measure,20.008104989123176,20.009080545976758,20.019927714951336,10.84716897457838,True,
3920,onnx_model_006,measure,20.012232860408712,20.0125139830634,20.0235234699212,11.009486857801676,True,
3921,onnx_model_007,measure,20.021196167353025,20.022164676804096,20.03335200296715,11.187326163053513,True,
3922,onnx_model_006,measure,20.02149818602132,20.022321925964206,20.023648336995393,1.3264110311865807,True,
3923,onnx_model_002,measure,20.022462134694802,20.022747955750674,20.03358669904992,10.838743299245834,True,
3924,onnx_model_001,measure,20.025124749062282,20.025881682988256,20.03680892381817,10.927240829914808,True,
3925,onnx_model_007,measure,20.039587312632705,20.040043962653726,20.051011350937188,10.967388283461332,True,
3926,onnx_model_001,measure,20.04817251973191,20.048478777054697,20.059504714794457,11.025937739759684,True,
3927,onnx_model_004,measure,20.050794536357447,20.051106140948832,20.061971433926374,10.865292977541685,True,
3928,onnx_model_006,measure,20.055556730466535,20.05647906381637,20.067827987018973,11.348923202604055,True,
3929,onnx_model_001,measure,20.066131486349295,20.06721052294597,20.078439126722515,11.228603776544333,True,
3930,onnx_model_005,measure,20.06615870603887,20.06739004375413,20.078599541913718,11.209498159587383,True,
3931,onnx_model_008,measure,20.06876722004605,20.069036203902215,20.079946431796998,10.91022789478302,True,
3932,onnx_model_005,measure,20.071872981255325,20.072467976715416,20.07863839576021,6.170419044792652,True,
3933,onnx_model_000,measure,20.082084736167257,20.08318850491196,20.09429799299687,11.1094880849123,True,
3934,onnx_model_003,measure,20.082100984741547,20.083353508729488,20.094406929798424,11.053421068936586,True,
3935,onnx_model_005,measure,20.08830681589476,20.088895693887025,20.0997714670375,10.875773150473833,True,
3936,onnx_model_004,measure,20.108924682775264,20.11000816570595,20.121368159074336,11.359993368387222,True,
3937,onnx_model_005,measure,20.11013521576607,20.110372378025204,20.121489689685404,11.117311660200357,True,
3938,onnx_model_005,measure,20.119369784651063,20.120922191999853,20.132002444006503,11.080252006649971,True,
3939,onnx_model_002,measure,20.127437858800484,20.12779786065221,20.138898812700063,11.100952047854662,True,
3940,onnx_model_003,measure,20.133751677933034,20.13423958607018,20.145334004890174,11.094418819993734,True,
3941,onnx_model_008,measure,20.14238156603768,20.143146676942706,20.15426945965737,11.122782714664936,True,
3942,onnx_model_000,measure,20.145598869153112,20.146585213020444,20.15758107509464,10.995862074196339,True,
3943,onnx_model_002,measure,20.152423278798285,20.153073376975954,20.164130474906415,11.057097930461168,True,
3944,onnx_model_009,measure,20.15501301025675,20.155523353721946,20.166682054754347,11.158701032400131,True,
3945,onnx_model_009,measure,20.16196729281561,20.16281531471759,20.16672815196216,3.9128372445702553,True,
3946,onnx_model_003,measure,20.185595469228446,20.18612413201481,20.197401948738843,11.277816724032164,True,
3947,onnx_model_009,measure,20.186106549877934,20.18663011305034,20.19765467895195,11.024565901607275,True,
3948,onnx_model_005,measure,20.19286101289232,20.193194340914488,20.204315199982375,11.120859067887068,True,
3949,onnx_model_005,measure,20.198111953735808,20.1989264767617,20.20445519592613,5.528719164431095,True,
3950,onnx_model_004,measure,20.199905060444518,20.200419714674354,20.21146448003128,11.04476535692811,True,
3951,onnx_model_008,measure,20.20489759302995,20.205689001828432,20.216678951866925,10.98995003849268,True,
3952,onnx_model_006,measure,20.206701491016304,20.20716490689665,20.218338917009532,11.17401011288166,True,
3953,onnx_model_004,measure,20.210504572905393,20.2115669650957,20.222468386869878,10.901421774178743,True,
3954,onnx_model_003,measure,20.21742247249972,20.217922765761614,20.228966328781098,11.043563019484282,True,
3955,onnx_model_005,measure,20.226862068675988,20.227688188664615,20.238823004998267,11.134816333651543,True,
3956,onnx_model_005,measure,20.235965790266736,20.23619915684685,20.23895094776526,2.7517909184098244,True,
3957,onnx_model_008,measure,20.24044419994909,20.241169755812734,20.252222705632448,11.052949819713831,True,
3958,onnx_model_000,measure,20.24222838244128,20.242607387714088,20.2535536759533,10.946288239210844,True,
3959,onnx_model_001,measure,20.244471906561454,20.245043358765543,20.256305385846645,11.262027081102133,True,
3960,onnx_model_002,measure,20.245119965633105,20.245743970852345,20.256595869082958,10.851898230612278,True,
3961,onnx_model_004,measure,20.247830969259276,20.248199668712914,20.25912829209119,10.928623378276825,True,
3962,onnx_model_004,measure,20.259671870122606,20.26036389078945,20.271625698078424,11.261807288974524,True,
3963,onnx_model_002,measure,20.26805223941631,20.26881241099909,20.279836054891348,11.023643892258406,True,
3964,onnx_model_003,measure,20.270647181226522,20.271307874005288,20.282464040908962,11.156166903674603,True,
3965,onnx_model_003,measure,20.272261018441814,20.27285403292626,20.282504196744412,9.650163818150759,True,
3966,onnx_model_002,measure,20.294815216710063,20.296721681952477,20.307718195021152,10.996513068675995,True,
3967,onnx_model_007,measure,20.299411190501324,20.300183912739158,20.31134892674163,11.165014002472162,True,
3968,onnx_model_003,measure,20.30256275009892,20.303619453683496,20.314670339692384,11.050886008888483,True,
3969,onnx_model_001,measure,20.310037702553615,20.31095914589241,20.321985765825957,11.02661993354559,True,
3970,onnx_model_005,measure,20.314438379502143,20.314774107653648,20.325982141774148,11.208034120500088,True,
3971,onnx_model_005,measure,20.316072607327744,20.31723169889301,20.326021476648748,8.789777755737305,True,
3972,onnx_model_003,measure,20.336520228868864,20.337243858724833,20.348284225910902,11.040367186069489,True,
3973,onnx_model_003,measure,20.339836810363483,20.34069214388728,20.348415474873036,7.723330985754728,True,
3974,onnx_model_002,measure,20.345669542090334,20.346149887889624,20.357110843993723,10.96095610409975,True,
3975,onnx_model_007,measure,20.349453738861616,20.35064028389752,20.361703843809664,11.063559912145138,True,
3976,onnx_model_005,measure,20.35464590722873,20.355097285937518,20.366122984793037,11.025698855519295,True,
3977,onnx_model_009,measure,20.358472168166823,20.359333648812026,20.370367863681167,11.034214869141579,True,
3978,onnx_model_002,measure,20.359462505302528,20.359702059067786,20.370671370998025,10.9693119302392,True,
3979,onnx_model_004,measure,20.359941201690724,20.36115818703547,20.372350302059203,11.192115023732185,True,
3980,onnx_model_004,measure,20.363687615710347,20.36393918376416,20.37239809287712,8.4589091129601,True,
3981,onnx_model_000,measure,20.368822164018216,20.36936812289059,20.380287989974022,10.91986708343029,True,
3982,onnx_model_001,measure,20.371534831922713,20.371919743716717,20.382984244730324,11.064501013606787,True,
3983,onnx_model_007,measure,20.384501677369247,20.385204405989498,20.39654650585726,11.342099867761135,True,
3984,onnx_model_001,measure,20.395305327859333,20.395649179816246,20.40685241576284,11.203235946595669,True,
3985,onnx_model_008,measure,20.396937968884114,20.397766874637455,20.40878966776654,11.022793129086494,True,
3986,onnx_model_002,measure,20.40287645642018,20.40322318673134,20.41427336167544,11.050174944102764,True,
3987,onnx_model_006,measure,20.40786794399173,20.408093434758484,20.4191765319556,11.083097197115421,True,
3988,onnx_model_001,measure,20.40992032441042,20.41101223276928,20.422092123888433,11.079891119152308,True,
3989,onnx_model_005,measure,20.416935805855324,20.41750560607761,20.42855539964512,11.049793567508459,True,
3990,onnx_model_001,measure,20.421041862076923,20.421398104634136,20.432475891895592,11.077787261456251,True,
3991,onnx_model_000,measure,20.42618043864135,20.427319089882076,20.438124570064247,10.805480182170868,True,
3992,onnx_model_008,measure,20.426398974673734,20.4274836727418,20.4382491260767,10.765453334897757,True,
3993,onnx_model_006,measure,20.43285204145327,20.433696802705526,20.444473668001592,10.776865296065807,True,
3994,onnx_model_007,measure,20.448518927714566,20.449640058912337,20.460513337980956,10.873279068619013,True,
3995,onnx_model_000,measure,20.448720177765484,20.449722385965288,20.46042820578441,10.705819819122553,True,
3996,onnx_model_002,measure,20.452357611653216,20.453040563035756,20.463935683015734,10.895119979977608,True,
3997,onnx_model_008,measure,20.452801316761636,20.453145682811737,20.464048897847533,10.903215035796165,True,
3998,onnx_model_004,measure,20.454671746955555,20.455461153760552,20.466097142081708,10.63598832115531,True,
3999,onnx_model_007,measure,20.464074112598304,20.46526979887858,20.476109323091805,10.83952421322465,True,
4000,onnx_model_008,measure,20.469491007477306,20.470331229735166,20.48117114463821,10.8399149030447,True,
4001,onnx_model_004,measure,20.47966374829096,20.480334494728595,20.49138760473579,11.053110007196665,True,
4002,onnx_model_004,measure,20.481678501598473,20.482390943914652,20.491431678645313,9.040734730660915,True,
4003,onnx_model_007,measure,20.487446083242478,20.487830763682723,20.49868543772027,10.85467403754592,True,
4004,onnx_model_009,measure,20.499731146664633,20.50091690896079,20.5116991950199,10.782286059111357,True,
4005,onnx_model_007,measure,20.501716142786364,20.50239587109536,20.51325397985056,10.858108755201101,True,
4006,onnx_model_008,measure,20.5041634136887,20.504833945073187,20.515602133702487,10.768188629299402,True,
4007,onnx_model_001,measure,20.5068015515677,20.507291175890714,20.518402606714517,11.111430823802948,True,
4008,onnx_model_000,measure,20.51735378822594,20.51782280486077,20.52884522685781,11.02242199704051,True,
4009,onnx_model_002,measure,20.519454925029354,20.5206256727688,20.531663313973695,11.037641204893589,True,
4010,onnx_model_000,measure,20.52368678650741,20.52408139174804,20.529000842943788,4.91945119574666,True,
4011,onnx_model_005,measure,20.526713576946406,20.52752095973119,20.538609186653048,11.088226921856403,True,
4012,onnx_model_001,measure,20.528799972183897,20.529129046946764,20.540071175899357,10.942128952592611,True,
4013,onnx_model_003,measure,20.52909836073702,20.52950451988727,20.540513035841286,11.00851595401764,True,
4014,onnx_model_003,measure,20.53717458741893,20.537925066892058,20.54063068004325,2.705613151192665,True,
4015,onnx_model_008,measure,20.544500389551967,20.544847985729575,20.556073314044625,11.22532831504941,True,
4016,onnx_model_007,measure,20.547569368007736,20.548307382036,20.559348620008677,11.041237972676754,True,
4017,onnx_model_007,measure,20.548894748780807,20.549749122932553,20.559511449653655,9.762326721102,True,
4018,onnx_model_008,measure,20.549151652474272,20.54992710100487,20.556117357686162,6.190256681293249,True,
4019,onnx_model_001,measure,20.554390558948608,20.55543684400618,20.56639838963747,10.961545631289482,True,
4020,onnx_model_007,measure,20.556193907723557,20.557346684858203,20.55954998265952,2.2032978013157845,True,
4021,onnx_model_002,measure,20.55626128959143,20.557508040685207,20.5685944147408,11.086374055594206,True,
4022,onnx_model_004,measure,20.55675445841561,20.557651564013213,20.569307339843363,11.65577583014965,True,
4023,onnx_model_004,measure,20.567702066643914,20.56870985403657,20.5799252926372,11.215438600629568,True,
4024,onnx_model_009,measure,20.56809985025823,20.568885828834027,20.580078153871,11.192325036972761,True,
4025,onnx_model_005,measure,20.58168340368607,20.582305558025837,20.593379196710885,11.073638685047626,True,
4026,onnx_model_006,measure,20.598655230022093,20.599623125977814,20.610761808697134,11.138682719320059,True,
4027,onnx_model_004,measure,20.600491030488097,20.601017306093127,20.6119885109365,10.971204843372107,True,
4028,onnx_model_006,measure,20.606472370147486,20.60745402192697,20.610892397817224,3.4383758902549744,True,
4029,onnx_model_004,measure,20.611212458629836,20.61208238871768,20.623182859737426,11.100471019744873,True,
4030,onnx_model_004,measure,20.61496915168993,20.6155254538171,20.62336136866361,7.835914846509695,True,
4031,onnx_model_003,measure,20.616190084790045,20.616966614034027,20.62792640691623,10.959792882204056,True,
4032,onnx_model_007,measure,20.61687663462845,20.617360902950168,20.628560050856322,11.199147906154394,True,
4033,onnx_model_008,measure,20.61710928771972,20.617520305793732,20.628711028024554,11.190722230821848,True,
4034,onnx_model_008,measure,20.61938396773291,20.62002552766353,20.628746695816517,8.721168152987957,True,
4035,onnx_model_004,measure,20.620977866632398,20.621456157881767,20.62340009305626,1.9439351744949818,True,
4036,onnx_model_000,measure,20.629470689765803,20.630003474652767,20.6410020920448,10.998617392033339,True,
4037,onnx_model_008,measure,20.632721220679276,20.633383359760046,20.644316531717777,10.933171957731247,True,
4038,onnx_model_006,measure,20.637122311678276,20.63772548409179,20.648814491927624,11.089007835835218,True,
4039,onnx_model_006,measure,20.640189354558345,20.64110131096095,20.648945160675794,7.843849714845419,True,
4040,onnx_model_008,measure,20.644578703018578,20.645539195742458,20.6565835098736,11.044314131140709,True,
4041,onnx_model_000,measure,20.657683758094933,20.658741832710803,20.669590363744646,10.848531033843756,True,
4042,onnx_model_001,measure,20.663517460497314,20.664099386893213,20.675177324097604,11.077937204390764,True,
4043,onnx_model_001,measure,20.67452088189315,20.674804114736617,20.685919713694602,11.11559895798564,True,
4044,onnx_model_006,measure,20.680772720272703,20.681426883675158,20.69254738278687,11.120499111711979,True,
4045,onnx_model_004,measure,20.685741800601747,20.68605030188337,20.697042606770992,10.992304887622595,True,
4046,onnx_model_001,measure,20.699561326518904,20.700258349999785,20.71133152768016,11.073177680373192,True,
4047,onnx_model_008,measure,20.700331049637597,20.70061081973836,20.711605578660965,10.994758922606707,True,
4048,onnx_model_005,measure,20.702557116437074,20.703034346923232,20.714031660929322,10.997314006090164,True,
4049,onnx_model_002,measure,20.7058971212966,20.706460458692163,20.717318568844348,10.858110152184963,True,
4050,onnx_model_009,measure,20.707258145235322,20.707890717778355,20.718808280769736,10.917562991380692,True,
4051,onnx_model_005,measure,20.708067977607314,20.708287942688912,20.714151919819415,5.863977130502462,True,
4052,onnx_model_000,measure,20.722812739861304,20.72303382307291,20.734062897972763,11.029074899852276,True,
4053,onnx_model_000,measure,20.731069577875584,20.731472162995487,20.734170111827552,2.697948832064867,True,
4054,onnx_model_003,measure,20.73418678771011,20.735387274995446,20.746383256744593,10.995981749147177,True,
4055,onnx_model_008,measure,20.737584552794388,20.737825559917837,20.748839014675468,11.013454757630825,True,
4056,onnx_model_000,measure,20.752578580330255,20.75309015577659,20.7642571227625,11.166966985911131,True,
4057,onnx_model_002,measure,20.75314747764441,20.753440781962126,20.764543887693435,11.10310573130846,True,
4058,onnx_model_003,measure,20.762141859285123,20.763879995793104,20.77508798101917,11.20798522606492,True,
4059,onnx_model_001,measure,20.765949736633583,20.76676329690963,20.77781204879284,11.048751883208752,True,
4060,onnx_model_003,measure,20.767936675697076,20.768225024919957,20.77552144508809,7.29642016813159,True,
4061,onnx_model_005,measure,20.7691143120705,20.769645725842565,20.7805830957368,10.937369894236326,True,
4062,onnx_model_000,measure,20.77378730674614,20.774085023906082,20.785100272856653,11.015248950570822,True,
4063,onnx_model_008,measure,20.774452640121446,20.77518351189792,20.78607446467504,10.89095277711749,True,
4064,onnx_model_003,measure,20.77634116108663,20.77674122294411,20.787679304834455,10.93808189034462,True,
4065,onnx_model_007,measure,20.782237133143195,20.782800131011754,20.793767056893557,10.966925881803036,True,
4066,onnx_model_005,measure,20.792239592578692,20.792929836083204,20.80396935995668,11.039523873478174,True,
4067,onnx_model_002,measure,20.801581145559425,20.802005095873028,20.812925363890827,10.920268017798662,True,
4068,onnx_model_009,measure,20.822186614312937,20.823181178886443,20.834485738072544,11.30455918610096,True,
4069,onnx_model_004,measure,20.82241071658389,20.823370849713683,20.834974706638604,11.603856924921274,True,
4070,onnx_model_008,measure,20.830003156209187,20.830978029873222,20.841984963044524,11.00693317130208,True,
4071,onnx_model_007,measure,20.83238126499341,20.8334112749435,20.84443849604577,11.027221102267504,True,
4072,onnx_model_003,measure,20.834197205175276,20.83458342263475,20.84557168977335,10.98826713860035,True,
4073,onnx_model_000,measure,20.83650213482294,20.837201329879463,20.848257435951382,11.056106071919203,True,
4074,onnx_model_006,measure,20.849673676593035,20.850481763947755,20.861550013069063,11.068249121308327,True,
4075,onnx_model_003,measure,20.8503422648898,20.850642669945955,20.861673086881638,11.030416935682297,True,
4076,onnx_model_001,measure,20.852267249051494,20.853176827076823,20.864255765918642,11.078938841819763,True,
4077,onnx_model_009,measure,20.852364701725193,20.853342230897397,20.864372858777642,11.030627880245447,True,
4078,onnx_model_008,measure,20.870364580087724,20.87061409279704,20.881772903725505,11.158810928463936,True,
4079,onnx_model_004,measure,20.87364573144617,20.87405897071585,20.885192994959652,11.134024243801832,True,
4080,onnx_model_001,measure,20.874562208361304,20.875486094038934,20.886498156003654,11.012061964720488,True,
4081,onnx_model_001,measure,20.880337994305254,20.88093411969021,20.88660682272166,5.67270303145051,True,
4082,onnx_model_006,measure,20.88482468477456,20.885288496967405,20.896295298822224,11.00680185481906,True,
4083,onnx_model_005,measure,20.887804060190838,20.88882630178705,20.899844957049936,11.018655262887478,True,
4084,onnx_model_003,measure,20.893024949451142,20.893296708818525,20.90428603766486,10.989328846335411,True,
4085,onnx_model_001,measure,20.894433246724322,20.894728360697627,20.905642456840724,10.914096143096685,True,
4086,onnx_model_008,measure,20.894633976317927,20.895089867990464,20.906078265048563,10.988397058099508,True,
4087,onnx_model_000,measure,20.909301644067746,20.910319217015058,20.921328623779118,11.009406764060259,True,
4088,onnx_model_002,measure,20.92153762727286,20.922571796923876,20.93366421200335,11.09241507947445,True,
4089,onnx_model_003,measure,20.924936493776517,20.926037574652582,20.937081438023597,11.043863371014595,True,
4090,onnx_model_007,measure,20.927376437258218,20.928471000865102,20.94003157597035,11.560575105249882,True,
4091,onnx_model_000,measure,20.930882165908514,20.93194790976122,20.942974459845573,11.026550084352493,True,
4092,onnx_model_004,measure,20.93472449314437,20.935919750016183,20.94736672891304,11.446978896856308,True,
4093,onnx_model_006,measure,20.93505000630933,20.936084873974323,20.947848995681852,11.76412170752883,True,
4094,onnx_model_003,measure,20.935227960626165,20.936229407787323,20.947953203693032,11.723795905709267,True,
4095,onnx_model_005,measure,20.935620042624635,20.93636892363429,20.947655407711864,11.286484077572823,True,
4096,onnx_model_006,measure,20.938806101075166,20.939313370734453,20.947922304738313,8.608934003859758,True,
4097,onnx_model_003,measure,20.939173724315875,20.939498441759497,20.947982609737664,8.484167978167534,True,
4098,onnx_model_002,measure,20.94079373722697,20.941262404900044,20.95232152706012,11.059122160077095,True,
4099,onnx_model_009,measure,20.941057135843092,20.941423571668565,20.952534591779113,11.111020110547543,True,
4100,onnx_model_003,measure,20.9446886392876,20.945196493994445,20.948009741026908,2.8132470324635506,True,
4101,onnx_model_001,measure,20.94854253267618,20.94928440405056,20.960562352091074,11.277948040515184,True,
4102,onnx_model_007,measure,20.94899656580307,20.949450749903917,20.96069517498836,11.2444250844419,True,
4103,onnx_model_006,measure,20.953541699168163,20.95377985900268,20.964605456683785,10.825597681105137,True,
4104,onnx_model_004,measure,20.954775625707104,20.955231769010425,20.966116829775274,10.885060764849186,True,
4105,onnx_model_005,measure,20.957659967013917,20.95867780968547,20.969639906659722,10.962096974253654,True,
4106,onnx_model_007,measure,20.96656352754142,20.967269191052765,20.978247669059783,10.978478007018566,True,
4107,onnx_model_005,measure,20.970600795079694,20.970879573840648,20.98190272692591,11.023153085261583,True,
4108,onnx_model_008,measure,20.977355356562324,20.978347859811038,20.989324995782226,10.977135971188545,True,
4109,onnx_model_009,measure,20.977920233965847,20.978511700872332,20.989452166948467,10.940466076135635,True,
4110,onnx_model_007,measure,20.98668218518933,20.987131285946816,20.998108101077378,10.97681513056159,True,
4111,onnx_model_007,measure,21.000071306639338,21.000322449952364,21.011358998715878,11.036548763513565,True,
4112,onnx_model_003,measure,21.011213194150027,21.011487693991512,21.022551213856786,11.06351986527443,True,
4113,onnx_model_000,measure,21.013851989497955,21.01497834874317,21.02683084877208,11.852500028908253,True,
4114,onnx_model_009,measure,21.014079287625393,21.015139285009354,21.02614667871967,11.007393710315228,True,
4115,onnx_model_003,measure,21.024534779512656,21.024779469706118,21.035764820873737,10.985351167619228,True,
4116,onnx_model_009,measure,21.02503243265274,21.026244855951518,21.03749695373699,11.25209778547287,True,
4117,onnx_model_002,measure,21.025704340825907,21.026410089805722,21.03765090694651,11.24081714078784,True,
4118,onnx_model_003,measure,21.02874814649916,21.029064666014165,21.03595817880705,6.8935127928853035,True,
4119,onnx_model_009,measure,21.03051018849275,21.03151737805456,21.03768728580326,6.169907748699188,True,
4120,onnx_model_003,measure,21.033229825790045,21.033992703072727,21.03599855583161,2.00585275888443,True,
4121,onnx_model_001,measure,21.04529049491177,21.045940934680402,21.056941605638713,11.000670958310366,True,
4122,onnx_model_005,measure,21.04999569435032,21.050408837851137,21.061708606779575,11.299768928438425,True,
4123,onnx_model_004,measure,21.050003668419006,21.050576916895807,21.06166334077716,11.086423881351948,True,
4124,onnx_model_003,measure,21.050962058214807,21.052107095718384,21.06303525902331,10.928163304924965,True,
4125,onnx_model_005,measure,21.05401457089011,21.054554187692702,21.061827674042434,7.273486349731684,True,
4126,onnx_model_009,measure,21.054469914803384,21.054933208040893,21.065876570064574,10.943362023681402,True,
4127,onnx_model_000,measure,21.060205302458627,21.061169812921435,21.07229881780222,11.129004880785942,True,
4128,onnx_model_008,measure,21.06179849575348,21.062014287803322,21.07292186189443,10.907574091106653,True,
4129,onnx_model_009,measure,21.06874471864514,21.06913976278156,21.080070920754224,10.931157972663641,True,
4130,onnx_model_007,measure,21.083028446338854,21.083334394730628,21.094322060700506,10.987665969878435,True,
4131,onnx_model_003,measure,21.08451623351968,21.084881054703146,21.095841488800943,10.960434097796679,True,
4132,onnx_model_000,measure,21.107557796656142,21.108200140763074,21.11940694367513,11.206802912056446,True,
4133,onnx_model_000,measure,21.115872928879682,21.11674887081608,21.119459453970194,2.7105831541121006,True,
4134,onnx_model_008,measure,21.11805321772617,21.1195648140274,21.13055368186906,10.988867841660976,True,
4135,onnx_model_006,measure,21.121038798907783,21.122122365050018,21.13337661791593,11.25425286591053,True,
4136,onnx_model_006,measure,21.123746646202584,21.124663955997676,21.133430500980467,8.766544982790947,True,
4137,onnx_model_006,measure,21.14939482157553,21.149730995763093,21.160790968686342,11.059972923249006,True,
4138,onnx_model_007,measure,21.150953503140535,21.151318313088268,21.16232053702697,11.002223938703537,True,
4139,onnx_model_002,measure,21.157115458940513,21.15788264106959,21.169078652746975,11.196011677384377,True,
4140,onnx_model_003,measure,21.158697433850477,21.15948063787073,21.170418549794704,10.937911923974752,True,
4141,onnx_model_000,measure,21.167894937215816,21.168627234641463,21.179708377923816,11.081143282353878,True,
4142,onnx_model_005,measure,21.171795221221192,21.17272613570094,21.18381358170882,11.087446007877588,True,
4143,onnx_model_006,measure,21.174390819769744,21.1752881356515,21.186376473866403,11.08833821490407,True,
4144,onnx_model_002,measure,21.17591066302957,21.176833684090525,21.18790381681174,11.070132721215487,True,
4145,onnx_model_006,measure,21.177614807013647,21.178339465986937,21.186546466778964,8.20700079202652,True,
4146,onnx_model_002,measure,21.181314366764393,21.18195820506662,21.187964932993054,6.006727926433086,True,
4147,onnx_model_006,measure,21.18217678928639,21.182341653853655,21.186585650779307,4.243996925652027,True,
4148,onnx_model_002,measure,21.182690245202295,21.183928249869496,21.188052458688617,4.124208819121122,True,
4149,onnx_model_003,measure,21.183277524876114,21.184128389693797,21.19514553202316,11.017142329365015,True,
4150,onnx_model_009,measure,21.191237954749326,21.192283251788467,21.203347973991185,11.064722202718258,True,
4151,onnx_model_006,measure,21.192223576733387,21.19264959776774,21.203681667800993,11.03207003325224,True,
4152,onnx_model_009,measure,21.194868855794134,21.19524418981746,21.20346055785194,8.216368034482002,True,
4153,onnx_model_003,measure,21.200662941541015,21.201701564714313,21.21277263900265,11.071074288338423,True,
4154,onnx_model_006,measure,21.201404420115022,21.20188344968483,21.20379591593519,1.912466250360012,True,
4155,onnx_model_002,measure,21.20515903180486,21.206018791068345,21.216965538915247,10.946747846901417,True,
4156,onnx_model_003,measure,21.21779302137952,21.2182030309923,21.22919011581689,10.987084824591875,True,
4157,onnx_model_001,measure,21.229404262818246,21.230411337688565,21.241497580893338,11.086243204772472,True,
4158,onnx_model_009,measure,21.2313610505437,21.231848849914968,21.24297912698239,11.130277067422867,True,
4159,onnx_model_004,measure,21.233318223669404,21.23440226400271,21.24534963304177,10.947369039058685,True,
4160,onnx_model_009,measure,21.240167405096106,21.240848847664893,21.243019564077258,2.1707164123654366,True,
4161,onnx_model_000,measure,21.250912961707744,21.251600194722414,21.2626287387684,11.028544045984745,True,
4162,onnx_model_003,measure,21.2574496004667,21.258067328017205,21.269053060095757,10.985732078552246,True,
4163,onnx_model_001,measure,21.26508037829839,21.265852716751397,21.276899686083198,11.046969331800938,True,
4164,onnx_model_004,measure,21.270373350087375,21.27127260901034,21.28224856266752,10.97595365718007,True,
4165,onnx_model_006,measure,21.274983466281217,21.275724702049047,21.287133949808776,11.409247759729624,True,
4166,onnx_model_006,measure,21.275040100188455,21.275910845957696,21.287635602988303,11.72475703060627,True,
4167,onnx_model_008,measure,21.28369686941209,21.284476447850466,21.295791496988386,11.315049137920141,True,
4168,onnx_model_006,measure,21.283978702022374,21.284641972742975,21.287681079935282,3.0391071923077106,True,
4169,onnx_model_001,measure,21.28559375792737,21.286165257915854,21.297224841080606,11.05958316475153,True,
4170,onnx_model_008,measure,21.286647444119186,21.287250000052154,21.295923086814582,8.673086762428284,True,
4171,onnx_model_004,measure,21.287672152942875,21.287827076856047,21.29881072603166,10.983649175614119,True,
4172,onnx_model_003,measure,21.29318502914513,21.29428309900686,21.305222874041647,10.93977503478527,True,
4173,onnx_model_005,measure,21.302804760889725,21.303029724862427,21.314127119723707,11.097394861280918,True,
4174,onnx_model_005,measure,21.308514741438817,21.30946670100093,21.314257968682796,4.791267681866884,True,
4175,onnx_model_008,measure,21.31011045462021,21.310922026634216,21.3219088120386,10.986785404384136,True,
4176,onnx_model_006,measure,21.317264360441097,21.317481285892427,21.32841010997072,10.928824078291655,True,
4177,onnx_model_001,measure,21.318643202935988,21.31892580166459,21.32989909965545,10.973297990858555,True,
4178,onnx_model_003,measure,21.333425183649357,21.334122138097882,21.345174666959792,11.052528861910105,True,
4179,onnx_model_008,measure,21.3421973431802,21.34260559407994,21.35368980281055,11.084208730608225,True,
4180,onnx_model_003,measure,21.354772585946957,21.355926183983684,21.36696364497766,11.037460993975401,True,
4181,onnx_model_002,measure,21.367789293027883,21.368184606079012,21.379596267826855,11.411661747843027,True,
4182,onnx_model_001,measure,21.37325579136468,21.373633262701333,21.385177297051996,11.544034350663424,True,
4183,onnx_model_004,measure,21.37463554771041,21.375088228844106,21.385982918087393,10.894689243286848,True,
4184,onnx_model_001,measure,21.375119831650125,21.375456257723272,21.385218404699117,9.762146975845098,True,
4185,onnx_model_005,measure,21.375327468746757,21.375622543971986,21.38664916390553,11.02661993354559,True,
4186,onnx_model_006,measure,21.38831164272521,21.388908449094743,21.400029558688402,11.12110959365964,True,
4187,onnx_model_005,measure,21.38954783472736,21.39044541073963,21.401547052897513,11.101642157882452,True,
4188,onnx_model_006,measure,21.39009906307854,21.390611866954714,21.400181657634676,9.569790679961443,True,
4189,onnx_model_006,measure,21.393451827489727,21.394146075006574,21.400222986005247,6.076910998672247,True,
4190,onnx_model_004,measure,21.400163650465647,21.400369714945555,21.41123548988253,10.865774936974049,True,
4191,onnx_model_003,measure,21.405212337949095,21.405772464815527,21.41667556995526,10.90310513973236,True,
4192,onnx_model_006,measure,21.407691193534564,21.408237660769373,21.41929403785616,11.056377086788416,True,
4193,onnx_model_008,measure,21.418247741394413,21.418914265930653,21.430026649031788,11.112383101135492,True,
4194,onnx_model_007,measure,21.42018356831196,21.420513775665313,21.431693026795983,11.179251130670309,True,
4195,onnx_model_009,measure,21.424125240400723,21.424971719738096,21.436065607704222,11.093887966126204,True,
4196,onnx_model_008,measure,21.428119555349898,21.428409775719047,21.43013745965436,1.7276839353144169,True,
4197,onnx_model_009,measure,21.430075454405383,21.430274771060795,21.436110322829336,5.835551768541336,True,
4198,onnx_model_008,measure,21.431122158885234,21.4317947300151,21.442878037691116,11.083307676017284,True,
4199,onnx_model_007,measure,21.437199744630135,21.438332668039948,21.449384435079992,11.05176704004407,True,
4200,onnx_model_004,measure,21.438405479636494,21.438727798871696,21.449615343939513,10.887545067816973,True,
4201,onnx_model_005,measure,21.450559767125586,21.450875679962337,21.46194656379521,11.070883832871914,True,
4202,onnx_model_003,measure,21.454133552640098,21.455325468908995,21.466212654020637,10.887185111641884,True,
4203,onnx_model_008,measure,21.476344187658775,21.47737647499889,21.48820714186877,10.830666869878769,True,
4204,onnx_model_009,measure,21.47888032336409,21.479661417659372,21.490563771687448,10.902354028075933,True,
4205,onnx_model_009,measure,21.483610278606356,21.48396100103855,21.490600340999663,6.639339961111546,True,
4206,onnx_model_001,measure,21.48553000112291,21.48624133504927,21.497061813715845,10.820478666573763,True,
4207,onnx_model_007,measure,21.492524545579716,21.492755096871406,21.50351178366691,10.756686795502901,True,
4208,onnx_model_008,measure,21.50019469417779,21.50122623005882,21.512043641880155,10.817411821335554,True,
4209,onnx_model_001,measure,21.512598053907528,21.513197524938732,21.52398553164676,10.788006708025932,True,
4210,onnx_model_002,measure,21.52056258857781,21.521527288947254,21.532429072074592,10.901783127337694,True,
4211,onnx_model_003,measure,21.528607622218242,21.52919700788334,21.539999823085964,10.802815202623606,True,
4212,onnx_model_005,measure,21.545238722014663,21.546202833764255,21.557118753902614,10.91592013835907,True,
4213,onnx_model_006,measure,21.55184005916223,21.552546992897987,21.56338645797223,10.839465074241161,True,
4214,onnx_model_004,measure,21.555585441202293,21.55590270180255,21.566696288995445,10.793587192893028,True,
4215,onnx_model_005,measure,21.564342392567013,21.564587039873004,21.57552698487416,10.939945001155138,True,
4216,onnx_model_002,measure,21.567006610356625,21.567915045656264,21.57876922795549,10.854182299226522,True,
4217,onnx_model_005,measure,21.570117435111623,21.571260144002736,21.575567522086203,4.3073780834674835,True,
4218,onnx_model_007,measure,21.572072081400474,21.572603697888553,21.58343563787639,10.831939987838268,True,
4219,onnx_model_005,measure,21.581892098530687,21.58308362867683,21.594093346968293,11.009718291461468,True,
4220,onnx_model_009,measure,21.584138832446722,21.58464604895562,21.59554624883458,10.900199878960848,True,
4221,onnx_model_009,measure,21.58633488198199,21.586993170902133,21.59562209295109,8.628922048956156,True,
4222,onnx_model_005,measure,21.58693982101649,21.58732112403959,21.594202605076134,6.881481036543846,True,
4223,onnx_model_002,measure,21.59188056440017,21.592646115925163,21.60352293169126,10.876815766096115,True,
4224,onnx_model_006,measure,21.59941524110965,21.599851141683757,21.610929971095175,11.078829411417246,True,
4225,onnx_model_004,measure,21.609356909438905,21.60975166177377,21.62078774999827,11.036088224500418,True,
4226,onnx_model_004,measure,21.611533828613602,21.612153827678412,21.620981407817453,8.827580139040947,True,
4227,onnx_model_007,measure,21.6140345298858,21.614605077076703,21.625650893896818,11.045816820114851,True,
4228,onnx_model_004,measure,21.617538279604933,21.61803841404617,21.6210208828561,2.9824688099324703,True,
4229,onnx_model_006,measure,21.627330916609267,21.627949513029307,21.639124806039035,11.175293009728193,True,
4230,onnx_model_000,measure,21.627389076696133,21.628122010733932,21.63964430289343,11.522292159497738,True,
4231,onnx_model_003,measure,21.62811367435815,21.62855466408655,21.639689618721604,11.134954635053873,True,
4232,onnx_model_007,measure,21.629020995519877,21.629989210050553,21.640992645639926,11.003435589373112,True,
4233,onnx_model_008,measure,21.63888143436914,21.639244853984565,21.65027869772166,11.033843737095594,True,
4234,onnx_model_008,measure,21.642483585518267,21.643212084658444,21.65042281197384,7.2107273153960705,True,
4235,onnx_model_006,measure,21.643261550437646,21.643572429660708,21.654558964073658,10.986534412950277,True,
4236,onnx_model_008,measure,21.648528641084642,21.649012200068682,21.65047850785777,1.4663077890872955,True,
4237,onnx_model_003,measure,21.655908848102065,21.656795084942132,21.667819029651582,11.023944709450006,True,
4238,onnx_model_000,measure,21.665311839027837,21.667246320750564,21.678318116813898,11.07179606333375,True,
4239,onnx_model_006,measure,21.668793097153422,21.669004763942212,21.68003290705383,11.028143111616373,True,
4240,onnx_model_008,measure,21.671267960514456,21.672443189658225,21.683424472808838,10.981283150613308,True,
4241,onnx_model_005,measure,21.68628018954913,21.68666754802689,21.697685481980443,11.017933953553438,True,
4242,onnx_model_007,measure,21.689834010801363,21.690142723731697,21.701177869923413,11.035146191716194,True,
4243,onnx_model_006,measure,21.6928992877938,21.693571991752833,21.704567562788725,10.995571035891771,True,
4244,onnx_model_008,measure,21.697946170953017,21.69891716307029,21.709945345763117,11.028182692825794,True,
4245,onnx_model_001,measure,21.700324248747776,21.70127240009606,21.71227541472763,11.003014631569386,True,
4246,onnx_model_004,measure,21.703325554428492,21.703708570916206,21.714706225786358,10.997654870152473,True,
4247,onnx_model_000,measure,21.709816282444372,21.710075332783163,21.721091001760215,11.015668977051973,True,
4248,onnx_model_001,measure,21.71029013340761,21.711501483805478,21.722526371013373,11.024887207895517,True,
4249,onnx_model_002,measure,21.71574899176196,21.71693908981979,21.72793014207855,10.991052258759737,True,
4250,onnx_model_003,measure,21.722363421850353,21.722618655767292,21.733534765895456,10.916110128164291,True,
4251,onnx_model_000,measure,21.72437805540045,21.725051139947027,21.73596308194101,10.9119419939816,True,
4252,onnx_model_002,measure,21.73043034327983,21.731151966843754,21.74202624708414,10.874280240386724,True,
4253,onnx_model_006,measure,21.741241616696925,21.74211923405528,21.753154220059514,11.03498600423336,True,
4254,onnx_model_000,measure,21.74952890743518,21.750552685000002,21.76163151394576,11.078828945755959,True,
4255,onnx_model_009,measure,21.753062264722544,21.753311428707093,21.764327799901366,11.016371194273233,True,
4256,onnx_model_008,measure,21.754205394920152,21.75474083563313,21.765768808778375,11.027973145246506,True,
4257,onnx_model_001,measure,21.755960394523814,21.756213965825737,21.767055043950677,10.841078124940395,True,
4258,onnx_model_006,measure,21.763565790985034,21.763849731069058,21.77482236782089,10.972636751830578,True,
4259,onnx_model_001,measure,21.767673437349064,21.768283559009433,21.779174680821598,10.891121812164783,True,
4260,onnx_model_007,measure,21.787536761568838,21.789416980929673,21.80046204570681,11.045064777135849,True,
4261,onnx_model_004,measure,21.799429584889282,21.799854680895805,21.81101863179356,11.163950897753239,True,
4262,onnx_model_002,measure,21.812271449172595,21.813255754765123,21.824424985796213,11.169231031090021,True,
4263,onnx_model_003,measure,21.815467528093667,21.815702595748007,21.826657419092953,10.954823344945908,True,
4264,onnx_model_008,measure,21.81931086692447,21.820142755750567,21.831006666645408,10.863910894840956,True,
4265,onnx_model_006,measure,21.8281170452758,21.828870826866478,21.839718225877732,10.84739901125431,True,
4266,onnx_model_007,measure,21.835750747794634,21.836197583936155,21.847109727095813,10.912143159657717,True,
4267,onnx_model_000,measure,21.842991278432482,21.843905625864863,21.854716585949063,10.810960084199905,True,
4268,onnx_model_002,measure,21.847699447178943,21.848332871682942,21.85934233898297,11.009467300027609,True,
4269,onnx_model_001,measure,21.84930224865204,21.84978941967711,21.86077264789492,10.983228217810392,True,
4270,onnx_model_004,measure,21.85418582644915,21.854813580866903,21.86561938095838,10.805800091475248,True,
4271,onnx_model_001,measure,21.854702237868356,21.855184935964644,21.86089521087706,5.710274912416935,True,
4272,onnx_model_006,measure,21.858158709370752,21.85861443495378,21.869447386823595,10.832951869815588,True,
4273,onnx_model_008,measure,21.859005114891904,21.859437270089984,21.870246876962483,10.809606872498989,True,
4274,onnx_model_003,measure,21.868560710395652,21.868779016658664,21.87963383970782,10.854823049157858,True,
4275,onnx_model_003,measure,21.86970066825405,21.87030246295035,21.879711317829788,9.408854879438877,True,
4276,onnx_model_000,measure,21.872852563985123,21.873592395801097,21.884423033799976,10.830637998878956,True,
4277,onnx_model_006,measure,21.87308025494098,21.87369180470705,21.884516290854663,10.824486147612333,True,
4278,onnx_model_008,measure,21.8734758328045,21.873780192807317,21.884649855084717,10.869662277400494,True,
4279,onnx_model_009,measure,21.884938943700202,21.88580176467076,21.896516491658986,10.714726988226175,True,
4280,onnx_model_006,measure,21.893483357890567,21.894098775926977,21.904911278747022,10.812502820044756,True,
4281,onnx_model_005,measure,21.909201481723354,21.91011834703386,21.921181245706975,11.06289867311716,True,
4282,onnx_model_003,measure,21.909834248874972,21.9102302598767,21.92109790770337,10.8676478266716,True,
4283,onnx_model_007,measure,21.918010319923006,21.918605729937553,21.929442889988422,10.837160050868988,True,
4284,onnx_model_009,measure,21.930813661533236,21.93165689893067,21.942449463997036,10.792565066367388,True,
4285,onnx_model_005,measure,21.941633512721662,21.94199740467593,21.953037299681455,11.039895005524158,True,
4286,onnx_model_000,measure,21.941857919485447,21.942109637893736,21.952952969819307,10.843331925570965,True,
4287,onnx_model_002,measure,21.949475325262195,21.950653879903257,21.961659390013665,11.005510110408068,True,
4288,onnx_model_001,measure,21.950297753271535,21.95076612289995,21.96201997483149,11.253851931542158,True,
4289,onnx_model_003,measure,21.950643211546193,21.95108093181625,21.962170861661434,11.089929845184088,True,
4290,onnx_model_003,measure,21.95463998714141,21.955241028685123,21.96219342481345,6.952396128326654,True,
4291,onnx_model_002,measure,21.954695821622483,21.95535339275375,21.962061252910644,6.70786015689373,True,
4292,onnx_model_002,measure,21.9576529005042,21.958732977043837,21.962081771809608,3.3487947657704353,True,
4293,onnx_model_008,measure,21.961351742804673,21.961734141688794,21.972630423959345,10.896282270550728,True,
4294,onnx_model_003,measure,21.96172680766795,21.962249340955168,21.973121016751975,10.871675796806812,True,
4295,onnx_model_004,measure,21.973503779724144,21.97432176908478,21.98527028085664,10.948511771857738,True,
4296,onnx_model_009,measure,21.980717140894342,21.981666850857437,21.992612146772444,10.945295915007591,True,
4297,onnx_model_005,measure,21.98456524533358,21.985010968055576,21.995880960021168,10.869991965591908,True,
4298,onnx_model_009,measure,21.98553016033589,21.986471313983202,21.9926444478333,6.173133850097656,True,
4299,onnx_model_000,measure,21.999677561215996,22.000083077698946,22.011022641789168,10.93956409022212,True,
4300,onnx_model_006,measure,22.007267168816323,22.00843036500737,22.01933423196897,10.903866961598396,True,
4301,onnx_model_001,measure,22.010699788678785,22.01108868792653,22.02205759799108,10.968910064548254,True,
4302,onnx_model_001,measure,22.013933680455743,22.014431993011385,22.022088897880167,7.656904868781567,True,
4303,onnx_model_005,measure,22.01487684474502,22.015774494968355,22.026548123918474,10.773628950119019,True,
4304,onnx_model_000,measure,22.021046227046284,22.021547488868237,22.03234610473737,10.798615869134665,True,
4305,onnx_model_005,measure,22.028481857553768,22.028759577777237,22.039572932757437,10.813354980200529,True,
4306,onnx_model_003,measure,22.04194791820716,22.04278422705829,22.053630092646927,10.845865588635206,True,
4307,onnx_model_008,measure,22.042966264319336,22.04414012376219,22.055097002070397,10.956878308206797,True,
4308,onnx_model_007,measure,22.04404183784943,22.04425120493397,22.05513744801283,10.88624307885766,True,
4309,onnx_model_002,measure,22.04668854579118,22.047641168814152,22.05884170997888,11.200541164726019,True,
4310,onnx_model_006,measure,22.046704969415035,22.047753031831235,22.058727462776005,10.974430944770575,True,
4311,onnx_model_002,measure,22.047372460899673,22.04784468607977,22.058881003875285,11.03631779551506,True,
4312,onnx_model_008,measure,22.057835585280575,22.0583353866823,22.06925778882578,10.922402143478394,True,
4313,onnx_model_001,measure,22.060539803328258,22.0610782308504,22.07190158497542,10.823354125022888,True,
4314,onnx_model_007,measure,22.068777919938277,22.069342720787972,22.08025545394048,10.912733152508736,True,
4315,onnx_model_001,measure,22.07474950592435,22.075147955678403,22.086005063727498,10.857108049094677,True,
4316,onnx_model_005,measure,22.09269013475522,22.093250626698136,22.104130256921053,10.879630222916603,True,
4317,onnx_model_006,measure,22.096523469633883,22.097683402709663,22.10867189988494,10.98849717527628,True,
4318,onnx_model_003,measure,22.104453529294055,22.105380062945187,22.11652012867853,11.140065733343363,True,
4319,onnx_model_007,measure,22.105263532144388,22.105525348801166,22.116569573059678,11.044224258512259,True,
4320,onnx_model_003,measure,22.113467960945417,22.113930366002023,22.11659762589261,2.6672598905861378,True,
4321,onnx_model_002,measure,22.124685253875857,22.12687412975356,22.13787418976426,11.000060010701418,True,
4322,onnx_model_007,measure,22.129238040236054,22.130311463959515,22.141421963926405,11.11049996688962,True,
4323,onnx_model_006,measure,22.13020842173533,22.130455587990582,22.14147676806897,11.02118007838726,True,
4324,onnx_model_003,measure,22.13482452542206,22.135947106871754,22.146934322081506,10.987215209752321,True,
4325,onnx_model_006,measure,22.13718820356874,22.137962146662176,22.141552751883864,3.5906052216887474,True,
4326,onnx_model_007,measure,22.142806783293267,22.14379361178726,22.15471955994144,10.925948154181242,True,
4327,onnx_model_009,measure,22.152471801188224,22.153178640641272,22.163936930708587,10.758290067315102,True,
4328,onnx_model_006,measure,22.154415168890424,22.15478517487645,22.16552274581045,10.737570933997631,True,
4329,onnx_model_001,measure,22.15697821214945,22.158131485804915,22.168954448774457,10.82296296954155,True,
4330,onnx_model_003,measure,22.15942110836052,22.160437169019133,22.171354580670595,10.917411651462317,True,
4331,onnx_model_007,measure,22.167255275841956,22.167680997867137,22.178449858911335,10.768861044198275,True,
4332,onnx_model_003,measure,22.169956188130175,22.17018353473395,22.171470591798425,1.287057064473629,True,
4333,onnx_model_001,measure,22.174695215357502,22.175711133051664,22.186537913046777,10.826779995113611,True,
4334,onnx_model_006,measure,22.181873968011406,22.182682593818754,22.19365230575204,10.969711933284998,True,
4335,onnx_model_003,measure,22.18207264971715,22.182850923854858,22.193782122805715,10.931198950856924,True,
4336,onnx_model_007,measure,22.184361452749634,22.1853841599077,22.19611887494102,10.734715033322573,True,
4337,onnx_model_000,measure,22.187531091501388,22.18776125786826,22.198672448750585,10.911190882325172,True,
4338,onnx_model_000,measure,22.190065236694785,22.19121497264132,22.198712133802474,7.497161161154509,True,
4339,onnx_model_002,measure,22.19214446775635,22.192643858958036,22.203450460918248,10.806601960211992,True,
4340,onnx_model_002,measure,22.19397769150752,22.19500649999827,22.20356376701966,8.557267021387815,True,
4341,onnx_model_007,measure,22.19897562788252,22.199946940876544,22.21091137267649,10.964431799948215,True,
4342,onnx_model_005,measure,22.19959433404454,22.200115190818906,22.21113524865359,11.020057834684849,True,
4343,onnx_model_001,measure,22.200215654701985,22.20056282170117,22.211450026836246,10.887205135077238,True,
4344,onnx_model_008,measure,22.200368327503305,22.200723798014224,22.211561128031462,10.837330017238855,True,
4345,onnx_model_004,measure,22.207790276848417,22.20879333699122,22.219709046650678,10.915709659457207,True,
4346,onnx_model_005,measure,22.207812442886016,22.20897252764553,22.211165556684136,2.193029038608074,True,
4347,onnx_model_007,measure,22.209157661373325,22.209414016921073,22.211079482920468,1.6654659993946552,True,
4348,onnx_model_009,measure,22.212039195217645,22.21277666883543,22.223550939001143,10.774270165711641,True,
4349,onnx_model_008,measure,22.214162467010595,22.215230993926525,22.22602822771296,10.797233786433935,True,
4350,onnx_model_007,measure,22.23333064581933,22.234268902800977,22.245589681901038,11.320779100060463,True,
4351,onnx_model_004,measure,22.233533672503825,22.234437793958932,22.24542233394459,10.984539985656738,True,
4352,onnx_model_007,measure,22.237727670597927,22.237974385730922,22.24562732409686,7.652938365936279,True,
4353,onnx_model_006,measure,22.24720798980652,22.24784999899566,22.258964825887233,11.114826891571283,True,
4354,onnx_model_006,measure,22.25291034082312,22.253335054963827,22.25907907402143,5.74401905760169,True,
4355,onnx_model_007,measure,22.253181733498263,22.253499957732856,22.264884678646922,11.384720914065838,True,
4356,onnx_model_009,measure,22.2599655089192,22.260298762004822,22.27136104973033,11.062287725508213,True,
4357,onnx_model_009,measure,22.260860920065472,22.26174238603562,22.271809021010995,10.066634975373745,True,
4358,onnx_model_007,measure,22.26106859900832,22.261929120868444,22.2649348648265,3.005743958055973,True,
4359,onnx_model_007,measure,22.264115804376264,22.26444466272369,22.275519393850118,11.07473112642765,True,
4360,onnx_model_004,measure,22.265052849053998,22.266156907659024,22.277276103850454,11.119196191430092,True,
4361,onnx_model_000,measure,22.267286153288712,22.267598167061806,22.278499288950115,10.901121888309717,True,
4362,onnx_model_007,measure,22.270819218039843,22.27145926700905,22.27565043279901,4.191165789961815,True,
4363,onnx_model_002,measure,22.271452266075634,22.271959878038615,22.28292897902429,10.96910098567605,True,
4364,onnx_model_005,measure,22.275828394611874,22.27687734598294,22.287845944985747,10.968599002808332,True,
4365,onnx_model_007,measure,22.290498899842817,22.291041849646717,22.301949413958937,10.90756431221962,True,
4366,onnx_model_005,measure,22.307988278659362,22.309152676723897,22.32053253799677,11.379861272871494,True,
4367,onnx_model_001,measure,22.308391710520976,22.309274699073285,22.32038215175271,11.107452679425478,True,
4368,onnx_model_002,measure,22.310029501515825,22.31072641769424,22.32158263400197,10.856216307729483,True,
4369,onnx_model_004,measure,22.316982654637744,22.31818031705916,22.32925534900278,11.075031943619251,True,
4370,onnx_model_005,measure,22.31829310996838,22.318500404711813,22.320565029978752,2.0646252669394016,True,
4371,onnx_model_007,measure,22.31912289526814,22.319915615022182,22.331168765667826,11.253150645643473,True,
4372,onnx_model_001,measure,22.319561415544992,22.32006056094542,22.331220233812928,11.159672867506742,True,
4373,onnx_model_006,measure,22.324594507413444,22.32589195575565,22.336887636687607,10.995680931955576,True,
4374,onnx_model_008,measure,22.33044899325889,22.331323320046067,22.34239620808512,11.072888039052486,True,
4375,onnx_model_003,measure,22.33483131576223,22.335853680968285,22.34699648199603,11.142801027745008,True,
4376,onnx_model_001,measure,22.33811551616416,22.339201895985752,22.350240307860076,11.038411874324083,True,
4377,onnx_model_009,measure,22.34258310077023,22.34370476473123,22.355118631850928,11.413867119699717,True,
4378,onnx_model_004,measure,22.343096048958216,22.343902109656483,22.355067523662,11.16541400551796,True,
4379,onnx_model_003,measure,22.34645773022366,22.34710710309446,22.358216299675405,11.109196580946445,True,
4380,onnx_model_003,measure,22.351992242930976,22.352541552856565,22.35827006166801,5.728508811444044,True,
4381,onnx_model_008,measure,22.353815362671497,22.35522155696526,22.36618659971282,10.965042747557163,True,
4382,onnx_model_001,measure,22.367893428336632,22.368494987953454,22.379990939982235,11.495952028781176,True,
4383,onnx_model_003,measure,22.36827117774556,22.368679638952017,22.379826416727155,11.146777775138617,True,
4384,onnx_model_009,measure,22.375270225295637,22.376294212881476,22.387138085905463,10.843873023986816,True,
4385,onnx_model_001,measure,22.37691343860849,22.37784119369462,22.38003237871453,2.1911850199103355,True,
4386,onnx_model_001,measure,22.37765762242883,22.378042816650122,22.380062045063823,2.0192284137010574,True,
4387,onnx_model_005,measure,22.384758514151617,22.385315251071006,22.396655176766217,11.339925695210695,True,
4388,onnx_model_007,measure,22.39362676533863,22.394433613866568,22.40553104877472,11.097434908151627,True,
4389,onnx_model_002,measure,22.39472472556057,22.395998938940465,22.407207635696977,11.208696756511927,True,
4390,onnx_model_006,measure,22.39509092149975,22.3961844118312,22.407250546850264,11.06613501906395,True,
4391,onnx_model_003,measure,22.400798073427076,22.401915685739368,22.41287114098668,10.955455247312784,True,
4392,onnx_model_002,measure,22.4069462433084,22.407343443948776,22.418225799687207,10.882355738431215,True,
4393,onnx_model_008,measure,22.414076911825642,22.4150986247696,22.426104194950312,11.00557018071413,True,
4394,onnx_model_008,measure,22.415238732499844,22.415470882784575,22.426215196028352,10.74431324377656,True,
4395,onnx_model_007,measure,22.420852088380585,22.42144910665229,22.432554125785828,11.105019133538008,True,
4396,onnx_model_003,measure,22.422191114474682,22.422918649856,22.43408375279978,11.165102943778038,True,
4397,onnx_model_003,measure,22.422330351320596,22.423086067661643,22.434245991986245,11.159924324601889,True,
4398,onnx_model_007,measure,22.428434925918715,22.429457869846374,22.432665436994284,3.207567147910595,True,
4399,onnx_model_005,measure,22.43066677024614,22.4309144387953,22.442030128091574,11.115689296275377,True,
4400,onnx_model_003,measure,22.43073443658153,22.431080403737724,22.434281137771904,3.200734034180641,True,
4401,onnx_model_006,measure,22.453229168704272,22.45424769166857,22.465049815829843,10.802124161273241,True,
4402,onnx_model_005,measure,22.454739211345174,22.455690163653344,22.466458292678,10.768129024654627,True,
4403,onnx_model_007,measure,22.458758029618853,22.459145192056894,22.470168384723365,11.023192666471004,True,
4404,onnx_model_001,measure,22.458847821854107,22.459307429846376,22.470371801871806,11.064372025430202,True,
4405,onnx_model_003,measure,22.459576844419374,22.459731616079807,22.470498152077198,10.766535997390747,True,
4406,onnx_model_001,measure,22.46069389039999,22.461186521686614,22.470401527825743,9.2150061391294,True,
4407,onnx_model_005,measure,22.489999360446834,22.490784103050828,22.501909740734845,11.12563768401742,True,
4408,onnx_model_009,measure,22.496739397230233,22.497355533763766,22.508446886669844,11.0913529060781,True,
4409,onnx_model_005,measure,22.50381612925977,22.50423467066139,22.515293852891773,11.059182230383158,True,
4410,onnx_model_006,measure,22.507099662948587,22.507785079069436,22.519053128082305,11.268049012869596,True,
4411,onnx_model_005,measure,22.5122595503625,22.51274915598333,22.515411475673318,2.66231968998909,True,
4412,onnx_model_005,measure,22.517543924471372,22.51864615501836,22.52973270881921,11.086553800851107,True,
4413,onnx_model_004,measure,22.521530571796074,22.52228190563619,22.533170122653246,10.888217017054558,True,
4414,onnx_model_001,measure,22.523950872409674,22.524725359864533,22.53557433281094,10.84897294640541,True,
4415,onnx_model_005,measure,22.5248913150077,22.525103368796408,22.529878356028348,4.774987231940031,True,
4416,onnx_model_002,measure,22.529927692955248,22.53109956672415,22.541975330095738,10.8757633715868,True,
4417,onnx_model_005,measure,22.53128290278463,22.531461345031857,22.542375491000712,10.914145968854427,True,
4418,onnx_model_008,measure,22.531632384091072,22.53180449688807,22.542733521666378,10.929024778306484,True,
4419,onnx_model_003,measure,22.545136510934057,22.54596400167793,22.556933112908155,10.969111230224371,True,
4420,onnx_model_002,measure,22.548796060407707,22.549405294004828,22.560402788687497,10.99749468266964,True,
4421,onnx_model_002,measure,22.550399472509188,22.550827115774155,22.5604587350972,9.631619323045015,True,
4422,onnx_model_000,measure,22.5603601688826,22.56060006376356,22.571571988984942,10.971925221383572,True,
4423,onnx_model_007,measure,22.56309606906494,22.564037767704576,22.575336043722928,11.298276018351316,True,
4424,onnx_model_005,measure,22.563738628957424,22.564196499995887,22.575196388643235,10.999888647347689,True,
4425,onnx_model_007,measure,22.57018257452672,22.5707006030716,22.575393012724817,4.6924096532166,True,
4426,onnx_model_009,measure,22.571776319422924,22.572790476027876,22.58368773991242,10.897263884544373,True,
4427,onnx_model_000,measure,22.61129735280221,22.61194730689749,22.62289738189429,10.95007499679923,True,
4428,onnx_model_001,measure,22.618399708101894,22.619336873758584,22.63030370976776,10.966836009174585,True,
4429,onnx_model_008,measure,22.620624427692327,22.621631094720215,22.632519552018493,10.888457298278809,True,
4430,onnx_model_000,measure,22.622548817625177,22.62295946991071,22.63378153089434,10.822060983628035,True,
4431,onnx_model_002,measure,22.623783367367,22.62427694397047,22.635234091896564,10.957147926092148,True,
4432,onnx_model_006,measure,22.624733758510935,22.62559592165053,22.63638514978811,10.78922813758254,True,
4433,onnx_model_005,measure,22.63178561188026,22.632593121845275,22.643617508001626,11.024386156350374,True,
4434,onnx_model_002,measure,22.636420873694064,22.637621650937945,22.648633202072233,11.011551134288311,True,
4435,onnx_model_007,measure,22.64237992463585,22.64306681090966,22.654270347673446,11.20353676378727,True,
4436,onnx_model_005,measure,22.65304734218044,22.653886708896607,22.664909610990435,11.022902093827724,True,
4437,onnx_model_000,measure,22.6542575998106,22.65442153485492,22.665474905632436,11.053370777517557,True,
4438,onnx_model_001,measure,22.659780914302445,22.66087113507092,22.67170146200806,10.830326937139034,True,
4439,onnx_model_004,measure,22.681871517581754,22.682953780982643,22.69388116290793,10.927381925284863,True,
4440,onnx_model_006,measure,22.68368708105369,22.684395621996373,22.695340405683964,10.944783687591553,True,
4441,onnx_model_003,measure,22.68695816886755,22.687832294031978,22.69879279891029,10.96050487831235,True,
4442,onnx_model_005,measure,22.687677923444024,22.68801612406969,22.698928496800363,10.91237273067236,True,
4443,onnx_model_007,measure,22.70093803400494,22.70215099165216,22.713081068824977,10.9300771728158,True,
4444,onnx_model_002,measure,22.710968861454862,22.712525743059814,22.723287018947303,10.761275887489319,True,
4445,onnx_model_007,measure,22.71263197250527,22.71274227509275,22.723522596992552,10.780321899801493,True,
4446,onnx_model_000,measure,22.71388609841862,22.7143031116575,22.725168715696782,10.865604039281607,True,
4447,onnx_model_007,measure,22.71807709729226,22.7187343146652,22.72358221001923,4.8478953540325165,True,
4448,onnx_model_001,measure,22.724225589852555,22.724797549657524,22.735583101864904,10.785552207380533,True,
4449,onnx_model_005,measure,22.727024462999367,22.72739118989557,22.738200908061117,10.809718165546656,True,
4450,onnx_model_008,measure,22.738136546330985,22.738345433026552,22.74923715600744,10.891722980886698,True,
4451,onnx_model_006,measure,22.752149704492197,22.752459140960127,22.763292423915118,10.833282954990864,True,
4452,onnx_model_005,measure,22.753456711950932,22.753911341074854,22.764574551023543,10.663209948688745,True,
4453,onnx_model_001,measure,22.754210984578723,22.755284290760756,22.765729325823486,10.445035062730312,True,
4454,onnx_model_002,measure,22.758395938656772,22.75863147387281,22.769474144093692,10.8426702208817,True,
4455,onnx_model_000,measure,22.762863893298526,22.76335958065465,22.774091701954603,10.732121299952269,True,
4456,onnx_model_008,measure,22.76431603164515,22.764635846950114,22.77534630568698,10.710458736866713,True,
4457,onnx_model_004,measure,22.766338529382015,22.766892636660486,22.77893617004156,12.043533381074667,True,
4458,onnx_model_009,measure,22.768754055494387,22.769573953934014,22.780371959786862,10.798005852848291,True,
4459,onnx_model_002,measure,22.78413653746222,22.784593573771417,22.795284586027265,10.691012255847454,True,
4460,onnx_model_008,measure,22.787209652895786,22.788069090805948,22.799204466864467,11.135376058518887,True,
4461,onnx_model_000,measure,22.78770601590014,22.788252799771726,22.799308785703033,11.055985931307077,True,
4462,onnx_model_003,measure,22.787879672595604,22.788418153766543,22.79939994867891,10.98179491236806,True,
4463,onnx_model_003,measure,22.791262136029424,22.79196277167648,22.799558450002223,7.595678325742483,True,
4464,onnx_model_000,measure,22.791661267754073,22.792059846688062,22.799524255096912,7.464408408850431,True,
4465,onnx_model_007,measure,22.791707896416348,22.79214590974152,22.802917605731636,10.771695990115404,True,
4466,onnx_model_009,measure,22.800763896386925,22.80172724276781,22.812940658070147,11.213415302336216,True,
4467,onnx_model_001,measure,22.800898789536845,22.801942120771855,22.813626612070948,11.68449129909277,True,
4468,onnx_model_001,measure,22.811282444382073,22.813037962652743,22.824306923896074,11.268961243331432,True,
4469,onnx_model_005,measure,22.812655786506827,22.813202866818756,22.824360054917634,11.157188098877668,True,
4470,onnx_model_004,measure,22.821906294408784,22.823893879074603,22.834611891768873,10.718012694269419,True,
4471,onnx_model_007,measure,22.828549229294023,22.829534590709955,22.840221625752747,10.687035042792559,True,
4472,onnx_model_000,measure,22.837641417691213,22.838781106751412,22.849679432809353,10.898326057940722,True,
4473,onnx_model_007,measure,22.837973683558868,22.838894141837955,22.840299292933196,1.4051510952413082,True,
4474,onnx_model_006,measure,22.841620078902814,22.842452114913613,22.853266982827336,10.814867913722992,True,
4475,onnx_model_009,measure,22.84411843248369,22.84474135702476,22.85545967100188,10.718313977122307,True,
4476,onnx_model_000,measure,22.880026600084946,22.880650234874338,22.891847108025104,11.196873150765896,True,
4477,onnx_model_003,measure,22.880223155794383,22.880782265681773,22.892041166778654,11.258901096880436,True,
4478,onnx_model_003,measure,22.88398241268945,22.8842039196752,22.892077976837754,7.874057162553072,True,
4479,onnx_model_005,measure,22.884650744815417,22.885631944052875,22.896540238987654,10.908294934779406,True,
4480,onnx_model_001,measure,22.894020121941455,22.89430595189333,22.905191814992577,10.885863099247217,True,
4481,onnx_model_009,measure,22.898109557118527,22.898771029897034,22.90997378481552,11.20275491848588,True,
4482,onnx_model_000,measure,22.89857096751695,22.898953646887094,22.910012557636946,11.058910749852657,True,
4483,onnx_model_000,measure,22.899958286414073,22.900458877906203,22.91012163599953,9.662758093327284,True,
4484,onnx_model_008,measure,22.913870900076027,22.914360533002764,22.9254723447375,11.111811734735966,True,
4485,onnx_model_007,measure,22.914716567085694,22.915794137865305,22.926850905641913,11.056767776608467,True,
4486,onnx_model_008,measure,22.918381471135007,22.919245458673686,22.92563747894019,6.392020266503096,True,
4487,onnx_model_005,measure,22.920514203893,22.92168852267787,22.93290022481233,11.21170213446021,True,
4488,onnx_model_001,measure,22.925349172475077,22.925729754846543,22.936544521711767,10.814766865223646,True,
4489,onnx_model_006,measure,22.926722597968975,22.927002544049174,22.938048541080207,11.045997031033039,True,
4490,onnx_model_006,measure,22.930722415590207,22.93140712706372,22.938108814880252,6.701687816530466,True,
4491,onnx_model_002,measure,22.933199224033284,22.934117898810655,22.94518260192126,11.064703110605478,True,
4492,onnx_model_004,measure,22.940047247690043,22.940264392644167,22.951329625677317,11.065233033150434,True,
4493,onnx_model_002,measure,22.940930618416296,22.94170333771035,22.94532049400732,3.61715629696846,True,
4494,onnx_model_006,measure,22.95060698740944,22.951424897648394,22.962597544770688,11.17264712229371,True,
4495,onnx_model_007,measure,22.95491537920133,22.955886017996818,22.967033757828176,11.147739831358194,True,
4496,onnx_model_000,measure,22.956396242348077,22.957347746007144,22.968507329002023,11.159582994878292,True,
4497,onnx_model_005,measure,22.956793096331843,22.957513170782477,22.969077974092215,11.564803309738636,True,
4498,onnx_model_008,measure,22.957417794444503,22.95795490965247,22.969154989812523,11.200080160051584,True,
4499,onnx_model_006,measure,22.958406954470426,22.959433500654995,22.963286724872887,3.853224217891693,True,
4500,onnx_model_004,measure,22.961859293899295,22.962694820016623,22.974047750700265,11.352930683642626,True,
4501,onnx_model_009,measure,22.962446821221768,22.962872859090567,22.973892855923623,11.019996833056211,True,
4502,onnx_model_000,measure,22.96336807286635,22.964532462880015,22.96912171691656,4.5892540365457535,True,
4503,onnx_model_004,measure,22.968290269399827,22.968622738029808,22.974084571003914,5.461832974106073,True,
4504,onnx_model_005,measure,22.97748981365393,22.978305934928358,22.989266409073025,10.960474144667387,True,
4505,onnx_model_000,measure,22.985958066255744,22.986750836949795,22.997817483730614,11.0666467808187,True,
4506,onnx_model_009,measure,22.992092712474307,22.99252374097705,23.003471740987152,10.948000010102987,True,
4507,onnx_model_004,measure,22.996119979536303,22.997007813770324,23.007930596824735,10.922783054411411,True,
4508,onnx_model_002,measure,23.000801233860443,23.000980285927653,23.011720530688763,10.740244761109352,True,
4509,onnx_model_005,measure,23.003044643840802,23.003260389901698,23.013978492934257,10.718103032559156,True,
4510,onnx_model_007,measure,23.012673897600404,23.01287881284952,23.023723436985165,10.844624135643244,True,
4511,onnx_model_009,measure,23.02122389848005,23.022142130881548,23.03292771289125,10.785582009702921,True,
4512,onnx_model_005,measure,23.03061399080209,23.03090110095218,23.04173363186419,10.832530912011862,True,
4513,onnx_model_007,measure,23.036349694587937,23.03708461485803,23.04796663997695,10.882025118917227,True,
4514,onnx_model_003,measure,23.041609785518045,23.041790399700403,23.052525715902448,10.735316202044487,True,
4515,onnx_model_009,measure,23.04468969128957,23.045083459932357,23.05580585077405,10.722390841692686,True,
4516,onnx_model_001,measure,23.05683059283231,23.057956388685852,23.068692777771503,10.736389085650444,True,
4517,onnx_model_007,measure,23.072103417485554,23.072865539696068,23.08373296679929,10.867427103221416,True,
4518,onnx_model_007,measure,23.07478412790888,23.075145944021642,23.083809291943908,8.66334792226553,True,
4519,onnx_model_000,measure,23.084674465979255,23.08494966989383,23.095769005827606,10.81933593377471,True,
4520,onnx_model_008,measure,23.098439205818742,23.098983156029135,23.10988846467808,10.905308648943901,True,
4521,onnx_model_001,measure,23.10108280792358,23.10130876582116,23.112075122073293,10.766356252133846,True,
4522,onnx_model_002,measure,23.108680956867815,23.10963370092213,23.120539981871843,10.9062809497118,True,
4523,onnx_model_002,measure,23.113121346287176,23.11428031278774,23.12062449287623,6.344180088490248,True,
4524,onnx_model_006,measure,23.113471679074785,23.11439058277756,23.125261646695435,10.87106391787529,True,
4525,onnx_model_004,measure,23.119515148852958,23.11976719275117,23.130720763932914,10.953571181744337,True,
4526,onnx_model_003,measure,23.12942679286316,23.130464216694236,23.141298640985042,10.834424290806055,True,
4527,onnx_model_004,measure,23.13720896066385,23.13794631883502,23.148983468767256,11.03714993223548,True,
4528,onnx_model_004,measure,23.137255560947157,23.13805687893182,23.14902513800189,10.968259070068598,True,
4529,onnx_model_009,measure,23.14228116243757,23.142507338896394,23.15346407564357,10.956736747175455,True,
4530,onnx_model_003,measure,23.14532348743585,23.14585238788277,23.156774438917637,10.922051034867764,True,
4531,onnx_model_001,measure,23.14787208279731,23.14820774504915,23.158967537805438,10.759792756289244,True,
4532,onnx_model_005,measure,23.15322670554786,23.153530582785606,23.164339338894933,10.808756109327078,True,
4533,onnx_model_009,measure,23.15592509395387,23.156840194016695,23.16779466671869,10.954472701996565,True,
4534,onnx_model_007,measure,23.159695632775883,23.160170123912394,23.17113952478394,10.969400871545076,True,
4535,onnx_model_002,measure,23.159877767030313,23.16028095409274,23.171330817975104,11.049863882362843,True,
4536,onnx_model_007,measure,23.16287726105952,23.163659696932882,23.171356396749616,7.696699816733599,True,
4537,onnx_model_001,measure,23.166738703582695,23.167585057672113,23.17840305203572,10.817994363605976,True,
4538,onnx_model_009,measure,23.186573576942752,23.18860270967707,23.199417347088456,10.814637411385775,True,
4539,onnx_model_006,measure,23.19229424490799,23.192955263890326,23.20384518383071,10.889919940382242,True,
4540,onnx_model_006,measure,23.197189432003707,23.19829721795395,23.203916029073298,5.618811119347811,True,
4541,onnx_model_000,measure,23.20921675454526,23.210176829714328,23.220896625891328,10.719796176999807,True,
4542,onnx_model_004,measure,23.211809060386827,23.212599595077336,23.223277020733804,10.677425656467676,True,
4543,onnx_model_002,measure,23.222685585756704,23.223056100774556,23.233544918708503,10.488817933946848,True,
4544,onnx_model_000,measure,23.22388723421983,23.224431765731424,23.234959086868912,10.527321137487888,True,
4545,onnx_model_006,measure,23.236192088006824,23.23714718595147,23.24791404278949,10.766856838017702,True,
4546,onnx_model_007,measure,23.23668468540843,23.237277122680098,23.248031375929713,10.75425324961543,True,
4547,onnx_model_003,measure,23.237809610538413,23.238683556672186,23.249324292875826,10.6407362036407,True,
4548,onnx_model_005,measure,23.249121288414152,23.249421637970954,23.260346043854952,10.924405883997679,True,
4549,onnx_model_005,measure,23.25400862442614,23.254883820656687,23.260390708688647,5.506888031959534,True,
4550,onnx_model_000,measure,23.255578277152868,23.256316504906863,23.267054887022823,10.738382115960121,True,
4551,onnx_model_001,measure,23.256260242006686,23.256664565764368,23.26746023679152,10.79567102715373,True,
4552,onnx_model_004,measure,23.262443372796717,23.26363333268091,23.274565814062953,10.93248138204217,True,
4553,onnx_model_005,measure,23.26323109526354,23.263849955052137,23.274709346704185,10.859391652047634,True,
4554,onnx_model_009,measure,23.272122253314862,23.272681792732328,23.283690868876874,11.00907614454627,True,
4555,onnx_model_001,measure,23.282025755280607,23.2829535077326,23.294017869979143,11.064362246543169,True,
4556,onnx_model_005,measure,23.282713338301857,23.283142326865345,23.29414310771972,11.00078085437417,True,
4557,onnx_model_009,measure,23.28749371064695,23.287851868662983,23.298586023040116,10.734154377132654,True,
4558,onnx_model_006,measure,23.304540288642624,23.304821024648845,23.31592235667631,11.101332027465105,True,
4559,onnx_model_004,measure,23.305638211605114,23.306269058026373,23.31705483980477,10.785781778395176,True,
4560,onnx_model_006,measure,23.30827830616809,23.308698875829577,23.315968624781817,7.269748952239752,True,
4561,onnx_model_006,measure,23.308588752432012,23.308869631029665,23.31600064598024,7.131014950573444,True,
4562,onnx_model_003,measure,23.317679563348744,23.31826789584011,23.32910517603159,10.837280191481113,True,
4563,onnx_model_006,measure,23.323796401632645,23.324700753670186,23.33562660170719,10.92584803700447,True,
4564,onnx_model_003,measure,23.33264182700218,23.33335409173742,23.344199548009783,10.845456272363663,True,
4565,onnx_model_008,measure,23.354733682500882,23.355500610079616,23.366497052833438,10.996442753821611,True,
4566,onnx_model_002,measure,23.360157974440803,23.361082940828055,23.37205731170252,10.974370874464512,True,
4567,onnx_model_003,measure,23.360672558928307,23.36126923467964,23.37221925985068,10.950025171041489,True,
4568,onnx_model_009,measure,23.36388231511656,23.36488568969071,23.376000927761197,11.115238070487976,True,
4569,onnx_model_009,measure,23.36725821534037,23.3677775869146,23.37605900876224,8.281421847641468,True,
4570,onnx_model_006,measure,23.37522962269214,23.376173455733806,23.387194355018437,11.020899284631014,True,
4571,onnx_model_006,measure,23.376356030939927,23.376619543880224,23.387241414748132,10.621870867908001,True,
4572,onnx_model_001,measure,23.377310412450065,23.378028040751815,23.388777886051685,10.749845299869776,True,
4573,onnx_model_008,measure,23.394169785902704,23.395023406948894,23.405887848697603,10.864441748708487,True,
4574,onnx_model_006,measure,23.400924499906484,23.401473578065634,23.412537508644164,11.063930578529835,True,
4575,onnx_model_000,measure,23.402544049742904,23.402927061077207,23.41386805800721,10.940996930003166,True,
4576,onnx_model_006,measure,23.40261653137308,23.40309282578528,23.412584498059005,9.491672273725271,True,
4577,onnx_model_006,measure,23.409059687443133,23.410115574952215,23.412616749759763,2.501174807548523,True,
4578,onnx_model_002,measure,23.415174788592747,23.41608871007338,23.42702945601195,10.940745938569307,True,
4579,onnx_model_004,measure,23.41914005271261,23.419574134983122,23.43041747668758,10.843341704457998,True,
4580,onnx_model_007,measure,23.421695006795087,23.42201621690765,23.43289309181273,10.876874905079603,True,
4581,onnx_model_001,measure,23.43361536159455,23.43411176884547,23.444849079009145,10.737310163676739,True,
4582,onnx_model_008,measure,23.437506408510696,23.438487646635622,23.449134233873338,10.646587237715721,True,
4583,onnx_model_000,measure,23.447479243494527,23.44803005596623,23.458639312069863,10.609256103634834,True,
4584,onnx_model_009,measure,23.452679463556436,23.45332463970408,23.463912215083838,10.587575379759073,True,
4585,onnx_model_004,measure,23.453981992282372,23.45463585201651,23.46546265296638,10.82680094987154,True,
4586,onnx_model_004,measure,23.462375976871797,23.462792105972767,23.465534258633852,2.742152661085129,True,
4587,onnx_model_006,measure,23.46390934469696,23.46401154389605,23.474548534024507,10.536990128457546,True,
4588,onnx_model_004,measure,23.469089335707885,23.469731085933745,23.48050373373553,10.772647801786661,True,
4589,onnx_model_004,measure,23.47227830327132,23.4730726480484,23.480538859963417,7.466211915016174,True,
4590,onnx_model_008,measure,23.476966269058465,23.47771179676056,23.4885653979145,10.853601153939962,True,
4591,onnx_model_005,measure,23.485978912727383,23.486756088677794,23.498058361932635,11.302273254841566,True,
4592,onnx_model_009,measure,23.486123689655322,23.486940488684922,23.497924327850342,10.98383916541934,True,
4593,onnx_model_008,measure,23.495062971790706,23.495792765635997,23.50677815778181,10.985392145812511,True,
4594,onnx_model_002,measure,23.499590647964403,23.50027833180502,23.511225821916014,10.947490110993385,True,
4595,onnx_model_003,measure,23.51152159251891,23.512465107720345,23.523393260780722,10.928153060376644,True,
4596,onnx_model_006,measure,23.514040726888922,23.514921105932444,23.526056953705847,11.13584777340293,True,
4597,onnx_model_000,measure,23.52486588438225,23.52564520109445,23.536626394838095,10.981193743646145,True,
4598,onnx_model_005,measure,23.53031477760008,23.53128405008465,23.54233250208199,11.048451997339725,True,
4599,onnx_model_008,measure,23.53255723465747,23.533721593674272,23.54462001984939,10.898426175117493,True,
4600,onnx_model_008,measure,23.54689645750846,23.547962402924895,23.55923234578222,11.269942857325077,True,
4601,onnx_model_009,measure,23.550504541523548,23.551467665936798,23.56308013992384,11.612473987042904,True,
4602,onnx_model_007,measure,23.550765097318333,23.551642237696797,23.563344703055918,11.702465359121561,True,
4603,onnx_model_008,measure,23.5512167941775,23.55179647076875,23.559283753857017,7.4872830882668495,True,
4604,onnx_model_002,measure,23.551262101729854,23.551962587051094,23.563285320065916,11.322733014822006,True,
4605,onnx_model_007,measure,23.551562577717924,23.55257283663377,23.563374959863722,10.802123229950666,True,
4606,onnx_model_009,measure,23.555016185848277,23.556023115757853,23.563431036658585,7.407920900732279,True,
4607,onnx_model_000,measure,23.555816255464556,23.55618934193626,23.56719958083704,11.010238900780678,True,
4608,onnx_model_005,measure,23.556407201091453,23.556671547703445,23.567694110795856,11.022563092410564,True,
4609,onnx_model_007,measure,23.560171580444923,23.56050949404016,23.563403415028006,2.893920987844467,True,
4610,onnx_model_004,measure,23.566558301279045,23.567297636996955,23.578231069725007,10.93343272805214,True,
4611,onnx_model_001,measure,23.568779129942957,23.56994311604649,23.581758895888925,11.815779842436314,True,
4612,onnx_model_006,measure,23.569301309030564,23.57010962208733,23.581274826079607,11.165203992277384,True,
4613,onnx_model_008,measure,23.569376031155276,23.57025073003024,23.581803631037474,11.55290100723505,True,
4614,onnx_model_000,measure,23.574050146386384,23.574877083767205,23.585703012999147,10.8259292319417,True,
4615,onnx_model_001,measure,23.5804185012988,23.581369986757636,23.592320892959833,10.950906202197075,True,
4616,onnx_model_008,measure,23.590690587796253,23.590940608642995,23.60190353775397,10.962929110974073,True,
4617,onnx_model_007,measure,23.593545677663062,23.594541213009506,23.60551928076893,10.978067759424448,True,
4618,onnx_model_003,measure,23.60413340105461,23.605126563925296,23.61614554002881,11.018976103514433,True,
4619,onnx_model_005,measure,23.607680050099027,23.608743238728493,23.619671802967787,10.928564239293337,True,
4620,onnx_model_000,measure,23.616338724252625,23.617367792874575,23.62826652964577,10.898736771196127,True,
4621,onnx_model_005,measure,23.647507455452704,23.64856489468366,23.659672658890486,11.107764206826687,True,
4622,onnx_model_004,measure,23.649297066300345,23.650092377793044,23.661159494891763,11.067117098718882,True,
4623,onnx_model_007,measure,23.64964027344417,23.65028320066631,23.661245299037546,10.962098371237516,True,
4624,onnx_model_005,measure,23.657090224305332,23.657913906034082,23.65970445005223,1.790544018149376,True,
4625,onnx_model_008,measure,23.663076338257863,23.663486528676003,23.674592278897762,11.10575022175908,True,
4626,onnx_model_002,measure,23.663576991174708,23.663841472938657,23.674960258882493,11.118785943835974,True,
4627,onnx_model_002,measure,23.66547366600191,23.666411929763854,23.67501326976344,8.601339999586344,True,
4628,onnx_model_009,measure,23.665488810848277,23.666601178701967,23.678143579978496,11.542401276528835,True,
4629,onnx_model_004,measure,23.67636802783575,23.67724421992898,23.68844256689772,11.198346968740225,True,
4630,onnx_model_009,measure,23.67714572733244,23.677681320812553,23.688842756673694,11.16143586114049,True,
4631,onnx_model_005,measure,23.67874749050887,23.679372635670006,23.69074749806896,11.374862398952246,True,
4632,onnx_model_004,measure,23.687223290905433,23.687852684874088,23.698993351776153,11.140666902065277,True,
4633,onnx_model_005,measure,23.689268944116883,23.690090087708086,23.701284016948193,11.193929240107536,True,
4634,onnx_model_003,measure,23.689279456929057,23.690259469673038,23.70140455570072,11.145086027681828,True,
4635,onnx_model_004,measure,23.690226974497378,23.690845645032823,23.699123108759522,8.277463726699352,True,
4636,onnx_model_006,measure,23.696738932889062,23.697317736689,23.708273532800376,10.955796111375093,True,
4637,onnx_model_002,measure,23.69721354015661,23.697663163766265,23.708637864794582,10.974701028317213,True,
4638,onnx_model_005,measure,23.702131590955165,23.70262725977227,23.713432498741895,10.805238969624043,True,
4639,onnx_model_007,measure,23.703894031652542,23.705051597673446,23.715772837866098,10.721240192651749,True,
4640,onnx_model_004,measure,23.70745861032556,23.708330941852182,23.719195493962616,10.864552110433578,True,
4641,onnx_model_004,measure,23.708687288247035,23.70979214878753,23.719288780819625,9.496632032096386,True,
4642,onnx_model_006,measure,23.709187459075412,23.70989636797458,23.720632494892925,10.73612691834569,True,
4643,onnx_model_002,measure,23.710935320505786,23.71121919201687,23.721947725862265,10.72853384539485,True,
4644,onnx_model_007,measure,23.716470223329146,23.716960585676134,23.727737590670586,10.777004994452,True,
4645,onnx_model_001,measure,23.722997904537923,23.724143899977207,23.734951683785766,10.80778380855918,True,
4646,onnx_model_003,measure,23.738611675380877,23.73914885194972,23.750075242016464,10.926390066742897,True,
4647,onnx_model_006,measure,23.73941483002915,23.740496573969722,23.751303005963564,10.806431993842125,True,
4648,onnx_model_007,measure,23.741409513124914,23.74180853785947,23.75254705082625,10.738512966781855,True,
4649,onnx_model_003,measure,23.747898600203897,23.74815284786746,23.750123193021864,1.9703451544046402,True,
4650,onnx_model_004,measure,23.748964592103942,23.749489788897336,23.760213763918728,10.723975021392107,True,
4651,onnx_model_005,measure,23.749626663466845,23.74976046383381,23.760493795853108,10.733332019299269,True,
4652,onnx_model_005,measure,23.75054231753567,23.751374230720103,23.76058008009568,9.20584937557578,True,
4653,onnx_model_003,measure,23.76060925299765,23.761759432032704,23.772544553037733,10.785121005028486,True,
4654,onnx_model_008,measure,23.76376898258059,23.764116922859102,23.77493942482397,10.822501964867115,True,
4655,onnx_model_001,measure,23.76654913647332,23.767458614893258,23.77818332100287,10.72470610961318,True,
4656,onnx_model_004,measure,23.771573068389564,23.77179704187438,23.782674117945135,10.87707607075572,True,
4657,onnx_model_004,measure,23.7717391893104,23.772089367732406,23.782757816836238,10.668449103832245,True,
4658,onnx_model_009,measure,23.784685490925714,23.784949773922563,23.79583170870319,10.881934780627489,True,
4659,onnx_model_004,measure,23.813979184775185,23.815079777035862,23.826255260035396,11.175482999533415,True,
4660,onnx_model_008,measure,23.81656283380848,23.817512270063162,23.828905967995524,11.393697932362556,True,
4661,onnx_model_001,measure,23.816660223773138,23.81765377894044,23.82883501285687,11.181233916431665,True,
4662,onnx_model_007,measure,23.81851473737632,23.819211600814015,23.83039298467338,11.181383859366179,True,
4663,onnx_model_003,measure,23.82203967114546,23.822758392896503,23.833878109697253,11.119716800749302,True,
4664,onnx_model_001,measure,23.83138532898107,23.831641758792102,23.842745576053858,11.103817261755466,True,
4665,onnx_model_009,measure,23.836355514705303,23.837120864074677,23.848456752020866,11.33588794618845,True,
4666,onnx_model_008,measure,23.836969568268053,23.837297899648547,23.84865530906245,11.357409413903952,True,
4667,onnx_model_009,measure,23.84233819776376,23.8428462469019,23.848695705644786,5.849458742886782,True,
4668,onnx_model_009,measure,23.845944129287506,23.84633750282228,23.848727466072887,2.389963250607252,True,
4669,onnx_model_001,measure,23.84616562473276,23.84650628408417,23.85763926571235,11.13298162817955,True,
4670,onnx_model_005,measure,23.849235900352056,23.84998181089759,23.861035912763327,11.05410186573863,True,
4671,onnx_model_009,measure,23.8525387630267,23.853439664002508,23.86465408001095,11.21441600844264,True,
4672,onnx_model_000,measure,23.855794513030663,23.856897175777704,23.86790225468576,11.00507890805602,True,
4673,onnx_model_005,measure,23.858927002462043,23.85990129597485,23.871085725724697,11.184429749846458,True,
4674,onnx_model_001,measure,23.85931830754661,23.860071749892086,23.871219760738313,11.148010846227407,True,
4675,onnx_model_007,measure,23.863972353201362,23.864265721756965,23.875417209696025,11.151487939059734,True,
4676,onnx_model_009,measure,23.86795139448569,23.869121812749654,23.880290913861245,11.169101111590862,True,
4677,onnx_model_009,measure,23.87379621259671,23.874443959910423,23.880442081019282,5.9981211088597775,True,
4678,onnx_model_001,measure,23.874083206548633,23.87460543680936,23.88565889792517,11.053461115807295,True,
4679,onnx_model_005,measure,23.877990424888424,23.878640175797045,23.889582705684006,10.942529886960983,True,
4680,onnx_model_007,measure,23.88296593960262,23.88366685109213,23.8946837130934,11.016862001270056,True,
4681,onnx_model_004,measure,23.885332009334807,23.88575566187501,23.896817258093506,11.061596218496561,True,
4682,onnx_model_004,measure,23.885973557565563,23.886139019858092,23.896872363053262,10.733343195170164,True,
4683,onnx_model_000,measure,23.890555005538328,23.89080527005717,23.90194044681266,11.135176755487919,True,
4684,onnx_model_009,measure,23.897219233185265,23.89809085894376,23.909003542736173,10.912683792412281,True,
4685,onnx_model_000,measure,23.90114008419656,23.901538433041424,23.9124942580238,10.955824982374907,True,
4686,onnx_model_003,measure,23.90714291958158,23.908194484654814,23.919321124907583,11.126640252768993,True,
4687,onnx_model_005,measure,23.907959697314638,23.90831655682996,23.919200805947185,10.884249117225409,True,
4688,onnx_model_002,measure,23.90927087337224,23.910216718912125,23.92117315484211,10.956435929983854,True,
4689,onnx_model_009,measure,23.91043394974292,23.910625064745545,23.921564348973334,10.939284227788448,True,
4690,onnx_model_008,measure,23.912843083229337,23.913722412660718,23.9249001997523,11.177787091583014,True,
4691,onnx_model_008,measure,23.913106938321746,23.91390275489539,23.92500336607918,11.100611183792353,True,
4692,onnx_model_007,measure,23.913889350979144,23.914341769646853,23.92529384791851,10.952078271657228,True,
4693,onnx_model_004,measure,23.92786122193697,23.928606003988534,23.939897628035396,11.291624046862125,True,
4694,onnx_model_008,measure,23.92826294894486,23.928798319771886,23.939952773042023,11.15445327013731,True,
4695,onnx_model_002,measure,23.930417164003217,23.93142181681469,23.94241949170828,10.997674893587828,True,
4696,onnx_model_007,measure,23.935354228749016,23.935984519775957,23.946993646677583,11.009126901626587,True,
4697,onnx_model_000,measure,23.940352450843648,23.941247453913093,23.952387088909745,11.139634996652603,True,
4698,onnx_model_005,measure,23.941687557983112,23.942531143780798,23.95358637906611,11.055235285311937,True,
4699,onnx_model_004,measure,23.95147949026571,23.952523719053715,23.963811113964766,11.287394911050797,True,
4700,onnx_model_005,measure,23.952080023361802,23.95272580301389,23.963756459765136,11.03065675124526,True,
4701,onnx_model_008,measure,23.96892233327374,23.970042950008065,23.981146737001836,11.103786993771791,True,
4702,onnx_model_008,measure,23.970434582177457,23.971498246770352,23.981615006923676,10.116760153323412,True,
4703,onnx_model_002,measure,23.97872698574139,23.97996612265706,23.990936225745827,10.970103088766336,True,
4704,onnx_model_001,measure,23.980979819781684,23.981305197812617,23.9923353549093,11.030157096683979,True,
4705,onnx_model_006,measure,23.981580590725045,23.98176841903478,23.99278123304248,11.01281400769949,True,
4706,onnx_model_005,measure,23.982505019332415,23.983214046806097,23.994382626842707,11.168580036610365,True,
4707,onnx_model_001,measure,23.993412308538133,23.99400388682261,24.005100038833916,11.096152011305094,True,
4708,onnx_model_006,measure,23.999033451685317,23.99962721578777,24.01113844709471,11.511231306940317,True,
4709,onnx_model_007,measure,24.002646500201198,24.00308666191995,24.014596570748836,11.509908828884363,True,
4710,onnx_model_000,measure,24.002933157989183,24.003249631728977,24.014643088914454,11.393457185477018,True,
4711,onnx_model_009,measure,24.00464589023192,24.005195970647037,24.016244041733444,11.048071086406708,True,
4712,onnx_model_006,measure,24.01039631063134,24.01076742168516,24.021853785961866,11.086364276707172,True,
4713,onnx_model_006,measure,24.012863295940274,24.01337200263515,24.02200817875564,8.636176120489836,True,
4714,onnx_model_004,measure,24.013514926593846,24.013749559875578,24.024643848650157,10.894288774579763,True,
4715,onnx_model_008,measure,24.013863489084372,24.014154439792037,24.025173004716635,11.01856492459774,True,
4716,onnx_model_001,measure,24.0160019688411,24.016339153051376,24.02722398377955,10.884830728173256,True,
4717,onnx_model_008,measure,24.019961685055023,24.020787147805095,24.02520887274295,4.421724937856197,True,
4718,onnx_model_006,measure,24.031723556947988,24.032467480748892,24.043463832698762,10.996351949870586,True,
4719,onnx_model_001,measure,24.03711908999994,24.037931957747787,24.048961132764816,11.029175017029047,True,
4720,onnx_model_006,measure,24.040533382188443,24.041371616069227,24.043627694714814,2.2560786455869675,True,
4721,onnx_model_006,measure,24.041293848831994,24.04173179063946,24.043666508980095,1.9347183406352997,True,
4722,onnx_model_005,measure,24.041331296075843,24.041912764776498,24.052875693887472,10.962929110974073,True,
4723,onnx_model_001,measure,24.04192555782494,24.04234177991748,24.04907094174996,6.729161832481623,True,
4724,onnx_model_000,measure,24.046918806713453,24.04790462506935,24.058881069067866,10.976443998515606,True,
4725,onnx_model_007,measure,24.04728995984879,24.048070138785988,24.05904321698472,10.973078198730946,True,
4726,onnx_model_001,measure,24.051007934143428,24.051293004769832,24.062253389973193,10.960385203361511,True,
4727,onnx_model_004,measure,24.053752972304295,24.054098177701235,24.06498150480911,10.88332710787654,True,
4728,onnx_model_000,measure,24.05935455758662,24.06026201369241,24.071154048666358,10.892034973949194,True,
4729,onnx_model_007,measure,24.062133698642867,24.062397473026067,24.073387504089624,10.990031063556671,True,
4730,onnx_model_006,measure,24.06358613965606,24.063841158058494,24.07482626894489,10.985110886394978,True,
4731,onnx_model_006,measure,24.065364989775844,24.066199640743434,24.074955524876714,8.755884133279324,True,
4732,onnx_model_009,measure,24.067919606734776,24.06864507868886,24.079616223927587,10.971145238727331,True,
4733,onnx_model_004,measure,24.06878211251638,24.069019119720906,24.080135371070355,11.116251349449158,True,
4734,onnx_model_002,measure,24.069875901065682,24.070449839811772,24.081307879649103,10.85803983733058,True,
4735,onnx_model_007,measure,24.07249207108546,24.073483966756612,24.084309965837747,10.825999081134796,True,
4736,onnx_model_008,measure,24.079400831601276,24.079710863996297,24.090874054003507,11.163190007209778,True,
4737,onnx_model_008,measure,24.079835927622057,24.080267301760614,24.09091637376696,10.649072006344795,True,
4738,onnx_model_006,measure,24.08204427394261,24.082528529688716,24.093333097640425,10.804567951709032,True,
4739,onnx_model_001,measure,24.090769367827065,24.091057271696627,24.10204046871513,10.983197018504143,True,
4740,onnx_model_005,measure,24.10000421984288,24.10055870283395,24.111533503979445,10.974801145493984,True,
4741,onnx_model_004,measure,24.101740006795477,24.102143745869398,24.113110581878573,10.966836009174585,True,
4742,onnx_model_000,measure,24.103216431659273,24.103641181718558,24.114716965705156,11.075783986598253,True,
4743,onnx_model_005,measure,24.113799270632576,24.11432935902849,24.12532737478614,10.998015757650137,True,
4744,onnx_model_008,measure,24.11747741358315,24.117958386894315,24.128912209067494,10.953822173178196,True,
4745,onnx_model_002,measure,24.11963672451974,24.120405999943614,24.131250152830034,10.844152886420488,True,
4746,onnx_model_006,measure,24.126707981146772,24.127557123079896,24.138599422760308,11.042299680411816,True,
4747,onnx_model_006,measure,24.127446084002848,24.127721204888076,24.13871262781322,10.991422925144434,True,
4748,onnx_model_008,measure,24.148889874780206,24.149974775966257,24.16094004875049,10.965272784233093,True,
4749,onnx_model_002,measure,24.153228188774555,24.154420946724713,24.165341034997255,10.920088272541761,True,
4750,onnx_model_000,measure,24.157801949245158,24.158870204817504,24.169976976700127,11.106771882623434,True,
4751,onnx_model_000,measure,24.162931256444704,24.163164377678186,24.170488549862057,7.324172183871269,True,
4752,onnx_model_000,measure,24.16646271463092,24.167562056798488,24.17053386569023,2.9718088917434216,True,
4753,onnx_model_009,measure,24.167621374390983,24.16806860966608,24.17894958285615,10.880973190069199,True,
4754,onnx_model_005,measure,24.16957299869294,24.170093488879502,24.181073090061545,10.979601182043552,True,
4755,onnx_model_009,measure,24.192872343839973,24.193294470664114,24.2043570689857,11.062598321586847,True,
4756,onnx_model_003,measure,24.20512282612679,24.2055779597722,24.216653042007238,11.07508223503828,True,
4757,onnx_model_007,measure,24.20599911594173,24.2070135390386,24.217952341772616,10.938802734017372,True,
4758,onnx_model_008,measure,24.218236465427626,24.219180966727436,24.230301345698535,11.120378971099854,True,
4759,onnx_model_008,measure,24.22009248055338,24.220618299674243,24.23041328880936,9.794989135116339,True,
4760,onnx_model_000,measure,24.22644150820656,24.22706424165517,24.238030747976154,10.966506320983171,True,
4761,onnx_model_002,measure,24.234673223299882,24.235643890686333,24.246963758952916,11.319868266582489,True,
4762,onnx_model_001,measure,24.235006641920293,24.23580777272582,24.247143670916557,11.33589819073677,True,
4763,onnx_model_002,measure,24.23691994459415,24.2373333517462,24.247014484833926,9.681133087724447,True,
4764,onnx_model_009,measure,24.239138800487364,24.24026763997972,24.251193097792566,10.925457812845707,True,
4765,onnx_model_008,measure,24.243121382777254,24.243739118799567,24.254803490824997,11.064372025430202,True,
4766,onnx_model_002,measure,24.243177158510637,24.243938799016178,24.247179708909243,3.240909893065691,True,
4767,onnx_model_004,measure,24.245273425709318,24.24646722478792,24.257544901687652,11.07767689973116,True,
4768,onnx_model_005,measure,24.251194663608636,24.251342401839793,24.262460585683584,11.118183843791485,True,
4769,onnx_model_005,measure,24.25635521059319,24.257028109859675,24.262499639764428,5.47152990475297,True,
4770,onnx_model_007,measure,24.2646772942997,24.265717536676675,24.276704601943493,10.987065266817808,True,
4771,onnx_model_008,measure,24.266035625349527,24.267203141003847,24.27816677093506,10.963629931211472,True,
4772,onnx_model_003,measure,24.27182317068665,24.272679280024022,24.283790801651776,11.111521627753973,True,
4773,onnx_model_008,measure,24.282663989644096,24.283404777757823,24.294329605065286,10.924827307462692,True,
4774,onnx_model_000,measure,24.28568160561464,24.28602452808991,24.297121721785516,11.097193695604801,True,
4775,onnx_model_009,measure,24.28863023624105,24.289464846719056,24.300464496016502,10.999649297446012,True,
4776,onnx_model_004,measure,24.28871261592431,24.28962596366182,24.300648335833102,11.022372171282768,True,
4777,onnx_model_000,measure,24.290075212053726,24.291164889000356,24.29726573592052,6.100846920162439,True,
4778,onnx_model_000,measure,24.29305729227283,24.293629803694785,24.29730245564133,3.672651946544647,True,
4779,onnx_model_002,measure,24.295223692717887,24.295547348912805,24.30650158179924,10.954232886433601,True,
4780,onnx_model_006,measure,24.303528452135524,24.30390877276659,24.314772743731737,10.863970965147018,True,
4781,onnx_model_008,measure,24.31585900410866,24.317000929731876,24.327998654916883,10.997725185006857,True,
4782,onnx_model_008,measure,24.319487821945778,24.320455425884575,24.32814408093691,7.68865505233407,True,
4783,onnx_model_005,measure,24.32618213630888,24.326902722008526,24.337835592683405,10.932870674878359,True,
4784,onnx_model_006,measure,24.334905249688042,24.335364776663482,24.346314230002463,10.949453338980675,True,
4785,onnx_model_008,measure,24.3513820224584,24.352540425024927,24.363654491957277,11.114066932350397,True,
4786,onnx_model_000,measure,24.351782028196283,24.352702823933214,24.36376311769709,11.060293763875961,True,
4787,onnx_model_000,measure,24.36529527148216,24.365991754923016,24.377098927740008,11.107172816991806,True,
4788,onnx_model_004,measure,24.369830537103155,24.370427225716412,24.38141558272764,10.9883570112288,True,
4789,onnx_model_002,measure,24.37279855382024,24.373854480683804,24.38465490983799,10.80042915418744,True,
4790,onnx_model_000,measure,24.376641101562306,24.377193967811763,24.38812534697354,10.931379161775112,True,
4791,onnx_model_001,measure,24.38498256154421,24.385900377761573,24.396934752818197,11.034375056624413,True,
4792,onnx_model_008,measure,24.40114231058084,24.402155245654285,24.413109107874334,10.953862220048904,True,
4793,onnx_model_007,measure,24.410418737413593,24.41265569580719,24.42379611171782,11.140415910631418,True,
4794,onnx_model_007,measure,24.416085560966685,24.416411995887756,24.42384758964181,7.435593754053116,True,
4795,onnx_model_000,measure,24.42053250381788,24.420964730903506,24.431928139645606,10.9634087421,True,
4796,onnx_model_007,measure,24.422011114526775,24.42260495806113,24.42390129202977,1.2963339686393738,True,
4797,onnx_model_004,measure,24.43929208866111,24.4401816688478,24.45130466297269,11.122994124889374,True,
4798,onnx_model_005,measure,24.44170732757443,24.44264640379697,24.453616346698254,10.969942901283503,True,
4799,onnx_model_007,measure,24.449085303629285,24.4501094808802,24.461183791048825,11.074310168623924,True,
4800,onnx_model_002,measure,24.449845805541734,24.450276107061654,24.461631753016263,11.355645954608917,True,
4801,onnx_model_006,measure,24.45506534859676,24.455853168852627,24.466843439731747,10.990270879119635,True,
4802,onnx_model_002,measure,24.460277690769534,24.461284222081304,24.472422323655337,11.138101574033499,True,
4803,onnx_model_007,measure,24.464957050028573,24.46587664168328,24.47674169484526,10.865053161978722,True,
4804,onnx_model_002,measure,24.469413695727805,24.47008410980925,24.472468412015587,2.384302206337452,True,
4805,onnx_model_006,measure,24.49336356681067,24.494058821815997,24.505560935940593,11.502114124596119,True,
4806,onnx_model_008,measure,24.493683768504592,24.494248712901026,24.505380472633988,11.131759732961655,True,
4807,onnx_model_005,measure,24.49423529306305,24.49470969988033,24.50565851200372,10.948812123388052,True,
4808,onnx_model_006,measure,24.49739328428797,24.49824516987428,24.50560368783772,7.358517963439226,True,
4809,onnx_model_005,measure,24.501262821639283,24.501838700845838,24.505772958975285,3.9342581294476986,True,
4810,onnx_model_001,measure,24.508940419002133,24.5100218760781,24.52104824502021,11.02636894211173,True,
4811,onnx_model_004,measure,24.51004401054687,24.510414923075587,24.521471560001373,11.056636925786734,True,
4812,onnx_model_006,measure,24.516115593666814,24.516897294670343,24.528081234078854,11.183939408510923,True,
4813,onnx_model_009,measure,24.517633234885135,24.518342712894082,24.52923987666145,10.897163767367601,True,
4814,onnx_model_006,measure,24.52113971618759,24.52158422395587,24.528193267062306,6.609043106436729,True,
4815,onnx_model_002,measure,24.522288761014423,24.523023901041597,24.534324341919273,11.30044087767601,True,
4816,onnx_model_001,measure,24.522362560851626,24.523190416861326,24.534382802899927,11.192386038601398,True,
4817,onnx_model_005,measure,24.52306008053171,24.523751283995807,24.534979095682502,11.227811686694622,True,
4818,onnx_model_001,measure,24.525317611158588,24.52620779303834,24.534846423659474,8.638630621135235,True,
4819,onnx_model_001,measure,24.533368135529095,24.53447541873902,24.545384665951133,10.90924721211195,True,
4820,onnx_model_000,measure,24.54878968445407,24.54961062874645,24.560661565046757,11.050936300307512,True,
4821,onnx_model_004,measure,24.549715807830864,24.550001902040094,24.561162045691162,11.16014365106821,True,
4822,onnx_model_002,measure,24.551083207687324,24.551430146675557,24.562372476793826,10.942330118268728,True,
4823,onnx_model_008,measure,24.55680782847395,24.557876099832356,24.568732105661184,10.85600582882762,True,
4824,onnx_model_005,measure,24.56012322868624,24.56076118396595,24.571779938880354,11.018754914402962,True,
4825,onnx_model_001,measure,24.562422747642866,24.56358876870945,24.574475342873484,10.886574164032936,True,
4826,onnx_model_009,measure,24.56443871715077,24.56501420866698,24.575912724714726,10.898516047745943,True,
4827,onnx_model_009,measure,24.587163717072197,24.588135499041528,24.59921491984278,11.079420801252127,True,
4828,onnx_model_006,measure,24.588037406640876,24.588514579925686,24.59967466397211,11.160084046423435,True,
4829,onnx_model_008,measure,24.588107323264026,24.588709499686956,24.59961887774989,10.909378062933683,True,
4830,onnx_model_006,measure,24.60253535772526,24.602934539783746,24.614052332937717,11.117793153971434,True,
4831,onnx_model_006,measure,24.606214671197236,24.607389157637954,24.61417063791305,6.781480275094509,True,
4832,onnx_model_002,measure,24.610380578446797,24.61082347575575,24.621647249907255,10.82377415150404,True,
4833,onnx_model_001,measure,24.613996448687974,24.614300895947963,24.625268043018878,10.967147070914507,True,
4834,onnx_model_002,measure,24.62371206823301,24.624896767083555,24.63581418991089,10.917422827333212,True,
4835,onnx_model_000,measure,24.628330953051517,24.629490188788623,24.640421617776155,10.931428987532854,True,
4836,onnx_model_003,measure,24.643582193773902,24.644645205698907,24.65560166304931,10.95645735040307,True,
4837,onnx_model_007,measure,24.645212031957993,24.646103758830577,24.657039425801486,10.935666970908642,True,
4838,onnx_model_007,measure,24.64680768747435,24.647532714996487,24.657080233097076,9.547518100589514,True,
4839,onnx_model_002,measure,24.664344417011723,24.665297072846442,24.67630013776943,11.003064922988415,True,
4840,onnx_model_007,measure,24.665501106928243,24.665661646053195,24.67657230468467,10.91065863147378,True,
4841,onnx_model_001,measure,24.668302133619807,24.66910779569298,24.67987016402185,10.762368328869343,True,
4842,onnx_model_000,measure,24.669760776634472,24.670684813987464,24.681558473035693,10.873659048229456,True,
4843,onnx_model_002,measure,24.672708701408897,24.673162523657084,24.67641005665064,3.247532993555069,True,
4844,onnx_model_006,measure,24.67685459616362,24.67779127182439,24.68872148869559,10.930216871201992,True,
4845,onnx_model_005,measure,24.678599862639285,24.679243582766503,24.69018661370501,10.943030938506126,True,
4846,onnx_model_003,measure,24.68229906586911,24.682775816880167,24.693763012997806,10.987196117639542,True,
4847,onnx_model_009,measure,24.682724121909626,24.68315131077543,24.694005724042654,10.854413267225027,True,
4848,onnx_model_003,measure,24.6853732544383,24.686579988803715,24.69388952292502,7.30953412130475,True,
4849,onnx_model_003,measure,24.694314837998924,24.69522386882454,24.706261611077935,11.037742253392935,True,
4850,onnx_model_003,measure,24.696496723398578,24.697672544047236,24.70637083798647,8.698293939232826,True,
4851,onnx_model_005,measure,24.701108063034923,24.70212717074901,24.71310516865924,10.977997910231352,True,
4852,onnx_model_006,measure,24.701231190116086,24.70229107281193,24.713214716874063,10.923644062131643,True,
4853,onnx_model_005,measure,24.702470265949273,24.702718605753034,24.713323042728007,10.604436974972486,True,
4854,onnx_model_001,measure,24.717854705261995,24.718549247831106,24.729632935952395,11.083688121289015,True,
4855,onnx_model_002,measure,24.718063553800818,24.718714501708746,24.729789363685995,11.074861977249384,True,
4856,onnx_model_002,measure,24.721881382468215,24.722248118836433,24.72982772672549,7.579607889056206,True,
4857,onnx_model_008,measure,24.73854600223696,24.740046119783074,24.750842933077365,10.796813294291496,True,
4858,onnx_model_003,measure,24.742932606876984,24.743489565793425,24.754544709809124,11.055144015699625,True,
4859,onnx_model_001,measure,24.74302273779911,24.74365079170093,24.754662052728236,11.011261027306318,True,
4860,onnx_model_005,measure,24.7477744634593,24.74818793684244,24.759146697819233,10.958760976791382,True,
4861,onnx_model_009,measure,24.748092258628425,24.748529254924506,24.759388607926667,10.859353002160788,True,
4862,onnx_model_004,measure,24.75765708601688,24.757895600050688,24.768805457744747,10.90985769405961,True,
4863,onnx_model_001,measure,24.760280805440082,24.760605299845338,24.77153835305944,10.933053214102983,True,
4864,onnx_model_004,measure,24.766282653679742,24.76703989179805,24.768929112702608,1.889220904558897,True,
4865,onnx_model_004,measure,24.768966972119898,24.77014455292374,24.781132319942117,10.987767018377781,True,
4866,onnx_model_004,measure,24.771201318650565,24.771635627839714,24.781261143740267,9.625515900552273,True,
4867,onnx_model_007,measure,24.7729339852764,24.774135058745742,24.785106463823467,10.971405077725649,True,
4868,onnx_model_002,measure,24.776156425387054,24.776565718930215,24.787588481791317,11.02276286110282,True,
4869,onnx_model_002,measure,24.784209364052483,24.784479351714253,24.787626313976943,3.1469622626900673,True,
4870,onnx_model_006,measure,24.787500720861072,24.787760890088975,24.79873464908451,10.97375899553299,True,
4871,onnx_model_005,measure,24.788343153805048,24.789251503068954,24.800157082732767,10.905579663813114,True,
4872,onnx_model_004,measure,24.79013716946696,24.790685658808798,24.801549058873206,10.86340006440878,True,
4873,onnx_model_001,measure,24.814278100621088,24.815781231969595,24.82722953381017,11.44830184057355,True,
4874,onnx_model_001,measure,24.814719447155717,24.81598680280149,24.827303574886173,11.31677208468318,True,
4875,onnx_model_009,measure,24.816272751239097,24.81643349165097,24.827466564718634,11.0330730676651,True,
4876,onnx_model_003,measure,24.816450937061614,24.81678563170135,24.828008274082094,11.222642380744219,True,
4877,onnx_model_003,measure,24.817160751487815,24.818227583076805,24.82806250685826,9.834923781454563,True,
4878,onnx_model_001,measure,24.819692251385785,24.82066144887358,24.827339973766357,6.6785248927772045,True,
4879,onnx_model_006,measure,24.825413279663874,24.826112139970064,24.837281330954283,11.169190984219313,True,
4880,onnx_model_006,measure,24.831281478473226,24.83236887305975,24.837335323914886,4.966450855135918,True,
4881,onnx_model_000,measure,24.831617753575333,24.83255962608382,24.844195483718067,11.63585763424635,True,
4882,onnx_model_000,measure,24.83347034651836,24.83416350465268,24.844246009830385,10.08250517770648,True,
4883,onnx_model_002,measure,24.839029211967407,24.839635856915265,24.850633831694722,10.997974779456854,True,
4884,onnx_model_005,measure,24.83994114806438,24.84117200691253,24.852385711856186,11.213704943656921,True,
4885,onnx_model_005,measure,24.84270477648657,24.843744546640664,24.85243878280744,8.694236166775227,True,
4886,onnx_model_008,measure,24.852379519574654,24.852608725894243,24.863653521053493,11.044795159250498,True,
4887,onnx_model_009,measure,24.85640897636955,24.85716337384656,24.868174644652754,11.011270806193352,True,
4888,onnx_model_003,measure,24.863095760472085,24.863764301873744,24.874785681720823,11.021379847079515,True,
4889,onnx_model_006,measure,24.864969826477214,24.865320679731667,24.876338192727417,11.017512995749712,True,
4890,onnx_model_008,measure,24.877872640083083,24.878643314819783,24.889675375074148,11.032060254365206,True,
4891,onnx_model_001,measure,24.88918839131383,24.889787166845053,24.901058822870255,11.271656025201082,True,
4892,onnx_model_006,measure,24.898519364394264,24.90035840170458,24.911726240999997,11.36783929541707,True,
4893,onnx_model_002,measure,24.899236971487515,24.900546138640493,24.911674892995507,11.12875435501337,True,
4894,onnx_model_005,measure,24.90738830833629,24.90836262702942,24.91946818679571,11.105559766292572,True,
4895,onnx_model_008,measure,24.919284653124404,24.91962318168953,24.93062312109396,10.999939404428005,True,
4896,onnx_model_007,measure,24.92029211011654,24.921195570845157,24.932228622958064,11.033052112907171,True,
4897,onnx_model_000,measure,24.925959484041165,24.926739618647844,24.937851229682565,11.111611034721136,True,
4898,onnx_model_008,measure,24.949760731407558,24.950174605939537,24.961263264063746,11.08865812420845,True,
4899,onnx_model_002,measure,24.951929743573803,24.952724162023515,24.96379141882062,11.067256797105074,True,
4900,onnx_model_009,measure,24.953466216287065,24.954301620833576,24.965267174877226,10.965554043650627,True,
4901,onnx_model_004,measure,24.957598488791824,24.958852951880544,24.970029997639358,11.17704575881362,True,
4902,onnx_model_007,measure,24.959358752679226,24.96041872771457,24.971375986933708,10.957259219139814,True,
4903,onnx_model_002,measure,24.968876350506303,24.969571485649794,24.980635046958923,11.063561309129,True,
4904,onnx_model_003,measure,24.974831558420195,24.975679366849363,24.986921736970544,11.242370121181011,True,
4905,onnx_model_003,measure,24.98298162950742,24.98395462706685,24.98697573877871,3.021111711859703,True,
4906,onnx_model_004,measure,24.987062074698713,24.98826998984441,24.99927598098293,11.005991138517857,True,
4907,onnx_model_008,measure,24.998505676627087,24.998814733698964,25.009966210927814,11.151477228850126,True,
4908,onnx_model_001,measure,25.005538582628063,25.00660425098613,25.017690473701805,11.08622271567583,True,
4909,onnx_model_003,measure,25.008852755608032,25.009158455766737,25.020473934710026,11.315478943288326,True,
4910,onnx_model_009,measure,25.019411983148977,25.02005682187155,25.031207928899676,11.151107028126717,True,
4911,onnx_model_000,measure,25.02048421344223,25.0206684647128,25.031806736718863,11.138272006064653,True,
4912,onnx_model_007,measure,25.02067700178395,25.02109586680308,25.032135372050107,11.039505247026682,True,
4913,onnx_model_009,measure,25.02089213489102,25.021263496018946,25.03135793376714,10.09443774819374,True,
4914,onnx_model_000,measure,25.0293612118337,25.029817305039614,25.031946402043104,2.1290970034897327,True,
4915,onnx_model_004,measure,25.04364300488885,25.044379346072674,25.05536863487214,10.989288799464703,True,
4916,onnx_model_004,measure,25.055272462066466,25.055520292837173,25.066518479026854,10.998186189681292,True,
4917,onnx_model_002,measure,25.05928378484894,25.060048921965063,25.07104399194941,10.995069984346628,True,
4918,onnx_model_009,measure,25.067897038664167,25.06877421680838,25.07967806374654,10.903846938163042,True,
4919,onnx_model_006,measure,25.06921181150232,25.070265782997012,25.08143406175077,11.168278753757477,True,
4920,onnx_model_005,measure,25.073342404970703,25.074280433822423,25.085505391005427,11.224957183003426,True,
4921,onnx_model_006,measure,25.073483232949773,25.07445065677166,25.08148896601051,7.03830923885107,True,
4922,onnx_model_005,measure,25.084739136982623,25.085604699794203,25.096608575899154,11.003876104950905,True,
4923,onnx_model_005,measure,25.0940648069518,25.09606069466099,25.10711558908224,11.054894421249628,True,
4924,onnx_model_004,measure,25.09813670989017,25.098834217060357,25.10982947796583,10.995260905474424,True,
4925,onnx_model_001,measure,25.104830013486076,25.10530769173056,25.116230424959213,10.92273322865367,True,
4926,onnx_model_006,measure,25.11697142997019,25.117471433710307,25.12853705789894,11.065624188631773,True,
4927,onnx_model_002,measure,25.118837745856712,25.1199468690902,25.13089737482369,10.95050573348999,True,
4928,onnx_model_000,measure,25.12436711259627,25.1253797756508,25.136372942943126,10.993167292326689,True,
4929,onnx_model_005,measure,25.13170178479711,25.132146598771214,25.14322914602235,11.08254725113511,True,
4930,onnx_model_003,measure,25.13568681377452,25.136469406075776,25.14745522895828,10.985822882503271,True,
4931,onnx_model_005,measure,25.140413324874253,25.14093975396827,25.14333787187934,2.3981179110705853,True,
4932,onnx_model_000,measure,25.16726682255798,25.167814748827368,25.179044855758548,11.230106931179762,True,
4933,onnx_model_008,measure,25.170766027075153,25.1714494288899,25.18260050471872,11.151075828820467,True,
4934,onnx_model_008,measure,25.183141187778517,25.1839245618321,25.19507077988237,11.146218050271273,True,
4935,onnx_model_004,measure,25.185645617260974,25.18647311674431,25.197876582853496,11.403466109186411,True,
4936,onnx_model_007,measure,25.18599578185339,25.186661975923926,25.19793323101476,11.27125509083271,True,
4937,onnx_model_002,measure,25.193923740531805,25.194297119043767,25.205603240057826,11.30612101405859,True,
4938,onnx_model_000,measure,25.205004960612328,25.205718158744276,25.21690573496744,11.187576223164797,True,
4939,onnx_model_000,measure,25.215075274159133,25.216266609728336,25.22750321868807,11.23660895973444,True,
4940,onnx_model_000,measure,25.217267882191624,25.21820810995996,25.22755667101592,9.348561055958271,True,
4941,onnx_model_008,measure,25.226924700989397,25.227661178912967,25.238900012802333,11.238833889365196,True,
4942,onnx_model_004,measure,25.227227380436428,25.227843816857785,25.239044477697462,11.200660839676857,True,
4943,onnx_model_005,measure,25.227604929281082,25.228347945027053,25.239376708865166,11.028763838112354,True,
4944,onnx_model_007,measure,25.229010677016987,25.229832987766713,25.24096381571144,11.130827944725752,True,
4945,onnx_model_002,measure,25.230306010703156,25.231326777022332,25.242173935752362,10.84715873003006,True,
4946,onnx_model_001,measure,25.23338632105339,25.233774980995804,25.244779549073428,11.004568077623844,True,
4947,onnx_model_000,measure,25.236658953727503,25.237242090981454,25.248159864917397,10.917773935943842,True,
4948,onnx_model_006,measure,25.243154830359554,25.243397100828588,25.254401789978147,11.004689149558544,True,
4949,onnx_model_002,measure,25.25943696084389,25.260648624040186,25.272097776643932,11.44915260374546,True,
4950,onnx_model_005,measure,25.261777876542126,25.262114910874516,25.272996795829386,10.881884954869747,True,
4951,onnx_model_006,measure,25.263225787358678,25.26355389598757,25.274557321798056,11.003425810486078,True,
4952,onnx_model_008,measure,25.266456137432954,25.267002010717988,25.277918471954763,10.916461236774921,True,
4953,onnx_model_002,measure,25.27047080438408,25.271440397948027,25.282899970654398,11.459572706371546,True,
4954,onnx_model_008,measure,25.27082190609217,25.271627572830766,25.278036074712873,6.408501882106066,True,
4955,onnx_model_009,measure,25.28187945854636,25.28226469270885,25.29357951087877,11.314818169921637,True,
4956,onnx_model_007,measure,25.282136710544904,25.282455675769597,25.29345660796389,11.000932194292545,True,
4957,onnx_model_008,measure,25.295057989376634,25.295806443784386,25.30716876173392,11.362317949533463,True,
4958,onnx_model_007,measure,25.295650879543217,25.295995583757758,25.307214288972318,11.218705214560032,True,
4959,onnx_model_005,measure,25.304552276711902,25.306512063834816,25.3175980867818,11.086022946983576,True,
4960,onnx_model_006,measure,25.305843342267167,25.306675815023482,25.31778609380126,11.110278777778149,True,
4961,onnx_model_008,measure,25.308488345949556,25.309443515725434,25.32099248887971,11.54897315427661,True,
4962,onnx_model_006,measure,25.30904508016931,25.309605774935335,25.31792707182467,8.321296889334917,True,
4963,onnx_model_008,measure,25.312440451874807,25.313136465847492,25.321037384681404,7.900918833911419,True,
4964,onnx_model_000,measure,25.31378330096542,25.314688375685364,25.325826888903975,11.138513218611479,True,
4965,onnx_model_005,measure,25.31456350048708,25.31485509267077,25.317747179884464,2.8920872136950493,True,
4966,onnx_model_001,measure,25.319701224526582,25.320178783033043,25.331290964968503,11.112181935459375,True,
4967,onnx_model_002,measure,25.320056833142637,25.320480385795236,25.331547453068197,11.06706727296114,True,
4968,onnx_model_008,measure,25.326811080779958,25.327080310788006,25.337908493820578,10.82818303257227,True,
4969,onnx_model_001,measure,25.335804798162023,25.336771031841636,25.347762655932456,10.991624090820551,True,
4970,onnx_model_003,measure,25.340598923118403,25.34113351488486,25.352068199776113,10.93468489125371,True,
4971,onnx_model_000,measure,25.348239434999083,25.349011679645628,25.359984156675637,10.972477030009031,True,
4972,onnx_model_009,measure,25.358831506901705,25.359290798660368,25.37034359900281,11.052800342440605,True,
4973,onnx_model_009,measure,25.36198476983175,25.36221141088754,25.370452635921538,8.24122503399849,True,
4974,onnx_model_006,measure,25.362027423080107,25.36237579304725,25.373349913861603,10.974120814353228,True,
4975,onnx_model_004,measure,25.36416743848932,25.36490675387904,25.37590951891616,11.002765037119389,True,
4976,onnx_model_008,measure,25.373308501701437,25.373517782893032,25.38448290573433,10.96512284129858,True,
4977,onnx_model_005,measure,25.373423253053133,25.373889548704028,25.38479040004313,10.900851339101791,True,
4978,onnx_model_001,measure,25.374221730213335,25.375319737941027,25.38631373597309,10.993998032063246,True,
4979,onnx_model_001,measure,25.375854089494748,25.37605933379382,25.386436899658293,10.377565864473581,True,
4980,onnx_model_007,measure,25.389010253945923,25.38965592905879,25.400663111824542,11.007182765752077,True,
4981,onnx_model_006,measure,25.39119331204611,25.392114782705903,25.403005454689264,10.890671983361244,True,
4982,onnx_model_008,measure,25.396089052926012,25.396545364987105,25.407513012643903,10.967647656798363,True,
4983,onnx_model_008,measure,25.399439943002395,25.399989882018417,25.40764604602009,7.65616400167346,True,
4984,onnx_model_003,measure,25.404596620954067,25.405247896909714,25.416479947976768,11.232051067054272,True,
4985,onnx_model_007,measure,25.40497607868395,25.405427278019488,25.416382882744074,10.95560472458601,True,
4986,onnx_model_000,measure,25.425608532431433,25.426721905823797,25.43789636809379,11.174462269991636,True,
4987,onnx_model_006,measure,25.430254786103767,25.43118477007374,25.442438541911542,11.253771837800741,True,
4988,onnx_model_001,measure,25.43026740309327,25.431347558740526,25.442482825834304,11.135267093777657,True,
4989,onnx_model_005,measure,25.4374714532811,25.437995966989547,25.4490845547989,11.088587809354067,True,
4990,onnx_model_009,measure,25.439117064046464,25.439449940808117,25.45040534483269,10.95540402457118,True,
4991,onnx_model_006,measure,25.441371368740903,25.44189979787916,25.452818172052503,10.918374173343182,True,
4992,onnx_model_005,measure,25.447387457856838,25.447704832069576,25.4492392889224,1.5344568528234959,True,
4993,onnx_model_005,measure,25.447642431457265,25.448084423784167,25.449276198633015,1.1917748488485813,True,
4994,onnx_model_009,measure,25.458842649513002,25.459078821819276,25.470035649836063,10.956828016787767,True,
4995,onnx_model_009,measure,25.470161330301814,25.471255147829652,25.482222545892,10.967398062348366,True,
4996,onnx_model_004,measure,25.484009214257668,25.484443326946348,25.49549802998081,11.054703034460545,True,
4997,onnx_model_000,measure,25.491967236088712,25.492964304052293,25.504115039948374,11.150735896080732,True,
4998,onnx_model_001,measure,25.49488871771118,25.495608190074563,25.506562842987478,10.954652912914753,True,
4999,onnx_model_002,measure,25.49601956854221,25.497102220077068,25.5080458316952,10.9436116181314,True,
5000,onnx_model_009,measure,25.502525034808563,25.50359061267227,25.514627953991294,11.037341319024563,True,
5001,onnx_model_000,measure,25.519358925211417,25.519938197918236,25.53113622404635,11.19802612811327,True,
5002,onnx_model_001,measure,25.522777634918853,25.523483477067202,25.534437147900462,10.953670833259821,True,
5003,onnx_model_003,measure,25.524989159849948,25.525978388730437,25.53691627085209,10.937882121652365,True,
5004,onnx_model_000,measure,25.527026790681685,25.527436200994998,25.531252765096724,3.8165641017258167,True,
5005,onnx_model_006,measure,25.534702684255997,25.535679168999195,25.54666872881353,10.989559814333916,True,
5006,onnx_model_009,measure,25.54595551470748,25.546768618747592,25.55774428183213,10.97566308453679,True,
5007,onnx_model_003,measure,25.548151423454513,25.549258592072874,25.56024901289493,10.990420822054148,True,
5008,onnx_model_007,measure,25.552676553514328,25.55370343104005,25.56488722981885,11.183798778802156,True,
5009,onnx_model_005,measure,25.553260172663226,25.553886267822236,25.56504152296111,11.155255138874054,True,
5010,onnx_model_005,measure,25.563893203801417,25.564485285896808,25.575487889815122,11.00260391831398,True,
5011,onnx_model_005,measure,25.571659647724058,25.57226514397189,25.57562078302726,3.3556390553712845,True,
5012,onnx_model_004,measure,25.573493392959325,25.574714449699968,25.585688940715045,10.974491015076637,True,
5013,onnx_model_004,measure,25.59562249361964,25.596004229038954,25.607068670913577,11.064441874623299,True,
5014,onnx_model_006,measure,25.599431025048574,25.600550890900195,25.611807307694107,11.25641679391265,True,
5015,onnx_model_007,measure,25.610593928471257,25.611374424770474,25.62243669293821,11.062268167734146,True,
5016,onnx_model_005,measure,25.61878619948831,25.619111301843077,25.630054833833128,10.94353199005127,True,
5017,onnx_model_007,measure,25.627901173319845,25.62874226877466,25.639763548970222,11.021280195564032,True,
5018,onnx_model_007,measure,25.631892683030642,25.632343454752117,25.639794779010117,7.451324257999659,True,
5019,onnx_model_006,measure,25.643435412592684,25.644078260753304,25.655186575837433,11.108315084129572,True,
5020,onnx_model_008,measure,25.654815016537864,25.655295744072646,25.66661436902359,11.318624950945377,True,
5021,onnx_model_007,measure,25.655046711843276,25.65547338174656,25.66678959177807,11.3162100315094,True,
5022,onnx_model_003,measure,25.655698727961195,25.65595112973824,25.667150928638875,11.19979890063405,True,
5023,onnx_model_008,measure,25.659718638915006,25.66045371768996,25.666676536668092,6.222818978130817,True,
5024,onnx_model_000,measure,25.660545161861098,25.660843438934535,25.671769978944212,10.92654000967741,True,
5025,onnx_model_003,measure,25.66222924137964,25.663365833926946,25.66720760706812,3.8417731411755085,True,
5026,onnx_model_006,measure,25.674998828457696,25.67602630984038,25.687087825965136,11.061516124755144,True,
5027,onnx_model_000,measure,25.67881148660949,25.679494922980666,25.69051536079496,11.020437814295292,True,
5028,onnx_model_007,measure,25.684876187840977,25.68601277284324,25.696994486730546,10.981713887304068,True,
5029,onnx_model_009,measure,25.692870096950916,25.693753476720303,25.704839879646897,11.086402926594019,True,
5030,onnx_model_006,measure,25.701106553898395,25.702287297695875,25.71328203799203,10.994740296155214,True,
5031,onnx_model_007,measure,25.70753791005681,25.70810723071918,25.719122278969735,11.015048250555992,True,
5032,onnx_model_002,measure,25.709994173522276,25.710578959900886,25.72151369508356,10.934735182672739,True,
5033,onnx_model_007,measure,25.713850697774784,25.714506125077605,25.719256554730237,4.750429652631283,True,
5034,onnx_model_001,measure,25.71471111021632,25.71491127507761,25.725904230959713,10.992955882102251,True,
5035,onnx_model_009,measure,25.720832840236902,25.72160693164915,25.73260221304372,10.995281394571066,True,
5036,onnx_model_004,measure,25.721607746699988,25.721988989040256,25.732946717645973,10.95772860571742,True,
5037,onnx_model_002,measure,25.726014486551776,25.727122325915843,25.737888761796057,10.766435880213976,True,
5038,onnx_model_005,measure,25.72734154306249,25.72855661297217,25.739482360891998,10.9257479198277,True,
5039,onnx_model_008,measure,25.731500706107976,25.7319944370538,25.743010187055916,11.015750002115965,True,
5040,onnx_model_002,measure,25.741163358129022,25.741697662044317,25.752730974927545,11.033312883228064,True,
5041,onnx_model_002,measure,25.74359689026388,25.74422986479476,25.752838870044798,8.609005250036716,True,
5042,onnx_model_004,measure,25.752944598426968,25.754004495684057,25.764987452887,10.98295720294118,True,
5043,onnx_model_002,measure,25.7564808095581,25.75743970507756,25.768610469065607,11.170763988047838,True,
5044,onnx_model_009,measure,25.75691540443107,25.757598486728966,25.768648721743375,11.050235014408827,True,
5045,onnx_model_008,measure,25.768377870432058,25.768737700767815,25.779874650761485,11.136949993669987,True,
5046,onnx_model_007,measure,25.76952972839817,25.77018786780536,25.781236920971423,11.04905316606164,True,
5047,onnx_model_008,measure,25.77456155341394,25.7756219166331,25.779921680688858,4.299764055758715,True,
5048,onnx_model_001,measure,25.775362289676615,25.775781580712646,25.786814442835748,11.03286212310195,True,
5049,onnx_model_006,measure,25.779473682378537,25.78001260291785,25.790925536770374,10.912933852523565,True,
5050,onnx_model_008,measure,25.782503789406103,25.783460166770965,25.79436237970367,10.90221293270588,True,
5051,onnx_model_004,measure,25.79085837661763,25.791082656010985,25.802098785992712,11.016129981726408,True,
5052,onnx_model_001,measure,25.79261530299608,25.79352744296193,25.804432732984424,10.905290022492409,True,
5053,onnx_model_002,measure,25.79699015812127,25.797597930766642,25.80871586408466,11.117933318018913,True,
5054,onnx_model_003,measure,25.802381364426477,25.80332033801824,25.81428387807682,10.963540058583021,True,
5055,onnx_model_002,measure,25.804595575455206,25.8056537238881,25.808761230669916,3.1075067818164825,True,
5056,onnx_model_009,measure,25.806312771199817,25.807113548740745,25.818103950005025,10.99040126428008,True,
5057,onnx_model_002,measure,25.808999587597174,25.809989034663886,25.820982300676405,10.993266012519598,True,
5058,onnx_model_004,measure,25.81115477315568,25.811426336877048,25.822749139741063,11.322802864015102,True,
5059,onnx_model_004,measure,25.818469654762453,25.819321474060416,25.822792903054506,3.471428994089365,True,
5060,onnx_model_002,measure,25.8193984879248,25.81968426378444,25.821115294005722,1.4310302212834358,True,
5061,onnx_model_002,measure,25.821305398444945,25.822334380820394,25.833201989065856,10.86760824546218,True,
5062,onnx_model_006,measure,25.826352558458474,25.827052840031683,25.83810921665281,11.056376621127129,True,
5063,onnx_model_003,measure,25.826542839827308,25.827242851722986,25.83826354984194,11.020698118954897,True,
5064,onnx_model_003,measure,25.833441573038005,25.83444374985993,25.838323635049164,3.8798851892352104,True,
5065,onnx_model_002,measure,25.836600269937623,25.83691017795354,25.847768116742373,10.857938788831234,True,
5066,onnx_model_003,measure,25.839883281663663,25.84054502705112,25.85146974399686,10.9247169457376,True,
5067,onnx_model_004,measure,25.845057334134832,25.846013952977955,25.856889615766704,10.875662788748741,True,
5068,onnx_model_002,measure,25.864727579703885,25.865112415980548,25.87602657265961,10.914156679064035,True,
5069,onnx_model_006,measure,25.86977142675009,25.870561284013093,25.881657145917416,11.095861904323101,True,
5070,onnx_model_006,measure,25.895427503670852,25.89591200184077,25.906897665001452,10.985663160681725,True,
5071,onnx_model_002,measure,25.9011808515134,25.90242147585377,25.91342935990542,11.007884051650763,True,
5072,onnx_model_004,measure,25.904348061092346,25.90498251374811,25.9161110278219,11.12851407378912,True,
5073,onnx_model_005,measure,25.90438315226859,25.905172845814377,25.916239962913096,11.067117098718882,True,
5074,onnx_model_008,measure,25.907473149105435,25.908134025055915,25.91914345184341,11.009426787495613,True,
5075,onnx_model_005,measure,25.90818514451703,25.90851072082296,25.9163683867082,7.8576658852398396,True,
5076,onnx_model_005,measure,25.90867267798374,25.90888070408255,25.91642564581707,7.544941734522581,True,
5077,onnx_model_006,measure,25.917948563155473,25.91865272866562,25.92958717374131,10.934445075690746,True,
5078,onnx_model_001,measure,25.919569202580597,25.920370403677225,25.93125837063417,10.887966956943274,True,
5079,onnx_model_008,measure,25.922829039675328,25.923821373842657,25.93482581200078,11.004438158124685,True,
5080,onnx_model_007,measure,25.922868878713594,25.92400458175689,25.935343365650624,11.338783893734217,True,
5081,onnx_model_005,measure,25.926384239586806,25.92751724878326,25.938413691706955,10.896442923694849,True,
5082,onnx_model_001,measure,25.929172161468024,25.929685451090336,25.93137241806835,1.6869669780135155,True,
5083,onnx_model_007,measure,25.93194169289717,25.932594590820372,25.935388451907784,2.793861087411642,True,
5084,onnx_model_005,measure,25.933848502072134,25.93493973882869,25.93853853875771,3.598799929022789,True,
5085,onnx_model_007,measure,25.936547562440936,25.937613881658763,25.948475217912346,10.861336253583431,True,
5086,onnx_model_005,measure,25.937624245954538,25.938000906724483,25.94895224366337,10.951336938887835,True,
5087,onnx_model_000,measure,25.947166115204666,25.9485703590326,25.959465297870338,10.894938837736845,True,
5088,onnx_model_006,measure,25.953335200152317,25.954178989864886,25.96503186877817,10.852878913283348,True,
5089,onnx_model_000,measure,25.955695118820998,25.956618837080896,25.959572582039982,2.9537449590861797,True,
5090,onnx_model_005,measure,25.959774263350354,25.96078938478604,25.971624089870602,10.834705084562302,True,
5091,onnx_model_001,measure,25.961260713668857,25.962241464760154,25.973087972961366,10.846508201211691,True,
5092,onnx_model_006,measure,25.968698470061586,25.969253194052726,25.980199431069195,10.94623701646924,True,
5093,onnx_model_002,measure,25.976134682845714,25.977305529639125,25.98820197302848,10.896443389356136,True,
5094,onnx_model_006,measure,25.97774475705622,25.978738854639232,25.98030761675909,1.568762119859457,True,
5095,onnx_model_003,measure,25.978647443663668,25.97909874888137,25.990071926731616,10.97317785024643,True,
5096,onnx_model_008,measure,25.97920844052358,25.979569432791322,25.99040682381019,10.837391018867493,True,
5097,onnx_model_000,measure,25.99603520755898,25.996632166672498,26.00753257703036,10.900410357862711,True,
5098,onnx_model_003,measure,26.001815699365338,26.00210971897468,26.01320638274774,11.096663773059845,True,
5099,onnx_model_003,measure,26.005969136128957,26.0065493080765,26.013248783070594,6.69947499409318,True,
5100,onnx_model_008,measure,26.011660291823684,26.012756176758558,26.02372469706461,10.968520306050777,True,
5101,onnx_model_006,measure,26.01749268201857,26.01847203169018,26.029299804009497,10.827772319316864,True,
5102,onnx_model_007,measure,26.020239645837677,26.020925605669618,26.031736014876515,10.81040920689702,True,
5103,onnx_model_007,measure,26.022751961344483,26.0233646617271,26.031849090009928,8.484428282827139,True,
5104,onnx_model_000,measure,26.029970378760478,26.030516346916556,26.041421725880355,10.905378963798285,True,
5105,onnx_model_007,measure,26.039407495766635,26.04008454363793,26.05093924794346,10.854704305529594,True,
5106,onnx_model_009,measure,26.041988253665743,26.04264124389738,26.053516626823694,10.87538292631507,True,
5107,onnx_model_000,measure,26.043207805783087,26.044099546037614,26.05515723489225,11.057688854634762,True,
5108,onnx_model_002,measure,26.04899931315308,26.049537642858922,26.06032108096406,10.783438105136156,True,
5109,onnx_model_006,measure,26.053983839972478,26.054756643716246,26.065716767683625,10.960123967379332,True,
5110,onnx_model_000,measure,26.064320166247597,26.064562182873487,26.075548255816102,10.986072942614555,True,
5111,onnx_model_008,measure,26.06910336589063,26.06995935179293,26.080839182715863,10.879830922931433,True,
5112,onnx_model_000,measure,26.07220729051174,26.07340871868655,26.075655008666217,2.2462899796664715,True,
5113,onnx_model_002,measure,26.08952664916983,26.09107846673578,26.102076543029398,10.998076293617487,True,
5114,onnx_model_002,measure,26.11063288413037,26.11238553887233,26.123889615759254,11.504076886922121,True,
5115,onnx_model_004,measure,26.110769191014242,26.112573795951903,26.123943377751857,11.369581799954176,True,
5116,onnx_model_009,measure,26.119804723164755,26.120216523762792,26.131282158661634,11.065634898841381,True,
5117,onnx_model_005,measure,26.121638475626746,26.122762023005635,26.13381693698466,11.054913979023695,True,
5118,onnx_model_008,measure,26.12281136228177,26.123190256766975,26.13427131064236,11.081053875386715,True,
5119,onnx_model_002,measure,26.123044057141392,26.123360209632665,26.13438775204122,11.027542408555746,True,
5120,onnx_model_002,measure,26.13460425591294,26.135623620823026,26.14653912000358,10.915499180555344,True,
5121,onnx_model_005,measure,26.136672289822297,26.137113963719457,26.14815029175952,11.036328040063381,True,
5122,onnx_model_001,measure,26.140894439571756,26.141567088663578,26.152500771917403,10.93368325382471,True,
5123,onnx_model_007,measure,26.142529465682824,26.143009800929576,26.1541561386548,11.14633772522211,True,
5124,onnx_model_008,measure,26.14372993903385,26.14444487867877,26.155412747059017,10.967868380248547,True,
5125,onnx_model_006,measure,26.15297581656432,26.153721001930535,26.164778721053153,11.057719122618437,True,
5126,onnx_model_001,measure,26.158483973976807,26.15964177576825,26.170769207645208,11.127431876957417,True,
5127,onnx_model_006,measure,26.159263136551886,26.159809414763004,26.165239716880023,5.430302117019892,True,
5128,onnx_model_002,measure,26.161931002956706,26.162368298973888,26.173224654980004,10.856356006115675,True,
5129,onnx_model_003,measure,26.16427152776008,26.16489386977628,26.176125278696418,11.231408920139074,True,
5130,onnx_model_002,measure,26.17503189962071,26.175443853717297,26.186470212880522,11.026359163224697,True,
5131,onnx_model_007,measure,26.175529781052724,26.175726310815662,26.186687506735325,10.961195919662714,True,
5132,onnx_model_009,measure,26.183180304088523,26.184382223989815,26.1953189028427,10.936678852885962,True,
5133,onnx_model_008,measure,26.187434855625657,26.187937391921878,26.19889062270522,10.953230783343315,True,
5134,onnx_model_001,measure,26.189278575118372,26.190380115062,26.201288770884275,10.908655822277069,True,
5135,onnx_model_009,measure,26.19531501342681,26.195468527730554,26.206357466056943,10.888938326388597,True,
5136,onnx_model_009,measure,26.208331560607856,26.208575221709907,26.219492443837225,10.917222127318382,True,
5137,onnx_model_002,measure,26.211166029006154,26.212020291015506,26.222912123892456,10.891832876950502,True,
5138,onnx_model_004,measure,26.234372799746325,26.23521885788068,26.24652689276263,11.308034881949425,True,
5139,onnx_model_002,measure,26.23462737744909,26.23540927004069,26.24647611565888,11.066845618188381,True,
5140,onnx_model_000,measure,26.240243397191442,26.24102362198755,26.252018911764026,10.995289776474237,True,
5141,onnx_model_009,measure,26.244191879132273,26.244568900670856,26.255656426772475,11.087526101619005,True,
5142,onnx_model_008,measure,26.244875959332745,26.246025660075247,26.256999670062214,10.974009986966848,True,
5143,onnx_model_005,measure,26.255350620094312,26.25575617607683,26.266765573993325,11.0093979164958,True,
5144,onnx_model_003,measure,26.265434819864282,26.266879950650036,26.27816392108798,11.283970437943935,True,
5145,onnx_model_002,measure,26.266563527389906,26.26705377176404,26.27811091998592,11.057148221880198,True,
5146,onnx_model_000,measure,26.267032542695617,26.267492475919425,26.278368819970638,10.876344051212072,True,
5147,onnx_model_002,measure,26.286800737328118,26.28868151269853,26.299692312721163,11.010800022631884,True,
5148,onnx_model_003,measure,26.290305777479073,26.291244263760746,26.302356197033077,11.111933272331953,True,
5149,onnx_model_009,measure,26.299612378731215,26.2998763830401,26.310950824059546,11.074441019445658,True,
5150,onnx_model_001,measure,26.30046711856362,26.30141607997939,26.312424033880234,11.007953900843859,True,
5151,onnx_model_001,measure,26.3018022034189,26.302468379959464,26.31254614563659,10.077765677124262,True,
5152,onnx_model_009,measure,26.304161172345182,26.304971878882498,26.311072275042534,6.1003961600363255,True,
5153,onnx_model_003,measure,26.3134104187942,26.31377168605104,26.324815327767283,11.043641716241837,True,
5154,onnx_model_003,measure,26.314841472475827,26.315245356876403,26.3249586308375,9.713273961097002,True,
5155,onnx_model_000,measure,26.330420081714042,26.331189774908125,26.342303450684994,11.113675776869059,True,
5156,onnx_model_004,measure,26.330847217101628,26.33135836571455,26.342430972959846,11.07260724529624,True,
5157,onnx_model_007,measure,26.33125798363918,26.331796357873827,26.342756210826337,10.959852952510118,True,
5158,onnx_model_006,measure,26.33269996571847,26.333242868073285,26.344366151839495,11.12328376621008,True,
5159,onnx_model_005,measure,26.334460477965166,26.335674329660833,26.346629643812776,10.95531415194273,True,
5160,onnx_model_001,measure,26.343009400522323,26.343982371967286,26.354968414641917,10.98604267463088,True,
5161,onnx_model_006,measure,26.346158328495463,26.346725716721267,26.357663658913225,10.937942191958427,True,
5162,onnx_model_003,measure,26.35229029494754,26.353194472845644,26.36429115664214,11.0966837964952,True,
5163,onnx_model_006,measure,26.36361899069348,26.363900003023446,26.374878430739045,10.978427715599537,True,
5164,onnx_model_003,measure,26.366358216518126,26.367514424026012,26.37843877868727,10.924354661256075,True,
5165,onnx_model_004,measure,26.3677328505064,26.368962456006557,26.379821717739105,10.859261732548475,True,
5166,onnx_model_000,measure,26.371898916782126,26.372396773658693,26.383375953882933,10.979180224239826,True,
5167,onnx_model_003,measure,26.380625394298875,26.381030725780874,26.391928400844336,10.897675063461065,True,
5168,onnx_model_002,measure,26.38694172079889,26.38760143565014,26.398450929671526,10.849494021385908,True,
5169,onnx_model_001,measure,26.391943084851743,26.393147988710552,26.404150784015656,11.002795305103064,True,
5170,onnx_model_003,measure,26.39386525308574,26.394586593843997,26.405545795802027,10.959201958030462,True,
5171,onnx_model_002,measure,26.39970978024238,26.400672052055597,26.411491948645562,10.819896589964628,True,
5172,onnx_model_004,measure,26.403499121148258,26.404247066937387,26.41515352902934,10.906462091952562,True,
5173,onnx_model_000,measure,26.404185591912757,26.404606259893626,26.415558418724686,10.952158831059933,True,
5174,onnx_model_008,measure,26.421782876127974,26.422775286715478,26.43397710006684,11.201813351362944,True,
5175,onnx_model_002,measure,26.42522914050652,26.426236235070974,26.437248998787254,11.01276371628046,True,
5176,onnx_model_002,measure,26.42700241517741,26.427664890885353,26.43736080173403,9.695910848677158,True,
5177,onnx_model_001,measure,26.430780581396238,26.431127121672034,26.442009198013693,10.88207634165883,True,
5178,onnx_model_006,measure,26.43323777255471,26.433559184893966,26.444478400982916,10.919216088950634,True,
5179,onnx_model_006,measure,26.433758972687738,26.43411089386791,26.444540539756417,10.429645888507366,True,
5180,onnx_model_001,measure,26.446356005876382,26.4467597277835,26.457576188724488,10.816460940986872,True,
5181,onnx_model_006,measure,26.450343187761586,26.45122717972845,26.4622186627239,10.991482995450497,True,
5182,onnx_model_007,measure,26.450437657265212,26.45140582975,26.462281251791865,10.875422041863203,True,
5183,onnx_model_008,measure,26.46208989366827,26.462410878855735,26.47327543096617,10.864552110433578,True,
5184,onnx_model_009,measure,26.474896586664652,26.475500479806215,26.486402292735875,10.901812929660082,True,
5185,onnx_model_007,measure,26.482015995624987,26.482954568695277,26.49399810191244,11.043533217161894,True,
5186,onnx_model_004,measure,26.48458524959123,26.485386611893773,26.49659553868696,11.208926793187857,True,
5187,onnx_model_002,measure,26.488149925589134,26.48862900584936,26.49972900468856,11.099998839199543,True,
5188,onnx_model_000,measure,26.48849543410775,26.488788197748363,26.49985201889649,11.063821148127317,True,
5189,onnx_model_009,measure,26.495362645970683,26.496219163760543,26.507208602968603,10.989439208060503,True,
5190,onnx_model_000,measure,26.499809410633446,26.50000870693475,26.51090778503567,10.899078100919724,True,
5191,onnx_model_004,measure,26.50143424185005,26.502446630969644,26.513487096875906,11.040465906262398,True,
5192,onnx_model_002,measure,26.50440180703013,26.504893211647868,26.515844448003918,10.951236356049776,True,
5193,onnx_model_002,measure,26.51101335702335,26.512156908866018,26.51597384363413,3.8169347681105137,True,
5194,onnx_model_000,measure,26.512621965498628,26.513583820778877,26.52468981174752,11.105990968644619,True,
5195,onnx_model_004,measure,26.51291642522867,26.51374154072255,26.524815290700644,11.073749978095293,True,
5196,onnx_model_008,measure,26.52173153121837,26.522220187820494,26.533186512999237,10.966325178742409,True,
5197,onnx_model_002,measure,26.522094567269804,26.52257133508101,26.533406090922654,10.834755841642618,True,
5198,onnx_model_000,measure,26.53105113590313,26.532050783745944,26.543011208996177,10.96042525023222,True,
5199,onnx_model_006,measure,26.549929058415795,26.55023564072326,26.56126238172874,11.02674100548029,True,
5200,onnx_model_003,measure,26.554897342182272,26.555683316662908,26.566678416915238,10.995100252330303,True,
5201,onnx_model_001,measure,26.55682452927929,26.557141317985952,26.56810130085796,10.959982872009277,True,
5202,onnx_model_001,measure,26.56076190908877,26.561359245795757,26.56823394400999,6.874698214232922,True,
5203,onnx_model_006,measure,26.563920084548975,26.564802289940417,26.575791188981384,10.988899040967226,True,
5204,onnx_model_008,measure,26.566374795361142,26.566775941755623,26.577716217841953,10.940276086330414,True,
5205,onnx_model_003,measure,26.569439715403192,26.570455996785313,26.58127811877057,10.822121985256672,True,
5206,onnx_model_001,measure,26.574436631278633,26.574920013081282,26.58584976894781,10.929755866527557,True,
5207,onnx_model_000,measure,26.58124208536294,26.58144302200526,26.592412013094872,10.968991089612246,True,
5208,onnx_model_005,measure,26.594811303013024,26.595632433891296,26.60659724706784,10.96481317654252,True,
5209,onnx_model_008,measure,26.596406967914326,26.59708747966215,26.60845830477774,11.370825115591288,True,
5210,onnx_model_005,measure,26.60724267982201,26.60782372765243,26.619047622662038,11.223895009607077,True,
5211,onnx_model_005,measure,26.607426326969907,26.608026443980634,26.61921222601086,11.1857820302248,True,
5212,onnx_model_005,measure,26.614995146797963,26.61568439984694,26.619250458665192,3.5660588182508945,True,
5213,onnx_model_008,measure,26.62071093302285,26.621470708865672,26.632545781787485,11.075072921812534,True,
5214,onnx_model_009,measure,26.63021486849782,26.63193925889209,26.643110032659024,11.170773766934872,True,
5215,onnx_model_005,measure,26.630874580381736,26.632104482967407,26.64306483697146,10.960354004055262,True,
5216,onnx_model_007,measure,26.639635800263353,26.64078637585044,26.651688067708164,10.901691857725382,True,
5217,onnx_model_009,measure,26.646703670043745,26.647329643834382,26.658164859749377,10.835215914994478,True,
5218,onnx_model_002,measure,26.647337381662922,26.64768475899473,26.658490548841655,10.805789846926928,True,
5219,onnx_model_004,measure,26.651777097771188,26.65292380703613,26.66407259972766,11.148792691528797,True,
5220,onnx_model_003,measure,26.66300484420106,26.6637375629507,26.674693137872964,10.955574922263622,True,
5221,onnx_model_000,measure,26.666718674797764,26.667306205723435,26.678410052787513,11.103847064077854,True,
5222,onnx_model_007,measure,26.66984932006062,26.670741776935756,26.68182027572766,11.078498791903257,True,
5223,onnx_model_002,measure,26.670678796156306,26.671240475028753,26.68233688781038,11.096412781625986,True,
5224,onnx_model_006,measure,26.676896581488027,26.677932044956833,26.68904959782958,11.117552872747183,True,
5225,onnx_model_005,measure,26.68864490401736,26.689161960966885,26.700179633684456,11.017672717571259,True,
5226,onnx_model_008,measure,26.692474215730996,26.69370857393369,26.704923220910132,11.214646976441145,True,
5227,onnx_model_007,measure,26.69268032500622,26.69391972478479,26.705082714091986,11.162989307194948,True,
5228,onnx_model_001,measure,26.696271315887298,26.697556637693197,26.708714497741312,11.157860048115253,True,
5229,onnx_model_001,measure,26.703660490490098,26.704482994042337,26.70876698801294,4.283993970602751,True,
5230,onnx_model_001,measure,26.728447266032223,26.72906785691157,26.740149541758,11.081684846431017,True,
5231,onnx_model_005,measure,26.736334033825436,26.737611797638237,26.748726305086166,11.11450744792819,True,
5232,onnx_model_006,measure,26.738670368196146,26.739158207084984,26.75019287178293,11.034664697945118,True,
5233,onnx_model_007,measure,26.750830104668314,26.751493965741247,26.76256188377738,11.067918036133051,True,
5234,onnx_model_000,measure,26.763104797389634,26.76387620298192,26.77505129482597,11.175091844052076,True,
5235,onnx_model_007,measure,26.764138088542513,26.765418423805386,26.776482354849577,11.063931044191122,True,
5236,onnx_model_004,measure,26.76711510000271,26.76798005402088,26.77923775278032,11.257698759436607,True,
5237,onnx_model_009,measure,26.767134905307653,26.768168531823903,26.77929091406986,11.122382245957851,True,
5238,onnx_model_003,measure,26.7763089228424,26.7766390228644,26.787671003025025,11.031980160623789,True,
5239,onnx_model_005,measure,26.77710883769139,26.778164562769234,26.789171234704554,11.0066719353199,True,
5240,onnx_model_007,measure,26.782190198217634,26.782588922884315,26.793719860725105,11.130937840789557,True,
5241,onnx_model_006,measure,26.789924779987935,26.790473349858075,26.801776776090264,11.30342623218894,True,
5242,onnx_model_004,measure,26.7934495566645,26.793829740025103,26.8048515310511,11.021791025996208,True,
5243,onnx_model_006,measure,26.79372635013758,26.794242274016142,26.80182761279866,7.585338782519102,True,
5244,onnx_model_004,measure,26.797388842542308,26.797767125070095,26.804925831966102,7.158706896007061,True,
5245,onnx_model_001,measure,26.800503683441704,26.801325728651136,26.812205831054598,10.880102403461933,True,
5246,onnx_model_002,measure,26.810801655946577,26.811222951859236,26.822247518692166,11.02456683292985,True,
5247,onnx_model_001,measure,26.817593359518064,26.81851056497544,26.829538928810507,11.028363835066557,True,
5248,onnx_model_000,measure,26.82307738611484,26.823549412656575,26.83464078605175,11.091373395174742,True,
5249,onnx_model_002,measure,26.82900660029027,26.82964920764789,26.84063835674897,10.98914910107851,True,
5250,onnx_model_007,measure,26.833243916196942,26.834198996890336,26.845185209997,10.986213106662035,True,
5251,onnx_model_001,measure,26.835194527110442,26.835962207987905,26.847302273847163,11.340065859258175,True,
5252,onnx_model_008,measure,26.835381544206772,26.836149924900383,26.84745226893574,11.302344035357237,True,
5253,onnx_model_001,measure,26.835469926853303,26.83630071207881,26.84749338682741,11.19267474859953,True,
5254,onnx_model_009,measure,26.842382452269263,26.84289084887132,26.853939780965447,11.04893209412694,True,
5255,onnx_model_002,measure,26.84608144052508,26.846410389058292,26.85727682383731,10.866434779018164,True,
5256,onnx_model_000,measure,26.848001072393515,26.848713155835867,26.859592736698687,10.879580862820148,True,
5257,onnx_model_003,measure,26.86110498080661,26.8618133678101,26.872764104045928,10.950736235827208,True,
5258,onnx_model_001,measure,26.86173868969537,26.862198649905622,26.87304360466078,10.844954755157232,True,
5259,onnx_model_002,measure,26.865520530345066,26.86663494305685,26.87778516765684,11.150224599987268,True,
5260,onnx_model_004,measure,26.86624214336661,26.86679838364944,26.877826346084476,11.027962435036898,True,
5261,onnx_model_003,measure,26.86959616611457,26.870323904789984,26.872889501973987,2.5655971840023994,True,
5262,onnx_model_002,measure,26.877404823042717,26.87793649593368,26.888821495696902,10.884999763220549,True,
5263,onnx_model_009,measure,26.879016075391835,26.87938311509788,26.89026595186442,10.882836766541004,True,
5264,onnx_model_005,measure,26.89181226967448,26.89248720370233,26.90330235287547,10.815149173140526,True,
5265,onnx_model_008,measure,26.8957012520635,26.895955045707524,26.906876946799457,10.92190109193325,True,
5266,onnx_model_006,measure,26.904988168877235,26.905538993887603,26.916458279825747,10.91928593814373,True,
5267,onnx_model_004,measure,26.905775842685017,26.906974432989955,26.917727241758257,10.752808768302202,True,
5268,onnx_model_006,measure,26.907969794884796,26.908409129828215,26.916598586831242,8.1894570030272,True,
5269,onnx_model_000,measure,26.911820562146513,26.91283965203911,26.923656943719834,10.817291680723429,True,
5270,onnx_model_006,measure,26.914724676300448,26.91528968885541,26.916636989917606,1.3473010621964931,True,
5271,onnx_model_006,measure,26.92343949398349,26.923750652000308,26.934616717044264,10.866065043956041,True,
5272,onnx_model_001,measure,26.92969400961385,26.930210140999407,26.941390071995556,11.179930996149778,True,
5273,onnx_model_000,measure,26.929890044661587,26.930370965972543,26.941517523955554,11.146557983011007,True,
5274,onnx_model_005,measure,26.932726982691364,26.933877511881292,26.944744067732245,10.866555850952864,True,
5275,onnx_model_007,measure,26.939620200066898,26.93983866274357,26.950816890690476,10.978227946907282,True,
5276,onnx_model_001,measure,26.94347209557625,26.943734948989004,26.9545716480352,10.836699046194553,True,
5277,onnx_model_009,measure,26.946481677268196,26.946990336757153,26.95792679581791,10.936459060758352,True,
5278,onnx_model_006,measure,26.948171501530236,26.94844293873757,26.959304494783282,10.86155604571104,True,
5279,onnx_model_002,measure,26.95303491690671,26.954050607979298,26.964835848659277,10.785240679979324,True,
5280,onnx_model_003,measure,26.955925224284947,26.956901397090405,26.96765416674316,10.752769652754068,True,
5281,onnx_model_000,measure,26.9709711725055,26.971888144966215,26.983061943668872,11.173798702657223,True,
5282,onnx_model_001,measure,26.971074699765595,26.972055893857032,26.983205717988312,11.149824131280184,True,
5283,onnx_model_001,measure,26.97189390626324,26.972486902959645,26.983242548070848,10.755645111203194,True,
5284,onnx_model_009,measure,26.98311036692216,26.983377675060183,26.99429984577,10.922170709818602,True,
5285,onnx_model_006,measure,27.010422683957408,27.0116128558293,27.022740197833627,11.127342004328966,True,
5286,onnx_model_009,measure,27.0113531286105,27.011801113840193,27.02281309571117,11.01198187097907,True,
5287,onnx_model_006,measure,27.023748572148,27.023994461633265,27.034883711021394,10.889249388128519,True,
5288,onnx_model_006,measure,27.024311105372853,27.025337604805827,27.034995472989976,9.657868184149265,True,
5289,onnx_model_004,measure,27.02497533256655,27.025447903666645,27.03632216481492,10.874261148273945,True,
5290,onnx_model_000,measure,27.02641868574468,27.026825612876564,27.037765197921544,10.93958504498005,True,
5291,onnx_model_008,measure,27.028468051235176,27.029179797973484,27.03998681064695,10.807012673467398,True,
5292,onnx_model_000,measure,27.03405297657561,27.034525218885392,27.037808489985764,3.283271100372076,True,
5293,onnx_model_008,measure,27.034941706708036,27.035096895880997,27.040030683856457,4.933787975460291,True,
5294,onnx_model_007,measure,27.04257423721649,27.043253660667688,27.05467099370435,11.417333036661148,True,
5295,onnx_model_007,measure,27.04258860690324,27.04339649202302,27.054607772734016,11.211280710995197,True,
5296,onnx_model_004,measure,27.0496738987956,27.05087219271809,27.0617367150262,10.86452230811119,True,
5297,onnx_model_000,measure,27.0559533036188,27.056992515921593,27.067998067010194,11.00555108860135,True,
5298,onnx_model_007,measure,27.057490910864264,27.05852735368535,27.06936176866293,10.834414977580309,True,
5299,onnx_model_002,measure,27.075513809986763,27.076691581867635,27.087785719893873,11.094138026237488,True,
5300,onnx_model_003,measure,27.07833569703817,27.079186042770743,27.090288538020104,11.1024952493608,True,
5301,onnx_model_008,measure,27.080634425128107,27.081625399645418,27.092584170866758,10.958771221339703,True,
5302,onnx_model_004,measure,27.090229126089977,27.090460864827037,27.101552369073033,11.091504245996475,True,
5303,onnx_model_002,measure,27.09357083659138,27.09383590100333,27.104901114013046,11.06521300971508,True,
5304,onnx_model_003,measure,27.103306451017062,27.103785824030638,27.11478639487177,11.000570841133595,True,
5305,onnx_model_001,measure,27.106200586487223,27.107124811038375,27.118242654018104,11.117842979729176,True,
5306,onnx_model_007,measure,27.107649514089104,27.108559939078987,27.119459396693856,10.89945761486888,True,
5307,onnx_model_003,measure,27.11035472391885,27.111005878075957,27.11491457791999,3.908699844032526,True,
5308,onnx_model_002,measure,27.11040595212963,27.111165621783584,27.122514524962753,11.348903179168701,True,
5309,onnx_model_001,measure,27.116314765245292,27.117135168984532,27.11867077788338,1.5356088988482952,True,
5310,onnx_model_002,measure,27.117875793299117,27.11833617184311,27.122558197937906,4.222026094794273,True,
5311,onnx_model_000,measure,27.11948195761785,27.120673284865916,27.13151293899864,10.839654132723808,True,
5312,onnx_model_008,measure,27.12122320780615,27.122120966669172,27.1329082720913,10.787305422127247,True,
5313,onnx_model_004,measure,27.127925260516427,27.128716673702,27.13957938272506,10.862709023058414,True,
5314,onnx_model_004,measure,27.134623163351876,27.135123462881893,27.13972310582176,4.599642939865589,True,
5315,onnx_model_008,measure,27.135204941252397,27.135474329814315,27.14633913198486,10.864802170544863,True,
5316,onnx_model_002,measure,27.14029019466006,27.140941001009196,27.15178066585213,10.839664842933416,True,
5317,onnx_model_000,measure,27.14644901208485,27.14755540387705,27.158432479947805,10.87707607075572,True,
5318,onnx_model_001,measure,27.148390815380687,27.14899920905009,27.15992049779743,10.92128874734044,True,
5319,onnx_model_006,measure,27.15842196268173,27.15859313495457,27.16949652088806,10.903385933488607,True,
5320,onnx_model_006,measure,27.159242954221988,27.16001564869657,27.169617991894484,9.602343197911978,True,
5321,onnx_model_007,measure,27.1715440740771,27.17183603765443,27.18272536667064,10.889329016208649,True,
5322,onnx_model_005,measure,27.17221442761342,27.173283258918673,27.18481425801292,11.530999094247818,True,
5323,onnx_model_005,measure,27.177865619932962,27.178705846890807,27.184872508980334,6.166662089526653,True,
5324,onnx_model_005,measure,27.182790799322458,27.18396652676165,27.195352328941226,11.385802179574966,True,
5325,onnx_model_003,measure,27.18301461583988,27.18412665091455,27.19550486886874,11.378217954188585,True,
5326,onnx_model_000,measure,27.183840177214684,27.184289570897818,27.195541728753597,11.252157855778933,True,
5327,onnx_model_008,measure,27.18969348077674,27.19009496597573,27.20104994997382,10.954983998090029,True,
5328,onnx_model_009,measure,27.191243668052383,27.191519503947347,27.20242307987064,10.903575923293829,True,
5329,onnx_model_007,measure,27.192644003863798,27.192947979085147,27.20383868087083,10.890701785683632,True,
5330,onnx_model_005,measure,27.205084560253745,27.206054732669145,27.217035565990955,10.980833321809769,True,
5331,onnx_model_003,measure,27.206283092374147,27.20749964006245,27.218541318085045,11.04167802259326,True,
5332,onnx_model_007,measure,27.206986507764128,27.20765902288258,27.218598667066544,10.939644183963537,True,
5333,onnx_model_007,measure,27.222834443092953,27.223815473727882,27.23481084499508,10.995371267199516,True,
5334,onnx_model_002,measure,27.224934867933705,27.225264999084175,27.236307949759066,11.042950674891472,True,
5335,onnx_model_007,measure,27.22526044357804,27.225609212648124,27.234937184955925,9.327972307801247,True,
5336,onnx_model_002,measure,27.227344178599168,27.22803300106898,27.23636599071324,8.332989644259214,True,
5337,onnx_model_005,measure,27.23149704686153,27.23246201965958,27.243315560743213,10.8535410836339,True,
5338,onnx_model_004,measure,27.233267362274898,27.23390184668824,27.244956980925053,11.055134236812592,True,
5339,onnx_model_001,measure,27.238527548210307,27.239588676951826,27.25073055597022,11.14187901839614,True,
5340,onnx_model_008,measure,27.239040506484287,27.239750052802265,27.250836526975036,11.086474172770977,True,
5341,onnx_model_009,measure,27.244648390012372,27.245056239888072,27.25607009464875,11.013854760676622,True,
5342,onnx_model_002,measure,27.247903273579624,27.248506729025394,27.259548367001116,11.041637975722551,True,
5343,onnx_model_002,measure,27.250776259781876,27.250989597756416,27.25958694005385,8.597342297434807,True,
5344,onnx_model_001,measure,27.25374136252427,27.2544189770706,27.265569001901895,11.150024831295013,True,
5345,onnx_model_004,measure,27.26147603440838,27.26180793205276,27.272843189071864,11.035257019102573,True,
5346,onnx_model_007,measure,27.265822301390962,27.266789922025055,27.277784632053226,10.99471002817154,True,
5347,onnx_model_007,measure,27.266858067985748,27.267162299714983,27.27791684307158,10.754543356597424,True,
5348,onnx_model_006,measure,27.26787853873249,27.268585545942187,27.279412717092782,10.82717115059495,True,
5349,onnx_model_004,measure,27.274661115353176,27.275086783804,27.28602164890617,10.934865102171898,True,
5350,onnx_model_006,measure,27.294898877358104,27.296242898795754,27.307183464989066,10.940566193312407,True,
5351,onnx_model_001,measure,27.3101583701762,27.310429895762354,27.32153319194913,11.103296186774969,True,
5352,onnx_model_006,measure,27.310190258048518,27.310593847651035,27.321648169774562,11.054322123527527,True,
5353,onnx_model_008,measure,27.322149565038263,27.322900210041553,27.33395067602396,11.050465982407331,True,
5354,onnx_model_008,measure,27.339423853522863,27.340176169760525,27.351347253657877,11.171083897352219,True,
5355,onnx_model_005,measure,27.35904381758276,27.359654274769127,27.370784791652113,11.13051688298583,True,
5356,onnx_model_008,measure,27.360283731813013,27.361188350711018,27.37232815567404,11.13980496302247,True,
5357,onnx_model_001,measure,27.366390159712875,27.366728210821748,27.377954019699246,11.225808877497911,True,
5358,onnx_model_002,measure,27.369220040346963,27.37035244004801,27.381422393023968,11.069952975958586,True,
5359,onnx_model_006,measure,27.37632505432661,27.37663164595142,27.38784661469981,11.214968748390675,True,
5360,onnx_model_006,measure,27.37713573189114,27.378064810764045,27.388379266951233,10.314456187188625,True,
5361,onnx_model_003,measure,27.379811092055863,27.380599428899586,27.391551156062633,10.951727163046598,True,
5362,onnx_model_009,measure,27.380634010864892,27.381014166865498,27.39189464878291,10.880481917411089,True,
5363,onnx_model_006,measure,27.386151040608368,27.386659717652947,27.388425424695015,1.765707042068243,True,
5364,onnx_model_005,measure,27.387566950054648,27.387984736822546,27.39888253202662,10.89779520407319,True,
5365,onnx_model_006,measure,27.39262393151535,27.39312079967931,27.404188198037446,11.067398358136415,True,
5366,onnx_model_001,measure,27.392900568752957,27.393289480824023,27.404299288988113,11.009808164089918,True,
5367,onnx_model_007,measure,27.396394487971158,27.396811544895172,27.407670848071575,10.859303176403046,True,
5368,onnx_model_008,measure,27.39670852447157,27.39718302199617,27.408039899077266,10.856877081096172,True,
5369,onnx_model_004,measure,27.40116818899431,27.40210884483531,27.41308729397133,10.978449136018753,True,
5370,onnx_model_000,measure,27.406231883011877,27.406519268639386,27.417461758945137,10.942490305751562,True,
5371,onnx_model_001,measure,27.409283298224647,27.410257564857602,27.42111886991188,10.861305054277182,True,
5372,onnx_model_000,measure,27.41225181289935,27.41269643092528,27.417621972970665,4.9255420453846455,True,
5373,onnx_model_003,measure,27.413401173443425,27.414307582657784,27.425179129000753,10.87154634296894,True,
5374,onnx_model_002,measure,27.41736415057277,27.417716041672975,27.42858593398705,10.869892314076424,True,
5375,onnx_model_006,measure,27.425729872386487,27.426392253953964,27.437279258854687,10.887004900723696,True,
5376,onnx_model_001,measure,27.433718588862412,27.43480554688722,27.44572641607374,10.920869186520576,True,
5377,onnx_model_005,measure,27.439427886146067,27.4405001020059,27.45139963971451,10.899537708610296,True,
5378,onnx_model_007,measure,27.441938262244516,27.44295024871826,27.453825341071934,10.87509235367179,True,
5379,onnx_model_004,measure,27.454436726454993,27.455071869771928,27.46601493190974,10.943062137812376,True,
5380,onnx_model_002,measure,27.462031556540424,27.462526680901647,27.473522211890668,10.995530989021063,True,
5381,onnx_model_006,measure,27.476714269824363,27.477741030976176,27.488819719757885,11.078688781708479,True,
5382,onnx_model_000,measure,27.49140584650455,27.492117378860712,27.503282982856035,11.165603995323181,True,
5383,onnx_model_009,measure,27.496120217413935,27.496664912905544,27.507650354877114,10.985441971570253,True,
5384,onnx_model_000,measure,27.50088318060526,27.501221644692123,27.503402831032872,2.1811863407492638,True,
5385,onnx_model_005,measure,27.512994723155696,27.513960849959403,27.525006796699017,11.04594673961401,True,
5386,onnx_model_008,measure,27.514521169652756,27.515517639927566,27.52705087279901,11.533232871443033,True,
5387,onnx_model_003,measure,27.51494171907105,27.515689074993134,27.527101608924568,11.412533931434155,True,
5388,onnx_model_003,measure,27.521577356304576,27.522247151006013,27.527155180927366,4.908029921352863,True,
5389,onnx_model_007,measure,27.521747034409792,27.522412304766476,27.53363487776369,11.22257299721241,True,
5390,onnx_model_000,measure,27.521788200326927,27.522555757779628,27.53393502905965,11.379271280020475,True,
5391,onnx_model_002,measure,27.521943387078558,27.522694831714034,27.533972369972616,11.277538258582354,True,
5392,onnx_model_004,measure,27.525414703878912,27.526243998669088,27.53727559791878,11.031599249690771,True,
5393,onnx_model_008,measure,27.525583800426205,27.5264102849178,27.537442615721375,11.032330803573132,True,
5394,onnx_model_002,measure,27.537723207227756,27.53866700269282,27.549677001778036,11.009999085217714,True,
5395,onnx_model_006,measure,27.547429516405096,27.54913278669119,27.56008941400796,10.956627316772938,True,
5396,onnx_model_001,measure,27.553001961719595,27.553918764926493,27.564801410771906,10.882645845413208,True,
5397,onnx_model_007,measure,27.557451877397682,27.558372179977596,27.569259845651686,10.887665674090385,True,
5398,onnx_model_004,measure,27.565106420924593,27.5660526198335,27.57712951488793,11.07689505442977,True,
5399,onnx_model_001,measure,27.565748187486506,27.566240306012332,27.577256105840206,11.015799827873707,True,
5400,onnx_model_000,measure,27.566586529463578,27.567766106687486,27.57859654398635,10.830437298864126,True,
5401,onnx_model_006,measure,27.56811823841806,27.56935647968203,27.580139766912907,10.783287230879068,True,
5402,onnx_model_000,measure,27.57122213919016,27.57180325081572,27.578711441718042,6.908190902322531,True,
5403,onnx_model_006,measure,27.571232558933186,27.571984224952757,27.580238345079124,8.254120126366615,True,
5404,onnx_model_000,measure,27.584527682581534,27.58546551084146,27.596483383793384,11.0178729519248,True,
5405,onnx_model_009,measure,27.58512968925151,27.585630815010518,27.596950070932508,11.31925592198968,True,
5406,onnx_model_004,measure,27.59297783978498,27.594189192634076,27.60501115396619,10.82196133211255,True,
5407,onnx_model_001,measure,27.59555817463012,27.59657986788079,27.60731638595462,10.736518073827028,True,
5408,onnx_model_007,measure,27.596946233489057,27.597100015729666,27.60781867103651,10.718655306845903,True,
5409,onnx_model_008,measure,27.600937926629424,27.60153603879735,27.612237049732357,10.701010935008526,True,
5410,onnx_model_004,measure,27.6021663197978,27.602973500732332,27.60511911008507,2.145609352737665,True,
5411,onnx_model_001,measure,27.609216485052468,27.61003790004179,27.620834703091532,10.796803049743176,True,
5412,onnx_model_009,measure,27.621855179157155,27.623055533971637,27.633892273064703,10.836739093065262,True,
5413,onnx_model_002,measure,27.62623944510155,27.62650080304593,27.637324587907642,10.823784861713648,True,
5414,onnx_model_008,measure,27.627054735472896,27.627967931795865,27.6388897029683,10.921771172434092,True,
5415,onnx_model_001,measure,27.62718043711002,27.628131923731416,27.639025601092726,10.893677361309528,True,
5416,onnx_model_005,measure,27.641532104238433,27.642259077634662,27.65316420700401,10.905129369348288,True,
5417,onnx_model_005,measure,27.645128538861375,27.645705498754978,27.653874997980893,8.169499225914478,True,
5418,onnx_model_009,measure,27.651965238179258,27.653261973056942,27.6643350510858,11.073078028857708,True,
5419,onnx_model_000,measure,27.65250735302162,27.65342705603689,27.664541322737932,11.114266701042652,True,
5420,onnx_model_006,measure,27.653207814383432,27.654013470746577,27.664756702724844,10.743231978267431,True,
5421,onnx_model_009,measure,27.659314489202355,27.660467219073325,27.664583222940564,4.11600386723876,True,
5422,onnx_model_005,measure,27.66357812269837,27.663918939884752,27.674719319678843,10.800379794090986,True,
5423,onnx_model_002,measure,27.665183511187333,27.66598931606859,27.676922587677836,10.93327160924673,True,
5424,onnx_model_001,measure,27.665624337305598,27.666151974815875,27.67708948487416,10.937510058283806,True,
5425,onnx_model_003,measure,27.67179273062446,27.672676225658506,27.683499248698354,10.823023039847612,True,
5426,onnx_model_004,measure,27.67283759351189,27.673060317058116,27.683997375890613,10.937058832496405,True,
5427,onnx_model_007,measure,27.674996859262723,27.675950098782778,27.686800113879144,10.850015096366405,True,
5428,onnx_model_007,measure,27.683344758026347,27.683593998663127,27.68694672267884,3.352724015712738,True,
5429,onnx_model_009,measure,27.683478201294083,27.684092135634273,27.695011622738093,10.919487103819847,True,
5430,onnx_model_008,measure,27.690165493809637,27.69116650382057,27.702058888971806,10.89238515123725,True,
5431,onnx_model_006,measure,27.694086212242084,27.694607534911484,27.70557354995981,10.966015048325062,True,
5432,onnx_model_001,measure,27.69917304614771,27.700235954020172,27.711105534806848,10.869580786675215,True,
5433,onnx_model_004,measure,27.704011522572962,27.704280701931566,27.715064720716327,10.784018784761429,True,
5434,onnx_model_008,measure,27.704795414905977,27.705669852904975,27.716452348977327,10.782496072351933,True,
5435,onnx_model_008,measure,27.717471628696277,27.71867375075817,27.729605400934815,10.931650176644325,True,
5436,onnx_model_007,measure,27.723404608452338,27.72413599397987,27.735115794930607,10.979800950735807,True,
5437,onnx_model_007,measure,27.7284659266252,27.729700300842524,27.73522408073768,5.523779895156622,True,
5438,onnx_model_008,measure,27.730920121409973,27.731152090709656,27.742092146072537,10.94005536288023,True,
5439,onnx_model_005,measure,27.737093578844803,27.737450323067605,27.74836038192734,10.910058859735727,True,
5440,onnx_model_009,measure,27.73715370934292,27.737612059805542,27.748577303718776,10.96524391323328,True,
5441,onnx_model_003,measure,27.7437518851101,27.744321623817086,27.755305382888764,10.983759071677923,True,
5442,onnx_model_001,measure,27.743935740425783,27.744480636902153,27.755429469048977,10.948832146823406,True,
5443,onnx_model_009,measure,27.74928283077323,27.74979443801567,27.760681251995265,10.8868139795959,True,
5444,onnx_model_007,measure,27.75072013297827,27.75124208908528,27.762118262704462,10.876173619180918,True,
5445,onnx_model_007,measure,27.752878947519715,27.753674142062664,27.762158188968897,8.484046906232834,True,
5446,onnx_model_006,measure,27.75827685993963,27.758647616021335,27.76949380291626,10.846186894923449,True,
5447,onnx_model_003,measure,27.759269741790852,27.76009965594858,27.770909504033625,10.809848085045815,True,
5448,onnx_model_003,measure,27.772654326326016,27.773134202696383,27.784137920010835,11.003717314451933,True,
5449,onnx_model_007,measure,27.7749202041823,27.775589619763196,27.786958831828088,11.369212064892054,True,
5450,onnx_model_007,measure,27.775054275806745,27.775762879755348,27.787003706675023,11.240826919674873,True,
5451,onnx_model_003,measure,27.775638101328784,27.776208817958832,27.78424854995683,8.039731997996569,True,
5452,onnx_model_009,measure,27.77851860078404,27.77963742474094,27.790448165033013,10.810740292072296,True,
5453,onnx_model_003,measure,27.784671182160466,27.785463138949126,27.79625389073044,10.790751781314611,True,
5454,onnx_model_001,measure,27.792518423350085,27.79367527877912,27.804821956902742,11.146678123623133,True,
5455,onnx_model_006,measure,27.79318993715058,27.793841714970767,27.80498340399936,11.141689028590918,True,
5456,onnx_model_006,measure,27.80190404787462,27.80247836187482,27.805022237822413,2.5438759475946426,True,
5457,onnx_model_002,measure,27.80551040281267,27.806239352095872,27.817166942637414,10.927590541541576,True,
5458,onnx_model_001,measure,27.8074514945508,27.807681161910295,27.81877119280398,11.090030893683434,True,
5459,onnx_model_006,measure,27.81570105447691,27.816138648893684,27.827112589031458,10.973940137773752,True,
5460,onnx_model_006,measure,27.81718812627683,27.818389798048884,27.82722769677639,8.8378987275064,True,
5461,onnx_model_003,measure,27.819401263785668,27.819999266881496,27.83108585095033,11.086584068834782,True,
5462,onnx_model_003,measure,27.82227626922046,27.823438053950667,27.83119355607778,7.755502127110958,True,
5463,onnx_model_002,measure,27.827118047946467,27.827356000896543,27.838227125816047,10.871124919503927,True,
5464,onnx_model_001,measure,27.827284007236425,27.827714351937175,27.838672902900726,10.958550963550806,True,
5465,onnx_model_005,measure,27.84310841600659,27.843907624017447,27.854822542052716,10.914918035268784,True,
5466,onnx_model_000,measure,27.85025119749728,27.851349809672683,27.862344699911773,10.994890239089727,True,
5467,onnx_model_005,measure,27.85370623822575,27.854937770869583,27.865846736822277,10.908965952694416,True,
5468,onnx_model_009,measure,27.856086789898416,27.856420608703047,27.86744273081422,11.022122111171484,True,
5469,onnx_model_002,measure,27.859416724004586,27.859850919805467,27.871108267921954,11.257348116487265,True,
5470,onnx_model_001,measure,27.862300382944934,27.862492570653558,27.87354610208422,11.053531430661678,True,
5471,onnx_model_001,measure,27.863329240185667,27.863937998656183,27.87366870464757,9.730705991387367,True,
5472,onnx_model_002,measure,27.864061532957116,27.86430196976289,27.871153624728322,6.851654965430498,True,
5473,onnx_model_004,measure,27.870221175359855,27.870678771752864,27.881543493829668,10.864722076803446,True,
5474,onnx_model_005,measure,27.87129597335093,27.8723953650333,27.883287098724395,10.891733691096306,True,
5475,onnx_model_000,measure,27.877641864930645,27.877905919682235,27.888784979004413,10.879059322178364,True,
5476,onnx_model_004,measure,27.888830199048936,27.89001235179603,27.900970322079957,10.957970283925533,True,
5477,onnx_model_000,measure,27.890501913527228,27.891474030911922,27.902951567899436,11.477536987513304,True,
5478,onnx_model_006,measure,27.891927860235896,27.892938253935426,27.903774803038687,10.83654910326004,True,
5479,onnx_model_001,measure,27.902005391461618,27.903046729043126,27.914302804972976,11.25607592985034,True,
5480,onnx_model_001,measure,27.90409737727609,27.905001996085048,27.91434817109257,9.346175007522106,True,
5481,onnx_model_000,measure,27.90613855836155,27.906440309714526,27.9173512798734,10.910970158874989,True,
5482,onnx_model_007,measure,27.913417297131474,27.913888627663255,27.92489736387506,11.008736211806536,True,
5483,onnx_model_005,measure,27.918041049719765,27.918567821849138,27.9295909460634,11.02312421426177,True,
5484,onnx_model_005,measure,27.923512794183466,27.924009646754712,27.929630822036415,5.621175281703472,True,
5485,onnx_model_008,measure,27.929492053187765,27.929769104812294,27.94073975784704,10.970653034746647,True,
5486,onnx_model_001,measure,27.943397497821387,27.943978333845735,27.954966480843723,10.988146997988224,True,
5487,onnx_model_002,measure,27.949853507992064,27.950421671848744,27.961384440772235,10.96276892349124,True,
5488,onnx_model_006,measure,27.95598615392547,27.95718966703862,27.968249049969018,11.059382930397987,True,
5489,onnx_model_006,measure,27.96021133687987,27.960659762844443,27.968361011706293,7.701248861849308,True,
5490,onnx_model_009,measure,27.963418748160993,27.964607667643577,27.975522524677217,10.914857033640146,True,
5491,onnx_model_005,measure,27.965673434400014,27.96602603374049,27.976919610984623,10.893577244132757,True,
5492,onnx_model_006,measure,27.973350265536673,27.973581385798752,27.98467931104824,11.097925249487162,True,
5493,onnx_model_004,measure,27.97460556959645,27.975018767639995,27.986009549815208,10.990782175213099,True,
5494,onnx_model_002,measure,27.975505246337097,27.975669574923813,27.98642798466608,10.75840974226594,True,
5495,onnx_model_003,measure,27.980988323409118,27.98214891087264,27.993282293900847,11.13338302820921,True,
5496,onnx_model_000,measure,27.981078686916646,27.98230964690447,27.993431508075446,11.121861170977354,True,
5497,onnx_model_003,measure,27.98268757216152,27.983830106910318,27.99346929974854,9.639192838221788,True,
5498,onnx_model_007,measure,27.982824537056473,27.984019646886736,27.99525983305648,11.240186169743538,True,
5499,onnx_model_001,measure,27.983279639987295,27.98416539374739,27.995153029914945,10.987636167556047,True,
5500,onnx_model_006,measure,27.994401921497342,27.994686893653125,28.00577273685485,11.085843201726675,True,
5501,onnx_model_006,measure,27.99659493792992,27.997486996930093,28.00590127101168,8.414274081587791,True,
5502,onnx_model_003,measure,27.99856434470173,27.99893894698471,28.009809780865908,10.87083388119936,True,
5503,onnx_model_004,measure,28.000534732430104,28.001372622791678,28.01225085090846,10.87822811678052,True,
5504,onnx_model_003,measure,28.008940854474222,28.00992242479697,28.02083202265203,10.909597855061293,True,
5505,onnx_model_007,measure,28.014136293254506,28.014473997056484,28.025420494843274,10.946497786790133,True,
5506,onnx_model_001,measure,28.024034461431242,28.025058035738766,28.036012398079038,10.954362340271473,True,
5507,onnx_model_007,measure,28.037802619950256,28.03823203779757,28.04924859898165,11.016561184078455,True,
5508,onnx_model_001,measure,28.04446803378168,28.04567504581064,28.05667753983289,11.002494022250175,True,
5509,onnx_model_007,measure,28.046127270743625,28.047116956673563,28.049356172792614,2.2392161190509796,True,
5510,onnx_model_001,measure,28.048011318825324,28.04854782577604,28.05679754773155,8.249721955507994,True,
5511,onnx_model_002,measure,28.05216876568826,28.052576564718038,28.063470222055912,10.893657337874174,True,
5512,onnx_model_004,measure,28.05464777344314,28.05501441890374,28.065921500790864,10.907081887125969,True,
5513,onnx_model_000,measure,28.05826431899689,28.0590219758451,28.070088882930577,11.066907085478306,True,
5514,onnx_model_001,measure,28.05845152330284,28.059184013865888,28.070245790760964,11.061776895076036,True,
5515,onnx_model_001,measure,28.059070182456463,28.059605565853417,28.070283442735672,10.677876882255077,True,
5516,onnx_model_004,measure,28.06892545265877,28.06914198305458,28.080000814050436,10.858830995857716,True,
5517,onnx_model_009,measure,28.080738222743864,28.081216083839536,28.09227535687387,11.059273034334183,True,
5518,onnx_model_002,measure,28.090955651637746,28.09166432498023,28.102726012002677,11.061687022447586,True,
5519,onnx_model_001,measure,28.097760913351042,28.09849759377539,28.109649152029306,11.151558253914118,True,
5520,onnx_model_001,measure,28.100438784197685,28.100965735968202,28.109692393802106,8.726657833904028,True,
5521,onnx_model_000,measure,28.105496737449702,28.10595932789147,28.117031895089895,11.072567198425531,True,
5522,onnx_model_007,measure,28.11460399036694,28.114924550056458,28.125939758028835,11.015207972377539,True,
5523,onnx_model_000,measure,28.11587126270208,28.116362762637436,28.12728319177404,10.92042913660407,True,
5524,onnx_model_008,measure,28.12812674394552,28.12852282775566,28.139550749678165,11.027921922504902,True,
5525,onnx_model_006,measure,28.139322063369086,28.139649698976427,28.1505962559022,10.94655692577362,True,
5526,onnx_model_007,measure,28.14384606431343,28.14411110896617,28.15522777987644,11.116670910269022,True,
5527,onnx_model_002,measure,28.14745278282395,28.148544986732304,28.1595816668123,11.036680079996586,True,
5528,onnx_model_007,measure,28.154373343860673,28.154820886906236,28.16570127895102,10.880392044782639,True,
5529,onnx_model_002,measure,28.156333276564116,28.157466155011207,28.159692847635597,2.2266926243901253,True,
5530,onnx_model_006,measure,28.173849901690613,28.175939961802214,28.18696118099615,11.021219193935394,True,
5531,onnx_model_005,measure,28.177696191449733,28.178383936639875,28.189573235809803,11.189299169927835,True,
5532,onnx_model_009,measure,28.178597383609933,28.1787618258968,28.189683836884797,10.922010987997055,True,
5533,onnx_model_000,measure,28.181635082869324,28.182214808650315,28.193202304653823,10.987496003508568,True,
5534,onnx_model_001,measure,28.18372654622272,28.184641481842846,28.195535789709538,10.894307866692543,True,
5535,onnx_model_009,measure,28.18893986988818,28.189185027964413,28.200105265714228,10.920237749814987,True,
5536,onnx_model_006,measure,28.195887705002335,28.196778462734073,28.20804448798299,11.266025248914957,True,
5537,onnx_model_002,measure,28.196176004376092,28.1969604678452,28.208084003068507,11.123535223305225,True,
5538,onnx_model_005,measure,28.21014718604914,28.21130599686876,28.222193943802267,10.88794693350792,True,
5539,onnx_model_001,measure,28.212280223917816,28.21274561388418,28.22367022978142,10.924615897238255,True,
5540,onnx_model_000,measure,28.223412557998905,28.22376555064693,28.23480447474867,11.038924101740122,True,
5541,onnx_model_004,measure,28.2301049405582,28.231225180905312,28.242575597018003,11.350416112691164,True,
5542,onnx_model_007,measure,28.23040952448898,28.23138669785112,28.242391435895115,11.004738043993711,True,
5543,onnx_model_008,measure,28.23354251874181,28.233905284665525,28.244818900711834,10.913616046309471,True,
5544,onnx_model_000,measure,28.234327343160775,28.234919402748346,28.245844159740955,10.924756992608309,True,
5545,onnx_model_002,measure,28.23725884412937,28.238367567770183,28.249350514728576,10.982946958392859,True,
5546,onnx_model_004,measure,28.23756901159472,28.238527801819146,28.24261379893869,4.085997119545937,True,
5547,onnx_model_005,measure,28.24534820545338,28.2459498308599,28.256775127723813,10.825296863913536,True,
5548,onnx_model_001,measure,28.256759309432674,28.256939680781215,28.26777071878314,10.831038001924753,True,
5549,onnx_model_001,measure,28.277332700653627,28.278003179933876,28.289029298815876,11.026118882000446,True,
5550,onnx_model_001,measure,28.281319879736124,28.28244971204549,28.289139607921243,6.689895875751972,True,
5551,onnx_model_004,measure,28.281573988650965,28.282608843874186,28.293668698053807,11.059854179620743,True,
5552,onnx_model_006,measure,28.283806256139503,28.284124394878745,28.29521133005619,11.086935177445412,True,
5553,onnx_model_005,measure,28.284849248056126,28.285550254862756,28.296466765925288,10.916511062532663,True,
5554,onnx_model_002,measure,28.286001021390817,28.28699073381722,28.29814208066091,11.15134684368968,True,
5555,onnx_model_002,measure,28.286440492263118,28.287152010016143,28.298180423676968,11.028413660824299,True,
5556,onnx_model_007,measure,28.30517721426981,28.305404705926776,28.316419353708625,11.014647781848907,True,
5557,onnx_model_003,measure,28.306360742102235,28.306850012857467,28.31778981909156,10.93980623409152,True,
5558,onnx_model_009,measure,28.311931966509672,28.31229976285249,28.32326049776748,10.96073491498828,True,
5559,onnx_model_006,measure,28.315025276300936,28.315735302865505,28.32701647700742,11.281174141913652,True,
5560,onnx_model_001,measure,28.321205426658413,28.322011613752693,28.333026641979814,11.015028227120638,True,
5561,onnx_model_006,measure,28.3249134149302,28.325482862070203,28.327141143847257,1.6582817770540714,True,
5562,onnx_model_009,measure,28.32834024794222,28.329362365882844,28.340330766048282,10.968400165438652,True,
5563,onnx_model_007,measure,28.33005265945869,28.3307989067398,28.341725676786155,10.92677004635334,True,
5564,onnx_model_005,measure,28.33798195728622,28.338249980006367,28.3492428958416,10.992915835231543,True,
5565,onnx_model_006,measure,28.34025547257324,28.34048167290166,28.35135933989659,10.877666994929314,True,
5566,onnx_model_005,measure,28.342006740314762,28.34297177568078,28.3493534270674,6.381651386618614,True,
5567,onnx_model_008,measure,28.349729376757296,28.350578895770013,28.361390927806497,10.812032036483288,True,
5568,onnx_model_004,measure,28.35329261615288,28.353580461815,28.3644713438116,10.89088199660182,True,
5569,onnx_model_005,measure,28.35579781153116,28.356022062711418,28.366805820725858,10.783758014440536,True,
5570,onnx_model_006,measure,28.368975528687226,28.370027855969965,28.380954946856946,10.927090886980295,True,
5571,onnx_model_002,measure,28.37217588512685,28.37247260287404,28.383585346862674,11.112743988633156,True,
5572,onnx_model_005,measure,28.37534902321116,28.375918472651392,28.38686759583652,10.949123185127974,True,
5573,onnx_model_001,measure,28.378734235595566,28.379351038020104,28.390444153919816,11.093115899711847,True,
5574,onnx_model_001,measure,28.382231102973137,28.38319196878001,28.390596454031765,7.404485251754522,True,
5575,onnx_model_009,measure,28.38888023463785,28.390088327694684,28.40130732394755,11.2189962528646,True,
5576,onnx_model_007,measure,28.39606821658684,28.396820143796504,28.408393945079297,11.573801282793283,True,
5577,onnx_model_008,measure,28.396679503182426,28.39700142899528,28.408222037833184,11.220608837902546,True,
5578,onnx_model_007,measure,28.40015656240372,28.400519345887005,28.4084328180179,7.913472130894661,True,
5579,onnx_model_008,measure,28.406514543641514,28.407549999654293,28.41894432902336,11.394329369068146,True,
5580,onnx_model_009,measure,28.407340417561024,28.407730523031205,28.418990736827254,11.260213796049356,True,
5581,onnx_model_005,measure,28.408436108284818,28.408576300833374,28.419447945896536,10.87164506316185,True,
5582,onnx_model_000,measure,28.4096344982235,28.41001254087314,28.420844901818782,10.832360945641994,True,
5583,onnx_model_009,measure,28.413527929920335,28.41444522701204,28.41908474592492,4.639518912881613,True,
5584,onnx_model_004,measure,28.41500973092149,28.41591672366485,28.426833755802363,10.91703213751316,True,
5585,onnx_model_009,measure,28.421757042146215,28.422088926658034,28.43320739082992,11.118464171886444,True,
5586,onnx_model_008,measure,28.42181743853155,28.422251184936613,28.433269890025258,11.01870508864522,True,
5587,onnx_model_008,measure,28.44769666413186,28.448456527665257,28.4591514877975,10.694960132241249,True,
5588,onnx_model_001,measure,28.46389766997375,28.464331875089556,28.475086998660117,10.755123570561409,True,
5589,onnx_model_007,measure,28.471166413659425,28.47163353394717,28.48244070680812,10.807172860950232,True,
5590,onnx_model_009,measure,28.47811830555755,28.479308923706412,28.49032283993438,11.013916227966547,True,
5591,onnx_model_009,measure,28.48252923095725,28.48366433288902,28.490469709038734,6.805376149713993,True,
5592,onnx_model_007,measure,28.486885890030845,28.48712944984436,28.498167651705444,11.038201861083508,True,
5593,onnx_model_008,measure,28.487185374716613,28.487491687759757,28.49869576608762,11.204078327864408,True,
5594,onnx_model_005,measure,28.487525263933215,28.48785061063245,28.498910924885422,11.060314252972603,True,
5595,onnx_model_008,measure,28.491390436990642,28.491693454794586,28.498742294032127,7.04883923754096,True,
5596,onnx_model_009,measure,28.495202198297612,28.49616323178634,28.507227703928947,11.064472142606974,True,
5597,onnx_model_008,measure,28.49750024944971,28.498266289010644,28.509680315852165,11.414026841521263,True,
5598,onnx_model_009,measure,28.505193474959395,28.50613633869216,28.507338433992118,1.2020952999591827,True,
5599,onnx_model_004,measure,28.50787168623638,28.50855651963502,28.519531230907887,10.974711272865534,True,
5600,onnx_model_004,measure,28.508603046850403,28.508938445709646,28.51970229577273,10.763850063085556,True,
5601,onnx_model_007,measure,28.508883265341947,28.509365026839077,28.52033626101911,10.971234180033207,True,
5602,onnx_model_006,measure,28.510742897326146,28.51194053189829,28.52308927383274,11.14874193444848,True,
5603,onnx_model_002,measure,28.511114667463172,28.512107559945434,28.523746693972498,11.639134027063847,True,
5604,onnx_model_006,measure,28.512552514371443,28.51372871082276,28.52320109680295,9.472385980188847,True,
5605,onnx_model_004,measure,28.51256236906374,28.5139118488878,28.519741591066122,5.829742178320885,True,
5606,onnx_model_002,measure,28.51819234971611,28.518475072924048,28.523791879881173,5.316806957125664,True,
5607,onnx_model_008,measure,28.523065320976933,28.523398100864142,28.53465076070279,11.25265983864665,True,
5608,onnx_model_006,measure,28.531981070496414,28.53402884863317,28.545344488695264,11.315640062093735,True,
5609,onnx_model_003,measure,28.531984349721533,28.53419450391084,28.545388201717287,11.193697806447744,True,
5610,onnx_model_006,measure,28.543986203324348,28.54491675598547,28.556549527682364,11.632771696895361,True,
5611,onnx_model_002,measure,28.545110049142547,28.54551519267261,28.556687450036407,11.172257363796234,True,
5612,onnx_model_009,measure,28.54693704894153,28.54796510981396,28.558798622805625,10.833512991666794,True,
5613,onnx_model_006,measure,28.551856102166063,28.55239734472707,28.556593931745738,4.196587018668652,True,
5614,onnx_model_000,measure,28.555513685664796,28.555880316067487,28.56704200292006,11.161686852574348,True,
5615,onnx_model_006,measure,28.55551528827473,28.55604567984119,28.56717483466491,11.129154823720455,True,
5616,onnx_model_003,measure,28.561453140410116,28.562019995879382,28.572921327780932,10.901331901550293,True,
5617,onnx_model_002,measure,28.576012463883337,28.5771466800943,28.588124837726355,10.978157632052898,True,
5618,onnx_model_006,measure,28.580069356079047,28.580588161945343,28.59156775288284,10.979590937495232,True,
5619,onnx_model_003,measure,28.588732539343546,28.589347261935472,28.600270085036755,10.92282310128212,True,
5620,onnx_model_005,measure,28.59422553965797,28.594789005815983,28.605737065896392,10.94806008040905,True,
5621,onnx_model_001,measure,28.601109851575718,28.60149459168315,28.61241381801665,10.919226333498955,True,
5622,onnx_model_008,measure,28.60367564488898,28.60396477766335,28.61501000309363,11.04522543027997,True,
5623,onnx_model_006,measure,28.60376332083478,28.604131133761257,28.615129549987614,10.998416226357222,True,
5624,onnx_model_005,measure,28.615239170310527,28.616493793670088,28.62746086064726,10.96706697717309,True,
5625,onnx_model_002,measure,28.617122193642583,28.617999345064163,28.629056022968143,11.056677903980017,True,
5626,onnx_model_009,measure,28.621748530972486,28.622434325981885,28.63327585393563,10.841527953743935,True,
5627,onnx_model_008,measure,28.627631231568532,28.628684776835144,28.63985416898504,11.16939214989543,True,
5628,onnx_model_001,measure,28.639001383218762,28.63949802191928,28.650446963962168,10.94894204288721,True,
5629,onnx_model_007,measure,28.645551901657353,28.646099399775267,28.65705293091014,10.953531134873629,True,
5630,onnx_model_002,measure,28.651498122836067,28.65266928775236,28.663648367859423,10.979080107063055,True,
5631,onnx_model_000,measure,28.653029499576324,28.654151945840567,28.665189536754042,11.03759091347456,True,
5632,onnx_model_008,measure,28.65482571930259,28.655581433791667,28.66656681569293,10.98538190126419,True,
5633,onnx_model_007,measure,28.66050351615551,28.661277641076595,28.672254075761884,10.97643468528986,True,
5634,onnx_model_001,measure,28.664926077265743,28.665282904636115,28.676247206982225,10.964302346110344,True,
5635,onnx_model_006,measure,28.675818558822407,28.67634103493765,28.687313651666045,10.972616728395224,True,
5636,onnx_model_003,measure,28.677358381540532,28.677775701973587,28.68860387476161,10.828172788023949,True,
5637,onnx_model_009,measure,28.695324784140457,28.69582358887419,28.707032955717295,11.209366843104362,True,
5638,onnx_model_002,measure,28.695776821931126,28.69619856076315,28.707185776904225,10.987216141074896,True,
5639,onnx_model_003,measure,28.704933545134907,28.70664025982842,28.717709520831704,11.069261003285646,True,
5640,onnx_model_002,measure,28.71245066159595,28.713415659032762,28.724535625893623,11.119966860860586,True,
5641,onnx_model_000,measure,28.713044114453577,28.713579630013555,28.724654621910304,11.074991896748543,True,
5642,onnx_model_008,measure,28.716849958035006,28.717100834008306,28.728048874996603,10.94804098829627,True,
5643,onnx_model_007,measure,28.732812319259015,28.73326820600778,28.744169927667826,10.90172166004777,True,
5644,onnx_model_001,measure,28.740980698005547,28.74172810697928,28.753094302024692,11.366195045411587,True,
5645,onnx_model_009,measure,28.741540224939328,28.741913538891822,28.752920751925558,11.007213033735752,True,
5646,onnx_model_001,measure,28.746841551136097,28.747396491933614,28.753132374957204,5.7358830235898495,True,
5647,onnx_model_006,measure,28.765685473662135,28.767356352880597,28.778459998779,11.103645898401737,True,
5648,onnx_model_000,measure,28.768486647578875,28.768796660006046,28.779942005872726,11.145345866680145,True,
5649,onnx_model_006,measure,28.781080250543532,28.782208865042776,28.79396895878017,11.760093737393618,True,
5650,onnx_model_009,measure,28.781209076395477,28.782391713000834,28.793662626761943,11.270913761109114,True,
5651,onnx_model_008,measure,28.781787479760357,28.782542288769037,28.79392466507852,11.382376309484243,True,
5652,onnx_model_007,measure,28.786107238619447,28.787234457675368,28.798237783834338,11.003326158970594,True,
5653,onnx_model_006,measure,28.790260824955546,28.790779155679047,28.794000660069287,3.2215043902397156,True,
5654,onnx_model_001,measure,28.791109752063928,28.792290257755667,28.803291239775717,11.000982020050287,True,
5655,onnx_model_008,measure,28.793621181594062,28.79409440793097,28.805134523659945,11.040115728974342,True,
5656,onnx_model_009,measure,28.803862500513183,28.804534662980586,28.815581912640482,11.047249659895897,True,
5657,onnx_model_000,measure,28.808396459070853,28.80936293071136,28.820328945759684,10.966015048325062,True,
5658,onnx_model_004,measure,28.80857245278599,28.80952817481011,28.82047655666247,10.94838185235858,True,
5659,onnx_model_002,measure,28.81745901268824,28.81780818477273,28.8287745998241,10.96641505137086,True,
5660,onnx_model_001,measure,28.821644388149625,28.822697668801993,28.83372863708064,11.03096827864647,True,
5661,onnx_model_003,measure,28.82455717467738,28.825159147847444,28.836058686021715,10.899538174271584,True,
5662,onnx_model_001,measure,28.82943159381682,28.83000224409625,28.83387375297025,3.871508873999119,True,
5663,onnx_model_002,measure,28.840078319303473,28.841278729029,28.85226964065805,10.99091162905097,True,
5664,onnx_model_009,measure,28.8416195745309,28.842723133973777,28.854024977888912,11.301843915134668,True,
5665,onnx_model_003,measure,28.845163794266366,28.846174906007946,28.85707021597773,10.89530996978283,True,
5666,onnx_model_001,measure,28.849229993087274,28.849613291677088,28.86056956788525,10.956276208162308,True,
5667,onnx_model_002,measure,28.849966277675144,28.851014795713127,28.85239243367687,1.3776379637420177,True,
5668,onnx_model_000,measure,28.852425918959145,28.853638712782413,28.86458615306765,10.947440285235643,True,
5669,onnx_model_007,measure,28.864293091355833,28.864680972881615,28.87597693502903,11.295962147414684,True,
5670,onnx_model_000,measure,28.870672348042973,28.871148176956922,28.882324510719627,11.176333762705326,True,
5671,onnx_model_009,measure,28.87695222623634,28.877217683941126,28.888373809866607,11.15612592548132,True,
5672,onnx_model_001,measure,28.877094378531055,28.87738557299599,28.888830647803843,11.445074807852507,True,
5673,onnx_model_000,measure,28.881262520428294,28.881928528659046,28.89290641574189,10.977887082844973,True,
5674,onnx_model_006,measure,28.886368944939058,28.887553249951452,28.898549512960017,10.99626300856471,True,
5675,onnx_model_000,measure,28.887836524693835,28.888471314683557,28.893019360955805,4.54804627224803,True,
5676,onnx_model_004,measure,28.891696310153254,28.892058725003153,28.90294931596145,10.890590958297253,True,
5677,onnx_model_001,measure,28.906993882291083,28.908192231785506,28.919158237054944,10.966005269438028,True,
5678,onnx_model_000,measure,28.92579889044671,28.926386226899922,28.93751699384302,11.130766943097115,True,
5679,onnx_model_001,measure,28.938198077806554,28.938798690680414,28.949908177834004,11.109487153589725,True,
5680,onnx_model_005,measure,28.94393706994902,28.944355833809823,28.955522399861366,11.166566051542759,True,
5681,onnx_model_009,measure,28.95065246202439,28.951211696024984,28.96230323985219,11.091543827205896,True,
5682,onnx_model_003,measure,28.97875255038924,28.979615597985685,28.990985810756683,11.370212770998478,True,
5683,onnx_model_001,measure,28.979373908271405,28.97980393609032,28.991039453074336,11.235516984015703,True,
5684,onnx_model_004,measure,28.9845863092537,28.985437435097992,28.99661141494289,11.173979844897985,True,
5685,onnx_model_000,measure,28.98739752981118,28.988009663764387,28.99922449188307,11.214828118681908,True,
5686,onnx_model_007,measure,28.999183261004294,28.999400946777314,29.010568955913186,11.168009135872126,True,
5687,onnx_model_008,measure,29.00973061330741,29.01068001706153,29.021830862853676,11.150845792144537,True,
5688,onnx_model_001,measure,29.032497432299973,29.03315489878878,29.04453677404672,11.3818752579391,True,
5689,onnx_model_009,measure,29.043369797606776,29.04370022378862,29.054797237738967,11.0970139503479,True,
5690,onnx_model_007,measure,29.043624527498277,29.04413220472634,29.055290705990046,11.158501263707876,True,
5691,onnx_model_002,measure,29.06929022375861,29.06959453597665,29.080669266637415,11.074730660766363,True,
5692,onnx_model_008,measure,29.07050673485155,29.071166994981468,29.082262475974858,11.095480993390083,True,
5693,onnx_model_004,measure,29.080278969841235,29.0807818910107,29.09193141479045,11.14952377974987,True,
5694,onnx_model_009,measure,29.08714974505137,29.087569162715226,29.098670294974,11.10113225877285,True,
5695,onnx_model_002,measure,29.092720868746643,29.093233429826796,29.104318380821496,11.084950994700193,True,
5696,onnx_model_008,measure,29.096261409666372,29.096779219806194,29.107917742803693,11.138522997498512,True,
5697,onnx_model_003,measure,29.098969283492167,29.099986315704882,29.11108311964199,11.096803937107325,True,
5698,onnx_model_001,measure,29.1097568145376,29.11022355593741,29.121333964634687,11.110408697277308,True,
5699,onnx_model_002,measure,29.11475185863472,29.11538551794365,29.12645133305341,11.06581510975957,True,
5700,onnx_model_006,measure,29.12157896492558,29.12263476802036,29.13370115403086,11.066386010497808,True,
5701,onnx_model_008,measure,29.132148621593483,29.132756006903946,29.143948542885482,11.192535981535912,True,
5702,onnx_model_002,measure,29.13907917729776,29.14001943403855,29.151053627952933,11.03419391438365,True,
5703,onnx_model_004,measure,29.14078467088624,29.14155986206606,29.152745224069804,11.185362003743649,True,
5704,onnx_model_003,measure,29.16010110422415,29.161053346004337,29.1724496986717,11.396352667361498,True,
5705,onnx_model_006,measure,29.170472354440374,29.171602838672698,29.18276241188869,11.159573215991259,True,
5706,onnx_model_000,measure,29.171609384044697,29.172020954079926,29.183305063750595,11.28410967066884,True,
5707,onnx_model_008,measure,29.171943966818986,29.172552013769746,29.183564957696944,11.012943927198648,True,
5708,onnx_model_002,measure,29.182084018442495,29.18289175769314,29.193946230690926,11.054472997784615,True,
5709,onnx_model_001,measure,29.191957939371953,29.194058313965797,29.20531478105113,11.256467085331678,True,
5710,onnx_model_006,measure,29.192292885231296,29.194241371937096,29.20548159768805,11.240225750952959,True,
5711,onnx_model_006,measure,29.19598461342061,29.19684280687943,29.20553616201505,8.69335513561964,True,
5712,onnx_model_004,measure,29.209350951117695,29.209831155836582,29.220994896721095,11.163740884512663,True,
5713,onnx_model_006,measure,29.214419008777043,29.2153913048096,29.22655622800812,11.164923198521137,True,
5714,onnx_model_007,measure,29.232422331013144,29.23287130193785,29.243939861655235,11.068559717386961,True,
5715,onnx_model_008,measure,29.23879828304262,29.23941444978118,29.25064860470593,11.234154924750328,True,
5716,onnx_model_004,measure,29.24139487733282,29.24197326367721,29.253018949646503,11.045685969293118,True,
5717,onnx_model_004,measure,29.24897476233274,29.250243193935603,29.25314115267247,2.8979587368667126,True,
5718,onnx_model_002,measure,29.26451516980385,29.265437786933035,29.27654193388298,11.10414694994688,True,
5719,onnx_model_009,measure,29.271388197859622,29.27199217583984,29.2830831380561,11.090962216258049,True,
5720,onnx_model_006,measure,29.27839117280215,29.27884552301839,29.290023209992796,11.177686974406242,True,
5721,onnx_model_001,measure,29.28028535959962,29.28140994766727,29.292414315976202,11.00436830893159,True,
5722,onnx_model_007,measure,29.28360742403842,29.28438577381894,29.295346219092607,10.960445273667574,True,
5723,onnx_model_000,measure,29.29035155896586,29.29130226187408,29.30242231907323,11.120057199150324,True,
5724,onnx_model_000,measure,29.300559189964183,29.301579346880317,29.312580518890172,11.001172009855509,True,
5725,onnx_model_001,measure,29.31315971777454,29.313899334985763,29.325059690047055,11.160355061292648,True,
5726,onnx_model_006,measure,29.31389898168287,29.31430715089664,29.325661404058337,11.35425316169858,True,
5727,onnx_model_004,measure,29.31403863309033,29.314473937731236,29.325709224678576,11.235286947339773,True,
5728,onnx_model_006,measure,29.322968651129905,29.325171772856265,29.336128369905055,10.956597048789263,True,
5729,onnx_model_003,measure,29.325282216682744,29.32580423494801,29.33662354107946,10.819306131452322,True,
5730,onnx_model_005,measure,29.326248103355564,29.327311791013926,29.338518322911114,11.206531897187233,True,
5731,onnx_model_001,measure,29.327746141806973,29.328793516848236,29.33974538464099,10.951867792755365,True,
5732,onnx_model_004,measure,29.33075885466812,29.331263662781566,29.342168310657144,10.904647875577211,True,
5733,onnx_model_001,measure,29.337396282875822,29.337870391085744,29.339914426673204,2.0440355874598026,True,
5734,onnx_model_004,measure,29.337548817304956,29.338051395025104,29.34263981692493,4.5884218998253345,True,
5735,onnx_model_001,measure,29.338283347583683,29.338655624073,29.33995547471568,1.2998506426811218,True,
5736,onnx_model_006,measure,29.34135374405346,29.342265505809337,29.35309258569032,10.827079880982637,True,
5737,onnx_model_000,measure,29.3603267319363,29.361268457956612,29.372241877019405,10.973419062793255,True,
5738,onnx_model_003,measure,29.36209675914973,29.362571864854544,29.373486892785877,10.915027931332588,True,
5739,onnx_model_005,measure,29.364356161175355,29.364928754977882,29.375814687926322,10.885932948440313,True,
5740,onnx_model_003,measure,29.373037899520934,29.373603044077754,29.384716518688947,11.113474611192942,True,
5741,onnx_model_008,measure,29.373278357702436,29.373767385724932,29.38496666494757,11.199279222637415,True,
5742,onnx_model_008,measure,29.378794100724036,29.3790340279229,29.384997362736613,5.963334813714027,True,
5743,onnx_model_004,measure,29.380671075691854,29.3814701680094,29.39249616675079,11.025998741388321,True,
5744,onnx_model_003,measure,29.381439009953255,29.38181509403512,29.384926518891007,3.11142485588789,True,
5745,onnx_model_009,measure,29.38614629867504,29.387228864710778,29.398183196783066,10.954332072287798,True,
5746,onnx_model_005,measure,29.388859934143703,29.389661950059235,29.40081300586462,11.151055805385113,True,
5747,onnx_model_009,measure,29.393844239865874,29.394716788083315,29.39828740572557,3.5706176422536373,True,
5748,onnx_model_006,measure,29.400048277385192,29.40050934907049,29.411367408931255,10.858059860765934,True,
5749,onnx_model_008,measure,29.430133972650722,29.43057286599651,29.44145378889516,10.88092289865017,True,
5750,onnx_model_009,measure,29.43046652978312,29.43068433785811,29.441548659000546,10.864321142435074,True,
5751,onnx_model_001,measure,29.433496851922758,29.434071115683764,29.444668910000473,10.597794316709042,True,
5752,onnx_model_009,measure,29.43449536331231,29.435427844990045,29.44157214369625,6.144298706203699,True,
5753,onnx_model_009,measure,29.434674037087568,29.43554886477068,29.441624342929572,6.075478158891201,True,
5754,onnx_model_000,measure,29.436531488643695,29.436916884966195,29.4475257107988,10.608825832605362,True,
5755,onnx_model_009,measure,29.44586025186968,29.446824538055807,29.457437751814723,10.613213758915663,True,
5756,onnx_model_001,measure,29.44721382230916,29.44758427189663,29.458198067732155,10.613795835524797,True,
5757,onnx_model_008,measure,29.447576841935582,29.44780100369826,29.45836460404098,10.563600342720747,True,
5758,onnx_model_000,measure,29.45361292416208,29.45409086998552,29.464682372752577,10.591502767056227,True,
5759,onnx_model_001,measure,29.45905239614056,29.459514420013875,29.470219588838518,10.705168824642897,True,
5760,onnx_model_004,measure,29.472619426424142,29.473371980711818,29.484239097684622,10.86711697280407,True,
5761,onnx_model_002,measure,29.47472502692022,29.475655402056873,29.486474867910147,10.819465853273869,True,
5762,onnx_model_005,measure,29.48073409699716,29.480972848832607,29.491753011010587,10.780162177979946,True,
5763,onnx_model_000,measure,29.485321238405447,29.486540873069316,29.497435732744634,10.894859675318003,True,
5764,onnx_model_002,measure,29.490110461754934,29.490901922807097,29.501798185054213,10.896262247115374,True,
5765,onnx_model_000,measure,29.490979593112158,29.491143581923097,29.497479516081512,6.335934158414602,True,
5766,onnx_model_009,measure,29.49890342237914,29.49967676308006,29.51041762996465,10.740866884589195,True,
5767,onnx_model_007,measure,29.500971742854396,29.50187437981367,29.512904297094792,11.029917281121016,True,
5768,onnx_model_008,measure,29.50097224227974,29.501983056776226,29.51315566385165,11.172607075423002,True,
5769,onnx_model_003,measure,29.501365619368148,29.502071694936603,29.513181433081627,11.109738145023584,True,
5770,onnx_model_006,measure,29.504793169625188,29.50549040408805,29.516250296961516,10.759892873466015,True,
5771,onnx_model_003,measure,29.50951794901008,29.509831144940108,29.513200981076807,3.369836136698723,True,
5772,onnx_model_001,measure,29.512180965202372,29.512618503067642,29.523491420783103,10.872917715460062,True,
5773,onnx_model_005,measure,29.51449909825676,29.5154030257836,29.526144464034587,10.741438250988722,True,
5774,onnx_model_001,measure,29.51598700278079,29.516310981940478,29.523611128795892,7.300146855413914,True,
5775,onnx_model_004,measure,29.51733268847285,29.51760355895385,29.528283060062677,10.679501108825207,True,
5776,onnx_model_009,measure,29.536311786894967,29.53844028664753,29.549541448708624,11.101162061095238,True,
5777,onnx_model_003,measure,29.53750482281403,29.538540076930076,29.549247730057687,10.707653127610683,True,
5778,onnx_model_008,measure,29.539422206014567,29.539872128982097,29.55054357368499,10.671444702893496,True,
5779,onnx_model_009,measure,29.544738552041746,29.545155161060393,29.549568970687687,4.41380962729454,True,
5780,onnx_model_000,measure,29.547111713862062,29.547444873023778,29.558119263965636,10.674390941858292,True,
5781,onnx_model_005,measure,29.54895775485505,29.549304507672787,29.559990871697664,10.686364024877548,True,
5782,onnx_model_009,measure,29.564515028077867,29.56518497504294,29.57603956805542,10.854593012481928,True,
5783,onnx_model_005,measure,29.568378020578002,29.56952691776678,29.580336435697973,10.809517931193113,True,
5784,onnx_model_006,measure,29.5699649121052,29.570872706826776,29.581662766635418,10.790059808641672,True,
5785,onnx_model_002,measure,29.572427088329512,29.573213746771216,29.583993426989764,10.779680218547583,True,
5786,onnx_model_002,measure,29.58438264708773,29.585162088740617,29.596109016798437,10.946928057819605,True,
5787,onnx_model_005,measure,29.591854061130086,29.592500026803464,29.60329516697675,10.7951401732862,True,
5788,onnx_model_007,measure,29.59545589704782,29.595874691847712,29.606617762707174,10.743070859462023,True,
5789,onnx_model_000,measure,29.599154127693637,29.600310623645782,29.611354135908186,11.043512262403965,True,
5790,onnx_model_000,measure,29.60904936520605,29.609794350806624,29.611384653951973,1.5903031453490257,True,
5791,onnx_model_004,measure,29.610324334049725,29.611102467868477,29.622012866660953,10.910398792475462,True,
5792,onnx_model_005,measure,29.61215261138307,29.6125395600684,29.623240349814296,10.700789745897055,True,
5793,onnx_model_001,measure,29.616910749315707,29.617824354674667,29.628538109827787,10.713755153119564,True,
5794,onnx_model_004,measure,29.618241144741866,29.619113344699144,29.622088440693915,2.975095994770527,True,
5795,onnx_model_005,measure,29.6203860450465,29.62139250803739,29.623311535920948,1.9190278835594654,True,
5796,onnx_model_009,measure,29.62372807337094,29.624461901839823,29.635238556656986,10.776654817163944,True,
5797,onnx_model_007,measure,29.632985318918507,29.63370316894725,29.644499690737575,10.796521790325642,True,
5798,onnx_model_007,measure,29.63503057725493,29.63529624696821,29.644587808754295,9.291561786085367,True,
5799,onnx_model_008,measure,29.63952667593387,29.640578747726977,29.651306259911507,10.727512184530497,True,
5800,onnx_model_004,measure,29.641247683804146,29.641852369066328,29.652534634806216,10.682265739887953,True,
5801,onnx_model_006,measure,29.64887055377667,29.649739562068135,29.66049979487434,10.76023280620575,True,
5802,onnx_model_006,measure,29.652602045034033,29.65369005082175,29.660585158038884,6.895107217133045,True,
5803,onnx_model_006,measure,29.652758361210214,29.653786364011467,29.660606688819826,6.820324808359146,True,
5804,onnx_model_000,measure,29.657572774852834,29.658121403772384,29.668812526855618,10.691123083233833,True,
5805,onnx_model_008,measure,29.668722921412115,29.668890855740756,29.679543764796108,10.652909055352211,True,
5806,onnx_model_004,measure,29.67088943693641,29.671174375806004,29.68191773770377,10.74336189776659,True,
5807,onnx_model_000,measure,29.676347359628295,29.677476204931736,29.68817884894088,10.702644009143114,True,
5808,onnx_model_006,measure,29.67947534953351,29.679651208687574,29.690371106844395,10.719898156821728,True,
5809,onnx_model_002,measure,29.680371123813433,29.680979383643717,29.69177645770833,10.797074064612389,True,
5810,onnx_model_002,measure,29.68478627419133,29.685101539827883,29.69185299286619,6.751453038305044,True,
5811,onnx_model_003,measure,29.687786694414104,29.68824933283031,29.69901740178466,10.768068954348564,True,
5812,onnx_model_002,measure,29.693461611830976,29.6940478249453,29.70474866591394,10.700840968638659,True,
5813,onnx_model_000,measure,29.695641735447335,29.696399616077542,29.707183674909174,10.784058831632137,True,
5814,onnx_model_008,measure,29.701753948906614,29.702197776641697,29.712937362026423,10.739585384726524,True,
5815,onnx_model_002,measure,29.708463420439838,29.709366373717785,29.720119894947857,10.753521230071783,True,
5816,onnx_model_008,measure,29.72020033465375,29.721297663636506,29.732071031816304,10.773368179798126,True,
5817,onnx_model_000,measure,29.724656366269453,29.725644927006215,29.736490522976965,10.845595970749855,True,
5818,onnx_model_003,measure,29.725607112671298,29.72592359688133,29.73681947775185,10.895880870521069,True,
5819,onnx_model_006,measure,29.73211698109422,29.733264720998704,29.744227970950305,10.963249951601028,True,
5820,onnx_model_003,measure,29.73253138769048,29.733387033920735,29.736877128016204,3.490094095468521,True,
5821,onnx_model_003,measure,29.738521245123955,29.739060818683356,29.74995674099773,10.895922314375639,True,
5822,onnx_model_003,measure,29.74403537598579,29.7443235530518,29.750070907641202,5.747354589402676,True,
5823,onnx_model_008,measure,29.757983229670423,29.758274972904474,29.76905587501824,10.780902113765478,True,
5824,onnx_model_007,measure,29.760549645227492,29.761683952994645,29.77260666480288,10.922711808234453,True,
5825,onnx_model_005,measure,29.764544014378604,29.765174488071352,29.776050921995193,10.876433923840523,True,
5826,onnx_model_004,measure,29.773967111359465,29.774851882830262,29.78587885387242,11.02697104215622,True,
5827,onnx_model_009,measure,29.77594495731689,29.776169907767326,29.787161100655794,10.991192888468504,True,
5828,onnx_model_004,measure,29.78645026490001,29.787271410692483,29.798413259908557,11.141849216073751,True,
5829,onnx_model_004,measure,29.7909416304278,29.791796050965786,29.7984658498317,6.669798865914345,True,
5830,onnx_model_000,measure,29.79300274617429,29.793344574980438,29.804299267940223,10.954692959785461,True,
5831,onnx_model_005,measure,29.796276773314936,29.796897878870368,29.808009871747345,11.111992876976728,True,
5832,onnx_model_009,measure,29.799916187977875,29.80071599688381,29.811834963038564,11.118966154754162,True,
5833,onnx_model_002,measure,29.800249133559856,29.80093037476763,29.812003552913666,11.07317814603448,True,
5834,onnx_model_003,measure,29.8017183330027,29.802467475645244,29.81363848084584,11.171005200594664,True,
5835,onnx_model_009,measure,29.80212580760982,29.80263414280489,29.812040463089943,9.406320285052061,True,
5836,onnx_model_004,measure,29.804532516129143,29.80552691174671,29.816365223843604,10.838312096893787,True,
5837,onnx_model_004,measure,29.812463838174878,29.81325479084626,29.816486884839833,3.232093993574381,True,
5838,onnx_model_001,measure,29.81824191001793,29.818703949917108,29.829536901786923,10.832951869815588,True,
5839,onnx_model_007,measure,29.820161528786027,29.821158895734698,29.832051120698452,10.892224963754416,True,
5840,onnx_model_004,measure,29.822516047333092,29.823600506875664,29.834639189764857,11.038682889193296,True,
5841,onnx_model_002,measure,29.833960317196908,29.834269346669316,29.845122837927192,10.853491257876158,True,
5842,onnx_model_002,measure,29.843256987888175,29.844829520676285,29.855759997852147,10.930477175861597,True,
5843,onnx_model_004,measure,29.846500183010445,29.847306608688086,29.85817665187642,10.870043188333511,True,
5844,onnx_model_000,measure,29.8494292975013,29.84965390106663,29.860522720962763,10.868819896131754,True,
5845,onnx_model_002,measure,29.851226897470347,29.852098437957466,29.85620689764619,4.108459688723087,True,
5846,onnx_model_001,measure,29.852273363034886,29.852446789853275,29.863301422912627,10.854633059352636,True,
5847,onnx_model_002,measure,29.85465926864998,29.855873433873057,29.866747583728284,10.874149855226278,True,
5848,onnx_model_006,measure,29.856270021859967,29.85742220794782,29.868477050680667,11.054842732846737,True,
5849,onnx_model_001,measure,29.86763566067353,29.86809519585222,29.879065157845616,10.969961993396282,True,
5850,onnx_model_009,measure,29.868862541296092,29.869694134686142,29.880666421726346,10.97228704020381,True,
5851,onnx_model_000,measure,29.873429861041423,29.87413208093494,29.884981243871152,10.849162936210632,True,
5852,onnx_model_002,measure,29.874607476661783,29.87555247079581,29.886533353943378,10.98088314756751,True,
5853,onnx_model_002,measure,29.876115678687274,29.87698465306312,29.886644364800304,9.659711737185717,True,
5854,onnx_model_009,measure,29.876202553507547,29.877143355086446,29.88080188864842,3.658533561974764,True,
5855,onnx_model_008,measure,29.87852000571817,29.879160007927567,29.8900622818619,10.902273934334517,True,
5856,onnx_model_009,measure,29.8849062503396,29.885139253921807,29.896104456856847,10.965202935039997,True,
5857,onnx_model_000,measure,29.893726163325233,29.8942832457833,29.905186681076884,10.903435293585062,True,
5858,onnx_model_002,measure,29.897683128233282,29.898327682632953,29.909322782885283,10.995100252330303,True,
5859,onnx_model_004,measure,29.90861529577723,29.9094174830243,29.920364222023636,10.946738999336958,True,
5860,onnx_model_009,measure,29.925296297533666,29.92558690905571,29.93671102495864,11.124115902930498,True,
5861,onnx_model_009,measure,29.932430157895634,29.933027503080666,29.93719147797674,4.163974896073341,True,
5862,onnx_model_006,measure,29.933527974395695,29.93446449469775,29.94556589704007,11.101402342319489,True,
5863,onnx_model_001,measure,29.935876839846657,29.936808108817786,29.947736121714115,10.928012896329165,True,
5864,onnx_model_006,measure,29.93688971798113,29.937323960009962,29.946015260647982,8.691300638020039,True,
5865,onnx_model_007,measure,29.944960284019725,29.945659884717315,29.95658957073465,10.929686017334461,True,
5866,onnx_model_009,measure,29.952925273475426,29.9539857218042,29.965161023661494,11.175301857292652,True,
5867,onnx_model_005,measure,29.953521232196948,29.954166434705257,29.965600749943405,11.434315238147974,True,
5868,onnx_model_007,measure,29.961632522237952,29.962821546941996,29.973897150717676,11.075603775680065,True,
5869,onnx_model_000,measure,29.962233849167298,29.963006970006973,29.974050311837345,11.04334183037281,True,
5870,onnx_model_009,measure,29.964385552497706,29.96525715664029,29.976174589712173,10.917433071881533,True,
5871,onnx_model_002,measure,29.96679552468853,29.967828614637256,29.978927202057093,11.098587419837713,True,
5872,onnx_model_004,measure,29.969116604212957,29.970282438676804,29.98116896301508,10.886524338275194,True,
5873,onnx_model_002,measure,29.97051461034657,29.971716234926134,29.978972367942333,7.2561330161988735,True,
5874,onnx_model_006,measure,29.97785647329649,29.978394318837672,29.989330486860126,10.936168022453785,True,
5875,onnx_model_003,measure,29.980064179679026,29.981263151858002,29.992220820859075,10.957669001072645,True,
5876,onnx_model_007,measure,29.98380295833302,29.984712498728186,29.99582467181608,11.112173087894917,True,
5877,onnx_model_005,measure,29.994349535782373,29.99544147308916,30.00651245797053,11.07098488137126,True,
5878,onnx_model_005,measure,29.998425775440968,29.999062024988234,30.006661590654403,7.599565666168928,True,
5879,onnx_model_008,measure,30.006377452230808,30.006758105009794,30.018054416868836,11.296311859041452,True,
5880,onnx_model_003,measure,30.01434918820127,30.015226451680064,30.02627030480653,11.043853126466274,True,
5881,onnx_model_004,measure,30.017029271607857,30.017695073969662,30.02893101191148,11.23593794181943,True,
5882,onnx_model_005,measure,30.018308212780806,30.01927937567234,30.030212577898055,10.933202225714922,True,
5883,onnx_model_004,measure,30.02170915559815,30.022713833954185,30.02897626766935,6.262433715164661,True,
5884,onnx_model_003,measure,30.027671865223112,30.028493590652943,30.03936213068664,10.868540033698082,True,
5885,onnx_model_006,measure,30.03014546147458,30.030374575871974,30.041338035836816,10.963459964841604,True,
5886,onnx_model_009,measure,30.031106296133885,30.03181699803099,30.042682932689786,10.865934658795595,True,
5887,onnx_model_004,measure,30.034627299457913,30.035270522814244,30.046152227092534,10.881704278290272,True,
5888,onnx_model_004,measure,30.040322867836778,30.04066294291988,30.046274298802018,5.611355882138014,True,
5889,onnx_model_005,measure,30.047333580278952,30.048495281022042,30.059551757760346,11.0564767383039,True,
5890,onnx_model_007,measure,30.058355403368314,30.058955133892596,30.069919294677675,10.964160785079002,True,
5891,onnx_model_004,measure,30.06139423791241,30.06178408069536,30.072710650973022,10.926570277661085,True,
5892,onnx_model_000,measure,30.07072517508921,30.071165674831718,30.082232290878892,11.066616047173738,True,
5893,onnx_model_002,measure,30.071609809489832,30.07280934881419,30.08379070274532,10.981353931128979,True,
5894,onnx_model_001,measure,30.078569907958457,30.079273947048932,30.090473665855825,11.199718806892633,True,
5895,onnx_model_006,measure,30.079000868673308,30.079442387912422,30.091021697968245,11.579310055822134,True,
5896,onnx_model_003,measure,30.0791936345567,30.079883645754308,30.091104194987565,11.22054923325777,True,
5897,onnx_model_002,measure,30.081173339491546,30.082328964956105,30.08425517566502,1.9262107089161873,True,
5898,onnx_model_006,measure,30.08348405020047,30.083904559724033,30.091069207992405,7.1646482683718204,True,
5899,onnx_model_004,measure,30.08782855474193,30.088495525997132,30.10003649396822,11.540967971086502,True,
5900,onnx_model_005,measure,30.08823532251881,30.088661462068558,30.099870177917182,11.208715848624706,True,
5901,onnx_model_000,measure,30.088336354802728,30.08881159685552,30.100108390673995,11.296793818473816,True,
5902,onnx_model_006,measure,30.090113542158942,30.090572393964976,30.10172772873193,11.155334766954184,True,
5903,onnx_model_004,measure,30.09430631540532,30.095343773718923,30.100075768772513,4.731995053589344,True,
5904,onnx_model_003,measure,30.096763497332127,30.09779042378068,30.108674483839422,10.884060058742762,True,
5905,onnx_model_000,measure,30.10074704131939,30.101341544650495,30.112700737081468,11.359192430973053,True,
5906,onnx_model_002,measure,30.11169928064543,30.111932076048106,30.123135392088443,11.203316040337086,True,
5907,onnx_model_009,measure,30.11207676018037,30.11232975171879,30.123264256864786,10.934505145996809,True,
5908,onnx_model_005,measure,30.11457087269937,30.11494165705517,30.126061514019966,11.119856964796782,True,
5909,onnx_model_004,measure,30.11859772802609,30.119489390868694,30.130333865061402,10.84447419270873,True,
5910,onnx_model_005,measure,30.119823766887425,30.120939116925,30.126206549815834,5.267432890832424,True,
5911,onnx_model_006,measure,30.120826557359184,30.121291616931558,30.132081476971507,10.789860039949417,True,
5912,onnx_model_007,measure,30.12192335417803,30.122718228958547,30.13357695005834,10.858721099793911,True,
5913,onnx_model_008,measure,30.124024513643228,30.124486770946532,30.135367402806878,10.880631860345602,True,
5914,onnx_model_003,measure,30.13427097434707,30.134793092031032,30.145909212063998,11.116120032966137,True,
5915,onnx_model_003,measure,30.138284819547987,30.138592302799225,30.146023438777775,7.431135978549719,True,
5916,onnx_model_008,measure,30.14232637406391,30.143037071917206,30.153916041832417,10.8789699152112,True,
5917,onnx_model_003,measure,30.163914442510723,30.164154923986644,30.17541002901271,11.255105026066303,True,
5918,onnx_model_007,measure,30.172281049662843,30.172598764766008,30.183604835998267,11.006071232259274,True,
5919,onnx_model_006,measure,30.174130321216595,30.175032721832395,30.18596857879311,10.935856960713863,True,
5920,onnx_model_004,measure,30.176718932105985,30.177634306717664,30.18864992586896,11.015619151294231,True,
5921,onnx_model_003,measure,30.179046821603272,30.180091137066483,30.191163553856313,11.072416789829731,True,
5922,onnx_model_009,measure,30.179231750493283,30.180254166945815,30.191307707689703,11.053540743887424,True,
5923,onnx_model_001,measure,30.18186749842229,30.182764688972384,30.193694935645908,10.93024667352438,True,
5924,onnx_model_001,measure,30.186436058189706,30.187187084928155,30.193808771669865,6.621686741709709,True,
5925,onnx_model_003,measure,30.188161777029993,30.188744395039976,30.1913457098417,2.601314801722765,True,
5926,onnx_model_007,measure,30.201700800047675,30.20204324508086,30.212973350659013,10.930105578154325,True,
5927,onnx_model_004,measure,30.208202307449643,30.208496931940317,30.219493434764445,10.996502824127674,True,
5928,onnx_model_004,measure,30.20915817475135,30.209953400772065,30.21960105979815,9.64765902608633,True,
5929,onnx_model_003,measure,30.210964682010882,30.21138690598309,30.222212333697826,10.82542771473527,True,
5930,onnx_model_001,measure,30.214132536350515,30.215203770902008,30.226100193802267,10.896422900259495,True,
5931,onnx_model_002,measure,30.216770121542837,30.217646213714033,30.22858554776758,10.93933405354619,True,
5932,onnx_model_009,measure,30.224262761832946,30.225453063845634,30.23635484604165,10.90178219601512,True,
5933,onnx_model_003,measure,30.234006977131394,30.234825999941677,30.245954002719373,11.128002777695656,True,
5934,onnx_model_003,measure,30.237128391331943,30.237575546838343,30.246069201733917,8.493654895573854,True,
5935,onnx_model_002,measure,30.242455966987396,30.243021147791296,30.25431473599747,11.29358820617199,True,
5936,onnx_model_006,measure,30.24285666133426,30.243187454063445,30.254183135926723,10.99568186327815,True,
5937,onnx_model_005,measure,30.2430884748985,30.243626738898456,30.254584808833897,10.958069935441017,True,
5938,onnx_model_004,measure,30.24793840220959,30.248293180018663,30.259292186703533,10.999006684869528,True,
5939,onnx_model_005,measure,30.25504560461931,30.255807002075016,30.26705662580207,11.249623727053404,True,
5940,onnx_model_003,measure,30.25539707855467,30.255989608820528,30.267171013634652,11.181404814124107,True,
5941,onnx_model_000,measure,30.258639026833727,30.25938876066357,30.27035440504551,10.965644381940365,True,
5942,onnx_model_007,measure,30.262500469677164,30.26282933074981,30.273763454984874,10.934124235063791,True,
5943,onnx_model_000,measure,30.270000981667874,30.270448493771255,30.281317143701017,10.868649929761887,True,
5944,onnx_model_009,measure,30.283375965573292,30.28453766508028,30.295469905715436,10.932240635156631,True,
5945,onnx_model_007,measure,30.290509712945443,30.29099883697927,30.302013705018908,11.014868039637804,True,
5946,onnx_model_000,measure,30.290729212999405,30.29116475302726,30.302128843963146,10.964090935885906,True,
5947,onnx_model_006,measure,30.298010671481023,30.298694205004722,30.309580367989838,10.886162985116243,True,
5948,onnx_model_004,measure,30.30477526377136,30.30534879397601,30.31634784163907,10.999047663062811,True,
5949,onnx_model_003,measure,30.309504570730883,30.309730543754995,30.321628369856626,11.897826101630926,True,
5950,onnx_model_003,measure,30.31289621606223,30.3131884066388,30.321676180697978,8.487774059176445,True,
5951,onnx_model_000,measure,30.314111393265815,30.314619085751474,30.325546987820417,10.927902068942785,True,
5952,onnx_model_008,measure,30.317561446609723,30.3185690138489,30.32965837372467,11.089359875768423,True,
5953,onnx_model_008,measure,30.319755934210768,30.32001020386815,30.329700072761625,9.68986889347434,True,
5954,onnx_model_003,measure,30.323430463076562,30.323917720932513,30.33480206085369,10.884339921176434,True,
5955,onnx_model_007,measure,30.328761478431662,30.32979051489383,30.34062061086297,10.83009596914053,True,
5956,onnx_model_005,measure,30.33282388674332,30.333247114904225,30.344236854929477,10.989740025252104,True,
5957,onnx_model_006,measure,30.33610719334113,30.337025346700102,30.347791932988912,10.766586288809776,True,
5958,onnx_model_004,measure,30.337807944764045,30.338466866873205,30.34971362585202,11.246758978813887,True,
5959,onnx_model_003,measure,30.33788378631413,30.33863154007122,30.34959875792265,10.967217851430178,True,
5960,onnx_model_009,measure,30.357927575518016,30.359963729977608,30.37084750784561,10.883777868002653,True,
5961,onnx_model_001,measure,30.36365469387169,30.364413297735155,30.375314669683576,10.901371948421001,True,
5962,onnx_model_005,measure,30.38096460592485,30.381535885855556,30.39249877491966,10.962889064103365,True,
5963,onnx_model_002,measure,30.384628816401346,30.38498718570918,30.39612494688481,11.137761175632477,True,
5964,onnx_model_001,measure,30.38737393269147,30.388422606047243,30.399341340642422,10.918734595179558,True,
5965,onnx_model_005,measure,30.395896041905523,30.39622155064717,30.40726342983544,11.041879188269377,True,
5966,onnx_model_003,measure,30.396633764332126,30.39766652788967,30.408737041056156,11.070513166487217,True,
5967,onnx_model_003,measure,30.40911100640109,30.409975244663656,30.421299400739372,11.324156075716019,True,
5968,onnx_model_000,measure,30.409869088365134,30.410339998081326,30.421511052642018,11.171054560691118,True,
5969,onnx_model_001,measure,30.412547342022762,30.412772842682898,30.42363739479333,10.864552110433578,True,
5970,onnx_model_000,measure,30.41739759897231,30.418239363934845,30.42155090905726,3.3115451224148273,True,
5971,onnx_model_006,measure,30.41795940240218,30.418403415940702,30.42949823476374,11.094818823039532,True,
5972,onnx_model_006,measure,30.42046641154862,30.420982958748937,30.42995820986107,8.975251112133265,True,
5973,onnx_model_009,measure,30.424660826785672,30.42489210003987,30.435905424878,11.013324838131666,True,
5974,onnx_model_001,measure,30.426658262080537,30.427340222988278,30.438386760652065,11.046537663787603,True,
5975,onnx_model_003,measure,30.428961294874668,30.42959518963471,30.440535977017134,10.940787382423878,True,
5976,onnx_model_003,measure,30.430692026509238,30.431183628737926,30.440578476991504,9.394848253577948,True,
5977,onnx_model_006,measure,30.436109445039822,30.4371497198008,30.44797107996419,10.821360163390636,True,
5978,onnx_model_009,measure,30.442269776272386,30.442801953759044,30.453487725928426,10.68577216938138,True,
5979,onnx_model_003,measure,30.452112546620505,30.453154552727938,30.463946766685694,10.792213957756758,True,
5980,onnx_model_005,measure,30.455955923958815,30.456650567706674,30.467417263891548,10.766696184873581,True,
5981,onnx_model_001,measure,30.45980328924842,30.460955551825464,30.47170626698062,10.750715155154467,True,
5982,onnx_model_006,measure,30.464961940033078,30.466168650891632,30.47694947384298,10.780822951346636,True,
5983,onnx_model_005,measure,30.47352073034109,30.473940663971007,30.484884596895427,10.943932924419641,True,
5984,onnx_model_004,measure,30.47945357355007,30.480174724012613,30.491485103964806,11.310379952192307,True,
5985,onnx_model_003,measure,30.479912224728405,30.480335579719394,30.491337082814425,11.001503095030785,True,
5986,onnx_model_001,measure,30.481101641881985,30.481853294651955,30.49274800485,10.894710198044777,True,
5987,onnx_model_009,measure,30.483202530182623,30.484306599013507,30.495194935705513,10.888336692005396,True,
5988,onnx_model_007,measure,30.486688291149353,30.48710953677073,30.497937869746238,10.828332975506783,True,
5989,onnx_model_004,measure,30.487383394256195,30.488548822700977,30.49152246490121,2.973642200231552,True,
5990,onnx_model_009,measure,30.500655100584094,30.501182817853987,30.51193718984723,10.754371993243694,True,
5991,onnx_model_008,measure,30.501994309421278,30.502633756026626,30.513622543774545,10.98878774791956,True,
5992,onnx_model_008,measure,30.50227101734907,30.50279873982072,30.513906994834542,11.10825501382351,True,
5993,onnx_model_009,measure,30.50644611131169,30.507332286797464,30.512002173811197,4.669887013733387,True,
5994,onnx_model_002,measure,30.507385975460537,30.507688393816352,30.518523439764977,10.835045948624611,True,
5995,onnx_model_004,measure,30.513302327367843,30.51369292801246,30.524322943761945,10.6300157494843,True,
5996,onnx_model_004,measure,30.526369261618857,30.5274752760306,30.53818703768775,10.7117616571486,True,
5997,onnx_model_006,measure,30.541844658649097,30.542352866847068,30.55327437678352,10.921509936451912,True,
5998,onnx_model_001,measure,30.546095601234338,30.546658731997013,30.55754967406392,10.890942066907883,True,
5999,onnx_model_004,measure,30.54721710031631,30.547977548092604,30.55860707303509,10.629524942487478,True,
6000,onnx_model_000,measure,30.54827002027576,30.549313487950712,30.560200321953744,10.886834003031254,True,
6001,onnx_model_002,measure,30.55908617427988,30.55982550000772,30.570760645903647,10.935145895928144,True,
6002,onnx_model_007,measure,30.56035355440815,30.561422404833138,30.572338073980063,10.915669146925211,True,
6003,onnx_model_007,measure,30.561417482476042,30.56177749997005,30.572382367681712,10.604867711663246,True,
6004,onnx_model_001,measure,30.563474909270138,30.56429280107841,30.57522201584652,10.929214768111706,True,
6005,onnx_model_002,measure,30.57019239548615,30.57087762793526,30.58192690089345,11.049272958189249,True,
6006,onnx_model_004,measure,30.576424921017985,30.577443439047784,30.58842584490776,10.982405859977007,True,
6007,onnx_model_006,measure,30.584022002851928,30.585168602876365,30.596312046051025,11.143443174660206,True,
6008,onnx_model_004,measure,30.584213490452356,30.585332164075226,30.588562273886055,3.2301098108291626,True,
6009,onnx_model_007,measure,30.584467572416862,30.58547703968361,30.596525721717626,11.048682034015656,True,
6010,onnx_model_007,measure,30.585468980685583,30.586009902879596,30.59658470377326,10.57480089366436,True,
6011,onnx_model_001,measure,30.585819251553637,30.586176909971982,30.59712563175708,10.948721785098314,True,
6012,onnx_model_002,measure,30.59166734926312,30.592791893985122,30.603957407642156,11.165513657033443,True,
6013,onnx_model_008,measure,30.591971098803615,30.59297631494701,30.604071896057576,11.095581110566854,True,
6014,onnx_model_009,measure,30.600229240768734,30.60134767787531,30.612262083683163,10.914405807852745,True,
6015,onnx_model_005,measure,30.60136715623559,30.601708783768117,30.612784086726606,11.075302958488464,True,
6016,onnx_model_005,measure,30.604366386434226,30.605290953069925,30.612844220828265,7.5532677583396435,True,
6017,onnx_model_009,measure,30.610590397964135,30.611729993019253,30.622657934669405,10.927941650152206,True,
6018,onnx_model_005,measure,30.63162702344752,30.632891146931797,30.643889493774623,10.998346842825413,True,
6019,onnx_model_003,measure,30.63290434488767,30.633248256053776,30.644281007815152,11.032751761376858,True,
6020,onnx_model_004,measure,30.633332754771953,30.633593983016908,30.644558175001293,10.964191984385252,True,
6021,onnx_model_008,measure,30.6337175143871,30.633959898725152,30.644780558068305,10.820659343153238,True,
6022,onnx_model_001,measure,30.638849087100127,30.639391843695194,30.650333472993225,10.94162929803133,True,
6023,onnx_model_001,measure,30.650892347746037,30.651550796814263,30.66262671072036,11.075913906097412,True,
6024,onnx_model_001,measure,30.654484299910273,30.655010141897947,30.662670904770494,7.660762872546911,True,
6025,onnx_model_004,measure,30.656383601040798,30.65744525101036,30.668361861724406,10.916610714048147,True,
6026,onnx_model_008,measure,30.658611800739862,30.658890077844262,30.669796850066632,10.90677222236991,True,
6027,onnx_model_006,measure,30.663988242914133,30.664927795063704,30.67588700680062,10.959211736917496,True,
6028,onnx_model_006,measure,30.674337358227792,30.675020318944007,30.686007123906165,10.986804962158203,True,
6029,onnx_model_000,measure,30.6826425531999,30.683113764040172,30.694142076652497,11.028312612324953,True,
6030,onnx_model_009,measure,30.687042753905004,30.688240820076317,30.699372578877956,11.13175880163908,True,
6031,onnx_model_003,measure,30.687168676697247,30.68840718595311,30.699538504704833,11.131318751722574,True,
6032,onnx_model_004,measure,30.68915738682787,30.689935822039843,30.700759595725685,10.823773685842752,True,
6033,onnx_model_002,measure,30.69103458586398,30.691372842993587,30.70223595201969,10.863109026104212,True,
6034,onnx_model_003,measure,30.695701956896702,30.69636727683246,30.69957741908729,3.2101422548294067,True,
6035,onnx_model_000,measure,30.700736845031873,30.700924810022116,30.711779021658003,10.854211635887623,True,
6036,onnx_model_002,measure,30.70916895668013,30.709459793753922,30.72077483171597,11.315037962049246,True,
6037,onnx_model_001,measure,30.71333310849983,30.71402418985963,30.725024200044572,11.000010184943676,True,
6038,onnx_model_008,measure,30.71425604600096,30.71546751400456,30.72649079700932,11.023283004760742,True,
6039,onnx_model_006,measure,30.718235538606912,30.71891377493739,30.729941275902092,11.027500964701176,True,
6040,onnx_model_007,measure,30.71995225525532,30.720362026710063,30.731089449021965,10.727422311902046,True,
6041,onnx_model_006,measure,30.720433720629043,30.720887325704098,30.729995298665017,9.107972960919142,True,
6042,onnx_model_008,measure,30.73432260220425,30.73533243406564,30.746536831837147,11.204397771507502,True,
6043,onnx_model_008,measure,30.73785581345505,30.738780308049172,30.746645027771592,7.864719722419977,True,
6044,onnx_model_002,measure,30.747877810730756,30.748880616854876,30.759914350695908,11.03373384103179,True,
6045,onnx_model_006,measure,30.75332084320461,30.754322941880673,30.765269269701093,10.946327820420265,True,
6046,onnx_model_009,measure,30.755941700066494,30.756765976082534,30.76780459890142,11.038622818887234,True,
6047,onnx_model_005,measure,30.7560215976135,30.75694856280461,30.76797778904438,11.02922623977065,True,
6048,onnx_model_003,measure,30.75911531489912,30.759504701942205,30.770550137851387,11.045435909181833,True,
6049,onnx_model_002,measure,30.760807662242787,30.76113930903375,30.772286899853498,11.147590819746256,True,
6050,onnx_model_007,measure,30.761146542685697,30.761546914000064,30.772331343963742,10.784429963678122,True,
6051,onnx_model_001,measure,30.762937182515387,30.76398935681209,30.775012800935656,11.02344412356615,True,
6052,onnx_model_008,measure,30.771556835048568,30.771766860969365,30.78270890004933,10.942039079964161,True,
6053,onnx_model_001,measure,30.800645026012063,30.801970773842186,30.813108175061643,11.137401219457388,True,
6054,onnx_model_001,measure,30.804333990324018,30.805436010938138,30.81315113697201,7.715126033872366,True,
6055,onnx_model_002,measure,30.809489513606422,30.80988213280216,30.82104404969141,11.161916889250278,True,
6056,onnx_model_008,measure,30.814804834673048,30.8153792116791,30.826369703747332,10.990492068231106,True,
6057,onnx_model_002,measure,30.818650931068046,30.819876670837402,30.82108981674537,1.2131459079682827,True,
6058,onnx_model_006,measure,30.837184267609153,30.83769235573709,30.848709798883647,11.017443146556616,True,
6059,onnx_model_009,measure,30.839361763445652,30.840193439740688,30.851207145955414,11.013706214725971,True,
6060,onnx_model_003,measure,30.84083270890102,30.84163700370118,30.852595775853842,10.958772152662277,True,
6061,onnx_model_007,measure,30.841578130300032,30.842013420071453,30.85292906872928,10.91564865782857,True,
6062,onnx_model_004,measure,30.859044928633423,30.86015601688996,30.871150264982134,10.99424809217453,True,
6063,onnx_model_000,measure,30.86323991466837,30.863606875762343,30.874509891029447,10.90301526710391,True,
6064,onnx_model_006,measure,30.864279595603342,30.865013639908284,30.876014621928334,11.000982020050287,True,
6065,onnx_model_006,measure,30.868485017875535,30.86944760894403,30.876056661829352,6.609052885323763,True,
6066,onnx_model_006,measure,30.871213889889756,30.87237255880609,30.876088581979275,3.7160231731832027,True,
6067,onnx_model_000,measure,30.87751947994512,30.878329421859235,30.889402800705284,11.073378846049309,True,
6068,onnx_model_008,measure,30.87788724431008,30.878499103710055,30.889650460798293,11.151357088238,True,
6069,onnx_model_000,measure,30.878256230550736,30.87895677378401,30.88961210893467,10.655335150659084,True,
6070,onnx_model_007,measure,30.882574044503514,30.883391212671995,30.894383968785405,10.992756113409996,True,
6071,onnx_model_009,measure,30.888451478741086,30.888818650040776,30.899778292980045,10.959642939269543,True,
6072,onnx_model_007,measure,30.891271318312196,30.891887252684683,30.894426569808275,2.5393171235919,True,
6073,onnx_model_008,measure,30.89669888040387,30.897646941710263,30.90883637079969,11.189429089426994,True,
6074,onnx_model_007,measure,30.900249429747475,30.901006448082626,30.911980557721108,10.974109638482332,True,
6075,onnx_model_002,measure,30.903883795454757,30.904450964648277,30.915400448720902,10.949484072625637,True,
6076,onnx_model_005,measure,30.90489354649291,30.90589362801984,30.91663452470675,10.740896686911583,True,
6077,onnx_model_007,measure,30.907855889821832,30.90833872463554,30.912035583052784,3.6968584172427654,True,
6078,onnx_model_007,measure,30.91088178880843,30.912128348834813,30.923008450772613,10.880101937800646,True,
6079,onnx_model_004,measure,30.91761487222406,30.917885072063655,30.928878718987107,10.993646923452616,True,
6080,onnx_model_005,measure,30.922139987766137,30.9231056147255,30.934092789888382,10.987175162881613,True,
6081,onnx_model_005,measure,30.924816798777265,30.92554720584303,30.934230010956526,8.682805113494396,True,
6082,onnx_model_000,measure,30.929049833238995,30.93011102080345,30.94112514797598,11.014127172529697,True,
6083,onnx_model_003,measure,30.92967061515552,30.93027947191149,30.941268851049244,10.98937913775444,True,
6084,onnx_model_006,measure,30.934254552721,30.93545114202425,30.946458715945482,11.007573921233416,True,
6085,onnx_model_002,measure,30.944451708090632,30.945489052683115,30.956510823685676,11.021771002560854,True,
6086,onnx_model_006,measure,30.953286235634376,30.953681726008654,30.964752609841526,11.070883832871914,True,
6087,onnx_model_001,measure,30.961859742789482,30.962735315784812,30.973740715067834,11.005399283021688,True,
6088,onnx_model_004,measure,30.974166836227667,30.974983979016542,30.986212121788412,11.228142771869898,True,
6089,onnx_model_008,measure,30.974626976919513,30.975147859659046,30.98632504697889,11.177187319844961,True,
6090,onnx_model_007,measure,30.975260086439036,30.975581974722445,30.986620507668704,11.038532946258783,True,
6091,onnx_model_007,measure,30.976158429108963,30.977015770971775,30.986743731889874,9.727960918098688,True,
6092,onnx_model_006,measure,30.980839357581154,30.981451612897217,30.99229924287647,10.847629979252815,True,
6093,onnx_model_007,measure,30.986704346346865,30.986927731893957,30.997898967005312,10.971235111355782,True,
6094,onnx_model_006,measure,30.99526332949848,30.995541024953127,31.006600657943636,11.059632990509272,True,
6095,onnx_model_005,measure,30.99592535137411,30.99699846468866,31.00788231380284,10.883849114179611,True,
6096,onnx_model_007,measure,31.00286606544722,31.003132404759526,31.014234768692404,11.102363932877779,True,
6097,onnx_model_007,measure,31.00598448840613,31.00670410366729,31.01427817204967,7.574068382382393,True,
6098,onnx_model_003,measure,31.014446889884365,31.015505424700677,31.0269070668146,11.401642113924026,True,
6099,onnx_model_004,measure,31.014824660902462,31.01567193074152,31.026737835723907,11.06590498238802,True,
6100,onnx_model_005,measure,31.02111633082684,31.022197033744305,31.03355504386127,11.358010116964579,True,
6101,onnx_model_005,measure,31.028102610205742,31.029206417966634,31.033605339936912,4.398921970278025,True,
6102,onnx_model_000,measure,31.029342979076173,31.029616768006235,31.040706467814744,11.089699808508158,True,
6103,onnx_model_001,measure,31.031915892968566,31.033116780687124,31.044262897688895,11.146117001771927,True,
6104,onnx_model_006,measure,31.039538871065872,31.03991362079978,31.05103664379567,11.123022995889187,True,
6105,onnx_model_001,measure,31.04014922802011,31.040312017779797,31.04431370506063,4.001687280833721,True,
6106,onnx_model_003,measure,31.043951032921306,31.044414896983653,31.0555352056399,11.12030865624547,True,
6107,onnx_model_009,measure,31.056411514659363,31.0568464579992,31.068287536036223,11.441078037023544,True,
6108,onnx_model_008,measure,31.05653921965279,31.057074171025306,31.068336037918925,11.261866893619299,True,
6109,onnx_model_008,measure,31.057884992798222,31.058657431043684,31.068370644003153,9.713212959468365,True,
6110,onnx_model_003,measure,31.063540523152724,31.06424030289054,31.075533078983426,11.292776092886925,True,
6111,onnx_model_003,measure,31.067207985719648,31.067772957962006,31.075585599057376,7.812641095370054,True,
6112,onnx_model_009,measure,31.07186265754945,31.07268328173086,31.08440489275381,11.721611022949219,True,
6113,onnx_model_009,measure,31.07239089190482,31.072891117073596,31.08445581002161,11.564692948013544,True,
6114,onnx_model_000,measure,31.075531221310925,31.07575490977615,31.08693495206535,11.180042289197445,True,
6115,onnx_model_007,measure,31.077114177082866,31.07833757996559,31.089504235889763,11.16665592417121,True,
6116,onnx_model_007,measure,31.082937862903727,31.083895263727754,31.08955283788964,5.657574161887169,True,
6117,onnx_model_008,measure,31.08402811575058,31.08455226290971,31.095644517801702,11.092254891991615,True,
6118,onnx_model_004,measure,31.08623743870989,31.087045962922275,31.097969227004796,10.9232640825212,True,
6119,onnx_model_002,measure,31.090841156018612,31.091785872820765,31.102717011701316,10.931138880550861,True,
6120,onnx_model_008,measure,31.092558154760827,31.09336630674079,31.09610997280106,2.743666060268879,True,
6121,onnx_model_001,measure,31.095217084770784,31.095745278988034,31.106768493074924,11.02321408689022,True,
6122,onnx_model_006,measure,31.10573133690533,31.10688445298001,31.117869674693793,10.985221713781357,True,
6123,onnx_model_008,measure,31.114273057069994,31.11533929500729,31.126322322059423,10.983027052134275,True,
6124,onnx_model_009,measure,31.11569068066855,31.116783579811454,31.127791734877974,11.008155066519976,True,
6125,onnx_model_002,measure,31.116232493481466,31.1169690429233,31.127950767986476,10.981725063174963,True,
6126,onnx_model_007,measure,31.116910761412754,31.117402816656977,31.128349494654685,10.94667799770832,True,
6127,onnx_model_006,measure,31.123911505972877,31.125096190720797,31.136192252859473,11.096062138676643,True,
6128,onnx_model_006,measure,31.128898424302033,31.12956741079688,31.1362364878878,6.669077090919018,True,
6129,onnx_model_003,measure,31.133924839084745,31.13500749086961,31.1460404638201,11.032972950488329,True,
6130,onnx_model_004,measure,31.13648925985916,31.13745275977999,31.148376734927297,10.923975147306919,True,
6131,onnx_model_000,measure,31.141705106141654,31.14290338009596,31.153850969858468,10.94758976250887,True,
6132,onnx_model_008,measure,31.152251339521882,31.152595122810453,31.163649355992675,11.054233182221651,True,
6133,onnx_model_000,measure,31.169396575029324,31.169899757020175,31.180964037775993,11.06428075581789,True,
6134,onnx_model_009,measure,31.170198529927884,31.17134488373995,31.18244354100898,11.09865726903081,True,
6135,onnx_model_004,measure,31.170422148205787,31.17150856507942,31.1824986259453,10.990060865879059,True,
6136,onnx_model_001,measure,31.175030256293955,31.17602443881333,31.18712823605165,11.103797238320112,True,
6137,onnx_model_004,measure,31.184778581632536,31.185715690720826,31.196843071840703,11.1273811198771,True,
6138,onnx_model_003,measure,31.19765889102058,31.198097596876323,31.20917268889025,11.075092013925314,True,
6139,onnx_model_001,measure,31.206983878205474,31.20860363682732,31.219742620829493,11.138984002172947,True,
6140,onnx_model_002,measure,31.212584687762256,31.21343274693936,31.225030994042754,11.598247103393078,True,
6141,onnx_model_001,measure,31.21912113813838,31.219940817914903,31.231068880762905,11.128062848001719,True,
6142,onnx_model_009,measure,31.223428284175426,31.22439773986116,31.235415583010763,11.017843149602413,True,
6143,onnx_model_001,measure,31.224632431225317,31.22512816777453,31.23120500985533,6.076842080801725,True,
6144,onnx_model_005,measure,31.226951913970467,31.227572894655168,31.238609694875777,11.036800220608711,True,
6145,onnx_model_008,measure,31.235509750320677,31.23663295665756,31.24769723881036,11.064282152801752,True,
6146,onnx_model_006,measure,31.238691536963493,31.239837498869747,31.251106109004468,11.268610134720802,True,
6147,onnx_model_005,measure,31.238953426617513,31.24002593709156,31.251221518032253,11.195580940693617,True,
6148,onnx_model_001,measure,31.24951766339618,31.249934651888907,31.260952915996313,11.01826410740614,True,
6149,onnx_model_008,measure,31.255443306017003,31.256442402023822,31.26771959895268,11.277196928858757,True,
6150,onnx_model_004,measure,31.261089863922862,31.262180499732494,31.27334234677255,11.161847040057182,True,
6151,onnx_model_008,measure,31.261143896791786,31.262343219015747,31.267767098732293,5.423879716545343,True,
6152,onnx_model_005,measure,31.264099416000644,31.264868088066578,31.27588671306148,11.018624994903803,True,
6153,onnx_model_008,measure,31.266886764788126,31.267309098970145,31.27828964078799,10.980541817843914,True,
6154,onnx_model_009,measure,31.269386935412037,31.27000360004604,31.28100044373423,10.996843688189983,True,
6155,onnx_model_008,measure,31.27938966733473,31.280522795859724,31.29152678279206,11.003986932337284,True,
6156,onnx_model_007,measure,31.291450610639842,31.291665917728096,31.302730679977685,11.064762249588966,True,
6157,onnx_model_004,measure,31.293792865024482,31.294143367093056,31.305211405735463,11.068038642406464,True,
6158,onnx_model_003,measure,31.301062745200287,31.30157830985263,31.3125800518319,11.001741979271173,True,
6159,onnx_model_003,measure,31.309874100756357,31.310444953851402,31.312686594668776,2.241640817373991,True,
6160,onnx_model_008,measure,31.31413241578787,31.314918336924165,31.325978350825608,11.06001390144229,True,
6161,onnx_model_002,measure,31.31827299245379,31.319377302657813,31.330369798000902,10.992495343089104,True,
6162,onnx_model_008,measure,31.320105960103106,31.320842397864908,31.32610864797607,5.2662501111626625,True,
6163,onnx_model_008,measure,31.330550386921935,31.331605556886643,31.342685097828507,11.079540941864252,True,
6164,onnx_model_001,measure,31.33315736778658,31.334046005737036,31.34510684106499,11.0608353279531,True,
6165,onnx_model_006,measure,31.336977161040014,31.337506183888763,31.348469943739474,10.96375985071063,True,
6166,onnx_model_002,measure,31.355512252091888,31.356715657748282,31.367842949926853,11.127292178571224,True,
6167,onnx_model_004,measure,31.369590485585558,31.370083868969232,31.38114298088476,11.059111915528774,True,
6168,onnx_model_001,measure,31.372587233654933,31.373532133642584,31.38465966563672,11.127531994134188,True,
6169,onnx_model_009,measure,31.373009417107852,31.373695724643767,31.384809670969844,11.113946326076984,True,
6170,onnx_model_000,measure,31.373914788761923,31.374156600795686,31.385218938812613,11.062338016927242,True,
6171,onnx_model_009,measure,31.374600394340504,31.375583031680435,31.38488913187757,9.306100197136402,True,
6172,onnx_model_004,measure,31.3821212976178,31.382364101707935,31.393417893908918,11.05379220098257,True,
6173,onnx_model_005,measure,31.392899134882484,31.39351286366582,31.405019256751984,11.50639308616519,True,
6174,onnx_model_001,measure,31.39640500080157,31.396994962822646,31.40800340892747,11.008446104824543,True,
6175,onnx_model_008,measure,31.397343283553354,31.398440460674465,31.40994370682165,11.503246147185564,True,
6176,onnx_model_001,measure,31.397630004306187,31.398603681009263,31.408154977019876,9.551296010613441,True,
6177,onnx_model_000,measure,31.397727192040236,31.39875145163387,31.40998962474987,11.238173115998507,True,
6178,onnx_model_001,measure,31.397880913310644,31.398910644929856,31.408210332039744,9.2996871098876,True,
6179,onnx_model_006,measure,31.39867836594276,31.399497449863702,31.410615694709122,11.118244845420122,True,
6180,onnx_model_003,measure,31.400021255794783,31.40102110663429,31.412117749918252,11.096643283963203,True,
6181,onnx_model_002,measure,31.404099394368604,31.404637450817972,31.415605729911476,10.968279093503952,True,
6182,onnx_model_005,measure,31.404462685590293,31.405155875720084,31.416125657968223,10.969782248139381,True,
6183,onnx_model_009,measure,31.408462592038283,31.409430141095072,31.420541001018137,11.110859923064709,True,
6184,onnx_model_009,measure,31.41167854470274,31.412214433774352,31.420716895721853,8.502461947500706,True,
6185,onnx_model_009,measure,31.41195132442505,31.41238317405805,31.420766088645905,8.382914587855339,True,
6186,onnx_model_003,measure,31.413570921298106,31.41392212966457,31.42494873004034,11.026600375771523,True,
6187,onnx_model_004,measure,31.417304852870156,31.41836720891297,31.42936073569581,10.99352678284049,True,
6188,onnx_model_005,measure,31.423463147489223,31.423997512087226,31.43502718769014,11.029675602912903,True,
6189,onnx_model_006,measure,31.426447882439017,31.42718303669244,31.438130566850305,10.947530157864094,True,
6190,onnx_model_007,measure,31.429599702773626,31.430583039764315,31.441428204998374,10.845165234059095,True,
6191,onnx_model_005,measure,31.431083696385706,31.43208904284984,31.435134462080896,3.045419231057167,True,
6192,onnx_model_007,measure,31.435315256745277,31.43635006202385,31.441468541976064,5.118479952216148,True,
6193,onnx_model_000,measure,31.441524710748048,31.4426853149198,31.45351432869211,10.829013772308826,True,
6194,onnx_model_004,measure,31.445168814654497,31.446141694672406,31.457043206784874,10.901512112468481,True,
6195,onnx_model_003,measure,31.4526767472201,31.45361078204587,31.464624928776175,11.014146730303764,True,
6196,onnx_model_004,measure,31.453083619786543,31.453770024701953,31.45708727091551,3.317246213555336,True,
6197,onnx_model_004,measure,31.459857056842267,31.460306770633906,31.471129522658885,10.8227520249784,True,
6198,onnx_model_008,measure,31.46259200544019,31.463746077846736,31.474592725746334,10.846647899597883,True,
6199,onnx_model_006,measure,31.463879956958777,31.46412413707003,31.475020649842918,10.896512772887945,True,
6200,onnx_model_009,measure,31.464370434324948,31.46473743300885,31.475713195744902,10.975762736052275,True,
6201,onnx_model_002,measure,31.468251300917405,31.46929471474141,31.480191519018263,10.8968042768538,True,
6202,onnx_model_009,measure,31.47198083491766,31.472429603803903,31.475766216870397,3.336613066494465,True,
6203,onnx_model_004,measure,31.472407443512328,31.472830856684595,31.483984448947012,11.153592262417078,True,
6204,onnx_model_001,measure,31.476729113641138,31.47706688893959,31.487909589894116,10.842700954526663,True,
6205,onnx_model_005,measure,31.483132477159206,31.483507732860744,31.49431513575837,10.807402897626162,True,
6206,onnx_model_007,measure,31.485160528518733,31.486233613919467,31.497045746073127,10.812132153660059,True,
6207,onnx_model_009,measure,31.49612946211747,31.496542328968644,31.50738955801353,10.847229044884443,True,
6208,onnx_model_008,measure,31.509625091087663,31.510694259777665,31.52160392794758,10.909668169915676,True,
6209,onnx_model_007,measure,31.515338596161353,31.516256242990494,31.52713436074555,10.878117755055428,True,
6210,onnx_model_008,measure,31.523074147117335,31.523930249735713,31.534914488904178,10.984239168465137,True,
6211,onnx_model_005,measure,31.527712661012192,31.528436655644327,31.539499203674495,11.062548030167818,True,
6212,onnx_model_005,measure,31.535969336351226,31.537227326072752,31.53955175401643,2.32442794367671,True,
6213,onnx_model_009,measure,31.53684698975365,31.53741761809215,31.548381718806922,10.96410071477294,True,
6214,onnx_model_007,measure,31.552244832646213,31.552688414696604,31.563719242811203,11.03082811459899,True,
6215,onnx_model_001,measure,31.559230870259327,31.560262702871114,31.571340390015393,11.07768714427948,True,
6216,onnx_model_002,measure,31.560675179011014,31.561873304657638,31.57322475174442,11.351447086781263,True,
6217,onnx_model_004,measure,31.56146510244994,31.562101799063385,31.573280066717416,11.178267654031515,True,
6218,onnx_model_004,measure,31.562370136907578,31.562583714723587,31.573424000758678,10.840286035090685,True,
6219,onnx_model_009,measure,31.566135989167435,31.567039324901998,31.57805171702057,11.012392118573189,True,
6220,onnx_model_004,measure,31.568921608690957,31.56958925165236,31.57347068982199,3.8814381696283817,True,
6221,onnx_model_001,measure,31.57421739539361,31.57478150073439,31.58579138899222,11.009888257831335,True,
6222,onnx_model_000,measure,31.58177892505073,31.582299701869488,31.593315932899714,11.016231030225754,True,
6223,onnx_model_001,measure,31.586305394068056,31.587017911020666,31.598001779988408,10.983868967741728,True,
6224,onnx_model_005,measure,31.592169955423667,31.592471037060022,31.60336906183511,10.898024775087833,True,
6225,onnx_model_000,measure,31.59268434898388,31.592834908049554,31.603721100836992,10.886192787438631,True,
6226,onnx_model_005,measure,31.610196067525774,31.610995969735086,31.62201198982075,11.016020085662603,True,
6227,onnx_model_007,measure,31.624654064145396,31.625233714003116,31.63611601991579,10.882305912673473,True,
6228,onnx_model_004,measure,31.62645263960316,31.62767363199964,31.638574874028563,10.901242028921843,True,
6229,onnx_model_000,measure,31.637008991398545,31.637336048763245,31.64834143873304,11.005389969795942,True,
6230,onnx_model_006,measure,31.638671646044706,31.63979224767536,31.650630109012127,10.837861336767673,True,
6231,onnx_model_005,measure,31.660348829934275,31.66087753791362,31.671834805980325,10.957268066704273,True,
6232,onnx_model_006,measure,31.66993809152187,31.671320809051394,31.682368639856577,11.047830805182457,True,
6233,onnx_model_000,measure,31.675262529933267,31.67607322288677,31.687118347734213,11.045124847441912,True,
6234,onnx_model_006,measure,31.676951106666642,31.67750992393121,31.682500219903886,4.990295972675085,True,
6235,onnx_model_006,measure,31.683269026836147,31.68371656164527,31.69474007608369,11.023514438420534,True,
6236,onnx_model_005,measure,31.683759266149735,31.684085784014314,31.695029065012932,10.94328099861741,True,
6237,onnx_model_007,measure,31.68800866190166,31.68833780568093,31.699234849773347,10.897044092416763,True,
6238,onnx_model_003,measure,31.690387460159855,31.6907773129642,31.70180293172598,11.025618761777878,True,
6239,onnx_model_006,measure,31.718817471394566,31.721104400698096,31.732548995874822,11.44459517672658,True,
6240,onnx_model_002,measure,31.720269589217985,31.721294132061303,31.732600542716682,11.306410655379295,True,
6241,onnx_model_001,measure,31.723725127367416,31.72493742685765,31.73602995183319,11.092524975538254,True,
6242,onnx_model_001,measure,31.73205888035009,31.73270538309589,31.736126746051013,3.421362955123186,True,
6243,onnx_model_008,measure,31.7442340468121,31.74637267179787,31.757432986982167,11.060315184295177,True,
6244,onnx_model_005,measure,31.761116818500504,31.76173758879304,31.77284528268501,11.107693891972303,True,
6245,onnx_model_009,measure,31.762910696786836,31.763297684956342,31.77433351194486,11.035826988518238,True,
6246,onnx_model_005,measure,31.76465141518191,31.76584096904844,31.772919924929738,7.078955881297588,True,
6247,onnx_model_006,measure,31.767534964511064,31.768405593931675,31.779350698925555,10.945104993879795,True,
6248,onnx_model_000,measure,31.795571513631764,31.796652897726744,31.80801495583728,11.362058110535145,True,
6249,onnx_model_009,measure,31.79612184797347,31.796843099873513,31.808502702973783,11.659603100270033,True,
6250,onnx_model_002,measure,31.79888318222697,31.799465614836663,31.81048069288954,11.01507805287838,True,
6251,onnx_model_003,measure,31.800230848400915,31.80101675307378,31.812082197051495,11.065443977713585,True,
6252,onnx_model_009,measure,31.8054253060244,31.806563497055322,31.80855248775333,1.9889906980097294,True,
6253,onnx_model_005,measure,31.80697363419444,31.808127840980887,31.819190378766507,11.062537785619497,True,
6254,onnx_model_007,measure,31.81275745233129,31.813342141918838,31.824448593892157,11.106451973319054,True,
6255,onnx_model_009,measure,31.81756167224996,31.81788350502029,31.828871661797166,10.988156776875257,True,
6256,onnx_model_002,measure,31.818679967027016,31.819290458690375,31.830206067766994,10.915609076619148,True,
6257,onnx_model_009,measure,31.819607926825963,31.82074590586126,31.828988654073328,8.242748212069273,True,
6258,onnx_model_008,measure,31.820132302141804,31.82092629885301,31.831937829963863,11.011531110852957,True,
6259,onnx_model_004,measure,31.82066845673505,31.82136440090835,31.832161384634674,10.796983726322651,True,
6260,onnx_model_003,measure,31.82724786769151,31.827711125835776,31.838762192055583,11.051066219806671,True,
6261,onnx_model_002,measure,31.836905486722344,31.83738341089338,31.84844516776502,11.061756871640682,True,
6262,onnx_model_002,measure,31.83744030700759,31.837749837897718,31.848660978954285,10.91114105656743,True,
6263,onnx_model_003,measure,31.838104293888573,31.838874344713986,31.849828086793423,10.953742079436779,True,
6264,onnx_model_002,measure,31.843328628974486,31.844337599817663,31.848701214883476,4.363615065813065,True,
6265,onnx_model_003,measure,31.84342746499199,31.844538351986557,31.849988461937755,5.450109951198101,True,
6266,onnx_model_003,measure,31.847360368819086,31.84810723597184,31.850043456070125,1.9362200982868671,True,
6267,onnx_model_004,measure,31.865759835702846,31.866266564000398,31.87754947086796,11.282906867563725,True,
6268,onnx_model_000,measure,31.86958576071709,31.87071884702891,31.881635397672653,10.916550643742085,True,
6269,onnx_model_001,measure,31.87680005614437,31.877170260995626,31.888083725702018,10.913464706391096,True,
6270,onnx_model_007,measure,31.885997408911983,31.886889495886862,31.897899814881384,11.010318994522095,True,
6271,onnx_model_007,measure,31.89534528900193,31.896309441886842,31.89801156707108,1.702125184237957,True,
6272,onnx_model_005,measure,31.89800173917113,31.89815819589421,31.90909416368231,10.935967788100243,True,
6273,onnx_model_003,measure,31.898381673259042,31.899604925885797,31.910894395783544,11.28946989774704,True,
6274,onnx_model_001,measure,31.898696005493665,31.899767614901066,31.910835412796587,11.067797895520926,True,
6275,onnx_model_006,measure,31.901760349438263,31.902295680716634,31.913289518095553,10.993837378919125,True,
6276,onnx_model_005,measure,31.906171653136102,31.906727083958685,31.909203310962766,2.476227004081011,True,
6277,onnx_model_001,measure,31.909523999831393,31.91042443178594,31.921469336841255,11.044905055314302,True,
6278,onnx_model_000,measure,31.9203937240001,31.921583172865212,31.932683733757585,11.100560892373323,True,
6279,onnx_model_008,measure,31.927568256097953,31.928043503779918,31.939136158674955,11.092654895037413,True,
6280,onnx_model_005,measure,31.936470358658216,31.936939403880388,31.94796764664352,11.028242763131857,True,
6281,onnx_model_007,measure,31.942911479900093,31.94335791375488,31.954369626007974,11.01171225309372,True,
6282,onnx_model_009,measure,31.9440806575649,31.944797861855477,31.955735521856695,10.937660001218319,True,
6283,onnx_model_008,measure,31.952356609072407,31.953198779840022,31.96423836471513,11.039584875106812,True,
6284,onnx_model_001,measure,31.95288507737034,31.95336326304823,31.96438042493537,11.017161887139082,True,
6285,onnx_model_006,measure,31.96771938556776,31.968624401837587,31.979695606976748,11.071205139160156,True,
6286,onnx_model_000,measure,31.969964463107562,31.971087373793125,31.98206552164629,10.978147853165865,True,
6287,onnx_model_009,measure,31.971046163719066,31.971442860085517,31.98242684872821,10.983988642692566,True,
6288,onnx_model_002,measure,31.971877311259764,31.97288180468604,31.984175292775035,11.293488088995218,True,
6289,onnx_model_008,measure,31.983344515886543,31.98375785909593,31.99544896185398,11.691102758049965,True,
6290,onnx_model_008,measure,31.98665084948384,31.98747921269387,31.995580743066967,8.101530373096466,True,
6291,onnx_model_003,measure,31.991866539943477,31.993038028944284,32.00411058682948,11.072557885199785,True,
6292,onnx_model_008,measure,31.993786032189565,31.99458209471777,32.00566035276279,11.07825804501772,True,
6293,onnx_model_007,measure,31.994541390330273,31.9950965619646,32.00640612980351,11.309567838907242,True,
6294,onnx_model_007,measure,31.995799057061088,31.99693083902821,32.006458449643105,9.52761061489582,True,
6295,onnx_model_009,measure,31.9992965191712,32.000474675092846,32.01178308064118,11.308405548334122,True,
6296,onnx_model_002,measure,32.00351844465968,32.004220665898174,32.015323490835726,11.102824937552214,True,
6297,onnx_model_009,measure,32.00819523562729,32.0087579106912,32.011834798846394,3.0768881551921368,True,
6298,onnx_model_003,measure,32.010187739241765,32.011320491787046,32.022614479996264,11.293988209217787,True,
6299,onnx_model_003,measure,32.01891014250742,32.01962930569425,32.022667730692774,3.038424998521805,True,
6300,onnx_model_007,measure,32.030925434434,32.03298456175253,32.04408159572631,11.097033973783255,True,
6301,onnx_model_005,measure,32.03791813790383,32.038529803045094,32.049625714775175,11.095911730080843,True,
6302,onnx_model_004,measure,32.047326711522174,32.04838744085282,32.05941211665049,11.02467579767108,True,
6303,onnx_model_009,measure,32.04853499311349,32.04879883304238,32.05994615191594,11.147318873554468,True,
6304,onnx_model_001,measure,32.05519556393482,32.05594701087102,32.06702882563695,11.081814765930176,True,
6305,onnx_model_008,measure,32.06050098610434,32.06124852783978,32.07244431972504,11.195791885256767,True,
6306,onnx_model_006,measure,32.07457559401424,32.07574994303286,32.08718717377633,11.437230743467808,True,
6307,onnx_model_002,measure,32.07877774916775,32.07931253500283,32.090347630903125,11.035095900297165,True,
6308,onnx_model_008,measure,32.08231207253356,32.082871610764414,32.09401899995282,11.147389188408852,True,
6309,onnx_model_007,measure,32.089104859584644,32.08956128684804,32.101221079938114,11.659793090075254,True,
6310,onnx_model_002,measure,32.09560788991992,32.09634092403576,32.107944540679455,11.603616643697023,True,
6311,onnx_model_001,measure,32.110174227624725,32.111258150078356,32.12262191064656,11.363760568201542,True,
6312,onnx_model_000,measure,32.110616064709376,32.111469611059874,32.122674830723554,11.2052196636796,True,
6313,onnx_model_002,measure,32.11684279938137,32.11806626105681,32.129168515093625,11.102254036813974,True,
6314,onnx_model_005,measure,32.11840781864638,32.11960896290839,32.13088866509497,11.279702186584473,True,
6315,onnx_model_008,measure,32.12376397781619,32.12498875008896,32.13611920690164,11.130456812679768,True,
6316,onnx_model_008,measure,32.12488355665804,32.12538870004937,32.13617289904505,10.784198995679617,True,
6317,onnx_model_003,measure,32.130471296511075,32.13100190972909,32.14202443184331,11.022522114217281,True,
6318,onnx_model_004,measure,32.14396919237176,32.14432749990374,32.155453267972916,11.125768069177866,True,
6319,onnx_model_008,measure,32.15040435860735,32.15091036306694,32.16212871670723,11.218353640288115,True,
6320,onnx_model_004,measure,32.167696816086824,32.16846558265388,32.179661785718054,11.19620306417346,True,
6321,onnx_model_009,measure,32.17446206565919,32.17502515204251,32.18606066890061,11.035516858100891,True,
6322,onnx_model_002,measure,32.17687595887065,32.177566963713616,32.188746463973075,11.179500259459019,True,
6323,onnx_model_004,measure,32.17907847437498,32.17977270577103,32.19087550090626,11.102795135229826,True,
6324,onnx_model_005,measure,32.1976237209013,32.19818569673225,32.20940520381555,11.219507083296776,True,
6325,onnx_model_000,measure,32.198675653064875,32.199741483666,32.21074283588678,11.001352220773697,True,
6326,onnx_model_001,measure,32.20390972240365,32.20429969904944,32.21538366796449,11.083968915045261,True,
6327,onnx_model_005,measure,32.207474995543066,32.207851159852,32.20945865474641,1.6074948944151402,True,
6328,onnx_model_001,measure,32.21209621429297,32.21299749193713,32.21549722366035,2.4997317232191563,True,
6329,onnx_model_002,measure,32.224496920687464,32.22579552885145,32.23696989985183,11.174371000379324,True,
6330,onnx_model_001,measure,32.23837436869219,32.239316349849105,32.250351185910404,11.034836061298847,True,
6331,onnx_model_009,measure,32.24157438776564,32.24288142705336,32.25399449188262,11.11306482926011,True,
6332,onnx_model_003,measure,32.24344085937883,32.244454657658935,32.2555198809132,11.065223254263401,True,
6333,onnx_model_004,measure,32.24355969327315,32.24464620184153,32.25567225087434,11.02604903280735,True,
6334,onnx_model_000,measure,32.24509773644577,32.246244800742716,32.2572061070241,10.961306281387806,True,
6335,onnx_model_006,measure,32.24721574493185,32.24773273896426,32.258841334842145,11.108595877885818,True,
6336,onnx_model_002,measure,32.24859360656316,32.24920385470614,32.260230525862426,11.026671156287193,True,
6337,onnx_model_004,measure,32.24877019137417,32.24937138380483,32.25579003477469,6.418650969862938,True,
6338,onnx_model_006,measure,32.25578094207418,32.25595592986792,32.258915655780584,2.9597259126603603,True,
6339,onnx_model_002,measure,32.26391148459496,32.264458732679486,32.27584540704265,11.386674363166094,True,
6340,onnx_model_002,measure,32.26396393121956,32.264626482035965,32.27598092472181,11.354442685842514,True,
6341,onnx_model_001,measure,32.27252440244651,32.27318793581799,32.28400128008798,10.813344269990921,True,
6342,onnx_model_005,measure,32.281263228084974,32.282189786899835,32.29303762689233,10.847839992493391,True,
6343,onnx_model_006,measure,32.28161670469088,32.282299995888025,32.29315980896354,10.859813075512648,True,
6344,onnx_model_001,measure,32.291076421147466,32.29222174594179,32.30298596806824,10.764222126454115,True,
6345,onnx_model_004,measure,32.29473765648926,32.29536636406556,32.3059331998229,10.566835757344961,True,
6346,onnx_model_007,measure,32.30227067078715,32.30273648304865,32.313404090702534,10.66760765388608,True,
6347,onnx_model_009,measure,32.31193261643689,32.31213267380372,32.322806112933904,10.673439130187035,True,
6348,onnx_model_000,measure,32.3157846650001,32.31660893280059,32.327357093803585,10.748161002993584,True,
6349,onnx_model_004,measure,32.31633614336812,32.31672263890505,32.327444860711694,10.722221806645393,True,
6350,onnx_model_004,measure,32.31997801010725,32.32120018964633,32.32751774881035,6.317559164017439,True,
6351,onnx_model_005,measure,32.32513231931642,32.326007809024304,32.33656675973907,10.55895071476698,True,
6352,onnx_model_004,measure,32.32990812621123,32.3307208577171,32.34128097072244,10.5601130053401,True,
6353,onnx_model_008,measure,32.33848562965899,32.33877396583557,32.34940042486414,10.626459028571844,True,
6354,onnx_model_006,measure,32.3386502734539,32.338899213820696,32.34947168081999,10.572466999292374,True,
6355,onnx_model_004,measure,32.34305106487578,32.34350425703451,32.35403264965862,10.528392624109983,True,
6356,onnx_model_008,measure,32.35073030790043,32.35163178667426,32.36210745992139,10.475673247128725,True,
6357,onnx_model_005,measure,32.3571259016675,32.35818756790832,32.368740648031235,10.55308012291789,True,
6358,onnx_model_004,measure,32.35861293894079,32.35947389388457,32.36999872000888,10.524826124310493,True,
6359,onnx_model_001,measure,32.363456447803806,32.364261163864285,32.37495167506859,10.690511204302311,True,
6360,onnx_model_008,measure,32.364830521614465,32.3655442930758,32.376072234939784,10.52794186398387,True,
6361,onnx_model_007,measure,32.368634278551426,32.36884387396276,32.379559092689306,10.715218726545572,True,
6362,onnx_model_001,measure,32.370827735244056,32.371149918064475,32.37504974100739,3.8998229429125786,True,
6363,onnx_model_005,measure,32.38348780014274,32.38377240207046,32.39463962893933,10.867226868867874,True,
6364,onnx_model_009,measure,32.39141194085015,32.39222429692745,32.403171536978334,10.947240050882101,True,
6365,onnx_model_000,measure,32.39799144968203,32.398949360940605,32.409983315039426,11.033954098820686,True,
6366,onnx_model_009,measure,32.40426418588495,32.405391345731914,32.41653674189001,11.145396158099174,True,
6367,onnx_model_002,measure,32.405138411361804,32.40558520471677,32.416656950023025,11.071745306253433,True,
6368,onnx_model_005,measure,32.410156874801025,32.411163217853755,32.42217324580997,11.010027956217527,True,
6369,onnx_model_005,measure,32.432938859194,32.43347125174478,32.44428219180554,10.810940060764551,True,
6370,onnx_model_005,measure,32.43509805463792,32.43602184066549,32.4443085626699,8.286722004413605,True,
6371,onnx_model_007,measure,32.45388352931252,32.454467633739114,32.46514937793836,10.681744199246168,True,
6372,onnx_model_002,measure,32.46471895218996,32.46523754578084,32.47613843670115,10.900890920311213,True,
6373,onnx_model_007,measure,32.4654112057041,32.46555860573426,32.476298531051725,10.739925317466259,True,
6374,onnx_model_000,measure,32.46648103729148,32.46680762991309,32.47748251166195,10.674881748855114,True,
6375,onnx_model_005,measure,32.47306868873256,32.474208417814225,32.48550868779421,11.300269979983568,True,
6376,onnx_model_002,measure,32.47383994553396,32.47439270792529,32.47619194770232,1.7992397770285606,True,
6377,onnx_model_005,measure,32.47595204908917,32.47645361581817,32.4855701350607,9.1165192425251,True,
6378,onnx_model_001,measure,32.476141806413054,32.47663741465658,32.48776351381093,11.126099154353142,True,
6379,onnx_model_000,measure,32.50121101874133,32.50210281088948,32.51307234307751,10.969532188028097,True,
6380,onnx_model_004,measure,32.50638584234123,32.50765137793496,32.51860086200759,10.949484072625637,True,
6381,onnx_model_001,measure,32.5091140954085,32.510213317815214,32.521254325751215,11.041007936000824,True,
6382,onnx_model_006,measure,32.5097292666012,32.510401625651866,32.52135515678674,10.953531134873629,True,
6383,onnx_model_002,measure,32.51646047434197,32.5172561458312,32.52805039379746,10.794247966259718,True,
6384,onnx_model_005,measure,32.519760686872,32.52076914301142,32.53180200466886,11.032861657440662,True,
6385,onnx_model_005,measure,32.519946873996346,32.520885614678264,32.531919087748975,11.033473070710897,True,
6386,onnx_model_000,measure,32.52008563404226,32.520965497009456,32.53186651784927,10.901020839810371,True,
6387,onnx_model_007,measure,32.52399734673502,32.52449276205152,32.535227477084845,10.734715033322573,True,
6388,onnx_model_001,measure,32.524581966262375,32.52469202969223,32.53540100669488,10.7089770026505,True,
6389,onnx_model_003,measure,32.526527857039696,32.52693436294794,32.53807183401659,11.137471068650484,True,
6390,onnx_model_003,measure,32.52812754474009,32.52921715192497,32.53814985183999,8.932699915021658,True,
6391,onnx_model_003,measure,32.52907941845138,32.529315419029444,32.53811787068844,8.80245165899396,True,
6392,onnx_model_001,measure,32.536868144904304,32.53761926293373,32.548748719040304,11.129456106573343,True,
6393,onnx_model_001,measure,32.5430810460154,32.543387718033046,32.54885390866548,5.466190632432699,True,
6394,onnx_model_006,measure,32.549720732346664,32.55009976681322,32.56124758673832,11.147819925099611,True,
6395,onnx_model_002,measure,32.55394148429243,32.55455109803006,32.565557329915464,11.006231885403395,True,
6396,onnx_model_006,measure,32.55485983230566,32.55599283892661,32.56137716397643,5.384325049817562,True,
6397,onnx_model_005,measure,32.563040311526755,32.56360686197877,32.57464373204857,11.036870069801807,True,
6398,onnx_model_002,measure,32.563269549802214,32.56377225602046,32.56566493399441,1.8926779739558697,True,
6399,onnx_model_000,measure,32.568100997294955,32.56890912074596,32.58039950300008,11.490382254123688,True,
6400,onnx_model_008,measure,32.568169038198086,32.5690740137361,32.580356179736555,11.282166000455618,True,
6401,onnx_model_005,measure,32.57924363914129,32.57991814799607,32.590960376895964,11.042228899896145,True,
6402,onnx_model_001,measure,32.58337953383556,32.58362538507208,32.594580257777125,10.954872705042362,True,
6403,onnx_model_006,measure,32.58828619627993,32.58906259993091,32.60002008872107,10.957488790154457,True,
6404,onnx_model_005,measure,32.59137430101909,32.59217995591462,32.60319792898372,11.017973069101572,True,
6405,onnx_model_009,measure,32.596631745764654,32.59780378593132,32.608679678756744,10.875892825424671,True,
6406,onnx_model_005,measure,32.59810522986092,32.599260344635695,32.60331351868808,4.053174052387476,True,
6407,onnx_model_008,measure,32.600284468863215,32.60124009801075,32.61224412498996,11.004026979207993,True,
6408,onnx_model_003,measure,32.60914679131765,32.609927020035684,32.62083481485024,10.907794814556837,True,
6409,onnx_model_007,measure,32.623275613301765,32.624094530940056,32.63524280209094,11.148271150887012,True,
6410,onnx_model_001,measure,32.62343239625686,32.62425779085606,32.635406913701445,11.149122845381498,True,
6411,onnx_model_002,measure,32.62654415323172,32.62677437486127,32.63770963065326,10.935255791991949,True,
6412,onnx_model_004,measure,32.62786120886484,32.62822625506669,32.639053124934435,10.826869867742062,True,
6413,onnx_model_001,measure,32.63015064050842,32.63065893901512,32.635446649976075,4.787710960954428,True,
6414,onnx_model_005,measure,32.63199469529287,32.63310519885272,32.644087644759566,10.982445906847715,True,
6415,onnx_model_002,measure,32.64291879155398,32.643295388668776,32.65441318182275,11.117793153971434,True,
6416,onnx_model_005,measure,32.64797030878983,32.64834426576272,32.65942277479917,11.078509036451578,True,
6417,onnx_model_005,measure,32.649748339913764,32.650814902968705,32.659591786097735,8.776883129030466,True,
6418,onnx_model_007,measure,32.650750448304414,32.651224590837955,32.662188773043454,10.964182205498219,True,
6419,onnx_model_005,measure,32.65136087549145,32.65158107876778,32.65963913593441,8.05805716663599,True,
6420,onnx_model_006,measure,32.652811130445016,32.65400415472686,32.66491668764502,10.912532918155193,True,
6421,onnx_model_006,measure,32.65553712397826,32.65665443288162,32.66504251677543,8.388083893805742,True,
6422,onnx_model_001,measure,32.65607771633618,32.65681853471324,32.66797961993143,11.161085218191147,True,
6423,onnx_model_004,measure,32.674614192001336,32.67520524468273,32.68626683205366,11.061587370932102,True,
6424,onnx_model_003,measure,32.67737210421333,32.67765564285219,32.68863948201761,10.98383916541934,True,
6425,onnx_model_005,measure,32.68283907821848,32.68314281385392,32.69414172088727,10.998907033354044,True,
6426,onnx_model_001,measure,32.69408002623988,32.694301574956626,32.7053889897652,11.087414808571339,True,
6427,onnx_model_000,measure,32.69508155835774,32.695740330033004,32.70690535288304,11.165022850036621,True,
6428,onnx_model_002,measure,32.69627794582264,32.697203690651804,32.70810804888606,10.904358234256506,True,
6429,onnx_model_001,measure,32.70893246292064,32.70935139199719,32.72036011889577,11.00872689858079,True,
6430,onnx_model_003,measure,32.711373916110624,32.711797050666064,32.72285457001999,11.057519353926182,True,
6431,onnx_model_007,measure,32.71762528361515,32.71824563900009,32.729172219056636,10.926580056548119,True,
6432,onnx_model_005,measure,32.72480617287831,32.72511072875932,32.73618515999988,11.074431240558624,True,
6433,onnx_model_003,measure,32.72790135488026,32.728545357938856,32.739840066991746,11.29470905289054,True,
6434,onnx_model_002,measure,32.73257064582406,32.7334149540402,32.74435095209628,10.935998056083918,True,
6435,onnx_model_007,measure,32.738954248300274,32.73941376665607,32.75060814572498,11.194379068911076,True,
6436,onnx_model_007,measure,32.74250808122207,32.74309788970277,32.75075044576079,7.6525560580194,True,
6437,onnx_model_009,measure,32.74298893758462,32.74325674166903,32.754207137040794,10.950395371764898,True,
6438,onnx_model_007,measure,32.74634857576937,32.746575018856674,32.75078812800348,4.2131091468036175,True,
6439,onnx_model_007,measure,32.760239066882065,32.76145202899352,32.77281804382801,11.366014834493399,True,
6440,onnx_model_000,measure,32.76072268546178,32.76161291403696,32.77267366880551,11.060754768550396,True,
6441,onnx_model_004,measure,32.76865675010629,32.769154188688844,32.78034608392045,11.191895231604576,True,
6442,onnx_model_006,measure,32.77013535049249,32.77069112099707,32.78194103483111,11.249913834035397,True,
6443,onnx_model_009,measure,32.776144694267536,32.77703886665404,32.788051379844546,11.012513190507889,True,
6444,onnx_model_003,measure,32.7809810338497,32.78156631300226,32.79278843477368,11.222121771425009,True,
6445,onnx_model_003,measure,32.784944377813964,32.785166455898434,32.792849651072174,7.683195173740387,True,
6446,onnx_model_001,measure,32.78757759950617,32.78816738072783,32.7993816267699,11.214246042072773,True,
6447,onnx_model_007,measure,32.79037952996263,32.79061504267156,32.801618999801576,11.003957130014896,True,
6448,onnx_model_004,measure,32.79108137180615,32.79201660770923,32.802993753924966,10.977146215736866,True,
6449,onnx_model_008,measure,32.806050300942495,32.80723745981231,32.81844185804948,11.204398237168789,True,
6450,onnx_model_004,measure,32.80633745770203,32.80739911785349,32.81856358004734,11.164462193846703,True,
6451,onnx_model_006,measure,32.81101168053211,32.811949256807566,32.822996605653316,11.047348845750093,True,
6452,onnx_model_005,measure,32.8119811364537,32.81230803905055,32.8235242087394,11.216169688850641,True,
6453,onnx_model_003,measure,32.82289857815532,32.823142763692886,32.834251639898866,11.108876205980778,True,
6454,onnx_model_009,measure,32.82853740589064,32.82975055463612,32.840920246671885,11.169692035764456,True,
6455,onnx_model_006,measure,32.829508261495796,32.82993327174336,32.84105215687305,11.11888512969017,True,
6456,onnx_model_001,measure,32.83351402285529,32.834348123986274,32.84543658187613,11.088457889854908,True,
6457,onnx_model_008,measure,32.8439381597363,32.844271967653185,32.855329265818,11.05729816481471,True,
6458,onnx_model_005,measure,32.84755300754824,32.84866287373006,32.859938226640224,11.275352910161018,True,
6459,onnx_model_006,measure,32.848229800904264,32.84882266772911,32.860673965886235,11.851298157125711,True,
6460,onnx_model_006,measure,32.85702841694651,32.85755832307041,32.86071767890826,3.1593558378517628,True,
6461,onnx_model_001,measure,32.85945999737209,32.860054147895426,32.87130445288494,11.250304989516735,True,
6462,onnx_model_008,measure,32.859518103118546,32.86021465295926,32.87141478294507,11.200129985809326,True,
6463,onnx_model_000,measure,32.8667675745596,32.8679565587081,32.879011862911284,11.055304203182459,True,
6464,onnx_model_004,measure,32.86965821073675,32.870394612662494,32.88152782572433,11.133213061839342,True,
6465,onnx_model_004,measure,32.872012731025215,32.87263425067067,32.88158450368792,8.950253017246723,True,
6466,onnx_model_007,measure,32.88254206008404,32.88279911270365,32.893803119659424,11.004006955772638,True,
6467,onnx_model_005,measure,32.898144828673026,32.89902654895559,32.909976492635906,10.94994368031621,True,
6468,onnx_model_004,measure,32.90012215321645,32.90049262577668,32.91159758483991,11.104959063231945,True,
6469,onnx_model_006,measure,32.921040174334905,32.92182039702311,32.93300700094551,11.186603922396898,True,
6470,onnx_model_003,measure,32.92201780471353,32.922300268895924,32.933319384697825,11.019115801900625,True,
6471,onnx_model_002,measure,32.92380770369864,32.924731730949134,32.93574887281284,11.017141863703728,True,
6472,onnx_model_002,measure,32.93031231097218,32.931181410793215,32.9358925758861,4.711165092885494,True,
6473,onnx_model_000,measure,32.93392127665849,32.934563719667494,32.94571035774425,11.146638076752424,True,
6474,onnx_model_005,measure,32.935871017825036,32.93604616774246,32.94718349771574,11.13732997328043,True,
6475,onnx_model_005,measure,32.94300851787449,32.94352469407022,32.94724219990894,3.7175058387219906,True,
6476,onnx_model_009,measure,32.94728959688433,32.94845871301368,32.95940798567608,10.9492726624012,True,
6477,onnx_model_007,measure,32.95364494048609,32.953916748054326,32.96496042003855,11.043671984225512,True,
6478,onnx_model_004,measure,32.95576033732546,32.956352517940104,32.96731058694422,10.958069004118443,True,
6479,onnx_model_000,measure,32.97457988586145,32.97555309487507,32.986752703785896,11.199608910828829,True,
6480,onnx_model_002,measure,32.98052059337356,32.98101432574913,32.99232536694035,11.311041191220284,True,
6481,onnx_model_008,measure,32.980814056589736,32.98117635399103,32.9922713637352,11.095009744167328,True,
6482,onnx_model_008,measure,33.02675225459365,33.027619315776974,33.038788626901805,11.169311124831438,True,
6483,onnx_model_005,measure,33.04374524836671,33.04409486381337,33.05521341878921,11.118554975837469,True,
6484,onnx_model_000,measure,33.05203836230676,33.052612754981965,33.06412661075592,11.513855773955584,True,
6485,onnx_model_008,measure,33.0565730578529,33.05744991963729,33.06847793189809,11.02801226079464,True,
6486,onnx_model_006,measure,33.05915992400158,33.05992673803121,33.07136293593794,11.43619790673256,True,
6487,onnx_model_007,measure,33.065268746488414,33.06635496672243,33.07860666606575,12.251699343323708,True,
6488,onnx_model_002,measure,33.07230662037616,33.072616959922016,33.08366855792701,11.051598004996777,True,
6489,onnx_model_003,measure,33.07261832790863,33.07300707185641,33.08391206106171,10.904989205300808,True,
6490,onnx_model_007,measure,33.07614562997003,33.07644838280976,33.07872063200921,2.272249199450016,True,
6491,onnx_model_004,measure,33.080236293456565,33.08095672307536,33.0920092118904,11.052488815039396,True,
6492,onnx_model_009,measure,33.08759305157398,33.088152390904725,33.09916174784303,11.009356938302517,True,
6493,onnx_model_001,measure,33.09404826475247,33.0952315479517,33.106250192038715,11.018644087016582,True,
6494,onnx_model_000,measure,33.09672197219908,33.097683257889,33.10899508977309,11.311831884086132,True,
6495,onnx_model_002,measure,33.097376044306046,33.09790465887636,33.1090372200124,11.132561136037111,True,
6496,onnx_model_007,measure,33.09925635247223,33.100386736914515,33.111989682074636,11.602945160120726,True,
6497,onnx_model_001,measure,33.11402482201637,33.11521426169202,33.1269939430058,11.77968131378293,True,
6498,onnx_model_003,measure,33.11596784025267,33.116660981904715,33.127818951848894,11.157969944179058,True,
6499,onnx_model_003,measure,33.12650923187919,33.12709122803062,33.13906363584101,11.972407810389996,True,
6500,onnx_model_000,measure,33.12659373004672,33.12725579086691,33.139108961913735,11.853171046823263,True,
6501,onnx_model_007,measure,33.13552902766504,33.13604538887739,33.147291196044534,11.24580716714263,True,
6502,onnx_model_009,measure,33.14735741510639,33.1485134488903,33.159591586794704,11.078137904405594,True,
6503,onnx_model_006,measure,33.147556097198255,33.14867611788213,33.15978394309059,11.107825208455324,True,
6504,onnx_model_002,measure,33.16234979038473,33.16301326081157,33.17409372376278,11.080462951213121,True,
6505,onnx_model_006,measure,33.163021533943244,33.16339654009789,33.174502750858665,11.106210760772228,True,
6506,onnx_model_009,measure,33.18032965005125,33.18072583992034,33.19177080504596,11.044965125620365,True,
6507,onnx_model_007,measure,33.18253780461207,33.18318942282349,33.1943631330505,11.173710227012634,True,
6508,onnx_model_001,measure,33.18520691822693,33.185721756890416,33.196736664976925,11.014908086508512,True,
6509,onnx_model_003,measure,33.205181216491624,33.20708419382572,33.21883245604113,11.748262215405703,True,
6510,onnx_model_007,measure,33.207414408156,33.208646934013814,33.21995812468231,11.31119066849351,True,
6511,onnx_model_007,measure,33.21044086794201,33.21211125981063,33.220012017991394,7.900758180767298,True,
6512,onnx_model_002,measure,33.212976161753744,33.21365275001153,33.22490022005513,11.247470043599606,True,
6513,onnx_model_002,measure,33.22013406739098,33.22147012967616,33.22495675692335,3.486627247184515,True,
6514,onnx_model_002,measure,33.22515717433131,33.22625456377864,33.23734339280054,11.088829021900892,True,
6515,onnx_model_000,measure,33.226365726695676,33.226657249964774,33.23780948901549,11.152239050716162,True,
6516,onnx_model_009,measure,33.2311448811909,33.23221760895103,33.24335862696171,11.141018010675907,True,
6517,onnx_model_002,measure,33.2401129724246,33.24112126370892,33.25274513894692,11.623875238001347,True,
6518,onnx_model_009,measure,33.24055399180587,33.241308389697224,33.24341287976131,2.10449006408453,True,
6519,onnx_model_007,measure,33.24383104192497,33.24470980465412,33.255953727755696,11.243923101574183,True,
6520,onnx_model_007,measure,33.25184529308001,33.2523383856751,33.25600989488885,3.671509213745594,True,
6521,onnx_model_007,measure,33.26108334256336,33.262313487008214,33.273522363975644,11.208876967430115,True,
6522,onnx_model_002,measure,33.2725412815109,33.27287639584392,33.2840440440923,11.167648248374462,True,
6523,onnx_model_009,measure,33.27335939242368,33.27367907203734,33.28477823967114,11.099167633801699,True,
6524,onnx_model_006,measure,33.275429381209904,33.27624100167304,33.28777960501611,11.538603343069553,True,
6525,onnx_model_004,measure,33.275593738838204,33.27643067203462,33.287616074085236,11.185402050614357,True,
6526,onnx_model_006,measure,33.280467672167326,33.28106897883117,33.28782077273354,6.751793902367353,True,
6527,onnx_model_001,measure,33.28808108093306,33.2890925607644,33.3003587257117,11.26616494730115,True,
6528,onnx_model_004,measure,33.28837042545812,33.289282442070544,33.30051499279216,11.232550721615553,True,
6529,onnx_model_002,measure,33.291705222647934,33.29289820464328,33.303957355674356,11.059151031076908,True,
6530,onnx_model_004,measure,33.29551996481169,33.29639179492369,33.30056894477457,4.177149850875139,True,
6531,onnx_model_003,measure,33.304207563938746,33.30518995877355,33.31635440187529,11.164443101733923,True,
6532,onnx_model_007,measure,33.30494707850764,33.305363138671964,33.316500179003924,11.137040331959724,True,
6533,onnx_model_008,measure,33.3081826372446,33.30890540173277,33.31993701169267,11.03160995990038,True,
6534,onnx_model_004,measure,33.31028883314115,33.311352473683655,33.32229660684243,10.944133158773184,True,
6535,onnx_model_007,measure,33.31645533372728,33.31664894102141,33.32760989665985,10.960955638438463,True,
6536,onnx_model_007,measure,33.31854705414912,33.31910764472559,33.327730144839734,8.622500114142895,True,
6537,onnx_model_004,measure,33.33433189868897,33.33496628003195,33.34588622674346,10.91994671151042,True,
6538,onnx_model_001,measure,33.34048679263982,33.34144260082394,33.35235494375229,10.912342928349972,True,
6539,onnx_model_002,measure,33.34161368997853,33.34180163266137,33.35265989275649,10.858260095119476,True,
6540,onnx_model_003,measure,33.345814843485726,33.34603881696239,33.35698808077723,10.94926381483674,True,
6541,onnx_model_008,measure,33.35923875329597,33.36023422097787,33.371272783726454,11.038562748581171,True,
6542,onnx_model_003,measure,33.37637635913985,33.37758459197357,33.38874744065106,11.162848677486181,True,
6543,onnx_model_000,measure,33.37674144662532,33.37777264881879,33.38889916893095,11.126520112156868,True,
6544,onnx_model_008,measure,33.378086010358246,33.37825886299834,33.38932465808466,11.065795086324215,True,
6545,onnx_model_005,measure,33.382142065844704,33.38277153065428,33.393978784792125,11.207254137843847,True,
6546,onnx_model_009,measure,33.384440025714746,33.385384297929704,33.39664535364136,11.261055711656809,True,
6547,onnx_model_007,measure,33.386266464148996,33.386828262824565,33.39779482875019,10.966565925627947,True,
6548,onnx_model_004,measure,33.39409755769665,33.3952165376395,33.40617799386382,10.961456224322319,True,
6549,onnx_model_008,measure,33.409824866268075,33.410420117899776,33.42143771098927,11.017593089491129,True,
6550,onnx_model_000,measure,33.41379001924742,33.41491025267169,33.4261977490969,11.28749642521143,True,
6551,onnx_model_008,measure,33.415217409851024,33.4163535060361,33.42157182469964,5.218318663537502,True,
6552,onnx_model_006,measure,33.42013313980021,33.42079767398536,33.43178392667323,10.986252687871456,True,
6553,onnx_model_008,measure,33.42532505416162,33.42581545189023,33.436947141774,11.131689883768559,True,
6554,onnx_model_005,measure,33.4332501804889,33.43401696207002,33.44493115786463,10.91419579461217,True,
6555,onnx_model_006,measure,33.43849055570738,33.43916317401454,33.45044664200395,11.28346798941493,True,
6556,onnx_model_006,measure,33.43867826679618,33.439273403957486,33.45048272097483,11.20931701734662,True,
6557,onnx_model_001,measure,33.446075421444995,33.44714359380305,33.458063340745866,10.919746942818165,True,
6558,onnx_model_001,measure,33.44748233344695,33.44852610165253,33.45814064797014,9.614546317607164,True,
6559,onnx_model_001,measure,33.45022457931815,33.450571118853986,33.45821479894221,7.643680088222027,True,
6560,onnx_model_000,measure,33.46102086504975,33.46141273807734,33.47257149871439,11.158760637044907,True,
6561,onnx_model_003,measure,33.461579188013566,33.461811404675245,33.472889753989875,11.078349314630032,True,
6562,onnx_model_001,measure,33.462403070032586,33.46326854499057,33.47436541877687,11.09687378630042,True,
6563,onnx_model_007,measure,33.46252910648602,33.46338141988963,33.47448929399252,11.107874102890491,True,
6564,onnx_model_006,measure,33.48813929812221,33.48882218869403,33.500159218907356,11.337030213326216,True,
6565,onnx_model_006,measure,33.491255968718335,33.49237471166998,33.50021040579304,7.835694123059511,True,
6566,onnx_model_001,measure,33.50626063512623,33.50750397099182,33.51841544173658,10.911470744758844,True,
6567,onnx_model_003,measure,33.50844426597274,33.50904757482931,33.51998460479081,10.937029961496592,True,
6568,onnx_model_008,measure,33.509001825276194,33.50943751586601,33.52034637192264,10.908856056630611,True,
6569,onnx_model_004,measure,33.525880046375896,33.52655467297882,33.53754734899849,10.992676019668579,True,
6570,onnx_model_001,measure,33.52784219266794,33.52903161197901,33.53994930488989,10.91769291087985,True,
6571,onnx_model_007,measure,33.52899273244527,33.52926786104217,33.54017286980525,10.905008763074875,True,
6572,onnx_model_005,measure,33.53089181546036,33.5317138498649,33.54547395603731,13.760106172412634,True,
6573,onnx_model_003,measure,33.53567469980555,33.536190358921885,33.547164308838546,10.973949916660786,True,
6574,onnx_model_004,measure,33.543198846379696,33.54446084005758,33.555517186876386,11.056346818804741,True,
6575,onnx_model_001,measure,33.54715573004061,33.547335724812,33.55847418773919,11.13846292719245,True,
6576,onnx_model_002,measure,33.54837474355419,33.548783246893436,33.55997267598286,11.189429089426994,True,
6577,onnx_model_001,measure,33.54846096660327,33.548907161690295,33.558526056818664,9.618895128369331,True,
6578,onnx_model_007,measure,33.54872687753148,33.54918828699738,33.559750814922154,10.562527924776077,True,
6579,onnx_model_007,measure,33.550188540718885,33.55059465998784,33.55982432374731,9.229663759469986,True,
6580,onnx_model_007,measure,33.55612092098398,33.55675390781835,33.56000966671854,3.25575890019536,True,
6581,onnx_model_007,measure,33.558325968665436,33.55868588993326,33.56010219268501,1.416302751749754,True,
6582,onnx_model_003,measure,33.56753360011022,33.56827961700037,33.57910016505048,10.820548050105572,True,
6583,onnx_model_001,measure,33.56852488670419,33.56954457098618,33.58024302683771,10.698455851525068,True,
6584,onnx_model_000,measure,33.57205403306989,33.572791502811015,33.58339432766661,10.602824855595827,True,
6585,onnx_model_008,measure,33.5883040618903,33.588552842848,33.59907995397225,10.527111124247313,True,
6586,onnx_model_006,measure,33.58998536035699,33.59084712387994,33.60137351369485,10.526389814913273,True,
6587,onnx_model_003,measure,33.5942723325694,33.59514494379982,33.60571265174076,10.567707940936089,True,
6588,onnx_model_007,measure,33.594961131459954,33.59524240903556,33.605797602795064,10.55519375950098,True,
6589,onnx_model_006,measure,33.61178883788591,33.612014029640704,33.62274538865313,10.731359012424946,True,
6590,onnx_model_004,measure,33.62420610068133,33.62505276501179,33.635935701895505,10.882936883717775,True,
6591,onnx_model_002,measure,33.62610774271936,33.6265600300394,33.63749215006828,10.932120028883219,True,
6592,onnx_model_000,measure,33.62833276873434,33.62903399206698,33.639731586910784,10.697594843804836,True,
6593,onnx_model_005,measure,33.63086331957594,33.631535517051816,33.642370462883264,10.83494583144784,True,
6594,onnx_model_007,measure,33.634733079868475,33.635065987706184,33.64600281789899,10.936830192804337,True,
6595,onnx_model_006,measure,33.63728813394163,33.637598562054336,33.648352834861726,10.754272807389498,True,
6596,onnx_model_003,measure,33.64504241698689,33.645594561938196,33.656377248000354,10.782686062157154,True,
6597,onnx_model_004,measure,33.65915655091897,33.65960381180048,33.67063379799947,11.029986198991537,True,
6598,onnx_model_006,measure,33.66087645349166,33.66204221686348,33.67278516665101,10.742949787527323,True,
6599,onnx_model_001,measure,33.66218863902525,33.66239408496767,33.67315206490457,10.757979936897755,True,
6600,onnx_model_009,measure,33.664232382481835,33.664821790065616,33.675475642085075,10.65385201945901,True,
6601,onnx_model_005,measure,33.66979377056455,33.67026564804837,33.68097127787769,10.705629829317331,True,
6602,onnx_model_003,measure,33.6787914056547,33.6797187468037,33.690666968002915,10.948221199214458,True,
6603,onnx_model_006,measure,33.679014827791505,33.679915650747716,33.690791664645076,10.876013897359371,True,
6604,onnx_model_000,measure,33.68105966648397,33.68220816878602,33.69291669502854,10.708526242524385,True,
6605,onnx_model_008,measure,33.68422347993215,33.68465060181916,33.69547161087394,10.821009054780006,True,
6606,onnx_model_009,measure,33.69305388774912,33.694148235954344,33.705002647824585,10.854411870241165,True,
6607,onnx_model_009,measure,33.6945449409127,33.69556578993797,33.70506623899564,9.500449057668447,True,
6608,onnx_model_003,measure,33.69461275220313,33.695723198819906,33.706474295817316,10.751096997410059,True,
6609,onnx_model_008,measure,33.70045224167577,33.70124029694125,33.71205342095345,10.813124012202024,True,
6610,onnx_model_005,measure,33.707728786661,33.708707350771874,33.71945533063263,10.747979860752821,True,
6611,onnx_model_003,measure,33.711491498855544,33.712145826779306,33.722836127039045,10.69030025973916,True,
6612,onnx_model_009,measure,33.712798196624995,33.71357462275773,33.7241569980979,10.582375340163708,True,
6613,onnx_model_008,measure,33.72171003363709,33.72261590883136,33.73334229784086,10.72638900950551,True,
6614,onnx_model_003,measure,33.7380660006563,33.73855450609699,33.74928986188024,10.735355783253908,True,
6615,onnx_model_006,measure,33.73999061724154,33.740995896980166,33.75191044388339,10.9145469032228,True,
6616,onnx_model_004,measure,33.74259440211197,33.743422438856214,33.75443348009139,11.011041235178709,True,
6617,onnx_model_000,measure,33.74267991212563,33.74358004890382,33.7544739167206,10.893867816776037,True,
6618,onnx_model_009,measure,33.750406534111264,33.75151064386591,33.7622633529827,10.752709116786718,True,
6619,onnx_model_005,measure,33.75953201348028,33.760691785719246,33.771508316043764,10.81653032451868,True,
6620,onnx_model_006,measure,33.76362919381456,33.764483763836324,33.77532472088933,10.840957053005695,True,
6621,onnx_model_003,measure,33.76604482437807,33.76693658577278,33.777922889683396,10.98630391061306,True,
6622,onnx_model_008,measure,33.767262524327464,33.76836186507717,33.779124833643436,10.762968566268682,True,
6623,onnx_model_002,measure,33.77066758369844,33.771603608038276,33.78230677265674,10.703164618462324,True,
6624,onnx_model_000,measure,33.77683424030962,33.777543128002435,33.788442625664175,10.899497661739588,True,
6625,onnx_model_007,measure,33.7779584649657,33.779217139817774,33.78998204274103,10.764902923256159,True,
6626,onnx_model_006,measure,33.780458775473335,33.78164906287566,33.79242381406948,10.77475119382143,True,
6627,onnx_model_008,measure,33.78399492171703,33.784524908754975,33.79529030295089,10.765394195914268,True,
6628,onnx_model_004,measure,33.78583026913742,33.786969816777855,33.79788928292692,10.919466149061918,True,
6629,onnx_model_004,measure,33.78791189053265,33.78853694582358,33.79793464904651,9.397703222930431,True,
6630,onnx_model_000,measure,33.788217519123165,33.78869585786015,33.799532666802406,10.836808942258358,True,
6631,onnx_model_005,measure,33.79390378753856,33.79464207077399,33.80561237409711,10.970303323119879,True,
6632,onnx_model_003,measure,33.80328290304317,33.803748049773276,33.81451333267614,10.765282902866602,True,
6633,onnx_model_005,measure,33.80553688736425,33.80575763992965,33.81660578073934,10.848140809684992,True,
6634,onnx_model_001,measure,33.818529402933564,33.818820090033114,33.829570394940674,10.750304907560349,True,
6635,onnx_model_003,measure,33.82033773461385,33.821271849796176,33.83196945488453,10.697605088353157,True,
6636,onnx_model_004,measure,33.8335350418579,33.83419980388135,33.84509211871773,10.892314836382866,True,
6637,onnx_model_008,measure,33.839016072155665,33.83962882403284,33.85045455303043,10.825728997588158,True,
6638,onnx_model_007,measure,33.846424443123176,33.84731006482616,33.8581272168085,10.817151982337236,True,
6639,onnx_model_004,measure,33.8480445557628,33.8487381497398,33.85954267764464,10.804527904838324,True,
6640,onnx_model_002,measure,33.85464397083088,33.855673152022064,33.86645346367732,10.780311655253172,True,
6641,onnx_model_004,measure,33.86077311150126,33.86175758764148,33.87268080096692,10.923213325440884,True,
6642,onnx_model_005,measure,33.864464911006344,33.86520654382184,33.87610134296119,10.894799139350653,True,
6643,onnx_model_002,measure,33.86843681042628,33.868671610951424,33.87950637564063,10.834764689207077,True,
6644,onnx_model_002,measure,33.8690268825665,33.87011023471132,33.879647543653846,9.537308942526579,True,
6645,onnx_model_002,measure,33.87591787644655,33.87619333807379,33.879684794694185,3.4914566203951836,True,
6646,onnx_model_007,measure,33.87642136920713,33.87761928886175,33.8886088388972,10.989550035446882,True,
6647,onnx_model_009,measure,33.88047952967144,33.88090763986111,33.89180744905025,10.899809189140797,True,
6648,onnx_model_007,measure,33.88378300380086,33.884337689727545,33.888716622721404,4.378932993859053,True,
6649,onnx_model_003,measure,33.89055879064583,33.890969515778124,33.90191629389301,10.946778114885092,True,
6650,onnx_model_005,measure,33.894185240238876,33.895034121815115,33.90599395474419,10.959832929074764,True,
6651,onnx_model_009,measure,33.90261663937385,33.90314674284309,33.91420115577057,11.054412927478552,True,
6652,onnx_model_002,measure,33.90323060853849,33.90350216906518,33.914476739708334,10.974570643156767,True,
6653,onnx_model_006,measure,33.912485735622255,33.91322299698368,33.92442792607471,11.20492909103632,True,
6654,onnx_model_007,measure,33.91303547127875,33.9133818987757,33.92446647863835,11.08457986265421,True,
6655,onnx_model_002,measure,33.91335778887451,33.91381221683696,33.92471335781738,10.901140980422497,True,
6656,onnx_model_008,measure,33.94594712490074,33.9469454777427,33.95803417591378,11.088698171079159,True,
6657,onnx_model_003,measure,33.95325212091904,33.95446098409593,33.965570251923054,11.109267827123404,True,
6658,onnx_model_002,measure,33.95501770283805,33.95600885665044,33.9672190756537,11.210219003260136,True,
6659,onnx_model_004,measure,33.95711499257926,33.957491364795715,33.96853977581486,11.048411019146442,True,
6660,onnx_model_004,measure,33.96634811311044,33.96680645085871,33.96865857206285,1.8521212041378021,True,
6661,onnx_model_005,measure,33.97030781854158,33.970894813071936,33.981950347777456,11.055534705519676,True,
6662,onnx_model_008,measure,33.97174545730162,33.97234166273847,33.98359527485445,11.253612115979195,True,
6663,onnx_model_008,measure,33.97517112518838,33.9758064490743,33.9836377450265,7.83129595220089,True,
6664,onnx_model_002,measure,33.97823396728448,33.97927460167557,33.99043826200068,11.163660325109959,True,
6665,onnx_model_002,measure,33.98322684136725,33.98373050196096,33.99048382882029,6.7533268593251705,True,
6666,onnx_model_004,measure,33.98480351236205,33.98519147885963,33.9962854469195,11.09396805986762,True,
6667,onnx_model_000,measure,33.990882292793394,33.99170958902687,34.002987476065755,11.277887038886547,True,
6668,onnx_model_007,measure,33.99132904960169,33.99191367672756,34.00311732292175,11.203646194189787,True,
6669,onnx_model_008,measure,33.99654379884944,33.997508090920746,34.00842901971191,10.920928791165352,True,
6670,onnx_model_004,measure,34.00487211734439,34.00534053891897,34.01631260570139,10.972066782414913,True,
6671,onnx_model_004,measure,34.00724779497909,34.00778345298022,34.016439316794276,8.65586381405592,True,
6672,onnx_model_003,measure,34.01426596794228,34.0146577199921,34.02570291608572,11.04519609361887,True,
6673,onnx_model_004,measure,34.02503446735448,34.025817793793976,34.03707106504589,11.253271251916885,True,
6674,onnx_model_005,measure,34.02548256249084,34.02601120201871,34.037195400800556,11.184198781847954,True,
6675,onnx_model_001,measure,34.03026285764298,34.03052391996607,34.04166904464364,11.145124677568674,True,
6676,onnx_model_006,measure,34.03261901034705,34.033062785863876,34.04407205292955,11.009267065674067,True,
6677,onnx_model_006,measure,34.03799055547362,34.03841373696923,34.04417399596423,5.760258994996548,True,
6678,onnx_model_004,measure,34.03918729710338,34.03984495671466,34.05081720370799,10.972246993333101,True,
6679,onnx_model_001,measure,34.04020292070485,34.04128183890134,34.052248113788664,10.96627488732338,True,
6680,onnx_model_008,measure,34.04776326385425,34.04841292370111,34.05938839679584,10.97547309473157,True,
6681,onnx_model_009,measure,34.05197702542535,34.05234037991613,34.06331581203267,10.975432116538286,True,
6682,onnx_model_005,measure,34.05440326894448,34.05479162884876,34.06578929396346,10.997665114700794,True,
6683,onnx_model_007,measure,34.059073730274655,34.059483177028596,34.0708197359927,11.33655896410346,True,
6684,onnx_model_006,measure,34.060518291823676,34.06095998408273,34.07189826667309,10.93828259035945,True,
6685,onnx_model_009,measure,34.06301934405559,34.0634117750451,34.07428637566045,10.874600615352392,True,
6686,onnx_model_005,measure,34.066565899379746,34.06700909277424,34.077882731799036,10.873639024794102,True,
6687,onnx_model_008,measure,34.06994207008134,34.07050448702648,34.08164278976619,11.138302739709616,True,
6688,onnx_model_004,measure,34.081319768603755,34.08174497401342,34.09269082965329,10.945855639874935,True,
6689,onnx_model_009,measure,34.08714968657306,34.08824954787269,34.099171568639576,10.922020766884089,True,
6690,onnx_model_009,measure,34.09967315983717,34.10040459269658,34.11131531279534,10.910720098763704,True,
6691,onnx_model_003,measure,34.10085784507461,34.10183933004737,34.11283388873562,10.994558688253164,True,
6692,onnx_model_007,measure,34.107579498699394,34.108304739929736,34.11948101501912,11.176275089383125,True,
6693,onnx_model_007,measure,34.11034906986768,34.110764134675264,34.11994604906067,9.181914385408163,True,
6694,onnx_model_005,measure,34.113645150306944,34.11401336081326,34.12528981687501,11.27645606175065,True,
6695,onnx_model_005,measure,34.11926421364675,34.11957834009081,34.125335914082825,5.757573992013931,True,
6696,onnx_model_004,measure,34.120275424901465,34.12117125792429,34.13212062092498,10.949363000690937,True,
6697,onnx_model_005,measure,34.12375657783385,34.12461408181116,34.13576343469322,11.149352882057428,True,
6698,onnx_model_009,measure,34.1254247361143,34.12655761605129,34.13750530593097,10.94768987968564,True,
6699,onnx_model_002,measure,34.14168784451142,34.14272360596806,34.15364133892581,10.917732957750559,True,
6700,onnx_model_002,measure,34.15572512031824,34.15688614686951,34.16796557698399,11.079430114477873,True,
6701,onnx_model_008,measure,34.156436875251934,34.15706993592903,34.168081989046186,11.012053117156029,True,
6702,onnx_model_003,measure,34.15735391205482,34.15751053392887,34.16850859904662,10.998065117746592,True,
6703,onnx_model_007,measure,34.1577525507428,34.15898582804948,34.17008431488648,11.098486836999655,True,
6704,onnx_model_000,measure,34.163463907772595,34.16443111887202,34.175632781814784,11.201662942767143,True,
6705,onnx_model_007,measure,34.16351552853781,34.16464273072779,34.17012226674706,5.479536019265652,True,
6706,onnx_model_007,measure,34.207268905962195,34.207911227829754,34.219004885759205,11.093657929450274,True,
6707,onnx_model_001,measure,34.21093701226249,34.21135970391333,34.22231754288077,10.957838967442513,True,
6708,onnx_model_004,measure,34.21331969714613,34.213795142713934,34.22479097498581,10.995832271873951,True,
6709,onnx_model_008,measure,34.214514057722326,34.21524674165994,34.226290774997324,11.044033337384462,True,
6710,onnx_model_008,measure,34.22818963058504,34.22851204778999,34.23948827199638,10.976224206387997,True,
6711,onnx_model_000,measure,34.23467276404606,34.234970164019614,34.246022121980786,11.051957961171865,True,
6712,onnx_model_009,measure,34.24375776417075,34.24479366699234,34.256140695884824,11.347028892487288,True,
6713,onnx_model_006,measure,34.24381345341726,34.245023062918335,34.25619568070397,11.17261778563261,True,
6714,onnx_model_003,measure,34.244859744356376,34.245513305068016,34.256667957641184,11.154652573168278,True,
6715,onnx_model_005,measure,34.262338473230955,34.262988422997296,34.274710764642805,11.722341645509005,True,
6716,onnx_model_004,measure,34.26659176278591,34.267533702775836,34.27866835799068,11.134655214846134,True,
6717,onnx_model_007,measure,34.267850513908584,34.26911856466904,34.280242579989135,11.12401532009244,True,
6718,onnx_model_008,measure,34.268911600929336,34.26932282280177,34.28034502500668,11.022202204912901,True,
6719,onnx_model_004,measure,34.27401371221532,34.27482359902933,34.27879763394594,3.9740349166095257,True,
6720,onnx_model_008,measure,34.27573616762606,34.27635747473687,34.28045986266807,4.102387931197882,True,
6721,onnx_model_005,measure,34.28348828434452,34.28469102596864,34.29581579286605,11.124766897410154,True,
6722,onnx_model_005,measure,34.28854960387746,34.289167234674096,34.2959667397663,6.799505092203617,True,
6723,onnx_model_006,measure,34.29076314248256,34.29162188107148,34.3025899999775,10.968118906021118,True,
6724,onnx_model_002,measure,34.29676825238774,34.29718829179183,34.30813204403967,10.943752247840166,True,
6725,onnx_model_008,measure,34.29770138232074,34.2986322469078,34.30977516807616,11.142921168357134,True,
6726,onnx_model_008,measure,34.302678440689704,34.3038157899864,34.30983645375818,6.020663771778345,True,
6727,onnx_model_005,measure,34.3043437198303,34.30526973400265,34.31627569394186,11.005959939211607,True,
6728,onnx_model_000,measure,34.30901312944287,34.30935265496373,34.320429659914225,11.077004950493574,True,
6729,onnx_model_003,measure,34.31473234627641,34.31505634682253,34.326067646965384,11.011300142854452,True,
6730,onnx_model_000,measure,34.318945211654366,34.3194981100969,34.33045879378915,10.960683692246675,True,
6731,onnx_model_006,measure,34.32806637439328,34.32833173079416,34.33932506805286,10.993337258696556,True,
6732,onnx_model_009,measure,34.33180662638833,34.332685947883874,34.3436564207077,10.970472823828459,True,
6733,onnx_model_002,measure,34.33941462591675,34.34054346382618,34.35154778184369,11.00431801751256,True,
6734,onnx_model_001,measure,34.34060063978376,34.34092101175338,34.35234895488247,11.427943129092455,True,
6735,onnx_model_000,measure,34.34193091005989,34.34237420372665,34.35328716784716,10.91296412050724,True,
6736,onnx_model_005,measure,34.34633608267617,34.34689411567524,34.35789243178442,10.99831610918045,True,
6737,onnx_model_007,measure,34.347665364510995,34.34836068376899,34.35929377563298,10.93309186398983,True,
6738,onnx_model_009,measure,34.36040977804076,34.36151883471757,34.37265057489276,11.131740175187588,True,
6739,onnx_model_005,measure,34.360652182731826,34.36173645872623,34.37282723095268,11.090772226452827,True,
6740,onnx_model_000,measure,34.37309162521791,34.374008535873145,34.3849764149636,10.967879090458155,True,
6741,onnx_model_007,measure,34.37628813490703,34.377447332721204,34.388398619834334,10.951287113130093,True,
6742,onnx_model_001,measure,34.39192908686113,34.39264002209529,34.403571070637554,10.931048542261124,True,
6743,onnx_model_008,measure,34.393997289621815,34.39509380701929,34.40608312608674,10.989319067448378,True,
6744,onnx_model_005,measure,34.40114248641479,34.40153128374368,34.41267671901733,11.145435273647308,True,
6745,onnx_model_003,measure,34.40136823471038,34.40169488498941,34.41280925087631,11.114365886896849,True,
6746,onnx_model_000,measure,34.409821736083444,34.41032900707796,34.421312293969095,10.983286891132593,True,
6747,onnx_model_007,measure,34.41792896771545,34.41903431387618,34.430364961735904,11.330647859722376,True,
6748,onnx_model_008,measure,34.418654731426756,34.41919795470312,34.43047405965626,11.27610495314002,True,
6749,onnx_model_001,measure,34.42434245300071,34.42553596291691,34.4365286687389,10.992705821990967,True,
6750,onnx_model_004,measure,34.44055879360086,34.4417084348388,34.45242354273796,10.715107899159193,True,
6751,onnx_model_007,measure,34.44507284263411,34.445995413698256,34.456832143012434,10.836729314178228,True,
6752,onnx_model_001,measure,34.445334060798366,34.44609353970736,34.4569331347011,10.83959499374032,True,
6753,onnx_model_006,measure,34.44950083804157,34.45042393170297,34.46114488085732,10.720949154347181,True,
6754,onnx_model_008,measure,34.45163615104783,34.45249176165089,34.46315828803927,10.666526388376951,True,
6755,onnx_model_007,measure,34.46340169678956,34.46430720202625,34.47551419492811,11.206992901861668,True,
6756,onnx_model_004,measure,34.47120808996452,34.47168923402205,34.48281236784533,11.123133823275566,True,
6757,onnx_model_009,measure,34.474111002119386,34.47514150571078,34.486138289794326,10.996784083545208,True,
6758,onnx_model_004,measure,34.48832966395033,34.48943712003529,34.50043514603749,10.998026002198458,True,
6759,onnx_model_002,measure,34.49691929707577,34.49799035908654,34.509000757709146,11.010398622602224,True,
6760,onnx_model_001,measure,34.499675879409175,34.5005463976413,34.51146169565618,10.915298014879227,True,
6761,onnx_model_003,measure,34.501597021632485,34.50208484195173,34.51303674001247,10.95189806073904,True,
6762,onnx_model_009,measure,34.50238617802846,34.5036277747713,34.51465611765161,11.028342880308628,True,
6763,onnx_model_004,measure,34.50689092510052,34.507122558075935,34.51805864600465,10.936087928712368,True,
6764,onnx_model_002,measure,34.51358938957225,34.51426135795191,34.52526621706784,11.004859115928411,True,
6765,onnx_model_009,measure,34.51927130984039,34.52030086796731,34.53115993971005,10.859071742743254,True,
6766,onnx_model_001,measure,34.53115267180881,34.53132480289787,34.542355610989034,11.030808091163635,True,
6767,onnx_model_000,measure,34.536250984642386,34.536770754959434,34.54781568981707,11.04493485763669,True,
6768,onnx_model_003,measure,34.53673006293108,34.537143955007195,34.54834935395047,11.205398943275213,True,
6769,onnx_model_007,measure,34.541356697092844,34.54158159997314,34.55252089397982,10.939294006675482,True,
6770,onnx_model_003,measure,34.54518431718809,34.54558260506019,34.54839421994984,2.811614889651537,True,
6771,onnx_model_004,measure,34.54734392927519,34.547932020854205,34.55871380586177,10.781785007566214,True,
6772,onnx_model_002,measure,34.554932522499236,34.55576349794865,34.56691602664068,11.152528692036867,True,
6773,onnx_model_006,measure,34.55513800665283,34.55594735685736,34.566991990897804,11.04463404044509,True,
6774,onnx_model_009,measure,34.55631031509146,34.55746679473668,34.568064420018345,10.597625281661749,True,
6775,onnx_model_003,measure,34.56182365430772,34.562890876084566,34.57369689689949,10.806020814925432,True,
6776,onnx_model_008,measure,34.56289396304685,34.56311006192118,34.573832804802805,10.72274288162589,True,
6777,onnx_model_005,measure,34.56504409879196,34.56538841268048,34.57613571174443,10.747299063950777,True,
6778,onnx_model_000,measure,34.56609256709724,34.566683765966445,34.57729911385104,10.615347884595394,True,
6779,onnx_model_009,measure,34.58447130781561,34.585453423671424,34.59639001265168,10.936588980257511,True,
6780,onnx_model_002,measure,34.60086726154649,34.60161229968071,34.612778455019,11.166155338287354,True,
6781,onnx_model_007,measure,34.6039256694465,34.60525063565001,34.616329995915294,11.079360265284777,True,
6782,onnx_model_003,measure,34.60824226254868,34.60878439294174,34.61974704172462,10.962648782879114,True,
6783,onnx_model_000,measure,34.609723109391425,34.61032720608637,34.621206786017865,10.879579931497574,True,
6784,onnx_model_001,measure,34.61189192303418,34.612925875000656,34.623891088645905,10.965213645249605,True,
6785,onnx_model_007,measure,34.621115928671415,34.62136004772037,34.63281140476465,11.451357044279575,True,
6786,onnx_model_004,measure,34.63178927980653,34.63216819288209,34.643490484915674,11.322292033582926,True,
6787,onnx_model_009,measure,34.63190868598984,34.63235914474353,34.64338189782575,11.022753082215786,True,
6788,onnx_model_003,measure,34.63861434747234,34.63904532464221,34.65002416400239,10.978839360177517,True,
6789,onnx_model_005,measure,34.641153648426744,34.64148476207629,34.652525909710675,11.041147634387016,True,
6790,onnx_model_008,measure,34.64795937393061,34.648713702801615,34.6596826040186,10.968901216983795,True,
6791,onnx_model_008,measure,34.66654202680427,34.667012095917016,34.67822776501998,11.215669102966785,True,
6792,onnx_model_002,measure,34.67485219432178,34.67556689679623,34.68682783283293,11.26093603670597,True,
6793,onnx_model_008,measure,34.675298736382274,34.67575390264392,34.678281106986105,2.527204342186451,True,
6794,onnx_model_003,measure,34.678343568452725,34.679574615787715,34.69101828802377,11.443672236055136,True,
6795,onnx_model_001,measure,34.6896703356672,34.690153524745256,34.702372500672936,12.21897592768073,True,
6796,onnx_model_000,measure,34.697142188331625,34.69833596795797,34.70995224872604,11.616280768066645,True,
6797,onnx_model_001,measure,34.69999193874218,34.70093807391822,34.71231514075771,11.37706683948636,True,
6798,onnx_model_001,measure,34.700808818323786,34.70140667492524,34.71247894177213,11.072266846895218,True,
6799,onnx_model_000,measure,34.703941286259436,34.7046292508021,34.71001139190048,5.382141098380089,True,
6800,onnx_model_001,measure,34.70809103890341,34.70913707977161,34.71253573009744,3.398650325834751,True,
6801,onnx_model_007,measure,34.708905488392226,34.7093106796965,34.720671215094626,11.360535398125648,True,
6802,onnx_model_001,measure,34.71097282505213,34.71124588791281,34.712566267699,1.3203797861933708,True,
6803,onnx_model_007,measure,34.716885331369745,34.71780487569049,34.720803095027804,2.9982193373143673,True,
6804,onnx_model_003,measure,34.72532398930862,34.726030983030796,34.737124629784375,11.093646753579378,True,
6805,onnx_model_003,measure,34.731145937562914,34.7314791190438,34.73717548698187,5.696367938071489,True,
6806,onnx_model_002,measure,34.739766150297996,34.74039827287197,34.75143846869469,11.04019582271576,True,
6807,onnx_model_000,measure,34.74356700725277,34.74384433263913,34.75533297192305,11.488639283925295,True,
6808,onnx_model_008,measure,34.74390511828179,34.74424200877547,34.7554589509964,11.216942220926285,True,
6809,onnx_model_004,measure,34.74719228072053,34.74771581264213,34.75875767180696,11.041859164834023,True,
6810,onnx_model_001,measure,34.75324277033259,34.75366387888789,34.764637778978795,10.973900090903044,True,
6811,onnx_model_006,measure,34.76491852366776,34.7658881759271,34.776796290650964,10.908114723861217,True,
6812,onnx_model_004,measure,34.770178172396506,34.77133855596185,34.78297744970769,11.638893745839596,True,
6813,onnx_model_003,measure,34.770942567929,34.77150371996686,34.782493569888175,10.989849921315908,True,
6814,onnx_model_005,measure,34.774048372851695,34.77501864172518,34.786086599808186,11.06795808300376,True,
6815,onnx_model_009,measure,34.7770207114676,34.77803593687713,34.78897921880707,10.943281929939985,True,
6816,onnx_model_008,measure,34.77852128453805,34.779496042989194,34.79052846273407,11.032419744879007,True,
6817,onnx_model_002,measure,34.781925068773226,34.78259236784652,34.79383944673464,11.247078888118267,True,
6818,onnx_model_005,measure,34.79034903298127,34.79062185063958,34.801597754936665,10.975904297083616,True,
6819,onnx_model_007,measure,34.790494955711324,34.79100003000349,34.80189994908869,10.899919085204601,True,
6820,onnx_model_008,measure,34.792476317574014,34.79342821473256,34.8044838309288,11.055616196244955,True,
6821,onnx_model_000,measure,34.80270029105752,34.80316221900284,34.814128373749554,10.966154746711254,True,
6822,onnx_model_001,measure,34.811429942659345,34.811705607920885,34.82275059306994,11.04498514905572,True,
6823,onnx_model_004,measure,34.81399957878414,34.81426535407081,34.825152488891035,10.887134820222855,True,
6824,onnx_model_005,measure,34.8223585434727,34.82284453185275,34.834283174946904,11.438643094152212,True,
6825,onnx_model_005,measure,34.83092970692144,34.83137732092291,34.834335624706,2.9583037830889225,True,
6826,onnx_model_003,measure,34.83306111192925,34.83381900284439,34.844868395943195,11.049393098801374,True,
6827,onnx_model_008,measure,34.841974553653735,34.84256223309785,34.853595945984125,11.033712886273861,True,
6828,onnx_model_002,measure,34.84447099781732,34.84496601205319,34.85599570767954,11.029695626348257,True,
6829,onnx_model_002,measure,34.84806436267246,34.84840571973473,34.856050200760365,7.644481025636196,True,
6830,onnx_model_003,measure,34.84909171264416,34.849838393740356,34.86075529502705,10.916901286691427,True,
6831,onnx_model_009,measure,34.85624608715035,34.857268176972866,34.86809220165014,10.824024677276611,True,
6832,onnx_model_001,measure,34.85763490085413,34.8587044570595,34.86968548968434,10.981032624840736,True,
6833,onnx_model_005,measure,34.85971681016922,34.86014957400039,34.87128484994173,11.135275941342115,True,
6834,onnx_model_002,measure,34.86379107691545,34.86500032385811,34.87625817395747,11.257850099354982,True,
6835,onnx_model_005,measure,34.86443823309535,34.86517768073827,34.87143371300772,6.256032269448042,True,
6836,onnx_model_008,measure,34.87482447740008,34.8756603077054,34.88675464596599,11.09433826059103,True,
6837,onnx_model_008,measure,34.876688882771056,34.87748361285776,34.886975776869804,9.492164012044668,True,
6838,onnx_model_007,measure,34.878489478713135,34.87893653474748,34.889927227050066,10.990692302584648,True,
6839,onnx_model_008,measure,34.87927729676147,34.88036950863898,34.88701449986547,6.644991226494312,True,
6840,onnx_model_007,measure,34.89192806541474,34.89215050265193,34.90318555897102,11.035056319087744,True,
6841,onnx_model_000,measure,34.89282101080719,34.89361823303625,34.90457991976291,10.961686726659536,True,
6842,onnx_model_002,measure,34.89607031411758,34.89706305088475,34.90820393804461,11.140887159854174,True,
6843,onnx_model_007,measure,34.89933786696024,34.90049869194627,34.903296569827944,2.7978778816759586,True,
6844,onnx_model_000,measure,34.90700056122281,34.90780235501006,34.918843884021044,11.041529010981321,True,
6845,onnx_model_005,measure,34.91211361280759,34.91243267664686,34.92341427085921,10.98159421235323,True,
6846,onnx_model_008,measure,34.91533367534571,34.91588350571692,34.926819142885506,10.935637168586254,True,
6847,onnx_model_000,measure,34.927341195478334,34.92800750164315,34.93890421465039,10.896713007241488,True,
6848,onnx_model_007,measure,34.93824566915062,34.938962216023356,34.949895036872476,10.932820849120617,True,
6849,onnx_model_002,measure,34.94102898333572,34.94132288265973,34.952266895677894,10.944013018161058,True,
6850,onnx_model_006,measure,34.94269280539742,34.94376619672403,34.95497463271022,11.208435986191034,True,
6851,onnx_model_007,measure,34.942915514932146,34.94395202072337,34.95000994578004,6.057925056666136,True,
6852,onnx_model_008,measure,34.94313568318247,34.94410259695724,34.95510652381927,11.003926862031221,True,
6853,onnx_model_002,measure,34.95289407553556,34.95349537068978,34.96443698974326,10.94161905348301,True,
6854,onnx_model_003,measure,34.95360610103457,34.95387788768858,34.96499585174024,11.117964051663876,True,
6855,onnx_model_009,measure,34.96076164476244,34.961326346732676,34.97228521807119,10.958871338516474,True,
6856,onnx_model_007,measure,34.963037620485096,34.9637690000236,34.9750114697963,11.242469772696495,True,
6857,onnx_model_002,measure,34.96434616340623,34.96460698265582,34.975483507849276,10.876525193452835,True,
6858,onnx_model_000,measure,34.97974209374177,34.98072032164782,34.99205231294036,11.331991292536259,True,
6859,onnx_model_008,measure,34.98032551390551,34.98090635566041,34.992103188764304,11.196833103895187,True,
6860,onnx_model_006,measure,34.980668065619625,34.98135407688096,34.99226430570707,10.910228826105595,True,
6861,onnx_model_000,measure,34.98175474851738,34.982786499895155,34.99213853664696,9.352036751806736,True,
6862,onnx_model_001,measure,34.98524042626055,34.98641539784148,35.00764511199668,21.229714155197144,True,
6863,onnx_model_009,measure,34.99645401281853,35.007758928928524,35.018767945002764,11.009016074240208,True,
