request_id,model_name,phase,scheduled_offset_seconds,started_offset_seconds,completed_offset_seconds,latency_ms,success,error
0,onnx_model_000,warmup,0.0031971087830588224,0.003872640896588564,0.015166149009019136,11.293508112430573,True,
1,onnx_model_000,warmup,0.004519751059707817,0.005243015941232443,0.015220251865684986,9.977235924452543,True,
2,onnx_model_000,warmup,0.00810409979263051,0.00856465008109808,0.01533402781933546,6.769377738237381,True,
3,onnx_model_000,warmup,0.014929259374735639,0.015393760986626148,0.024071145802736282,8.677384816110134,True,
4,onnx_model_000,warmup,0.019419877582150358,0.019731597043573856,0.02410658309236169,4.374986048787832,True,
5,onnx_model_000,warmup,0.019630194233294866,0.019887412898242474,0.024162900168448687,4.275487270206213,True,
6,onnx_model_000,warmup,0.02245409172996702,0.02332859393209219,0.024180924985557795,0.8523310534656048,True,
7,onnx_model_000,warmup,0.029357485709047653,0.030376601964235306,0.04128529690206051,10.908694937825203,True,
8,onnx_model_000,warmup,0.04787551289005402,0.04849716601893306,0.05719241499900818,8.695248980075121,True,
9,onnx_model_000,warmup,0.053731778299738096,0.054891872219741344,0.05724836094304919,2.356488723307848,True,
10,onnx_model_000,warmup,0.05381074871532301,0.05505716614425182,0.05735536525025964,2.2981991060078144,True,
11,onnx_model_000,warmup,0.05610166778381782,0.05645468179136515,0.05738662416115403,0.9319423697888851,True,
12,onnx_model_000,warmup,0.059441272357887036,0.06058410182595253,0.07163811381906271,11.05401199311018,True,
13,onnx_model_000,warmup,0.061492354938338975,0.06204381724819541,0.07217500498518348,10.131187736988068,True,
14,onnx_model_000,warmup,0.0659274246439095,0.06648403685539961,0.07222332712262869,5.73929026722908,True,
15,onnx_model_000,warmup,0.07148394259748815,0.07182173291221261,0.08291619224473834,11.09445933252573,True,
16,onnx_model_000,warmup,0.07883579172609831,0.07945437217131257,0.08308398118242621,3.6296090111136436,True,
17,onnx_model_000,warmup,0.08083072715466821,0.0819060318171978,0.08312338590621948,1.2173540890216827,True,
18,onnx_model_000,warmup,0.09351355876787353,0.09434671979397535,0.10057317605242133,6.226456258445978,True,
19,onnx_model_000,warmup,0.09726835483178008,0.09781341999769211,0.10073878010734916,2.925360109657049,True,
20,onnx_model_000,warmup,0.09779952012140686,0.09816897613927722,0.10079135000705719,2.62237386777997,True,
21,onnx_model_000,warmup,0.09854460058020274,0.0995975211262703,0.10084452107548714,1.2469999492168427,True,
22,onnx_model_000,warmup,0.10423414628162816,0.10510937822982669,0.11618456104770303,11.075182817876339,True,
23,onnx_model_000,warmup,0.11099264373524312,0.11158670112490654,0.11630097217857838,4.714271053671837,True,
24,onnx_model_000,warmup,0.12311339015332273,0.12352449307218194,0.1345192319713533,10.994738899171352,True,
25,onnx_model_000,warmup,0.12742167117210226,0.12798131490126252,0.13468727190047503,6.705956999212503,True,
26,onnx_model_000,warmup,0.1282830276852241,0.12944715097546577,0.1347254440188408,5.278293043375015,True,
27,onnx_model_000,warmup,0.13913781132588998,0.13995543587952852,0.14507913496345282,5.1236990839242935,True,
28,onnx_model_000,warmup,0.13934171279535873,0.14012156194075942,0.1452616318129003,5.140069872140884,True,
29,onnx_model_000,warmup,0.143167308669676,0.14364080084487796,0.14529898297041655,1.6581821255385876,True,
30,onnx_model_000,warmup,0.1437715210168113,0.1440225071273744,0.14533100416883826,1.308497041463852,True,
31,onnx_model_000,warmup,0.14668093614083452,0.14757131319493055,0.15778776304796338,10.216449853032827,True,
32,onnx_model_000,warmup,0.14699256236544198,0.14773730793967843,0.15795393893495202,10.21663099527359,True,
33,onnx_model_000,warmup,0.15179160311140114,0.15226990403607488,0.15801047580316663,5.740571767091751,True,
34,onnx_model_000,warmup,0.15553419738799856,0.15670553594827652,0.15804159501567483,1.3360590673983097,True,
35,onnx_model_000,warmup,0.16526992839598276,0.16627345280721784,0.1773182968609035,11.044844053685665,True,
36,onnx_model_000,warmup,0.17350948933555424,0.1747158309444785,0.17750308895483613,2.7872580103576183,True,
37,onnx_model_000,warmup,0.1810688685740539,0.18172620609402657,0.1848216000944376,3.0953940004110336,True,
38,onnx_model_000,warmup,0.18199419031045774,0.18319068988785148,0.1850390639156103,1.8483740277588367,True,
39,onnx_model_000,warmup,0.18249238933240086,0.18335638521239161,0.1849828171543777,1.626431941986084,True,
40,onnx_model_000,warmup,0.1834267294124055,0.18380393600091338,0.18506929092109203,1.2653549201786518,True,
41,onnx_model_000,warmup,0.18625750962401755,0.18730289721861482,0.19738955982029438,10.086662601679564,True,
42,onnx_model_000,warmup,0.19285848556187568,0.19376453012228012,0.1975728590041399,3.8083288818597794,True,
43,onnx_model_000,warmup,0.19523427531704318,0.19621187215670943,0.19761013006791472,1.3982579112052917,True,
44,onnx_model_000,warmup,0.19526443644227545,0.19637221610173583,0.1976415291428566,1.2693130411207676,True,
45,onnx_model_000,warmup,0.19955340988303966,0.1998877190053463,0.20915634697303176,9.268627967685461,True,
46,onnx_model_000,warmup,0.2004999143216206,0.2013341481797397,0.20932841394096613,7.994265761226416,True,
47,onnx_model_000,warmup,0.2053035849353382,0.20579147106036544,0.20938534289598465,3.593871835619211,True,
48,onnx_model_000,warmup,0.2076809643483668,0.20822601905092597,0.20941578084602952,1.18976179510355,True,
49,onnx_model_000,warmup,0.20840001730449398,0.20858363900333643,0.21989074209704995,11.307103093713522,True,
50,onnx_model_000,warmup,0.21447400062797303,0.21564984088763595,0.21993482625111938,4.284985363483429,True,
51,onnx_model_000,warmup,0.21849534692354042,0.2191083449870348,0.22590547520667315,6.797130219638348,True,
52,onnx_model_000,warmup,0.2216584656585426,0.22215650882571936,0.2260895948857069,3.933086059987545,True,
53,onnx_model_000,warmup,0.22265198012867826,0.22359322011470795,0.2261276668868959,2.5344467721879482,True,
54,onnx_model_000,warmup,0.2247511332178279,0.22504151286557317,0.22615915723145008,1.117644365876913,True,
55,onnx_model_000,warmup,0.22948494790960858,0.2303950390778482,0.24140045884996653,11.00541977211833,True,
56,onnx_model_000,warmup,0.2326399340197644,0.23386322194710374,0.24156357906758785,7.700357120484114,True,
57,onnx_model_000,warmup,0.23295558887651005,0.2340250089764595,0.2416017008945346,7.576691918075085,True,
58,onnx_model_000,warmup,0.2465774372240381,0.24683609092608094,0.2579143098555505,11.078218929469585,True,
59,onnx_model_000,warmup,0.24675445170316904,0.24720132583752275,0.25807920284569263,10.87787700816989,True,
60,onnx_model_000,warmup,0.25103974958726943,0.25163082499057055,0.25811523105949163,6.484406068921089,True,
61,onnx_model_000,warmup,0.26065333398555685,0.2613344709388912,0.27230584621429443,10.971375275403261,True,
62,onnx_model_000,warmup,0.2619326586336884,0.2627823632210493,0.2728994442149997,10.117080993950367,True,
63,onnx_model_000,warmup,0.26545056718023524,0.2662368197925389,0.27294354792684317,6.706728134304285,True,
64,onnx_model_000,warmup,0.27145696829771,0.27243749611079693,0.28352071391418576,11.083217803388834,True,
65,onnx_model_000,warmup,0.2735533884185009,0.274164168164134,0.28366505820304155,9.500890038907528,True,
66,onnx_model_000,warmup,0.2748305088251988,0.275600248016417,0.2837021090090275,8.101860992610455,True,
67,onnx_model_000,warmup,0.28869493180530514,0.28892240207642317,0.3000184241682291,11.096022091805935,True,
68,onnx_model_000,warmup,0.29152186721950585,0.29237466398626566,0.3007425400428474,8.367876056581736,True,
69,onnx_model_000,warmup,0.2975150188060443,0.2978727351874113,0.3008125931955874,2.9398580081760883,True,
70,onnx_model_000,warmup,0.2994072442792793,0.3001159089617431,0.31143510481342673,11.319195851683617,True,
71,onnx_model_000,warmup,0.29953417408498967,0.30027924897149205,0.31158400792628527,11.304758954793215,True,
72,onnx_model_000,warmup,0.30921938043883646,0.31103798979893327,0.3220394728705287,11.00148307159543,True,
73,onnx_model_000,warmup,0.31233380072487016,0.31281268410384655,0.3221842679195106,9.371583815664053,True,
74,onnx_model_000,warmup,0.31489809929965057,0.31525242095813155,0.32224193681031466,6.989515852183104,True,
75,onnx_model_000,warmup,0.32561913793761976,0.32646281085908413,0.33761115185916424,11.148341000080109,True,
76,onnx_model_000,warmup,0.32742622908864594,0.32791225612163544,0.33778399089351296,9.871734771877527,True,
77,onnx_model_000,warmup,0.34380761313124797,0.3450102470815182,0.3554027518257499,10.392504744231701,True,
78,onnx_model_000,warmup,0.3465883806962918,0.3474540919996798,0.3555639781989157,8.109886199235916,True,
79,onnx_model_000,warmup,0.35038258568622377,0.3508957540616393,0.35562108689919114,4.725332837551832,True,
80,onnx_model_000,warmup,0.3540232854642205,0.35432649590075016,0.3556529269553721,1.326431054621935,True,
81,onnx_model_000,warmup,0.35435119956068456,0.35467675188556314,0.36568220099434257,11.00544910877943,True,
82,onnx_model_000,warmup,0.3609215828078147,0.3619015449658036,0.3658696082420647,3.9680632762610912,True,
83,onnx_model_000,warmup,0.36201943424535793,0.3622650559991598,0.365909312851727,3.644256852567196,True,
84,onnx_model_000,warmup,0.3847513275979317,0.3851305698044598,0.3965038890019059,11.373319197446108,True,
85,onnx_model_000,warmup,0.389221716349232,0.38957445695996284,0.3965494860894978,6.97502912953496,True,
86,onnx_model_000,warmup,0.39406700332399747,0.3950417600572109,0.3965855040587485,1.5437440015375614,True,
87,onnx_model_000,warmup,0.4065027812091524,0.40683591924607754,0.41417956817895174,7.343648932874203,True,
88,onnx_model_000,warmup,0.40847264195852157,0.4092815979383886,0.4143404238857329,5.058825947344303,True,
89,onnx_model_000,warmup,0.4103827553030065,0.41073704417794943,0.414396861102432,3.659816924482584,True,
90,onnx_model_000,warmup,0.4126726028692541,0.413204625248909,0.4144275998696685,1.2229746207594872,True,
91,onnx_model_000,warmup,0.4203867090882642,0.4206640338525176,0.4318524319678545,11.188398115336895,True,
92,onnx_model_000,warmup,0.42119244951106377,0.42212290689349174,0.43236495601013303,10.242049116641283,True,
93,onnx_model_000,warmup,0.4240343052197375,0.4245713111013174,0.43241071281954646,7.839401718229055,True,
94,onnx_model_000,warmup,0.4303733905069641,0.4310173951089382,0.43809762317687273,7.080228067934513,True,
95,onnx_model_000,warmup,0.4314005393612524,0.4319737018086016,0.43828660203143954,6.312900222837925,True,
96,onnx_model_000,warmup,0.43405073652105597,0.43465388705953956,0.43832576693966985,3.671879880130291,True,
97,onnx_model_000,warmup,0.43632477343932674,0.4371178410947323,0.43835796788334846,1.2401267886161804,True,
98,onnx_model_000,warmup,0.4450444662137087,0.4455963671207428,0.456922747194767,11.3263800740242,True,
99,onnx_model_000,warmup,0.4452452914337764,0.4457827717997134,0.45696999691426754,11.187225114554167,True,
100,onnx_model_000,warmup,0.45856733350880025,0.45919262198731303,0.4701673830859363,10.974761098623276,True,
101,onnx_model_000,warmup,0.45949645531765254,0.46063235914334655,0.470325053203851,9.692694060504436,True,
102,onnx_model_000,warmup,0.4687052944767398,0.46912127500399947,0.4703625841066241,1.2413091026246548,True,
103,onnx_model_000,warmup,0.47388424023203485,0.47458986984565854,0.4861140358261764,11.524165980517864,True,
104,onnx_model_000,warmup,0.47431065994100385,0.47477025305852294,0.4862772258929908,11.506972834467888,True,
105,onnx_model_000,warmup,0.4770227450521971,0.4772855439223349,0.4863159800879657,9.030436165630817,True,
106,onnx_model_000,warmup,0.48458793982794696,0.4857905311509967,0.49155176198109984,5.761230830103159,True,
107,onnx_model_000,warmup,0.4869434521650312,0.4875364098697901,0.4917115159332752,4.175106063485146,True,
108,onnx_model_000,warmup,0.4883238990768659,0.4889869769103825,0.4917883421294391,2.8013652190566063,True,
109,onnx_model_000,warmup,0.4892295739406035,0.4904221249744296,0.4918222757987678,1.4001508243381977,True,
110,onnx_model_000,warmup,0.49007487932733207,0.4905832610093057,0.5017447881400585,11.161527130752802,True,
111,onnx_model_000,warmup,0.4953632720379247,0.4960690592415631,0.502339628059417,6.270568817853928,True,
112,onnx_model_000,warmup,0.49818813905697323,0.49851809395477176,0.5023844940587878,3.8664001040160656,True,
113,onnx_model_000,warmup,0.5014389337930243,0.5018988400697708,0.5066062491387129,4.70740906894207,True,
114,onnx_model_000,warmup,0.5024461916350246,0.5035780719481409,0.5068454928696156,3.267420921474695,True,
115,onnx_model_000,warmup,0.5037590835115677,0.5039534559473395,0.5069902478717268,3.0367919243872166,True,
116,onnx_model_000,warmup,0.5049914533314694,0.5053869509138167,0.5140992319211364,8.712281007319689,True,
117,onnx_model_000,warmup,0.50504555311291,0.5055483779869974,0.5070381090044975,1.4897310175001621,True,
118,onnx_model_000,warmup,0.5066309016680504,0.5071953078731894,0.5142518421635032,7.056534290313721,True,
119,onnx_model_000,warmup,0.5079679084568389,0.5086812130175531,0.5143123669549823,5.63115393742919,True,
120,onnx_model_000,warmup,0.5122874920221367,0.5131388260051608,0.5148049332201481,1.666107214987278,True,
121,onnx_model_000,warmup,0.5141701706352223,0.514473041985184,0.525591878220439,11.118836235255003,True,
122,onnx_model_000,warmup,0.5193865687908797,0.5200358061119914,0.5257441969588399,5.708390846848488,True,
123,onnx_model_000,warmup,0.5205919449584759,0.5214715250767767,0.5258016060106456,4.330080933868885,True,
124,onnx_model_000,warmup,0.5255245655175734,0.5259313229471445,0.5341505170799792,8.219194132834673,True,
125,onnx_model_000,warmup,0.5271728003596778,0.5283790361136198,0.5343292360194027,5.950199905782938,True,
126,onnx_model_000,warmup,0.5318832289417744,0.5328280730172992,0.5343663170933723,1.5382440760731697,True,
127,onnx_model_000,warmup,0.5327965950907025,0.5331819150596857,0.5343970651738346,1.2151501141488552,True,
128,onnx_model_000,warmup,0.5350623692828954,0.5356329442001879,0.5467008929699659,11.067948769778013,True,
129,onnx_model_000,warmup,0.5437390710655983,0.544097303878516,0.5468519399873912,2.7546361088752747,True,
130,onnx_model_000,warmup,0.5475614076980804,0.5480862259864807,0.5589838209562004,10.897594969719648,True,
131,onnx_model_000,warmup,0.5607216802638947,0.5612060851417482,0.5663855108432472,5.179425701498985,True,
132,onnx_model_000,warmup,0.5613261112416025,0.5615663900971413,0.5664319889619946,4.865598864853382,True,
133,onnx_model_000,warmup,0.5630552154631977,0.5640160571783781,0.5665465868078172,2.5305296294391155,True,
134,onnx_model_000,warmup,0.5650224268410352,0.565446815919131,0.566581744235009,1.1349283158779144,True,
135,onnx_model_000,warmup,0.5979777335115256,0.5988478269428015,0.610056463163346,11.208636220544577,True,
136,onnx_model_000,warmup,0.608063495538883,0.6093015782535076,0.6187741938047111,9.47261555120349,True,
137,onnx_model_000,warmup,0.6093916664004374,0.6096564228646457,0.6188216749578714,9.165252093225718,True,
138,onnx_model_000,warmup,0.6143933869570127,0.6152846408076584,0.6189594068564475,3.6747660487890244,True,
139,onnx_model_000,warmup,0.6171799150527105,0.6177203408442438,0.6189954048022628,1.2750639580190182,True,
140,onnx_model_000,warmup,0.6300580103605392,0.6312294900417328,0.6423088400624692,11.079350020736456,True,
141,onnx_model_000,warmup,0.6383616717018628,0.6386753241531551,0.6424418431706727,3.7665190175175667,True,
142,onnx_model_000,warmup,0.6560387193032756,0.6567420759238303,0.6678994549438357,11.157379020005465,True,
143,onnx_model_000,warmup,0.6644998661932178,0.6653491170145571,0.6679543689824641,2.605251967906952,True,
144,onnx_model_000,warmup,0.6680323792145317,0.6692508142441511,0.6804638179019094,11.213003657758236,True,
145,onnx_model_000,warmup,0.6745906927617126,0.6758119552396238,0.6805192232131958,4.707267973572016,True,
146,onnx_model_000,warmup,0.6814311241798969,0.6818359661847353,0.6927984938956797,10.962527710944414,True,
147,onnx_model_000,warmup,0.684432608351755,0.6854266719892621,0.6928763817995787,7.449709810316563,True,
148,onnx_model_000,warmup,0.6854133798593328,0.6858819872140884,0.693004576023668,7.122588809579611,True,
149,onnx_model_000,warmup,0.690523937551066,0.6913973810151219,0.6930422578006983,1.6448767855763435,True,
150,onnx_model_000,warmup,0.6985925475166741,0.6992988209240139,0.7103171851485968,11.01836422458291,True,
151,onnx_model_000,warmup,0.705062377430157,0.7058176519349217,0.7103689429350197,4.55129100009799,True,
152,onnx_model_000,warmup,0.7060810753505763,0.7072624382562935,0.7104895329102874,3.227094653993845,True,
153,onnx_model_000,warmup,0.7092640276558438,0.7097204308956861,0.7192327720113099,9.512341115623713,True,
154,onnx_model_000,warmup,0.7095591139360651,0.7099038590677083,0.7194195981137455,9.515739046037197,True,
155,onnx_model_000,warmup,0.7117350161718362,0.7127133398316801,0.7194591430015862,6.745803169906139,True,
156,onnx_model_000,warmup,0.7174006817991931,0.7181940781883895,0.7194910729303956,1.2969947420060635,True,
157,onnx_model_000,warmup,0.7491659868038776,0.7498193732462823,0.760969387833029,11.150014586746693,True,
158,onnx_model_000,warmup,0.7524941913520095,0.7533929860219359,0.7611499112099409,7.7569251880049706,True,
159,onnx_model_000,warmup,0.7563134454758265,0.7569592748768628,0.7611921108327806,4.232835955917835,True,
160,onnx_model_000,warmup,0.7661804694169927,0.7665294869802892,0.7778327129781246,11.303225997835398,True,
161,onnx_model_000,warmup,0.7717356720380376,0.7721255738288164,0.7778889201581478,5.763346329331398,True,
162,onnx_model_000,warmup,0.774812022070227,0.7756662550382316,0.7779257800430059,2.259525004774332,True,
163,onnx_model_000,warmup,0.7824582171789236,0.7832365748472512,0.7944886032491922,11.252028401941061,True,
164,onnx_model_000,warmup,0.7870646878929368,0.7877971539273858,0.7945422050543129,6.745051126927137,True,
165,onnx_model_000,warmup,0.7944667369908619,0.794711307156831,0.8032018858939409,8.4905787371099,True,
166,onnx_model_000,warmup,0.7988064022760408,0.7992777870967984,0.8033921578899026,4.114370793104172,True,
167,onnx_model_000,warmup,0.7988251215209689,0.7994660651311278,0.8034384059719741,3.9723408408463,True,
168,onnx_model_000,warmup,0.8008257259197186,0.8020551158115268,0.8034726311452687,1.4175153337419033,True,
169,onnx_model_000,warmup,0.8118669629614113,0.8137212721630931,0.8249602960422635,11.239023879170418,True,
170,onnx_model_000,warmup,0.8125580190892429,0.8139388761483133,0.8251237268559635,11.184850707650185,True,
171,onnx_model_000,warmup,0.8149389465208259,0.8154600472189486,0.8251606770791113,9.700629860162735,True,
172,onnx_model_000,warmup,0.8301344189218463,0.8303879629820585,0.8416220471262932,11.234084144234657,True,
173,onnx_model_000,warmup,0.839390803776291,0.8409116771072149,0.8477272931486368,6.81561604142189,True,
174,onnx_model_000,warmup,0.8446265745204499,0.8449405049905181,0.8479569791816175,3.0164741910994053,True,
175,onnx_model_000,warmup,0.8456216057817023,0.8464659648016095,0.8480008230544627,1.5348582528531551,True,
176,onnx_model_000,warmup,0.8457577919834274,0.8466524798423052,0.8480327231809497,1.3802433386445045,True,
177,onnx_model_000,warmup,0.864296453901513,0.8652894762344658,0.8763387692160904,11.049292981624603,True,
178,onnx_model_000,warmup,0.8661588694258167,0.866794346831739,0.8764942949637771,9.699948132038116,True,
179,onnx_model_000,warmup,0.8704642813770735,0.8712364202365279,0.8765410538762808,5.304633639752865,True,
180,onnx_model_000,warmup,0.8779483820314291,0.878790439106524,0.8869762099348009,8.185770828276873,True,
181,onnx_model_000,warmup,0.8782408852281057,0.878962567076087,0.8875035322271287,8.540965151041746,True,
182,onnx_model_000,warmup,0.8802962062797226,0.8814802118577063,0.8875567931681871,6.076581310480833,True,
183,onnx_model_000,warmup,0.8850489161386365,0.8859192500822246,0.8875963278114796,1.677077729254961,True,
184,onnx_model_000,warmup,0.8867045738364965,0.8870913381688297,0.8981889029964805,11.097564827650785,True,
185,onnx_model_000,warmup,0.8921693961239752,0.892855635844171,0.8983142818324268,5.458645988255739,True,
186,onnx_model_000,warmup,0.9019246928167584,0.9025355260819197,0.9140191948972642,11.483668815344572,True,
187,onnx_model_000,warmup,0.9163658219398103,0.917277418076992,0.9215952148661017,4.317796789109707,True,
188,onnx_model_000,warmup,0.9168310580103112,0.9174488638527691,0.9217738350853324,4.324971232563257,True,
189,onnx_model_000,warmup,0.9180652611739081,0.9190758871845901,0.9218391589820385,2.7632717974483967,True,
190,onnx_model_000,warmup,0.9195944631856175,0.9205148718319833,0.9218718409538269,1.3569691218435764,True,
191,onnx_model_000,warmup,0.9341730438297116,0.9361183322034776,0.9382050181739032,2.0866859704256058,True,
192,onnx_model_000,warmup,0.9356245806099743,0.9362847679294646,0.938382675871253,2.097907941788435,True,
193,onnx_model_000,warmup,0.9364683484346148,0.9367914609611034,0.9384204782545567,1.6290172934532166,True,
194,onnx_model_000,warmup,0.9364987052776521,0.9370417869649827,0.9384507248178124,1.4089378528296947,True,
195,onnx_model_000,warmup,0.9421704527501242,0.9426833111792803,0.9530034880153835,10.320176836103201,True,
196,onnx_model_000,warmup,0.9485110601438613,0.9491521781310439,0.9531236072070897,3.9714290760457516,True,
197,onnx_model_000,warmup,0.9499325780802763,0.9505808032117784,0.9531605271622539,2.5797239504754543,True,
198,onnx_model_000,warmup,0.951206579794523,0.9519737311638892,0.9532620799727738,1.2883488088846207,True,
199,onnx_model_000,warmup,0.9633046675136417,0.9644933389499784,0.9696015692315996,5.108230281621218,True,
200,onnx_model_000,warmup,0.9642145124148768,0.9646613178774714,0.9698014291934669,5.140111315995455,True,
201,onnx_model_000,warmup,0.967001703642546,0.9682288398034871,0.9698742772452533,1.645437441766262,True,
202,onnx_model_000,warmup,0.9672291846245774,0.9684182498604059,0.9698432278819382,1.4249780215322971,True,
203,onnx_model_000,warmup,0.9707467962724546,0.9710431289859116,0.9802260450087488,9.182916022837162,True,
204,onnx_model_000,warmup,0.9722264227842498,0.9733932358212769,0.9803865700960159,6.993334274739027,True,
205,onnx_model_000,warmup,0.97343865879978,0.9737363290041685,0.9804429970681667,6.706668063998222,True,
206,onnx_model_000,warmup,0.9789455402683648,0.9791787341237068,0.980472784023732,1.2940499000251293,True,
207,onnx_model_000,warmup,0.9876221386234477,0.988701845984906,0.99987902212888,11.177176143974066,True,
208,onnx_model_000,warmup,0.9910770242353641,0.9921561619266868,1.000364474952221,8.208313025534153,True,
209,onnx_model_000,warmup,0.9968974784457715,0.9975791210308671,1.0004096408374608,2.8305198065936565,True,
210,onnx_model_000,warmup,0.9988927633035819,0.9999821279197931,1.0076141860336065,7.6320581138134,True,
211,onnx_model_000,warmup,1.0010367459566245,1.00164102204144,1.007821740116924,6.180718075484037,True,
212,onnx_model_000,warmup,1.0015625916813173,1.0020267651416361,1.007862777914852,5.836012773215771,True,
213,onnx_model_000,warmup,1.005285722988735,1.006459800992161,1.007895130198449,1.4353292062878609,True,
214,onnx_model_000,warmup,1.0053863216126013,1.0066241738386452,1.0178651809692383,11.241007130593061,True,
215,onnx_model_000,warmup,1.0130540796777803,1.0141321448609233,1.017911199014634,3.7790541537106037,True,
216,onnx_model_000,warmup,1.020617516416325,1.021134626120329,1.0322032161056995,11.068589985370636,True,
217,onnx_model_000,warmup,1.029178346224147,1.0295809521339834,1.032336219213903,2.7552670799195766,True,
218,onnx_model_000,warmup,1.044156840482433,1.0445828880183399,1.050527066923678,5.944178905338049,True,
219,onnx_model_000,warmup,1.0443211720493233,1.0447678798809648,1.0506887552328408,5.92087535187602,True,
220,onnx_model_000,warmup,1.0483310998426036,1.0492972200736403,1.0507437689229846,1.4465488493442535,True,
221,onnx_model_000,warmup,1.0485375370619636,1.049459327943623,1.0507957781665027,1.3364502228796482,True,
222,onnx_model_000,warmup,1.0668453425392128,1.0680415998212993,1.079060004092753,11.018404271453619,True,
223,onnx_model_000,warmup,1.0722656938374917,1.072490877006203,1.0792023250833154,6.711448077112436,True,
224,onnx_model_000,warmup,1.0744138763730755,1.0749231209047139,1.0792402368970215,4.317115992307663,True,
225,onnx_model_000,warmup,1.0825842281644618,1.083458995912224,1.0944669311866164,11.007935274392366,True,
226,onnx_model_000,warmup,1.0850786144141538,1.085899846162647,1.0945736141875386,8.673768024891615,True,
227,onnx_model_000,warmup,1.0992071678609188,1.0998817938379943,1.1109280809760094,11.046287138015032,True,
228,onnx_model_000,warmup,1.1153787551142118,1.1162377540022135,1.1272982088848948,11.06045488268137,True,
229,onnx_model_000,warmup,1.1247274415056125,1.126835719216615,1.1379982382059097,11.162518989294767,True,
230,onnx_model_000,warmup,1.1273247966700641,1.128609600942582,1.138173681218177,9.564080275595188,True,
231,onnx_model_000,warmup,1.1322126763376212,1.1332140541635454,1.138217514846474,5.003460682928562,True,
232,onnx_model_000,warmup,1.139369194368105,1.1405183882452548,1.1516833519563079,11.164963711053133,True,
233,onnx_model_000,warmup,1.14753610250488,1.1480826870538294,1.1517372741363943,3.654587082564831,True,
234,onnx_model_000,warmup,1.1518523129348484,1.1530291391536593,1.164178152102977,11.149012949317694,True,
235,onnx_model_000,warmup,1.1580378716647752,1.1585748512297869,1.1642342791892588,5.659427959471941,True,
236,onnx_model_000,warmup,1.160909913600979,1.162137352861464,1.1643369640223682,2.199611160904169,True,
237,onnx_model_000,warmup,1.1663087244009898,1.1665833238512278,1.1747105931863189,8.127269335091114,True,
238,onnx_model_000,warmup,1.172771057508287,1.1730834702029824,1.1749206921085715,1.8372219055891037,True,
239,onnx_model_000,warmup,1.173165740352661,1.1734579522162676,1.174961470067501,1.5035178512334824,True,
240,onnx_model_000,warmup,1.173302842956695,1.173623998183757,1.1749939620494843,1.3699638657271862,True,
241,onnx_model_000,warmup,1.174954031392652,1.1751595460809767,1.1862349389120936,11.075392831116915,True,
242,onnx_model_000,warmup,1.1934968495600944,1.1945344558916986,1.1978428941220045,3.30843823030591,True,
243,onnx_model_000,warmup,1.1956732483041816,1.1960881790146232,1.198028467129916,1.9402881152927876,True,
244,onnx_model_000,warmup,1.1963069920290574,1.1964915660209954,1.1980697461403906,1.578180119395256,True,
245,onnx_model_000,warmup,1.1964411145758056,1.1968651958741248,1.1981020271778107,1.2368313036859035,True,
246,onnx_model_000,warmup,1.2032455435449696,1.2043459862470627,1.2137795682065189,9.433581959456205,True,
247,onnx_model_000,warmup,1.2065860227960792,1.2078188071027398,1.2139708111062646,6.15200400352478,True,
248,onnx_model_000,warmup,1.2088627820801046,1.2092550471425056,1.2140107871964574,4.75574005395174,True,
249,onnx_model_000,warmup,1.2117577627973641,1.2127071488648653,1.2140425080433488,1.3353591784834862,True,
250,onnx_model_000,warmup,1.2261454112611092,1.2282823859713972,1.2394085451960564,11.126159224659204,True,
251,onnx_model_000,warmup,1.228307601692146,1.2286492129787803,1.2395622469484806,10.913033969700336,True,
252,onnx_model_000,warmup,1.2325494447288092,1.2331139398738742,1.2395998290739954,6.485889200121164,True,
253,onnx_model_000,warmup,1.2438911044090974,1.2448351900093257,1.2559042409993708,11.06905099004507,True,
254,onnx_model_000,warmup,1.251841604117033,1.252277437131852,1.2560311621055007,3.7537249736487865,True,
255,onnx_model_000,warmup,1.2580156135299605,1.258250811137259,1.2653567190282047,7.105907890945673,True,
256,onnx_model_000,warmup,1.2626148317304648,1.2636888180859387,1.2655358291231096,1.847011037170887,True,
257,onnx_model_000,warmup,1.2638123649941437,1.2640593028627336,1.2655724589712918,1.513156108558178,True,
258,onnx_model_000,warmup,1.2640375783854017,1.2644346058368683,1.2656033178791404,1.168712042272091,True,
259,onnx_model_000,warmup,1.275182576499682,1.275876305066049,1.2869539018720388,11.077596805989742,True,
260,onnx_model_000,warmup,1.276983186375708,1.2773605161346495,1.2870839592069387,9.723443072289228,True,
261,onnx_model_000,warmup,1.2887565480811969,1.2893060031346977,1.2976564960554242,8.350492920726538,True,
262,onnx_model_000,warmup,1.2904626920649847,1.2907702261582017,1.2978988070972264,7.128580939024687,True,
263,onnx_model_000,warmup,1.2905843362467238,1.2909421930089593,1.2978602228686213,6.918029859662056,True,
264,onnx_model_000,warmup,1.2956433317549654,1.2965166689828038,1.2979308981448412,1.4142291620373726,True,
265,onnx_model_000,warmup,1.3011143370912135,1.302164665888995,1.31324354512617,11.078879237174988,True,
266,onnx_model_000,warmup,1.305486406622244,1.3066154662519693,1.313391876872629,6.77641062065959,True,
267,onnx_model_000,warmup,1.310983238311387,1.3120728498324752,1.3134304601699114,1.3576103374361992,True,
268,onnx_model_000,warmup,1.313258314582303,1.3135669198818505,1.3166487379930913,3.081818111240864,True,
269,onnx_model_000,warmup,1.313330752454534,1.313734418246895,1.3164893249049783,2.7549066580832005,True,
270,onnx_model_000,warmup,1.3143675028603163,1.315268674865365,1.3167068781331182,1.4382032677531242,True,
271,onnx_model_000,warmup,1.314505875632565,1.31543386913836,1.3167385188862681,1.3046497479081154,True,
272,onnx_model_000,warmup,1.3183464047095288,1.3189901090227067,1.3301152558997273,11.125146877020597,True,
273,onnx_model_000,warmup,1.3259864133218824,1.3264387571252882,1.3302387208677828,3.799963742494583,True,
274,onnx_model_000,warmup,1.3306600007260094,1.3314578579738736,1.3398700580000877,8.412200026214123,True,
275,onnx_model_000,warmup,1.3342371513782147,1.3349057021550834,1.3400357430800796,5.130040924996138,True,
276,onnx_model_000,warmup,1.335258970026459,1.3363393368199468,1.3400933630764484,3.7540262565016747,True,
277,onnx_model_000,warmup,1.3380954817074173,1.3388053639791906,1.3401252930052578,1.319929026067257,True,
278,onnx_model_000,warmup,1.3471755580767715,1.3483600071631372,1.3594796941615641,11.119686998426914,True,
279,onnx_model_000,warmup,1.350378381946267,1.3508291798643768,1.3599554379470646,9.126258082687855,True,
280,onnx_model_000,warmup,1.3518143482924547,1.3522671228274703,1.3600031789392233,7.736056111752987,True,
281,onnx_model_000,warmup,1.3586848549551735,1.359584562946111,1.3707124958746135,11.12793292850256,True,
282,onnx_model_000,warmup,1.3662077970157487,1.367233713157475,1.3708668490871787,3.6331359297037125,True,
283,onnx_model_000,warmup,1.373570289789489,1.3740860782563686,1.3843609900213778,10.274911765009165,True,
284,onnx_model_000,warmup,1.3743392816680187,1.3755299728363752,1.3849496580660343,9.41968522965908,True,
285,onnx_model_000,warmup,1.3754197762333253,1.375693563837558,1.3849044418893754,9.210878051817417,True,
286,onnx_model_000,warmup,1.3824275532419492,1.3832284267991781,1.3849821100011468,1.75368320196867,True,
287,onnx_model_000,warmup,1.383803083400554,1.3844593660905957,1.3960053641349077,11.545998044312,True,
288,onnx_model_000,warmup,1.3869436951094103,1.3872173591516912,1.3960519721731544,8.834613021463156,True,
289,onnx_model_000,warmup,1.3938268448252022,1.394656689837575,1.3960864581167698,1.4297682791948318,True,
290,onnx_model_000,warmup,1.3947590522494666,1.3950246600434184,1.4057259010151029,10.701240971684456,True,
291,onnx_model_000,warmup,1.3953816256594633,1.3955563199706376,1.4059206722304225,10.364352259784937,True,
292,onnx_model_000,warmup,1.402842978147207,1.4033262501470745,1.4059599959291518,2.6337457820773125,True,
293,onnx_model_000,warmup,1.4040916025487022,1.4047799431718886,1.4059918471612036,1.211903989315033,True,
294,onnx_model_000,warmup,1.40936224781545,1.4102265359833837,1.4213772718794644,11.150735896080732,True,
295,onnx_model_000,warmup,1.414084334213211,1.414676765911281,1.4215570339001715,6.8802679888904095,True,
296,onnx_model_000,warmup,1.41433561715311,1.4148613270372152,1.4215194028802216,6.6580758430063725,True,
297,onnx_model_000,warmup,1.4261292903299956,1.4268003408797085,1.4340294818393886,7.22914095968008,True,
298,onnx_model_000,warmup,1.4265077067691003,1.4269671579822898,1.4338806089945138,6.913451012223959,True,
299,onnx_model_000,warmup,1.4314079184501514,1.4324750979430974,1.4340878929942846,1.6127950511872768,True,
300,onnx_model_000,warmup,1.4326034562376893,1.4328527161851525,1.434175178874284,1.3224626891314983,True,
301,onnx_model_000,warmup,1.4453808456162531,1.4463987750932574,1.4575106068514287,11.11183175817132,True,
302,onnx_model_000,warmup,1.4492814647563437,1.4498838288709521,1.457672986201942,7.789157330989838,True,
303,onnx_model_000,warmup,1.4497322634441727,1.450046509038657,1.4577109580859542,7.664449047297239,True,
304,onnx_model_000,warmup,1.4606249599685384,1.4609334128908813,1.4712981851771474,10.364772286266088,True,
305,onnx_model_000,warmup,1.4664250513235306,1.4673736551776528,1.4714803420938551,4.106686916202307,True,
306,onnx_model_000,warmup,1.4685469056245273,1.4688176000490785,1.4715176322497427,2.700032200664282,True,
307,onnx_model_000,warmup,1.4698506349139253,1.4702502530999482,1.4715483309701085,1.2980778701603413,True,
308,onnx_model_000,warmup,1.4723974911562947,1.4727953509427607,1.4839758141897619,11.180463247001171,True,
309,onnx_model_000,warmup,1.4829573295198422,1.483249543234706,1.4930367772467434,9.787234012037516,True,
310,onnx_model_000,warmup,1.4848342322998986,1.4852065830491483,1.4932177308946848,8.01114784553647,True,
311,onnx_model_000,warmup,1.486827911285264,1.4876476931385696,1.4932558741420507,5.60818100348115,True,
312,onnx_model_000,warmup,1.4913445280464015,1.4920967197977006,1.4932868732139468,1.1901534162461758,True,
313,onnx_model_000,warmup,1.4942514519773624,1.4945318889804184,1.5056126420386136,11.080753058195114,True,
314,onnx_model_000,warmup,1.5013726638483071,1.5019957670010626,1.505768878851086,3.7731118500232697,True,
315,onnx_model_000,warmup,1.501566026964265,1.5021602399647236,1.5058098272420466,3.6495872773230076,True,
316,onnx_model_000,warmup,1.5094403317396854,1.5100473421625793,1.5211678110063076,11.120468843728304,True,
317,onnx_model_000,warmup,1.5152104624796283,1.5154892858117819,1.521325821056962,5.83653524518013,True,
318,onnx_model_000,warmup,1.516453444759406,1.5169141851365566,1.5213625808246434,4.448395688086748,True,
319,onnx_model_000,warmup,1.5216151573383938,1.5225796340964735,1.5336765381507576,11.096904054284096,True,
320,onnx_model_000,warmup,1.524764081699741,1.5250301719643176,1.5341861061751842,9.15593421086669,True,
321,onnx_model_000,warmup,1.5265930515994608,1.5274610328488052,1.5342299598269165,6.768926978111267,True,
322,onnx_model_000,warmup,1.5332134484453732,1.5338030778802931,1.5444045099429786,10.60143206268549,True,
323,onnx_model_000,warmup,1.5365387303886204,1.5374556011520326,1.5445623300038278,7.1067288517951965,True,
324,onnx_model_000,warmup,1.5405184550922486,1.5408979752101004,1.5446186270564795,3.7206518463790417,True,
325,onnx_model_000,warmup,1.542117669553774,1.543328836094588,1.5446502468548715,1.3214107602834702,True,
326,onnx_model_000,warmup,1.5505973362290064,1.5509087941609323,1.5618631970137358,10.954402852803469,True,
327,onnx_model_000,warmup,1.568112226305738,1.5690868780948222,1.580216544214636,11.129666119813919,True,
328,onnx_model_000,warmup,1.5693204339062612,1.5705233379267156,1.5803240980021656,9.800760075449944,True,
329,onnx_model_000,warmup,1.581495027307537,1.582548466976732,1.5937013970687985,11.152930092066526,True,
330,onnx_model_000,warmup,1.5815475950788147,1.582708050031215,1.5938430060632527,11.134956032037735,True,
331,onnx_model_000,warmup,1.5965324658918298,1.597063628025353,1.6082486091181636,11.18498109281063,True,
332,onnx_model_000,warmup,1.6043585165079155,1.6055713198147714,1.6083019911311567,2.730671316385269,True,
333,onnx_model_000,warmup,1.616936138929321,1.6186013082042336,1.6298314449377358,11.23013673350215,True,
334,onnx_model_000,warmup,1.6207280804886686,1.6211649011820555,1.6298841051757336,8.719203993678093,True,
335,onnx_model_000,warmup,1.6231836674100637,1.6237072041258216,1.62998506706208,6.277862936258316,True,
336,onnx_model_000,warmup,1.6331166248839013,1.6342838481068611,1.6407938930206,6.510044913738966,True,
337,onnx_model_000,warmup,1.6370778644777255,1.637844345998019,1.6409951262176037,3.1507802195847034,True,
338,onnx_model_000,warmup,1.638866294474745,1.63938616681844,1.6410366548225284,1.6504880040884018,True,
339,onnx_model_000,warmup,1.6394100441226085,1.6398057350888848,1.6410681041888893,1.2623691000044346,True,
340,onnx_model_000,warmup,1.6424871707991233,1.6433111880905926,1.654390178155154,11.078990064561367,True,
341,onnx_model_000,warmup,1.65027568799308,1.650812366977334,1.6545218979008496,3.7095309235155582,True,
342,onnx_model_000,warmup,1.6708357045754236,1.6718427329324186,1.6829726891592145,11.129956226795912,True,
343,onnx_model_000,warmup,1.675489947870884,1.6763875922188163,1.6830451171845198,6.657524965703487,True,
344,onnx_model_000,warmup,1.677943531117835,1.6789424079470336,1.683146859984845,4.204452037811279,True,
345,onnx_model_000,warmup,1.6846968561466202,1.6854466521181166,1.6966202920302749,11.17363991215825,True,
346,onnx_model_000,warmup,1.7049737338939277,1.7069427631795406,1.7144335522316396,7.4907890520989895,True,
347,onnx_model_000,warmup,1.7093534297740847,1.7104894150979817,1.7144873938523233,3.9979787543416023,True,
348,onnx_model_000,warmup,1.7127333365828532,1.7130512739531696,1.7145238439552486,1.47257000207901,True,
349,onnx_model_000,warmup,1.713192765048322,1.7134611438959837,1.714554111007601,1.0929671116173267,True,
350,onnx_model_000,warmup,1.7141722229239527,1.7147218598984182,1.7257166202180088,10.994760319590569,True,
351,onnx_model_000,warmup,1.7383935123518213,1.7399310688488185,1.750613966025412,10.682897176593542,True,
352,onnx_model_000,warmup,1.7535941502812562,1.7538181468844414,1.7644975171424448,10.679370258003473,True,
353,onnx_model_000,warmup,1.7563044754534656,1.7571260342374444,1.7645293669775128,7.403332740068436,True,
354,onnx_model_000,warmup,1.7614659488829545,1.762420719023794,1.7645873981527984,2.1666791290044785,True,
355,onnx_model_000,warmup,1.7656694903161152,1.7667966270819306,1.7773973168805242,10.600689798593521,True,
356,onnx_model_000,warmup,1.7769961827147351,1.7774635329842567,1.788128666114062,10.665133129805326,True,
357,onnx_model_000,warmup,1.7826604182186512,1.7838141648098826,1.7881606868468225,4.346522036939859,True,
358,onnx_model_000,warmup,1.7847471467970357,1.7851559659466147,1.7882381537929177,3.082187846302986,True,
359,onnx_model_000,warmup,1.797874745221514,1.7984208101406693,1.8069233922287822,8.502582088112831,True,
360,onnx_model_000,warmup,1.801358766185037,1.80179329123348,1.807018653023988,5.225361790508032,True,
361,onnx_model_000,warmup,1.8014606647876312,1.8019498279318213,1.8070433898828924,5.093561951071024,True,
362,onnx_model_000,warmup,1.8053665647995814,1.806377504952252,1.8070958801545203,0.718375202268362,True,
363,onnx_model_000,warmup,1.8080554373853428,1.8082352462224662,1.818743220064789,10.507973842322826,True,
364,onnx_model_000,warmup,1.8213136782104058,1.821937161963433,1.832587176002562,10.650014039129019,True,
365,onnx_model_000,warmup,1.8269144170984377,1.8272703289985657,1.832854243926704,5.583914928138256,True,
366,onnx_model_000,warmup,1.8323117544083078,1.8326505762524903,1.8432599031366408,10.609326884150505,True,
367,onnx_model_000,warmup,1.8392481434535624,1.8399988850578666,1.8433299460448325,3.3310609869658947,True,
368,onnx_model_000,warmup,1.8472439187987948,1.8474709680303931,1.8580653360113502,10.594367980957031,True,
369,onnx_model_000,warmup,1.851772656325037,1.852740575093776,1.8581434851512313,5.402910057455301,True,
370,onnx_model_000,warmup,1.8547193661735033,1.8550797910429537,1.8581762169487774,3.0964259058237076,True,
371,onnx_model_000,warmup,1.858870221877729,1.8593199509195983,1.869907706975937,10.587756056338549,True,
372,onnx_model_000,warmup,1.8613625994895078,1.8615964679047465,1.8700106930918992,8.414225187152624,True,
373,onnx_model_000,warmup,1.861888462250347,1.8628332489170134,1.8700340171344578,7.20076821744442,True,
374,onnx_model_000,warmup,1.8765325877237224,1.8771892180666327,1.8877914021722972,10.602184105664492,True,
375,onnx_model_000,warmup,1.8795701900594064,1.8804753450676799,1.888069530017674,7.594184949994087,True,
376,onnx_model_000,warmup,1.887505869838788,1.8878605030477047,1.892113828100264,4.253325052559376,True,
377,onnx_model_000,warmup,1.889429400548865,1.8902123430743814,1.8922207010909915,2.0083580166101456,True,
378,onnx_model_000,warmup,1.890128110598667,1.8902924661524594,1.892201254144311,1.9087879918515682,True,
379,onnx_model_000,warmup,1.8908936078776308,1.8915640232153237,1.892236180137843,0.672156922519207,True,
380,onnx_model_000,warmup,1.8939558517183959,1.8943759081885219,1.9051381452009082,10.762237012386322,True,
381,onnx_model_000,warmup,1.8946064437735903,1.8956306129693985,1.9053874588571489,9.756845887750387,True,
382,onnx_model_000,warmup,1.900444983652788,1.900886001996696,1.9054100518114865,4.524049814790487,True,
383,onnx_model_000,warmup,1.90485708725276,1.905190374236554,1.9117610338144004,6.570659577846527,True,
384,onnx_model_000,warmup,1.9081716548488765,1.9085658909752965,1.9120433209463954,3.4774299710989,True,
385,onnx_model_000,warmup,1.9082223146409711,1.9086620439775288,1.9120093258097768,3.3472818322479725,True,
386,onnx_model_000,warmup,1.9101480130720376,1.9110067612491548,1.9120601932518184,1.0534320026636124,True,
387,onnx_model_000,warmup,1.9112774902880718,1.9118088651448488,1.9224623260088265,10.65346086397767,True,
388,onnx_model_000,warmup,1.9197047055495424,1.9202187908813357,1.9225215488113463,2.302757930010557,True,
389,onnx_model_000,warmup,1.9247433931076996,1.9256789810024202,1.9362409780733287,10.561997070908546,True,
390,onnx_model_000,warmup,1.9351117295876037,1.9359797309152782,1.9466801611706614,10.700430255383253,True,
391,onnx_model_000,warmup,1.9386030474244684,1.9393999120220542,1.9467238141223788,7.323902100324631,True,
392,onnx_model_000,warmup,1.964338183271596,1.9659019391983747,1.9767219061031938,10.819966904819012,True,
393,onnx_model_000,warmup,1.9681111994529974,1.9692592108622193,1.9770184000954032,7.759189233183861,True,
394,onnx_model_000,warmup,1.975016444875852,1.9755612099543214,1.9770960472524166,1.5348372980952263,True,
395,onnx_model_000,warmup,1.9760830244621865,1.9768066368997097,1.9875302109867334,10.723574087023735,True,
396,onnx_model_000,warmup,1.98526223094086,1.9872664799913764,1.9928692099638283,5.602729972451925,True,
397,onnx_model_000,warmup,1.9895176744528615,1.989691600203514,1.9929476389661431,3.256038762629032,True,
398,onnx_model_000,warmup,1.991440291483595,1.9920196952298284,1.9930599019862711,1.0402067564427853,True,
399,onnx_model_000,warmup,1.9919372759357787,1.9921197448857129,1.9930830961093307,0.9633512236177921,True,
400,onnx_model_000,warmup,1.9959939170889303,1.996279212180525,2.0070805540308356,10.801341850310564,True,
401,onnx_model_000,warmup,2.017477600015011,2.018328854814172,2.0293617672286928,11.032912414520979,True,
402,onnx_model_000,warmup,2.018708577842989,2.0198106421157718,2.0295320111326873,9.72136901691556,True,
403,onnx_model_000,warmup,2.0231303619955647,2.024259068071842,2.029574390966445,5.315322894603014,True,
404,onnx_model_000,warmup,2.029378068541045,2.029709568247199,2.040730678010732,11.021109763532877,True,
405,onnx_model_000,warmup,2.0307460543103506,2.0311879790388048,2.040926310233772,9.738331194967031,True,
406,onnx_model_000,warmup,2.033569426587074,2.034637134987861,2.040968139190227,6.331004202365875,True,
407,onnx_model_000,warmup,2.0511000370871475,2.052197163924575,2.063278738874942,11.081574950367212,True,
408,onnx_model_000,warmup,2.0575954239682286,2.0586575851775706,2.0634237341582775,4.76614898070693,True,
409,onnx_model_000,warmup,2.0612429085848802,2.0621320391073823,2.0634637898765504,1.3317507691681385,True,
410,onnx_model_000,warmup,2.0686108872986386,2.0697079398669302,2.0810001650825143,11.29222521558404,True,
411,onnx_model_000,warmup,2.0689452557692074,2.0699045741930604,2.081152042839676,11.247468646615744,True,
412,onnx_model_000,warmup,2.0717009606603045,2.072434352245182,2.0811915788799524,8.757226634770632,True,
413,onnx_model_000,warmup,2.083356925349239,2.0844187531620264,2.0955597599968314,11.141006834805012,True,
414,onnx_model_000,warmup,2.086378891616851,2.0868956609629095,2.096074598841369,9.178937878459692,True,
415,onnx_model_000,warmup,2.086695848541278,2.087062639184296,2.096122450195253,9.059811010956764,True,
416,onnx_model_000,warmup,2.0950418530285493,2.095659009180963,2.1013124152086675,5.653406027704477,True,
417,onnx_model_000,warmup,2.095920403143507,2.0962636079639196,2.101503779180348,5.24017121642828,True,
418,onnx_model_000,warmup,2.0978500794931874,2.0987029750831425,2.10154237318784,2.839398104697466,True,
419,onnx_model_000,warmup,2.0992964723276493,2.100317594129592,2.1015756060369313,1.258011907339096,True,
420,onnx_model_000,warmup,2.1017060543559123,2.1028249012306333,2.1090441728010774,6.219271570444107,True,
421,onnx_model_000,warmup,2.1052438609614197,2.1062894058413804,2.109242308884859,2.9529030434787273,True,
422,onnx_model_000,warmup,2.105558574071073,2.106467283796519,2.1092810430563986,2.813759259879589,True,
423,onnx_model_000,warmup,2.1074310840536334,2.1079929838888347,2.109313183929771,1.32020004093647,True,
424,onnx_model_000,warmup,2.1197040654682784,2.120549752842635,2.1225834391079843,2.033686265349388,True,
425,onnx_model_000,warmup,2.1207087693174125,2.120947769843042,2.1228263210505247,1.8785512074828148,True,
426,onnx_model_000,warmup,2.1207581836689675,2.121111169923097,2.1227837200276554,1.6725501045584679,True,
427,onnx_model_000,warmup,2.1212391276558655,2.1215484412387013,2.1228591529652476,1.3107117265462875,True,
428,onnx_model_000,warmup,2.124799066882036,2.1250967858359218,2.136266577988863,11.169792152941227,True,
429,onnx_model_000,warmup,2.125434543681291,2.1265465319156647,2.1363789620809257,9.83243016526103,True,
430,onnx_model_000,warmup,2.1384406880645113,2.139617278240621,2.151463294867426,11.846016626805067,True,
431,onnx_model_000,warmup,2.1447189611773383,2.1450956808403134,2.1516208150424063,6.525134202092886,True,
432,onnx_model_000,warmup,2.1480203729406715,2.1485308408737183,2.1516595678403974,3.128726966679096,True,
433,onnx_model_000,warmup,2.161189096001902,2.161832084879279,2.1728130890987813,10.98100421950221,True,
434,onnx_model_000,warmup,2.163553985921851,2.1641738871112466,2.172926003113389,8.75211600214243,True,
435,onnx_model_000,warmup,2.174955217996621,2.176179137080908,2.1873359042219818,11.156767141073942,True,
436,onnx_model_000,warmup,2.1803015226973255,2.18063855310902,2.187881400808692,7.242847699671984,True,
437,onnx_model_000,warmup,2.180339671548867,2.1808434231206775,2.1879264670424163,7.083043921738863,True,
438,onnx_model_000,warmup,2.186766259438855,2.1874664621427655,2.19899521721527,11.528755072504282,True,
439,onnx_model_000,warmup,2.1931135433777618,2.1941793928854167,2.199040944222361,4.861551336944103,True,
440,onnx_model_000,warmup,2.2011685256633666,2.202262667939067,2.213376212865114,11.113544926047325,True,
441,onnx_model_000,warmup,2.2084539551609645,2.2087964778766036,2.2135088560171425,4.712378140538931,True,
442,onnx_model_000,warmup,2.215140824600385,2.2157306391745806,2.2267934479750693,11.06280880048871,True,
443,onnx_model_000,warmup,2.2205534548421344,2.221187531016767,2.2269573588855565,5.769827868789434,True,
444,onnx_model_000,warmup,2.223578593050867,2.224631207063794,2.2269960530102253,2.36484594643116,True,
445,onnx_model_000,warmup,2.2288813446105227,2.2292188880965114,2.2402926478534937,11.073759756982327,True,
446,onnx_model_000,warmup,2.2310959258873617,2.2316582552157342,2.2404504981823266,8.792242966592312,True,
447,onnx_model_000,warmup,2.2381692799190707,2.2391025559045374,2.240488118957728,1.3855630531907082,True,
448,onnx_model_000,warmup,2.2427635376962565,2.2437067171558738,2.255269296001643,11.562578845769167,True,
449,onnx_model_000,warmup,2.2457681205184206,2.246162265073508,2.255399804096669,9.237539023160934,True,
450,onnx_model_000,warmup,2.2587682718580373,2.2596204271540046,2.270682835020125,11.062407866120338,True,
451,onnx_model_000,warmup,2.263690339209691,2.264081426896155,2.2708512251265347,6.76979823037982,True,
452,onnx_model_000,warmup,2.266973017535077,2.267513460945338,2.270906710997224,3.3932500518858433,True,
453,onnx_model_000,warmup,2.268841859228915,2.269946735817939,2.2810758012346923,11.129065416753292,True,
454,onnx_model_000,warmup,2.2718004795062092,2.2721249060705304,2.2811850290745497,9.06012300401926,True,
455,onnx_model_000,warmup,2.2823106514587295,2.2834149170666933,2.288844258058816,5.429340992122889,True,
456,onnx_model_000,warmup,2.28496334245233,2.2859166827984154,2.28903033118695,3.1136483885347843,True,
457,onnx_model_000,warmup,2.286336243826183,2.2873831298202276,2.289068733807653,1.6856039874255657,True,
458,onnx_model_000,warmup,2.287393773283297,2.287795213982463,2.289100824855268,1.3056108728051186,True,
459,onnx_model_000,warmup,2.2950309684657912,2.295366414822638,2.303691750857979,8.325336035341024,True,
460,onnx_model_000,warmup,2.2960634774961672,2.296849354170263,2.3039006078615785,7.051253691315651,True,
461,onnx_model_000,warmup,2.2993762977281387,2.3002866781316698,2.303939511999488,3.652833867818117,True,
462,onnx_model_000,warmup,2.30242045461157,2.302721326239407,2.303971862886101,1.250536646693945,True,
463,onnx_model_000,warmup,2.306788042636849,2.3072105101309717,2.318219415843487,11.008905712515116,True,
464,onnx_model_000,warmup,2.3170778104230547,2.3176665152423084,2.328803945798427,11.137430556118488,True,
465,onnx_model_000,warmup,2.322451414889209,2.3234453899785876,2.328937729820609,5.492339842021465,True,
466,onnx_model_000,warmup,2.327480873304549,2.3279045959934592,2.3389313160441816,11.02672005072236,True,
467,onnx_model_000,warmup,2.337229259932546,2.339027469046414,2.3501215679571033,11.094098910689354,True,
468,onnx_model_000,warmup,2.3454067198377313,2.3464754070155323,2.3502892861142755,3.8138790987432003,True,
469,onnx_model_000,warmup,2.346635537816611,2.34685094980523,2.3503275588154793,3.4766090102493763,True,
470,onnx_model_000,warmup,2.348760597515711,2.349281941074878,2.360367584042251,11.085642967373133,True,
471,onnx_model_000,warmup,2.352865454229487,2.353549544233829,2.360496098175645,6.9465539418160915,True,
472,onnx_model_000,warmup,2.3645797244140025,2.3657188462093472,2.376735507044941,11.016660835593939,True,
473,onnx_model_000,warmup,2.374913557226535,2.376183798070997,2.3829479259438813,6.7641278728842735,True,
474,onnx_model_000,warmup,2.378382992520975,2.378978791180998,2.38313263701275,4.153845831751823,True,
475,onnx_model_000,warmup,2.379845986706717,2.380436942912638,2.3831705790944397,2.7336361818015575,True,
476,onnx_model_000,warmup,2.3809693533637253,2.381895905826241,2.3832023590803146,1.3064532540738583,True,
477,onnx_model_000,warmup,2.394363405900865,2.3954510032199323,2.4067179788835347,11.266975663602352,True,
478,onnx_model_000,warmup,2.3963486920815558,2.3969123298302293,2.407290467992425,10.378138162195683,True,
479,onnx_model_000,warmup,2.4058239882014076,2.406925834249705,2.4180894452147186,11.163610965013504,True,
480,onnx_model_000,warmup,2.408060030584993,2.40852207923308,2.4182356130331755,9.71353380009532,True,
481,onnx_model_000,warmup,2.4157058428820966,2.415974604897201,2.418274656869471,2.300051972270012,True,
482,onnx_model_000,warmup,2.4195817256581007,2.4204951780848205,2.4310478870756924,10.552708990871906,True,
483,onnx_model_000,warmup,2.4221147093407813,2.422936418093741,2.4312364258803427,8.300007786601782,True,
484,onnx_model_000,warmup,2.424464984070527,2.4253741721622646,2.4312762608751655,5.902088712900877,True,
485,onnx_model_000,warmup,2.4291213320951535,2.429828017950058,2.4313067891635,1.4787712134420872,True,
486,onnx_model_000,warmup,2.4296392945079943,2.429996939841658,2.4410824622027576,11.08552236109972,True,
487,onnx_model_000,warmup,2.440834017855839,2.4411809891462326,2.4522351808845997,11.05419173836708,True,
488,onnx_model_000,warmup,2.449069083226496,2.4496303000487387,2.4524002647958696,2.769964747130871,True,
489,onnx_model_000,warmup,2.4502607389280264,2.4510893132537603,2.4524380271323025,1.3487138785421848,True,
490,onnx_model_000,warmup,2.4537510526350284,2.45466016093269,2.4629521728493273,8.29201191663742,True,
491,onnx_model_000,warmup,2.458824129187565,2.459120398852974,2.4631118359975517,3.991437144577503,True,
492,onnx_model_000,warmup,2.459217537207898,2.4594691721722484,2.4631668110378087,3.697638865560293,True,
493,onnx_model_000,warmup,2.460784892462411,2.4618969969451427,2.463197269011289,1.3002720661461353,True,
494,onnx_model_000,warmup,2.4788231293897396,2.4794320189394057,2.4911855310201645,11.75351208075881,True,
495,onnx_model_000,warmup,2.4923853270372627,2.493410740979016,2.5027473480440676,9.336607065051794,True,
496,onnx_model_000,warmup,2.4960279889603663,2.4968745252117515,2.503288527019322,6.4140018075704575,True,
497,onnx_model_000,warmup,2.5010138324895967,2.501300828065723,2.5033333022147417,2.032474149018526,True,
498,onnx_model_000,warmup,2.5014408529640586,2.501654941122979,2.5033667348325253,1.7117937095463276,True,
499,onnx_model_000,warmup,2.5019325696190804,2.5028834170661867,2.511346644256264,8.463227190077305,True,
500,onnx_model_000,warmup,2.5034777929434058,2.5046000299043953,2.511506747920066,6.906718015670776,True,
501,onnx_model_000,warmup,2.50889993885441,2.5100685651414096,2.511562885250896,1.49432010948658,True,
502,onnx_model_000,warmup,2.5089511123111046,2.510231635067612,2.511593704111874,1.3620690442621708,True,
503,onnx_model_000,warmup,2.5168364859414556,2.5178594538010657,2.5262410859577358,8.381632156670094,True,
504,onnx_model_000,warmup,2.5218180222086577,2.522308701183647,2.526430116035044,4.121414851397276,True,
505,onnx_model_000,warmup,2.522935523511559,2.5237403931096196,2.5264820740558207,2.741680946201086,True,
506,onnx_model_000,warmup,2.5243665859119613,2.5251849689520895,2.526513033080846,1.3280641287565231,True,
507,onnx_model_000,warmup,2.5300109122307983,2.5307601569220424,2.5417895019054413,11.029344983398914,True,
508,onnx_model_000,warmup,2.5430797657873487,2.544019280001521,2.555233175866306,11.213895864784718,True,
509,onnx_model_000,warmup,2.5440013331954763,2.544460860081017,2.5553430151194334,10.882155038416386,True,
510,onnx_model_000,warmup,2.563735137009385,2.5655644950456917,2.576661408878863,11.09691383317113,True,
511,onnx_model_000,warmup,2.5747385294637883,2.576023675967008,2.5872415201738477,11.2178442068398,True,
512,onnx_model_000,warmup,2.5796849889757874,2.580895105842501,2.587383579928428,6.48847408592701,True,
513,onnx_model_000,warmup,2.5843278466337067,2.5853341738693416,2.5874398071318865,2.1056332625448704,True,
514,onnx_model_000,warmup,2.5934931148060927,2.594746856018901,2.597800110001117,3.0532539822161198,True,
515,onnx_model_000,warmup,2.593765690573559,2.594959340058267,2.5979782389476895,3.0188988894224167,True,
516,onnx_model_000,warmup,2.5938084849957184,2.5951139139942825,2.598040617071092,2.9267030768096447,True,
517,onnx_model_000,warmup,2.595692391996748,2.5967365582473576,2.5980738610960543,1.3373028486967087,True,
518,onnx_model_000,warmup,2.6025198848100546,2.603315643966198,2.614368414040655,11.05277007445693,True,
519,onnx_model_000,warmup,2.6056444291026444,2.606801299843937,2.614518499933183,7.717200089246035,True,
520,onnx_model_000,warmup,2.6110075866076508,2.611243083141744,2.6145576741546392,3.3145910128951073,True,
521,onnx_model_000,warmup,2.617113407559179,2.6177987148985267,2.6286755898036063,10.876874905079603,True,
522,onnx_model_000,warmup,2.6354235487731064,2.635982871055603,2.647046340163797,11.063469108194113,True,
523,onnx_model_000,warmup,2.6389429068220553,2.6395295821130276,2.6472041001543403,7.6745180413126945,True,
524,onnx_model_000,warmup,2.6408835830030406,2.6421063598245382,2.6472456590272486,5.13929920271039,True,
525,onnx_model_000,warmup,2.6500205333455567,2.650478735100478,2.661551723256707,11.072988156229258,True,
526,onnx_model_000,warmup,2.6504442493616085,2.6508814808912575,2.661598010919988,10.71653002873063,True,
527,onnx_model_000,warmup,2.6538545976490284,2.6543272300623357,2.6616304931230843,7.303263060748577,True,
528,onnx_model_000,warmup,2.6647345435409293,2.6658897092565894,2.676939694210887,11.049984954297543,True,
529,onnx_model_000,warmup,2.670355394084593,2.671349387150258,2.676985591184348,5.636204034090042,True,
530,onnx_model_000,warmup,2.67089528602032,2.6715154331177473,2.677018754184246,5.503321066498756,True,
531,onnx_model_000,warmup,2.6768611776259252,2.6771768550388515,2.688198786228895,11.021931190043688,True,
532,onnx_model_000,warmup,2.6777282735409926,2.6786197568289936,2.6883460148237646,9.726257994771004,True,
533,onnx_model_000,warmup,2.6832820252437655,2.684072723146528,2.6884027528576553,4.330029711127281,True,
534,onnx_model_000,warmup,2.6870954337497786,2.6875494909472764,2.6984859299845994,10.936439037322998,True,
535,onnx_model_000,warmup,2.709365394592079,2.7098002270795405,2.716352942865342,6.552715785801411,True,
536,onnx_model_000,warmup,2.711287835213227,2.712346125859767,2.716544908005744,4.19878214597702,True,
537,onnx_model_000,warmup,2.713734541671057,2.7149061230011284,2.716585504822433,1.6793818213045597,True,
538,onnx_model_000,warmup,2.7148091003337695,2.7153517599217594,2.7166170747950673,1.2653148733079433,True,
539,onnx_model_000,warmup,2.720737933924029,2.7218727548606694,2.7330685569904745,11.195802129805088,True,
540,onnx_model_000,warmup,2.7279320361450257,2.7283350988291204,2.7331844069994986,4.849308170378208,True,
541,onnx_model_000,warmup,2.734233930423048,2.7354240138083696,2.746388135943562,10.964122135192156,True,
542,onnx_model_000,warmup,2.738815638596034,2.7399053131230175,2.7465360471978784,6.630734074860811,True,
543,onnx_model_000,warmup,2.741069810736839,2.741338577121496,2.746576193254441,5.237616132944822,True,
544,onnx_model_000,warmup,2.751255634945731,2.751815632916987,2.762905322946608,11.089690029621124,True,
545,onnx_model_000,warmup,2.754504659251066,2.7552977921441197,2.7630554479546845,7.757655810564756,True,
546,onnx_model_000,warmup,2.754793516258254,2.755466151982546,2.7630932200700045,7.6270680874586105,True,
547,onnx_model_000,warmup,2.770000297752253,2.770317953079939,2.7814175919629633,11.099638883024454,True,
548,onnx_model_000,warmup,2.7729373311978427,2.7737778699956834,2.781585481017828,7.807611022144556,True,
549,onnx_model_000,warmup,2.7758082331062766,2.7762212241068482,2.7816232130862772,5.401988979429007,True,
550,onnx_model_000,warmup,2.7815021551531753,2.781775882933289,2.79284246917814,11.06658624485135,True,
551,onnx_model_000,warmup,2.785156590146137,2.7862181370146573,2.7930393530987203,6.821216084063053,True,
552,onnx_model_000,warmup,2.7874905489549557,2.7886532261036336,2.7930757822468877,4.422556143254042,True,
553,onnx_model_000,warmup,2.7969860478209703,2.797296515200287,2.8083818568848073,11.085341684520245,True,
554,onnx_model_000,warmup,2.8002116831121047,2.8007676638662815,2.8085280950181186,7.7604311518371105,True,
555,onnx_model_000,warmup,2.805430482116833,2.806206943001598,2.808564173988998,2.3572309873998165,True,
556,onnx_model_000,warmup,2.8212522161762,2.8228833731263876,2.8282678481191397,5.384474992752075,True,
557,onnx_model_000,warmup,2.8222190434343712,2.8230732842348516,2.828458941075951,5.385656841099262,True,
558,onnx_model_000,warmup,2.8240241060142357,2.8246449609287083,2.828499378170818,3.8544172421097755,True,
559,onnx_model_000,warmup,2.826861374256023,2.827104285825044,2.8285311278887093,1.42684206366539,True,
560,onnx_model_000,warmup,2.829366181601212,2.829778919927776,2.83602866018191,6.24974025413394,True,
561,onnx_model_000,warmup,2.8300531369007453,2.8312393659725785,2.836258687078953,5.019321106374264,True,
562,onnx_model_000,warmup,2.8302372239912432,2.831403368152678,2.836218039970845,4.814671818166971,True,
563,onnx_model_000,warmup,2.834187241539786,2.8349155238829553,2.8362897159531713,1.3741920702159405,True,
564,onnx_model_000,warmup,2.843146123706987,2.8435266627930105,2.8544975770637393,10.970914270728827,True,
565,onnx_model_000,warmup,2.8563098457855998,2.856788430828601,2.86112030595541,4.331875126808882,True,
566,onnx_model_000,warmup,2.856398169826597,2.8570321248844266,2.861298364121467,4.266239237040281,True,
567,onnx_model_000,warmup,2.8573156188136153,2.8575276671908796,2.8613602821715176,3.832614980638027,True,
568,onnx_model_000,warmup,2.859430463060415,2.8599853478372097,2.861397282220423,1.41193438321352,True,
569,onnx_model_000,warmup,2.859635255925624,2.8601523260585964,2.871293574105948,11.141248047351837,True,
570,onnx_model_000,warmup,2.866718973891547,2.8676462611183524,2.8718184609897435,4.172199871391058,True,
571,onnx_model_000,warmup,2.866896391735362,2.8678297088481486,2.871863105800003,4.033396951854229,True,
572,onnx_model_000,warmup,2.8708630527520627,2.8714114078320563,2.8824769319035113,11.065524071455002,True,
573,onnx_model_000,warmup,2.8724003640626155,2.873084797989577,2.88360814191401,10.523343924432993,True,
574,onnx_model_000,warmup,2.881801518993161,2.882573395036161,2.8842291818000376,1.6557867638766766,True,
575,onnx_model_000,warmup,2.8818043895296603,2.882734231185168,2.884382454212755,1.648223027586937,True,
576,onnx_model_000,warmup,2.8818744770197005,2.882905466016382,2.8844410651363432,1.5355991199612617,True,
577,onnx_model_000,warmup,2.8821403614492827,2.8830439802259207,2.884472425095737,1.4284448698163033,True,
578,onnx_model_000,warmup,2.8844422215020407,2.8846361059695482,2.8927028798498213,8.066773880273104,True,
579,onnx_model_000,warmup,2.890546657053689,2.891110122203827,2.8929041819646955,1.7940597608685493,True,
580,onnx_model_000,warmup,2.8911863520663807,2.8914984301663935,2.8929426460526884,1.4442158862948418,True,
581,onnx_model_000,warmup,2.8913410773151473,2.8916688738390803,2.892974665854126,1.3057920150458813,True,
582,onnx_model_000,warmup,2.894006407428871,2.895210917107761,2.89834112720564,3.1302100978791714,True,
583,onnx_model_000,warmup,2.8952241747095515,2.8955840468406677,2.8985240352340043,2.9399883933365345,True,
584,onnx_model_000,warmup,2.8967857978408365,2.8970321090891957,2.898562849033624,1.5307399444282055,True,
585,onnx_model_000,warmup,2.8970481666558046,2.8973892079666257,2.8985952101647854,1.2060021981596947,True,
586,onnx_model_000,warmup,2.902309138562154,2.902845549862832,2.9138556881807745,11.01013831794262,True,
587,onnx_model_000,warmup,2.903624385353792,2.9043108047917485,2.9140058141201735,9.69500932842493,True,
588,onnx_model_000,warmup,2.9052559592035583,2.9057427272200584,2.914065808057785,8.323080837726593,True,
589,onnx_model_000,warmup,2.912364551816075,2.9132024170830846,2.924214038066566,11.011620983481407,True,
590,onnx_model_000,warmup,2.915109760707561,2.916288894135505,2.9243761762045324,8.087282069027424,True,
591,onnx_model_000,warmup,2.920164129864509,2.9207313279621303,2.9244131869636476,3.681859001517296,True,
592,onnx_model_000,warmup,2.930957040552379,2.9316646209917963,2.942699526902288,11.034905910491943,True,
593,onnx_model_000,warmup,2.9433995078912933,2.9439079640433192,2.954923232086003,11.015268042683601,True,
594,onnx_model_000,warmup,2.9571166425009827,2.95814952487126,2.9692556858062744,11.106160935014486,True,
595,onnx_model_000,warmup,2.9584975827979383,2.9595877691172063,2.9694149089045823,9.827139787375927,True,
596,onnx_model_000,warmup,2.9662293900978907,2.9670320991426706,2.9694534218870103,2.4213227443397045,True,
597,onnx_model_000,warmup,2.9767596336613913,2.9777021021582186,2.988838099874556,11.135997716337442,True,
598,onnx_model_000,warmup,2.9836983617039854,2.9841816681437194,2.9889787971042097,4.797128960490227,True,
599,onnx_model_000,warmup,2.9981126280594728,2.9992115581408143,3.010374697856605,11.163139715790749,True,
600,onnx_model_000,warmup,3.006871225950652,3.007744968868792,3.010520063806325,2.77509493753314,True,
601,onnx_model_000,warmup,3.0080821578983574,3.009199353866279,3.0105583970434964,1.359043177217245,True,
602,onnx_model_000,warmup,3.0139053808715874,3.0147970439866185,3.0232579670846462,8.460923098027706,True,
603,onnx_model_000,warmup,3.018652168368712,3.0192444478161633,3.0233042552135885,4.059807397425175,True,
604,onnx_model_000,warmup,3.019923360586289,3.0206786040216684,3.023338430095464,2.659826073795557,True,
605,onnx_model_000,warmup,3.0215288088239327,3.0221333792433143,3.023434122093022,1.3007428497076035,True,
606,onnx_model_000,warmup,3.0215643394887857,3.022299134172499,3.0331338299438357,10.834695771336555,True,
607,onnx_model_000,warmup,3.0331006821272286,3.0332841551862657,3.044310225173831,11.026069987565279,True,
608,onnx_model_000,warmup,3.0333811123376604,3.0336511130444705,3.044354979880154,10.703866835683584,True,
609,onnx_model_000,warmup,3.0347111856402886,3.0351112792268395,3.044388233218342,9.276953991502523,True,
610,onnx_model_000,warmup,3.045974868683053,3.0466234418563545,3.057699155062437,11.075713206082582,True,
611,onnx_model_000,warmup,3.0540977988689795,3.055094623938203,3.057852106168866,2.7574822306632996,True,
612,onnx_model_000,warmup,3.0615465260788115,3.0620796820148826,3.0731514282524586,11.071746237576008,True,
613,onnx_model_000,warmup,3.0637255744051437,3.0645215827971697,3.0732818958349526,8.760313037782907,True,
614,onnx_model_000,warmup,3.0737817494814608,3.074507304932922,3.085739385802299,11.23208086937666,True,
615,onnx_model_000,warmup,3.0743515902195857,3.074673551134765,3.0858843810856342,11.210829950869083,True,
616,onnx_model_000,warmup,3.0847278857276876,3.0852010222151875,3.0931507740169764,7.949751801788807,True,
617,onnx_model_000,warmup,3.086982573874712,3.088104500900954,3.0931956488639116,5.091147962957621,True,
618,onnx_model_000,warmup,3.091262996599213,3.0915461839176714,3.093229473102838,1.683289185166359,True,
619,onnx_model_000,warmup,3.091719982124735,3.0919261761009693,3.093275350984186,1.3491748832166195,True,
620,onnx_model_000,warmup,3.09204577097211,3.0922922119498253,3.10036841314286,8.076201193034649,True,
621,onnx_model_000,warmup,3.0931279158479668,3.0934542207978666,3.1005585249513388,7.104304153472185,True,
622,onnx_model_000,warmup,3.0955400148272045,3.0959039269946516,3.100614672061056,4.710745066404343,True,
623,onnx_model_000,warmup,3.098918989429507,3.0993379652500153,3.1006450690329075,1.3071037828922272,True,
624,onnx_model_000,warmup,3.1039185912712144,3.104893975891173,3.116005837917328,11.111862026154995,True,
625,onnx_model_000,warmup,3.1132266451014736,3.11534132482484,3.123012096155435,7.6707713305950165,True,
626,onnx_model_000,warmup,3.1181902974119873,3.1192387929186225,3.1232028482481837,3.9640553295612335,True,
627,onnx_model_000,warmup,3.118536622305284,3.1194020342081785,3.1232398189604282,3.8377847522497177,True,
628,onnx_model_000,warmup,3.121659126013802,3.1219525719061494,3.1232708878815174,1.318315975368023,True,
629,onnx_model_000,warmup,3.1242825745916702,3.1245012269355357,3.13552658399567,11.02535706013441,True,
630,onnx_model_000,warmup,3.148508819506952,3.1497674039565027,3.1608374072238803,11.070003267377615,True,
631,onnx_model_000,warmup,3.1522055095684043,3.1532162502408028,3.161016627214849,7.80037697404623,True,
632,onnx_model_000,warmup,3.1568886239615406,3.1576505289413035,3.161055461037904,3.4049320966005325,True,
633,onnx_model_000,warmup,3.159853433042946,3.1601177589036524,3.1712566618807614,11.138902977108955,True,
634,onnx_model_000,warmup,3.1628141492859894,3.1633045859634876,3.1714408518746495,8.1362659111619,True,
635,onnx_model_000,warmup,3.1682378602807626,3.16878470312804,3.1714776922017336,2.6929890736937523,True,
636,onnx_model_000,warmup,3.169748550516494,3.170224190223962,3.171508361119777,1.2841708958148956,True,
637,onnx_model_000,warmup,3.178160504887423,3.1787460991181433,3.187161595094949,8.415495976805687,True,
638,onnx_model_000,warmup,3.179173126413103,3.1802044911310077,3.1873419377952814,7.137446664273739,True,
639,onnx_model_000,warmup,3.1825081408639653,3.1836507520638406,3.187379429116845,3.7286770530045033,True,
640,onnx_model_000,warmup,3.1858355599582744,3.18609425611794,3.1874098270200193,1.3155709020793438,True,
641,onnx_model_000,warmup,3.1905465786218663,3.191643264144659,3.2010128451511264,9.369581006467342,True,
642,onnx_model_000,warmup,3.1930035355521222,3.1941014770418406,3.201519156806171,7.417679764330387,True,
643,onnx_model_000,warmup,3.198285405426765,3.1985324402339756,3.201562528964132,3.0300887301564217,True,
644,onnx_model_000,warmup,3.1989877421160053,3.2000135350972414,3.2015966242179275,1.5830891206860542,True,
645,onnx_model_000,warmup,3.200816500686604,3.201109768822789,3.2121564871631563,11.046718340367079,True,
646,onnx_model_000,warmup,3.203219532129091,3.2038474432192743,3.21228438988328,8.436946664005518,True,
647,onnx_model_000,warmup,3.2145309253969323,3.2155068260617554,3.2265034788288176,10.996652767062187,True,
648,onnx_model_000,warmup,3.2230568249827707,3.223947210237384,3.2266341471113265,2.6869368739426136,True,
649,onnx_model_000,warmup,3.227377975647296,3.2281902651302516,3.2398933907970786,11.703125666826963,True,
650,onnx_model_000,warmup,3.227403683297566,3.2283812081441283,3.239937855862081,11.556647717952728,True,
651,onnx_model_000,warmup,3.238081811761711,3.238942113239318,3.2475882777944207,8.646164555102587,True,
652,onnx_model_000,warmup,3.239235425655899,3.239418087992817,3.2477618479169905,8.343759924173355,True,
653,onnx_model_000,warmup,3.244687288744214,3.2451661340892315,3.2478032070212066,2.6370729319751263,True,
654,onnx_model_000,warmup,3.246376690627346,3.246628894004971,3.247856568079442,1.2276740744709969,True,
655,onnx_model_000,warmup,3.2495201783804664,3.2500929390080273,3.2611818579025567,11.088918894529343,True,
656,onnx_model_000,warmup,3.251011504282562,3.2515319739468396,3.261333034839481,9.801060892641544,True,
657,onnx_model_000,warmup,3.2519788280675757,3.252975177951157,3.2613695738837123,8.394395932555199,True,
658,onnx_model_000,warmup,3.2625648778715175,3.26359749911353,3.274821895174682,11.22439606115222,True,
659,onnx_model_000,warmup,3.263118966480272,3.2637984408065677,3.2752685039304197,11.470063123852015,True,
660,onnx_model_000,warmup,3.274216877812608,3.2749214051291347,3.2860641148872674,11.142709758132696,True,
661,onnx_model_000,warmup,3.2797365208447053,3.280497253872454,3.286800284869969,6.303030997514725,True,
662,onnx_model_000,warmup,3.28288043780614,3.283933084923774,3.2868470340035856,2.913949079811573,True,
663,onnx_model_000,warmup,3.2857747285930747,3.28615978686139,3.2970006740652025,10.8408872038126,True,
664,onnx_model_000,warmup,3.2859037787376817,3.286320112179965,3.297164815943688,10.844703763723373,True,
665,onnx_model_000,warmup,3.2887298255901167,3.289071372244507,3.297222565859556,8.151193615049124,True,
666,onnx_model_000,warmup,3.294412534567804,3.2955540642142296,3.297253604978323,1.699540764093399,True,
667,onnx_model_000,warmup,3.294983015720819,3.2958987802267075,3.307061337865889,11.162557639181614,True,
668,onnx_model_000,warmup,3.297540292652214,3.298487731255591,3.3075641938485205,9.076462592929602,True,
669,onnx_model_000,warmup,3.300047202959611,3.3009369568899274,3.30760796694085,6.671010050922632,True,
670,onnx_model_000,warmup,3.306289189340091,3.3071725401096046,3.3143722750246525,7.199734915047884,True,
671,onnx_model_000,warmup,3.307049937264538,3.3077363609336317,3.314539121929556,6.802760995924473,True,
672,onnx_model_000,warmup,3.31273040721392,3.3132086331024766,3.314594817813486,1.386184711009264,True,
673,onnx_model_000,warmup,3.312823428595617,3.313369559124112,3.3146249051205814,1.2553459964692593,True,
674,onnx_model_000,warmup,3.3143554087085274,3.3147858809679747,3.321169997099787,6.384116131812334,True,
675,onnx_model_000,warmup,3.316416130031403,3.317229737062007,3.3213554290123284,4.1256919503211975,True,
676,onnx_model_000,warmup,3.317232218463423,3.3175839399918914,3.321392450015992,3.808510024100542,True,
677,onnx_model_000,warmup,3.319504562948024,3.3200522121042013,3.3214244511909783,1.3722390867769718,True,
678,onnx_model_000,warmup,3.3198659919406426,3.3202140699140728,3.3313095211051404,11.095451191067696,True,
679,onnx_model_000,warmup,3.326626349553362,3.3276594821363688,3.331466920208186,3.8074380718171597,True,
680,onnx_model_000,warmup,3.3280353099943145,3.32912533916533,3.3315034890547395,2.378149889409542,True,
681,onnx_model_000,warmup,3.3400923123908433,3.3417278141714633,3.3528572698123753,11.129455640912056,True,
682,onnx_model_000,warmup,3.3509170040263885,3.352198807988316,3.3634485020302236,11.249694041907787,True,
683,onnx_model_000,warmup,3.351299264405976,3.3523613470606506,3.3636010219343007,11.239674873650074,True,
684,onnx_model_000,warmup,3.3547331377802294,3.355138505809009,3.363641228992492,8.502723183482885,True,
685,onnx_model_000,warmup,3.3641479082922943,3.3649004218168557,3.376062409952283,11.161988135427237,True,
686,onnx_model_000,warmup,3.368839142539425,3.3693408728577197,3.376208867877722,6.867995020002127,True,
687,onnx_model_000,warmup,3.3739379027131067,3.3747913939878345,3.3762479121796787,1.456518191844225,True,
688,onnx_model_000,warmup,3.376968632287839,3.3774642548523843,3.383778275921941,6.314021069556475,True,
689,onnx_model_000,warmup,3.3795075526714062,3.3799107149243355,3.3839634680189192,4.05275309458375,True,
690,onnx_model_000,warmup,3.379580510668005,3.3800721121951938,3.384001921862364,3.9298096671700478,True,
691,onnx_model_000,warmup,3.3822776196498787,3.382601640187204,3.3840331812389195,1.4315410517156124,True,
692,onnx_model_000,warmup,3.3823373709919027,3.382783295121044,3.3939471361227334,11.163841001689434,True,
693,onnx_model_000,warmup,3.3840113578893787,3.3841928439214826,3.3943946370854974,10.201793164014816,True,
694,onnx_model_000,warmup,3.39323470533482,3.394048719201237,3.405011707916856,10.962988715618849,True,
695,onnx_model_000,warmup,3.411054643264911,3.412232433911413,3.4206547141075134,8.422280196100473,True,
696,onnx_model_000,warmup,3.4124848053759615,3.4136860971339047,3.4208624488674104,7.176351733505726,True,
697,onnx_model_000,warmup,3.4153036356350883,3.4161394611001015,3.420900862198323,4.7614010982215405,True,
698,onnx_model_000,warmup,3.419100439169215,3.419576142914593,3.42093215091154,1.3560079969465733,True,
699,onnx_model_000,warmup,3.4261621612749673,3.427166682202369,3.4364575729705393,9.290890768170357,True,
700,onnx_model_000,warmup,3.4271705857516683,3.4275286900810897,3.4366158731281757,9.087183047086,True,
701,onnx_model_000,warmup,3.4293329510118773,3.4299764530733228,3.4366725110448897,6.6960579715669155,True,
702,onnx_model_000,warmup,3.4347012300703614,3.435410672798753,3.4367037299089134,1.2930571101605892,True,
703,onnx_model_000,warmup,3.4480186866907654,3.4489390179514885,3.4600545368157327,11.115518864244223,True,
704,onnx_model_000,warmup,3.449976252339463,3.450375990010798,3.4601970282383263,9.821038227528334,True,
705,onnx_model_000,warmup,3.4521993339904404,3.4528205562382936,3.4602352511137724,7.4146948754787445,True,
706,onnx_model_000,warmup,3.462594256236391,3.463455833029002,3.4745186320506036,11.062799021601677,True,
707,onnx_model_000,warmup,3.4784928880237906,3.4787978660315275,3.489873519167304,11.07565313577652,True,
708,onnx_model_000,warmup,3.4804950133302235,3.4812433938495815,3.4900045581161976,8.761164266616106,True,
709,onnx_model_000,warmup,3.4908263145277227,3.4912235848605633,3.5025232839398086,11.299699079245329,True,
710,onnx_model_000,warmup,3.496152511032452,3.4966615019366145,3.502566867042333,5.905365105718374,True,
711,onnx_model_000,warmup,3.5016121739778368,3.5021101091988385,3.512657708954066,10.547599755227566,True,
712,onnx_model_000,warmup,3.502256486384939,3.502693898975849,3.512848581187427,10.154682211577892,True,
713,onnx_model_000,warmup,3.506308697284437,3.5071464627981186,3.512915277853608,5.76881505548954,True,
714,onnx_model_000,warmup,3.51065732617855,3.511584748979658,3.512946918141097,1.362169161438942,True,
715,onnx_model_000,warmup,3.5128771944956116,3.5131055200472474,3.5242474088445306,11.141888797283173,True,
716,onnx_model_000,warmup,3.514448466902943,3.515560156200081,3.5243913931772113,8.831236977130175,True,
717,onnx_model_000,warmup,3.5215324469927056,3.522085168864578,3.5244288742542267,2.343705389648676,True,
718,onnx_model_000,warmup,3.533888597296799,3.5346510550007224,3.54573480412364,11.083749122917652,True,
719,onnx_model_000,warmup,3.5361080627947308,3.537113746162504,3.545920936856419,8.80719069391489,True,
720,onnx_model_000,warmup,3.5390546046695164,3.5395488352514803,3.545959530863911,6.4106956124305725,True,
721,onnx_model_000,warmup,3.547578822661862,3.5481859031133354,3.559239264111966,11.053360998630524,True,
722,onnx_model_000,warmup,3.5589965807006303,3.559335967991501,3.570354632101953,11.018664110451937,True,
723,onnx_model_000,warmup,3.5722037612833044,3.5725852120667696,3.581961205229163,9.37599316239357,True,
724,onnx_model_000,warmup,3.57221204043432,3.5727686611935496,3.582123984117061,9.355322923511267,True,
725,onnx_model_000,warmup,3.576519310838874,3.5773324561305344,3.5821835482493043,4.851092118769884,True,
726,onnx_model_000,warmup,3.5798554430317986,3.580800509080291,3.582216610200703,1.4161011204123497,True,
727,onnx_model_000,warmup,3.585294657681679,3.5864843828603625,3.592834113165736,6.349730305373669,True,
728,onnx_model_000,warmup,3.586918985986882,3.5879541668109596,3.5930170509964228,5.06288418546319,True,
729,onnx_model_000,warmup,3.5888034019941597,3.5893943239934742,3.59305482218042,3.6604981869459152,True,
730,onnx_model_000,warmup,3.5912166142494786,3.591840954963118,3.593087173998356,1.2462190352380276,True,
731,onnx_model_000,warmup,3.600931736342181,3.6013208548538387,3.612318931147456,10.998076293617487,True,
732,onnx_model_000,warmup,3.6047226534010974,3.6057767649181187,3.612449740059674,6.672975141555071,True,
733,onnx_model_000,warmup,3.6237797681938244,3.624673195183277,3.6357273370958865,11.054141912609339,True,
734,onnx_model_000,warmup,3.6347654674728793,3.6351874112151563,3.6463819602504373,11.194549035280943,True,
735,onnx_model_000,warmup,3.6379924523385703,3.63898375723511,3.646447825245559,7.4640680104494095,True,
736,onnx_model_000,warmup,3.6422793884503717,3.6434355890378356,3.646541312802583,3.105723764747381,True,
737,onnx_model_000,warmup,3.6455159951403697,3.64588343212381,3.657057732809335,11.17430068552494,True,
738,onnx_model_000,warmup,3.652531121943788,3.652778299059719,3.657167160883546,4.388861823827028,True,
739,onnx_model_000,warmup,3.655866386924162,3.6562226861715317,3.6672688028775156,11.046116705983877,True,
740,onnx_model_000,warmup,3.6599487791774448,3.6603884138166904,3.6673963451758027,7.007931359112263,True,
741,onnx_model_000,warmup,3.672114019958675,3.6726211667992175,3.680860328953713,8.239162154495716,True,
742,onnx_model_000,warmup,3.6721610625230676,3.6728047458454967,3.6810365030542016,8.231757208704948,True,
743,onnx_model_000,warmup,3.6771435434264967,3.678319138009101,3.6810951749794185,2.7760369703173637,True,
744,onnx_model_000,warmup,3.678713849336175,3.679765306878835,3.681128037162125,1.3627302832901478,True,
745,onnx_model_000,warmup,3.6869135294294093,3.6873718961142004,3.6984497238881886,11.077827773988247,True,
746,onnx_model_000,warmup,3.6890837864016954,3.689830710180104,3.698606140911579,8.775430731475353,True,
747,onnx_model_000,warmup,3.6966849676062603,3.697315306868404,3.6986451451666653,1.3298382982611656,True,
748,onnx_model_000,warmup,3.7075302162229224,3.708916549105197,3.720210628118366,11.294079013168812,True,
749,onnx_model_000,warmup,3.708021568344122,3.7090920228511095,3.7203626269474626,11.270604096353054,True,
750,onnx_model_000,warmup,3.713403014591971,3.7146146008744836,3.720401972066611,5.787371192127466,True,
751,onnx_model_000,warmup,3.7324620109430016,3.7346586622297764,3.742220296058804,7.561633829027414,True,
752,onnx_model_000,warmup,3.738326052686243,3.739138967823237,3.7424070201814175,3.2680523581802845,True,
753,onnx_model_000,warmup,3.7400589386152707,3.7405744772404432,3.742447187192738,1.8727099522948265,True,
754,onnx_model_000,warmup,3.740664512416224,3.740945601835847,3.742480330169201,1.5347283333539963,True,
755,onnx_model_000,warmup,3.744153813823594,3.744720538146794,3.755910308100283,11.189769953489304,True,
756,onnx_model_000,warmup,3.747155061162481,3.748232825193554,3.756044824142009,7.811998948454857,True,
757,onnx_model_000,warmup,3.761645199597887,3.76227934518829,3.773408549837768,11.129204649478197,True,
758,onnx_model_000,warmup,3.7703759291118164,3.7707248888909817,3.7735242801718414,2.799391280859709,True,
759,onnx_model_000,warmup,3.7854855592626113,3.7857833029702306,3.7968928199261427,11.109516955912113,True,
760,onnx_model_000,warmup,3.7890790840367967,3.7902712738141418,3.797015282791108,6.744008976966143,True,
761,onnx_model_000,warmup,3.798209037687401,3.799255320802331,3.810326997190714,11.071676388382912,True,
762,onnx_model_000,warmup,3.8110960008359087,3.811581361107528,3.8228664230555296,11.285061948001385,True,
763,onnx_model_000,warmup,3.813605550354767,3.8140804022550583,3.82302048522979,8.940082974731922,True,
764,onnx_model_000,warmup,3.8180354871662647,3.8185382750816643,3.8230616440996528,4.523369017988443,True,
765,onnx_model_000,warmup,3.8338589501439624,3.834351735189557,3.8455906081944704,11.23887300491333,True,
766,onnx_model_000,warmup,3.844948090182192,3.845702240243554,3.8502887790091336,4.586538765579462,True,
767,onnx_model_000,warmup,3.8466983326012247,3.8472581282258034,3.850341589190066,3.0834609642624855,True,
768,onnx_model_000,warmup,3.8477032109992395,3.8488202169537544,3.8503784188069403,1.558201853185892,True,
769,onnx_model_000,warmup,3.8477562071651232,3.8490111902356148,3.8504795911721885,1.4684009365737438,True,
770,onnx_model_000,warmup,3.851766905446485,3.852804890833795,3.864293749909848,11.488859076052904,True,
771,onnx_model_000,warmup,3.8569932605688475,3.8572947359643877,3.864343233872205,7.048497907817364,True,
772,onnx_model_000,warmup,3.862567194837532,3.8638289268128574,3.8746078461408615,10.778919328004122,True,
773,onnx_model_000,warmup,3.867386322032836,3.868580148089677,3.8751660170964897,6.5858690068125725,True,
774,onnx_model_000,warmup,3.8705026941692173,3.8710555331781507,3.8752118041738868,4.156270995736122,True,
775,onnx_model_000,warmup,3.872734265862595,3.8735011918470263,3.8752449271269143,1.7437352798879147,True,
776,onnx_model_000,warmup,3.87391706176392,3.8747096601873636,3.885866596829146,11.156936641782522,True,
777,onnx_model_000,warmup,3.875447250128179,3.8764856648631394,3.8860165821388364,9.530917275696993,True,
778,onnx_model_000,warmup,3.879325317047086,3.8799320571124554,3.886056197807193,6.124140694737434,True,
779,onnx_model_000,warmup,3.887714696639805,3.8882797439582646,3.899373341817409,11.09359785914421,True,
780,onnx_model_000,warmup,3.8921883230561543,3.8927260362543166,3.899517986923456,6.791950669139624,True,
781,onnx_model_000,warmup,3.894503634775367,3.895207101944834,3.8995551969856024,4.348095040768385,True,
782,onnx_model_000,warmup,3.9060049287237772,3.9067934858612716,3.9151009181514382,8.307432290166616,True,
783,onnx_model_000,warmup,3.906732103894555,3.9071508361957967,3.9152118689380586,8.061032742261887,True,
784,onnx_model_000,warmup,3.9113139723893857,3.911580446176231,3.915370420087129,3.78997391089797,True,
785,onnx_model_000,warmup,3.913357581110354,3.9140276378020644,3.9154257248155773,1.3980870135128498,True,
786,onnx_model_000,warmup,3.9139700848481787,3.914378384128213,3.9254573839716613,11.0789998434484,True,
787,onnx_model_000,warmup,3.9168891321217636,3.917652488220483,3.9256121278740466,7.9596396535634995,True,
788,onnx_model_000,warmup,3.918853631147777,3.9191020131111145,3.9256472252309322,6.545212119817734,True,
789,onnx_model_000,warmup,3.9401053268089745,3.9408993972465396,3.9513720138929784,10.472616646438837,True,
790,onnx_model_000,warmup,3.9420567701693265,3.942337289918214,3.9520694399252534,9.732150007039309,True,
791,onnx_model_000,warmup,3.9438935677617644,3.9447809047997,3.9521159678697586,7.335063070058823,True,
792,onnx_model_000,warmup,3.950023835891641,3.950291479937732,3.9521486097946763,1.8571298569440842,True,
793,onnx_model_000,warmup,3.9509720705851468,3.951508793979883,3.960372772999108,8.863979019224644,True,
794,onnx_model_000,warmup,3.9528467698132737,3.9533955198712647,3.9605319960974157,7.1364762261509895,True,
795,onnx_model_000,warmup,3.9572157824413217,3.957875976804644,3.960588893853128,2.712917048484087,True,
796,onnx_model_000,warmup,3.9588253084054688,3.959315554238856,3.9606186109595,1.3030567206442356,True,
797,onnx_model_000,warmup,3.963204129103405,3.963869229890406,3.975098644848913,11.229414958506823,True,
798,onnx_model_000,warmup,3.97128023671942,3.972311045974493,3.975225576199591,2.914530225098133,True,
799,onnx_model_000,warmup,3.975945297089078,3.9764426900073886,3.986880079843104,10.437389835715294,True,
800,onnx_model_000,warmup,3.979775472688506,3.9808907750993967,3.987039241939783,6.148466840386391,True,
801,onnx_model_000,warmup,3.982622680956595,3.9833401911891997,3.9870962910354137,3.756099846214056,True,
802,onnx_model_000,warmup,3.9846445895750664,3.985809705220163,3.9871269688010216,1.3172635808587074,True,
803,onnx_model_000,warmup,3.9936616575877344,3.99435657216236,4.005425491835922,11.06891967356205,True,
804,onnx_model_000,warmup,4.000765205778151,4.001816382165998,4.005553997121751,3.737614955753088,True,
805,onnx_model_000,warmup,4.007412986534982,4.007789125200361,4.012036419007927,4.247293807566166,True,
806,onnx_model_000,warmup,4.008825776225051,4.009243660140783,4.012201842851937,2.9581827111542225,True,
807,onnx_model_000,warmup,4.010307164004299,4.0106963920407,4.012240196112543,1.5438040718436241,True,
808,onnx_model_000,warmup,4.010342389853498,4.010872987098992,4.0122709749266505,1.3979878276586533,True,
809,onnx_model_000,warmup,4.01065927653768,4.011297705117613,4.022440575994551,11.142870876938105,True,
810,onnx_model_000,warmup,4.019284708525343,4.019508011173457,4.022935465909541,3.427454736083746,True,
811,onnx_model_000,warmup,4.0219776994357375,4.022554091177881,4.033683436922729,11.129345744848251,True,
812,onnx_model_000,warmup,4.02666673411146,4.02716991584748,4.033859891816974,6.689975969493389,True,
813,onnx_model_000,warmup,4.026801968881855,4.027334819082171,4.033922932110727,6.5881130285561085,True,
814,onnx_model_000,warmup,4.031820384027434,4.0328680272214115,4.044066282920539,11.198255699127913,True,
815,onnx_model_000,warmup,4.033819196679847,4.034067897126079,4.044508513994515,10.440616868436337,True,
816,onnx_model_000,warmup,4.042753944541317,4.044164279010147,4.055249881930649,11.085602920502424,True,
817,onnx_model_000,warmup,4.047849594958032,4.048738254234195,4.055361674167216,6.623419933021069,True,
818,onnx_model_000,warmup,4.05835488056297,4.058583247940987,4.06972484709695,11.141599155962467,True,
819,onnx_model_000,warmup,4.059758785993648,4.060035629197955,4.070190051104873,10.154421906918287,True,
820,onnx_model_000,warmup,4.068252097695229,4.069839735049754,4.080323132220656,10.483397170901299,True,
821,onnx_model_000,warmup,4.070336474530479,4.071413496043533,4.08049055095762,9.077054914087057,True,
822,onnx_model_000,warmup,4.077810731425272,4.078867795877159,4.080529564991593,1.661769114434719,True,
823,onnx_model_000,warmup,4.078991000476603,4.079235405195504,4.080560613889247,1.325208693742752,True,
824,onnx_model_000,warmup,4.08680283117464,4.08782855886966,4.092021459247917,4.192900378257036,True,
825,onnx_model_000,warmup,4.089777487146986,4.090281362179667,4.092199127189815,1.9177650101482868,True,
826,onnx_model_000,warmup,4.0901080490170285,4.090444591827691,4.0922580091282725,1.813417300581932,True,
827,onnx_model_000,warmup,4.090243992473379,4.0908970618620515,4.092289357911795,1.3922960497438908,True,
828,onnx_model_000,warmup,4.094615646102635,4.095524447970092,4.106650787871331,11.12633990123868,True,
829,onnx_model_000,warmup,4.09838074425823,4.098988702986389,4.107149174902588,8.16047191619873,True,
830,onnx_model_000,warmup,4.099123276992964,4.099345481023192,4.107191976159811,7.846495136618614,True,
831,onnx_model_000,warmup,4.1059742780747195,4.1067621489055455,4.117904730141163,11.1425812356174,True,
832,onnx_model_000,warmup,4.108710264401871,4.10941623384133,4.1180626400746405,8.6464062333107,True,
833,onnx_model_000,warmup,4.112059888497876,4.112883956171572,4.118099781218916,5.215825047343969,True,
834,onnx_model_000,warmup,4.1230894673234735,4.123338217847049,4.134591820184141,11.253602337092161,True,
835,onnx_model_000,warmup,4.123128481204222,4.123515786137432,4.134733870159835,11.218084022402763,True,
836,onnx_model_000,warmup,4.1251916701216205,4.126061494927853,4.134788764175028,8.727269247174263,True,
837,onnx_model_000,warmup,4.138000275926456,4.139010128099471,4.150138241238892,11.128113139420748,True,
838,onnx_model_000,warmup,4.145397251383989,4.146453837864101,4.15062301279977,4.169174935668707,True,
839,onnx_model_000,warmup,4.147944099701844,4.148898144252598,4.150666886009276,1.7687417566776276,True,
840,onnx_model_000,warmup,4.1491157517671295,4.150234665255994,4.161332088988274,11.097423732280731,True,
841,onnx_model_000,warmup,4.153864579113273,4.154910282231867,4.161475060973316,6.564778741449118,True,
842,onnx_model_000,warmup,4.154488256036441,4.155072690919042,4.161512321792543,6.439630873501301,True,
843,onnx_model_000,warmup,4.180906762562044,4.181739040184766,4.1931553008034825,11.416260618716478,True,
844,onnx_model_000,warmup,4.181349855874077,4.181919373106211,4.193226004950702,11.306631844490767,True,
845,onnx_model_000,warmup,4.211951118052563,4.212526572868228,4.223722705151886,11.19613228365779,True,
846,onnx_model_000,warmup,4.21300046578317,4.214106216095388,4.223797337152064,9.691121056675911,True,
847,onnx_model_000,warmup,4.2263297994079965,4.22709851199761,4.238452474121004,11.353962123394012,True,
848,onnx_model_000,warmup,4.230794249443945,4.231642039027065,4.238502949941903,6.860910914838314,True,
849,onnx_model_000,warmup,4.235707738528247,4.236206746194512,4.238538948819041,2.3322026245296,True,
850,onnx_model_000,warmup,4.237027538370703,4.237771058920771,4.2470344682224095,9.263409301638603,True,
851,onnx_model_000,warmup,4.2397129876870805,4.240868616849184,4.247221323195845,6.352706346660852,True,
852,onnx_model_000,warmup,4.2413718343483175,4.242411689832807,4.247273602057248,4.861912224441767,True,
853,onnx_model_000,warmup,4.244897378277894,4.245909208897501,4.247305192053318,1.3959831558167934,True,
854,onnx_model_000,warmup,4.247645641548105,4.248550089076161,4.259863614104688,11.313525028526783,True,
855,onnx_model_000,warmup,4.248075926419393,4.2487224759534,4.260001916904002,11.279440950602293,True,
856,onnx_model_000,warmup,4.261140494220409,4.26223558280617,4.269572269171476,7.336686365306377,True,
857,onnx_model_000,warmup,4.263318984801148,4.263684327248484,4.269771446939558,6.0871196910738945,True,
858,onnx_model_000,warmup,4.264059467903313,4.265132058877498,4.269811803940684,4.679745063185692,True,
859,onnx_model_000,warmup,4.267611154156394,4.268587597180158,4.269842161796987,1.2545646168291569,True,
860,onnx_model_000,warmup,4.276233024735131,4.277080731000751,4.288154221139848,11.073490139096975,True,
861,onnx_model_000,warmup,4.2791232063168065,4.279529156163335,4.288272995967418,8.743839804083109,True,
862,onnx_model_000,warmup,4.293603117000545,4.294496587011963,4.305522705893964,11.026118882000446,True,
863,onnx_model_000,warmup,4.303318086048447,4.3050203011371195,4.316294702235609,11.274401098489761,True,
864,onnx_model_000,warmup,4.314990988071444,4.315865805838257,4.324856426101178,8.990620262920856,True,
865,onnx_model_000,warmup,4.317986688148535,4.318598440848291,4.325064021162689,6.465580314397812,True,
866,onnx_model_000,warmup,4.321762646237327,4.322158919181675,4.325104718096554,2.9457989148795605,True,
867,onnx_model_000,warmup,4.322652743532513,4.323655494023114,4.325192646123469,1.537152100354433,True,
868,onnx_model_000,warmup,4.325317678842087,4.326419747900218,4.337768250145018,11.34850224480033,True,
869,onnx_model_000,warmup,4.327939928438174,4.328891897108406,4.337817654013634,8.9257569052279,True,
870,onnx_model_000,warmup,4.334357033069293,4.335333803202957,4.337852209806442,2.518406603485346,True,
871,onnx_model_000,warmup,4.338478474689629,4.339089180808514,4.3501074952073395,11.018314398825169,True,
872,onnx_model_000,warmup,4.350506914248776,4.351335389073938,4.356837106868625,5.501717794686556,True,
873,onnx_model_000,warmup,4.350735384158751,4.3515047510154545,4.357023120857775,5.518369842320681,True,
874,onnx_model_000,warmup,4.3540458547314795,4.355047294870019,4.357059089001268,2.0117941312491894,True,
875,onnx_model_000,warmup,4.3548281608185935,4.355220795143396,4.357088195160031,1.8674000166356564,True,
876,onnx_model_000,warmup,4.357012896377302,4.357251345179975,4.368301759939641,11.050414759665728,True,
877,onnx_model_000,warmup,4.3671406782356,4.367699875961989,4.378864218015224,11.164342053234577,True,
878,onnx_model_000,warmup,4.3762225487996895,4.376530591864139,4.378998262807727,2.4676709435880184,True,
879,onnx_model_000,warmup,4.384086788154778,4.385221472010016,4.39632403710857,11.102565098553896,True,
880,onnx_model_000,warmup,4.389943748551288,4.390669447835535,4.396488689817488,5.8192419819533825,True,
881,onnx_model_000,warmup,4.390078971390742,4.390851815231144,4.396527503151447,5.675687920302153,True,
882,onnx_model_000,warmup,4.398914270978261,4.399769075214863,4.410997287835926,11.228212621062994,True,
883,onnx_model_000,warmup,4.399347383432375,4.399943756870925,4.4111992619000375,11.2555050291121,True,
884,onnx_model_000,warmup,4.401982224659525,4.4024561531841755,4.411240099929273,8.783946745097637,True,
885,onnx_model_000,warmup,4.410920540757719,4.411332075018436,4.422377640847117,11.045565828680992,True,
886,onnx_model_000,warmup,4.426478318459215,4.427682334091514,4.4392981748096645,11.615840718150139,True,
887,onnx_model_000,warmup,4.430325203927899,4.431264013051987,4.4393595810979605,8.095568045973778,True,
888,onnx_model_000,warmup,4.438357773839845,4.438837068155408,4.445827225223184,6.990157067775726,True,
889,onnx_model_000,warmup,4.441080337183186,4.4416944198310375,4.446003320161253,4.3089003302156925,True,
890,onnx_model_000,warmup,4.442034756548813,4.443194170016795,4.4460640558972955,2.869885880500078,True,
891,onnx_model_000,warmup,4.443588396132658,4.444645688869059,4.446097549051046,1.4518601819872856,True,
892,onnx_model_000,warmup,4.446270788991746,4.447335693053901,4.456461159046739,9.125465992838144,True,
893,onnx_model_000,warmup,4.454157554430877,4.454835859127343,4.456650598905981,1.814739778637886,True,
894,onnx_model_000,warmup,4.454623749795876,4.455009448807687,4.456689762882888,1.6803140752017498,True,
895,onnx_model_000,warmup,4.455266399546844,4.45545879425481,4.456723406910896,1.2646126560866833,True,
896,onnx_model_000,warmup,4.459626870786111,4.459976851940155,4.471131515223533,11.154663283377886,True,
897,onnx_model_000,warmup,4.464263616015512,4.465480302926153,4.471302419900894,5.8221169747412205,True,
898,onnx_model_000,warmup,4.468597419918349,4.469020362012088,4.471341825090349,2.3214630782604218,True,
899,onnx_model_000,warmup,4.474825972299781,4.4755657240748405,4.486684308853,11.118584778159857,True,
900,onnx_model_000,warmup,4.483299085003092,4.484029583167285,4.486840765923262,2.8111827559769154,True,
901,onnx_model_000,warmup,4.487474692984365,4.488061677198857,4.497423201799393,9.361524600535631,True,
902,onnx_model_000,warmup,4.488596987316308,4.489498468115926,4.497601291164756,8.102823048830032,True,
903,onnx_model_000,warmup,4.49077349042048,4.491932354867458,4.497638891916722,5.706537049263716,True,
904,onnx_model_000,warmup,4.4957581866234975,4.496364860795438,4.497668999247253,1.3041384518146515,True,
905,onnx_model_000,warmup,4.501656921479793,4.501924357842654,4.51234869286418,10.424335021525621,True,
906,onnx_model_000,warmup,4.503487733839966,4.504365999251604,4.512545017059892,8.179017808288336,True,
907,onnx_model_000,warmup,4.506720928391441,4.507845654152334,4.512583138886839,4.737484734505415,True,
908,onnx_model_000,warmup,4.5102080896963574,4.511278037913144,4.512614458799362,1.3364208862185478,True,
909,onnx_model_000,warmup,4.535804115049999,4.5369381150230765,4.545410548802465,8.472433779388666,True,
910,onnx_model_000,warmup,4.538784738240511,4.539395235013217,4.545955685898662,6.5604508854448795,True,
911,onnx_model_000,warmup,4.541415435949992,4.541937537956983,4.545999839901924,4.062301944941282,True,
912,onnx_model_000,warmup,4.543499912729808,4.544373208191246,4.546032671816647,1.6594636254012585,True,
913,onnx_model_000,warmup,4.544810783747278,4.545517231803387,4.556644633878022,11.127402074635029,True,
914,onnx_model_000,warmup,4.545384648819124,4.546179110184312,4.556802493985742,10.623383801430464,True,
915,onnx_model_000,warmup,4.552086221672809,4.552622417919338,4.556862518191338,4.240100271999836,True,
916,onnx_model_000,warmup,4.563311071444936,4.564085146877915,4.575231404975057,11.146258097141981,True,
917,onnx_model_000,warmup,4.569839552892076,4.570528424810618,4.575713902246207,5.185477435588837,True,
918,onnx_model_000,warmup,4.571843408803313,4.572985264938325,4.575776892248541,2.791627310216427,True,
919,onnx_model_000,warmup,4.574674050983914,4.575329822022468,4.586340472102165,11.01065007969737,True,
920,onnx_model_000,warmup,4.582294813098041,4.583004210144281,4.586446904111654,3.442693967372179,True,
921,onnx_model_000,warmup,4.589030341184523,4.5896689388900995,4.600689807906747,11.020869016647339,True,
922,onnx_model_000,warmup,4.599435821778181,4.600129522848874,4.611448599025607,11.319076176732779,True,
923,onnx_model_000,warmup,4.610474480451483,4.6110146339051425,4.6159028760157526,4.888242110610008,True,
924,onnx_model_000,warmup,4.6123125559257465,4.612728822045028,4.616479562129825,3.750740084797144,True,
925,onnx_model_000,warmup,4.61297437571783,4.613281222060323,4.616528344806284,3.247122745960951,True,
926,onnx_model_000,warmup,4.613791155327659,4.6147270211949944,4.616564624011517,1.8376028165221214,True,
927,onnx_model_000,warmup,4.6155114541909255,4.61604990484193,4.62747468193993,11.42477709800005,True,
928,onnx_model_000,warmup,4.625677830753327,4.626835217233747,4.638230146840215,11.394929606467485,True,
929,onnx_model_000,warmup,4.626597198506957,4.6270302971825,4.638377376832068,11.347079649567604,True,
930,onnx_model_000,warmup,4.630206118515744,4.630710592959076,4.6384187252260745,7.708132266998291,True,
931,onnx_model_000,warmup,4.643141565384379,4.643715183250606,4.65445341495797,10.73823170736432,True,
932,onnx_model_000,warmup,4.643788339815829,4.644158274866641,4.654531052801758,10.372777935117483,True,
933,onnx_model_000,warmup,4.6496897391043825,4.650666926987469,4.654568032827228,3.9011058397591114,True,
934,onnx_model_000,warmup,4.6523562153535565,4.6532293180935085,4.65466962615028,1.4403080567717552,True,
935,onnx_model_000,warmup,4.6550425674997555,4.655977392103523,4.665693320799619,9.715928696095943,True,
936,onnx_model_000,warmup,4.660490222921272,4.661524516064674,4.665768023114651,4.243507049977779,True,
937,onnx_model_000,warmup,4.663200341340161,4.664099992252886,4.665893120225519,1.7931279726326466,True,
938,onnx_model_000,warmup,4.664335755550218,4.664507707115263,4.665930591989309,1.4228848740458488,True,
939,onnx_model_000,warmup,4.670047339848788,4.671239553019404,4.682437568902969,11.198015883564949,True,
940,onnx_model_000,warmup,4.6777080133852635,4.6788105252198875,4.682492332998663,3.681807778775692,True,
941,onnx_model_000,warmup,4.684645218425301,4.685808787122369,4.695526348892599,9.717561770230532,True,
942,onnx_model_000,warmup,4.685844647004363,4.686210080049932,4.695579840801656,9.369760751724243,True,
943,onnx_model_000,warmup,4.687747038808352,4.6887238482013345,4.695615958888084,6.89211068674922,True,
944,onnx_model_000,warmup,4.693240637664422,4.694300538860261,4.695719766896218,1.4192280359566212,True,
945,onnx_model_000,warmup,4.6985741173112405,4.6990469209849834,4.710222104098648,11.175183113664389,True,
946,onnx_model_000,warmup,4.710802716213463,4.7115235878154635,4.722334106918424,10.810519102960825,True,
947,onnx_model_000,warmup,4.712739705328651,4.713095515966415,4.722536921966821,9.44140600040555,True,
948,onnx_model_000,warmup,4.716496398192308,4.717639402952045,4.722578601911664,4.939198959618807,True,
949,onnx_model_000,warmup,4.720246556578143,4.721203377936035,4.722610643133521,1.4072651974856853,True,
950,onnx_model_000,warmup,4.721430827302453,4.721612335182726,4.7300525777973235,8.440242614597082,True,
951,onnx_model_000,warmup,4.724517112983531,4.724931343924254,4.730251376051456,5.320032127201557,True,
952,onnx_model_000,warmup,4.726241297567231,4.727475239895284,4.730292574968189,2.817335072904825,True,
953,onnx_model_000,warmup,4.728065489108734,4.728979188017547,4.730324405245483,1.345217227935791,True,
954,onnx_model_000,warmup,4.743404627828873,4.744633263908327,4.755874262191355,11.240998283028603,True,
955,onnx_model_000,warmup,4.747166394003499,4.748216244857758,4.7559277741238475,7.711529266089201,True,
956,onnx_model_000,warmup,4.753464559501452,4.7537773959338665,4.755964453797787,2.187057863920927,True,
957,onnx_model_000,warmup,4.760395626676345,4.761288193054497,4.772347736172378,11.059543117880821,True,
958,onnx_model_000,warmup,4.77176900289822,4.772459467872977,4.777923244051635,5.463776178658009,True,
959,onnx_model_000,warmup,4.772987870792952,4.774001448880881,4.77812159107998,4.120142199099064,True,
960,onnx_model_000,warmup,4.773321706982453,4.774193463847041,4.7781627788208425,3.9693149738013744,True,
961,onnx_model_000,warmup,4.775673424013102,4.776818573940545,4.778196053113788,1.3774791732430458,True,
962,onnx_model_000,warmup,4.7843286366797795,4.785442296881229,4.796531897038221,11.089600156992674,True,
963,onnx_model_000,warmup,4.7863670560703,4.786911339033395,4.796680239029229,9.768899995833635,True,
964,onnx_model_000,warmup,4.790191349267052,4.7913573500700295,4.796739961951971,5.382611881941557,True,
965,onnx_model_000,warmup,4.799219273009908,4.799982456024736,4.810927972197533,10.945516172796488,True,
966,onnx_model_000,warmup,4.813478564013081,4.814229648094624,4.825338663998991,11.10901590436697,True,
967,onnx_model_000,warmup,4.826447624399405,4.827644146978855,4.838705683127046,11.061536148190498,True,
968,onnx_model_000,warmup,4.861384302515176,4.861923907883465,4.872642471920699,10.718564037233591,True,
969,onnx_model_000,warmup,4.864072348234747,4.864278242923319,4.872936421073973,8.658178150653839,True,
970,onnx_model_000,warmup,4.871969096683402,4.872709529940039,4.883558813016862,10.849283076822758,True,
971,onnx_model_000,warmup,4.873407441460066,4.874135841149837,4.883602586109191,9.4667449593544,True,
972,onnx_model_000,warmup,4.886262402539015,4.886824190150946,4.89767390396446,10.849713813513517,True,
973,onnx_model_000,warmup,4.899011657315435,4.899879707023501,4.910761732142419,10.882025118917227,True,
974,onnx_model_000,warmup,4.899948627572802,4.90012145601213,4.911102769896388,10.98131388425827,True,
975,onnx_model_000,warmup,4.900040230268656,4.900220303796232,4.910795045085251,10.574741289019585,True,
976,onnx_model_000,warmup,4.910205319936681,4.910870328079909,4.9177056811749935,6.835353095084429,True,
977,onnx_model_000,warmup,4.912943959786513,4.913302882108837,4.917738833930343,4.435951821506023,True,
978,onnx_model_000,warmup,4.913323703493703,4.913539671804756,4.918087746948004,4.548075143247843,True,
979,onnx_model_000,warmup,4.916432411366087,4.916870032902807,4.918114919215441,1.2448863126337528,True,
980,onnx_model_000,warmup,4.917161780487114,4.917809869162738,4.928690020926297,10.880151763558388,True,
981,onnx_model_000,warmup,4.93257885230021,4.932892429176718,4.943815172184259,10.922743007540703,True,
982,onnx_model_000,warmup,4.940059932522916,4.941237641964108,4.943855017889291,2.617375925183296,True,
983,onnx_model_000,warmup,4.951664005476962,4.952053863089532,4.962807453237474,10.753590147942305,True,
984,onnx_model_000,warmup,4.953350425549222,4.954402736853808,4.9628385729156435,8.435836061835289,True,
985,onnx_model_000,warmup,4.954199925201496,4.954512936994433,4.9631119621917605,8.599025197327137,True,
986,onnx_model_000,warmup,4.962064062988186,4.962900219950825,4.969375248067081,6.475028116255999,True,
987,onnx_model_000,warmup,4.962963584805241,4.963203766848892,4.969473654869944,6.269888021051884,True,
988,onnx_model_000,warmup,4.965596517994191,4.966496766079217,4.969508099835366,3.011333756148815,True,
989,onnx_model_000,warmup,4.96859061179263,4.968785165809095,4.969526845961809,0.7416801527142525,True,
990,onnx_model_000,warmup,4.9776371985376455,4.9797188001684844,4.9906864278018475,10.967627633363008,True,
991,onnx_model_000,warmup,4.98265059596747,4.983119152951986,4.990825151093304,7.70599814131856,True,
992,onnx_model_000,warmup,4.986158559805168,4.986462428234518,4.990854877978563,4.392449744045734,True,
993,onnx_model_000,warmup,4.992501698400423,4.993037215899676,5.000851129181683,7.813913282006979,True,
994,onnx_model_000,warmup,4.997728690227399,4.9984070542268455,5.001037584152073,2.6305299252271652,True,
995,onnx_model_000,warmup,4.998083355178888,4.998531038872898,5.001075124833733,2.5440859608352184,True,
996,onnx_model_000,warmup,4.999344519796039,4.999953662976623,5.001104852184653,1.1511892080307007,True,
997,onnx_model_000,measure,5.008967161091005,5.009340616874397,5.020478548016399,11.137931142002344,True,
998,onnx_model_000,measure,5.015534832050247,5.015807007905096,5.020532200112939,4.725192207843065,True,
999,onnx_model_000,measure,5.02259650618008,5.023738875985146,5.034631702117622,10.89282613247633,True,
1000,onnx_model_000,measure,5.02515310233113,5.02609673794359,5.034673190210015,8.576452266424894,True,
1001,onnx_model_000,measure,5.043581554600632,5.044874140992761,5.055669821798801,10.795680806040764,True,
1002,onnx_model_000,measure,5.067737936922829,5.069923356175423,5.078338902909309,8.415546733886003,True,
1003,onnx_model_000,measure,5.071171054448651,5.072353505995125,5.078390140086412,6.036634091287851,True,
1004,onnx_model_000,measure,5.0723004677385655,5.072657614015043,5.078425798099488,5.768184084445238,True,
1005,onnx_model_000,measure,5.076482503049377,5.077125987038016,5.078525037039071,1.3990500010550022,True,
1006,onnx_model_000,measure,5.081166544942522,5.081872029229999,5.093028525821865,11.156496591866016,True,
1007,onnx_model_000,measure,5.088169560717488,5.08930685184896,5.09308089595288,3.7740441039204597,True,
1008,onnx_model_000,measure,5.107424221591394,5.108374737203121,5.1195166958495975,11.141958646476269,True,
1009,onnx_model_000,measure,5.110089474843508,5.110963588114828,5.11957024782896,8.606659714132547,True,
1010,onnx_model_000,measure,5.11577406029003,5.116508718114346,5.119693442247808,3.184724133461714,True,
1011,onnx_model_000,measure,5.119368780579847,5.119896086864173,5.129788041114807,9.891954250633717,True,
1012,onnx_model_000,measure,5.125124841695984,5.125466635916382,5.129845990799367,4.3793548829853535,True,
1013,onnx_model_000,measure,5.125960574422285,5.127035127952695,5.129968935158104,2.9338072054088116,True,
1014,onnx_model_000,measure,5.128211000984832,5.128595964983106,5.130005745217204,1.4097802340984344,True,
1015,onnx_model_000,measure,5.132232335174949,5.13331596693024,5.14443011302501,11.11414609476924,True,
1016,onnx_model_000,measure,5.143721635214705,5.144541103858501,5.155734070111066,11.192966252565384,True,
1017,onnx_model_000,measure,5.154730738962715,5.155100035015494,5.166288453154266,11.18841813877225,True,
1018,onnx_model_000,measure,5.158579214819825,5.159058019053191,5.166342025157064,7.284006103873253,True,
1019,onnx_model_000,measure,5.168306331200954,5.168655122164637,5.179965902119875,11.310779955238104,True,
1020,onnx_model_000,measure,5.1704457749073125,5.171220568008721,5.180018211249262,8.79764324054122,True,
1021,onnx_model_000,measure,5.176378507217937,5.176785776857287,5.180054640863091,3.268864005804062,True,
1022,onnx_model_000,measure,5.185560179359591,5.186376628000289,5.190602359827608,4.225731827318668,True,
1023,onnx_model_000,measure,5.185790675904472,5.186565236188471,5.190702731255442,4.137495066970587,True,
1024,onnx_model_000,measure,5.186011631048197,5.186716604046524,5.190666342154145,3.9497381076216698,True,
1025,onnx_model_000,measure,5.188381861461048,5.1894244509749115,5.190857384819537,1.4329338446259499,True,
1026,onnx_model_000,measure,5.190636719157302,5.191004304215312,5.195296031888574,4.291727673262358,True,
1027,onnx_model_000,measure,5.191362901707387,5.192523091100156,5.195490211248398,2.96712014824152,True,
1028,onnx_model_000,measure,5.193454624222792,5.194060152862221,5.1955308290198445,1.4706761576235294,True,
1029,onnx_model_000,measure,5.193790164589406,5.194236047100276,5.195563110057265,1.3270629569888115,True,
1030,onnx_model_000,measure,5.204294551137111,5.205820817966014,5.216906229965389,11.085411999374628,True,
1031,onnx_model_000,measure,5.2095655385139485,5.210293230134994,5.217120367102325,6.827136967331171,True,
1032,onnx_model_000,measure,5.209714624920796,5.210464575793594,5.217056315857917,6.5917400643229485,True,
1033,onnx_model_000,measure,5.218664378171635,5.219350016210228,5.2297115521505475,10.3615359403193,True,
1034,onnx_model_000,measure,5.219797384736257,5.22081659315154,5.229897474870086,9.080881718546152,True,
1035,onnx_model_000,measure,5.22698752853802,5.227265651803464,5.229953992180526,2.688340377062559,True,
1036,onnx_model_000,measure,5.228255875941162,5.228714146185666,5.229984229896218,1.270083710551262,True,
1037,onnx_model_000,measure,5.253171897710192,5.2542898608371615,5.265626090113074,11.336229275912046,True,
1038,onnx_model_000,measure,5.256450608394783,5.256853363942355,5.26567805884406,8.824694901704788,True,
1039,onnx_model_000,measure,5.258653100533432,5.259436774998903,5.265792827121913,6.3560521230101585,True,
1040,onnx_model_000,measure,5.281383353080848,5.282133338041604,5.293390606995672,11.257268954068422,True,
1041,onnx_model_000,measure,5.2827196940688514,5.283713201060891,5.29344286583364,9.729664772748947,True,
1042,onnx_model_000,measure,5.294810577029577,5.295741896145046,5.305410333909094,9.668437764048576,True,
1043,onnx_model_000,measure,5.295886880629223,5.296182203106582,5.305463245138526,9.281042031943798,True,
1044,onnx_model_000,measure,5.301138537223009,5.301694240886718,5.305583944078535,3.889703191816807,True,
1045,onnx_model_000,measure,5.303538248471832,5.304259285796434,5.305621725972742,1.362440176308155,True,
1046,onnx_model_000,measure,5.305990467085005,5.306936135049909,5.318139650858939,11.20351580902934,True,
1047,onnx_model_000,measure,5.3123214241174095,5.313483520876616,5.318333620205522,4.850099328905344,True,
1048,onnx_model_000,measure,5.314544566273009,5.314986106939614,5.31838192185387,3.3958149142563343,True,
1049,onnx_model_000,measure,5.3192310205394975,5.319614264182746,5.330640032887459,11.025768704712391,True,
1050,onnx_model_000,measure,5.331496332330504,5.331882555037737,5.343029654119164,11.147099081426859,True,
1051,onnx_model_000,measure,5.331751250319041,5.3320527179166675,5.343177685048431,11.124967131763697,True,
1052,onnx_model_000,measure,5.3358723832724655,5.336580615025014,5.343238750938326,6.658135913312435,True,
1053,onnx_model_000,measure,5.3442500050896875,5.345463459845632,5.356529685202986,11.066225357353687,True,
1054,onnx_model_000,measure,5.346065780949519,5.346914097201079,5.356651186011732,9.737088810652494,True,
1055,onnx_model_000,measure,5.367781019288156,5.368947669863701,5.380070372950286,11.122703086584806,True,
1056,onnx_model_000,measure,5.369193230405378,5.369354352820665,5.380123824812472,10.769471991807222,True,
1057,onnx_model_000,measure,5.38623562358138,5.387429682072252,5.390851846896112,3.42216482385993,True,
1058,onnx_model_000,measure,5.386400071200363,5.387621305882931,5.390905068255961,3.2837623730301857,True,
1059,onnx_model_000,measure,5.387978183988999,5.389381272252649,5.390942458994687,1.5611867420375347,True,
1060,onnx_model_000,measure,5.389050205009442,5.389572294894606,5.391047860030085,1.4755651354789734,True,
1061,onnx_model_000,measure,5.390665421569081,5.391221470199525,5.402465121820569,11.243651621043682,True,
1062,onnx_model_000,measure,5.4021386033583685,5.402576834894717,5.412069228012115,9.492393117398024,True,
1063,onnx_model_000,measure,5.404780633068532,5.40515434416011,5.412264800164849,7.110456004738808,True,
1064,onnx_model_000,measure,5.405282671984447,5.405560235958546,5.412306068930775,6.745832972228527,True,
1065,onnx_model_000,measure,5.410195255334287,5.41102793905884,5.412338519934565,1.310580875724554,True,
1066,onnx_model_000,measure,5.413565784771351,5.414580352138728,5.425673367921263,11.093015782535076,True,
1067,onnx_model_000,measure,5.426804351412526,5.427928403951228,5.4331174781546,5.189074203372002,True,
1068,onnx_model_000,measure,5.428703658935681,5.429376277141273,5.433304854203016,3.928577061742544,True,
1069,onnx_model_000,measure,5.4308006007679595,5.431830542162061,5.433360118884593,1.5295767225325108,True,
1070,onnx_model_000,measure,5.431504002964983,5.4319961769506335,5.433391759172082,1.3955822214484215,True,
1071,onnx_model_000,measure,5.432128713735092,5.432432525791228,5.438428093213588,5.995567422360182,True,
1072,onnx_model_000,measure,5.435441416566734,5.43663497408852,5.4386200979352,1.985123846679926,True,
1073,onnx_model_000,measure,5.436425578354042,5.436822932213545,5.438658180180937,1.8352479673922062,True,
1074,onnx_model_000,measure,5.436601971480452,5.437262957915664,5.4386885380372405,1.425580121576786,True,
1075,onnx_model_000,measure,5.449130313168631,5.449925968889147,5.461014597211033,11.088628321886063,True,
1076,onnx_model_000,measure,5.45313453710959,5.453371027018875,5.461146487854421,7.775460835546255,True,
1077,onnx_model_000,measure,5.463440639381363,5.464372559916228,5.4755106922239065,11.138132307678461,True,
1078,onnx_model_000,measure,5.471922928109187,5.47283428395167,5.475619177799672,2.784893848001957,True,
1079,onnx_model_000,measure,5.48001746998353,5.480850843247026,5.49190966412425,11.058820877224207,True,
1080,onnx_model_000,measure,5.482591852265895,5.483299447223544,5.492056704126298,8.757256902754307,True,
1081,onnx_model_000,measure,5.493155970373605,5.494279459118843,5.504524482879788,10.245023760944605,True,
1082,onnx_model_000,measure,5.494407921354358,5.494644762948155,5.504713362082839,10.068599134683609,True,
1083,onnx_model_000,measure,5.499652050104664,5.500095734838396,5.504769568797201,4.673833958804607,True,
1084,onnx_model_000,measure,5.50311920895991,5.503535973839462,5.504805167205632,1.2691933661699295,True,
1085,onnx_model_000,measure,5.5109224633275185,5.5120432251133025,5.523182379081845,11.139153968542814,True,
1086,onnx_model_000,measure,5.517327230128347,5.518489929847419,5.5232880101539195,4.7980803065001965,True,
1087,onnx_model_000,measure,5.524859902050486,5.525505805853754,5.536506996955723,11.001191101968288,True,
1088,onnx_model_000,measure,5.532317598602818,5.532942512072623,5.5366813889704645,3.738876897841692,True,
1089,onnx_model_000,measure,5.5333210662404,5.534375055227429,5.536718498915434,2.343443688005209,True,
1090,onnx_model_000,measure,5.552623529610207,5.553036738187075,5.561638539191335,8.601801004260778,True,
1091,onnx_model_000,measure,5.554846933900368,5.555618185084313,5.561713221017271,6.095035932958126,True,
1092,onnx_model_000,measure,5.558980046747737,5.560204913839698,5.56177000887692,1.5650950372219086,True,
1093,onnx_model_000,measure,5.559952373137476,5.560392851009965,5.561882262118161,1.4894111081957817,True,
1094,onnx_model_000,measure,5.563356471968162,5.564138852059841,5.57535503199324,11.216179933398962,True,
1095,onnx_model_000,measure,5.566328516992268,5.566621972247958,5.575469299219549,8.847326971590519,True,
1096,onnx_model_000,measure,5.576492366158107,5.5777018130756915,5.589104167185724,11.40235411003232,True,
1097,onnx_model_000,measure,5.576626647243447,5.577916902024299,5.589252498932183,11.335596907883883,True,
1098,onnx_model_000,measure,5.582429625376118,5.583442455157638,5.589311731979251,5.869276821613312,True,
1099,onnx_model_000,measure,5.591524725342265,5.592544035986066,5.595658216159791,3.1141801737248898,True,
1100,onnx_model_000,measure,5.591777318436036,5.592713417951018,5.595733338966966,3.019921015948057,True,
1101,onnx_model_000,measure,5.592039725104712,5.592887449078262,5.595761001110077,2.873552031815052,True,
1102,onnx_model_000,measure,5.593804046425431,5.594480126164854,5.595819932874292,1.3398067094385624,True,
1103,onnx_model_000,measure,5.59442845609404,5.594856862910092,5.6043813969008625,9.524533990770578,True,
1104,onnx_model_000,measure,5.597154101379845,5.597972875926644,5.604838686995208,6.865811068564653,True,
1105,onnx_model_000,measure,5.599453792660716,5.600261025130749,5.604866418987513,4.60539385676384,True,
1106,onnx_model_000,measure,5.6031862358630615,5.603538725990802,5.604886997956783,1.3482719659805298,True,
1107,onnx_model_000,measure,5.6042125909957425,5.604439047165215,5.615543044172227,11.103997007012367,True,
1108,onnx_model_000,measure,5.604318126494276,5.604535529855639,5.615726022049785,11.190492194145918,True,
1109,onnx_model_000,measure,5.609530676908558,5.610048971138895,5.615790844894946,5.7418737560510635,True,
1110,onnx_model_000,measure,5.619016806388494,5.620012680068612,5.631099405232817,11.086725164204836,True,
1111,onnx_model_000,measure,5.627329462002716,5.628456631209701,5.631257736124098,2.8011049143970013,True,
1112,onnx_model_000,measure,5.627838509078124,5.628629219252616,5.631294074933976,2.664855681359768,True,
1113,onnx_model_000,measure,5.658476552087948,5.6595823569223285,5.670819206163287,11.23684924095869,True,
1114,onnx_model_000,measure,5.666168197605692,5.667138278950006,5.671005160082132,3.8668811321258545,True,
1115,onnx_model_000,measure,5.6680505572415445,5.668663048185408,5.6710448348894715,2.3817867040634155,True,
1116,onnx_model_000,measure,5.669279541297558,5.670206491835415,5.68028918793425,10.082696098834276,True,
1117,onnx_model_000,measure,5.672520254375946,5.673306854907423,5.6804565861821175,7.149731274694204,True,
1118,onnx_model_000,measure,5.675878479412666,5.676797971129417,5.680516369175166,3.718398045748472,True,
1119,onnx_model_000,measure,5.6781599164089975,5.679258027113974,5.680547197815031,1.2891707010567188,True,
1120,onnx_model_000,measure,5.6825180088481115,5.682795321103185,5.693982366006821,11.187044903635979,True,
1121,onnx_model_000,measure,5.692546934782166,5.693244623951614,5.7044080439955,11.163420043885708,True,
1122,onnx_model_000,measure,5.693159704984053,5.693590100854635,5.704568209126592,10.978108271956444,True,
1123,onnx_model_000,measure,5.70026475736473,5.701203333213925,5.704605308827013,3.4019756130874157,True,
1124,onnx_model_000,measure,5.702734373681965,5.7036356860771775,5.7146708918735385,11.03520579636097,True,
1125,onnx_model_000,measure,5.711860306404272,5.712854971177876,5.714822229929268,1.9672587513923645,True,
1126,onnx_model_000,measure,5.714627793968755,5.714949992951006,5.726010918151587,11.06092520058155,True,
1127,onnx_model_000,measure,5.718842837155883,5.719381405971944,5.726116809993982,6.735404022037983,True,
1128,onnx_model_000,measure,5.731863480465927,5.732335650827736,5.743450499139726,11.1148483119905,True,
1129,onnx_model_000,measure,5.737453300515107,5.737794427201152,5.743511985056102,5.717557854950428,True,
1130,onnx_model_000,measure,5.7408512900744455,5.741337752901018,5.743609840981662,2.2720880806446075,True,
1131,onnx_model_000,measure,5.741979747792126,5.742841370869428,5.754095754120499,11.254383251070976,True,
1132,onnx_model_000,measure,5.743462105624706,5.743770176079124,5.754266948904842,10.496772825717926,True,
1133,onnx_model_000,measure,5.74893790740936,5.749272124841809,5.75430842814967,5.03630330786109,True,
1134,onnx_model_000,measure,5.75442860133338,5.755528416950256,5.759842556901276,4.314139951020479,True,
1135,onnx_model_000,measure,5.755891983697751,5.756986128166318,5.7600050661712885,3.0189380049705505,True,
1136,onnx_model_000,measure,5.757147520713384,5.757345580961555,5.76006468012929,2.7190991677343845,True,
1137,onnx_model_000,measure,5.7584099976883465,5.758785719051957,5.760095377918333,1.3096588663756847,True,
1138,onnx_model_000,measure,5.761787326276982,5.76232930412516,5.773313583806157,10.984279680997133,True,
1139,onnx_model_000,measure,5.765016332901698,5.765794320963323,5.773517031222582,7.722710259258747,True,
1140,onnx_model_000,measure,5.7652666167405835,5.765961418859661,5.773457738105208,7.496319245547056,True,
1141,onnx_model_000,measure,5.7807238868942,5.781742146238685,5.792867984157056,11.125837918370962,True,
1142,onnx_model_000,measure,5.7837384897122925,5.784200097899884,5.793011527042836,8.811429142951965,True,
1143,onnx_model_000,measure,5.789637668514807,5.790627796202898,5.7930477960035205,2.4199998006224632,True,
1144,onnx_model_000,measure,5.798606581439153,5.799265826120973,5.810321801807731,11.055975686758757,True,
1145,onnx_model_000,measure,5.809048288038151,5.809706431813538,5.82088927924633,11.182847432792187,True,
1146,onnx_model_000,measure,5.81251791638775,5.813547432888299,5.821035066153854,7.487633265554905,True,
1147,onnx_model_000,measure,5.816993611994769,5.818027369212359,5.821072857826948,3.045488614588976,True,
1148,onnx_model_000,measure,5.826191050508124,5.827298631891608,5.838394294027239,11.095662135630846,True,
1149,onnx_model_000,measure,5.830569037016526,5.831743772141635,5.838551422115415,6.807649973779917,True,
1150,onnx_model_000,measure,5.836619266054096,5.83722527185455,5.838588702958077,1.363431103527546,True,
1151,onnx_model_000,measure,5.843589675910928,5.843823273200542,5.854960243217647,11.136970017105341,True,
1152,onnx_model_000,measure,5.85327657502031,5.854339743964374,5.865516860038042,11.177116073668003,True,
1153,onnx_model_000,measure,5.866394987542426,5.866831208113581,5.878092234022915,11.261025909334421,True,
1154,onnx_model_000,measure,5.87149616604732,5.8723783432506025,5.8781459061428905,5.76756289228797,True,
1155,onnx_model_000,measure,5.877925993356809,5.878305429127067,5.886849620845169,8.544191718101501,True,
1156,onnx_model_000,measure,5.879590003411163,5.880861969199032,5.887102420907468,6.240451708436012,True,
1157,onnx_model_000,measure,5.880274746626928,5.881053221877664,5.887061063200235,6.007841322571039,True,
1158,onnx_model_000,measure,5.885271960126062,5.885668646078557,5.88713470287621,1.4660567976534367,True,
1159,onnx_model_000,measure,5.889218543896083,5.890375032089651,5.900768437888473,10.393405798822641,True,
1160,onnx_model_000,measure,5.893138980752434,5.8938403790816665,5.9009572570212185,7.116877939552069,True,
1161,onnx_model_000,measure,5.896589911822511,5.897285127080977,5.900995880831033,3.7107537500560284,True,
1162,onnx_model_000,measure,5.898762681503691,5.899745042901486,5.901029143948108,1.2841010466217995,True,
1163,onnx_model_000,measure,5.905824265992642,5.906293279957026,5.917471528984606,11.178249027580023,True,
1164,onnx_model_000,measure,5.914617224317529,5.916829809080809,5.922153558116406,5.3237490355968475,True,
1165,onnx_model_000,measure,5.9163465962689274,5.91699735680595,5.922353669069707,5.35631226375699,True,
1166,onnx_model_000,measure,5.920473009853118,5.920700366143137,5.922390188090503,1.6898219473659992,True,
1167,onnx_model_000,measure,5.920644402165173,5.921074056066573,5.922420867253095,1.3468111865222454,True,
1168,onnx_model_000,measure,5.936898537243519,5.937660605181009,5.942877732217312,5.217127036303282,True,
1169,onnx_model_000,measure,5.937952491407223,5.93912857491523,5.9430527850054204,3.924210090190172,True,
1170,onnx_model_000,measure,5.9388982620371085,5.939293329138309,5.943113279994577,3.819950856268406,True,
1171,onnx_model_000,measure,5.941193883995496,5.941818838939071,5.943143567070365,1.3247281312942505,True,
1172,onnx_model_000,measure,5.946744177472686,5.947376092895865,5.958684659097344,11.308566201478243,True,
1173,onnx_model_000,measure,5.94936235321822,5.949836309067905,5.958727761171758,8.891452103853226,True,
1174,onnx_model_000,measure,5.957212189472827,5.958272975869477,5.969285881146789,11.012905277311802,True,
1175,onnx_model_000,measure,5.959281229639927,5.9599037962034345,5.969479958992451,9.576162789016962,True,
1176,onnx_model_000,measure,5.963446008982379,5.964340399950743,5.969522940926254,5.182540975511074,True,
1177,onnx_model_000,measure,5.972759324621459,5.973742751870304,5.984776976983994,11.0342251136899,True,
1178,onnx_model_000,measure,5.980186280547711,5.981198294088244,5.984924186952412,3.7258928641676903,True,
1179,onnx_model_000,measure,5.982240702701955,5.982628363184631,5.984961978159845,2.3336149752140045,True,
1180,onnx_model_000,measure,5.986595828037474,5.987181838136166,5.995465193875134,8.283355738967657,True,
1181,onnx_model_000,measure,5.98747662625548,5.988621023949236,5.99569859681651,7.077572867274284,True,
1182,onnx_model_000,measure,5.987697328693717,5.988797930069268,5.9956590021029115,6.8610720336437225,True,
1183,onnx_model_000,measure,5.994074306817015,5.994306781794876,5.995731560047716,1.4247782528400421,True,
1184,onnx_model_000,measure,6.000553838668728,6.000986689236015,6.012101407162845,11.114717926830053,True,
1185,onnx_model_000,measure,6.001660851727954,6.002442737109959,6.01224579103291,9.803053922951221,True,
1186,onnx_model_000,measure,6.010662067735052,6.0108961360529065,6.012283653020859,1.3875169679522514,True,
1187,onnx_model_000,measure,6.0126358424766915,6.013503121212125,6.0221820888109505,8.678967598825693,True,
1188,onnx_model_000,measure,6.018382839024791,6.018942901864648,6.022290335036814,3.3474331721663475,True,
1189,onnx_model_000,measure,6.019777986233658,6.020308346953243,6.02232467988506,2.016332931816578,True,
1190,onnx_model_000,measure,6.021044073130711,6.021579163148999,6.022342994809151,0.7638316601514816,True,
1191,onnx_model_000,measure,6.0277542132742585,6.028500969987363,6.035889614839107,7.388644851744175,True,
1192,onnx_model_000,measure,6.028806339260576,6.029798677191138,6.035982251167297,6.183573976159096,True,
1193,onnx_model_000,measure,6.033949536072642,6.035113799851388,6.036017417907715,0.9036180563271046,True,
1194,onnx_model_000,measure,6.034236750246422,6.035233157221228,6.036035382188857,0.8022249676287174,True,
1195,onnx_model_000,measure,6.036512460760623,6.037193513009697,6.048041885253042,10.848372243344784,True,
1196,onnx_model_000,measure,6.037292543163977,6.037426947150379,6.048149719834328,10.722772683948278,True,
1197,onnx_model_000,measure,6.042080792879092,6.042735829018056,6.0481773521751165,5.441523157060146,True,
1198,onnx_model_000,measure,6.049006649369226,6.049328891094774,6.058105084113777,8.776193019002676,True,
1199,onnx_model_000,measure,6.054115327102382,6.054661678150296,6.0581739651970565,3.5122870467603207,True,
1200,onnx_model_000,measure,6.055689740304763,6.056009289808571,6.058257854077965,2.2485642693936825,True,
1201,onnx_model_000,measure,6.056492123204792,6.05734939686954,6.058292089030147,0.9426921606063843,True,
1202,onnx_model_000,measure,6.060047703025829,6.060503593180329,6.067856208886951,7.3526157066226006,True,
1203,onnx_model_000,measure,6.0611725901120606,6.061970191076398,6.067899521905929,5.929330829530954,True,
1204,onnx_model_000,measure,6.063460524998393,6.0643899901770055,6.06801046198234,3.620471805334091,True,
1205,onnx_model_000,measure,6.066309772114027,6.066829978022724,6.068044898100197,1.2149200774729252,True,
1206,onnx_model_000,measure,6.069709931924712,6.0702775018289685,6.081189935095608,10.91243326663971,True,
1207,onnx_model_000,measure,6.072141555996725,6.072714845184237,6.081338767893612,8.62392270937562,True,
1208,onnx_model_000,measure,6.075956617603171,6.077160225249827,6.081375357229263,4.215131979435682,True,
1209,onnx_model_000,measure,6.08012303281893,6.080589183140546,6.091515893116593,10.926709976047277,True,
1210,onnx_model_000,measure,6.090538626354161,6.091612086165696,6.1025715079158545,10.959421750158072,True,
1211,onnx_model_000,measure,6.124695373138482,6.125895353034139,6.1357165621593595,9.821209125220776,True,
1212,onnx_model_000,measure,6.125687235195979,6.126084293238819,6.135767268948257,9.682975709438324,True,
1213,onnx_model_000,measure,6.131429684482655,6.132599337026477,6.135841068811715,3.241731785237789,True,
1214,onnx_model_000,measure,6.134238641016034,6.134982086252421,6.135862729977816,0.8806437253952026,True,
1215,onnx_model_000,measure,6.16938056442199,6.170065325219184,6.181019206065685,10.953880846500397,True,
1216,onnx_model_000,measure,6.173768384361675,6.1744506801478565,6.181060415226966,6.609735079109669,True,
1217,onnx_model_000,measure,6.177854427332447,6.178884828928858,6.181089058984071,2.2042300552129745,True,
1218,onnx_model_000,measure,6.183384166684372,6.184336972888559,6.195248303934932,10.911331046372652,True,
1219,onnx_model_000,measure,6.2025999441437065,6.203496201895177,6.214583808090538,11.087606195360422,True,
1220,onnx_model_000,measure,6.2063063253718616,6.206970085855573,6.214634724892676,7.664639037102461,True,
1221,onnx_model_000,measure,6.213343993520503,6.214736648835242,6.225566323846579,10.829675011336803,True,
1222,onnx_model_000,measure,6.23186126251817,6.2329041520133615,6.239938143175095,7.033991161733866,True,
1223,onnx_model_000,measure,6.232012126180203,6.233087561093271,6.239981315098703,6.893754005432129,True,
1224,onnx_model_000,measure,6.238178522378802,6.238691112957895,6.240002896171063,1.3117832131683826,True,
1225,onnx_model_000,measure,6.238200309943217,6.238893717993051,6.240020839963108,1.1271219700574875,True,
1226,onnx_model_000,measure,6.244009657248902,6.244325132109225,6.255388571880758,11.063439771533012,True,
1227,onnx_model_000,measure,6.2455712119552365,6.245871071238071,6.255439689848572,9.56861861050129,True,
1228,onnx_model_000,measure,6.251014132788845,6.251402525231242,6.2554751969873905,4.072671756148338,True,
1229,onnx_model_000,measure,6.256777949855101,6.257796219084412,6.268712098244578,10.915879160165787,True,
1230,onnx_model_000,measure,6.286009436144586,6.288010572083294,6.294516569003463,6.5059969201684,True,
1231,onnx_model_000,measure,6.291502616416785,6.292555562220514,6.294568848796189,2.0132865756750107,True,
1232,onnx_model_000,measure,6.292215552908604,6.292738790158182,6.294605498202145,1.866708043962717,True,
1233,onnx_model_000,measure,6.292902217970404,6.293212009128183,6.294706200249493,1.4941911213099957,True,
1234,onnx_model_000,measure,6.301594060406462,6.302007819060236,6.313155629206449,11.147810146212578,True,
1235,onnx_model_000,measure,6.310077940507667,6.310599931050092,6.313217837829143,2.617906779050827,True,
1236,onnx_model_000,measure,6.313833878803046,6.3145130798220634,6.325393482111394,10.88040228933096,True,
1237,onnx_model_000,measure,6.327845890390241,6.328697702847421,6.339884827844799,11.187124997377396,True,
1238,onnx_model_000,measure,6.329017375603938,6.330268898978829,6.339937016833574,9.668117854744196,True,
1239,onnx_model_000,measure,6.340384074440065,6.341230725869536,6.352178676985204,10.94795111566782,True,
1240,onnx_model_000,measure,6.347678111537118,6.348796688020229,6.3522318680770695,3.4351800568401814,True,
1241,onnx_model_000,measure,6.358243775511032,6.359530351124704,6.3706642761826515,11.133925057947636,True,
1242,onnx_model_000,measure,6.363759872323975,6.364090760238469,6.370717626996338,6.6268667578697205,True,
1243,onnx_model_000,measure,6.396163891475369,6.398023622110486,6.409428982064128,11.405359953641891,True,
1244,onnx_model_000,measure,6.3967818633072016,6.398213061969727,6.409481963142753,11.26890117302537,True,
1245,onnx_model_000,measure,6.405279232116005,6.406305133830756,6.409517139196396,3.212005365639925,True,
1246,onnx_model_000,measure,6.410983791612044,6.411839473992586,6.422844062093645,11.004588101059198,True,
1247,onnx_model_000,measure,6.4217736314038865,6.422385060228407,6.430284255184233,7.899194955825806,True,
1248,onnx_model_000,measure,6.423011000359286,6.424145245924592,6.430338156875223,6.192910950630903,True,
1249,onnx_model_000,measure,6.424925937796971,6.42568094516173,6.430374966934323,4.69402177259326,True,
1250,onnx_model_000,measure,6.428513944231592,6.429236824158579,6.430404894053936,1.1680698953568935,True,
1251,onnx_model_000,measure,6.4316811816103145,6.432738659903407,6.441387009806931,8.648349903523922,True,
1252,onnx_model_000,measure,6.434476388122905,6.435351477004588,6.441450600977987,6.099123973399401,True,
1253,onnx_model_000,measure,6.434616102875263,6.435541408136487,6.441593642812222,6.052234675735235,True,
1254,onnx_model_000,measure,6.4396871705094805,6.440169325098395,6.441631705034524,1.4623799361288548,True,
1255,onnx_model_000,measure,6.442287849502697,6.442962434142828,6.45396426692605,11.001832783222198,True,
1256,onnx_model_000,measure,6.455788739481035,6.456268688198179,6.467544551938772,11.275863740593195,True,
1257,onnx_model_000,measure,6.46408282381784,6.464833769015968,6.4676042650826275,2.770496066659689,True,
1258,onnx_model_000,measure,6.466626094805254,6.467712550889701,6.475813930854201,8.101379964500666,True,
1259,onnx_model_000,measure,6.467064127528372,6.467916377820075,6.475885916966945,7.969539146870375,True,
1260,onnx_model_000,measure,6.4681547459911135,6.468380370177329,6.47592005180195,7.539681624621153,True,
1261,onnx_model_000,measure,6.473789791393718,6.474842985160649,6.476022417191416,1.1794320307672024,True,
1262,onnx_model_000,measure,6.477329774025829,6.47832796908915,6.4828897709958255,4.5618019066751,True,
1263,onnx_model_000,measure,6.4778621543472585,6.478517610114068,6.482943503186107,4.425893072038889,True,
1264,onnx_model_000,measure,6.479405601935295,6.480137318838388,6.48306449316442,2.9271743260324,True,
1265,onnx_model_000,measure,6.481325710904885,6.481722452212125,6.483101373072714,1.3789208605885506,True,
1266,onnx_model_000,measure,6.48513402459173,6.486424158792943,6.497412345837802,10.988187044858932,True,
1267,onnx_model_000,measure,6.495504181521736,6.496970425825566,6.507984753232449,11.01432740688324,True,
1268,onnx_model_000,measure,6.524396738205854,6.525289115961641,6.536300316918641,11.011200957000256,True,
1269,onnx_model_000,measure,6.533937136184969,6.535859399009496,6.546996970195323,11.137571185827255,True,
1270,onnx_model_000,measure,6.539655514500399,6.540604137815535,6.547049779910594,6.445642095059156,True,
1271,onnx_model_000,measure,6.541379633349154,6.542166046798229,6.5470847161486745,4.9186693504452705,True,
1272,onnx_model_000,measure,6.557856121193791,6.558395577128977,6.569547154940665,11.151577811688185,True,
1273,onnx_model_000,measure,6.56213915735701,6.56296242820099,6.569599744863808,6.637316662818193,True,
1274,onnx_model_000,measure,6.562737823977152,6.563150986097753,6.569636795204133,6.485809106379747,True,
1275,onnx_model_000,measure,6.571094785285423,6.572007841896266,6.583127127960324,11.119286064058542,True,
1276,onnx_model_000,measure,6.574740938539902,6.5755520588718355,6.583178947214037,7.62688834220171,True,
1277,onnx_model_000,measure,6.582626271241456,6.5832832348532975,6.593552364967763,10.269130114465952,True,
1278,onnx_model_000,measure,6.588596617573792,6.589832785073668,6.593605556059629,3.7727709859609604,True,
1279,onnx_model_000,measure,6.591591434017263,6.592382762115449,6.593641854822636,1.2590927071869373,True,
1280,onnx_model_000,measure,6.592188090242018,6.592570919077843,6.593765260186046,1.1943411082029343,True,
1281,onnx_model_000,measure,6.601348323404628,6.602077569812536,6.613141751848161,11.064182035624981,True,
1282,onnx_model_000,measure,6.604856795439663,6.605623390059918,6.613194501958787,7.571111898869276,True,
1283,onnx_model_000,measure,6.61373228033948,6.614505073055625,6.620989148970693,6.484075915068388,True,
1284,onnx_model_000,measure,6.615954876531583,6.617092210799456,6.621042490005493,3.9502792060375214,True,
1285,onnx_model_000,measure,6.618354166845139,6.619678738061339,6.621080132201314,1.4013941399753094,True,
1286,onnx_model_000,measure,6.618684296680403,6.619909395929426,6.621110919862986,1.2015239335596561,True,
1287,onnx_model_000,measure,6.626622297488612,6.627446462865919,6.638666159939021,11.219697073101997,True,
1288,onnx_model_000,measure,6.632448572593794,6.632995130028576,6.638718049041927,5.722919013351202,True,
1289,onnx_model_000,measure,6.634889742627533,6.635541641153395,6.63877433585003,3.232694696635008,True,
1290,onnx_model_000,measure,6.637710997252243,6.638163044117391,6.6492231180891395,11.060073971748352,True,
1291,onnx_model_000,measure,6.64151035876116,6.642085730098188,6.649272832088172,7.187101989984512,True,
1292,onnx_model_000,measure,6.644876413505949,6.6456123841926455,6.649307318031788,3.6949338391423225,True,
1293,onnx_model_000,measure,6.653603430244106,6.6545512159354985,6.66478604124859,10.234825313091278,True,
1294,onnx_model_000,measure,6.658749873731009,6.659047762863338,6.664835163857788,5.787400994449854,True,
1295,onnx_model_000,measure,6.6622213550390095,6.662490427028388,6.664868277031928,2.377850003540516,True,
1296,onnx_model_000,measure,6.662756264323661,6.663923550862819,6.66496621305123,1.042662188410759,True,
1297,onnx_model_000,measure,6.667187396167967,6.668202204164118,6.679031598847359,10.829394683241844,True,
1298,onnx_model_000,measure,6.66885133508712,6.669647220987827,6.679178128018975,9.530907031148672,True,
1299,onnx_model_000,measure,6.674361769014317,6.6750963889062405,6.679236508905888,4.1401199996471405,True,
1300,onnx_model_000,measure,6.677466787684134,6.678524075075984,6.689553710166365,11.029635090380907,True,
1301,onnx_model_000,measure,6.6829899810549325,6.683459695894271,6.689598095137626,6.138399243354797,True,
1302,onnx_model_000,measure,6.68907203611762,6.689690180122852,6.695612938143313,5.922758020460606,True,
1303,onnx_model_000,measure,6.689851063249798,6.69013104820624,6.695675798226148,5.544750019907951,True,
1304,onnx_model_000,measure,6.691953971795079,6.692578540183604,6.695708800107241,3.1302599236369133,True,
1305,onnx_model_000,measure,6.691972692626963,6.692798598203808,6.695826082956046,3.027484752237797,True,
1306,onnx_model_000,measure,6.698443242267206,6.699077524244785,6.7093685660511255,10.291041806340218,True,
1307,onnx_model_000,measure,6.698883852735216,6.699249901808798,6.709425924811512,10.176023002713919,True,
1308,onnx_model_000,measure,6.706280447916466,6.7068221950903535,6.709540301933885,2.7181068435311317,True,
1309,onnx_model_000,measure,6.707173459946085,6.708279115147889,6.7095748679712415,1.2957528233528137,True,
1310,onnx_model_000,measure,6.707799931094186,6.708443838171661,6.71940164687112,10.957808699458838,True,
1311,onnx_model_000,measure,6.717129460527997,6.717834899201989,6.71944725420326,1.612355001270771,True,
1312,onnx_model_000,measure,6.721606013597403,6.722669449169189,6.733596329111606,10.926879942417145,True,
1313,onnx_model_000,measure,6.726682993527132,6.727132231928408,6.733795527834445,6.663295906037092,True,
1314,onnx_model_000,measure,6.730286978416555,6.730576769914478,6.73384315893054,3.2663890160620213,True,
1315,onnx_model_000,measure,6.734076790152098,6.735064209904522,6.745984537992626,10.920328088104725,True,
1316,onnx_model_000,measure,6.738910009832792,6.739504479803145,6.746027409099042,6.522929295897484,True,
1317,onnx_model_000,measure,6.74550324652626,6.746117791160941,6.7541253520175815,8.007560856640339,True,
1318,onnx_model_000,measure,6.7455683369586055,6.746280599851161,6.754307098221034,8.02649836987257,True,
1319,onnx_model_000,measure,6.750699700647491,6.751798248849809,6.754345209803432,2.5469609536230564,True,
1320,onnx_model_000,measure,6.7522861748414975,6.75322997989133,6.754375668242574,1.1456883512437344,True,
1321,onnx_model_000,measure,6.755571773395095,6.756607701070607,6.767494034022093,10.88633295148611,True,
1322,onnx_model_000,measure,6.771439951748424,6.771718063857406,6.782675391994417,10.957328137010336,True,
1323,onnx_model_000,measure,6.776133172083906,6.777208851184696,6.782835767138749,5.626915954053402,True,
1324,onnx_model_000,measure,6.793244218991509,6.79407347785309,6.805325265973806,11.25178812071681,True,
1325,onnx_model_000,measure,6.793353908675936,6.794237600173801,6.80548989912495,11.252298951148987,True,
1326,onnx_model_000,measure,6.793703074565866,6.794381854124367,6.80552698019892,11.145126074552536,True,
1327,onnx_model_000,measure,6.809590842012679,6.810768253169954,6.821966018062085,11.19776489213109,True,
1328,onnx_model_000,measure,6.8105147795974075,6.810934368055314,6.8220089501701295,11.074582114815712,True,
1329,onnx_model_000,measure,6.820673163896187,6.8214528621174395,6.832466468214989,11.0136060975492,True,
1330,onnx_model_000,measure,6.822219112191648,6.823226955253631,6.83296635793522,9.739402681589127,True,
1331,onnx_model_000,measure,6.829679017562513,6.830668700858951,6.833011773880571,2.343073021620512,True,
1332,onnx_model_000,measure,6.832219603376052,6.832562380004674,6.843575514853001,11.013134848326445,True,
1333,onnx_model_000,measure,6.834361643781701,6.835234139114618,6.843623315915465,8.389176800847054,True,
1334,onnx_model_000,measure,6.837577695410066,6.838713893201202,6.843657339923084,4.943446721881628,True,
1335,onnx_model_000,measure,6.8519896279111965,6.8539246171712875,6.855677668936551,1.7530517652630806,True,
1336,onnx_model_000,measure,6.852610253745028,6.854098977986723,6.855885134078562,1.786156091839075,True,
1337,onnx_model_000,measure,6.853607599896185,6.854246829170734,6.8559312811121345,1.6844519414007664,True,
1338,onnx_model_000,measure,6.854410391881452,6.854790212120861,6.855968040879816,1.1778287589550018,True,
1339,onnx_model_000,measure,6.85799996062504,6.859206005930901,6.870081399101764,10.87539317086339,True,
1340,onnx_model_000,measure,6.866538330082115,6.8676561689935625,6.870524249970913,2.8680809773504734,True,
1341,onnx_model_000,measure,6.8698030658826985,6.870177952107042,6.8775706752203405,7.392723113298416,True,
1342,onnx_model_000,measure,6.8727380903053366,6.87376890797168,6.877767718862742,3.9988108910620213,True,
1343,onnx_model_000,measure,6.874821415339132,6.875239924062043,6.877809818834066,2.5698947720229626,True,
1344,onnx_model_000,measure,6.875640164650427,6.876674531027675,6.877841349225491,1.1668181978166103,True,
1345,onnx_model_000,measure,6.881283332507235,6.882085958030075,6.893238197080791,11.152239050716162,True,
1346,onnx_model_000,measure,6.881309161050305,6.882251041941345,6.893354877829552,11.103835888206959,True,
1347,onnx_model_000,measure,6.900310971970656,6.900585423223674,6.909794648177922,9.209224954247475,True,
1348,onnx_model_000,measure,6.9006859758054935,6.900980744045228,6.909962576813996,8.981832768768072,True,
1349,onnx_model_000,measure,6.9055993670476825,6.906417008023709,6.910022290889174,3.6052828654646873,True,
1350,onnx_model_000,measure,6.907974088053346,6.90886534191668,6.910054110921919,1.1887690052390099,True,
1351,onnx_model_000,measure,6.917243599732618,6.918295327108353,6.92635594913736,8.060622029006481,True,
1352,onnx_model_000,measure,6.917990135264564,6.918459108099341,6.926516474224627,8.057366125285625,True,
1353,onnx_model_000,measure,6.92088808654097,6.921992423944175,6.926576227881014,4.583803936839104,True,
1354,onnx_model_000,measure,6.925079094596564,6.925431942101568,6.926608479116112,1.1765370145440102,True,
1355,onnx_model_000,measure,6.928855318199243,6.929857283830643,6.940862673800439,11.005389969795942,True,
1356,onnx_model_000,measure,6.937617177231212,6.93830194696784,6.94103114400059,2.729197032749653,True,
1357,onnx_model_000,measure,6.938226547306093,6.938657912891358,6.94106978783384,2.411874942481518,True,
1358,onnx_model_000,measure,6.948232950210787,6.949294862803072,6.958718255162239,9.423392359167337,True,
1359,onnx_model_000,measure,6.95123246997454,6.951744508929551,6.958935617934912,7.191109005361795,True,
1360,onnx_model_000,measure,6.9558602393983895,6.9561978238634765,6.958976035006344,2.7782111428678036,True,
1361,onnx_model_000,measure,6.956506871068627,6.957640517037362,6.959008056204766,1.3675391674041748,True,
1362,onnx_model_000,measure,6.95699842364546,6.957819878123701,6.968773448839784,10.95357071608305,True,
1363,onnx_model_000,measure,6.960466005642518,6.96124765323475,6.968959492165595,7.711838930845261,True,
1364,onnx_model_000,measure,6.964183132298931,6.964695205911994,6.968997824937105,4.302619025111198,True,
1365,onnx_model_000,measure,6.968942499956969,6.96914348192513,6.980097854975611,10.954373050481081,True,
1366,onnx_model_000,measure,6.971875622215103,6.972594843246043,6.980141427833587,7.546584587544203,True,
1367,onnx_model_000,measure,6.986727573780583,6.987365278881043,6.998269125819206,10.903846938163042,True,
1368,onnx_model_000,measure,6.993213047014703,6.99381842603907,6.998313831165433,4.495405126363039,True,
1369,onnx_model_000,measure,7.000017714329196,7.00053744809702,7.011449179146439,10.91173104941845,True,
1370,onnx_model_000,measure,7.004306501796273,7.0049906629137695,7.011512630153447,6.521967239677906,True,
1371,onnx_model_000,measure,7.018648125243685,7.0197452791035175,7.030746400821954,11.00112171843648,True,
1372,onnx_model_000,measure,7.031153670881238,7.031982820946723,7.040225218981504,8.242398034781218,True,
1373,onnx_model_000,measure,7.031943519015139,7.032345651183277,7.0402832590043545,7.937607821077108,True,
1374,onnx_model_000,measure,7.036409503940162,7.036798995919526,7.040316702798009,3.5177068784832954,True,
1375,onnx_model_000,measure,7.038698914778121,7.0392369399778545,7.040415479801595,1.1785398237407207,True,
1376,onnx_model_000,measure,7.043895946200738,7.044664447195828,7.0557878809049726,11.123433709144592,True,
1377,onnx_model_000,measure,7.047054732659719,7.048133751843125,7.055939478799701,7.805726956576109,True,
1378,onnx_model_000,measure,7.047454365294423,7.048295970074832,7.055978322867304,7.682352792471647,True,
1379,onnx_model_000,measure,7.054212536120212,7.054924750234932,7.06601097388193,11.086223646998405,True,
1380,onnx_model_000,measure,7.062587650448386,7.063203527126461,7.066119569819421,2.9160426929593086,True,
1381,onnx_model_000,measure,7.0666224753234,7.067335572093725,7.0753585821948946,8.023010101169348,True,
1382,onnx_model_000,measure,7.072864732433386,7.073795100208372,7.075514749158174,1.7196489498019218,True,
1383,onnx_model_000,measure,7.07364809574935,7.073961135931313,7.075402566231787,1.4414303004741669,True,
1384,onnx_model_000,measure,7.0739884003531595,7.074378308840096,7.075549394823611,1.1710859835147858,True,
1385,onnx_model_000,measure,7.079969579836019,7.080834351014346,7.089291215874255,8.45686485990882,True,
1386,onnx_model_000,measure,7.081090000192735,7.08128968719393,7.089452703017741,8.163015823811293,True,
1387,onnx_model_000,measure,7.0840108517703655,7.084733413066715,7.089512477163225,4.77906409651041,True,
1388,onnx_model_000,measure,7.087493187532453,7.0881852940656245,7.0895434259437025,1.3581318780779839,True,
1389,onnx_model_000,measure,7.087610942603936,7.088345439173281,7.099269864149392,10.924424976110458,True,
1390,onnx_model_000,measure,7.106130616916484,7.106511129066348,7.117737228050828,11.226098984479904,True,
1391,onnx_model_000,measure,7.10624962440858,7.106680450960994,7.1179036549292505,11.223203968256712,True,
1392,onnx_model_000,measure,7.113728866229068,7.114252273924649,7.117942519020289,3.690245095640421,True,
1393,onnx_model_000,measure,7.116430913247893,7.116744812112302,7.127657915931195,10.913103818893433,True,
1394,onnx_model_000,measure,7.14009350454047,7.141893626190722,7.152938281185925,11.044654995203018,True,
1395,onnx_model_000,measure,7.150491780757622,7.152409404981881,7.163389145862311,10.979740880429745,True,
1396,onnx_model_000,measure,7.163311680121542,7.163564369082451,7.172128377947956,8.564008865505457,True,
1397,onnx_model_000,measure,7.164679642294831,7.165113303810358,7.172179826069623,7.066522259265184,True,
1398,onnx_model_000,measure,7.168840738098162,7.169657872058451,7.172297399956733,2.6395278982818127,True,
1399,onnx_model_000,measure,7.170169540995098,7.171210173051804,7.172334540169686,1.124367117881775,True,
1400,onnx_model_000,measure,7.172361410887079,7.173579155933112,7.18478925479576,11.21009886264801,True,
1401,onnx_model_000,measure,7.174355428532164,7.175056104082614,7.184852174948901,9.796070866286755,True,
1402,onnx_model_000,measure,7.17778877356347,7.178502545226365,7.1849011378362775,6.398592609912157,True,
1403,onnx_model_000,measure,7.184199800290224,7.1850176891312,7.196119301952422,11.101612821221352,True,
1404,onnx_model_000,measure,7.187731398091119,7.188568688929081,7.19623356917873,7.664880249649286,True,
1405,onnx_model_000,measure,7.20261309069561,7.203479832969606,7.214437461923808,10.957628954201937,True,
1406,onnx_model_000,measure,7.203759704044044,7.204924730118364,7.214607915841043,9.6831857226789,True,
1407,onnx_model_000,measure,7.210225605981171,7.21136237680912,7.214646710082889,3.284333273768425,True,
1408,onnx_model_000,measure,7.2306959899202585,7.231881651096046,7.24304616311565,11.164512019604445,True,
1409,onnx_model_000,measure,7.236192424566687,7.237331360112876,7.243208461906761,5.877101793885231,True,
1410,onnx_model_000,measure,7.237458184127802,7.237689581234008,7.24324597325176,5.556392017751932,True,
1411,onnx_model_000,measure,7.249452608294686,7.25046898284927,7.261406994890422,10.938012041151524,True,
1412,onnx_model_000,measure,7.264754996792992,7.265652264934033,7.276735743042082,11.083478108048439,True,
1413,onnx_model_000,measure,7.271195312240661,7.272115619853139,7.276816445868462,4.7008260153234005,True,
1414,onnx_model_000,measure,7.271346318704175,7.272279131226242,7.276851483155042,4.5723519288003445,True,
1415,onnx_model_000,measure,7.284197826189047,7.2850923468358815,7.296262550167739,11.17020333185792,True,
1416,onnx_model_000,measure,7.288268798196435,7.288540852256119,7.296402687206864,7.861834950745106,True,
1417,onnx_model_000,measure,7.294752022734132,7.294996784068644,7.29644033825025,1.4435541816055775,True,
1418,onnx_model_000,measure,7.297124593679891,7.297656178940088,7.306679511908442,9.023332968354225,True,
1419,onnx_model_000,measure,7.300486320342677,7.301116758026183,7.306724737863988,5.607979837805033,True,
1420,onnx_model_000,measure,7.300630756937419,7.301278104074299,7.306856447830796,5.578343756496906,True,
1421,onnx_model_000,measure,7.304606024615618,7.305794740095735,7.306892485823482,1.0977457277476788,True,
1422,onnx_model_000,measure,7.310884210829691,7.311124580912292,7.322170226834714,11.045645922422409,True,
1423,onnx_model_000,measure,7.315955021075046,7.316567397210747,7.322313159238547,5.745762027800083,True,
1424,onnx_model_000,measure,7.318243221108253,7.3190275938250124,7.3223489271476865,3.321333322674036,True,
1425,onnx_model_000,measure,7.3291971730364605,7.329566285945475,7.340550716035068,10.984430089592934,True,
1426,onnx_model_000,measure,7.331901513772426,7.333016945049167,7.340593957807869,7.57701275870204,True,
1427,onnx_model_000,measure,7.33612373696563,7.336448248010129,7.340625838842243,4.17759083211422,True,
1428,onnx_model_000,measure,7.340708480204708,7.341874062083662,7.3601056868210435,18.231624737381935,True,
1429,onnx_model_000,measure,7.340970322626156,7.342040707822889,7.360158869065344,18.118161242455244,True,
1430,onnx_model_000,measure,7.34541105966803,7.346557705197483,7.360198574140668,13.640868943184614,True,
1431,onnx_model_000,measure,7.3491114014159225,7.360306739807129,7.362005799077451,1.6990592703223228,True,
1432,onnx_model_000,measure,7.3499988068796425,7.3604934848845005,7.3621983248740435,1.7048399895429611,True,
1433,onnx_model_000,measure,7.353084756607205,7.360649420879781,7.362241887953132,1.5924670733511448,True,
1434,onnx_model_000,measure,7.354560164181528,7.360816338099539,7.362277626059949,1.461287960410118,True,
1435,onnx_model_000,measure,7.369210438370788,7.36952774785459,7.380631925072521,11.104177217930555,True,
1436,onnx_model_000,measure,7.370627635794298,7.371003954205662,7.380848295986652,9.844341780990362,True,
1437,onnx_model_000,measure,7.376214496015196,7.3764541442506015,7.380888212006539,4.434067755937576,True,
1438,onnx_model_000,measure,7.380665753400973,7.3810203531757,7.385392623953521,4.372270777821541,True,
1439,onnx_model_000,measure,7.381487856005182,7.3824683260172606,7.385439593810588,2.97126779332757,True,
1440,onnx_model_000,measure,7.382894724433864,7.383927820250392,7.385555854998529,1.6280347481369972,True,
1441,onnx_model_000,measure,7.383143869055764,7.384093354921788,7.395306329242885,11.212974321097136,True,
1442,onnx_model_000,measure,7.38321674667854,7.384240765124559,7.385592604056001,1.351838931441307,True,
1443,onnx_model_000,measure,7.385661737026193,7.386840045917779,7.39535233611241,8.512290194630623,True,
1444,onnx_model_000,measure,7.391117190531888,7.392293061129749,7.395385369192809,3.0923080630600452,True,
1445,onnx_model_000,measure,7.395697270981823,7.396620566956699,7.407810146920383,11.189579963684082,True,
1446,onnx_model_000,measure,7.400744570885482,7.401091045234352,7.407856595236808,6.765550002455711,True,
1447,onnx_model_000,measure,7.402113394867081,7.402524329256266,7.407889598049223,5.3652687929570675,True,
1448,onnx_model_000,measure,7.406586741290695,7.4069810109212995,7.417951874900609,10.970863979309797,True,
1449,onnx_model_000,measure,7.407166088868328,7.407343530096114,7.41807770403102,10.734173934906721,True,
1450,onnx_model_000,measure,7.420491783485018,7.421304036863148,7.432372746989131,11.068710125982761,True,
1451,onnx_model_000,measure,7.4216047565028385,7.422761157155037,7.432519285939634,9.75812878459692,True,
1452,onnx_model_000,measure,7.423471913128766,7.424198760185391,7.4325567269697785,8.357966784387827,True,
1453,onnx_model_000,measure,7.4482341422732095,7.448812115937471,7.458232652861625,9.420536924153566,True,
1454,onnx_model_000,measure,7.449144887220675,7.450273443944752,7.458419688977301,8.146245032548904,True,
1455,onnx_model_000,measure,7.454775362185787,7.455717963166535,7.458459344226867,2.74138106033206,True,
1456,onnx_model_000,measure,7.456246823503863,7.457170994952321,7.458490854129195,1.3198591768741608,True,
1457,onnx_model_000,measure,7.464469435620219,7.46473205788061,7.475675239227712,10.943181347101927,True,
1458,onnx_model_000,measure,7.47311257870254,7.475210255011916,7.486125813797116,10.915558785200119,True,
1459,onnx_model_000,measure,7.484320714265678,7.485861070919782,7.496566690970212,10.705620050430298,True,
1460,onnx_model_000,measure,7.487024856256735,7.487277653999627,7.496654016897082,9.376362897455692,True,
1461,onnx_model_000,measure,7.493017318571415,7.493556779809296,7.496689944993705,3.1331651844084263,True,
1462,onnx_model_000,measure,7.499049720761894,7.499851775821298,7.510643057990819,10.791282169520855,True,
1463,onnx_model_000,measure,7.5057249174694665,7.506133786868304,7.510721366852522,4.587579984217882,True,
1464,onnx_model_000,measure,7.51359324303135,7.5138720059767365,7.524596271105111,10.7242651283741,True,
1465,onnx_model_000,measure,7.51628155614473,7.517152411863208,7.5246688588522375,7.516446989029646,True,
1466,onnx_model_000,measure,7.521909430583682,7.522433029022068,7.524735936895013,2.3029078729450703,True,
1467,onnx_model_000,measure,7.525168010932877,7.525841629132628,7.533360119909048,7.51849077641964,True,
1468,onnx_model_000,measure,7.529142817674541,7.530124559998512,7.533424892928451,3.3003329299390316,True,
1469,onnx_model_000,measure,7.530185559327338,7.530335730873048,7.53350901324302,3.1732823699712753,True,
1470,onnx_model_000,measure,7.531747117478751,7.53260907297954,7.533532727975398,0.9236549958586693,True,
1471,onnx_model_000,measure,7.545351351512896,7.545683726202697,7.556517790071666,10.834063868969679,True,
1472,onnx_model_000,measure,7.549887250982852,7.550976807251573,7.556653067003936,5.6762597523629665,True,
1473,onnx_model_000,measure,7.5553847629744935,7.556255692150444,7.566961081232876,10.705389082431793,True,
1474,onnx_model_000,measure,7.562294743149541,7.562862390186638,7.56705273501575,4.190344829112291,True,
1475,onnx_model_000,measure,7.562899343265213,7.563132072798908,7.5670771221630275,3.945049364119768,True,
1476,onnx_model_000,measure,7.572957362843104,7.5732361688278615,7.583811190910637,10.575022082775831,True,
1477,onnx_model_000,measure,7.579018393301527,7.579534330870956,7.58388549182564,4.351160954684019,True,
1478,onnx_model_000,measure,7.585194196202761,7.586043123155832,7.5923346830531955,6.291559897363186,True,
1479,onnx_model_000,measure,7.587412701300719,7.588332375045866,7.5924311662092805,4.098791163414717,True,
1480,onnx_model_000,measure,7.590080332748783,7.59061264898628,7.592454970814288,1.842321828007698,True,
1481,onnx_model_000,measure,7.590791814852096,7.591845843940973,7.59247432788834,0.6284839473664761,True,
1482,onnx_model_000,measure,7.594388182884062,7.594635976944119,7.602015695068985,7.379718124866486,True,
1483,onnx_model_000,measure,7.59498828301847,7.595925418194383,7.602092410903424,6.166992709040642,True,
1484,onnx_model_000,measure,7.600331074628055,7.601206086110324,7.602212970145047,1.0068840347230434,True,
1485,onnx_model_000,measure,7.601015857226945,7.601303010247648,7.602236355189234,0.933344941586256,True,
1486,onnx_model_000,measure,7.6048683429318125,7.605388366151601,7.614916548132896,9.528181981295347,True,
1487,onnx_model_000,measure,7.611141207171204,7.61167466500774,7.614992212038487,3.317547030746937,True,
1488,onnx_model_000,measure,7.612284509452365,7.612972021102905,7.6150779142044485,2.105893101543188,True,
1489,onnx_model_000,measure,7.614089567242426,7.614244740922004,7.615099726244807,0.8549853228032589,True,
1490,onnx_model_000,measure,7.615906158345742,7.6162503329105675,7.623708719853312,7.458386942744255,True,
1491,onnx_model_000,measure,7.6189155974716565,7.619536519981921,7.623870567884296,4.33404790237546,True,
1492,onnx_model_000,measure,7.619313505421,7.619633323978633,7.623893211130053,4.259887151420116,True,
1493,onnx_model_000,measure,7.622728977453782,7.622969285119325,7.623912347946316,0.9430628269910812,True,
1494,onnx_model_000,measure,7.626159377969489,7.62707081111148,7.637833228800446,10.762417688965797,True,
1495,onnx_model_000,measure,7.63876633953797,7.638995097950101,7.649619332980365,10.624235030263662,True,
1496,onnx_model_000,measure,7.643196076610858,7.644274583086371,7.649684727191925,5.410144105553627,True,
1497,onnx_model_000,measure,7.646651478299235,7.647548877168447,7.649801929946989,2.253052778542042,True,
1498,onnx_model_000,measure,7.648444571327487,7.648829300887883,7.6498250141739845,0.9957132861018181,True,
1499,onnx_model_000,measure,7.654063599683806,7.654979232233018,7.665943283122033,10.964050889015198,True,
1500,onnx_model_000,measure,7.654606995695432,7.655076486058533,7.666070564184338,10.994078125804663,True,
1501,onnx_model_000,measure,7.655815591406741,7.656399471219629,7.666093818843365,9.694347623735666,True,
1502,onnx_model_000,measure,7.675945583042094,7.676289920229465,7.687233461998403,10.943541768938303,True,
1503,onnx_model_000,measure,7.682807526553842,7.683682071976364,7.6873286929912865,3.6466210149228573,True,
1504,onnx_model_000,measure,7.698067477355924,7.69852554704994,7.7065916592255235,8.06611217558384,True,
1505,onnx_model_000,measure,7.698126300039543,7.698658550158143,7.70705285621807,8.394306059926748,True,
1506,onnx_model_000,measure,7.701576626396996,7.70208203792572,7.707088783849031,5.006745923310518,True,
1507,onnx_model_000,measure,7.704323127097479,7.705439528916031,7.707114383112639,1.6748541966080666,True,
1508,onnx_model_000,measure,7.705118451686264,7.705567743163556,7.716586959082633,11.019215919077396,True,
1509,onnx_model_000,measure,7.706391562221336,7.706682322081178,7.716709551867098,10.02722978591919,True,
1510,onnx_model_000,measure,7.709128790070655,7.709311169106513,7.716787711251527,7.476542145013809,True,
1511,onnx_model_000,measure,7.722200307197119,7.722978057805449,7.729869396891445,6.891339085996151,True,
1512,onnx_model_000,measure,7.722724890328403,7.723103866912425,7.729994675144553,6.89080823212862,True,
1513,onnx_model_000,measure,7.724584327667937,7.725505793001503,7.730039109941572,4.533316940069199,True,
1514,onnx_model_000,measure,7.728538796642855,7.72885735379532,7.730106277856976,1.2489240616559982,True,
1515,onnx_model_000,measure,7.737702503580995,7.738323858007789,7.748461719136685,10.137861128896475,True,
1516,onnx_model_000,measure,7.741824964274538,7.7427681758999825,7.7485946118831635,5.826435983181,True,
1517,onnx_model_000,measure,7.7449872803255655,7.746196633204818,7.748626502230763,2.4298690259456635,True,
1518,onnx_model_000,measure,7.747255421076576,7.747583419084549,7.748651328962296,1.0679098777472973,True,
1519,onnx_model_000,measure,7.748601795565653,7.748804000206292,7.759721812792122,10.917812585830688,True,
1520,onnx_model_000,measure,7.749591714543382,7.750162451993674,7.75985405407846,9.6916020847857,True,
1521,onnx_model_000,measure,7.754354396578438,7.755512161180377,7.759884691797197,4.3725306168198586,True,
1522,onnx_model_000,measure,7.764679220239568,7.765071411151439,7.771929067093879,6.857655942440033,True,
1523,onnx_model_000,measure,7.765752450484591,7.7664356851018965,7.772126242052764,5.690556950867176,True,
1524,onnx_model_000,measure,7.766052400430173,7.7665650909766555,7.7720199902541935,5.454899277538061,True,
1525,onnx_model_000,measure,7.770336134231282,7.770983649883419,7.77217067591846,1.187026035040617,True,
1526,onnx_model_000,measure,7.7731319542875505,7.773352182004601,7.784197417087853,10.845235083252192,True,
1527,onnx_model_000,measure,7.780803886256294,7.781707293819636,7.784283291082829,2.5759972631931305,True,
1528,onnx_model_000,measure,7.782317417794043,7.783064914867282,7.784371869172901,1.3069543056190014,True,
1529,onnx_model_000,measure,7.784408081083064,7.785550499800593,7.796564404852688,11.013905052095652,True,
1530,onnx_model_000,measure,7.791521034072014,7.791939204093069,7.796673803124577,4.734599031507969,True,
1531,onnx_model_000,measure,7.799642262834992,7.79989380389452,7.810990607831627,11.096803937107325,True,
1532,onnx_model_000,measure,7.809861801847416,7.81035102205351,7.821629370097071,11.278348043560982,True,
1533,onnx_model_000,measure,7.8100942904873065,7.810513820964843,7.821673685219139,11.159864254295826,True,
1534,onnx_model_000,measure,7.820862838818954,7.821217436809093,7.832565559074283,11.348122265189886,True,
1535,onnx_model_000,measure,7.825760455835738,7.826974420808256,7.832616946194321,5.642525386065245,True,
1536,onnx_model_000,measure,7.829449907177688,7.830517766065896,7.832652032840997,2.1342667751014233,True,
1537,onnx_model_000,measure,7.830850909908895,7.832073333207518,7.843110964167863,11.037630960345268,True,
1538,onnx_model_000,measure,7.837980896779081,7.838912392966449,7.843241182155907,4.328789189457893,True,
1539,onnx_model_000,measure,7.849654103323391,7.8504816349595785,7.861830247100443,11.348612140864134,True,
1540,onnx_model_000,measure,7.860428956183928,7.860996702220291,7.872136698104441,11.139995884150267,True,
1541,onnx_model_000,measure,7.861160743700142,7.861414026003331,7.872189798858017,10.775772854685783,True,
1542,onnx_model_000,measure,7.879020306352485,7.879487340804189,7.890232144854963,10.744804050773382,True,
1543,onnx_model_000,measure,7.881625262539009,7.8820496709086,7.8902853559702635,8.23568506166339,True,
1544,onnx_model_000,measure,7.885626617351807,7.886591794900596,7.890406837221235,3.815042320638895,True,
1545,onnx_model_000,measure,7.8887396960353,7.889150619041175,7.890444719232619,1.2941001914441586,True,
1546,onnx_model_000,measure,7.90471167487848,7.90564183704555,7.916579737793654,10.937900748103857,True,
1547,onnx_model_000,measure,7.915311020931614,7.9159907079301775,7.924461360089481,8.470652159303427,True,
1548,onnx_model_000,measure,7.920162626852167,7.92078630393371,7.924591586925089,3.8052829913794994,True,
1549,onnx_model_000,measure,7.920980292819224,7.922142631839961,7.924637253861874,2.4946220219135284,True,
1550,onnx_model_000,measure,7.92251285210695,7.92349175689742,7.924661971163005,1.1702142655849457,True,
1551,onnx_model_000,measure,7.923135530924605,7.9236192288808525,7.934865978080779,11.246749199926853,True,
1552,onnx_model_000,measure,7.926787756497885,7.927910435944796,7.934917325153947,7.006889209151268,True,
1553,onnx_model_000,measure,7.932598721820389,7.9333868362009525,7.935248615220189,1.8617790192365646,True,
1554,onnx_model_000,measure,7.9337167872827825,7.935021113138646,7.946006975136697,10.985861998051405,True,
1555,onnx_model_000,measure,7.9395430195809045,7.940545843914151,7.946077358908951,5.531514994800091,True,
1556,onnx_model_000,measure,7.939545264731323,7.940727249253541,7.946180414874107,5.453165620565414,True,
1557,onnx_model_000,measure,7.94924480125547,7.95048087881878,7.9621399119496346,11.659033130854368,True,
1558,onnx_model_000,measure,7.949951337652556,7.950667162891477,7.962192181032151,11.525018140673637,True,
1559,onnx_model_000,measure,7.950997297546988,7.95116218412295,7.962302651256323,11.140467133373022,True,
1560,onnx_model_000,measure,7.960223893397972,7.961723320186138,7.972937155980617,11.213835794478655,True,
1561,onnx_model_000,measure,7.966540268595841,7.967596924863756,7.972990336827934,5.393411964178085,True,
1562,onnx_model_000,measure,7.9720754688094,7.973096208181232,7.9841496790759265,11.053470894694328,True,
1563,onnx_model_000,measure,7.979523934055778,7.9806415610946715,7.98420423315838,3.5626720637083054,True,
1564,onnx_model_000,measure,7.980496514278574,7.980876857880503,7.984305335208774,3.4284773282706738,True,
1565,onnx_model_000,measure,7.984996072343569,7.985602430999279,7.996709683910012,11.107252910733223,True,
1566,onnx_model_000,measure,7.989340600380951,7.990181525237858,7.99679319281131,6.611667573451996,True,
1567,onnx_model_000,measure,7.998439388316334,7.999093084130436,8.010299667250365,11.206583119928837,True,
1568,onnx_model_000,measure,8.004717219727072,8.005636802874506,8.010351845994592,4.715043120086193,True,
1569,onnx_model_000,measure,8.006853623082476,8.007232986856252,8.010390068870038,3.157082013785839,True,
1570,onnx_model_000,measure,8.008549959108226,8.009804726112634,8.021384777966887,11.580051854252815,True,
1571,onnx_model_000,measure,8.010601634051971,8.011703215073794,8.02143684681505,9.733631741255522,True,
1572,onnx_model_000,measure,8.013685913547725,8.014264543075114,8.021472595166415,7.2080520913004875,True,
1573,onnx_model_000,measure,8.02046048277733,8.02094104513526,8.032147867139429,11.206822004169226,True,
1574,onnx_model_000,measure,8.037340019914266,8.038517976179719,8.049915090203285,11.397114023566246,True,
1575,onnx_model_000,measure,8.038134952498822,8.038735779933631,8.049967600032687,11.231820099055767,True,
1576,onnx_model_000,measure,8.040172362398247,8.041425161994994,8.050433394964784,9.008232969790697,True,
1577,onnx_model_000,measure,8.049330192953384,8.050071817822754,8.061290863901377,11.219046078622341,True,
1578,onnx_model_000,measure,8.05343304923341,8.053741373121738,8.061343624256551,7.602251134812832,True,
1579,onnx_model_000,measure,8.060044993755533,8.061448563821614,8.072489321231842,11.040757410228252,True,
1580,onnx_model_000,measure,8.063261663184855,8.063983953092247,8.072543122805655,8.559169713407755,True,
1581,onnx_model_000,measure,8.075655406052633,8.076859056949615,8.085475665982813,8.616609033197165,True,
1582,onnx_model_000,measure,8.079382006832514,8.08040573913604,8.085548675153404,5.1429360173642635,True,
1583,onnx_model_000,measure,8.083102473670381,8.084022133145481,8.085669533815235,1.6474006697535515,True,
1584,onnx_model_000,measure,8.0842222794967,8.08443549880758,8.08570394013077,1.2684413231909275,True,
1585,onnx_model_000,measure,8.092510970482769,8.09301128005609,8.104054722003639,11.043441947549582,True,
1586,onnx_model_000,measure,8.102809638964489,8.103589587844908,8.114744491875172,11.154904030263424,True,
1587,onnx_model_000,measure,8.104474064519884,8.105386313050985,8.114817892201245,9.431579150259495,True,
1588,onnx_model_000,measure,8.131438719282762,8.132117434870452,8.143280315212905,11.162880342453718,True,
1589,onnx_model_000,measure,8.137339588905897,8.137578024994582,8.143330831080675,5.752806086093187,True,
1590,onnx_model_000,measure,8.138902899952502,8.139959782827646,8.143366088159382,3.406305331736803,True,
1591,onnx_model_000,measure,8.144670682952226,8.145674976985902,8.156844268087298,11.169291101396084,True,
1592,onnx_model_000,measure,8.151067627939431,8.15224284119904,8.156896586995572,4.653745796531439,True,
1593,onnx_model_000,measure,8.155769156794006,8.156999792903662,8.168128488119692,11.128695216029882,True,
1594,onnx_model_000,measure,8.160209930025113,8.16052652709186,8.168180997017771,7.6544699259102345,True,
1595,onnx_model_000,measure,8.172812609204744,8.173495078925043,8.18451739102602,11.022312100976706,True,
1596,onnx_model_000,measure,8.188599035492654,8.189838394988328,8.201005943119526,11.167548131197691,True,
1597,onnx_model_000,measure,8.192292786880323,8.193384184967726,8.20105822198093,7.674037013202906,True,
1598,onnx_model_000,measure,8.199115281392245,8.19993584882468,8.21096371114254,11.027862317860126,True,
1599,onnx_model_000,measure,8.21182519437038,8.212265505921096,8.218990860041231,6.725354120135307,True,
1600,onnx_model_000,measure,8.214013858098118,8.214828708209097,8.219196660909802,4.367952700704336,True,
1601,onnx_model_000,measure,8.214640137671159,8.215018237940967,8.21923953294754,4.2212950065732,True,
1602,onnx_model_000,measure,8.216410970145517,8.21763418102637,8.219271001871675,1.6368208453059196,True,
1603,onnx_model_000,measure,8.217105600555753,8.21784342918545,8.229069678112864,11.226248927414417,True,
1604,onnx_model_000,measure,8.218129786776542,8.218322589993477,8.229123711120337,10.80112112686038,True,
1605,onnx_model_000,measure,8.223716691896787,8.224575165193528,8.229160530958325,4.585365764796734,True,
1606,onnx_model_000,measure,8.235800038534205,8.236469253897667,8.247643044218421,11.173790320754051,True,
1607,onnx_model_000,measure,8.24370050229316,8.244010388851166,8.247696415055543,3.686026204377413,True,
1608,onnx_model_000,measure,8.25309219166289,8.253991471137851,8.265127810183913,11.136339046061039,True,
1609,onnx_model_000,measure,8.257083727494223,8.25753356423229,8.265181131195277,7.6475669629871845,True,
1610,onnx_model_000,measure,8.26999924860591,8.27047575591132,8.281536030117422,11.060274206101894,True,
1611,onnx_model_000,measure,8.286445064569609,8.286854729987681,8.291242660954595,4.3879309669137,True,
1612,onnx_model_000,measure,8.287613437453388,8.288401790894568,8.291294259019196,2.892468124628067,True,
1613,onnx_model_000,measure,8.287797341892464,8.288588566239923,8.291796152945608,3.207586705684662,True,
1614,onnx_model_000,measure,8.289884382043631,8.290212402120233,8.291847070213407,1.634668093174696,True,
1615,onnx_model_000,measure,8.290466167593719,8.291397825814784,8.301022501196712,9.624675381928682,True,
1616,onnx_model_000,measure,8.295667946914808,8.296166169922799,8.301551036071032,5.384866148233414,True,
1617,onnx_model_000,measure,8.298912214497895,8.29971329215914,8.301600128877908,1.8868367187678814,True,
1618,onnx_model_000,measure,8.299352626841403,8.299925906118006,8.301635396201164,1.7094900831580162,True,
1619,onnx_model_000,measure,8.300110282251365,8.300395078025758,8.311484958045185,11.089880019426346,True,
1620,onnx_model_000,measure,8.300666588446761,8.301125978119671,8.311643450055271,10.517471935600042,True,
1621,onnx_model_000,measure,8.308714757570437,8.309944679960608,8.31168373581022,1.7390558496117592,True,
1622,onnx_model_000,measure,8.32226384088614,8.322979939170182,8.33413790911436,11.157969944179058,True,
1623,onnx_model_000,measure,8.333803223406367,8.334249801002443,8.345477343071252,11.22754206880927,True,
1624,onnx_model_000,measure,8.33418772808156,8.334644571878016,8.345530414022505,10.885842144489288,True,
1625,onnx_model_000,measure,8.337615683527682,8.338170384056866,8.345565700903535,7.39531684666872,True,
1626,onnx_model_000,measure,8.353148302420438,8.35388810094446,8.364961158949882,11.073058005422354,True,
1627,onnx_model_000,measure,8.377724136552755,8.379265670198947,8.390415514819324,11.149844620376825,True,
1628,onnx_model_000,measure,8.385955751583833,8.386825290042907,8.390469197183847,3.643907140940428,True,
1629,onnx_model_000,measure,8.41522816252582,8.415786371100694,8.426993835251778,11.207464151084423,True,
1630,onnx_model_000,measure,8.421154482068154,8.422328516840935,8.427056745160371,4.728228319436312,True,
1631,onnx_model_000,measure,8.431897844728184,8.432354675140232,8.443473369814456,11.118694674223661,True,
1632,onnx_model_000,measure,8.449674288490144,8.450796070042998,8.461991601157933,11.195531114935875,True,
1633,onnx_model_000,measure,8.45354748440197,8.454343372955918,8.46204439084977,7.701017893850803,True,
1634,onnx_model_000,measure,8.469895264858119,8.470341141801327,8.479969364125282,9.628222323954105,True,
1635,onnx_model_000,measure,8.476042587499782,8.476930227130651,8.4801598158665,3.2295887358486652,True,
1636,onnx_model_000,measure,8.476767578534508,8.477119696792215,8.48020101385191,3.0813170596957207,True,
1637,onnx_model_000,measure,8.47758351991892,8.478723586071283,8.480232675094157,1.5090890228748322,True,
1638,onnx_model_000,measure,8.480176733469426,8.48041035188362,8.491652181837708,11.241829954087734,True,
1639,onnx_model_000,measure,8.484474584768607,8.484946494922042,8.491705231834203,6.758736912161112,True,
1640,onnx_model_000,measure,8.49285514975457,8.494003791827708,8.503654405940324,9.650614112615585,True,
1641,onnx_model_000,measure,8.49936319155825,8.500552489887923,8.503877240233123,3.3247503452003,True,
1642,onnx_model_000,measure,8.500346832798956,8.500738883856684,8.50373029988259,2.9914160259068012,True,
1643,onnx_model_000,measure,8.501411621727128,8.502368892077357,8.503914040047675,1.5451479703187943,True,
1644,onnx_model_000,measure,8.518680012181717,8.519220175221562,8.530345311854035,11.125136632472277,True,
1645,onnx_model_000,measure,8.528099875383704,8.529786630067974,8.54101427225396,11.227642185986042,True,
1646,onnx_model_000,measure,8.53492783178142,8.535647430922836,8.541068254970014,5.42082404717803,True,
1647,onnx_model_000,measure,8.54789417511041,8.548366227187216,8.559590373188257,11.224146001040936,True,
1648,onnx_model_000,measure,8.55435848622096,8.554928231053054,8.559642862062901,4.714631009846926,True,
1649,onnx_model_000,measure,8.560550193162092,8.560948194004595,8.572124397847801,11.176203843206167,True,
1650,onnx_model_000,measure,8.561197220874133,8.561354466248304,8.57219815813005,10.843691881746054,True,
1651,onnx_model_000,measure,8.566183458131002,8.566883896943182,8.57229857891798,5.414681974798441,True,
1652,onnx_model_000,measure,8.593588049188973,8.594591856002808,8.605802936013788,11.211080010980368,True,
1653,onnx_model_000,measure,8.610419908549074,8.611124701797962,8.621890746988356,10.766045190393925,True,
1654,onnx_model_000,measure,8.614837141587337,8.615670322906226,8.622113450895995,6.443127989768982,True,
1655,onnx_model_000,measure,8.616557826199067,8.617229427210987,8.622155160177499,4.925732966512442,True,
1656,onnx_model_000,measure,8.620227821629138,8.620790977030993,8.62218517716974,1.394200138747692,True,
1657,onnx_model_000,measure,8.620908365400767,8.621202499140054,8.632438737899065,11.23623875901103,True,
1658,onnx_model_000,measure,8.631819989969813,8.63254961790517,8.637947148177773,5.397530272603035,True,
1659,onnx_model_000,measure,8.632409224882732,8.632962834089994,8.638023031875491,5.060197785496712,True,
1660,onnx_model_000,measure,8.635761405161878,8.636483846232295,8.638058740179986,1.5748939476907253,True,
1661,onnx_model_000,measure,8.636297434384288,8.636674358975142,8.638160322792828,1.4859638176858425,True,
1662,onnx_model_000,measure,8.644792625701392,8.645442885812372,8.656586398836225,11.143513023853302,True,
1663,onnx_model_000,measure,8.646415658742425,8.646942647174,8.657108501065522,10.165853891521692,True,
1664,onnx_model_000,measure,8.653592394570918,8.654428356792778,8.65715536987409,2.7270130813121796,True,
1665,onnx_model_000,measure,8.65572132112462,8.656689695082605,8.667711365967989,11.021670885384083,True,
1666,onnx_model_000,measure,8.674136572619917,8.67492080014199,8.68324416084215,8.323360700160265,True,
1667,onnx_model_000,measure,8.67547245407918,8.676392336841673,8.683408744167536,7.016407325863838,True,
1668,onnx_model_000,measure,8.675910043925365,8.676561749074608,8.68346960004419,6.907850969582796,True,
1669,onnx_model_000,measure,8.681383563679754,8.682108382228762,8.683500328101218,1.3919458724558353,True,
1670,onnx_model_000,measure,8.684617940943443,8.685738672968,8.696834243834019,11.095570866018534,True,
1671,onnx_model_000,measure,8.701634604953798,8.702059407252818,8.713150859810412,11.091452557593584,True,
1672,onnx_model_000,measure,8.709986815364529,8.710502997040749,8.713284594006836,2.781596966087818,True,
1673,onnx_model_000,measure,8.72294578009269,8.723577850032598,8.728064788971096,4.486938938498497,True,
1674,onnx_model_000,measure,8.725086065569359,8.726147283799946,8.728132036980242,1.984753180295229,True,
1675,onnx_model_000,measure,8.725371763902674,8.726336384192109,8.728293564170599,1.9571799784898758,True,
1676,onnx_model_000,measure,8.726588725015734,8.726824040990323,8.728334651794285,1.5106108039617538,True,
1677,onnx_model_000,measure,8.727840429864973,8.728437267243862,8.739441143814474,11.003876570612192,True,
1678,onnx_model_000,measure,8.753597083447168,8.754764412064105,8.766488367225975,11.723955161869526,True,
1679,onnx_model_000,measure,8.754475609363721,8.754955654963851,8.7665391638875,11.583508923649788,True,
1680,onnx_model_000,measure,8.76513987341845,8.765556917060167,8.776571243070066,11.014326009899378,True,
1681,onnx_model_000,measure,8.765707151312178,8.766047199256718,8.776646837126464,10.599637869745493,True,
1682,onnx_model_000,measure,8.768093325680354,8.768850427120924,8.77668292587623,7.8324987553060055,True,
1683,onnx_model_000,measure,8.774745984887117,8.775394485797733,8.776804867200553,1.4103814028203487,True,
1684,onnx_model_000,measure,8.779485368696262,8.780115030240268,8.79131226381287,11.197233572602272,True,
1685,onnx_model_000,measure,8.790666431954365,8.791424087248743,8.802667588926852,11.243501678109169,True,
1686,onnx_model_000,measure,8.792416727164843,8.792962229810655,8.802720149047673,9.757919237017632,True,
1687,onnx_model_000,measure,8.801899030975406,8.802861156873405,8.813639564905316,10.778408031910658,True,
1688,onnx_model_000,measure,8.806007331758112,8.806408230215311,8.813721942249686,7.3137120343744755,True,
1689,onnx_model_000,measure,8.810112069284072,8.810953619889915,8.813781305216253,2.8276853263378143,True,
1690,onnx_model_000,measure,8.811696419529499,8.812493206001818,8.813935266807675,1.4420608058571815,True,
1691,onnx_model_000,measure,8.814599792096942,8.815177097916603,8.826232261955738,11.05516403913498,True,
1692,onnx_model_000,measure,8.828870357017658,8.829468143172562,8.8405551481992,11.087005026638508,True,
1693,onnx_model_000,measure,8.845534189945512,8.845875911880285,8.857034322805703,11.158410925418139,True,
1694,onnx_model_000,measure,8.852068787601624,8.852421244140714,8.857088936958462,4.667692817747593,True,
1695,onnx_model_000,measure,8.8622209050588,8.863394943065941,8.874717455822974,11.32251275703311,True,
1696,onnx_model_000,measure,8.863184546144655,8.863583151251078,8.874784572981298,11.201421730220318,True,
1697,onnx_model_000,measure,8.865403222219793,8.86624716501683,8.874918507877737,8.671342860907316,True,
1698,onnx_model_000,measure,8.872547564729208,8.87380405003205,8.88276742817834,8.96337814629078,True,
1699,onnx_model_000,measure,8.873951108681489,8.874216774012893,8.882973660249263,8.75688623636961,True,
1700,onnx_model_000,measure,8.879596455916767,8.880233832169324,8.883015089202672,2.7812570333480835,True,
1701,onnx_model_000,measure,8.880489560703113,8.881786612793803,8.883046968840063,1.2603560462594032,True,
1702,onnx_model_000,measure,8.88729163309571,8.888293322175741,8.89943502098322,11.141698807477951,True,
1703,onnx_model_000,measure,8.888673957973433,8.889761833008379,8.899549939204007,9.788106195628643,True,
1704,onnx_model_000,measure,8.901034285411066,8.90179475583136,8.91285507986322,11.060324031859636,True,
1705,onnx_model_000,measure,8.904223505164502,8.905291712842882,8.91300236992538,7.710657082498074,True,
1706,onnx_model_000,measure,8.909669810806404,8.910735411103815,8.913061942905188,2.3265318013727665,True,
1707,onnx_model_000,measure,8.918581799173987,8.919286224991083,8.930300692096353,11.014467105269432,True,
1708,onnx_model_000,measure,8.931081496448241,8.931602797005326,8.937108472920954,5.505675915628672,True,
1709,onnx_model_000,measure,8.931745968235838,8.93202736414969,8.937181101180613,5.1537370309233665,True,
1710,onnx_model_000,measure,8.932825166654766,8.933513419236988,8.937317349947989,3.8039307110011578,True,
1711,onnx_model_000,measure,8.935634629648204,8.936015484854579,8.937354189809412,1.3387049548327923,True,
1712,onnx_model_000,measure,8.946436873874424,8.947673505172133,8.952069290913641,4.395785741508007,True,
1713,onnx_model_000,measure,8.946918804605602,8.947894244920462,8.952141899149865,4.247654229402542,True,
1714,onnx_model_000,measure,8.949550722790097,8.95049823494628,8.952624707017094,2.126472070813179,True,
1715,onnx_model_000,measure,8.950414466477463,8.950917340815067,8.952673049177974,1.7557083629071712,True,
1716,onnx_model_000,measure,8.951587601099288,8.952245445922017,8.963511992245913,11.266546323895454,True,
1717,onnx_model_000,measure,8.953821971257351,8.9549982692115,8.96356548415497,8.56721494346857,True,
1718,onnx_model_000,measure,8.956213846138178,8.956586387939751,8.963667367119342,7.0809791795909405,True,
1719,onnx_model_000,measure,8.968777895179636,8.969966140110046,8.981129771098495,11.163630988448858,True,
1720,onnx_model_000,measure,8.972084106534124,8.97251242119819,8.98118383390829,8.671412710100412,True,
1721,onnx_model_000,measure,8.977114896025778,8.978123316075653,8.981288032140583,3.164716064929962,True,
1722,onnx_model_000,measure,8.993370508074014,8.995588846039027,9.00692770909518,11.338863056153059,True,
1723,onnx_model_000,measure,8.997178452831541,8.99815099593252,9.006981822196394,8.83082626387477,True,
1724,onnx_model_000,measure,9.003880104034158,9.004724311176687,9.00701813120395,2.2938200272619724,True,
1725,onnx_model_000,measure,9.012753839644757,9.013330350164324,9.024522143881768,11.191793717443943,True,
1726,onnx_model_000,measure,9.021291087259195,9.021921860985458,9.024574463255703,2.652602270245552,True,
1727,onnx_model_000,measure,9.022505072625192,9.023477898910642,9.034608135931194,11.130237020552158,True,
1728,onnx_model_000,measure,9.026287041812328,9.026892430149019,9.034663701895624,7.771271746605635,True,
1729,onnx_model_000,measure,9.0272204995109,9.028434731066227,9.03478663507849,6.351904012262821,True,
1730,onnx_model_000,measure,9.038867859345729,9.04008784191683,9.051186920143664,11.099078226834536,True,
1731,onnx_model_000,measure,9.052090130562673,9.052495617885143,9.060132354032248,7.636736147105694,True,
1732,onnx_model_000,measure,9.052278582658184,9.052684105932713,9.060217335820198,7.533229887485504,True,
1733,onnx_model_000,measure,9.053533873161335,9.054299787152559,9.060252623166889,5.952836014330387,True,
1734,onnx_model_000,measure,9.058418235388363,9.058865175116807,9.06035459600389,1.4894208870828152,True,
1735,onnx_model_000,measure,9.067518331330065,9.068671505898237,9.077267546206713,8.596040308475494,True,
1736,onnx_model_000,measure,9.067673354974444,9.068884009961039,9.07733890088275,8.454890921711922,True,
1737,onnx_model_000,measure,9.071746075443423,9.07248935289681,9.07738233404234,4.892981145530939,True,
1738,onnx_model_000,measure,9.075161365287643,9.076052906922996,9.077484208159149,1.431301236152649,True,
1739,onnx_model_000,measure,9.084108476241417,9.08480894099921,9.091330698225647,6.52175722643733,True,
1740,onnx_model_000,measure,9.085547992345125,9.08639844181016,9.091503466013819,5.105024203658104,True,
1741,onnx_model_000,measure,9.085552222184845,9.086606597993523,9.091564050875604,4.95745288208127,True,
1742,onnx_model_000,measure,9.089667652514535,9.090212583076209,9.091596121899784,1.3835388235747814,True,
1743,onnx_model_000,measure,9.098109365453121,9.098854939918965,9.109996870160103,11.141930241137743,True,
1744,onnx_model_000,measure,9.105307180583193,9.106323266867548,9.110488433856517,4.165166988968849,True,
1745,onnx_model_000,measure,9.105555193546854,9.106495324056596,9.110536064952612,4.040740896016359,True,
1746,onnx_model_000,measure,9.108936071196077,9.110097120050341,9.121144880075008,11.047760024666786,True,
1747,onnx_model_000,measure,9.113890232957127,9.114783708937466,9.121281309984624,6.497601047158241,True,
1748,onnx_model_000,measure,9.128300725806666,9.129514800850302,9.140623847022653,11.109046172350645,True,
1749,onnx_model_000,measure,9.128356868088298,9.129682640079409,9.140784862916917,11.102222837507725,True,
1750,onnx_model_000,measure,9.134846476102936,9.135243299882859,9.140825600828975,5.5823009461164474,True,
1751,onnx_model_000,measure,9.14172824864801,9.142046411987394,9.15296485600993,10.918444022536278,True,
1752,onnx_model_000,measure,9.153974165749675,9.154267602134496,9.165343726053834,11.076123919337988,True,
1753,onnx_model_000,measure,9.162182497299726,9.16283274302259,9.165397318080068,2.564575057476759,True,
1754,onnx_model_000,measure,9.168499590217662,9.169703253079206,9.177152392920107,7.449139840900898,True,
1755,onnx_model_000,measure,9.168878088756902,9.169911810196936,9.177368103060871,7.456292863935232,True,
1756,onnx_model_000,measure,9.17157030379001,9.172514006029814,9.177418909966946,4.9049039371311665,True,
1757,onnx_model_000,measure,9.17514252061717,9.176015242002904,9.177451351191849,1.4361091889441013,True,
1758,onnx_model_000,measure,9.181900167712717,9.18269498925656,9.193734623026103,11.039633769541979,True,
1759,onnx_model_000,measure,9.184541034824711,9.185170584823936,9.193918712902814,8.748128078877926,True,
1760,onnx_model_000,measure,9.190902383233922,9.19160989485681,9.19409795384854,2.488058991730213,True,
1761,onnx_model_000,measure,9.197968684767789,9.198329247068614,9.20937240915373,11.04316208511591,True,
1762,onnx_model_000,measure,9.20019857843675,9.200823158025742,9.209486125037074,8.662967011332512,True,
1763,onnx_model_000,measure,9.22357747457924,9.224809221923351,9.226916236802936,2.1070148795843124,True,
1764,onnx_model_000,measure,9.22407549055544,9.225001959130168,9.226982293184847,1.9803340546786785,True,
1765,onnx_model_000,measure,9.225089229820483,9.225470128003508,9.227019564248621,1.5494362451136112,True,
1766,onnx_model_000,measure,9.225268439554123,9.225636675022542,9.227122549898922,1.4858748763799667,True,
1767,onnx_model_000,measure,9.228191073640133,9.229379639960825,9.240790519863367,11.410879902541637,True,
1768,onnx_model_000,measure,9.23361846004473,9.233893850818276,9.240840524900705,6.946674082428217,True,
1769,onnx_model_000,measure,9.239627541521696,9.240344842895865,9.249905527103692,9.560684207826853,True,
1770,onnx_model_000,measure,9.242651692885222,9.243070263881236,9.250066712964326,6.9964490830898285,True,
1771,onnx_model_000,measure,9.247198184160126,9.247519792057574,9.250126276165247,2.606484107673168,True,
1772,onnx_model_000,measure,9.248528443535731,9.248913400806487,9.250156814232469,1.2434134259819984,True,
1773,onnx_model_000,measure,9.252487277663898,9.25339744379744,9.258492229040712,5.094785243272781,True,
1774,onnx_model_000,measure,9.252801689551859,9.253563289996237,9.259046362247318,5.483072251081467,True,
1775,onnx_model_000,measure,9.25358140301849,9.254013965837657,9.259091016836464,5.077050998806953,True,
1776,onnx_model_000,measure,9.256912451138648,9.25745862396434,9.25912446109578,1.6658371314406395,True,
1777,onnx_model_000,measure,9.258011253777779,9.258622055873275,9.269728708080947,11.106652207672596,True,
1778,onnx_model_000,measure,9.262635174952537,9.263361134100705,9.269860608968884,6.499474868178368,True,
1779,onnx_model_000,measure,9.269906461257689,9.27107863407582,9.28209440317005,11.015769094228745,True,
1780,onnx_model_000,measure,9.272255167678388,9.272515435237437,9.282258254941553,9.74281970411539,True,
1781,onnx_model_000,measure,9.277378521029592,9.277947922237217,9.28229490481317,4.346982575953007,True,
1782,onnx_model_000,measure,9.280680330326874,9.28137795208022,9.292328857816756,10.950905736535788,True,
1783,onnx_model_000,measure,9.282541658087599,9.283512869849801,9.29298254987225,9.469680022448301,True,
1784,onnx_model_000,measure,9.283686327589853,9.283892911858857,9.293025130871683,9.132219012826681,True,
1785,onnx_model_000,measure,9.292205374119046,9.292487449012697,9.303657031152397,11.169582139700651,True,
1786,onnx_model_000,measure,9.298670284215419,9.299253950826824,9.303880285006016,4.6263341791927814,True,
1787,onnx_model_000,measure,9.299084055409812,9.29941740212962,9.303925652056932,4.508249927312136,True,
1788,onnx_model_000,measure,9.310410404434467,9.311148431152105,9.322379930876195,11.2314997240901,True,
1789,onnx_model_000,measure,9.319500064709942,9.321601811796427,9.331995808985084,10.393997188657522,True,
1790,onnx_model_000,measure,9.319541932634275,9.321785250212997,9.332890660036355,11.105409823358059,True,
1791,onnx_model_000,measure,9.322117278009197,9.322477967012674,9.332937027793378,10.459060780704021,True,
1792,onnx_model_000,measure,9.330177689787513,9.33092031488195,9.332971624098718,2.0513092167675495,True,
1793,onnx_model_000,measure,9.331167814800125,9.332114695105702,9.343625444918871,11.510749813169241,True,
1794,onnx_model_000,measure,9.331576352720571,9.33227630192414,9.343501709867269,11.22540794312954,True,
1795,onnx_model_000,measure,9.354483664529868,9.354877723846585,9.365970881190151,11.093157343566418,True,
1796,onnx_model_000,measure,9.362440123692393,9.363325622864068,9.366080679930747,2.755057066679001,True,
1797,onnx_model_000,measure,9.366948790410722,9.367299998179078,9.377466102130711,10.166103951632977,True,
1798,onnx_model_000,measure,9.369651159905063,9.370741519145668,9.377634231001139,6.892711855471134,True,
1799,onnx_model_000,measure,9.375358100087443,9.376210355199873,9.3776935338974,1.483178697526455,True,
1800,onnx_model_000,measure,9.375783013859348,9.376377652864903,9.377725034020841,1.34738115593791,True,
1801,onnx_model_000,measure,9.379366594845767,9.379975421819836,9.391088787000626,11.113365180790424,True,
1802,onnx_model_000,measure,9.383986091178507,9.384424148127437,9.391238591168076,6.814443040639162,True,
1803,onnx_model_000,measure,9.387333389425992,9.387901267968118,9.39127556188032,3.37429391220212,True,
1804,onnx_model_000,measure,9.39106854559777,9.391433200798929,9.401485780254006,10.052579455077648,True,
1805,onnx_model_000,measure,9.391362328606462,9.39181147981435,9.401645633857697,9.834154043346643,True,
1806,onnx_model_000,measure,9.399267252226908,9.400256001856178,9.401705477852374,1.44947599619627,True,
1807,onnx_model_000,measure,9.399406925221326,9.400420966092497,9.401736006140709,1.315040048211813,True,
1808,onnx_model_000,measure,9.402563492780503,9.402981733903289,9.413997212890536,11.015478987246752,True,
1809,onnx_model_000,measure,9.407466293187042,9.408429197967052,9.414167126175016,5.737928207963705,True,
1810,onnx_model_000,measure,9.41147362561539,9.411876110825688,9.414204717148095,2.3286063224077225,True,
1811,onnx_model_000,measure,9.415208654662111,9.415422210935503,9.426487063989043,11.064853053539991,True,
1812,onnx_model_000,measure,9.418736120222059,9.419885635841638,9.42664358112961,6.757945287972689,True,
1813,onnx_model_000,measure,9.41960557892635,9.42004491807893,9.42668049223721,6.635574158281088,True,
1814,onnx_model_000,measure,9.426790899633021,9.427922312170267,9.438983207102865,11.060894932597876,True,
1815,onnx_model_000,measure,9.441870502697705,9.442208978813142,9.453256539069116,11.047560255974531,True,
1816,onnx_model_000,measure,9.450015067844761,9.45065437303856,9.453387727960944,2.7333549223840237,True,
1817,onnx_model_000,measure,9.461956125474446,9.463609198108315,9.474564793054014,10.955594945698977,True,
1818,onnx_model_000,measure,9.468230588023266,9.469112289138138,9.474726610817015,5.614321678876877,True,
1819,onnx_model_000,measure,9.46973770163037,9.470539841800928,9.474783188197762,4.243346396833658,True,
1820,onnx_model_000,measure,9.477233918256823,9.478023727890104,9.489115632139146,11.091904249042273,True,
1821,onnx_model_000,measure,9.488047019106768,9.488568602129817,9.49986362317577,11.295021045953035,True,
1822,onnx_model_000,measure,9.496110098428025,9.496428343001753,9.499917535111308,3.489192109555006,True,
1823,onnx_model_000,measure,9.497695410160375,9.498977527953684,9.509982237126678,11.004709172993898,True,
1824,onnx_model_000,measure,9.513412362175199,9.514287510886788,9.525338577106595,11.051066219806671,True,
1825,onnx_model_000,measure,9.526991837814482,9.527646142989397,9.534399290103465,6.75314711406827,True,
1826,onnx_model_000,measure,9.528288482533064,9.52929003816098,9.534592777956277,5.302739795297384,True,
1827,onnx_model_000,measure,9.531459036839438,9.531848210841417,9.534634097013623,2.7858861722052097,True,
1828,onnx_model_000,measure,9.533017059481633,9.53339076321572,9.534665545914322,1.2747826986014843,True,
1829,onnx_model_000,measure,9.545970699426292,9.546984162181616,9.557459615170956,10.475452989339828,True,
1830,onnx_model_000,measure,9.54993998807666,9.550530473235995,9.557661589235067,7.13111599907279,True,
1831,onnx_model_000,measure,9.550540203609394,9.550950280856341,9.557702767197043,6.75248634070158,True,
1832,onnx_model_000,measure,9.555792046738587,9.556399890221655,9.557733424939215,1.3335347175598145,True,
1833,onnx_model_000,measure,9.558371247496735,9.558985766023397,9.57005016785115,11.06440182775259,True,
1834,onnx_model_000,measure,9.57028774836548,9.571274475194514,9.58231149520725,11.03702001273632,True,
1835,onnx_model_000,measure,9.5714063787454,9.571650680154562,9.58245782321319,10.807143058627844,True,
1836,onnx_model_000,measure,9.572669870827003,9.573115794919431,9.58249584492296,9.380050003528595,True,
1837,onnx_model_000,measure,9.59278799368374,9.593817465938628,9.60123327281326,7.415806874632835,True,
1838,onnx_model_000,measure,9.593369871464311,9.594007688108832,9.601409296970814,7.401608861982822,True,
1839,onnx_model_000,measure,9.594786568708315,9.595608450006694,9.601467126980424,5.858676973730326,True,
1840,onnx_model_000,measure,9.599647682072352,9.600106901023537,9.601497734896839,1.3908338733017445,True,
1841,onnx_model_000,measure,9.601545949051838,9.602770594879985,9.613977738190442,11.207143310457468,True,
1842,onnx_model_000,measure,9.60216072508829,9.602951609063894,9.614121221005917,11.169611942023039,True,
1843,onnx_model_000,measure,9.605749921038166,9.606481368187815,9.61417985195294,7.698483765125275,True,
1844,onnx_model_000,measure,9.618173007625627,9.618405044078827,9.6294771800749,11.072135996073484,True,
1845,onnx_model_000,measure,9.61945818160073,9.619859377853572,9.629598029889166,9.738652035593987,True,
1846,onnx_model_000,measure,9.631978498632362,9.63283034414053,9.64389876415953,11.068420019000769,True,
1847,onnx_model_000,measure,9.63622092625162,9.637276886031032,9.644007099792361,6.730213761329651,True,
1848,onnx_model_000,measure,9.646492650078002,9.647231900133193,9.654674617107958,7.442716974765062,True,
1849,onnx_model_000,measure,9.64990348800586,9.650673280935735,9.65488202124834,4.208740312606096,True,
1850,onnx_model_000,measure,9.652763528894553,9.653120363131166,9.654923600144684,1.8032370135188103,True,
1851,onnx_model_000,measure,9.653092328524659,9.653478063177317,9.66129272710532,7.814663928002119,True,
1852,onnx_model_000,measure,9.653318179687039,9.653637947048992,9.654954658821225,1.3167117722332478,True,
1853,onnx_model_000,measure,9.656837152262678,9.657194526866078,9.661478380206972,4.283853340893984,True,
1854,onnx_model_000,measure,9.658410381921186,9.658640906214714,9.661517675034702,2.876768819987774,True,
1855,onnx_model_000,measure,9.659394091021118,9.660095240920782,9.661548813804984,1.4535728842020035,True,
1856,onnx_model_000,measure,9.659825487258939,9.660259092226624,9.671325759030879,11.066666804254055,True,
1857,onnx_model_000,measure,9.664498356502415,9.664798961952329,9.671868369914591,7.0694079622626305,True,
1858,onnx_model_000,measure,9.665416400157245,9.666242155246437,9.671913344878703,5.67118963226676,True,
1859,onnx_model_000,measure,9.670820569611204,9.671443492174149,9.682404578197747,10.96108602359891,True,
1860,onnx_model_000,measure,9.675870230952823,9.676135901827365,9.6825479301624,6.412028335034847,True,
1861,onnx_model_000,measure,9.677423902224268,9.67857739282772,9.682608445174992,4.0310523472726345,True,
1862,onnx_model_000,measure,9.694365881400167,9.694841688964516,9.705873278900981,11.031589936465025,True,
1863,onnx_model_000,measure,9.700935191522195,9.701282151974738,9.706018033903092,4.735881928354502,True,
1864,onnx_model_000,measure,9.704053316455417,9.704734122846276,9.706055525224656,1.3214023783802986,True,
1865,onnx_model_000,measure,9.708316236452784,9.709275646135211,9.72032775497064,11.052108835428953,True,
1866,onnx_model_000,measure,9.715434750461537,9.715765411965549,9.72052359720692,4.758185241371393,True,
1867,onnx_model_000,measure,9.71778813343434,9.718202474992722,9.720566789153963,2.3643141612410545,True,
1868,onnx_model_000,measure,9.720845935594737,9.721801816951483,9.732845649123192,11.043832171708345,True,
1869,onnx_model_000,measure,9.726906466942644,9.727251425851136,9.732959816232324,5.7083903811872005,True,
1870,onnx_model_000,measure,9.73619442706293,9.737193745095283,9.745453726034611,8.25998093932867,True,
1871,onnx_model_000,measure,9.7362199467271,9.73736348701641,9.745670929085463,8.30744206905365,True,
1872,onnx_model_000,measure,9.737116436153974,9.737811719067395,9.745717005804181,7.9052867367863655,True,
1873,onnx_model_000,measure,9.743459724762753,9.744252703152597,9.755420901812613,11.16819866001606,True,
1874,onnx_model_000,measure,9.743546825615507,9.744415742810816,9.745769194792956,1.353451982140541,True,
1875,onnx_model_000,measure,9.758706273842044,9.75964342802763,9.770767042879015,11.123614851385355,True,
1876,onnx_model_000,measure,9.764797541421386,9.765112825203687,9.771299113985151,6.1862887814641,True,
1877,onnx_model_000,measure,9.766128530812093,9.766545278020203,9.7713439790532,4.798701032996178,True,
1878,onnx_model_000,measure,9.769837215184134,9.77089153882116,9.779328707139939,8.437168318778276,True,
1879,onnx_model_000,measure,9.770959421272453,9.77147264406085,9.779488380998373,8.015736937522888,True,
1880,onnx_model_000,measure,9.7729483438823,9.773907943163067,9.779550439212471,5.642496049404144,True,
1881,onnx_model_000,measure,9.777185647148114,9.778340438846499,9.779581537935883,1.241099089384079,True,
1882,onnx_model_000,measure,9.78260804129772,9.783881891984493,9.790102867875248,6.220975890755653,True,
1883,onnx_model_000,measure,9.78734571572452,9.788327453192323,9.79026588704437,1.9384338520467281,True,
1884,onnx_model_000,measure,9.788300090477678,9.788715880829841,9.790326563175768,1.6106823459267616,True,
1885,onnx_model_000,measure,9.788818166916318,9.789112475235015,9.790358122903854,1.245647668838501,True,
1886,onnx_model_000,measure,9.791214082608397,9.791586778126657,9.799084811005741,7.498032879084349,True,
1887,onnx_model_000,measure,9.792427941024457,9.793039880227298,9.799268069211394,6.22818898409605,True,
1888,onnx_model_000,measure,9.79554797288442,9.796472204849124,9.799306862987578,2.8346581384539604,True,
1889,onnx_model_000,measure,9.79694667241425,9.797910878900439,9.809144191909581,11.233313009142876,True,
1890,onnx_model_000,measure,9.7971169572321,9.798073377925903,9.799337461125106,1.2640831992030144,True,
1891,onnx_model_000,measure,9.79963114422964,9.800567438825965,9.809267417062074,8.699978236109018,True,
1892,onnx_model_000,measure,9.811381112952263,9.81248692702502,9.82362031005323,11.13338302820921,True,
1893,onnx_model_000,measure,9.81749798092814,9.81792748812586,9.823665475007147,5.737986881285906,True,
1894,onnx_model_000,measure,9.823288049767756,9.823773751035333,9.834695823024958,10.922071989625692,True,
1895,onnx_model_000,measure,9.830780847425311,9.831216318998486,9.834838664159179,3.62234516069293,True,
1896,onnx_model_000,measure,9.831408303296067,9.831573938019574,9.837019078899175,5.44514087960124,True,
1897,onnx_model_000,measure,9.841788969796523,9.842239893041551,9.84628110518679,4.041212145239115,True,
1898,onnx_model_000,measure,9.843434074033024,9.843678256962448,9.846468560863286,2.7903039008378983,True,
1899,onnx_model_000,measure,9.844127918587246,9.845130537170917,9.846507153939456,1.3766167685389519,True,
1900,onnx_model_000,measure,9.844441180895162,9.845291574019939,9.846538043115288,1.2464690953493118,True,
1901,onnx_model_000,measure,9.859473596218852,9.860814120154828,9.871848515234888,11.034395080059767,True,
1902,onnx_model_000,measure,9.866797234844695,9.867287925910205,9.87209090590477,4.8029799945652485,True,
1903,onnx_model_000,measure,9.888835850991343,9.889313653111458,9.900406478904188,11.092825792729855,True,
1904,onnx_model_000,measure,9.889221748118487,9.889668187126517,9.900946645997465,11.278458870947361,True,
1905,onnx_model_000,measure,9.892807897893107,9.893139506224543,9.901000779122114,7.861272897571325,True,
1906,onnx_model_000,measure,9.899739832183462,9.900505397003144,9.91164379986003,11.138402856886387,True,
1907,onnx_model_000,measure,9.905364196916219,9.906227154191583,9.911769879981875,5.542725790292025,True,
1908,onnx_model_000,measure,9.913364867310895,9.913992565125227,9.925158679950982,11.166114825755358,True,
1909,onnx_model_000,measure,9.922658385238925,9.924502292182297,9.93556269723922,11.060405056923628,True,
1910,onnx_model_000,measure,9.928513374593503,9.929399420972914,9.935679217800498,6.279796827584505,True,
1911,onnx_model_000,measure,9.945870426730089,9.947018221952021,9.958279647864401,11.261425912380219,True,
1912,onnx_model_000,measure,9.94879583838788,9.949585050810128,9.958333069924265,8.748019114136696,True,
1913,onnx_model_000,measure,9.963619382173055,9.964634899049997,9.975878451019526,11.243551969528198,True,
1914,onnx_model_000,measure,9.965324247064178,9.966207338031381,9.975930901244283,9.723563212901354,True,
1915,onnx_model_000,measure,9.969836912452257,9.970766053069383,9.975966749247164,5.200696177780628,True,
1916,onnx_model_000,measure,9.97539013854945,9.976068483199924,9.986552029848099,10.483546648174524,True,
1917,onnx_model_000,measure,9.977487681016823,9.978620454203337,9.986745418049395,8.124963846057653,True,
1918,onnx_model_000,measure,9.978790693128772,9.979044740088284,9.986805592197925,7.760852109640837,True,
1919,onnx_model_000,measure,9.984834057667381,9.98560165381059,9.986838534940034,1.2368811294436455,True,
1920,onnx_model_000,measure,9.991396690917073,9.992084727156907,10.003185538109392,11.100810952484608,True,
1921,onnx_model_000,measure,10.00280068781916,10.003284817095846,10.01437001908198,11.085201986134052,True,
1922,onnx_model_000,measure,10.016366127168132,10.017187674995512,10.028263829182833,11.076154187321663,True,
1923,onnx_model_000,measure,10.018356565653722,10.018730436917394,10.028436657041311,9.706220123916864,True,
1924,onnx_model_000,measure,10.0216580811995,10.02225796179846,10.028477495070547,6.219533272087574,True,
1925,onnx_model_000,measure,10.030877208963279,10.031708707101643,10.04101530695334,9.306599851697683,True,
1926,onnx_model_000,measure,10.032625391766675,10.033189812209457,10.041611880995333,8.422068785876036,True,
1927,onnx_model_000,measure,10.032926830638251,10.033358051907271,10.041566494852304,8.208442945033312,True,
1928,onnx_model_000,measure,10.039556952424707,10.039894036017358,10.041645475197583,1.751439180225134,True,
1929,onnx_model_000,measure,10.040429333113579,10.04113683803007,10.052304436918348,11.167598888278008,True,
1930,onnx_model_000,measure,10.044227506672152,10.044896564912051,10.052742529194802,7.845964282751083,True,
1931,onnx_model_000,measure,10.051120486139023,10.052398785948753,10.06325235683471,10.853570885956287,True,
1932,onnx_model_000,measure,10.066791717560362,10.067493558861315,10.073736456222832,6.2428973615169525,True,
1933,onnx_model_000,measure,10.070601758281846,10.070939268916845,10.07392164785415,2.98237893730402,True,
1934,onnx_model_000,measure,10.071755984056459,10.072371281217784,10.073979067150503,1.6077859327197075,True,
1935,onnx_model_000,measure,10.07257655020879,10.072730152867734,10.074009545147419,1.2793922796845436,True,
1936,onnx_model_000,measure,10.076025256135239,10.076244343072176,10.087252829223871,11.008486151695251,True,
1937,onnx_model_000,measure,10.078444726454634,10.07868700614199,10.087413413915783,8.726407773792744,True,
1938,onnx_model_000,measure,10.085795004979985,10.08614258794114,10.087450534105301,1.3079461641609669,True,
1939,onnx_model_000,measure,10.087870108154359,10.088665443938226,10.09488528687507,6.219842936843634,True,
1940,onnx_model_000,measure,10.091357140383039,10.09213288500905,10.095086860004812,2.9539749957621098,True,
1941,onnx_model_000,measure,10.0919532604713,10.092294522095472,10.095048808027059,2.7542859315872192,True,
1942,onnx_model_000,measure,10.09277654094262,10.0938111548312,10.095151201821864,1.3400469906628132,True,
1943,onnx_model_000,measure,10.100278210466682,10.101429666858166,10.107488985173404,6.0593183152377605,True,
1944,onnx_model_000,measure,10.100387443446792,10.101594150066376,10.10766808502376,6.073934957385063,True,
1945,onnx_model_000,measure,10.103849624088628,10.104135038796812,10.107704184018075,3.5691452212631702,True,
1946,onnx_model_000,measure,10.105773950813514,10.106575549114496,10.107734682038426,1.1591329239308834,True,
1947,onnx_model_000,measure,10.10932019239413,10.109986713156104,10.119445602875203,9.458889719098806,True,
1948,onnx_model_000,measure,10.114762554263452,10.115435190033168,10.11961504491046,4.17985487729311,True,
1949,onnx_model_000,measure,10.115196352619897,10.11559603502974,10.11967335594818,4.077320918440819,True,
1950,onnx_model_000,measure,10.117496672730168,10.118129691109061,10.119704545009881,1.5748539008200169,True,
1951,onnx_model_000,measure,10.11760725027862,10.118322688154876,10.127709841821343,9.387153666466475,True,
1952,onnx_model_000,measure,10.121534033023888,10.121935816016048,10.127892840187997,5.957024171948433,True,
1953,onnx_model_000,measure,10.12376166559271,10.124376244843006,10.127952182199806,3.575937356799841,True,
1954,onnx_model_000,measure,10.126376836200986,10.126841119956225,10.127983422018588,1.1423020623624325,True,
1955,onnx_model_000,measure,10.13632657210156,10.138217085041106,10.149244687054306,11.027602013200521,True,
1956,onnx_model_000,measure,10.144293704768454,10.144663248211145,10.149408228229731,4.74498001858592,True,
1957,onnx_model_000,measure,10.145782920701345,10.146112733054906,10.149446520023048,3.333786968141794,True,
1958,onnx_model_000,measure,10.150013835684264,10.150663073174655,10.1617401689291,11.0770957544446,True,
1959,onnx_model_000,measure,10.150943058391068,10.15211615525186,10.161901625804603,9.785470552742481,True,
1960,onnx_model_000,measure,10.155403700766144,10.156553038861603,10.161939507815987,5.386468954384327,True,
1961,onnx_model_000,measure,10.163232255685068,10.164161111228168,10.17529203882441,11.130927596241236,True,
1962,onnx_model_000,measure,10.169088815965653,10.169598116073757,10.17581307888031,6.2149628065526485,True,
1963,onnx_model_000,measure,10.171009824390307,10.172044726088643,10.17585959797725,3.8148718886077404,True,
1964,onnx_model_000,measure,10.17492989755104,10.175409812945873,10.1864392478019,11.029434856027365,True,
1965,onnx_model_000,measure,10.179225545837808,10.180087023880333,10.186577981803566,6.490957923233509,True,
1966,onnx_model_000,measure,10.18849919021028,10.188813521992415,10.199830253142864,11.016731150448322,True,
1967,onnx_model_000,measure,10.196044298022523,10.197255508974195,10.19999330304563,2.7377940714359283,True,
1968,onnx_model_000,measure,10.198086279656627,10.1986881820485,10.200032147113234,1.3439650647342205,True,
1969,onnx_model_000,measure,10.205010853576246,10.205254454165697,10.212462795898318,7.208341732621193,True,
1970,onnx_model_000,measure,10.205333298026567,10.205618175212294,10.212677523959428,7.059348747134209,True,
1971,onnx_model_000,measure,10.206555222671383,10.207061688881367,10.212715646252036,5.65395737066865,True,
1972,onnx_model_000,measure,10.21061038384202,10.211499344091862,10.212747185956687,1.247841864824295,True,
1973,onnx_model_000,measure,10.214092984038059,10.215015197172761,10.225968478247523,10.953281074762344,True,
1974,onnx_model_000,measure,10.226643511620983,10.227194108068943,10.238167686853558,10.973578784614801,True,
1975,onnx_model_000,measure,10.234107140637606,10.234640242066234,10.2383121419698,3.671899903565645,True,
1976,onnx_model_000,measure,10.236044440939748,10.23711091792211,10.238349222112447,1.238304190337658,True,
1977,onnx_model_000,measure,10.241783654738704,10.242571648210287,10.253701293841004,11.129645630717278,True,
1978,onnx_model_000,measure,10.246359290472592,10.247079437132925,10.25386257097125,6.783133838325739,True,
1979,onnx_model_000,measure,10.252038924316617,10.252511872909963,10.253899351228029,1.387478318065405,True,
1980,onnx_model_000,measure,10.267859715095083,10.268139979802072,10.277717745862901,9.577766060829163,True,
1981,onnx_model_000,measure,10.268476881012301,10.269617759156972,10.277918507810682,8.300748653709888,True,
1982,onnx_model_000,measure,10.272617852419321,10.273071554023772,10.2779581528157,4.886598791927099,True,
1983,onnx_model_000,measure,10.275605708259189,10.276509289164096,10.287728736177087,11.219447012990713,True,
1984,onnx_model_000,measure,10.275744255665927,10.276673591230065,10.27798896189779,1.3153706677258015,True,
1985,onnx_model_000,measure,10.281403921810856,10.282224231865257,10.287882719188929,5.658487323671579,True,
1986,onnx_model_000,measure,10.291894351592266,10.293102581053972,10.304258686956018,11.156105902045965,True,
1987,onnx_model_000,measure,10.295618787904305,10.296540486160666,10.30479200091213,8.251514751464128,True,
1988,onnx_model_000,measure,10.2996803697076,10.300001584924757,10.304840242024511,4.838657099753618,True,
1989,onnx_model_000,measure,10.303581563476275,10.304371731821448,10.309916622005403,5.544890183955431,True,
1990,onnx_model_000,measure,10.3055447714937,10.306075018830597,10.310234856791794,4.159837961196899,True,
1991,onnx_model_000,measure,10.30729256252711,10.307538722176105,10.310273751150817,2.735028974711895,True,
1992,onnx_model_000,measure,10.308344105770926,10.308984098955989,10.31030566105619,1.3215621002018452,True,
1993,onnx_model_000,measure,10.30904812074962,10.309338382910937,10.320417473092675,11.079090181738138,True,
1994,onnx_model_000,measure,10.312440306413208,10.31354226404801,10.32054863218218,7.006368134170771,True,
1995,onnx_model_000,measure,10.321672982798189,10.322791335172951,10.332817553076893,10.02621790394187,True,
1996,onnx_model_000,measure,10.322504797366076,10.322961368132383,10.332975964993238,10.014596860855818,True,
1997,onnx_model_000,measure,10.326426410923412,10.327479445841163,10.333033293951303,5.55384811013937,True,
1998,onnx_model_000,measure,10.330893823233314,10.331918224226683,10.333062509074807,1.1442848481237888,True,
1999,onnx_model_000,measure,10.333742614593715,10.334293298888952,10.34254670701921,8.253408130258322,True,
2000,onnx_model_000,measure,10.336370762689613,10.336736362893134,10.342729624826461,5.993261933326721,True,
2001,onnx_model_000,measure,10.339942626732617,10.340198923833668,10.342767347116023,2.56842328235507,True,
2002,onnx_model_000,measure,10.340838629310117,10.341628732159734,10.342797223012894,1.1684908531606197,True,
2003,onnx_model_000,measure,10.343562282030883,10.344037199858576,10.355013775173575,10.976575314998627,True,
2004,onnx_model_000,measure,10.347893190306248,10.34850441198796,10.355127811897546,6.623399909585714,True,
2005,onnx_model_000,measure,10.355188654382006,10.356347139924765,10.363528531044722,7.18139111995697,True,
2006,onnx_model_000,measure,10.358470379014921,10.358803709037602,10.363656884990633,4.853175953030586,True,
2007,onnx_model_000,measure,10.359233531158488,10.360256451182067,10.363844612147659,3.588160965591669,True,
2008,onnx_model_000,measure,10.362088541972382,10.362693353090435,10.363891621120274,1.1982680298388004,True,
2009,onnx_model_000,measure,10.367900124024757,10.36911652283743,10.38016000483185,11.04348199442029,True,
2010,onnx_model_000,measure,10.37101583279878,10.371570286806673,10.380319627933204,8.749341126531363,True,
2011,onnx_model_000,measure,10.371420434524113,10.371735331136733,10.380359244067222,8.623912930488586,True,
2012,onnx_model_000,measure,10.378961736228367,10.379269511904567,10.39029236510396,11.022853199392557,True,
2013,onnx_model_000,measure,10.379289334728506,10.37962890509516,10.390778018161654,11.149113066494465,True,
2014,onnx_model_000,measure,10.38969597531069,10.390408265870064,10.394820321816951,4.4120559468865395,True,
2015,onnx_model_000,measure,10.391104278725456,10.39201241498813,10.395353214815259,3.3407998271286488,True,
2016,onnx_model_000,measure,10.391549740783745,10.3921774988994,10.395399393048137,3.221894148737192,True,
2017,onnx_model_000,measure,10.392891652368851,10.393694172147661,10.395432084798813,1.7379126511514187,True,
2018,onnx_model_000,measure,10.3944816878699,10.39494277490303,10.405981176998466,11.03840209543705,True,
2019,onnx_model_000,measure,10.401627994721142,10.402671847026795,10.406144687905908,3.472840879112482,True,
2020,onnx_model_000,measure,10.403540542707418,10.404126090928912,10.40618245024234,2.056359313428402,True,
2021,onnx_model_000,measure,10.41777800227074,10.41840670723468,10.429298010189086,10.891302954405546,True,
2022,onnx_model_000,measure,10.42579128311627,10.426877639256418,10.429516504984349,2.638865727931261,True,
2023,onnx_model_000,measure,10.42739092861047,10.4283138490282,10.429557722993195,1.2438739649951458,True,
2024,onnx_model_000,measure,10.42930860947088,10.429649357218295,10.436723945196718,7.074587978422642,True,
2025,onnx_model_000,measure,10.429717386490644,10.430035782046616,10.436864451970905,6.828669924288988,True,
2026,onnx_model_000,measure,10.431220026694485,10.431462403852493,10.43700037105009,5.537967197597027,True,
2027,onnx_model_000,measure,10.435651029633712,10.435900750104338,10.437038233038038,1.1374829337000847,True,
2028,onnx_model_000,measure,10.446462193488909,10.447263889946043,10.458341217134148,11.077327188104391,True,
2029,onnx_model_000,measure,10.457999002213308,10.458436949178576,10.469662556890398,11.225607711821795,True,
2030,onnx_model_000,measure,10.458030543409219,10.458598315250129,10.469817971810699,11.219656560570002,True,
2031,onnx_model_000,measure,10.467989886603496,10.469143430236727,10.48011558689177,10.972156655043364,True,
2032,onnx_model_000,measure,10.481382417974155,10.482358439825475,10.493252708110958,10.894268285483122,True,
2033,onnx_model_000,measure,10.495066838233216,10.495475974865258,10.503713854122907,8.237879257649183,True,
2034,onnx_model_000,measure,10.496712764741421,10.497921111993492,10.503888024948537,5.9669129550457,True,
2035,onnx_model_000,measure,10.49785188091986,10.49827591702342,10.503948890138417,5.6729731149971485,True,
2036,onnx_model_000,measure,10.502386298594068,10.502705146092921,10.50403564516455,1.3304990716278553,True,
2037,onnx_model_000,measure,10.511344954800109,10.512264737859368,10.52332566305995,11.06092520058155,True,
2038,onnx_model_000,measure,10.523622465251284,10.524547875858843,10.530985923949629,6.438048090785742,True,
2039,onnx_model_000,measure,10.525136344987288,10.526031516958028,10.531169744208455,5.138227250427008,True,
2040,onnx_model_000,measure,10.525686789454685,10.526217961218208,10.531207005027682,4.989043809473515,True,
2041,onnx_model_000,measure,10.52922979555688,10.52974141901359,10.531238274183124,1.4968551695346832,True,
2042,onnx_model_000,measure,10.531538798700105,10.532468191813678,10.543532303068787,11.06411125510931,True,
2043,onnx_model_000,measure,10.533365465369986,10.533909320831299,10.543674133252352,9.764812421053648,True,
2044,onnx_model_000,measure,10.536383452588247,10.537356954999268,10.543736080173403,6.37912517413497,True,
2045,onnx_model_000,measure,10.541990377259433,10.54282505903393,10.553746208082885,10.921149048954248,True,
2046,onnx_model_000,measure,10.552045325314735,10.553860015235841,10.564827932976186,10.967917740345001,True,
2047,onnx_model_000,measure,10.564983962624126,10.566050687804818,10.57705104816705,11.000360362231731,True,
2048,onnx_model_000,measure,10.58457241137453,10.585348880849779,10.596432698890567,11.083818040788174,True,
2049,onnx_model_000,measure,10.593851996359367,10.595910015981644,10.607069408055395,11.159392073750496,True,
2050,onnx_model_000,measure,10.598214579414904,10.59873540699482,10.607123380992562,8.387973997741938,True,
2051,onnx_model_000,measure,10.60434993862121,10.6052948650904,10.607224552892148,1.9296878017485142,True,
2052,onnx_model_000,measure,10.608424257448998,10.609528672881424,10.615577260963619,6.048588082194328,True,
2053,onnx_model_000,measure,10.608828068560877,10.609719485975802,10.615780136082321,6.060650106519461,True,
2054,onnx_model_000,measure,10.60997708700295,10.610211310908198,10.615823549218476,5.612238310277462,True,
2055,onnx_model_000,measure,10.614072172221686,10.614656129851937,10.61585690220818,1.2007723562419415,True,
2056,onnx_model_000,measure,10.621410241055804,10.622099768836051,10.630265650805086,8.165881969034672,True,
2057,onnx_model_000,measure,10.62245798886343,10.623560225125402,10.630453377962112,6.893152836710215,True,
2058,onnx_model_000,measure,10.623131713624389,10.62372767413035,10.630492493044585,6.764818914234638,True,
2059,onnx_model_000,measure,10.62903421586704,10.629263867158443,10.630524092819542,1.260225661098957,True,
2060,onnx_model_000,measure,10.634566925938023,10.635774713009596,10.644011329859495,8.236616849899292,True,
2061,onnx_model_000,measure,10.638370269165726,10.639228467829525,10.644195630215108,4.967162385582924,True,
2062,onnx_model_000,measure,10.64211953821668,10.642664009239525,10.644233763217926,1.5697539784014225,True,
2063,onnx_model_000,measure,10.642737211503148,10.643031206913292,10.644263608846813,1.2324019335210323,True,
2064,onnx_model_000,measure,10.64568178302533,10.6464957119897,10.657519917935133,11.024205945432186,True,
2065,onnx_model_000,measure,10.650849566085547,10.651943537872285,10.657629706896842,5.686169024556875,True,
2066,onnx_model_000,measure,10.664125938502021,10.664862093981355,10.67584056314081,10.978469159454107,True,
2067,onnx_model_000,measure,10.66610117968853,10.667302743997425,10.675966673064977,8.66392906755209,True,
2068,onnx_model_000,measure,10.692848481867134,10.693261818028986,10.7044324320741,11.170614045113325,True,
2069,onnx_model_000,measure,10.699143385401255,10.69982371199876,10.704496773891151,4.673061892390251,True,
2070,onnx_model_000,measure,10.714292646900136,10.71482259221375,10.725924225058407,11.101632844656706,True,
2071,onnx_model_000,measure,10.716866175186176,10.71737484401092,10.725977846886963,8.60300287604332,True,
2072,onnx_model_000,measure,10.72720066099202,10.728290502913296,10.731545560061932,3.2550571486353874,True,
2073,onnx_model_000,measure,10.727665566765614,10.728481385856867,10.731599252205342,3.117866348475218,True,
2074,onnx_model_000,measure,10.72811236236616,10.72863557888195,10.731718949973583,3.083371091634035,True,
2075,onnx_model_000,measure,10.729384562388352,10.730327955912799,10.731774034909904,1.44607899710536,True,
2076,onnx_model_000,measure,10.736984149297292,10.738032260909677,10.749070824123919,11.038563214242458,True,
2077,onnx_model_000,measure,10.741512013751265,10.742512506898493,10.749244092963636,6.731586065143347,True,
2078,onnx_model_000,measure,10.745225385060468,10.745976130943745,10.749283167067915,3.3070361241698265,True,
2079,onnx_model_000,measure,10.750628382112518,10.751509379129857,10.762479191180319,10.969812050461769,True,
2080,onnx_model_000,measure,10.765926967792467,10.766805213876069,10.777828286867589,11.023072991520166,True,
2081,onnx_model_000,measure,10.778928556253772,10.780140853021294,10.791427767835557,11.286914814263582,True,
2082,onnx_model_000,measure,10.779667422118717,10.780330915004015,10.791481509804726,11.150594800710678,True,
2083,onnx_model_000,measure,10.782257784534666,10.782987834885716,10.791581450030208,8.593615144491196,True,
2084,onnx_model_000,measure,10.813921751265354,10.814896018244326,10.826426917221397,11.530898977071047,True,
2085,onnx_model_000,measure,10.823118733622136,10.823443966917694,10.826480939052999,3.0369721353054047,True,
2086,onnx_model_000,measure,10.828133935202509,10.828794065862894,10.838006919249892,9.212853386998177,True,
2087,onnx_model_000,measure,10.835756706727446,10.836350169964135,10.838060069829226,1.709899865090847,True,
2088,onnx_model_000,measure,10.83590469538574,10.836538286879659,10.838179816957563,1.6415300779044628,True,
2089,onnx_model_000,measure,10.835918172086144,10.836692180018872,10.838214814197272,1.5226341784000397,True,
2090,onnx_model_000,measure,10.841170359901326,10.841520267073065,10.852668658830225,11.148391757160425,True,
2091,onnx_model_000,measure,10.85429655992578,10.85497375112027,10.861713372170925,6.739621050655842,True,
2092,onnx_model_000,measure,10.855749681415356,10.856516502797604,10.861785890068859,5.269387271255255,True,
2093,onnx_model_000,measure,10.85790544355704,10.859091989230365,10.861911739222705,2.819749992340803,True,
2094,onnx_model_000,measure,10.860306160510307,10.860637627076358,10.861948719248176,1.311092171818018,True,
2095,onnx_model_000,measure,10.867057520249253,10.868205511942506,10.877516331151128,9.310819208621979,True,
2096,onnx_model_000,measure,10.86886243703886,10.869680645875633,10.877704137936234,8.023492060601711,True,
2097,onnx_model_000,measure,10.872270969065342,10.873142886906862,10.877742800861597,4.599913954734802,True,
2098,onnx_model_000,measure,10.875502564549882,10.876586994156241,10.87779583223164,1.2088380753993988,True,
2099,onnx_model_000,measure,10.883518635977639,10.88403610419482,10.895049008075148,11.01290388032794,True,
2100,onnx_model_000,measure,10.88594061964637,10.886485650204122,10.89515990903601,8.674258831888437,True,
2101,onnx_model_000,measure,10.903543819284003,10.905455539003015,10.916559446137398,11.103907134383917,True,
2102,onnx_model_000,measure,10.909164271040416,10.910002252086997,10.916612828150392,6.6105760633945465,True,
2103,onnx_model_000,measure,10.912184052665086,10.912547490093857,10.916715633124113,4.168143030256033,True,
2104,onnx_model_000,measure,10.92133860688233,10.922018233221024,10.93329594982788,11.277716606855392,True,
2105,onnx_model_000,measure,10.921796782230459,10.922207923140377,10.933350183069706,11.142259929329157,True,
2106,onnx_model_000,measure,10.935073568755689,10.935652159154415,10.94687110511586,11.21894596144557,True,
2107,onnx_model_000,measure,10.94105335576216,10.942211316898465,10.94693524716422,4.723930265754461,True,
2108,onnx_model_000,measure,10.94725536899231,10.948241950944066,10.953526215162128,5.284264218062162,True,
2109,onnx_model_000,measure,10.947749518163244,10.948431060183793,10.953698672819883,5.267612636089325,True,
2110,onnx_model_000,measure,10.95026542584277,10.950994994025677,10.953769959043711,2.7749650180339813,True,
2111,onnx_model_000,measure,10.95171937636351,10.952444379217923,10.953804835211486,1.3604559935629368,True,
2112,onnx_model_000,measure,10.951727992668035,10.952612457796931,10.963558786083013,10.946328286081553,True,
2113,onnx_model_000,measure,10.969542959354934,10.969808504916728,10.973810452967882,4.0019480511546135,True,
2114,onnx_model_000,measure,10.96962347901754,10.969981072936207,10.973976278211921,3.9952052757143974,True,
2115,onnx_model_000,measure,10.970389625515846,10.971492446027696,10.974034468177706,2.5420221500098705,True,
2116,onnx_model_000,measure,10.972005758370473,10.97290712594986,10.974065016955137,1.1578910052776337,True,
2117,onnx_model_000,measure,10.981866077317067,10.98230152297765,10.99326490284875,10.963379871100187,True,
2118,onnx_model_000,measure,10.98674423764982,10.987785117235035,10.993412483949214,5.627366714179516,True,
2119,onnx_model_000,measure,10.991199067616522,10.992224995978177,10.993451888207346,1.2268922291696072,True,
2120,onnx_model_000,measure,10.995767289498447,10.996674643829465,11.000731205102056,4.0565612725913525,True,
2121,onnx_model_000,measure,10.99705897874144,10.998129450250417,11.001281882170588,3.152431920170784,True,
2122,onnx_model_000,measure,10.998947384801124,10.999563845805824,11.001328650861979,1.764805056154728,True,
2123,onnx_model_000,measure,10.999406207882307,10.999724422115833,11.001362424809486,1.6380026936531067,True,
2124,onnx_model_000,measure,11.000596181904672,11.000913231167942,11.007266748230904,6.353517062962055,True,
2125,onnx_model_000,measure,11.0012793071692,11.001531727146357,11.00738369114697,5.851964000612497,True,
2126,onnx_model_000,measure,11.004156969863903,11.004989719949663,11.007512796204537,2.523076254874468,True,
2127,onnx_model_000,measure,11.005295516439306,11.006417463999242,11.007548965048045,1.1315010488033295,True,
2128,onnx_model_000,measure,11.008030168377903,11.00877926312387,11.01797608518973,9.196822065860033,True,
2129,onnx_model_000,measure,11.009179744188943,11.01023250585422,11.018166507128626,7.93400127440691,True,
2130,onnx_model_000,measure,11.016344679339882,11.016668309923261,11.018207175191492,1.5388652682304382,True,
2131,onnx_model_000,measure,11.016906705729305,11.01708089420572,11.018240287899971,1.1593936942517757,True,
2132,onnx_model_000,measure,11.029107944464023,11.029474783223122,11.037639994174242,8.165210951119661,True,
2133,onnx_model_000,measure,11.029533268351,11.029858151916414,11.037850674241781,7.9925223253667355,True,
2134,onnx_model_000,measure,11.035322478069777,11.036303152795881,11.037892444059253,1.589291263371706,True,
2135,onnx_model_000,measure,11.036065509028884,11.036464710254222,11.037925486918539,1.4607766643166542,True,
2136,onnx_model_000,measure,11.036195025537497,11.036608794238418,11.047786882147193,11.178087908774614,True,
2137,onnx_model_000,measure,11.039260994058758,11.040163771249354,11.047935685142875,7.771913893520832,True,
2138,onnx_model_000,measure,11.04066825061612,11.0416140682064,11.047974337823689,6.360269617289305,True,
2139,onnx_model_000,measure,11.051198829813384,11.052202073857188,11.063067568000406,10.865494143217802,True,
2140,onnx_model_000,measure,11.062944003658256,11.063203265890479,11.074149403255433,10.946137364953756,True,
2141,onnx_model_000,measure,11.064192370836606,11.064647091086954,11.074349995236844,9.702904149889946,True,
2142,onnx_model_000,measure,11.07166707598037,11.072119013871998,11.074450035113841,2.3310212418437004,True,
2143,onnx_model_000,measure,11.079849251330828,11.080671661067754,11.091699133161455,11.027472093701363,True,
2144,onnx_model_000,measure,11.0835741075934,11.084140243940055,11.092268565203995,8.128321263939142,True,
2145,onnx_model_000,measure,11.084865994511862,11.085575242061168,11.092313461005688,6.738218944519758,True,
2146,onnx_model_000,measure,11.090895820537689,11.09183664387092,11.1028748662211,11.038222350180149,True,
2147,onnx_model_000,measure,11.093802659894594,11.094540484249592,11.103024781215936,8.484296966344118,True,
2148,onnx_model_000,measure,11.097841150309826,11.098998648114502,11.10308607807383,4.0874299593269825,True,
2149,onnx_model_000,measure,11.102952866858962,11.10322561301291,11.114149818196893,10.92420518398285,True,
2150,onnx_model_000,measure,11.116009835051965,11.116395136807114,11.122441228944808,6.046092137694359,True,
2151,onnx_model_000,measure,11.117323378022384,11.117850894108415,11.122605280950665,4.754386842250824,True,
2152,onnx_model_000,measure,11.12059497883984,11.121298517100513,11.122662068810314,1.3635517098009586,True,
2153,onnx_model_000,measure,11.1211622859548,11.121462077833712,11.122696835082024,1.2347572483122349,True,
2154,onnx_model_000,measure,11.124455405394704,11.124934288207442,11.136014910880476,11.080622673034668,True,
2155,onnx_model_000,measure,11.127201420242628,11.128381341230124,11.136159827001393,7.778485771268606,True,
2156,onnx_model_000,measure,11.132260494054458,11.132831490132958,11.13619811879471,3.366628661751747,True,
2157,onnx_model_000,measure,11.142634886938588,11.143420848995447,11.154351696837693,10.930847842246294,True,
2158,onnx_model_000,measure,11.16131494280753,11.161573895253241,11.169985074084252,8.411178831011057,True,
2159,onnx_model_000,measure,11.162724700020949,11.163028410170227,11.170185935217887,7.157525047659874,True,
2160,onnx_model_000,measure,11.165536421783553,11.166489790193737,11.170226602815092,3.7368126213550568,True,
2161,onnx_model_000,measure,11.167992934712569,11.168954805005342,11.170259626116604,1.3048211112618446,True,
2162,onnx_model_000,measure,11.16894812418602,11.169448263011873,11.18028361024335,10.835347231477499,True,
2163,onnx_model_000,measure,11.173553786534496,11.174501308239996,11.180448302999139,5.946994759142399,True,
2164,onnx_model_000,measure,11.173661497625384,11.17466708412394,11.180507354903966,5.840270780026913,True,
2165,onnx_model_000,measure,11.178180454350292,11.1792108011432,11.1805405379273,1.3297367841005325,True,
2166,onnx_model_000,measure,11.182992070303046,11.183797508943826,11.19191562011838,8.118111174553633,True,
2167,onnx_model_000,measure,11.18769781197368,11.188251114916056,11.192099128849804,3.848013933748007,True,
2168,onnx_model_000,measure,11.190132170341883,11.190697024110705,11.192136450204998,1.4394260942935944,True,
2169,onnx_model_000,measure,11.190421829857394,11.19088239595294,11.192167488858104,1.285092905163765,True,
2170,onnx_model_000,measure,11.194348672322636,11.195409843232483,11.202800371218473,7.3905279859900475,True,
2171,onnx_model_000,measure,11.198571710197202,11.198872715234756,11.203005160205066,4.132444970309734,True,
2172,onnx_model_000,measure,11.199781332205909,11.200308274012059,11.203044325113297,2.7360511012375355,True,
2173,onnx_model_000,measure,11.201296034429241,11.201744232792407,11.203077047131956,1.3328143395483494,True,
2174,onnx_model_000,measure,11.212136077242084,11.213311822153628,11.224434234201908,11.122412048280239,True,
2175,onnx_model_000,measure,11.221081078707488,11.22177733387798,11.224945936817676,3.16860293969512,True,
2176,onnx_model_000,measure,11.221692501055847,11.222139842808247,11.224991051945835,2.8512091375887394,True,
2177,onnx_model_000,measure,11.223674599735823,11.224531047977507,11.23548357700929,10.952529031783342,True,
2178,onnx_model_000,measure,11.241492984862369,11.24271246790886,11.253911886829883,11.199418921023607,True,
2179,onnx_model_000,measure,11.246761923406233,11.247175582218915,11.254396868869662,7.221286650747061,True,
2180,onnx_model_000,measure,11.250317957493118,11.250610150862485,11.254440993070602,3.8308422081172466,True,
2181,onnx_model_000,measure,11.25328102464957,11.25400897115469,11.265023999847472,11.015028692781925,True,
2182,onnx_model_000,measure,11.258621395161303,11.259666725993156,11.265179304871708,5.512578878551722,True,
2183,onnx_model_000,measure,11.260737174094329,11.261120779905468,11.265217476990074,4.096697084605694,True,
2184,onnx_model_000,measure,11.272055656868522,11.272452290169895,11.28352263290435,11.070342734456062,True,
2185,onnx_model_000,measure,11.27301655412031,11.273920129984617,11.283654092811048,9.733962826430798,True,
2186,onnx_model_000,measure,11.29875750648369,11.299949607811868,11.31106436625123,11.114758439362049,True,
2187,onnx_model_000,measure,11.302284099749738,11.303499867208302,11.311117977835238,7.618110626935959,True,
2188,onnx_model_000,measure,11.322818340533988,11.323414732236415,11.331138513982296,7.723781745880842,True,
2189,onnx_model_000,measure,11.324773584533785,11.325969398021698,11.331192777026445,5.2233790047466755,True,
2190,onnx_model_000,measure,11.325039717881038,11.326161514036357,11.331315941177309,5.154427140951157,True,
2191,onnx_model_000,measure,11.328649044187957,11.329856287222356,11.331352841109037,1.4965538866817951,True,
2192,onnx_model_000,measure,11.336303499145606,11.336640362162143,11.34784233616665,11.201974004507065,True,
2193,onnx_model_000,measure,11.34023055550486,11.341197465080768,11.347898703068495,6.701237987726927,True,
2194,onnx_model_000,measure,11.349129755269008,11.35020033782348,11.361234092153609,11.033754330128431,True,
2195,onnx_model_000,measure,11.35164484170099,11.352742890827358,11.36140629881993,8.663407992571592,True,
2196,onnx_model_000,measure,11.355819205732379,11.356242604088038,11.36144645512104,5.203851033002138,True,
2197,onnx_model_000,measure,11.371529103259686,11.372742277104408,11.384037747979164,11.295470874756575,True,
2198,onnx_model_000,measure,11.376854988889226,11.377308547031134,11.384089706931263,6.781159900128841,True,
2199,onnx_model_000,measure,11.383729404392072,11.3841947671026,11.395269548054785,11.074780952185392,True,
2200,onnx_model_000,measure,11.387546024893043,11.388730679173023,11.395390988793224,6.660309620201588,True,
2201,onnx_model_000,measure,11.398274738051995,11.398624735884368,11.409635887015611,11.011151131242514,True,
2202,onnx_model_000,measure,11.413033980900922,11.413952352013439,11.4203632180579,6.410866044461727,True,
2203,onnx_model_000,measure,11.417357945345282,11.41849780222401,11.420434784144163,1.9369819201529026,True,
2204,onnx_model_000,measure,11.418560765997618,11.418917750008404,11.42055402090773,1.6362708993256092,True,
2205,onnx_model_000,measure,11.419113502956153,11.41928723314777,11.420590590219945,1.303357072174549,True,
2206,onnx_model_000,measure,11.432723043941762,11.434914006851614,11.446087376214564,11.173369362950325,True,
2207,onnx_model_000,measure,11.441674380653861,11.442460853140801,11.446142049971968,3.6811968311667442,True,
2208,onnx_model_000,measure,11.45292242244803,11.453439150936902,11.459944285918027,6.505134981125593,True,
2209,onnx_model_000,measure,11.454862417225408,11.455987474881113,11.460128466133028,4.140991251915693,True,
2210,onnx_model_000,measure,11.455265603082397,11.456178687978536,11.460171699058264,3.9930110797286034,True,
2211,onnx_model_000,measure,11.457732141162333,11.458801634144038,11.46020330907777,1.401674933731556,True,
2212,onnx_model_000,measure,11.458762994837006,11.459206975065172,11.470299891196191,11.092916131019592,True,
2213,onnx_model_000,measure,11.468556096558599,11.470404569990933,11.476627498865128,6.222928874194622,True,
2214,onnx_model_000,measure,11.4708662694087,11.47189840907231,11.47681631706655,4.917907994240522,True,
2215,onnx_model_000,measure,11.472089312495935,11.472277760040015,11.476871643215418,4.59388317540288,True,
2216,onnx_model_000,measure,11.474552381700141,11.475716887973249,11.476902160793543,1.1852728202939034,True,
2217,onnx_model_000,measure,11.478895221527639,11.47914275014773,11.49019789416343,11.055144015699625,True,
2218,onnx_model_000,measure,11.480340160004479,11.48059154395014,11.490325626917183,9.734082967042923,True,
2219,onnx_model_000,measure,11.492325308274394,11.49254998518154,11.503471956122667,10.921970941126347,True,
2220,onnx_model_000,measure,11.495440924834435,11.496029709931463,11.503603986930102,7.574276998639107,True,
2221,onnx_model_000,measure,11.50809999842004,11.508847654797137,11.511862946208566,3.0152914114296436,True,
2222,onnx_model_000,measure,11.508148681227052,11.509013961069286,11.512074478901923,3.060517832636833,True,
2223,onnx_model_000,measure,11.508857706042656,11.509446423035115,11.512113172095269,2.666749060153961,True,
2224,onnx_model_000,measure,11.510395296421095,11.510913722217083,11.512143420055509,1.2296978384256363,True,
2225,onnx_model_000,measure,11.512537601448393,11.513375622220337,11.524382484145463,11.006861925125122,True,
2226,onnx_model_000,measure,11.528060101295205,11.528607876040041,11.539677929133177,11.070053093135357,True,
2227,onnx_model_000,measure,11.538704575092773,11.53906779922545,11.550143281929195,11.075482703745365,True,
2228,onnx_model_000,measure,11.539923713783764,11.540910732001066,11.550299810245633,9.389078244566917,True,
2229,onnx_model_000,measure,11.543322942825212,11.544354457873851,11.550336549058557,5.982091184705496,True,
2230,onnx_model_000,measure,11.559355027813897,11.560571393929422,11.571538010146469,10.966616217046976,True,
2231,onnx_model_000,measure,11.56056736572967,11.560981763992459,11.571700919885188,10.71915589272976,True,
2232,onnx_model_000,measure,11.56302389211402,11.56340951891616,11.571738351136446,8.328832220286131,True,
2233,onnx_model_000,measure,11.572298849166636,11.572970252949744,11.583991442807019,11.021189857274294,True,
2234,onnx_model_000,measure,11.576033638403148,11.57641284679994,11.58413676917553,7.723922375589609,True,
2235,onnx_model_000,measure,11.579434759211917,11.579863266088068,11.58417583303526,4.312566947191954,True,
2236,onnx_model_000,measure,11.58302257015588,11.583307974040508,11.594267847016454,10.959872975945473,True,
2237,onnx_model_000,measure,11.588055166327514,11.588397949002683,11.594377244822681,5.9792958199977875,True,
2238,onnx_model_000,measure,11.594799874397255,11.595597164239734,11.603801819961518,8.204655721783638,True,
2239,onnx_model_000,measure,11.600699693827242,11.601093381177634,11.603997181169689,2.903799992054701,True,
2240,onnx_model_000,measure,11.601089766491556,11.601477982010692,11.604045712854713,2.5677308440208435,True,
2241,onnx_model_000,measure,11.602426558946583,11.602911407127976,11.6040840158239,1.172608695924282,True,
2242,onnx_model_000,measure,11.603974311859368,11.604302039835602,11.615243148058653,10.941108223050833,True,
2243,onnx_model_000,measure,11.60520153025504,11.60576547216624,11.615375448949635,9.609976783394814,True,
2244,onnx_model_000,measure,11.617519233565835,11.618598616216332,11.626772554125637,8.173937909305096,True,
2245,onnx_model_000,measure,11.620079880614457,11.62109408993274,11.626962976064533,5.868886131793261,True,
2246,onnx_model_000,measure,11.624362624200783,11.625573223922402,11.627003111876547,1.42988795414567,True,
2247,onnx_model_000,measure,11.624639843991906,11.625739038921893,11.627034972887486,1.2959339655935764,True,
2248,onnx_model_000,measure,11.628757915913654,11.629267525859177,11.640345092862844,11.077567003667355,True,
2249,onnx_model_000,measure,11.632540649633208,11.63371669407934,11.640493004117161,6.776310037821531,True,
2250,onnx_model_000,measure,11.632804521215588,11.63390252692625,11.640532448887825,6.6299219615757465,True,
2251,onnx_model_000,measure,11.643003299738146,11.643769964110106,11.65493225120008,11.162287089973688,True,
2252,onnx_model_000,measure,11.650592772471846,11.651219354011118,11.655061427038163,3.8420730270445347,True,
2253,onnx_model_000,measure,11.657896526683487,11.658320342190564,11.669473982881755,11.153640691190958,True,
2254,onnx_model_000,measure,11.658027639332039,11.658498661126941,11.669619540218264,11.120879091322422,True,
2255,onnx_model_000,measure,11.659584182384584,11.66002008318901,11.669657883234322,9.637800045311451,True,
2256,onnx_model_000,measure,11.671110085150351,11.671897951047868,11.682911295909435,11.01334486156702,True,
2257,onnx_model_000,measure,11.695865170106837,11.697214424144477,11.707038547843695,9.824123699218035,True,
2258,onnx_model_000,measure,11.698598936584064,11.699821229092777,11.707091298885643,7.270069792866707,True,
2259,onnx_model_000,measure,11.699143264674428,11.700019816868007,11.70721458317712,7.19476630911231,True,
2260,onnx_model_000,measure,11.705072332177103,11.705631422810256,11.707251242827624,1.6198200173676014,True,
2261,onnx_model_000,measure,11.70515346866974,11.705844467971474,11.714382709003985,8.538241032510996,True,
2262,onnx_model_000,measure,11.708729557856898,11.709508162923157,11.714560627005994,5.052464082837105,True,
2263,onnx_model_000,measure,11.710093648714306,11.711025897879153,11.714621242135763,3.5953442566096783,True,
2264,onnx_model_000,measure,11.712777765794867,11.713488909881562,11.714654123876244,1.1652139946818352,True,
2265,onnx_model_000,measure,11.720890540197551,11.721906180027872,11.733075921889395,11.169741861522198,True,
2266,onnx_model_000,measure,11.728468418857085,11.72936708200723,11.73312049685046,3.7534148432314396,True,
2267,onnx_model_000,measure,11.73272661753429,11.733212891966105,11.739702357910573,6.489465944468975,True,
2268,onnx_model_000,measure,11.7347803837674,11.735658271238208,11.739903951063752,4.245679825544357,True,
2269,onnx_model_000,measure,11.736548701485198,11.73711036099121,11.739943265914917,2.832904923707247,True,
2270,onnx_model_000,measure,11.737381402665967,11.738559706136584,11.739972812123597,1.4131059870123863,True,
2271,onnx_model_000,measure,11.737989137664613,11.738724770024419,11.74973956681788,11.014796793460846,True,
2272,onnx_model_000,measure,11.746106206422983,11.747215799987316,11.74991104286164,2.6952428743243217,True,
2273,onnx_model_000,measure,11.746171117326648,11.747380502987653,11.749948364216834,2.5678612291812897,True,
2274,onnx_model_000,measure,11.750640707145012,11.751168422866613,11.762179974932224,11.011552065610886,True,
2275,onnx_model_000,measure,11.754768663866153,11.755617539864033,11.762724549975246,7.10701011121273,True,
2276,onnx_model_000,measure,11.762074730012348,11.762367371004075,11.773385044187307,11.017673183232546,True,
2277,onnx_model_000,measure,11.764203310857242,11.764975599013269,11.77386800199747,8.892402984201908,True,
2278,onnx_model_000,measure,11.772305003412484,11.773503087926656,11.784478321205825,10.975233279168606,True,
2279,onnx_model_000,measure,11.782924975380633,11.784095061942935,11.794969893991947,10.874832049012184,True,
2280,onnx_model_000,measure,11.798509692071447,11.799192239996046,11.806352420244366,7.160180248320103,True,
2281,onnx_model_000,measure,11.801955743378707,11.802664870861918,11.806535709183663,3.8708383217453957,True,
2282,onnx_model_000,measure,11.80429878570921,11.805174450855702,11.806572999805212,1.398548949509859,True,
2283,onnx_model_000,measure,11.804753185116926,11.805339104030281,11.806603286881,1.2641828507184982,True,
2284,onnx_model_000,measure,11.807041045542627,11.80784866400063,11.819181877188385,11.333213187754154,True,
2285,onnx_model_000,measure,11.811134432535697,11.812304554041475,11.819225119892508,6.920565851032734,True,
2286,onnx_model_000,measure,11.818292374526118,11.818744705989957,11.825269930064678,6.525224074721336,True,
2287,onnx_model_000,measure,11.82134316654798,11.822462343145162,11.825445243157446,2.9829000122845173,True,
2288,onnx_model_000,measure,11.823356565532604,11.823914182838053,11.825483005028218,1.5688221901655197,True,
2289,onnx_model_000,measure,11.823904950729357,11.824382322840393,11.82551337312907,1.1310502886772156,True,
2290,onnx_model_000,measure,11.826229508367664,11.82674508402124,11.837765141855925,11.020057834684849,True,
2291,onnx_model_000,measure,11.832280717191166,11.833211916964501,11.837900659069419,4.688742104917765,True,
2292,onnx_model_000,measure,11.838177701839511,11.839118955191225,11.8500019419007,10.882986709475517,True,
2293,onnx_model_000,measure,11.860992979018064,11.86122783087194,11.872484367806464,11.256536934524775,True,
2294,onnx_model_000,measure,11.87033757051289,11.871743829920888,11.883125816006213,11.38198608532548,True,
2295,onnx_model_000,measure,11.870543902755061,11.871953850146383,11.883279758971184,11.325908824801445,True,
2296,onnx_model_000,measure,11.871690350678971,11.872588015161455,11.883318441919982,10.730426758527756,True,
2297,onnx_model_000,measure,11.889542667458846,11.890614931937307,11.901781296823174,11.166364885866642,True,
2298,onnx_model_000,measure,11.893720989026178,11.89418076025322,11.901937944814563,7.757184561342001,True,
2299,onnx_model_000,measure,11.898252261102712,11.898725418839604,11.901979023125023,3.2536042854189873,True,
2300,onnx_model_000,measure,11.90874829048071,11.909214156214148,11.918738371226937,9.524215012788773,True,
2301,onnx_model_000,measure,11.910961871463542,11.91168080503121,11.918799826875329,7.1190218441188335,True,
2302,onnx_model_000,measure,11.9166454731273,11.917175138834864,11.918834153097123,1.6590142622590065,True,
2303,onnx_model_000,measure,11.917375225540074,11.917541605886072,11.91886339802295,1.3217921368777752,True,
2304,onnx_model_000,measure,11.917686070851868,11.917923871893436,11.929093304090202,11.169432196766138,True,
2305,onnx_model_000,measure,11.92266888112941,11.923127843998373,11.929153819102794,6.025975104421377,True,
2306,onnx_model_000,measure,11.928263703735015,11.928579638246447,11.934230599086732,5.650960840284824,True,
2307,onnx_model_000,measure,11.929707892037687,11.930374800227582,11.934391465038061,4.016664810478687,True,
2308,onnx_model_000,measure,11.930917431669483,11.931832470931113,11.934448744170368,2.6162732392549515,True,
2309,onnx_model_000,measure,11.93303736562493,11.93327040411532,11.934478940907866,1.2085367925465107,True,
2310,onnx_model_000,measure,11.93571637314261,11.936722556129098,11.94476217823103,8.039622101932764,True,
2311,onnx_model_000,measure,11.93606764275675,11.936904522124678,11.944931540172547,8.027018047869205,True,
2312,onnx_model_000,measure,11.943159086848775,11.94342938484624,11.944989079143852,1.5596942976117134,True,
2313,onnx_model_000,measure,11.943424568593798,11.943799739237875,11.945019086822867,1.2193475849926472,True,
2314,onnx_model_000,measure,11.946338484854294,11.947254075203091,11.956366346217692,9.112271014600992,True,
2315,onnx_model_000,measure,11.947218434637842,11.947618396952748,11.956524357199669,8.905960246920586,True,
2316,onnx_model_000,measure,11.95399596633629,11.955072566866875,11.956583639141172,1.5110722742974758,True,
2317,onnx_model_000,measure,11.955228068171097,11.955432000104338,11.956615008879453,1.1830087751150131,True,
2318,onnx_model_000,measure,11.957237529670333,11.957858862821013,11.964765562210232,6.906699389219284,True,
2319,onnx_model_000,measure,11.962453373151769,11.963347586803138,11.96493095625192,1.5833694487810135,True,
2320,onnx_model_000,measure,11.962750198306747,11.96351087698713,11.964988516177982,1.477639190852642,True,
2321,onnx_model_000,measure,11.962843158527368,11.963656603824347,11.965019614901394,1.3630110770463943,True,
2322,onnx_model_000,measure,11.969501604171409,11.970253854058683,11.981295082252473,11.04122819378972,True,
2323,onnx_model_000,measure,11.9715675466627,11.972697178833187,11.981407586019486,8.710407186299562,True,
2324,onnx_model_000,measure,11.98539413234532,11.98562913108617,11.995935320854187,10.306189768016338,True,
2325,onnx_model_000,measure,11.987523624504945,11.988084378186613,11.996094263158739,8.009884972125292,True,
2326,onnx_model_000,measure,11.988867448507984,11.989515116903931,11.996151682920754,6.636566016823053,True,
2327,onnx_model_000,measure,11.99395938620474,11.99498876184225,11.996182952076197,1.1941902339458466,True,
2328,onnx_model_000,measure,12.013222821478275,12.01543074985966,12.023942199070007,8.511449210345745,True,
2329,onnx_model_000,measure,12.013396697741376,12.015602735802531,12.024035857059062,8.433121256530285,True,
2330,onnx_model_000,measure,12.021569227963662,12.022134792990983,12.02407006220892,1.9352692179381847,True,
2331,onnx_model_000,measure,12.023050610446067,12.023410026915371,12.024087856058031,0.6778291426599026,True,
2332,onnx_model_000,measure,12.025868677937435,12.026246157940477,12.037311191204935,11.06503326445818,True,
2333,onnx_model_000,measure,12.028482729084722,12.029528377112001,12.037357368972152,7.828991860151291,True,
2334,onnx_model_000,measure,12.036582877598756,12.036886733956635,12.047820418141782,10.933684185147285,True,
2335,onnx_model_000,measure,12.044143068341,12.044586109928787,12.047947279177606,3.361169248819351,True,
2336,onnx_model_000,measure,12.049589277443458,12.050174572970718,12.06119711510837,11.022542137652636,True,
2337,onnx_model_000,measure,12.051207734855245,12.051636612042785,12.061348713003099,9.712100960314274,True,
2338,onnx_model_000,measure,12.058649543592336,12.059097634162754,12.061386875808239,2.2892416454851627,True,
2339,onnx_model_000,measure,12.061761961915826,12.062610922846943,12.073609379120171,10.99845627322793,True,
2340,onnx_model_000,measure,12.064894123726454,12.066082762088627,12.073787868022919,7.705105934292078,True,
2341,onnx_model_000,measure,12.066442986021913,12.06755468994379,12.073860806878656,6.306116934865713,True,
2342,onnx_model_000,measure,12.071867488792654,12.073034706991166,12.084205170162022,11.170463170856237,True,
2343,onnx_model_000,measure,12.074436290253193,12.075083000119776,12.084350015036762,9.267014916986227,True,
2344,onnx_model_000,measure,12.076299024326854,12.076528817880899,12.084409127943218,7.88031006231904,True,
2345,onnx_model_000,measure,12.088901963975731,12.089635943062603,12.100715593900532,11.079650837928057,True,
2346,onnx_model_000,measure,12.093503565665987,12.094109857920557,12.100884995888919,6.775137968361378,True,
2347,onnx_model_000,measure,12.093964078863776,12.09427592298016,12.100924361031502,6.648438051342964,True,
2348,onnx_model_000,measure,12.103755841239026,12.104182124137878,12.115420536138117,11.238412000238895,True,
2349,onnx_model_000,measure,12.10547342596324,12.106784751173109,12.115473556797951,8.688805624842644,True,
2350,onnx_model_000,measure,12.1144517803733,12.115583346225321,12.121938386000693,6.3550397753715515,True,
2351,onnx_model_000,measure,12.114720054679989,12.115814736112952,12.121993600856513,6.178864743560553,True,
2352,onnx_model_000,measure,12.119724252056583,12.120441791135818,12.122136692982167,1.6949018463492393,True,
2353,onnx_model_000,measure,12.120499633397237,12.12087676813826,12.122175096068531,1.2983279302716255,True,
2354,onnx_model_000,measure,12.123995877077588,12.124494625255466,12.135686409194022,11.19178393855691,True,
2355,onnx_model_000,measure,12.132123000981771,12.133081728126854,12.135747826192528,2.666098065674305,True,
2356,onnx_model_000,measure,12.13259564044423,12.133277460001409,12.135883754119277,2.6062941178679466,True,
2357,onnx_model_000,measure,12.137114254805017,12.138190949801356,12.149379107169807,11.188157368451357,True,
2358,onnx_model_000,measure,12.138281864254452,12.138608472887427,12.149434422142804,10.825949255377054,True,
2359,onnx_model_000,measure,12.144551049514542,12.145158112980425,12.149575038813055,4.416925832629204,True,
2360,onnx_model_000,measure,12.149132296971565,12.149685388896614,12.159254327882081,9.568938985466957,True,
2361,onnx_model_000,measure,12.155062636466512,12.156272680964321,12.159847585950047,3.5749049857258797,True,
2362,onnx_model_000,measure,12.155638963775402,12.156468812841922,12.159899635240436,3.4308223985135555,True,
2363,onnx_model_000,measure,12.157163064003937,12.158101968001574,12.159937195945531,1.835227943956852,True,
2364,onnx_model_000,measure,12.1586033787845,12.159375878982246,12.169592970982194,10.217091999948025,True,
2365,onnx_model_000,measure,12.1628071179524,12.16327074309811,12.169648355804384,6.377612706273794,True,
2366,onnx_model_000,measure,12.165458660131122,12.165856758132577,12.170168605167419,4.311847034841776,True,
2367,onnx_model_000,measure,12.167986859081791,12.168416013009846,12.17021840903908,1.8023960292339325,True,
2368,onnx_model_000,measure,12.169036392280129,12.169774184934795,12.181027926970273,11.253742035478354,True,
2369,onnx_model_000,measure,12.174697426676692,12.175541577860713,12.181085566058755,5.543988198041916,True,
2370,onnx_model_000,measure,12.176906897673547,12.178118747193366,12.181206706911325,3.0879597179591656,True,
2371,onnx_model_000,measure,12.187692243451663,12.188517422880977,12.199613675940782,11.09625305980444,True,
2372,onnx_model_000,measure,12.19618322614584,12.197098394855857,12.199669462163001,2.5710673071444035,True,
2373,onnx_model_000,measure,12.205013189498954,12.205876810941845,12.21691993298009,11.043122038245201,True,
2374,onnx_model_000,measure,12.20919521283998,12.210306340828538,12.216973634902388,6.6672940738499165,True,
2375,onnx_model_000,measure,12.217660840915498,12.21826333599165,12.229184516239911,10.921180248260498,True,
2376,onnx_model_000,measure,12.220764511842233,12.221811830997467,12.229229881893843,7.418050896376371,True,
2377,onnx_model_000,measure,12.227113781945567,12.22825651196763,12.229380689095706,1.1241771280765533,True,
2378,onnx_model_000,measure,12.252120262922856,12.25267160218209,12.263084394857287,10.412792675197124,True,
2379,onnx_model_000,measure,12.257808907576985,12.258229686878622,12.263286529108882,5.056842230260372,True,
2380,onnx_model_000,measure,12.26079066271516,12.261777020059526,12.263347445055842,1.570424996316433,True,
2381,onnx_model_000,measure,12.261693252081777,12.262172542046756,12.263379386160523,1.206844113767147,True,
2382,onnx_model_000,measure,12.262275074169342,12.26252439012751,12.27366616902873,11.141778901219368,True,
2383,onnx_model_000,measure,12.272308244721364,12.273795024026185,12.282194900792092,8.39987676590681,True,
2384,onnx_model_000,measure,12.273341591983675,12.273976189084351,12.282246720045805,8.270530961453915,True,
2385,onnx_model_000,measure,12.277210985377017,12.277563588228077,12.282363322097808,4.799733869731426,True,
2386,onnx_model_000,measure,12.280183838611613,12.281117192935199,12.282399139832705,1.2819468975067139,True,
2387,onnx_model_000,measure,12.284510039230636,12.285707999020815,12.297044998966157,11.33699994534254,True,
2388,onnx_model_000,measure,12.285368890194393,12.285912859253585,12.297194813843817,11.28195459023118,True,
2389,onnx_model_000,measure,12.288313133333213,12.28944943100214,12.297232867218554,7.783436216413975,True,
2390,onnx_model_000,measure,12.297235875856193,12.297382220160216,12.308401525951922,11.019305791705847,True,
2391,onnx_model_000,measure,12.302268613052266,12.30285331979394,12.30855252314359,5.699203349649906,True,
2392,onnx_model_000,measure,12.303765626798036,12.304279541131109,12.308590795844793,4.3112547136843204,True,
2393,onnx_model_000,measure,12.32274459948351,12.32391167897731,12.33502721786499,11.115538887679577,True,
2394,onnx_model_000,measure,12.327322870050894,12.328364262823015,12.335079979151487,6.715716328471899,True,
2395,onnx_model_000,measure,12.332133983301524,12.33291809912771,12.335179808083922,2.2617089562118053,True,
2396,onnx_model_000,measure,12.338836394061692,12.339473640080541,12.350594830233604,11.121190153062344,True,
2397,onnx_model_000,measure,12.3437247724762,12.345003933180124,12.350646939128637,5.643005948513746,True,
2398,onnx_model_000,measure,12.372699804831925,12.373941649217159,12.382790689822286,8.849040605127811,True,
2399,onnx_model_000,measure,12.377638417218222,12.378475027158856,12.382847317960113,4.372290801256895,True,
2400,onnx_model_000,measure,12.378471334142743,12.378890056163073,12.382885219994932,3.995163831859827,True,
2401,onnx_model_000,measure,12.380359306035189,12.381446334999055,12.382914956193417,1.4686211943626404,True,
2402,onnx_model_000,measure,12.383613202591818,12.384244543965906,12.395533102098852,11.288558132946491,True,
2403,onnx_model_000,measure,12.3924660203854,12.392852054908872,12.395587043836713,2.7349889278411865,True,
2404,onnx_model_000,measure,12.400410279841648,12.400908248964697,12.411912636831403,11.004387866705656,True,
2405,onnx_model_000,measure,12.410103431267785,12.411452622152865,12.422911424189806,11.458802036941051,True,
2406,onnx_model_000,measure,12.420767276002318,12.422220590990037,12.429987084120512,7.766493130475283,True,
2407,onnx_model_000,measure,12.421604432960255,12.42243083100766,12.430039924103767,7.6090930961072445,True,
2408,onnx_model_000,measure,12.42649440266886,12.427215205039829,12.430525267031044,3.310061991214752,True,
2409,onnx_model_000,measure,12.427577923206423,12.428788496181369,12.430574940983206,1.7864448018372059,True,
2410,onnx_model_000,measure,12.429472771019865,12.43014434305951,12.438597020227462,8.45267716795206,True,
2411,onnx_model_000,measure,12.430019563100183,12.430744464043528,12.438798051793128,8.05358774960041,True,
2412,onnx_model_000,measure,12.433886559034107,12.43421517079696,12.438838148955256,4.622978158295155,True,
2413,onnx_model_000,measure,12.436950153692434,12.437678523827344,12.438868125900626,1.1896020732820034,True,
2414,onnx_model_000,measure,12.439641886324125,12.44010552810505,12.451125054154545,11.019526049494743,True,
2415,onnx_model_000,measure,12.44115721817137,12.441551956813782,12.451268807984889,9.7168511711061,True,
2416,onnx_model_000,measure,12.449655185923723,12.450009303167462,12.451325594913214,1.3162917457520962,True,
2417,onnx_model_000,measure,12.457447273908606,12.458558244165033,12.469547642860562,10.989398695528507,True,
2418,onnx_model_000,measure,12.459215197853327,12.460023729130626,12.470044407062232,10.02067793160677,True,
2419,onnx_model_000,measure,12.4688843746235,12.469646892044693,12.480622434988618,10.975542943924665,True,
2420,onnx_model_000,measure,12.473014184758634,12.473273024894297,12.480767691042274,7.494666147977114,True,
2421,onnx_model_000,measure,12.481127234385186,12.48198650823906,12.492911153938621,10.924645699560642,True,
2422,onnx_model_000,measure,12.484431979719126,12.48542633606121,12.493056078907102,7.629742845892906,True,
2423,onnx_model_000,measure,12.490913010058332,12.491869553923607,12.49311092402786,1.241370104253292,True,
2424,onnx_model_000,measure,12.495061285550733,12.49533321801573,12.506265168078244,10.931950062513351,True,
2425,onnx_model_000,measure,12.496952772855328,12.497798113152385,12.506385115906596,8.587002754211426,True,
2426,onnx_model_000,measure,12.515639793633534,12.516612085979432,12.527592068072408,10.97998209297657,True,
2427,onnx_model_000,measure,12.536398874172814,12.537928265053779,12.549092847853899,11.164582800120115,True,
2428,onnx_model_000,measure,12.548412876261201,12.549204609822482,12.560479232110083,11.274622287601233,True,
2429,onnx_model_000,measure,12.549330077821901,12.549610470887274,12.560531530994922,10.921060107648373,True,
2430,onnx_model_000,measure,12.553730258418081,12.554138428997248,12.560567980166525,6.4295511692762375,True,
2431,onnx_model_000,measure,12.560031528157745,12.560669262893498,12.571858130861074,11.188867967575788,True,
2432,onnx_model_000,measure,12.564723165888392,12.56526430696249,12.57191306585446,6.648758891969919,True,
2433,onnx_model_000,measure,12.570463179009577,12.57083894405514,12.581907523795962,11.068579740822315,True,
2434,onnx_model_000,measure,12.571745400287298,12.57207514392212,12.582087264861912,10.012120939791203,True,
2435,onnx_model_000,measure,12.57601267264875,12.57661050511524,12.582127681933343,5.517176818102598,True,
2436,onnx_model_000,measure,12.582024531319814,12.58227585395798,12.593223453965038,10.94760000705719,True,
2437,onnx_model_000,measure,12.586574873032305,12.587741263210773,12.593366154935211,5.624891724437475,True,
2438,onnx_model_000,measure,12.594513257542822,12.595594190061092,12.60657860012725,10.98441006615758,True,
2439,onnx_model_000,measure,12.609636382045318,12.610902268905193,12.621323869097978,10.421600192785263,True,
2440,onnx_model_000,measure,12.6115538518768,12.612495246808976,12.621870066970587,9.374820161610842,True,
2441,onnx_model_000,measure,12.619213920565109,12.620059696026146,12.621918720193207,1.859024167060852,True,
2442,onnx_model_000,measure,12.61974754250345,12.620247452985495,12.62195368623361,1.7062332481145859,True,
2443,onnx_model_000,measure,12.620835000159724,12.621427466161549,12.6320493160747,10.621849913150072,True,
2444,onnx_model_000,measure,12.624895460228553,12.625203995034099,12.632562993094325,7.35899806022644,True,
2445,onnx_model_000,measure,12.629697926709117,12.630657080095261,12.632608630228788,1.9515501335263252,True,
2446,onnx_model_000,measure,12.630659794730725,12.631042823195457,12.632639898918569,1.5970757231116295,True,
2447,onnx_model_000,measure,12.631777640544302,12.632147252094,12.643305562902242,11.158310808241367,True,
2448,onnx_model_000,measure,12.632145884611546,12.632800965104252,12.644292648881674,11.491683777421713,True,
2449,onnx_model_000,measure,12.64120297152298,12.643402156885713,12.64759543724358,4.193280357867479,True,
2450,onnx_model_000,measure,12.642253201695274,12.64356615813449,12.647785960230976,4.219802096486092,True,
2451,onnx_model_000,measure,12.6424245275038,12.643736482132226,12.647846314124763,4.109831992536783,True,
2452,onnx_model_000,measure,12.64591877108874,12.646524611860514,12.64787635114044,1.3517392799258232,True,
2453,onnx_model_000,measure,12.649339836260792,12.650122210849077,12.655536673031747,5.414462182670832,True,
2454,onnx_model_000,measure,12.649370899541887,12.650289468001574,12.655768382828683,5.478914827108383,True,
2455,onnx_model_000,measure,12.650160115944088,12.650727109983563,12.655811245087534,5.084135103970766,True,
2456,onnx_model_000,measure,12.653059289081146,12.65418244805187,12.655843385960907,1.6609379090368748,True,
2457,onnx_model_000,measure,12.653601711923296,12.654347382020205,12.661102993879467,6.75561185926199,True,
2458,onnx_model_000,measure,12.654329357080742,12.654864224139601,12.661636597942561,6.772373802959919,True,
2459,onnx_model_000,measure,12.654409779566917,12.655052972957492,12.661680691875517,6.627718918025494,True,
2460,onnx_model_000,measure,12.659711004512324,12.660083506256342,12.661712511908263,1.6290056519210339,True,
2461,onnx_model_000,measure,12.66039420364598,12.661233150865883,12.672303293831646,11.070142965763807,True,
2462,onnx_model_000,measure,12.669328206190709,12.669948688242584,12.672450704034418,2.5020157918334007,True,
2463,onnx_model_000,measure,12.669911122758858,12.670306427869946,12.672487935051322,2.181507181376219,True,
2464,onnx_model_000,measure,12.67252145160253,12.673706191126257,12.68466237699613,10.95618586987257,True,
2465,onnx_model_000,measure,12.683781891170527,12.6841576769948,12.689685023855418,5.527346860617399,True,
2466,onnx_model_000,measure,12.685509862921252,12.685890601016581,12.689915332011878,4.024730995297432,True,
2467,onnx_model_000,measure,12.68580520633394,12.686268298886716,12.68995491694659,3.686618059873581,True,
2468,onnx_model_000,measure,12.687807102213476,12.688696404919028,12.68998458283022,1.2881779111921787,True,
2469,onnx_model_000,measure,12.695517683072941,12.69625000283122,12.707361864857376,11.111862026154995,True,
2470,onnx_model_000,measure,12.700427209080255,12.70073220320046,12.707517731934786,6.785528734326363,True,
2471,onnx_model_000,measure,12.705159120146673,12.706177413929254,12.707555373199284,1.37795927003026,True,
2472,onnx_model_000,measure,12.712400290203389,12.712787669152021,12.719883678015321,7.096008863300085,True,
2473,onnx_model_000,measure,12.713605841365139,12.71422297693789,12.720082776155323,5.859799217432737,True,
2474,onnx_model_000,measure,12.718070253918501,12.718659711070359,12.720121329184622,1.4616181142628193,True,
2475,onnx_model_000,measure,12.718297093521894,12.718843069858849,12.720151857007295,1.3087871484458447,True,
2476,onnx_model_000,measure,12.721416312949437,12.72241386724636,12.730674269143492,8.260401897132397,True,
2477,onnx_model_000,measure,12.724846388784549,12.725881848949939,12.73086546221748,4.983613267540932,True,
2478,onnx_model_000,measure,12.726737189988286,12.727321074809879,12.730918683111668,3.5976083017885685,True,
2479,onnx_model_000,measure,12.72912623430933,12.729770239908248,12.73094944190234,1.1792019940912724,True,
2480,onnx_model_000,measure,12.741265361861121,12.742184278089553,12.753200307954103,11.016029864549637,True,
2481,onnx_model_000,measure,12.743863519707062,12.744629165157676,12.753363979049027,8.734813891351223,True,
2482,onnx_model_000,measure,12.749431179882261,12.750091488007456,12.753402693197131,3.3112051896750927,True,
2483,onnx_model_000,measure,12.762394365335506,12.76362420199439,12.774580407887697,10.956205893307924,True,
2484,onnx_model_000,measure,12.765312042982426,12.766083276830614,12.774743097834289,8.65982100367546,True,
2485,onnx_model_000,measure,12.769645996796143,12.770513747818768,12.774799333885312,4.285586066544056,True,
2486,onnx_model_000,measure,12.783472326942446,12.785032285843045,12.787824703846127,2.7924180030822754,True,
2487,onnx_model_000,measure,12.783767244839858,12.78521257918328,12.788014384917915,2.8018057346343994,True,
2488,onnx_model_000,measure,12.784407812825393,12.785360599868,12.788052666932344,2.692067064344883,True,
2489,onnx_model_000,measure,12.785915477409631,12.786913031246513,12.788083726074547,1.1706948280334473,True,
2490,onnx_model_000,measure,12.799817104353565,12.800318963825703,12.811367535963655,11.048572137951851,True,
2491,onnx_model_000,measure,12.812004063236765,12.812592705246061,12.823660062160343,11.067356914281845,True,
2492,onnx_model_000,measure,12.817660885706491,12.818045489024371,12.823865883052349,5.820394027978182,True,
2493,onnx_model_000,measure,12.821290618418894,12.822486260905862,12.823904457036406,1.4181961305439472,True,
2494,onnx_model_000,measure,12.822019646494105,12.82265039300546,12.8239358458668,1.2854528613388538,True,
2495,onnx_model_000,measure,12.824512553511445,12.825168719980866,12.83622875297442,11.060032993555069,True,
2496,onnx_model_000,measure,12.826673211815391,12.82761677308008,12.836395861115307,8.779088035225868,True,
2497,onnx_model_000,measure,12.830125162588013,12.831068855244666,12.836434955243021,5.366099998354912,True,
2498,onnx_model_000,measure,12.83435071308424,12.835502963978797,12.846558589022607,11.055625043809414,True,
2499,onnx_model_000,measure,12.840349985665796,12.840656450018287,12.847100799903274,6.444349884986877,True,
2500,onnx_model_000,measure,12.84103514220412,12.842116424813867,12.847146636806428,5.030211992561817,True,
2501,onnx_model_000,measure,12.845333328971474,12.846671463921666,12.857711389195174,11.039925273507833,True,
2502,onnx_model_000,measure,12.850276997722526,12.851372850127518,12.857878666836768,6.505816709250212,True,
2503,onnx_model_000,measure,12.857656482096173,12.85801002709195,12.866105544846505,8.095517754554749,True,
2504,onnx_model_000,measure,12.86097184439629,12.86146334093064,12.866286728996783,4.8233880661427975,True,
2505,onnx_model_000,measure,12.86454969384232,12.864909751806408,12.866325964219868,1.4162124134600163,True,
2506,onnx_model_000,measure,12.864790431859843,12.865071820095181,12.866356612183154,1.2847920879721642,True,
2507,onnx_model_000,measure,12.869515670071484,12.870591301936656,12.881662737112492,11.071435175836086,True,
2508,onnx_model_000,measure,12.871943920225426,12.873055004980415,12.881838742177933,8.783737197518349,True,
2509,onnx_model_000,measure,12.876762292392591,12.877487720921636,12.88187808683142,4.390365909785032,True,
2510,onnx_model_000,measure,12.885610193329569,12.886099501047283,12.897149485070258,11.049984022974968,True,
2511,onnx_model_000,measure,12.890573429147707,12.891548798885196,12.897303387988359,5.754589103162289,True,
2512,onnx_model_000,measure,12.890706610419942,12.89171194890514,12.897341459989548,5.629511084407568,True,
2513,onnx_model_000,measure,12.900047524810361,12.900587711017579,12.911618850193918,11.031139176338911,True,
2514,onnx_model_000,measure,12.909391608445308,12.911069885827601,12.922062430996448,10.992545168846846,True,
2515,onnx_model_000,measure,12.925019057974028,12.92529087793082,12.936410094145685,11.119216214865446,True,
2516,onnx_model_000,measure,12.926178097621396,12.926763617899269,12.936569237150252,9.805619250983,True,
2517,onnx_model_000,measure,12.928562525039046,12.929199176840484,12.936607379000634,7.408202160149813,True,
2518,onnx_model_000,measure,12.947837387341373,12.948865219950676,12.959052674937993,10.187454987317324,True,
2519,onnx_model_000,measure,12.947956380189263,12.949031155090779,12.95957986684516,10.548711754381657,True,
2520,onnx_model_000,measure,12.95141463698198,12.952549202833325,12.959625494200736,7.0762913674116135,True,
2521,onnx_model_000,measure,12.957576813986464,12.958060448989272,12.95965884719044,1.5983982011675835,True,
2522,onnx_model_000,measure,12.958705023627795,12.959170939866453,12.966614598874003,7.443659007549286,True,
2523,onnx_model_000,measure,12.960602318161156,12.96090326225385,12.966789732221514,5.886469967663288,True,
2524,onnx_model_000,measure,12.96089697761401,12.961259730160236,12.966847511939704,5.5877817794680595,True,
2525,onnx_model_000,measure,12.964565084112389,12.965688868891448,12.966878481209278,1.1896123178303242,True,
2526,onnx_model_000,measure,12.971576730574604,12.972118260804564,12.981138125993311,9.019865188747644,True,
2527,onnx_model_000,measure,12.9718791362874,12.972283213865012,12.9812963870354,9.013173170387745,True,
2528,onnx_model_000,measure,12.972387194542328,12.97271956410259,12.981355159077793,8.635594975203276,True,
2529,onnx_model_000,measure,12.978974056525901,12.980176809243858,12.981387830805033,1.2110215611755848,True,
2530,onnx_model_000,measure,12.984392544488308,12.984620776027441,12.995714964810759,11.094188783317804,True,
2531,onnx_model_000,measure,12.985614813221265,12.986077866051346,12.99587969807908,9.801832027733326,True,
2532,onnx_model_000,measure,12.990666159215976,12.991527895908803,12.9959197640419,4.391868133097887,True,
2533,onnx_model_000,measure,12.997056046557036,12.998145294841379,13.009473347105086,11.328052263706923,True,
2534,onnx_model_000,measure,13.00618538490099,13.006595566868782,13.00951793184504,2.922364976257086,True,
2535,onnx_model_000,measure,13.00798241172055,13.00904879020527,13.020091550890356,11.04276068508625,True,
2536,onnx_model_000,measure,13.00927852687425,13.00964420195669,13.020902493037283,11.258291080594063,True,
2537,onnx_model_000,measure,13.019220872169996,13.02018969785422,13.031283415853977,11.093717999756336,True,
2538,onnx_model_000,measure,13.019819431961217,13.020353809930384,13.03140035783872,11.046547908335924,True,
2539,onnx_model_000,measure,13.041042388344698,13.041631254833192,13.052695547230542,11.064292397350073,True,
2540,onnx_model_000,measure,13.042614642267386,13.043159080203623,13.053223551250994,10.064471047371626,True,
2541,onnx_model_000,measure,13.043085129696047,13.043517501093447,13.053269267082214,9.751765988767147,True,
2542,onnx_model_000,measure,13.052324276866576,13.052832116838545,13.06458798283711,11.75586599856615,True,
2543,onnx_model_000,measure,13.061783709029076,13.063510034233332,13.065149280242622,1.6392460092902184,True,
2544,onnx_model_000,measure,13.06179009823381,13.06369561702013,13.065262524876744,1.5669078566133976,True,
2545,onnx_model_000,measure,13.063121733498045,13.063865680247545,13.06546852691099,1.6028466634452343,True,
2546,onnx_model_000,measure,13.06326315529534,13.064008290879428,13.065506238024682,1.4979471452534199,True,
2547,onnx_model_000,measure,13.066892099176133,13.067735305987298,13.07177640683949,4.041100852191448,True,
2548,onnx_model_000,measure,13.067350370788962,13.067947688978165,13.072000091895461,4.052402917295694,True,
2549,onnx_model_000,measure,13.069986100048029,13.070460815913975,13.072046610992402,1.5857950784265995,True,
2550,onnx_model_000,measure,13.07066136234392,13.070853302255273,13.072084181942046,1.2308796867728233,True,
2551,onnx_model_000,measure,13.074297276377123,13.075322558172047,13.08128590323031,5.963345058262348,True,
2552,onnx_model_000,measure,13.07860982412764,13.079794317949563,13.081457138992846,1.6628210432827473,True,
2553,onnx_model_000,measure,13.079225314779318,13.079959090799093,13.081512834876776,1.5537440776824951,True,
2554,onnx_model_000,measure,13.079401845145973,13.080102703999728,13.081543252803385,1.4405488036572933,True,
2555,onnx_model_000,measure,13.081678154113307,13.082785624079406,13.093004329130054,10.218705050647259,True,
2556,onnx_model_000,measure,13.088253709144785,13.089227529242635,13.093217352870852,3.989823628216982,True,
2557,onnx_model_000,measure,13.089683473820534,13.090656865853816,13.093255715910345,2.598850056529045,True,
2558,onnx_model_000,measure,13.09092253530576,13.09212401509285,13.093285363167524,1.1613480746746063,True,
2559,onnx_model_000,measure,13.098688419345413,13.099524111952633,13.110676420852542,11.152308899909258,True,
2560,onnx_model_000,measure,13.100249851341033,13.101029714103788,13.111197731923312,10.168017819523811,True,
2561,onnx_model_000,measure,13.104926636578824,13.105466638226062,13.111242467071861,5.775828845798969,True,
2562,onnx_model_000,measure,13.110260978209364,13.110809854231775,13.12147959601134,10.669741779565811,True,
2563,onnx_model_000,measure,13.114452106456843,13.11546785896644,13.121647154912353,6.1792959459126,True,
2564,onnx_model_000,measure,13.118187432717038,13.118908418808132,13.121705635916442,2.797217108309269,True,
2565,onnx_model_000,measure,13.119894255959114,13.120349318254739,13.121736775152385,1.3874568976461887,True,
2566,onnx_model_000,measure,13.119912407017907,13.120513149071485,13.131497389171273,10.984240099787712,True,
2567,onnx_model_000,measure,13.132168422397838,13.132719952147454,13.143735261168331,11.015309020876884,True,
2568,onnx_model_000,measure,13.13874571830239,13.139184080064297,13.14388520596549,4.701125901192427,True,
2569,onnx_model_000,measure,13.146861142415464,13.14710804214701,13.155394914094359,8.286871947348118,True,
2570,onnx_model_000,measure,13.148367627133682,13.148619474843144,13.15555760404095,6.93812919780612,True,
2571,onnx_model_000,measure,13.152727470375424,13.15306670917198,13.155615223105997,2.5485139340162277,True,
2572,onnx_model_000,measure,13.153857795520688,13.154495554976165,13.155646421946585,1.1508669704198837,True,
2573,onnx_model_000,measure,13.156324247685298,13.15691277012229,13.167983152903616,11.07038278132677,True,
2574,onnx_model_000,measure,13.162259179701591,13.163388208951801,13.168175628874451,4.78741992264986,True,
2575,onnx_model_000,measure,13.162541309018877,13.163556608837098,13.168221355881542,4.664747044444084,True,
2576,onnx_model_000,measure,13.170782048370354,13.171447127126157,13.182541926857084,11.094799730926752,True,
2577,onnx_model_000,measure,13.17721790752103,13.177914720959961,13.182714935857803,4.800214897841215,True,
2578,onnx_model_000,measure,13.177323881551162,13.178078602999449,13.18279235297814,4.7137499786913395,True,
2579,onnx_model_000,measure,13.185217551264525,13.186012894846499,13.197059081867337,11.04618702083826,True,
2580,onnx_model_000,measure,13.1860853875523,13.18637338001281,13.19719130313024,10.817923117429018,True,
2581,onnx_model_000,measure,13.208499200074723,13.209416692145169,13.220400942023844,10.984249878674746,True,
2582,onnx_model_000,measure,13.211856399887402,13.212879665195942,13.22054363321513,7.66396801918745,True,
2583,onnx_model_000,measure,13.218196508517694,13.219320878852159,13.220604137983173,1.283259131014347,True,
2584,onnx_model_000,measure,13.227215591255382,13.22784427087754,13.233201654162258,5.357383284717798,True,
2585,onnx_model_000,measure,13.228903523607986,13.229335125070065,13.23374762199819,4.41249692812562,True,
2586,onnx_model_000,measure,13.229049986300147,13.22951758094132,13.233810681849718,4.293100908398628,True,
2587,onnx_model_000,measure,13.231723416602687,13.232061326969415,13.233846249058843,1.7849220894277096,True,
2588,onnx_model_000,measure,13.232722962754053,13.233322584070265,13.244522624183446,11.200040113180876,True,
2589,onnx_model_000,measure,13.24370365249156,13.244092545937747,13.255172898992896,11.080353055149317,True,
2590,onnx_model_000,measure,13.246658327153177,13.24777747085318,13.255322522949427,7.545052096247673,True,
2591,onnx_model_000,measure,13.246712244861628,13.24794938787818,13.255361447110772,7.412059232592583,True,
2592,onnx_model_000,measure,13.267240175876859,13.267586324829608,13.278619407210499,11.033082380890846,True,
2593,onnx_model_000,measure,13.267523316575465,13.267991986125708,13.278768040239811,10.776054114103317,True,
2594,onnx_model_000,measure,13.279507936480705,13.27999231684953,13.286008473020047,6.016156170517206,True,
2595,onnx_model_000,measure,13.279860476780314,13.28015391388908,13.28620208101347,6.048167124390602,True,
2596,onnx_model_000,measure,13.280476641160643,13.281670536845922,13.286239741835743,4.569204989820719,True,
2597,onnx_model_000,measure,13.283990070833925,13.285121587105095,13.286270881071687,1.1492939665913582,True,
2598,onnx_model_000,measure,13.287146125796802,13.287498846184462,13.294560107868165,7.061261683702469,True,
2599,onnx_model_000,measure,13.290215126984188,13.290937973186374,13.295336795039475,4.3988218531012535,True,
2600,onnx_model_000,measure,13.292702611259285,13.29337297193706,13.29538075812161,2.0077861845493317,True,
2601,onnx_model_000,measure,13.29298571444082,13.293533026240766,13.295414682943374,1.88165670260787,True,
2602,onnx_model_000,measure,13.29421825642615,13.294675156939775,13.29677578015253,2.1006232127547264,True,
2603,onnx_model_000,measure,13.29445444546795,13.294855719897896,13.296972263138741,2.1165432408452034,True,
2604,onnx_model_000,measure,13.295187340982496,13.295571591239423,13.29700978519395,1.438193954527378,True,
2605,onnx_model_000,measure,13.295346676138909,13.29573367908597,13.297040663193911,1.306984107941389,True,
2606,onnx_model_000,measure,13.301267097732588,13.302272198256105,13.313256698194891,10.98449993878603,True,
2607,onnx_model_000,measure,13.314939295391946,13.315479303244501,13.326560907065868,11.081603821367025,True,
2608,onnx_model_000,measure,13.316827811222376,13.317921875976026,13.32670692494139,8.785048965364695,True,
2609,onnx_model_000,measure,13.323598685248509,13.324354412965477,13.326745016966015,2.3906040005385876,True,
2610,onnx_model_000,measure,13.32482423991675,13.325807866174728,13.336881916038692,11.07404986396432,True,
2611,onnx_model_000,measure,13.328107064272064,13.328981598839164,13.337366797961295,8.38519912213087,True,
2612,onnx_model_000,measure,13.330019342830806,13.33042270783335,13.33741124207154,6.988534238189459,True,
2613,onnx_model_000,measure,13.336119852367398,13.336978198960423,13.347930727992207,10.952529031783342,True,
2614,onnx_model_000,measure,13.352140823772366,13.353185958229005,13.364243457093835,11.05749886482954,True,
2615,onnx_model_000,measure,13.353485298166916,13.35463486192748,13.36440616613254,9.771304205060005,True,
2616,onnx_model_000,measure,13.354583384374504,13.35500871296972,13.364444558974355,9.435846004635096,True,
2617,onnx_model_000,measure,13.363190812649947,13.363439739216119,13.37446172023192,11.02198101580143,True,
2618,onnx_model_000,measure,13.365552784125288,13.366674407850951,13.374607055913657,7.932648062705994,True,
2619,onnx_model_000,measure,13.365860648329633,13.366857254877687,13.374644957948476,7.787703070789576,True,
2620,onnx_model_000,measure,13.374740185994547,13.37589758913964,13.387536053080112,11.63846394047141,True,
2621,onnx_model_000,measure,13.381002775207413,13.381358750164509,13.38766593998298,6.30718981847167,True,
2622,onnx_model_000,measure,13.387791710760537,13.388891528826207,13.399937887210399,11.04635838419199,True,
2623,onnx_model_000,measure,13.390088755005117,13.390331145841628,13.400435702875257,10.104557033628225,True,
2624,onnx_model_000,measure,13.398173608495997,13.398785235825926,13.400488884188235,1.7036483623087406,True,
2625,onnx_model_000,measure,13.399380554059874,13.400036725215614,13.410985867958516,10.94914274290204,True,
2626,onnx_model_000,measure,13.416201860104335,13.417244493961334,13.424290778115392,7.046284154057503,True,
2627,onnx_model_000,measure,13.416505226678822,13.417409677989781,13.424472514074296,7.062836084514856,True,
2628,onnx_model_000,measure,13.420447609065622,13.420937643852085,13.424509673845023,3.5720299929380417,True,
2629,onnx_model_000,measure,13.422553209126809,13.423388783819973,13.424540211912245,1.1514280922710896,True,
2630,onnx_model_000,measure,13.433210811986298,13.434780146926641,13.445770367980003,10.990221053361893,True,
2631,onnx_model_000,measure,13.445598734042242,13.445908551104367,13.453023865818977,7.115314714610577,True,
2632,onnx_model_000,measure,13.446261714779691,13.447351032868028,13.453188158106059,5.837125238031149,True,
2633,onnx_model_000,measure,13.446320139670894,13.447515464853495,13.453246168792248,5.730703938752413,True,
2634,onnx_model_000,measure,13.451249515607909,13.45204372284934,13.453332803212106,1.2890803627669811,True,
2635,onnx_model_000,measure,13.453651032028997,13.454558513127267,13.465792587026954,11.234073899686337,True,
2636,onnx_model_000,measure,13.454341404788941,13.454722645226866,13.46593971690163,11.217071674764156,True,
2637,onnx_model_000,measure,13.459471902118803,13.460247447248548,13.465976065956056,5.728618707507849,True,
2638,onnx_model_000,measure,13.472639321073416,13.473202803172171,13.482520575169474,9.31777199730277,True,
2639,onnx_model_000,measure,13.474984012825631,13.475647159852087,13.48270961502567,7.062455173581839,True,
2640,onnx_model_000,measure,13.47786365845838,13.478115851990879,13.482764459215105,4.648607224225998,True,
2641,onnx_model_000,measure,13.480900721884344,13.481558957137167,13.482802841812372,1.2438846752047539,True,
2642,onnx_model_000,measure,13.488288244367494,13.48904071887955,13.497721510007977,8.68079112842679,True,
2643,onnx_model_000,measure,13.492139031135597,13.492487229872495,13.497806421946734,5.319192074239254,True,
2644,onnx_model_000,measure,13.492847757050024,13.493907249998301,13.497841318137944,3.934068139642477,True,
2645,onnx_model_000,measure,13.49514891474487,13.496346426196396,13.49787805788219,1.5316316857933998,True,
2646,onnx_model_000,measure,13.495324666874328,13.496510347817093,13.507591993082315,11.081645265221596,True,
2647,onnx_model_000,measure,13.496559539892711,13.496961846016347,13.507739182095975,10.777336079627275,True,
2648,onnx_model_000,measure,13.503241880580687,13.50417302409187,13.507797402795404,3.624378703534603,True,
2649,onnx_model_000,measure,13.508927945563665,13.510019808076322,13.518585579935461,8.565771859139204,True,
2650,onnx_model_000,measure,13.512023826200192,13.512470446061343,13.51913760881871,6.667162757366896,True,
2651,onnx_model_000,measure,13.513067823389648,13.514000745024532,13.519182363990694,5.181618966162205,True,
2652,onnx_model_000,measure,13.516571131459353,13.51744571281597,13.519215316977352,1.7696041613817215,True,
2653,onnx_model_000,measure,13.516605785919412,13.517607821151614,13.528656663838774,11.048842687159777,True,
2654,onnx_model_000,measure,13.518074627075624,13.518703243229538,13.528829181101173,10.12593787163496,True,
2655,onnx_model_000,measure,13.523596845006598,13.52447785018012,13.52886975882575,4.391908645629883,True,
2656,onnx_model_000,measure,13.528670601031022,13.529000787995756,13.536284653004259,7.283865008503199,True,
2657,onnx_model_000,measure,13.532166394446726,13.532450805883855,13.536466308869421,4.0155029855668545,True,
2658,onnx_model_000,measure,13.53370922983118,13.534935729112476,13.536505192983896,1.5694638714194298,True,
2659,onnx_model_000,measure,13.535170612597655,13.535335037857294,13.53653628192842,1.2012440711259842,True,
2660,onnx_model_000,measure,13.541012451359933,13.54179692082107,13.55291447415948,11.11755333840847,True,
2661,onnx_model_000,measure,13.541807842367877,13.542180019896477,13.553425835911185,11.245816014707088,True,
2662,onnx_model_000,measure,13.543983857928021,13.54461450688541,13.553471473045647,8.85696616023779,True,
2663,onnx_model_000,measure,13.55223882661126,13.553032208234072,13.564140283036977,11.108074802905321,True,
2664,onnx_model_000,measure,13.562460767355907,13.563697610981762,13.570200331974775,6.50272099301219,True,
2665,onnx_model_000,measure,13.563773579236896,13.564237597864121,13.570388238877058,6.1506410129368305,True,
2666,onnx_model_000,measure,13.566799485950755,13.567675723228604,13.57042640214786,2.7506789192557335,True,
2667,onnx_model_000,measure,13.567995496253223,13.56913006817922,13.570456189103425,1.326120924204588,True,
2668,onnx_model_000,measure,13.568599880629668,13.56929383892566,13.5802222029306,10.928364004939795,True,
2669,onnx_model_000,measure,13.587631113478315,13.588446355890483,13.59866592194885,10.21956605836749,True,
2670,onnx_model_000,measure,13.59399079971809,13.59492354793474,13.598874729126692,3.9511811919510365,True,
2671,onnx_model_000,measure,13.596236778976722,13.59736602101475,13.598913642112166,1.5476210974156857,True,
2672,onnx_model_000,measure,13.597283442893564,13.59771706815809,13.598944772034883,1.2277038767933846,True,
2673,onnx_model_000,measure,13.607321609425604,13.609181379899383,13.620163214858621,10.981834959238768,True,
2674,onnx_model_000,measure,13.620757676766843,13.621390266809613,13.629457932896912,8.067666087299585,True,
2675,onnx_model_000,measure,13.620994845210118,13.621551172807813,13.629619259852916,8.068087045103312,True,
2676,onnx_model_000,measure,13.62608161115052,13.6270856638439,13.629675777163357,2.5901133194565773,True,
2677,onnx_model_000,measure,13.62794772436741,13.628522193990648,13.629707757849246,1.1855638585984707,True,
2678,onnx_model_000,measure,13.629790285259057,13.630906036123633,13.641903740819544,10.997704695910215,True,
2679,onnx_model_000,measure,13.6344667048797,13.635354582220316,13.642034398857504,6.679816637188196,True,
2680,onnx_model_000,measure,13.648897559734477,13.649255294818431,13.660366415977478,11.111121159046888,True,
2681,onnx_model_000,measure,13.65423200375912,13.65474165417254,13.660507834050804,5.766179878264666,True,
2682,onnx_model_000,measure,13.666716381724086,13.66773178614676,13.678725022822618,10.993236675858498,True,
2683,onnx_model_000,measure,13.677141179091116,13.678207438904792,13.686651240102947,8.443801198154688,True,
2684,onnx_model_000,measure,13.68185681441427,13.682957108132541,13.686852952931076,3.8958447985351086,True,
2685,onnx_model_000,measure,13.682624620754918,13.683119916822761,13.686908659059554,3.7887422367930412,True,
2686,onnx_model_000,measure,13.684477885539177,13.685645698104054,13.686938976868987,1.2932787649333477,True,
2687,onnx_model_000,measure,13.694503402120144,13.695171605795622,13.704390740022063,9.219134226441383,True,
2688,onnx_model_000,measure,13.699514855248845,13.700608861166984,13.704566122964025,3.957261797040701,True,
2689,onnx_model_000,measure,13.700669671054941,13.700995665974915,13.704604105092585,3.608439117670059,True,
2690,onnx_model_000,measure,13.702212858335209,13.703450993169099,13.704636265989393,1.1852728202939034,True,
2691,onnx_model_000,measure,13.710789460990965,13.711884784977883,13.722895815037191,11.011030059307814,True,
2692,onnx_model_000,measure,13.726056646323887,13.727121287956834,13.738227488938719,11.106200981885195,True,
2693,onnx_model_000,measure,13.727654051429296,13.728559201117605,13.738388314843178,9.829113725572824,True,
2694,onnx_model_000,measure,13.735889111690302,13.737027327995747,13.738446063827723,1.418735831975937,True,
2695,onnx_model_000,measure,13.73654507952117,13.73719021724537,13.738478134851903,1.2879176065325737,True,
2696,onnx_model_000,measure,13.763855139516304,13.765800772234797,13.776961176190525,11.160403955727816,True,
2697,onnx_model_000,measure,13.789455317161144,13.79126756079495,13.798973549157381,7.705988362431526,True,
2698,onnx_model_000,measure,13.792840926619952,13.793829631060362,13.799025436863303,5.195805802941322,True,
2699,onnx_model_000,measure,13.793891038066553,13.794230012223125,13.79977598413825,5.545971915125847,True,
2700,onnx_model_000,measure,13.796852718602645,13.797738580964506,13.799827792216092,2.0892112515866756,True,
2701,onnx_model_000,measure,13.798457191308808,13.79913022601977,13.80579137802124,6.661152001470327,True,
2702,onnx_model_000,measure,13.798768730805177,13.799311681184918,13.805848026182503,6.53634499758482,True,
2703,onnx_model_000,measure,13.802634267288045,13.803141751792282,13.80597064923495,2.8288974426686764,True,
2704,onnx_model_000,measure,13.804253308786809,13.804695616010576,13.806007138919085,1.3115229085087776,True,
2705,onnx_model_000,measure,13.809329363504546,13.810351065825671,13.821432230062783,11.081164237111807,True,
2706,onnx_model_000,measure,13.814931837766292,13.815858975984156,13.821598094888031,5.739118903875351,True,
2707,onnx_model_000,measure,13.81536334350605,13.816032405011356,13.821638891939074,5.606486927717924,True,
2708,onnx_model_000,measure,13.819970367741545,13.820591532159597,13.82414590800181,3.5543758422136307,True,
2709,onnx_model_000,measure,13.820087754446764,13.820771614089608,13.824351368937641,3.5797548480331898,True,
2710,onnx_model_000,measure,13.822318643289883,13.822875612881035,13.824421362020075,1.5457491390407085,True,
2711,onnx_model_000,measure,13.822774130123687,13.823241108097136,13.824453862849623,1.2127547524869442,True,
2712,onnx_model_000,measure,13.826993335610624,13.827696757856756,13.835836360231042,8.13960237428546,True,
2713,onnx_model_000,measure,13.827502442770875,13.827886158134788,13.836021651979536,8.135493844747543,True,
2714,onnx_model_000,measure,13.830557092268796,13.831408733967692,13.836058511864394,4.64977789670229,True,
2715,onnx_model_000,measure,13.834474538968742,13.834863640833646,13.83608820894733,1.2245681136846542,True,
2716,onnx_model_000,measure,13.844797537754463,13.846345495898277,13.85758568206802,11.240186169743538,True,
2717,onnx_model_000,measure,13.845057839383934,13.84652988705784,13.857780713122338,11.250826064497232,True,
2718,onnx_model_000,measure,13.847967628522648,13.84906990500167,13.857821880839765,8.75197583809495,True,
2719,onnx_model_000,measure,13.86045503426837,13.861134448088706,13.867249973118305,6.115525029599667,True,
2720,onnx_model_000,measure,13.863100931426716,13.863573223818094,13.867456606123596,3.8833823055028915,True,
2721,onnx_model_000,measure,13.865111412005788,13.866057155188173,13.867494578007609,1.4374228194355965,True,
2722,onnx_model_000,measure,13.865886879652077,13.866249070037156,13.867523914203048,1.274844165891409,True,
2723,onnx_model_000,measure,13.866124803701478,13.866672375239432,13.875536834821105,8.864459581673145,True,
2724,onnx_model_000,measure,13.86852412821062,13.868770773988217,13.875702610239387,6.931836251169443,True,
2725,onnx_model_000,measure,13.871425348711876,13.87221816694364,13.87577861500904,3.5604480654001236,True,
2726,onnx_model_000,measure,13.874026614696971,13.874655900988728,13.875813100021333,1.1571990326046944,True,
2727,onnx_model_000,measure,13.877625693110078,13.878050493076444,13.889096199069172,11.045705992728472,True,
2728,onnx_model_000,measure,13.879635505959307,13.880500189960003,13.889554771129042,9.054581169039011,True,
2729,onnx_model_000,measure,13.888829151969789,13.889198584016412,13.900181942153722,10.983358137309551,True,
2730,onnx_model_000,measure,13.8895166683326,13.889707250986248,13.900342447217554,10.6351962313056,True,
2731,onnx_model_000,measure,13.893942928582476,13.894173370208591,13.900381090119481,6.207719910889864,True,
2732,onnx_model_000,measure,13.903441330833129,13.904604148119688,13.91559175401926,10.987605899572372,True,
2733,onnx_model_000,measure,13.917326750396812,13.917837081942707,13.920898281037807,3.0611990951001644,True,
2734,onnx_model_000,measure,13.917885541526406,13.918204090092331,13.921065488830209,2.8613987378776073,True,
2735,onnx_model_000,measure,13.919135200464927,13.919634778983891,13.921124631073326,1.4898520894348621,True,
2736,onnx_model_000,measure,13.919775220226713,13.920010804198682,13.921156230848283,1.1454266496002674,True,
2737,onnx_model_000,measure,13.92152758030382,13.922386039048433,13.933349890168756,10.963851120322943,True,
2738,onnx_model_000,measure,13.934250574431136,13.934577343054116,13.945607940200716,11.030597146600485,True,
2739,onnx_model_000,measure,13.937459170272534,13.938044272828847,13.945778996217996,7.734723389148712,True,
2740,onnx_model_000,measure,13.938123069718783,13.938398266211152,13.945819932967424,7.421666756272316,True,
2741,onnx_model_000,measure,13.951497211772258,13.952048593200743,13.959999347105622,7.950753904879093,True,
2742,onnx_model_000,measure,13.951781601331632,13.952215400058776,13.960180200170726,7.964800111949444,True,
2743,onnx_model_000,measure,13.95832878129814,13.958737248089164,13.9602171308361,1.4798827469348907,True,
2744,onnx_model_000,measure,13.958552265260979,13.958942648023367,13.960248460061848,1.3058120384812355,True,
2745,onnx_model_000,measure,13.964421291415771,13.965485996101052,13.976563012227416,11.07701612636447,True,
2746,onnx_model_000,measure,13.968693945345066,13.968936826102436,13.97668887116015,7.752045057713985,True,
2747,onnx_model_000,measure,13.983115753302432,13.9839285928756,13.994904345832765,10.975752957165241,True,
2748,onnx_model_000,measure,13.986349176397642,13.987363763153553,13.995035636238754,7.671873085200787,True,
2749,onnx_model_000,measure,13.999476283008452,14.000263343099505,14.011463372968137,11.200029868632555,True,
2750,onnx_model_000,measure,13.999602033882415,14.000427064020187,14.01162605220452,11.198988184332848,True,
2751,onnx_model_000,measure,14.00383878410059,14.00493374094367,14.011661829892546,6.728088948875666,True,
2752,onnx_model_000,measure,14.01457505236952,14.014911116100848,14.02568843215704,10.777316056191921,True,
2753,onnx_model_000,measure,14.020766329802251,14.021288348827511,14.025773905217648,4.48555639013648,True,
2754,onnx_model_000,measure,14.037262599044105,14.0379787851125,14.048737816046923,10.759030934423208,True,
2755,onnx_model_000,measure,14.04022026641294,14.04132419405505,14.048853946849704,7.529752794653177,True,
2756,onnx_model_000,measure,14.046137869816842,14.046743064187467,14.048878955189139,2.1358910016715527,True,
2757,onnx_model_000,measure,14.04734940539034,14.048179535195231,14.059358064085245,11.178528890013695,True,
2758,onnx_model_000,measure,14.049621642637899,14.050073175225407,14.059408590197563,9.335414972156286,True,
2759,onnx_model_000,measure,14.05889339880599,14.05951198702678,14.067943794187158,8.431807160377502,True,
2760,onnx_model_000,measure,14.061586048819764,14.062055020127445,14.068148433230817,6.093413103371859,True,
2761,onnx_model_000,measure,14.063921612900387,14.064502072054893,14.068189591169357,3.6875191144645214,True,
2762,onnx_model_000,measure,14.066550379652504,14.066985081881285,14.068220681045204,1.2355991639196873,True,
2763,onnx_model_000,measure,14.071371924023893,14.07246274407953,14.083475618157536,11.012874078005552,True,
2764,onnx_model_000,measure,14.08360768121549,14.084785728249699,14.09561988292262,10.834154672920704,True,
2765,onnx_model_000,measure,14.094875360952233,14.095231764949858,14.106199032161385,10.967267211526632,True,
2766,onnx_model_000,measure,14.096421001017042,14.096813711803406,14.10623090295121,9.41719114780426,True,
2767,onnx_model_000,measure,14.102808325121105,14.103158331941813,14.106307588983327,3.14925704151392,True,
2768,onnx_model_000,measure,14.11374771816607,14.11450341809541,14.125119687989354,10.616269893944263,True,
2769,onnx_model_000,measure,14.12293963491154,14.124873709864914,14.135834325104952,10.960615240037441,True,
2770,onnx_model_000,measure,14.129025904293933,14.129329460207373,14.13588675390929,6.557293701916933,True,
2771,onnx_model_000,measure,14.134291017097953,14.134774911217391,14.13598913885653,1.2142276391386986,True,
2772,onnx_model_000,measure,14.138542675624688,14.139280916191638,14.15034013800323,11.059221811592579,True,
2773,onnx_model_000,measure,14.143641514232302,14.144828501157463,14.150390264112502,5.56176295503974,True,
2774,onnx_model_000,measure,14.149787495006638,14.150492348242551,14.157057357020676,6.565008778125048,True,
2775,onnx_model_000,measure,14.150902010591302,14.151983232237399,14.157120326999575,5.137094762176275,True,
2776,onnx_model_000,measure,14.151129719246097,14.152166109066457,14.157249843236059,5.083734169602394,True,
2777,onnx_model_000,measure,14.154607514187848,14.155901128891855,14.157284459099174,1.3833302073180676,True,
2778,onnx_model_000,measure,14.159943229713761,14.160533314105123,14.166897270828485,6.363956723362207,True,
2779,onnx_model_000,measure,14.160785787201101,14.160970916040242,14.167473005130887,6.502089090645313,True,
2780,onnx_model_000,measure,14.161615374140318,14.162404761184007,14.167519453912973,5.1146927289664745,True,
2781,onnx_model_000,measure,14.164854850194184,14.165852163918316,14.167553578969091,1.7014150507748127,True,
2782,onnx_model_000,measure,14.166249607812274,14.167038669809699,14.178188945166767,11.150275357067585,True,
2783,onnx_model_000,measure,14.168692907480663,14.169805117882788,14.178297682199627,8.49256431683898,True,
2784,onnx_model_000,measure,14.180718633735337,14.181523222941905,14.186453074216843,4.929851274937391,True,
2785,onnx_model_000,measure,14.180988679111733,14.181686833966523,14.18660784792155,4.921013955026865,True,
2786,onnx_model_000,measure,14.181402163569794,14.181853640824556,14.186518769245595,4.665128421038389,True,
2787,onnx_model_000,measure,14.184900897816126,14.185430008918047,14.18664213316515,1.2121242471039295,True,
2788,onnx_model_000,measure,14.18843834118222,14.188866551965475,14.196353192906827,7.486640941351652,True,
2789,onnx_model_000,measure,14.189202706843991,14.190303803887218,14.196510752197355,6.206948310136795,True,
2790,onnx_model_000,measure,14.193454510170293,14.193730597849935,14.196567721199244,2.8371233493089676,True,
2791,onnx_model_000,measure,14.194172342736513,14.195171386003494,14.206348983105272,11.177597101777792,True,
2792,onnx_model_000,measure,14.194922961919987,14.1953293569386,14.196598770096898,1.2694131582975388,True,
2793,onnx_model_000,measure,14.200169416534244,14.20084159495309,14.206490261945873,5.6486669927835464,True,
2794,onnx_model_000,measure,14.201863710831638,14.202275821007788,14.206546990200877,4.271169193089008,True,
2795,onnx_model_000,measure,14.209235895451362,14.20978130819276,14.220827885903418,11.046577710658312,True,
2796,onnx_model_000,measure,14.21447562108246,14.215215005911887,14.220894562080503,5.679556168615818,True,
2797,onnx_model_000,measure,14.218896341278448,14.219640909228474,14.22096363408491,1.3227248564362526,True,
2798,onnx_model_000,measure,14.223227053953263,14.224179646931589,14.235394745133817,11.215098202228546,True,
2799,onnx_model_000,measure,14.224006421477238,14.224339641164988,14.235523891169578,11.184250004589558,True,
2800,onnx_model_000,measure,14.263402750730455,14.263847961090505,14.275105881039053,11.257919948548079,True,
2801,onnx_model_000,measure,14.263899328688534,14.264249524101615,14.275159041862935,10.909517761319876,True,
2802,onnx_model_000,measure,14.275943043355603,14.276449926197529,14.286142810247838,9.692884050309658,True,
2803,onnx_model_000,measure,14.276766747588656,14.277971637900919,14.286312562879175,8.340924978256226,True,
2804,onnx_model_000,measure,14.282971176962088,14.283548930194229,14.286374561022967,2.8256308287382126,True,
2805,onnx_model_000,measure,14.284725987807459,14.28507420886308,14.286405961029232,1.3317521661520004,True,
2806,onnx_model_000,measure,14.29617278921076,14.296714014839381,14.308204826898873,11.490812059491873,True,
2807,onnx_model_000,measure,14.296558626649217,14.296916991006583,14.308257015887648,11.340024881064892,True,
2808,onnx_model_000,measure,14.297509760427259,14.298447280190885,14.308355524204671,9.908244013786316,True,
2809,onnx_model_000,measure,14.30875871827359,14.309625558089465,14.320837950799614,11.212392710149288,True,
2810,onnx_model_000,measure,14.309722559997244,14.310040285810828,14.320978487841785,10.938202030956745,True,
2811,onnx_model_000,measure,14.321117332937115,14.32220627181232,14.33068846585229,8.482194039970636,True,
2812,onnx_model_000,measure,14.324119642327915,14.324671607930213,14.330919995903969,6.248387973755598,True,
2813,onnx_model_000,measure,14.327129390379744,14.328146594110876,14.330961965955794,2.815371844917536,True,
2814,onnx_model_000,measure,14.328510743278464,14.329621667973697,14.3309934749268,1.3718069531023502,True,
2815,onnx_model_000,measure,14.344211924557625,14.345239134971052,14.356391543988138,11.152409017086029,True,
2816,onnx_model_000,measure,14.351708413068385,14.35269185109064,14.356501162052155,3.8093109615147114,True,
2817,onnx_model_000,measure,14.370553911246335,14.37183066084981,14.381807956844568,9.977295994758606,True,
2818,onnx_model_000,measure,14.37185692666222,14.37223340710625,14.381883469875902,9.650062769651413,True,
2819,onnx_model_000,measure,14.373980301001625,14.37512482283637,14.382006695028394,6.881872192025185,True,
2820,onnx_model_000,measure,14.379791592910891,14.38066699821502,14.382045198231936,1.3782000169157982,True,
2821,onnx_model_000,measure,14.389159803269711,14.390350163914263,14.395813468843699,5.463304929435253,True,
2822,onnx_model_000,measure,14.391917985176912,14.392914519179612,14.396008349955082,3.0938307754695415,True,
2823,onnx_model_000,measure,14.391960284335083,14.393101905006915,14.396051921881735,2.950016874819994,True,
2824,onnx_model_000,measure,14.393801987946931,14.394641652237624,14.39608428394422,1.4426317065954208,True,
2825,onnx_model_000,measure,14.397172273159365,14.398329752031714,14.409629601985216,11.299849953502417,True,
2826,onnx_model_000,measure,14.401415012592649,14.40184670779854,14.409697080031037,7.850372232496738,True,
2827,onnx_model_000,measure,14.41394063124841,14.41492252284661,14.4223175002262,7.394977379590273,True,
2828,onnx_model_000,measure,14.416277682947717,14.41736951423809,14.422544461209327,5.1749469712376595,True,
2829,onnx_model_000,measure,14.41875684211663,14.41986380610615,14.422584297135472,2.7204910293221474,True,
2830,onnx_model_000,measure,14.420837645043243,14.421295848209411,14.422616257797927,1.3204095885157585,True,
2831,onnx_model_000,measure,14.422224736922656,14.422708333004266,14.433828359935433,11.120026931166649,True,
2832,onnx_model_000,measure,14.425849106858385,14.426184800919145,14.433940983843058,7.756182923913002,True,
2833,onnx_model_000,measure,14.439928042218048,14.440167210064828,14.45150803681463,11.340826749801636,True,
2834,onnx_model_000,measure,14.445338346830699,14.445612359791994,14.451553073246032,5.940713454037905,True,
2835,onnx_model_000,measure,14.450416167821135,14.451075334101915,14.462745338212699,11.670004110783339,True,
2836,onnx_model_000,measure,14.460967194008534,14.461808627005666,14.47344385413453,11.635227128863335,True,
2837,onnx_model_000,measure,14.461005504326973,14.461986234877259,14.473593869246542,11.607634369283915,True,
2838,onnx_model_000,measure,14.461166227630438,14.462173010222614,14.473631841130555,11.458830907940865,True,
2839,onnx_model_000,measure,14.474352530850409,14.4748802841641,14.485984512139112,11.104227975010872,True,
2840,onnx_model_000,measure,14.47855163675007,14.479330173227936,14.486092837993056,6.762664765119553,True,
2841,onnx_model_000,measure,14.49543912814834,14.49631881620735,14.501559508033097,5.24069182574749,True,
2842,onnx_model_000,measure,14.498791303785357,14.49981604423374,14.501796528231353,1.9804839976131916,True,
2843,onnx_model_000,measure,14.499488794453985,14.499982710927725,14.50171865010634,1.7359391786158085,True,
2844,onnx_model_000,measure,14.499757930426261,14.50042463093996,14.501923659816384,1.4990288764238358,True,
2845,onnx_model_000,measure,14.50159867643485,14.502019722945988,14.513036163058132,11.016440112143755,True,
2846,onnx_model_000,measure,14.51210038826825,14.51248489599675,14.523486318066716,11.001422069966793,True,
2847,onnx_model_000,measure,14.5269379384337,14.52771559683606,14.539058547932655,11.342951096594334,True,
2848,onnx_model_000,measure,14.532003327917256,14.53317801002413,14.53910413524136,5.926125217229128,True,
2849,onnx_model_000,measure,14.53814934074116,14.538620055187494,14.549627367872745,11.007312685251236,True,
2850,onnx_model_000,measure,14.544421169270931,14.545332614798099,14.54978138115257,4.448766354471445,True,
2851,onnx_model_000,measure,14.55136464193885,14.552012111060321,14.563007942866534,10.995831806212664,True,
2852,onnx_model_000,measure,14.55435018399599,14.55546892201528,14.563512071035802,8.043149020522833,True,
2853,onnx_model_000,measure,14.556447443658488,14.556910462211818,14.563555885106325,6.645422894507647,True,
2854,onnx_model_000,measure,14.562494778106787,14.563119275029749,14.56954419799149,6.424922961741686,True,
2855,onnx_model_000,measure,14.563403692851004,14.563694988843054,14.569783973041922,6.088984198868275,True,
2856,onnx_model_000,measure,14.566029147730934,14.56715210992843,14.569826594088227,2.67448415979743,True,
2857,onnx_model_000,measure,14.568324497341234,14.568588289897889,14.569859656970948,1.271367073059082,True,
2858,onnx_model_000,measure,14.569450135010838,14.569951983168721,14.58108239993453,11.13041676580906,True,
2859,onnx_model_000,measure,14.579403555499166,14.580433996859938,14.591950619127601,11.516622267663479,True,
2860,onnx_model_000,measure,14.589737952960888,14.591314028948545,14.599702374078333,8.388345129787922,True,
2861,onnx_model_000,measure,14.58998025673782,14.591502376832068,14.600330017041415,8.82764020934701,True,
2862,onnx_model_000,measure,14.59629527675576,14.597182053141296,14.600421802140772,3.239748999476433,True,
2863,onnx_model_000,measure,14.59807665002918,14.59862004686147,14.600456927902997,1.8368810415267944,True,
2864,onnx_model_000,measure,14.599059187348093,14.599860995076597,14.609382605180144,9.521610103547573,True,
2865,onnx_model_000,measure,14.599631052420717,14.600545978173614,14.609569901134819,9.023922961205244,True,
2866,onnx_model_000,measure,14.601781708278093,14.60201819613576,14.609607581980526,7.589385844767094,True,
2867,onnx_model_000,measure,14.607473965619626,14.60846740519628,14.609640324953943,1.1729197576642036,True,
2868,onnx_model_000,measure,14.611455652328836,14.611918676178902,14.615948334801942,4.029658623039722,True,
2869,onnx_model_000,measure,14.61278987739313,14.613362510222942,14.616134558804333,2.772048581391573,True,
2870,onnx_model_000,measure,14.61370678877912,14.614808117970824,14.616173664107919,1.3655461370944977,True,
2871,onnx_model_000,measure,14.613886879555237,14.61497095786035,14.616341291926801,1.3703340664505959,True,
2872,onnx_model_000,measure,14.618226062079044,14.618579857982695,14.629620424006134,11.040566023439169,True,
2873,onnx_model_000,measure,14.622847493651983,14.624068189878017,14.629730273038149,5.66208316013217,True,
2874,onnx_model_000,measure,14.6361157021131,14.636954654939473,14.647884280886501,10.929625947028399,True,
2875,onnx_model_000,measure,14.638294792756591,14.639393281191587,14.648016422055662,8.62314086407423,True,
2876,onnx_model_000,measure,14.65294695867657,14.653237807098776,14.664233729243279,10.995922144502401,True,
2877,onnx_model_000,measure,14.660687758350742,14.66167822200805,14.664358696900308,2.680474892258644,True,
2878,onnx_model_000,measure,14.66726149034288,14.667581602931023,14.67681085690856,9.229253977537155,True,
2879,onnx_model_000,measure,14.667482302570802,14.667949311900884,14.676998803857714,9.049491956830025,True,
2880,onnx_model_000,measure,14.66943605321936,14.670373750850558,14.677038559224457,6.664808373898268,True,
2881,onnx_model_000,measure,14.675315118037528,14.675852614920586,14.67706991918385,1.2173042632639408,True,
2882,onnx_model_000,measure,14.683459759722206,14.684304019901901,14.693850956857204,9.546936955302954,True,
2883,onnx_model_000,measure,14.687073980614294,14.687780558131635,14.694377669133246,6.597111001610756,True,
2884,onnx_model_000,measure,14.69073066509886,14.691223192028701,14.694422774016857,3.199581988155842,True,
2885,onnx_model_000,measure,14.69195477880222,14.692680962849408,14.694456118158996,1.775155309587717,True,
2886,onnx_model_000,measure,14.692211362380725,14.692858431022614,14.703980622813106,11.122191790491343,True,
2887,onnx_model_000,measure,14.693209265967232,14.69395198021084,14.704146608244628,10.194628033787012,True,
2888,onnx_model_000,measure,14.695720316760811,14.696691947989166,14.70419263606891,7.500688079744577,True,
2889,onnx_model_000,measure,14.713596259735906,14.714415919035673,14.725450985133648,11.035066097974777,True,
2890,onnx_model_000,measure,14.72098980573034,14.721875668037683,14.725609555840492,3.733887802809477,True,
2891,onnx_model_000,measure,14.72275304338118,14.723303061909974,14.725646515842527,2.3434539325535297,True,
2892,onnx_model_000,measure,14.743216615711528,14.74487570906058,14.75591887999326,11.043170932680368,True,
2893,onnx_model_000,measure,14.746577178255023,14.7473248639144,14.756053425837308,8.72856192290783,True,
2894,onnx_model_000,measure,14.757322163259081,14.758276891894639,14.769193754065782,10.916862171143293,True,
2895,onnx_model_000,measure,14.769152138371071,14.769341353792697,14.780015284195542,10.673930402845144,True,
2896,onnx_model_000,measure,14.770148850689742,14.770794296171516,14.780180126894265,9.385830722749233,True,
2897,onnx_model_000,measure,14.771483076693556,14.77225344022736,14.780239610001445,7.986169774085283,True,
2898,onnx_model_000,measure,14.776481846122321,14.777685524895787,14.780273735057563,2.5882101617753506,True,
2899,onnx_model_000,measure,14.778457957435931,14.779376098886132,14.790369485970587,10.993387084454298,True,
2900,onnx_model_000,measure,14.780763861509746,14.78150499612093,14.790413919836283,8.908923715353012,True,
2901,onnx_model_000,measure,14.789591073750527,14.789948695804924,14.800956139806658,11.007444001734257,True,
2902,onnx_model_000,measure,14.790317535789717,14.790559667162597,14.801098871044815,10.539203882217407,True,
2903,onnx_model_000,measure,14.791412741695082,14.792029440868646,14.80113787483424,9.108433965593576,True,
2904,onnx_model_000,measure,14.8071106578605,14.807359111029655,14.816570499911904,9.211388882249594,True,
2905,onnx_model_000,measure,14.807341286147484,14.807723052799702,14.816766092088073,9.043039288371801,True,
2906,onnx_model_000,measure,14.8138717357917,14.814175286795944,14.816807240247726,2.631953451782465,True,
2907,onnx_model_000,measure,14.814784056162601,14.815608051139861,14.816838961094618,1.2309099547564983,True,
2908,onnx_model_000,measure,14.855969049787154,14.857152251061052,14.868685613851994,11.533362790942192,True,
2909,onnx_model_000,measure,14.85639029202261,14.857340819202363,14.868737543001771,11.396723799407482,True,
2910,onnx_model_000,measure,14.862202475094277,14.862945472821593,14.868857581168413,5.912108346819878,True,
2911,onnx_model_000,measure,14.870494374855937,14.871154357213527,14.882380515802652,11.22615858912468,True,
2912,onnx_model_000,measure,14.871859316991214,14.872689525131136,14.882433847989887,9.74432285875082,True,
2913,onnx_model_000,measure,14.886615551816238,14.88773107714951,14.898850733879954,11.11965673044324,True,
2914,onnx_model_000,measure,14.893278454114624,14.894287750124931,14.898904236033559,4.61648590862751,True,
2915,onnx_model_000,measure,14.903071495204854,14.904222525190562,14.906442805193365,2.2202800028026104,True,
2916,onnx_model_000,measure,14.903148548698223,14.904486767016351,14.906495876144618,2.009109128266573,True,
2917,onnx_model_000,measure,14.90454843829487,14.905003770254552,14.906531944870949,1.5281746163964272,True,
2918,onnx_model_000,measure,14.9048666656206,14.905173072125763,14.906636322848499,1.4632507227361202,True,
2919,onnx_model_000,measure,14.907968165591289,14.908972063101828,14.918222366832197,9.250303730368614,True,
2920,onnx_model_000,measure,14.915837428707759,14.91653211414814,14.918294554110616,1.762439962476492,True,
2921,onnx_model_000,measure,14.916042193068376,14.916724569164217,14.91841489309445,1.690323930233717,True,
2922,onnx_model_000,measure,14.916232755161564,14.916906365193427,14.918451202102005,1.5448369085788727,True,
2923,onnx_model_000,measure,14.923661528012145,14.924709347076714,14.931117658969015,6.408311892300844,True,
2924,onnx_model_000,measure,14.927105335380261,14.928216374013573,14.931165609974414,2.949235960841179,True,
2925,onnx_model_000,measure,14.927550913526714,14.928391797002405,14.93120047589764,2.8086788952350616,True,
2926,onnx_model_000,measure,14.929009177001433,14.92991386121139,14.931299364194274,1.3855029828846455,True,
2927,onnx_model_000,measure,14.933486151274325,14.934538782108575,14.945540283806622,11.001501698046923,True,
2928,onnx_model_000,measure,14.940119970286238,14.941014061216265,14.945706801023334,4.692739807069302,True,
2929,onnx_model_000,measure,14.940419655676843,14.941184383817017,14.945746446028352,4.562062211334705,True,
2930,onnx_model_000,measure,14.947997487368086,14.94898696616292,14.959284460172057,10.297494009137154,True,
2931,onnx_model_000,measure,14.949335486142573,14.950446710921824,14.959447389934212,9.000679012387991,True,
2932,onnx_model_000,measure,14.95354938841067,14.953923690132797,14.959507633931935,5.583943799138069,True,
2933,onnx_model_000,measure,14.95744529828946,14.958365523256361,14.95953924395144,1.173720695078373,True,
2934,onnx_model_000,measure,14.967951898999157,14.969799838028848,14.977045060135424,7.245222106575966,True,
2935,onnx_model_000,measure,14.968441736044536,14.969970652833581,14.977235202211887,7.264549378305674,True,
2936,onnx_model_000,measure,14.97130453080516,14.97249536216259,14.977274677250534,4.779315087944269,True,
2937,onnx_model_000,measure,14.97506153513479,14.975938878022134,14.97730506490916,1.3661868870258331,True,
2938,onnx_model_000,measure,14.975231931657301,14.976102469023317,14.987132946029305,11.03047700598836,True,
2939,onnx_model_000,measure,14.987464616561635,14.988354408182204,14.996675846166909,8.321437984704971,True,
2940,onnx_model_000,measure,14.990193275216773,14.990812540985644,14.996862952131778,6.050411146134138,True,
2941,onnx_model_000,measure,14.991784043417823,14.992272756062448,14.99691919889301,4.6464428305625916,True,
2942,onnx_model_000,measure,14.995272526622326,14.99577328003943,14.99694926617667,1.175986137241125,True,
2943,onnx_model_000,measure,15.008599056441865,15.009182699956,15.02050596382469,11.323263868689537,True,
2944,onnx_model_000,measure,15.015147731935583,15.015630105044693,15.020559505093843,4.92940004914999,True,
2945,onnx_model_000,measure,15.017329815890637,15.01811627112329,15.020661268848926,2.544997725635767,True,
2946,onnx_model_000,measure,15.02278145096627,15.023872111923993,15.034550370182842,10.678258258849382,True,
2947,onnx_model_000,measure,15.025591642655884,15.02621230110526,15.034640050958842,8.42774985358119,True,
2948,onnx_model_000,measure,15.028412165287142,15.029584059957415,15.034659828059375,5.075768101960421,True,
2949,onnx_model_000,measure,15.038338645745414,15.038804958108813,15.049541837070137,10.736878961324692,True,
2950,onnx_model_000,measure,15.040907018710582,15.041054915171117,15.049586230888963,8.531315717846155,True,
2951,onnx_model_000,measure,15.048018270922123,15.048310225829482,15.049645673949271,1.335448119789362,True,
2952,onnx_model_000,measure,15.058628925436931,15.059811749029905,15.070421947166324,10.610198136419058,True,
2953,onnx_model_000,measure,15.065472142806383,15.066114909946918,15.070534772239625,4.419862292706966,True,
2954,onnx_model_000,measure,15.066576169906632,15.067384603898972,15.07057639118284,3.1917872838675976,True,
2955,onnx_model_000,measure,15.068724287993605,15.06962844915688,15.070595267228782,0.9668180719017982,True,
2956,onnx_model_000,measure,15.069148965300123,15.069733248092234,15.080539248883724,10.806000791490078,True,
2957,onnx_model_000,measure,15.071514842106971,15.071821628138423,15.080671860836446,8.85023269802332,True,
2958,onnx_model_000,measure,15.080661033904178,15.080862794071436,15.091927436180413,11.064642108976841,True,
2959,onnx_model_000,measure,15.087341434680695,15.088341699913144,15.091971510089934,3.6298101767897606,True,
2960,onnx_model_000,measure,15.08911035940787,15.089782788883895,15.092001265846193,2.218476962298155,True,
2961,onnx_model_000,measure,15.094086144728571,15.095213172025979,15.106044089887291,10.830917861312628,True,
2962,onnx_model_000,measure,15.104363896357537,15.105598562862724,15.116654198151082,11.055635288357735,True,
2963,onnx_model_000,measure,15.104591002437074,15.10574129410088,15.116694445256144,10.953151155263186,True,
2964,onnx_model_000,measure,15.110698762833499,15.11124469479546,15.116721717175096,5.4770223796367645,True,
2965,onnx_model_000,measure,15.119524453620686,15.119983998127282,15.130774379242212,10.790381114929914,True,
2966,onnx_model_000,measure,15.132565100241107,15.13302043825388,15.144064431078732,11.043992824852467,True,
2967,onnx_model_000,measure,15.135145112891344,15.135446168947965,15.144115888979286,8.669720031321049,True,
2968,onnx_model_000,measure,15.140055304734936,15.140929982997477,15.144151056185365,3.2210731878876686,True,
2969,onnx_model_000,measure,15.14845835504082,15.149462602101266,15.160530451219529,11.06784911826253,True,
2970,onnx_model_000,measure,15.157459557554652,15.15800804598257,15.160583271179348,2.5752251967787743,True,
2971,onnx_model_000,measure,15.159534546525336,15.160686967894435,15.170352692250162,9.665724355727434,True,
2972,onnx_model_000,measure,15.16183557593824,15.162237285170704,15.170404870994389,8.16758582368493,True,
2973,onnx_model_000,measure,15.163384449528989,15.16378709115088,15.1704405490309,6.653457880020142,True,
2974,onnx_model_000,measure,15.168275326620268,15.169329506810755,15.170470816083252,1.1413092724978924,True,
2975,onnx_model_000,measure,15.175339559927497,15.17589786183089,15.18719545705244,11.297595221549273,True,
2976,onnx_model_000,measure,15.179252425489713,15.180526740849018,15.187250130809844,6.723389960825443,True,
2977,onnx_model_000,measure,15.18154943272778,15.182061778847128,15.187287882901728,5.2261040546,True,
2978,onnx_model_000,measure,15.192140037996325,15.192596824839711,15.201289447955787,8.692623116075993,True,
2979,onnx_model_000,measure,15.195645111654722,15.196177410893142,15.201339833904058,5.162423010915518,True,
2980,onnx_model_000,measure,15.198198058652578,15.198717770166695,15.201376494020224,2.6587238535284996,True,
2981,onnx_model_000,measure,15.199805152150645,15.20027727400884,15.20147523097694,1.1979569680988789,True,
2982,onnx_model_000,measure,15.202354798442807,15.20271726185456,15.213817993178964,11.100731324404478,True,
2983,onnx_model_000,measure,15.203900467086598,15.204190381802619,15.214329835958779,10.139454156160355,True,
2984,onnx_model_000,measure,15.211082837595427,15.211634272243828,15.21437625400722,2.741981763392687,True,
2985,onnx_model_000,measure,15.213515252035485,15.213928604032844,15.224969510920346,11.040906887501478,True,
2986,onnx_model_000,measure,15.216064246458858,15.216602054890245,15.225136648863554,8.534593973308802,True,
2987,onnx_model_000,measure,15.221055548983964,15.222064748872072,15.22517299791798,3.108249045908451,True,
2988,onnx_model_000,measure,15.225457437215177,15.226399970240891,15.23776787891984,11.36790867894888,True,
2989,onnx_model_000,measure,15.22546424972977,15.226570934988558,15.23781635100022,11.245416011661291,True,
2990,onnx_model_000,measure,15.236188261907689,15.237133021932095,15.248065833933651,10.932812001556158,True,
2991,onnx_model_000,measure,15.242012838417232,15.243044598959386,15.24811653001234,5.071931052953005,True,
2992,onnx_model_000,measure,15.242093841640783,15.243214040994644,15.248151966836303,4.9379258416593075,True,
2993,onnx_model_000,measure,15.253783719120717,15.254394493997097,15.265499582979828,11.105088982731104,True,
2994,onnx_model_000,measure,15.254407859540201,15.254784615244716,15.265660859178752,10.876243934035301,True,
2995,onnx_model_000,measure,15.262766729053459,15.26323772314936,15.26569851115346,2.4607880041003227,True,
2996,onnx_model_000,measure,15.265540900237218,15.265847764909267,15.276774615049362,10.926850140094757,True,
2997,onnx_model_000,measure,15.273343262212338,15.274325530044734,15.276909111067653,2.5835810229182243,True,
2998,onnx_model_000,measure,15.2852572451218,15.28715460607782,15.288848346099257,1.6937400214374065,True,
2999,onnx_model_000,measure,15.285289900810223,15.287323276977986,15.288892960175872,1.5696831978857517,True,
3000,onnx_model_000,measure,15.285773741913017,15.287470937240869,15.2890061349608,1.5351977199316025,True,
3001,onnx_model_000,measure,15.285806615838037,15.287612115964293,15.289041683077812,1.429567113518715,True,
3002,onnx_model_000,measure,15.285843725522204,15.287773672956973,15.298856399953365,11.082726996392012,True,
3003,onnx_model_000,measure,15.297067484438093,15.298953304067254,15.309976547025144,11.023242957890034,True,
3004,onnx_model_000,measure,15.299546299699003,15.30039697792381,15.31013333518058,9.736357256770134,True,
3005,onnx_model_000,measure,15.30794093348994,15.308843674138188,15.31016910308972,1.3254289515316486,True,
3006,onnx_model_000,measure,15.317165779146373,15.317387614864856,15.32831586804241,10.928253177553415,True,
3007,onnx_model_000,measure,15.329653389895753,15.330620569176972,15.34188640397042,11.265834793448448,True,
3008,onnx_model_000,measure,15.330984248441087,15.332177437841892,15.341939675156027,9.762237314134836,True,
3009,onnx_model_000,measure,15.345895018231225,15.346244407817721,15.357343555893749,11.099148076027632,True,
3010,onnx_model_000,measure,15.34966602004541,15.35080505721271,15.357397308107466,6.592250894755125,True,
3011,onnx_model_000,measure,15.353791626857454,15.354397526010871,15.357497779186815,3.10025317594409,True,
3012,onnx_model_000,measure,15.360349390533214,15.360808421857655,15.372219101991504,11.410680133849382,True,
3013,onnx_model_000,measure,15.366615296700958,15.367299260105938,15.372271861881018,4.972601775079966,True,
3014,onnx_model_000,measure,15.367037937571377,15.367474593222141,15.372309023048729,4.834429826587439,True,
3015,onnx_model_000,measure,15.372183284200542,15.372490366920829,15.383497810922563,11.007444001734257,True,
3016,onnx_model_000,measure,15.374320181156605,15.374988105148077,15.383680407889187,8.692302741110325,True,
3017,onnx_model_000,measure,15.380099512867108,15.380440428853035,15.383720144163817,3.279715310782194,True,
3018,onnx_model_000,measure,15.381851892593042,15.382894665002823,15.393909713253379,11.015048250555992,True,
3019,onnx_model_000,measure,15.39678780399373,15.397159911226481,15.408253278117627,11.093366891145706,True,
3020,onnx_model_000,measure,15.41371043019668,15.414558542892337,15.425834137015045,11.275594122707844,True,
3021,onnx_model_000,measure,15.423219171391308,15.425125169102103,15.436408897861838,11.283728759735823,True,
3022,onnx_model_000,measure,15.424395179323453,15.425325179006904,15.436482508201152,11.157329194247723,True,
3023,onnx_model_000,measure,15.427289671812671,15.428137054201216,15.436617503874004,8.480449672788382,True,
3024,onnx_model_000,measure,15.436422660343077,15.436814850196242,15.44801284512505,11.19799492880702,True,
3025,onnx_model_000,measure,15.443055815340454,15.443353017792106,15.448066207114607,4.713189322501421,True,
3026,onnx_model_000,measure,15.446029502699965,15.4469108809717,15.44816678809002,1.255907118320465,True,
3027,onnx_model_000,measure,15.453476846620278,15.454464438837022,15.465432688128203,10.968249291181564,True,
3028,onnx_model_000,measure,15.454710976996191,15.454893053974956,15.465585798956454,10.692744981497526,True,
3029,onnx_model_000,measure,15.459626588609268,15.460400713142008,15.468735236208886,8.334523066878319,True,
3030,onnx_model_000,measure,15.466727610194619,15.46784431207925,15.471003186888993,3.158874809741974,True,
3031,onnx_model_000,measure,15.466842879066993,15.468022129964083,15.471190542913973,3.1684129498898983,True,
3032,onnx_model_000,measure,15.467602054972874,15.468173909001052,15.471230959985405,3.057050984352827,True,
3033,onnx_model_000,measure,15.469573328065868,15.469979932066053,15.471262039151043,1.2821070849895477,True,
3034,onnx_model_000,measure,15.472321679076689,15.473499622195959,15.484498279169202,10.99865697324276,True,
3035,onnx_model_000,measure,15.48426311845663,15.484595544170588,15.493018514942378,8.42297077178955,True,
3036,onnx_model_000,measure,15.48553158410209,15.486053675878793,15.493201673030853,7.14799715206027,True,
3037,onnx_model_000,measure,15.486274373006458,15.487492911983281,15.493239996023476,5.74708404019475,True,
3038,onnx_model_000,measure,15.491159621397248,15.491930296178907,15.49327152594924,1.3412297703325748,True,
3039,onnx_model_000,measure,15.494076094096302,15.494526010937989,15.505537622142583,11.011611204594374,True,
3040,onnx_model_000,measure,15.499782343433816,15.500997060909867,15.505650867242366,4.653806332498789,True,
3041,onnx_model_000,measure,15.506388591867944,15.506886235903949,15.515223353169858,8.33711726590991,True,
3042,onnx_model_000,measure,15.506424024367572,15.507050107233226,15.51601390587166,8.963798638433218,True,
3043,onnx_model_000,measure,15.508244934812183,15.5085609392263,15.516059361863881,7.498422637581825,True,
3044,onnx_model_000,measure,15.513313534676096,15.51401629904285,15.51609505014494,2.078751102089882,True,
3045,onnx_model_000,measure,15.513850081887256,15.514183396007866,15.524500247091055,10.316851083189249,True,
3046,onnx_model_000,measure,15.514485418472587,15.515329314861447,15.524717018939555,9.387704078108072,True,
3047,onnx_model_000,measure,15.51496558151538,15.515507673844695,15.524773497134447,9.265823289752007,True,
3048,onnx_model_000,measure,15.52308756662162,15.523372333031148,15.524809976108372,1.437643077224493,True,
3049,onnx_model_000,measure,15.523363817406139,15.52380548696965,15.534990027081221,11.18454011157155,True,
3050,onnx_model_000,measure,15.534219931682047,15.53508776286617,15.540200582239777,5.1128193736076355,True,
3051,onnx_model_000,measure,15.537550001140206,15.538546427153051,15.540361237246543,1.8148100934922695,True,
3052,onnx_model_000,measure,15.537995800114272,15.538712723180652,15.540417884942144,1.7051617614924908,True,
3053,onnx_model_000,measure,15.538793380197548,15.539177116006613,15.540449044201523,1.2719281949102879,True,
3054,onnx_model_000,measure,15.540643860262275,15.54167803004384,15.552618857007474,10.940826963633299,True,
3055,onnx_model_000,measure,15.556938170206784,15.557883463799953,15.563095211051404,5.2117472514510155,True,
3056,onnx_model_000,measure,15.559968473460275,15.560325205791742,15.56325734918937,2.932143397629261,True,
3057,onnx_model_000,measure,15.560888966893124,15.561788897961378,15.563314768020064,1.5258700586855412,True,
3058,onnx_model_000,measure,15.561951631214825,15.562144102994353,15.563346749171615,1.2026461772620678,True,
3059,onnx_model_000,measure,15.5738683560628,15.574585522990674,15.58563772123307,11.052198242396116,True,
3060,onnx_model_000,measure,15.575937064589644,15.577046370133758,15.585816982202232,8.770612068474293,True,
3061,onnx_model_000,measure,15.580451089124967,15.581505937036127,15.585875744000077,4.369806963950396,True,
3062,onnx_model_000,measure,15.584675454850927,15.585073749069124,15.596216400153935,11.142651084810495,True,
3063,onnx_model_000,measure,15.586552511533535,15.587095031980425,15.596381453797221,9.286421816796064,True,
3064,onnx_model_000,measure,15.589551794497645,15.590539098251611,15.596420607995242,5.881509743630886,True,
3065,onnx_model_000,measure,15.605585565587289,15.606650594156235,15.617722500115633,11.071905959397554,True,
3066,onnx_model_000,measure,15.612198065305398,15.613156099803746,15.617891851812601,4.735752008855343,True,
3067,onnx_model_000,measure,15.614819003279935,15.615608511958271,15.6179302749224,2.321762964129448,True,
3068,onnx_model_000,measure,15.618784561343364,15.619150474201888,15.630611761007458,11.461286805570126,True,
3069,onnx_model_000,measure,15.619052848738326,15.619514335878193,15.630658398848027,11.144062969833612,True,
3070,onnx_model_000,measure,15.62843541011233,15.629952577874064,15.641334644053131,11.382066179066896,True,
3071,onnx_model_000,measure,15.629194494939638,15.630141457077116,15.641380140092224,11.238683015108109,True,
3072,onnx_model_000,measure,15.640210185824014,15.640914555173367,15.646371859125793,5.457303952425718,True,
3073,onnx_model_000,measure,15.641822050107956,15.642602213192731,15.646560056135058,3.957842942327261,True,
3074,onnx_model_000,measure,15.643895837857338,15.645073560997844,15.646599391009659,1.5258300118148327,True,
3075,onnx_model_000,measure,15.644164901640085,15.645236430224031,15.646632263902575,1.3958336785435677,True,
3076,onnx_model_000,measure,15.644953542623087,15.64538172725588,15.656561356969178,11.17962971329689,True,
3077,onnx_model_000,measure,15.657211593191128,15.657812344841659,15.66904010809958,11.227763257920742,True,
3078,onnx_model_000,measure,15.657330336232645,15.657985044177622,15.669154135044664,11.169090867042542,True,
3079,onnx_model_000,measure,15.670839839227677,15.67137827211991,15.682362722232938,10.984450113028288,True,
3080,onnx_model_000,measure,15.675128737352415,15.675841014832258,15.682510172948241,6.669158115983009,True,
3081,onnx_model_000,measure,15.683065223340748,15.683733037207276,15.694694542791694,10.961505584418774,True,
3082,onnx_model_000,measure,15.68434703865552,15.68520090682432,15.694843616802245,9.642709977924824,True,
3083,onnx_model_000,measure,15.698021459053793,15.699068908113986,15.704361578915268,5.292670801281929,True,
3084,onnx_model_000,measure,15.699018195163182,15.699436888098717,15.704522104002535,5.085215903818607,True,
3085,onnx_model_000,measure,15.699751162834788,15.700876675080508,15.704579423181713,3.7027481012046337,True,
3086,onnx_model_000,measure,15.702493776454736,15.70331424800679,15.70460953982547,1.295291818678379,True,
3087,onnx_model_000,measure,15.705501620017992,15.705847844015807,15.710986372083426,5.1385280676186085,True,
3088,onnx_model_000,measure,15.707544381396412,15.70829899283126,15.711190729867667,2.891737036406994,True,
3089,onnx_model_000,measure,15.707750489001405,15.708461442030966,15.711229815147817,2.768373116850853,True,
3090,onnx_model_000,measure,15.70938645122123,15.709987122099847,15.711260924115777,1.2738020159304142,True,
3091,onnx_model_000,measure,15.711101671781778,15.711414394900203,15.72158676199615,10.172367095947266,True,
3092,onnx_model_000,measure,15.714497720894782,15.714877649210393,15.721801349893212,6.92370068281889,True,
3093,onnx_model_000,measure,15.719425704623301,15.720317128114402,15.721841725986451,1.5245978720486164,True,
3094,onnx_model_000,measure,15.720099020646119,15.720478515140712,15.721873967908323,1.39545276761055,True,
3095,onnx_model_000,measure,15.720223798129199,15.720918441191316,15.732018270995468,11.09982980415225,True,
3096,onnx_model_000,measure,15.724902196901835,15.726121170911938,15.732145471964031,6.024301052093506,True,
3097,onnx_model_000,measure,15.734853931695255,15.735366474837065,15.74064933694899,5.282862111926079,True,
3098,onnx_model_000,measure,15.735662631472215,15.736817623954266,15.741239849943668,4.4222259894013405,True,
3099,onnx_model_000,measure,15.73697339768633,15.737261467147619,15.741288140881807,4.02667373418808,True,
3100,onnx_model_000,measure,15.738627488390058,15.739695113152266,15.741323699243367,1.6285860911011696,True,
3101,onnx_model_000,measure,15.740517692316853,15.740867050830275,15.75193201424554,11.064963415265083,True,
3102,onnx_model_000,measure,15.756196392353724,15.757188606075943,15.76833226904273,11.143662966787815,True,
3103,onnx_model_000,measure,15.760153014769033,15.760653161909431,15.768499726895243,7.84656498581171,True,
3104,onnx_model_000,measure,15.76469188871076,15.76510776905343,15.768537818919867,3.430049866437912,True,
3105,onnx_model_000,measure,15.768960548727426,15.7697689589113,15.77698397403583,7.2150151245296,True,
3106,onnx_model_000,measure,15.771722560700029,15.772218655794859,15.777060931082815,4.842275287955999,True,
3107,onnx_model_000,measure,15.774678202290692,15.775661429855973,15.777191408909857,1.5299790538847446,True,
3108,onnx_model_000,measure,15.77527194399674,15.77584646223113,15.777234720997512,1.3882587663829327,True,
3109,onnx_model_000,measure,15.8038540081939,15.80447622295469,15.815618603024632,11.142380069941282,True,
3110,onnx_model_000,measure,15.808038763912396,15.808922153897583,15.81579530891031,6.873155012726784,True,
3111,onnx_model_000,measure,15.80948471366452,15.810348546132445,15.815836207009852,5.487660877406597,True,
3112,onnx_model_000,measure,15.8232827949608,15.824059388134629,15.827396892011166,3.3375038765370846,True,
3113,onnx_model_000,measure,15.824728563826111,15.825503203086555,15.827606510836631,2.1033077500760555,True,
3114,onnx_model_000,measure,15.825268317374926,15.825665330979973,15.827570321969688,1.904990989714861,True,
3115,onnx_model_000,measure,15.825468733218223,15.82611290179193,15.82765807909891,1.5451773069798946,True,
3116,onnx_model_000,measure,15.834735209132885,15.8358986931853,15.843158673029393,7.259979844093323,True,
3117,onnx_model_000,measure,15.836675928434163,15.837371992878616,15.843315811827779,5.94381894916296,True,
3118,onnx_model_000,measure,15.837389850143174,15.837734733242542,15.8433714681305,5.636734887957573,True,
3119,onnx_model_000,measure,15.841092542539936,15.84218251798302,15.843401234131306,1.2187161482870579,True,
3120,onnx_model_000,measure,15.86203418337011,15.862636697944254,15.874395370017737,11.758672073483467,True,
3121,onnx_model_000,measure,15.86333187846356,15.864131479989737,15.874918223824352,10.786743834614754,True,
3122,onnx_model_000,measure,15.865668135890115,15.86656696908176,15.87496291892603,8.395949844270945,True,
3123,onnx_model_000,measure,15.874129668199759,15.874513905029744,15.881733939051628,7.220034021884203,True,
3124,onnx_model_000,measure,15.875507913738282,15.876185602974147,15.882301848847419,6.116245873272419,True,
3125,onnx_model_000,measure,15.876688473042185,15.877621822990477,15.882347284816206,4.725461825728416,True,
3126,onnx_model_000,measure,15.879609829566663,15.88006975594908,15.882380669005215,2.3109130561351776,True,
3127,onnx_model_000,measure,15.881604005394289,15.881935663055629,15.88832695223391,6.3912891782820225,True,
3128,onnx_model_000,measure,15.883220388290416,15.883620886132121,15.888487726915628,4.866840783506632,True,
3129,onnx_model_000,measure,15.886028235050954,15.887087716255337,15.888576726894826,1.489010639488697,True,
3130,onnx_model_000,measure,15.886322739750497,15.887249945197254,15.88854606822133,1.2961230240762234,True,
3131,onnx_model_000,measure,15.8911165274079,15.891827826853842,15.896138801239431,4.310974385589361,True,
3132,onnx_model_000,measure,15.892300418756916,15.893293181899935,15.896669670008123,3.376488108187914,True,
3133,onnx_model_000,measure,15.89386074759118,15.894776842091233,15.896713663823903,1.9368217326700687,True,
3134,onnx_model_000,measure,15.894984866388265,15.89514095382765,15.89674691716209,1.605963334441185,True,
3135,onnx_model_000,measure,15.89571717337546,15.896253088023514,15.907418271992356,11.16518396884203,True,
3136,onnx_model_000,measure,15.901014093841678,15.902022705879062,15.907539221923798,5.5165160447359085,True,
3137,onnx_model_000,measure,15.909091270635264,15.90977869881317,15.91701990319416,7.241204380989075,True,
3138,onnx_model_000,measure,15.911459540476189,15.912229317240417,15.91724481107667,5.0154938362538815,True,
3139,onnx_model_000,measure,15.912113363620639,15.912392407190055,15.91718668024987,4.794273059815168,True,
3140,onnx_model_000,measure,15.915223369924695,15.915902980137616,15.917277824133635,1.3748439960181713,True,
3141,onnx_model_000,measure,15.920370811399163,15.92151188198477,15.930768437217921,9.25655523315072,True,
3142,onnx_model_000,measure,15.926509141181386,15.926959577016532,15.930953088216484,3.993511199951172,True,
3143,onnx_model_000,measure,15.92740419978084,15.928389905951917,15.93099179212004,2.6018861681222916,True,
3144,onnx_model_000,measure,15.929025604094493,15.929836445953697,15.931023763027042,1.1873170733451843,True,
3145,onnx_model_000,measure,15.933666598048193,15.934256508015096,15.945253351237625,10.996843222528696,True,
3146,onnx_model_000,measure,15.950019199861348,15.950479615945369,15.959735829848796,9.256213903427124,True,
3147,onnx_model_000,measure,15.953397763842583,15.95392422284931,15.959928466938436,6.004244089126587,True,
3148,onnx_model_000,measure,15.954849852484923,15.955350675154477,15.959984984248877,4.634309094399214,True,
3149,onnx_model_000,measure,15.958080865810574,15.95879920013249,15.960015632212162,1.2164320796728134,True,
3150,onnx_model_000,measure,15.96479560999444,15.965251334942877,15.976991611067206,11.740276124328375,True,
3151,onnx_model_000,measure,15.972200362584429,15.97270310902968,15.977037998847663,4.334889817982912,True,
3152,onnx_model_000,measure,15.975622711627453,15.976177352946252,15.982648172881454,6.470819935202599,True,
3153,onnx_model_000,measure,15.976018303877613,15.976362905930728,15.982826632913202,6.463726982474327,True,
3154,onnx_model_000,measure,15.97650253734351,15.977172044105828,15.982885845005512,5.713800899684429,True,
3155,onnx_model_000,measure,15.981299927753883,15.981617183890194,15.982917846180499,1.3006622903048992,True,
3156,onnx_model_000,measure,15.991768243317138,15.993150507099926,16.00423680106178,11.086293961852789,True,
3157,onnx_model_000,measure,15.998365612400942,15.998626246117055,16.00438212696463,5.75588084757328,True,
3158,onnx_model_000,measure,15.999503450140159,16.0000876840204,16.00441913679242,4.331452772021294,True,
3159,onnx_model_000,measure,16.013318392262033,16.01464717881754,16.018868083134294,4.220904316753149,True,
3160,onnx_model_000,measure,16.01419684026459,16.01483171992004,16.01903226505965,4.200545139610767,True,
3161,onnx_model_000,measure,16.015518851801772,16.016343142837286,16.019090235233307,2.7470923960208893,True,
3162,onnx_model_000,measure,16.01702900019913,16.01781385904178,16.019120662938803,1.306803897023201,True,
3163,onnx_model_000,measure,16.021502732265247,16.022352846805006,16.033689556177706,11.33670937269926,True,
3164,onnx_model_000,measure,16.02751155030728,16.027836319990456,16.033732797950506,5.896477960050106,True,
3165,onnx_model_000,measure,16.032423389784125,16.03327949717641,16.04435991914943,11.080421973019838,True,
3166,onnx_model_000,measure,16.040818708701217,16.04197379294783,16.04486947786063,2.895684912800789,True,
3167,onnx_model_000,measure,16.043910590486664,16.044454177841544,16.054058774840087,9.604596998542547,True,
3168,onnx_model_000,measure,16.045766113384097,16.04609187087044,16.05456459708512,8.472726214677095,True,
3169,onnx_model_000,measure,16.05159588457535,16.05253638094291,16.054609030950814,2.072650007903576,True,
3170,onnx_model_000,measure,16.05183068905,16.0526997721754,16.064125501085073,11.425728909671307,True,
3171,onnx_model_000,measure,16.05229008702899,16.05287217022851,16.054642285220325,1.770114991813898,True,
3172,onnx_model_000,measure,16.053232123805056,16.05415788386017,16.064169473946095,10.011590085923672,True,
3173,onnx_model_000,measure,16.05471358513972,16.05591295985505,16.064202236942947,8.289277087897062,True,
3174,onnx_model_000,measure,16.062221926731343,16.063356689177454,16.074361797887832,11.005108710378408,True,
3175,onnx_model_000,measure,16.06710284747289,16.067438077181578,16.07452232390642,7.084246724843979,True,
3176,onnx_model_000,measure,16.069514607549156,16.069914354011416,16.074566416908056,4.652062896639109,True,
3177,onnx_model_000,measure,16.077643605316506,16.078870528843254,16.08179620001465,2.9256711713969707,True,
3178,onnx_model_000,measure,16.07844416046124,16.07903801696375,16.081990991253406,2.9529742896556854,True,
3179,onnx_model_000,measure,16.079334452622593,16.080549059901386,16.082027569878846,1.4785099774599075,True,
3180,onnx_model_000,measure,16.07964218831777,16.080713162198663,16.082059329841286,1.3461676426231861,True,
3181,onnx_model_000,measure,16.096503781274805,16.097296805121005,16.108292846940458,10.99604181945324,True,
3182,onnx_model_000,measure,16.103303962517046,16.103743840008974,16.108335939235985,4.592099227011204,True,
3183,onnx_model_000,measure,16.104384353228895,16.105217832140625,16.10836928198114,3.151449840515852,True,
3184,onnx_model_000,measure,16.116139182044822,16.116608703974634,16.127691781148314,11.083077173680067,True,
3185,onnx_model_000,measure,16.118675533044467,16.119070183020085,16.12773587508127,8.665692061185837,True,
3186,onnx_model_000,measure,16.125351810803007,16.126502560917288,16.127787804231048,1.2852433137595654,True,
3187,onnx_model_000,measure,16.12937686683394,16.130021980963647,16.138328100088984,8.306119125336409,True,
3188,onnx_model_000,measure,16.13175094619025,16.132463541813195,16.138502691872418,6.039150059223175,True,
3189,onnx_model_000,measure,16.13283030071217,16.13390440121293,16.13856259500608,4.658193793147802,True,
3190,onnx_model_000,measure,16.136346624088528,16.137335543055087,16.138595147058368,1.2596040032804012,True,
3191,onnx_model_000,measure,16.137480604864805,16.137701177969575,16.146683231927454,8.982053957879543,True,
3192,onnx_model_000,measure,16.13915405144473,16.139839202165604,16.146727615967393,6.888413801789284,True,
3193,onnx_model_000,measure,16.144280767105926,16.14528679708019,16.146778592839837,1.4917957596480846,True,
3194,onnx_model_000,measure,16.144704776551656,16.145447513088584,16.146811925806105,1.3644127175211906,True,
3195,onnx_model_000,measure,16.14558045622651,16.145895935129374,16.151855973992497,5.960038863122463,True,
3196,onnx_model_000,measure,16.148059027496274,16.149084887001663,16.15203868225217,2.953795250505209,True,
3197,onnx_model_000,measure,16.14944017599734,16.150596280116588,16.15207765623927,1.4813761226832867,True,
3198,onnx_model_000,measure,16.150307188367186,16.150800096802413,16.152109215967357,1.309119164943695,True,
3199,onnx_model_000,measure,16.15458196434943,16.155347901862115,16.16466126497835,9.313363116234541,True,
3200,onnx_model_000,measure,16.15615633186639,16.15680419979617,16.165210239123553,8.406039327383041,True,
3201,onnx_model_000,measure,16.161443949038002,16.16224147612229,16.16525497380644,3.013497684150934,True,
3202,onnx_model_000,measure,16.1632927619506,16.163670932874084,16.16530048009008,1.6295472159981728,True,
3203,onnx_model_000,measure,16.164041552460038,16.164793816860765,16.175963278859854,11.169461999088526,True,
3204,onnx_model_000,measure,16.175020454610877,16.17554245889187,16.186565683223307,11.023224331438541,True,
3205,onnx_model_000,measure,16.185604683328485,16.186192222870886,16.19139551417902,5.203291308134794,True,
3206,onnx_model_000,measure,16.18861982724236,16.189836129080504,16.19155901391059,1.7228848300874233,True,
3207,onnx_model_000,measure,16.189727481623688,16.19020416913554,16.1916158022359,1.411633100360632,True,
3208,onnx_model_000,measure,16.18993014310601,16.190367368981242,16.191647802945226,1.280433963984251,True,
3209,onnx_model_000,measure,16.20037774299909,16.201892987824976,16.212956607807428,11.0636199824512,True,
3210,onnx_model_000,measure,16.206705442735824,16.207342465873808,16.213087937794626,5.74547192081809,True,
3211,onnx_model_000,measure,16.21431641345349,16.215307617094368,16.220493094064295,5.185476969927549,True,
3212,onnx_model_000,measure,16.215791403912707,16.216760679148138,16.220659099984914,3.898420836776495,True,
3213,onnx_model_000,measure,16.21674822046992,16.21711784787476,16.22071628784761,3.5984399728477,True,
3214,onnx_model_000,measure,16.218819670877544,16.219546454958618,16.220746436156332,1.1999811977148056,True,
3215,onnx_model_000,measure,16.22078040051719,16.220926898997277,16.231919032987207,10.992133989930153,True,
3216,onnx_model_000,measure,16.230291149782687,16.231370060238987,16.242520335130394,11.150274891406298,True,
3217,onnx_model_000,measure,16.24065848846212,16.242144960910082,16.249778361059725,7.633400149643421,True,
3218,onnx_model_000,measure,16.245479397419412,16.24576288787648,16.249824319034815,4.061431158334017,True,
3219,onnx_model_000,measure,16.24592309936276,16.24612891394645,16.249858603812754,3.7296898663043976,True,
3220,onnx_model_000,measure,16.248285486454108,16.248556489124894,16.249888140242547,1.3316511176526546,True,
3221,onnx_model_000,measure,16.248721162170945,16.24894841387868,16.26006750902161,11.119095142930746,True,
3222,onnx_model_000,measure,16.25355162766726,16.254177493043244,16.260565216187388,6.38772314414382,True,
3223,onnx_model_000,measure,16.258381510450942,16.258624827023596,16.26060930918902,1.9844821654260159,True,
3224,onnx_model_000,measure,16.25911363130996,16.260183449834585,16.27116089593619,10.977446101605892,True,
3225,onnx_model_000,measure,16.27362211034588,16.274381779134274,16.285419089253992,11.037310119718313,True,
3226,onnx_model_000,measure,16.281806058294663,16.282839586026967,16.285547343082726,2.70775705575943,True,
3227,onnx_model_000,measure,16.286173514621765,16.286776138935238,16.29783736495301,11.061226017773151,True,
3228,onnx_model_000,measure,16.292279841712375,16.29321376606822,16.29828122910112,5.067463032901287,True,
3229,onnx_model_000,measure,16.297534661076174,16.297935951966792,16.30894908681512,11.013134848326445,True,
3230,onnx_model_000,measure,16.302015095830903,16.30250809295103,16.30911538284272,6.607289891690016,True,
3231,onnx_model_000,measure,16.305776979637297,16.30694199120626,16.309182880911976,2.2408897057175636,True,
3232,onnx_model_000,measure,16.311256482832405,16.312410166021436,16.314370171166956,1.9600051455199718,True,
3233,onnx_model_000,measure,16.311604833667385,16.312572593800724,16.31453324109316,1.9606472924351692,True,
3234,onnx_model_000,measure,16.31269637592616,16.31305315811187,16.314590349793434,1.5371916815638542,True,
3235,onnx_model_000,measure,16.313118902710837,16.313427980057895,16.314676293171942,1.2483131140470505,True,
3236,onnx_model_000,measure,16.316370854691158,16.316895180847496,16.328456107061356,11.560926213860512,True,
3237,onnx_model_000,measure,16.320163688137715,16.321364977862686,16.328500370960683,7.135393097996712,True,
3238,onnx_model_000,measure,16.326575001245754,16.327814416959882,16.330974845215678,3.1604282557964325,True,
3239,onnx_model_000,measure,16.326584819995205,16.32800030009821,16.331137724220753,3.137424122542143,True,
3240,onnx_model_000,measure,16.32852149943964,16.32972827507183,16.331193751189858,1.465476118028164,True,
3241,onnx_model_000,measure,16.329427684850895,16.329910831991583,16.331223858054727,1.313026063144207,True,
3242,onnx_model_000,measure,16.332900571540435,16.333483663853258,16.344824170228094,11.340506374835968,True,
3243,onnx_model_000,measure,16.33660970745258,16.33695572288707,16.344868634827435,7.91291194036603,True,
3244,onnx_model_000,measure,16.343864472790774,16.344393141102046,16.35545670101419,11.063559912145138,True,
3245,onnx_model_000,measure,16.344896019389417,16.346089566126466,16.355613498948514,9.523932822048664,True,
3246,onnx_model_000,measure,16.350873631398525,16.35152702080086,16.35565085010603,4.1238293051719666,True,
3247,onnx_model_000,measure,16.355890346561797,16.356886468827724,16.36787363421172,10.98716538399458,True,
3248,onnx_model_000,measure,16.360214729702616,16.36138099199161,16.368000105023384,6.619113031774759,True,
3249,onnx_model_000,measure,16.371795206291548,16.37222459493205,16.380509523209184,8.284928277134895,True,
3250,onnx_model_000,measure,16.37257363380361,16.373661105055362,16.38067646091804,7.015355862677097,True,
3251,onnx_model_000,measure,16.37574045757683,16.37610932905227,16.380730864126235,4.621535073965788,True,
3252,onnx_model_000,measure,16.3785596133863,16.379541573114693,16.380781429819763,1.239856705069542,True,
3253,onnx_model_000,measure,16.383081642981068,16.384024193976074,16.39021283807233,6.188644096255302,True,
3254,onnx_model_000,measure,16.383406597716032,16.38418669300154,16.39039565483108,6.208961829543114,True,
3255,onnx_model_000,measure,16.384906744384487,16.385701642837375,16.390432484913617,4.73084207624197,True,
3256,onnx_model_000,measure,16.388385268757386,16.389155919197947,16.390463535208255,1.3076160103082657,True,
3257,onnx_model_000,measure,16.389337724888822,16.389516634866595,16.400606454815716,11.089819949120283,True,
3258,onnx_model_000,measure,16.39412983013554,16.39469651086256,16.40114418696612,6.447676103562117,True,
3259,onnx_model_000,measure,16.39535577249471,16.39615839906037,16.40119001409039,5.031615030020475,True,
3260,onnx_model_000,measure,16.399253456041457,16.399619278032333,16.410671066027135,11.051787994801998,True,
3261,onnx_model_000,measure,16.40023785828332,16.400724429171532,16.41113479807973,10.410368908196688,True,
3262,onnx_model_000,measure,16.40996166822691,16.41078230785206,16.42185749998316,11.075192131102085,True,
3263,onnx_model_000,measure,16.41384891014493,16.414366309996694,16.42234228225425,7.975972257554531,True,
3264,onnx_model_000,measure,16.41804845390852,16.418825236149132,16.422386094927788,3.560858778655529,True,
3265,onnx_model_000,measure,16.42158250044133,16.42195575684309,16.432977066840976,11.02130999788642,True,
3266,onnx_model_000,measure,16.427992109244485,16.42862048605457,16.433143763802946,4.523277748376131,True,
3267,onnx_model_000,measure,16.429074527702458,16.43008829606697,16.4331806441769,3.0923481099307537,True,
3268,onnx_model_000,measure,16.435723529218322,16.436403900850564,16.447373833041638,10.969932191073895,True,
3269,onnx_model_000,measure,16.443314499472276,16.443869140930474,16.44750444125384,3.635300323367119,True,
3270,onnx_model_000,measure,16.44747095794734,16.44765182118863,16.45866637909785,11.014557909220457,True,
3271,onnx_model_000,measure,16.448536461593335,16.44911510311067,16.45884354505688,9.728441946208477,True,
3272,onnx_model_000,measure,16.457082972473426,16.457559844944626,16.458883832208812,1.3239872641861439,True,
3273,onnx_model_000,measure,16.460762317154106,16.461108841001987,16.472523749805987,11.414908803999424,True,
3274,onnx_model_000,measure,16.46813869222528,16.46859183581546,16.472571259830147,3.979424014687538,True,
3275,onnx_model_000,measure,16.471588101907308,16.47206347482279,16.4831257131882,11.062238365411758,True,
3276,onnx_model_000,measure,16.47257648299489,16.47271888097748,16.48329557524994,10.576694272458553,True,
3277,onnx_model_000,measure,16.47426428867362,16.475187692791224,16.483334199059755,8.146506268531084,True,
3278,onnx_model_000,measure,16.49941913333691,16.500573778990656,16.511636897921562,11.063118930906057,True,
3279,onnx_model_000,measure,16.509223080320652,16.51107148407027,16.515792868100107,4.721384029835463,True,
3280,onnx_model_000,measure,16.513638134357834,16.51388479117304,16.515984762925655,2.099971752613783,True,
3281,onnx_model_000,measure,16.51383872445312,16.514249044004828,16.516025410033762,1.7763660289347172,True,
3282,onnx_model_000,measure,16.51444121393015,16.514724927954376,16.516057130880654,1.3322029262781143,True,
3283,onnx_model_000,measure,16.51462687070881,16.515093298163265,16.526244095060974,11.15079689770937,True,
3284,onnx_model_000,measure,16.519156592967445,16.52029528701678,16.526305361185223,6.01007416844368,True,
3285,onnx_model_000,measure,16.525152473118304,16.52582882484421,16.53687445120886,11.045626364648342,True,
3286,onnx_model_000,measure,16.54097760221553,16.542098612058908,16.55347555782646,11.37694576755166,True,
3287,onnx_model_000,measure,16.54210654817202,16.542464056052268,16.553521865978837,11.057809926569462,True,
3288,onnx_model_000,measure,16.550756695610495,16.553012878168374,16.562840098980814,9.827220812439919,True,
3289,onnx_model_000,measure,16.55737560079167,16.557765922974795,16.563368102069944,5.60217909514904,True,
3290,onnx_model_000,measure,16.55822448758493,16.559224345255643,16.56341302813962,4.18868288397789,True,
3291,onnx_model_000,measure,16.56119824543916,16.56166227022186,16.563446131069213,1.7838608473539352,True,
3292,onnx_model_000,measure,16.56248657323535,16.562959224916995,16.57409507315606,11.135848239064217,True,
3293,onnx_model_000,measure,16.563415286556662,16.563606445211917,16.574225801043212,10.619355831295252,True,
3294,onnx_model_000,measure,16.577208967843667,16.57745835604146,16.583724717143923,6.266361102461815,True,
3295,onnx_model_000,measure,16.57938406002649,16.579909806139767,16.58396198786795,4.052181728184223,True,
3296,onnx_model_000,measure,16.579524643168657,16.58007416781038,16.583902354817837,3.828187007457018,True,
3297,onnx_model_000,measure,16.582314346543104,16.582597174216062,16.58399449987337,1.3973256573081017,True,
3298,onnx_model_000,measure,16.5892473853946,16.590230584144592,16.599655048921704,9.424464777112007,True,
3299,onnx_model_000,measure,16.590641179835213,16.59167277486995,16.599699452985078,8.02667811512947,True,
3300,onnx_model_000,measure,16.591745225750593,16.592040774878114,16.599732857197523,7.692082319408655,True,
3301,onnx_model_000,measure,16.59790011592322,16.598475056234747,16.599781598895788,1.3065426610410213,True,
3302,onnx_model_000,measure,16.598646889520957,16.598849306814373,16.60993278492242,11.083478108048439,True,
3303,onnx_model_000,measure,16.608846685460847,16.61002916796133,16.6211250401102,11.095872148871422,True,
3304,onnx_model_000,measure,16.62243321661096,16.6233490081504,16.6344905057922,11.141497641801834,True,
3305,onnx_model_000,measure,16.6263265801746,16.626825876999646,16.634632254950702,7.806377951055765,True,
3306,onnx_model_000,measure,16.627850957296904,16.628257046919316,16.634669004939497,6.411958020180464,True,
3307,onnx_model_000,measure,16.645454212689337,16.645904291886836,16.656961660832167,11.057368945330381,True,
3308,onnx_model_000,measure,16.661065019888532,16.662264910992235,16.668770167045295,6.505256053060293,True,
3309,onnx_model_000,measure,16.66246870858072,16.662677675951272,16.668952703941613,6.2750279903411865,True,
3310,onnx_model_000,measure,16.664978378810808,16.666206885129213,16.669007217977196,2.800332847982645,True,
3311,onnx_model_000,measure,16.66734451399818,16.667688841931522,16.669040461070836,1.3516191393136978,True,
3312,onnx_model_000,measure,16.67292359140263,16.673282724805176,16.684592543169856,11.309818364679813,True,
3313,onnx_model_000,measure,16.679529070512654,16.68073962908238,16.68470644019544,3.9668111130595207,True,
3314,onnx_model_000,measure,16.68550871716089,16.685933262109756,16.69733130792156,11.398045811802149,True,
3315,onnx_model_000,measure,16.691805895221705,16.692384453956038,16.697376383002847,4.991929046809673,True,
3316,onnx_model_000,measure,16.697155903842685,16.697505097836256,16.708504687063396,10.99958922713995,True,
3317,onnx_model_000,measure,16.713502414990366,16.713844887912273,16.725012626033276,11.167738121002913,True,
3318,onnx_model_000,measure,16.71693619513289,16.71740095783025,16.725065477192402,7.664519362151623,True,
3319,onnx_model_000,measure,16.722782366092147,16.72394583793357,16.725165176205337,1.219338271766901,True,
3320,onnx_model_000,measure,16.729826584828146,16.73041624808684,16.737685025203973,7.268777117133141,True,
3321,onnx_model_000,measure,16.730217615003596,16.730599276255816,16.737874124199152,7.274847943335772,True,
3322,onnx_model_000,measure,16.73269509198174,16.73317854804918,16.73792395880446,4.74541075527668,True,
3323,onnx_model_000,measure,16.73576812172185,16.73662622179836,16.737954957876354,1.3287360779941082,True,
3324,onnx_model_000,measure,16.74063774494609,16.741193905007094,16.752294845879078,11.100940871983767,True,
3325,onnx_model_000,measure,16.747836545720794,16.748649006243795,16.752438980154693,3.78997391089797,True,
3326,onnx_model_000,measure,16.748162161793463,16.74883043114096,16.752497130073607,3.666698932647705,True,
3327,onnx_model_000,measure,16.753771568083724,16.75472718011588,16.7662409148179,11.513734702020884,True,
3328,onnx_model_000,measure,16.754348049467623,16.754905758891255,16.76619801390916,11.292255017906427,True,
3329,onnx_model_000,measure,16.764203492862325,16.76541822217405,16.7765170391649,11.098816990852356,True,
3330,onnx_model_000,measure,16.783679512128767,16.784828797914088,16.796081888955086,11.253091040998697,True,
3331,onnx_model_000,measure,16.78814794714256,16.789381912909448,16.7961348798126,6.752966903150082,True,
3332,onnx_model_000,measure,16.803404170804132,16.80443452624604,16.81550307618454,11.068549938499928,True,
3333,onnx_model_000,measure,16.811773715885035,16.81298185279593,16.81570180412382,2.7199513278901577,True,
3334,onnx_model_000,measure,16.81236999578157,16.81316930009052,16.81555442418903,2.38512409850955,True,
3335,onnx_model_000,measure,16.81444428632453,16.814797244034708,16.826324415858835,11.527171824127436,True,
3336,onnx_model_000,measure,16.814647673155843,16.81498903920874,16.826378277968615,11.389238759875298,True,
3337,onnx_model_000,measure,16.82286343349556,16.82399770291522,16.82641380606219,2.416103146970272,True,
3338,onnx_model_000,measure,16.82669359429941,16.8277226742357,16.83886519400403,11.142519768327475,True,
3339,onnx_model_000,measure,16.82806780730364,16.829222864937037,16.8390214308165,9.79856587946415,True,
3340,onnx_model_000,measure,16.82984204397865,16.83066739095375,16.839061708189547,8.394317235797644,True,
3341,onnx_model_000,measure,16.844846208843425,16.845294896047562,16.856588614173234,11.293718125671148,True,
3342,onnx_model_000,measure,16.845004671071205,16.845468536019325,16.856739109847695,11.270573828369379,True,
3343,onnx_model_000,measure,16.85076667222553,16.85100607201457,16.85679761087522,5.7915388606488705,True,
3344,onnx_model_000,measure,16.859715680473737,16.860032130032778,16.871144433040172,11.112303007394075,True,
3345,onnx_model_000,measure,16.870408919219166,16.871256926096976,16.882420467212796,11.163541115820408,True,
3346,onnx_model_000,measure,16.872329358074495,16.87281038891524,16.882574920076877,9.764531161636114,True,
3347,onnx_model_000,measure,16.87551791623863,16.876355026848614,16.88261598814279,6.260961294174194,True,
3348,onnx_model_000,measure,16.888717777319396,16.88992309803143,16.898646641056985,8.723543025553226,True,
3349,onnx_model_000,measure,16.89016246701347,16.890372822992504,16.89871197519824,8.339152205735445,True,
3350,onnx_model_000,measure,16.891763502347455,16.89289532788098,16.89885411504656,5.95878716558218,True,
3351,onnx_model_000,measure,16.896194178749223,16.89744043815881,16.898891876917332,1.451438758522272,True,
3352,onnx_model_000,measure,16.908509928405945,16.909198347944766,16.92035921290517,11.16086496040225,True,
3353,onnx_model_000,measure,16.909723485298112,16.910743325017393,16.920510901138186,9.76757612079382,True,
3354,onnx_model_000,measure,16.912009991459808,16.91324157314375,16.92055182904005,7.310255896300077,True,
3355,onnx_model_000,measure,16.92164442959202,16.922795745078474,16.933867671061307,11.071925982832909,True,
3356,onnx_model_000,measure,16.92328722198656,16.924246462062,16.934012605808675,9.76614374667406,True,
3357,onnx_model_000,measure,16.93034448387562,16.930681814905256,16.9340713378042,3.389522898942232,True,
3358,onnx_model_000,measure,16.936295301982984,16.937294534873217,16.948591929860413,11.29739498719573,True,
3359,onnx_model_000,measure,16.942614348269753,16.943738273810595,16.948635121807456,4.896847996860743,True,
3360,onnx_model_000,measure,16.94788815403435,16.948183082975447,16.959177702199668,10.994619224220514,True,
3361,onnx_model_000,measure,16.95039290426728,16.950876302085817,16.959318418987095,8.442116901278496,True,
3362,onnx_model_000,measure,16.951204445725384,16.952310136985034,16.959374506026506,7.064369041472673,True,
3363,onnx_model_000,measure,16.965370188891136,16.96560327615589,16.976720488164574,11.117212008684874,True,
3364,onnx_model_000,measure,16.976252961726,16.97684581624344,16.988118364010006,11.272547766566277,True,
3365,onnx_model_000,measure,16.98142452538879,16.982389914803207,16.988170582801104,5.780667997896671,True,
3366,onnx_model_000,measure,16.983622533199643,16.98394370917231,16.988206951878965,4.263242706656456,True,
3367,onnx_model_000,measure,16.990390064438035,16.991514440160245,17.002596164122224,11.08172396197915,True,
3368,onnx_model_000,measure,16.99474091894386,16.9950147732161,17.002802066039294,7.7872928231954575,True,
3369,onnx_model_000,measure,17.00387381036475,17.00503682391718,17.016058634966612,11.021811049431562,True,
3370,onnx_model_000,measure,17.015735836826522,17.01615811418742,17.019347245804965,3.1891316175460815,True,
3371,onnx_model_000,measure,17.016397272548684,17.017607489135116,17.019540273118764,1.9327839836478233,True,
3372,onnx_model_000,measure,17.016711654644602,17.017790956888348,17.0194993452169,1.708388328552246,True,
3373,onnx_model_000,measure,17.01802858809165,17.01823910884559,17.019647376146168,1.4082673005759716,True,
3374,onnx_model_000,measure,17.021234640838863,17.021881111897528,17.033013433218002,11.132321320474148,True,
3375,onnx_model_000,measure,17.026385325034706,17.027327325195074,17.033057326916605,5.730001721531153,True,
3376,onnx_model_000,measure,17.042441665758194,17.043282574042678,17.05148362321779,8.20104917511344,True,
3377,onnx_model_000,measure,17.042442441927403,17.043446956202388,17.05167170986533,8.22475366294384,True,
3378,onnx_model_000,measure,17.046400507287633,17.04695727908984,17.051729450002313,4.772170912474394,True,
3379,onnx_model_000,measure,17.04961454217958,17.050393260084093,17.051776478998363,1.383218914270401,True,
3380,onnx_model_000,measure,17.05338889272371,17.054012469947338,17.06521323090419,11.200760956853628,True,
3381,onnx_model_000,measure,17.056553097478496,17.05747551191598,17.06572287902236,8.247367106378078,True,
3382,onnx_model_000,measure,17.064862150700673,17.065327598247677,17.073875937145203,8.548338897526264,True,
3383,onnx_model_000,measure,17.06702892812601,17.067970061209053,17.07439213898033,6.422077771276236,True,
3384,onnx_model_000,measure,17.06915971431261,17.069413024000823,17.074440550990403,5.027526989579201,True,
3385,onnx_model_000,measure,17.07200104212378,17.072864384856075,17.074478032067418,1.61364721134305,True,
3386,onnx_model_000,measure,17.073144882594544,17.073988230898976,17.085228757932782,11.240527033805847,True,
3387,onnx_model_000,measure,17.079616923090487,17.080718785058707,17.085272260010242,4.553474951535463,True,
3388,onnx_model_000,measure,17.086658936295443,17.087494113948196,17.09842848824337,10.934374295175076,True,
3389,onnx_model_000,measure,17.10080877228689,17.101649690885097,17.112706618849188,11.056927964091301,True,
3390,onnx_model_000,measure,17.106801738849086,17.107110041193664,17.113230674993247,6.12063379958272,True,
3391,onnx_model_000,measure,17.1112045320711,17.111550812143832,17.113274378236383,1.7235660925507545,True,
3392,onnx_model_000,measure,17.11202245426224,17.112841054797173,17.12391626695171,11.07521215453744,True,
3393,onnx_model_000,measure,17.12863543561996,17.12914882414043,17.140079461038113,10.930636897683144,True,
3394,onnx_model_000,measure,17.138950216738834,17.139600741211325,17.15073818201199,11.137440800666809,True,
3395,onnx_model_000,measure,17.147516762161622,17.14832159783691,17.150895840954036,2.5742431171238422,True,
3396,onnx_model_000,measure,17.15383203192497,17.154115552082658,17.165187869220972,11.072317138314247,True,
3397,onnx_model_000,measure,17.15937136434693,17.16054887091741,17.165333696175367,4.784825257956982,True,
3398,onnx_model_000,measure,17.160636292723964,17.16095065418631,17.165370375849307,4.4197216629981995,True,
3399,onnx_model_000,measure,17.17068795915534,17.17166370805353,17.182915767189115,11.252059135586023,True,
3400,onnx_model_000,measure,17.177161848506827,17.17822762625292,17.182968818116933,4.741191864013672,True,
3401,onnx_model_000,measure,17.177496954708136,17.17841494223103,17.18300464609638,4.589703865349293,True,
3402,onnx_model_000,measure,17.186076637072063,17.18731957813725,17.19432507408783,7.005495950579643,True,
3403,onnx_model_000,measure,17.186862787726778,17.187507816124707,17.194388614967465,6.88079884275794,True,
3404,onnx_model_000,measure,17.189260565743442,17.19012653408572,17.19476997992024,4.643445834517479,True,
3405,onnx_model_000,measure,17.191658017838964,17.19262055400759,17.197164051234722,4.54349722713232,True,
3406,onnx_model_000,measure,17.191696194675835,17.193012710195035,17.194811689201742,1.7989790067076683,True,
3407,onnx_model_000,measure,17.192219787641896,17.193192280828953,17.19731682119891,4.1245403699576855,True,
3408,onnx_model_000,measure,17.192903751566256,17.193787863012403,17.19735624594614,3.5683829337358475,True,
3409,onnx_model_000,measure,17.195061985614082,17.19603693811223,17.19746458204463,1.427643932402134,True,
3410,onnx_model_000,measure,17.19990241918831,17.20068930182606,17.211859324947,11.170023120939732,True,
3411,onnx_model_000,measure,17.204854140503567,17.205155360978097,17.211994672194123,6.839311216026545,True,
3412,onnx_model_000,measure,17.214873863378173,17.215220123063773,17.22263643098995,7.4163079261779785,True,
3413,onnx_model_000,measure,17.21708870455613,17.217668877914548,17.222842882853,5.174004938453436,True,
3414,onnx_model_000,measure,17.218056676430116,17.21914772922173,17.22288195695728,3.7342277355492115,True,
3415,onnx_model_000,measure,17.22078164700469,17.22159210499376,17.222913097124547,1.3209921307861805,True,
3416,onnx_model_000,measure,17.227936543707262,17.229150923900306,17.23844732483849,9.29640093818307,True,
3417,onnx_model_000,measure,17.23045037175787,17.23160920618102,17.238645872101188,7.036665920168161,True,
3418,onnx_model_000,measure,17.23060040657474,17.231792103964835,17.238683043047786,6.890939082950354,True,
3419,onnx_model_000,measure,17.23677134061124,17.237308159004897,17.23871318018064,1.4050211757421494,True,
3420,onnx_model_000,measure,17.245195385557796,17.245974823832512,17.257063841912895,11.08901808038354,True,
3421,onnx_model_000,measure,17.2598425509875,17.260307407937944,17.27137014688924,11.062738951295614,True,
3422,onnx_model_000,measure,17.277063609946193,17.277667686808854,17.287067335098982,9.399648290127516,True,
3423,onnx_model_000,measure,17.27805159854793,17.27924377284944,17.28723673708737,7.9929642379283905,True,
3424,onnx_model_000,measure,17.279134559200344,17.27963598910719,17.28729643020779,7.660441100597382,True,
3425,onnx_model_000,measure,17.285269635054874,17.286097852047533,17.28732871217653,1.2308601289987564,True,
3426,onnx_model_000,measure,17.302437771115915,17.303637633100152,17.31477971188724,11.142078787088394,True,
3427,onnx_model_000,measure,17.31276438490689,17.314197135157883,17.325643613003194,11.446477845311165,True,
3428,onnx_model_000,measure,17.320192419994246,17.321098123211414,17.325695692095906,4.5975688844919205,True,
3429,onnx_model_000,measure,17.32257808129428,17.323694438207895,17.325733142904937,2.0387046970427036,True,
3430,onnx_model_000,measure,17.325034853149347,17.32585369190201,17.337466896977276,11.613205075263977,True,
3431,onnx_model_000,measure,17.335005181601733,17.33641421608627,17.346095179207623,9.68096312135458,True,
3432,onnx_model_000,measure,17.33567318024761,17.336600380018353,17.346147587988526,9.547207970172167,True,
3433,onnx_model_000,measure,17.33632508879229,17.33714080788195,17.346266604028642,9.125796146690845,True,
3434,onnx_model_000,measure,17.344276781473194,17.34478570893407,17.346303023863584,1.5173149295151234,True,
3435,onnx_model_000,measure,17.352548713611267,17.354113910812885,17.363796667195857,9.682756382972002,True,
3436,onnx_model_000,measure,17.35393032804131,17.354303201194853,17.363873593043536,9.570391848683357,True,
3437,onnx_model_000,measure,17.360551240174974,17.36093316413462,17.363910253159702,2.977089025080204,True,
3438,onnx_model_000,measure,17.36173518702461,17.36247138818726,17.364016343839467,1.5449556522071362,True,
3439,onnx_model_000,measure,17.373228917137773,17.374326973222196,17.38552829483524,11.201321613043547,True,
3440,onnx_model_000,measure,17.38695328876089,17.3878747462295,17.399126634001732,11.251887772232294,True,
3441,onnx_model_000,measure,17.39042168711318,17.391423551831394,17.399180176202208,7.75662437081337,True,
3442,onnx_model_000,measure,17.408674391219265,17.40948318084702,17.420845839194953,11.362658347934484,True,
3443,onnx_model_000,measure,17.41177099133159,17.413044149056077,17.420900523196906,7.856374140828848,True,
3444,onnx_model_000,measure,17.41913749581641,17.419592335820198,17.420936150941998,1.3438151217997074,True,
3445,onnx_model_000,measure,17.427416892945008,17.4282483397983,17.439460292924196,11.21195312589407,True,
3446,onnx_model_000,measure,17.432585433248526,17.433808910194784,17.439525696914643,5.716786719858646,True,
3447,onnx_model_000,measure,17.44085576934747,17.441847410053015,17.449158187024295,7.310776971280575,True,
3448,onnx_model_000,measure,17.44121208220987,17.44203423615545,17.44921112805605,7.176891900599003,True,
3449,onnx_model_000,measure,17.44641276328832,17.447639340069145,17.44935170514509,1.7123650759458542,True,
3450,onnx_model_000,measure,17.446761529997076,17.447854379191995,17.449386972002685,1.532592810690403,True,
3451,onnx_model_000,measure,17.450252318193616,17.450691041070968,17.45914263604209,8.451594971120358,True,
3452,onnx_model_000,measure,17.450840767434,17.451118423137814,17.45920603722334,8.087614085525274,True,
3453,onnx_model_000,measure,17.456546136776527,17.457636163104326,17.459352464880794,1.7163017764687538,True,
3454,onnx_model_000,measure,17.45676638226028,17.457843827083707,17.459395676851273,1.5518497675657272,True,
3455,onnx_model_000,measure,17.45953238296292,17.46070985496044,17.46940325992182,8.693404961377382,True,
3456,onnx_model_000,measure,17.465655705276088,17.466343523934484,17.469473604112864,3.1300801783800125,True,
3457,onnx_model_000,measure,17.466175243427763,17.466790153179318,17.46959314122796,2.8029880486428738,True,
3458,onnx_model_000,measure,17.467321163471688,17.468302527908236,17.469629609957337,1.327082049101591,True,
3459,onnx_model_000,measure,17.47119475963187,17.47194967092946,17.483185238204896,11.235567275434732,True,
3460,onnx_model_000,measure,17.473188664399462,17.47349846502766,17.48325583199039,9.757366962730885,True,
3461,onnx_model_000,measure,17.475849739209686,17.47705241991207,17.48337644105777,6.324021145701408,True,
3462,onnx_model_000,measure,17.49051148651157,17.491678472142667,17.50292162410915,11.243151966482401,True,
3463,onnx_model_000,measure,17.49308618658259,17.49425812624395,17.502992349211127,8.73422296717763,True,
3464,onnx_model_000,measure,17.495336228546666,17.49581008590758,17.50309265917167,7.282573264092207,True,
3465,onnx_model_000,measure,17.50320388111615,17.504385105799884,17.515541832894087,11.156727094203234,True,
3466,onnx_model_000,measure,17.505382054759348,17.505944991018623,17.515722256153822,9.777265135198832,True,
3467,onnx_model_000,measure,17.505759349083128,17.506132477894425,17.51578378304839,9.65130515396595,True,
3468,onnx_model_000,measure,17.51432026687901,17.514765767846256,17.52599620586261,11.230438016355038,True,
3469,onnx_model_000,measure,17.515862335098923,17.517053606919944,17.52606124896556,9.007642045617104,True,
3470,onnx_model_000,measure,17.523936288404155,17.524604550097138,17.52616186114028,1.5573110431432724,True,
3471,onnx_model_000,measure,17.526381990210577,17.527403050102293,17.538566891103983,11.163841001689434,True,
3472,onnx_model_000,measure,17.532183616381282,17.532954052090645,17.538630020804703,5.675968714058399,True,
3473,onnx_model_000,measure,17.550692638306174,17.552948248106986,17.56434184499085,11.39359688386321,True,
3474,onnx_model_000,measure,17.55076602282796,17.553139310795814,17.564393654000014,11.254343204200268,True,
3475,onnx_model_000,measure,17.56059115137084,17.561745409853756,17.564430815167725,2.6854053139686584,True,
3476,onnx_model_000,measure,17.562277819765423,17.563300336245447,17.574583402834833,11.283066589385271,True,
3477,onnx_model_000,measure,17.563818074556544,17.56453303899616,17.574648417066783,10.115378070622683,True,
3478,onnx_model_000,measure,17.577417023117498,17.577950864098966,17.589268137235194,11.317273136228323,True,
3479,onnx_model_000,measure,17.577953342679113,17.578351045027375,17.58932049619034,10.969451162964106,True,
3480,onnx_model_000,measure,17.58373473366099,17.58487528702244,17.58935656491667,4.481277894228697,True,
3481,onnx_model_000,measure,17.588221233726205,17.589457236230373,17.601205106824636,11.747870594263077,True,
3482,onnx_model_000,measure,17.589081756351607,17.589640795253217,17.601256825961173,11.61603070795536,True,
3483,onnx_model_000,measure,17.589619167420945,17.590140354819596,17.60129290400073,11.152549181133509,True,
3484,onnx_model_000,measure,17.598498864062854,17.600683606229722,17.611920716241002,11.237110011279583,True,
3485,onnx_model_000,measure,17.60705743164854,17.60760335996747,17.612112591043115,4.509231075644493,True,
3486,onnx_model_000,measure,17.60902491056914,17.610107960179448,17.61215552315116,2.0475629717111588,True,
3487,onnx_model_000,measure,17.612406249262705,17.613382374867797,17.624477505218238,11.09513035044074,True,
3488,onnx_model_000,measure,17.6157986444033,17.616856839042157,17.624643329996616,7.7864909544587135,True,
3489,onnx_model_000,measure,17.618390277469313,17.619302107021213,17.624683626927435,5.38151990622282,True,
3490,onnx_model_000,measure,17.632118626226433,17.632911656983197,17.643277931958437,10.36627497524023,True,
3491,onnx_model_000,measure,17.635283797708333,17.63636662485078,17.643463173881173,7.096549030393362,True,
3492,onnx_model_000,measure,17.64011986142993,17.640818457119167,17.643513299990445,2.6948428712785244,True,
3493,onnx_model_000,measure,17.641684118654414,17.642251871991903,17.64354428788647,1.2924158945679665,True,
3494,onnx_model_000,measure,17.6510891346287,17.651795112062246,17.660133763216436,8.338651154190302,True,
3495,onnx_model_000,measure,17.65266318370017,17.653242824133486,17.66031056921929,7.0677450858056545,True,
3496,onnx_model_000,measure,17.65457363568946,17.6556814792566,17.660348650999367,4.667171742767096,True,
3497,onnx_model_000,measure,17.65862617938911,17.659137208014727,17.66037774598226,1.2405379675328732,True,
3498,onnx_model_000,measure,17.663859230601208,17.664612676016986,17.675740237813443,11.127561796456575,True,
3499,onnx_model_000,measure,17.6645259898623,17.664993009064347,17.675880044233054,10.88703516870737,True,
3500,onnx_model_000,measure,17.67679535675413,17.677097397856414,17.688180495984852,11.083098128437996,True,
3501,onnx_model_000,measure,17.68148115340239,17.682541096117347,17.688410052098334,5.868955980986357,True,
3502,onnx_model_000,measure,17.68239814901488,17.68270468711853,17.688354086130857,5.649399012327194,True,
3503,onnx_model_000,measure,17.68615415083426,17.687244376167655,17.697076065000147,9.831688832491636,True,
3504,onnx_model_000,measure,17.686994140115104,17.687411765102297,17.697267920244485,9.856155142188072,True,
3505,onnx_model_000,measure,17.69326758085265,17.69363173795864,17.69730662321672,3.674885258078575,True,
3506,onnx_model_000,measure,17.69511428297874,17.696082576178014,17.697337741963565,1.2551657855510712,True,
3507,onnx_model_000,measure,17.69720321293533,17.697489851154387,17.70854260120541,11.052750051021576,True,
3508,onnx_model_000,measure,17.707291870077174,17.707953141070902,17.71913147903979,11.178337968885899,True,
3509,onnx_model_000,measure,17.708442478331072,17.7086969348602,17.719290321227163,10.593386366963387,True,
3510,onnx_model_000,measure,17.716733690494063,17.717226958833635,17.719329135026783,2.1021761931478977,True,
3511,onnx_model_000,measure,17.72035331789694,17.721558593213558,17.73012861283496,8.570019621402025,True,
3512,onnx_model_000,measure,17.724730903516594,17.725018660072237,17.73031432600692,5.295665934681892,True,
3513,onnx_model_000,measure,17.725316156546217,17.726456072181463,17.730353250168264,3.8971779868006706,True,
3514,onnx_model_000,measure,17.727716731705645,17.72891174023971,17.738541184924543,9.629444684833288,True,
3515,onnx_model_000,measure,17.727841212708597,17.72907738480717,17.730385671835393,1.3082870282232761,True,
3516,onnx_model_000,measure,17.732350400010386,17.73262117104605,17.738703172188252,6.082001142203808,True,
3517,onnx_model_000,measure,17.73370335509065,17.73407765990123,17.73877728311345,4.699623212218285,True,
3518,onnx_model_000,measure,17.737223452021393,17.73751315008849,17.738810637034476,1.2974869459867477,True,
3519,onnx_model_000,measure,17.74760688215623,17.74899748992175,17.75979453418404,10.797044262290001,True,
3520,onnx_model_000,measure,17.749454144224384,17.750257225241512,17.759835402015597,9.578176774084568,True,
3521,onnx_model_000,measure,17.75214382350757,17.752507051918656,17.759907749015838,7.400697097182274,True,
3522,onnx_model_000,measure,17.757855343207126,17.75874816486612,17.759929650928825,1.1814860627055168,True,
3523,onnx_model_000,measure,17.762798725187732,17.763134833890945,17.77293674601242,9.801912121474743,True,
3524,onnx_model_000,measure,17.7642847077853,17.764490169938654,17.7730409540236,8.550784084945917,True,
3525,onnx_model_000,measure,17.76431899695272,17.76460122084245,17.773066352121532,8.465131279081106,True,
3526,onnx_model_000,measure,17.771352315228224,17.7720863991417,17.773085517808795,0.9991186670958996,True,
3527,onnx_model_000,measure,17.780190839858943,17.781288711819798,17.787979118991643,6.690407171845436,True,
3528,onnx_model_000,measure,17.78168052952424,17.78262973111123,17.788010878954083,5.381147842854261,True,
3529,onnx_model_000,measure,17.78322148575619,17.783977282233536,17.788107733242214,4.130451008677483,True,
3530,onnx_model_000,measure,17.78684719276488,17.787319605238736,17.788130898028612,0.811292789876461,True,
3531,onnx_model_000,measure,17.79096935310703,17.791411372832954,17.802226562052965,10.815189220011234,True,
3532,onnx_model_000,measure,17.80031044187498,17.801834595855325,17.812654173001647,10.819577146321535,True,
3533,onnx_model_000,measure,17.801930766724976,17.802034166175872,17.812706753145903,10.672586970031261,True,
3534,onnx_model_000,measure,17.816301292445758,17.816885887179524,17.82778820116073,10.902313981205225,True,
3535,onnx_model_000,measure,17.819804816511247,17.8201886350289,17.82784056989476,7.651934865862131,True,
3536,onnx_model_000,measure,17.825636808516528,17.82653475785628,17.827877319883555,1.3425620272755623,True,
3537,onnx_model_000,measure,17.828886076153342,17.829052643850446,17.839668462984264,10.61581913381815,True,
3538,onnx_model_000,measure,17.834578080504556,17.835348691791296,17.83977874321863,4.430051427334547,True,
3539,onnx_model_000,measure,17.835058814355985,17.835448952857405,17.839803039096296,4.354086238890886,True,
3540,onnx_model_000,measure,17.84411733310338,17.84499710192904,17.848673049826175,3.6759478971362114,True,
3541,onnx_model_000,measure,17.84563214113028,17.846446628216654,17.848780904896557,2.334276679903269,True,
3542,onnx_model_000,measure,17.846244717229855,17.846608756110072,17.848804419860244,2.1956637501716614,True,
3543,onnx_model_000,measure,17.84715482993052,17.84805748006329,17.848823595792055,0.7661157287657261,True,
3544,onnx_model_000,measure,17.85312552018645,17.85404745582491,17.864920093212277,10.872637387365103,True,
3545,onnx_model_000,measure,17.854882787733036,17.855500848963857,17.865066902246326,9.566053282469511,True,
3546,onnx_model_000,measure,17.863342008535852,17.863934610038996,17.865104935131967,1.170325092971325,True,
3547,onnx_model_000,measure,17.882190738271618,17.88427428295836,17.888880217913538,4.605934955179691,True,
3548,onnx_model_000,measure,17.884831448824148,17.885533056221902,17.888941755052656,3.408698830753565,True,
3549,onnx_model_000,measure,17.885212277549858,17.885616954881698,17.88897049985826,3.3535449765622616,True,
3550,onnx_model_000,measure,17.887030069752864,17.887917507905513,17.889061892870814,1.14438496530056,True,
3551,onnx_model_000,measure,17.889947989755875,17.89030348416418,17.89958753110841,9.284046944230795,True,
3552,onnx_model_000,measure,17.89110366415168,17.891786793246865,17.89963452098891,7.847727742046118,True,
3553,onnx_model_000,measure,17.894650025031307,17.895234095863998,17.899668135214597,4.4340393505990505,True,
3554,onnx_model_000,measure,17.89767254429746,17.898671821225435,17.89978585811332,1.11403688788414,True,
3555,onnx_model_000,measure,17.905918267769565,17.907027644105256,17.917953602969646,10.92595886439085,True,
3556,onnx_model_000,measure,17.909002969277132,17.909498771186918,17.91801107209176,8.512300904840231,True,
3557,onnx_model_000,measure,17.91278635434755,17.91394993197173,17.91810583183542,4.155899863690138,True,
3558,onnx_model_000,measure,17.92889260248946,17.929265394806862,17.934741063043475,5.475668236613274,True,
3559,onnx_model_000,measure,17.93112550840265,17.931575957220048,17.934797060210258,3.2211029902100563,True,
3560,onnx_model_000,measure,17.93358763333344,17.933907949831337,17.934819562826306,0.9116129949688911,True,
3561,onnx_model_000,measure,17.93376053196053,17.934019220992923,17.934881269931793,0.86204893887043,True,
3562,onnx_model_000,measure,17.937223347956586,17.938084218185395,17.948858559131622,10.774340946227312,True,
3563,onnx_model_000,measure,17.938021406733686,17.93832093803212,17.948898343835026,10.57740580290556,True,
3564,onnx_model_000,measure,17.945270897849753,17.94564368808642,17.948918553069234,3.2748649828135967,True,
3565,onnx_model_000,measure,17.948552780125457,17.9489780459553,17.959894706960768,10.916661005467176,True,
3566,onnx_model_000,measure,17.951469102777608,17.95231823483482,17.959925394970924,7.60716013610363,True,
3567,onnx_model_000,measure,17.959047911887463,17.959644752088934,17.97038083989173,10.736087802797556,True,
3568,onnx_model_000,measure,17.96569757902693,17.966089652851224,17.97052882099524,4.439168144017458,True,
3569,onnx_model_000,measure,17.96617415573623,17.966418859083205,17.970567394047976,4.148534964770079,True,
3570,onnx_model_000,measure,17.97187431752528,17.972727130167186,17.983449671883136,10.722541715949774,True,
3571,onnx_model_000,measure,17.97932985740767,17.98003601282835,17.983571283053607,3.5352702252566814,True,
3572,onnx_model_000,measure,17.97945241418878,17.98013394884765,17.98354860022664,3.4146513789892197,True,
3573,onnx_model_000,measure,17.993434576536075,17.99372847005725,18.00264747394249,8.919003885239363,True,
3574,onnx_model_000,measure,17.997999884531016,17.999029437080026,18.002714321017265,3.684883937239647,True,
3575,onnx_model_000,measure,17.999974041824142,18.000391987152398,18.00281655602157,2.4245688691735268,True,
3576,onnx_model_000,measure,18.001345634558685,18.001804061233997,18.00283895805478,1.0348968207836151,True,
3577,onnx_model_000,measure,18.00534578051901,18.006053348071873,18.017102702055126,11.04935398325324,True,
3578,onnx_model_000,measure,18.014849687363448,18.01649253210053,18.021334696095437,4.842163994908333,True,
3579,onnx_model_000,measure,18.01543220174399,18.016652044840157,18.021372907795012,4.720862954854965,True,
3580,onnx_model_000,measure,18.017720226425006,18.01832448411733,18.021438734140247,3.114250022917986,True,
3581,onnx_model_000,measure,18.019782682599438,18.020692945923656,18.0214590318501,0.7660859264433384,True,
3582,onnx_model_000,measure,18.020703020453915,18.02091022906825,18.031548169907182,10.637940838932991,True,
3583,onnx_model_000,measure,18.030846507556785,18.031622391194105,18.042329663876444,10.707272682338953,True,
3584,onnx_model_000,measure,18.035408938447755,18.036003077868372,18.042414425872266,6.411348003894091,True,
3585,onnx_model_000,measure,18.03960705247956,18.040346283931285,18.042448771186173,2.1024872548878193,True,
3586,onnx_model_000,measure,18.044102843674164,18.044625679031014,18.05548407882452,10.858399793505669,True,
3587,onnx_model_000,measure,18.051110351621354,18.051978736184537,18.055510168895125,3.5314327105879784,True,
3588,onnx_model_000,measure,18.054867685875703,18.05525612598285,18.06611821288243,10.862086899578571,True,
3589,onnx_model_000,measure,18.056064207320006,18.056666367221624,18.0662654931657,9.599125944077969,True,
3590,onnx_model_000,measure,18.056455338953107,18.05677368119359,18.06630322523415,9.529544040560722,True,
3591,onnx_model_000,measure,18.07086880036345,18.071554547175765,18.08248379221186,10.92924503609538,True,
3592,onnx_model_000,measure,18.07631702629898,18.076939904130995,18.0825277348049,5.587830673903227,True,
3593,onnx_model_000,measure,18.08894002648744,18.089827712159604,18.100872105918825,11.044393759220839,True,
3594,onnx_model_000,measure,18.093013189107943,18.093360676895827,18.100923884194344,7.563207298517227,True,
3595,onnx_model_000,measure,18.096845698674855,18.09790673898533,18.100959822069854,3.053083084523678,True,
3596,onnx_model_000,measure,18.10309277625556,18.104214328806847,18.11234915209934,8.13482329249382,True,
3597,onnx_model_000,measure,18.10433250333654,18.104606553912163,18.112395960837603,7.789406925439835,True,
3598,onnx_model_000,measure,18.10463586218086,18.10497829085216,18.11250640079379,7.528109941631556,True,
3599,onnx_model_000,measure,18.11039326618929,18.111411930061877,18.112539844121784,1.127914059907198,True,
3600,onnx_model_000,measure,18.122398130641283,18.12278830492869,18.133738780859858,10.950475931167603,True,
3601,onnx_model_000,measure,18.13932168139953,18.14004956698045,18.147436749190092,7.387182209640741,True,
3602,onnx_model_000,measure,18.142766139382502,18.143580718897283,18.147487385198474,3.906666301190853,True,
3603,onnx_model_000,measure,18.144355577128472,18.14506172388792,18.147602213080972,2.5404891930520535,True,
3604,onnx_model_000,measure,18.145546535017957,18.146497001871467,18.147638162132353,1.141160260885954,True,
3605,onnx_model_000,measure,18.149557714227868,18.14990910794586,18.16096334112808,11.054233182221651,True,
3606,onnx_model_000,measure,18.15369332478518,18.15435597114265,18.16100955894217,6.6535877995193005,True,
3607,onnx_model_000,measure,18.158885872701592,18.1598186949268,18.161042782012373,1.2240870855748653,True,
3608,onnx_model_000,measure,18.165196082317916,18.166275628842413,18.17723380913958,10.958180297166109,True,
3609,onnx_model_000,measure,18.17139205073572,18.171718243975192,18.177391258068383,5.673014093190432,True,
3610,onnx_model_000,measure,18.173273239121954,18.174165266100317,18.17742872890085,3.2634628005325794,True,
3611,onnx_model_000,measure,18.176058635581256,18.176584363915026,18.187477310188115,10.892946273088455,True,
3612,onnx_model_000,measure,18.194931472262326,18.19569689501077,18.206804006826133,11.107111815363169,True,
3613,onnx_model_000,measure,18.200807307212603,18.201155200134963,18.206993146799505,5.83794666454196,True,
3614,onnx_model_000,measure,18.20524790627388,18.205578869208694,18.207029034849256,1.4501656405627728,True,
3615,onnx_model_000,measure,18.207139326226326,18.20824203081429,18.219029646832496,10.787616018205881,True,
3616,onnx_model_000,measure,18.221696995342256,18.22225804394111,18.233281958848238,11.023914907127619,True,
3617,onnx_model_000,measure,18.22243052739005,18.22262123413384,18.233421814162284,10.800580028444529,True,
3618,onnx_model_000,measure,18.22301349632306,18.22409152891487,18.23347888281569,9.387353900820017,True,
3619,onnx_model_000,measure,18.23178277700685,18.23251867806539,18.2436215528287,11.102874763309956,True,
3620,onnx_model_000,measure,18.238975183784987,18.239693887066096,18.243745238054544,4.051350988447666,True,
3621,onnx_model_000,measure,18.253283239002574,18.253972879145294,18.265012262854725,11.039383709430695,True,
3622,onnx_model_000,measure,18.264567063708103,18.265121169853956,18.27623305283487,11.111882980912924,True,
3623,onnx_model_000,measure,18.267452865674088,18.268648544792086,18.276284459978342,7.63591518625617,True,
3624,onnx_model_000,measure,18.268881268554992,18.26906715100631,18.276380823925138,7.313672918826342,True,
3625,onnx_model_000,measure,18.276912310136122,18.277675373945385,18.289052320178598,11.376946233212948,True,
3626,onnx_model_000,measure,18.277140933357803,18.27787833986804,18.28911705315113,11.238713283091784,True,
3627,onnx_model_000,measure,18.2893768094293,18.29040734609589,18.301509029231966,11.101683136075735,True,
3628,onnx_model_000,measure,18.292355462453713,18.292941042222083,18.301563020795584,8.62197857350111,True,
3629,onnx_model_000,measure,18.298376161029,18.299498526845127,18.301659605000168,2.161078155040741,True,
3630,onnx_model_000,measure,18.301917869610886,18.302986978087574,18.31145357200876,8.46659392118454,True,
3631,onnx_model_000,measure,18.304899751880733,18.30548329325393,18.311574241146445,6.090947892516851,True,
3632,onnx_model_000,measure,18.308127498966247,18.308918662834913,18.311703998129815,2.7853352949023247,True,
3633,onnx_model_000,measure,18.30926228373009,18.310349964071065,18.311775954905897,1.4259908348321915,True,
3634,onnx_model_000,measure,18.30937266486994,18.310511311050504,18.321569240186363,11.057929135859013,True,
3635,onnx_model_000,measure,18.31030772942513,18.31094683893025,18.321624896023422,10.678057093173265,True,
3636,onnx_model_000,measure,18.323673244374575,18.324857862200588,18.335861007217318,11.003145016729832,True,
3637,onnx_model_000,measure,18.327740319022183,18.328302109148353,18.336011804174632,7.709695026278496,True,
3638,onnx_model_000,measure,18.330715326810694,18.331725316122174,18.33607638720423,4.351071082055569,True,
3639,onnx_model_000,measure,18.33676649901215,18.337289853021502,18.34810665389523,10.816800873726606,True,
3640,onnx_model_000,measure,18.341653164943505,18.342719675041735,18.348279864061624,5.5601890198886395,True,
3641,onnx_model_000,measure,18.346346477999592,18.347103336825967,18.34831717517227,1.2138383463025093,True,
3642,onnx_model_000,measure,18.346576902462328,18.34719839785248,18.348346559796482,1.148161944001913,True,
3643,onnx_model_000,measure,18.348274796048525,18.348503578919917,18.359531961847097,11.028382927179337,True,
3644,onnx_model_000,measure,18.34924098823107,18.34990676585585,18.359654083848,9.747317992150784,True,
3645,onnx_model_000,measure,18.367269572934052,18.36790958698839,18.37715966021642,9.250073228031397,True,
3646,onnx_model_000,measure,18.37062813913145,18.371364274062216,18.377314675133675,5.950401071459055,True,
3647,onnx_model_000,measure,18.37191634948889,18.37280174624175,18.377369419205934,4.567672964185476,True,
3648,onnx_model_000,measure,18.37557778729515,18.37621969403699,18.377398904878646,1.1792108416557312,True,
3649,onnx_model_000,measure,18.379551497795077,18.380635316949338,18.391635687090456,11.000370141118765,True,
3650,onnx_model_000,measure,18.383777775172813,18.384082519914955,18.39181215222925,7.729632314294577,True,
3651,onnx_model_000,measure,18.38868633815099,18.38949900586158,18.391848191153258,2.3491852916777134,True,
3652,onnx_model_000,measure,18.398016209550068,18.399065480101854,18.410049960017204,10.984479915350676,True,
3653,onnx_model_000,measure,18.401291408602397,18.402498035226017,18.410139861050993,7.641825824975967,True,
3654,onnx_model_000,measure,18.404615095617668,18.404861527960747,18.41016076086089,5.29923290014267,True,
3655,onnx_model_000,measure,18.41426124149579,18.415369521826506,18.42283083498478,7.461313158273697,True,
3656,onnx_model_000,measure,18.416892658860267,18.417815040796995,18.422988545149565,5.17350435256958,True,
3657,onnx_model_000,measure,18.41897188594486,18.419242343865335,18.423043920192868,3.80157632753253,True,
3658,onnx_model_000,measure,18.420553031683493,18.421775699127465,18.423073586076498,1.297886949032545,True,
3659,onnx_model_000,measure,18.441130612275323,18.442372901830822,18.45365069899708,11.277797166258097,True,
3660,onnx_model_000,measure,18.44419049937934,18.444927878212184,18.4537021368742,8.7742586620152,True,
3661,onnx_model_000,measure,18.444609895638443,18.445120414253324,18.453737393952906,8.616979699581861,True,
3662,onnx_model_000,measure,18.456519455693055,18.457056233193725,18.468213791958988,11.157558765262365,True,
3663,onnx_model_000,measure,18.457739362133655,18.45858510909602,18.46836589090526,9.78078180924058,True,
3664,onnx_model_000,measure,18.463909716269143,18.46507808100432,18.46840521506965,3.3271340653300285,True,
3665,onnx_model_000,measure,18.472304518968482,18.472628924064338,18.483844213187695,11.215289123356342,True,
3666,onnx_model_000,measure,18.477036483651254,18.478169396054,18.483968258835375,5.798862781375647,True,
3667,onnx_model_000,measure,18.4909635273121,18.491282923147082,18.502457493916154,11.174570769071579,True,
3668,onnx_model_000,measure,18.49349060658192,18.493833551183343,18.50251076510176,8.677213918417692,True,
3669,onnx_model_000,measure,18.51619972738113,18.51681983517483,18.525710204150528,8.890368975698948,True,
3670,onnx_model_000,measure,18.51939233296692,18.52035081712529,18.525789766106755,5.438948981463909,True,
3671,onnx_model_000,measure,18.522537082582442,18.52289692685008,18.52582723693922,2.9303100891411304,True,
3672,onnx_model_000,measure,18.523206982300497,18.524458955973387,18.52592936111614,1.4704051427543163,True,
3673,onnx_model_000,measure,18.53084673107273,18.531239544972777,18.542403204832226,11.163659859448671,True,
3674,onnx_model_000,measure,18.540340170747196,18.541822702158242,18.550629471894354,8.806769736111164,True,
3675,onnx_model_000,measure,18.545335170175136,18.5456995209679,18.55068296380341,4.983442835509777,True,
3676,onnx_model_000,measure,18.548176581957726,18.5492599690333,18.550836536101997,1.576567068696022,True,
3677,onnx_model_000,measure,18.548631471499686,18.549444259144366,18.55087445816025,1.4301990158855915,True,
3678,onnx_model_000,measure,18.5523027586491,18.553176244255155,18.56431347411126,11.137229856103659,True,
3679,onnx_model_000,measure,18.56530742769912,18.56562165124342,18.5676270830445,2.0054318010807037,True,
3680,onnx_model_000,measure,18.565608914851595,18.566031489986926,18.567839777097106,1.8082871101796627,True,
3681,onnx_model_000,measure,18.56593587869838,18.566377827897668,18.567881055176258,1.5032272785902023,True,
3682,onnx_model_000,measure,18.566364822676288,18.566720158793032,18.567912234924734,1.1920761317014694,True,
3683,onnx_model_000,measure,18.568455011790224,18.56915327394381,18.575438551139086,6.28527719527483,True,
3684,onnx_model_000,measure,18.56899403220081,18.56932252505794,18.575604887213558,6.282362155616283,True,
3685,onnx_model_000,measure,18.57203374834303,18.572873305063695,18.575660943984985,2.787638921290636,True,
3686,onnx_model_000,measure,18.573921417490013,18.57430445495993,18.575691231992096,1.3867770321667194,True,
3687,onnx_model_000,measure,18.57817784083154,18.578921210952103,18.590009158011526,11.087947059422731,True,
3688,onnx_model_000,measure,18.58442766933501,18.585358757991344,18.59011804498732,4.759286995977163,True,
3689,onnx_model_000,measure,18.59508699002942,18.595341994892806,18.602642823010683,7.300828117877245,True,
3690,onnx_model_000,measure,18.59613319727016,18.596793232951313,18.602822955232114,6.029722280800343,True,
3691,onnx_model_000,measure,18.59802067503385,18.5992215690203,18.602878150064498,3.6565810441970825,True,
3692,onnx_model_000,measure,18.60116637313743,18.601644875947386,18.60290833702311,1.2634610757231712,True,
3693,onnx_model_000,measure,18.605037111272278,18.606144689023495,18.617209882941097,11.0651939176023,True,
3694,onnx_model_000,measure,18.609780557266646,18.61058391816914,18.61736873490736,6.784816738218069,True,
3695,onnx_model_000,measure,18.611086683427505,18.612018735148013,18.617405594792217,5.386859644204378,True,
3696,onnx_model_000,measure,18.622360068630226,18.62265348015353,18.629908790811896,7.255310658365488,True,
3697,onnx_model_000,measure,18.622602961895506,18.623035306110978,18.63006686186418,7.031555753201246,True,
3698,onnx_model_000,measure,18.62598078314803,18.626453252974898,18.630123028997332,3.6697760224342346,True,
3699,onnx_model_000,measure,18.628564181472115,18.628926624078304,18.630151863209903,1.2252391315996647,True,
3700,onnx_model_000,measure,18.645342902754383,18.646402733866125,18.65154941705987,5.146683193743229,True,
3701,onnx_model_000,measure,18.64635411918193,18.64676524279639,18.651705644093454,4.940401297062635,True,
3702,onnx_model_000,measure,18.649095403036856,18.65018386207521,18.651777611114085,1.593749038875103,True,
3703,onnx_model_000,measure,18.650138306650994,18.650533225852996,18.651809121016413,1.2758951634168625,True,
3704,onnx_model_000,measure,18.654941990273368,18.65608178311959,18.6671774238348,11.09564071521163,True,
3705,onnx_model_000,measure,18.65692019108717,18.657515287864953,18.667317199986428,9.801912121474743,True,
3706,onnx_model_000,measure,18.661328564914648,18.661945830099285,18.66737166279927,5.425832699984312,True,
3707,onnx_model_000,measure,18.667278033292007,18.667513622902334,18.67853463208303,11.021009180694818,True,
3708,onnx_model_000,measure,18.67150074428298,18.67194109922275,18.67867082124576,6.729722023010254,True,
3709,onnx_model_000,measure,18.673039891911326,18.673369864933193,18.67870644899085,5.336584057658911,True,
3710,onnx_model_000,measure,18.683103599054423,18.68392502889037,18.69567814003676,11.753111146390438,True,
3711,onnx_model_000,measure,18.71000411443353,18.710898661985993,18.7216250509955,10.72638900950551,True,
3712,onnx_model_000,measure,18.72326288957605,18.72380410321057,18.732079763896763,8.275660686194897,True,
3713,onnx_model_000,measure,18.72579630834493,18.726064649876207,18.73234311491251,6.278465036302805,True,
3714,onnx_model_000,measure,18.727434640534753,18.72832767199725,18.732365989126265,4.0383171290159225,True,
3715,onnx_model_000,measure,18.730610170114144,18.731610762886703,18.732382249087095,0.7714862003922462,True,
3716,onnx_model_000,measure,18.73195140672908,18.732136492151767,18.74047473212704,8.33823997527361,True,
3717,onnx_model_000,measure,18.732526987716877,18.73352627409622,18.740501784253865,6.975510157644749,True,
3718,onnx_model_000,measure,18.733344512193803,18.73360812989995,18.74057929124683,6.971161346882582,True,
3719,onnx_model_000,measure,18.738871056821665,18.739908455871046,18.74059977987781,0.6913240067660809,True,
3720,onnx_model_000,measure,18.745162327998713,18.74576797382906,18.756462141871452,10.694168042391539,True,
3721,onnx_model_000,measure,18.75033391481858,18.75111735193059,18.756499032024294,5.381680093705654,True,
3722,onnx_model_000,measure,18.757657436387703,18.75865086307749,18.76302689081058,4.37602773308754,True,
3723,onnx_model_000,measure,18.760498864125925,18.76094525400549,18.763102904893458,2.157650887966156,True,
3724,onnx_model_000,measure,18.760528063688092,18.761039352975786,18.76304895291105,2.0095999352633953,True,
3725,onnx_model_000,measure,18.761954576067996,18.762363439891487,18.763120268005878,0.7568281143903732,True,
3726,onnx_model_000,measure,18.762005172764912,18.76245928183198,18.773007492069155,10.548210237175226,True,
3727,onnx_model_000,measure,18.77368534542637,18.774148841854185,18.78483386291191,10.685021057724953,True,
3728,onnx_model_000,measure,18.78273134625561,18.784424013923854,18.787994110025465,3.5700961016118526,True,
3729,onnx_model_000,measure,18.78434037394878,18.78452731994912,18.78815159900114,3.6242790520191193,True,
3730,onnx_model_000,measure,18.786298963858467,18.787054824177176,18.7881891108118,1.1342866346240044,True,
3731,onnx_model_000,measure,18.7870929663217,18.78740297583863,18.78821912780404,0.8161519654095173,True,
3732,onnx_model_000,measure,18.799462803435187,18.8004544749856,18.811392075847834,10.93760086223483,True,
3733,onnx_model_000,measure,18.818319521590826,18.818691060878336,18.829677153844386,10.98609296604991,True,
3734,onnx_model_000,measure,18.83487156764602,18.83597662812099,18.847152883186936,11.176255065947771,True,
3735,onnx_model_000,measure,18.84753166242622,18.848448535893112,18.85400072997436,5.552194081246853,True,
3736,onnx_model_000,measure,18.851617498885865,18.852024413179606,18.854054681956768,2.0302687771618366,True,
3737,onnx_model_000,measure,18.85179241146849,18.852230384014547,18.854090910870582,1.8605268560349941,True,
3738,onnx_model_000,measure,18.851923667489082,18.852684528101236,18.854192894883454,1.5083667822182178,True,
3739,onnx_model_000,measure,18.8543866929987,18.855492655187845,18.866624576039612,11.131920851767063,True,
3740,onnx_model_000,measure,18.859648842618075,18.860017186030746,18.866676603909582,6.659417878836393,True,
3741,onnx_model_000,measure,18.862561849052106,18.863548147957772,18.86681854398921,3.2703960314393044,True,
3742,onnx_model_000,measure,18.86503020747182,18.866099496837705,18.874939099885523,8.839603047817945,True,
3743,onnx_model_000,measure,18.86696374928263,18.86809360794723,18.875106789171696,7.01318122446537,True,
3744,onnx_model_000,measure,18.86833008863108,18.868494249880314,18.875166573096067,6.67232321575284,True,
3745,onnx_model_000,measure,18.87313015562192,18.8739405721426,18.875197941903025,1.2573697604238987,True,
3746,onnx_model_000,measure,18.87549456238894,18.876434181816876,18.879424335900694,2.9901540838181973,True,
3747,onnx_model_000,measure,18.875655557075365,18.876602332107723,18.87958643399179,2.9841018840670586,True,
3748,onnx_model_000,measure,18.877514412625203,18.87817745609209,18.879643722902983,1.4662668108940125,True,
3749,onnx_model_000,measure,18.878261370557883,18.878534624818712,18.879674361087382,1.1397362686693668,True,
3750,onnx_model_000,measure,18.88153704422106,18.881907586939633,18.89285073801875,10.943151079118252,True,
3751,onnx_model_000,measure,18.890594720084707,18.892363811843097,18.903325940016657,10.962128173559904,True,
3752,onnx_model_000,measure,18.8929139468149,18.894071428105235,18.90343387518078,9.362447075545788,True,
3753,onnx_model_000,measure,18.911734245756545,18.913659542798996,18.924731318838894,11.071776039898396,True,
3754,onnx_model_000,measure,18.912176043636773,18.913838563021272,18.92489498993382,11.056426912546158,True,
3755,onnx_model_000,measure,18.916075632266196,18.916341540869325,18.924951046239585,8.609505370259285,True,
3756,onnx_model_000,measure,18.933617448348866,18.93523858115077,18.946311159059405,11.07257790863514,True,
3757,onnx_model_000,measure,18.935513258513343,18.93676243815571,18.94648748403415,9.725045878440142,True,
3758,onnx_model_000,measure,18.94332712189194,18.944295657798648,18.946528422180563,2.232764381915331,True,
3759,onnx_model_000,measure,18.949922552444075,18.950776115991175,18.96197791909799,11.201803106814623,True,
3760,onnx_model_000,measure,18.955517626736235,18.956226706970483,18.962028575129807,5.801868159323931,True,
3761,onnx_model_000,measure,18.960030082216807,18.960723555181175,18.96206550579518,1.3419506140053272,True,
3762,onnx_model_000,measure,18.962601199785745,18.96331785619259,18.974282699171454,10.964842978864908,True,
3763,onnx_model_000,measure,18.976314646054487,18.977514793165028,18.98861526325345,11.100470088422298,True,
3764,onnx_model_000,measure,18.981592604286476,18.981957567855716,18.988787720911205,6.830153055489063,True,
3765,onnx_model_000,measure,18.986803321925933,18.987393651157618,18.98882828792557,1.4346367679536343,True,
3766,onnx_model_000,measure,18.992094906976018,18.993055023252964,19.00433952314779,11.284499894827604,True,
3767,onnx_model_000,measure,18.992886241346056,18.993218093179166,19.00448058079928,11.26248762011528,True,
3768,onnx_model_000,measure,18.994405897980826,18.994816910941154,19.004517942201346,9.701031260192394,True,
3769,onnx_model_000,measure,19.00734854870595,19.007737642154098,19.01503496291116,7.297320757061243,True,
3770,onnx_model_000,measure,19.0092025610525,19.0101897129789,19.015232307836413,5.042594857513905,True,
3771,onnx_model_000,measure,19.010366985995507,19.01053711399436,19.01527644181624,4.739327821880579,True,
3772,onnx_model_000,measure,19.012845665834657,19.01397621119395,19.015313021838665,1.3368106447160244,True,
3773,onnx_model_000,measure,19.012884395031747,19.014136175159365,19.025171441026032,11.035265866667032,True,
3774,onnx_model_000,measure,19.022512126327612,19.02348485495895,19.02522636624053,1.741511281579733,True,
3775,onnx_model_000,measure,19.029564233082947,19.030364332254976,19.03866515122354,8.300818968564272,True,
3776,onnx_model_000,measure,19.029614104994852,19.030445497017354,19.03870910499245,8.26360797509551,True,
3777,onnx_model_000,measure,19.031634214994988,19.032743535004556,19.038789757993072,6.046222988516092,True,
3778,onnx_model_000,measure,19.03768252442413,19.03805931005627,19.038812941871583,0.7536318153142929,True,
3779,onnx_model_000,measure,19.041860036099045,19.04297991283238,19.05370105197653,10.721139144152403,True,
3780,onnx_model_000,measure,19.058374565149297,19.05892790807411,19.07001629518345,11.088387109339237,True,
3781,onnx_model_000,measure,19.066898039428974,19.067373911850154,19.07014770479873,2.7737929485738277,True,
3782,onnx_model_000,measure,19.07957006842386,19.080391997937113,19.091333717107773,10.94171917065978,True,
3783,onnx_model_000,measure,19.08507733742891,19.085863758809865,19.091379643883556,5.5158850736916065,True,
3784,onnx_model_000,measure,19.088660213028486,19.089298116974533,19.091414370108396,2.1162531338632107,True,
3785,onnx_model_000,measure,19.093632792674583,19.09465363714844,19.105570788960904,10.917151812463999,True,
3786,onnx_model_000,measure,19.10255562620816,19.1031104628928,19.105729040224105,2.61857733130455,True,
3787,onnx_model_000,measure,19.103069600285863,19.10346351424232,19.10580560611561,2.3420918732881546,True,
3788,onnx_model_000,measure,19.10656486163115,19.107025844976306,19.1130228349939,5.996990017592907,True,
3789,onnx_model_000,measure,19.108555966780557,19.109475831966847,19.113202807027847,3.7269750609993935,True,
3790,onnx_model_000,measure,19.111227320186767,19.1119159408845,19.11323969718069,1.3237562961876392,True,
3791,onnx_model_000,measure,19.11170641138268,19.11208015307784,19.113269784022123,1.1896309442818165,True,
3792,onnx_model_000,measure,19.12307987193484,19.12350435880944,19.130888054147363,7.383695337921381,True,
3793,onnx_model_000,measure,19.12761005472699,19.12801222782582,19.130964790005237,2.952562179416418,True,
3794,onnx_model_000,measure,19.12763794630482,19.128176410216838,19.13093209825456,2.755688037723303,True,
3795,onnx_model_000,measure,19.129119982355945,19.129721938166767,19.131394096184522,1.6721580177545547,True,
3796,onnx_model_000,measure,19.130227735782494,19.131055753212422,19.13951470190659,8.458948694169521,True,
3797,onnx_model_000,measure,19.130845129450528,19.131560381967574,19.139567653182894,8.007271215319633,True,
3798,onnx_model_000,measure,19.135646968927347,19.136019738856703,19.13968026684597,3.660527989268303,True,
3799,onnx_model_000,measure,19.137777194579744,19.138457491993904,19.139715534169227,1.258042175322771,True,
3800,onnx_model_000,measure,19.1401696046421,19.140910625923425,19.15196952689439,11.058900970965624,True,
3801,onnx_model_000,measure,19.14435036551596,19.145357187837362,19.15210085688159,6.743669044226408,True,
3802,onnx_model_000,measure,19.15614377521301,19.157323404215276,19.16570319281891,8.379788603633642,True,
3803,onnx_model_000,measure,19.15878078760226,19.159778661094606,19.166254810988903,6.476149894297123,True,
3804,onnx_model_000,measure,19.16138065725428,19.162221224047244,19.16630081925541,4.07959520816803,True,
3805,onnx_model_000,measure,19.16422135252882,19.16466209385544,19.166334914043546,1.6728201881051064,True,
3806,onnx_model_000,measure,19.165128275917745,19.16583721805364,19.17697664210573,11.139424052089453,True,
3807,onnx_model_000,measure,19.172964191757043,19.17357535706833,19.177089035976678,3.5136789083480835,True,
3808,onnx_model_000,measure,19.189832027824185,19.191319406032562,19.202287654858083,10.968248825520277,True,
3809,onnx_model_000,measure,19.198307249804564,19.198849088978022,19.202412322163582,3.563233185559511,True,
3810,onnx_model_000,measure,19.206341331815146,19.20663641113788,19.217586887069046,10.950475931167603,True,
3811,onnx_model_000,measure,19.224737864249416,19.22584472410381,19.23214750410989,6.302780006080866,True,
3812,onnx_model_000,measure,19.22848296136306,19.22929129516706,19.232665479183197,3.374184016138315,True,
3813,onnx_model_000,measure,19.229056446146913,19.229453213047236,19.232709483243525,3.256270196288824,True,
3814,onnx_model_000,measure,19.230479380025486,19.231007778085768,19.23274283623323,1.7350581474602222,True,
3815,onnx_model_000,measure,19.231846239743152,19.232243216130883,19.243344137910753,11.100921779870987,True,
3816,onnx_model_000,measure,19.236304946531146,19.23707190481946,19.24358632788062,6.514423061162233,True,
3817,onnx_model_000,measure,19.24115287552203,19.241519609000534,19.243626814801246,2.1072058007121086,True,
3818,onnx_model_000,measure,19.242721493281746,19.242975036147982,19.251653613056988,8.678576909005642,True,
3819,onnx_model_000,measure,19.24508164889899,19.24586598109454,19.2518633720465,5.997390951961279,True,
3820,onnx_model_000,measure,19.247339253969415,19.248310508206487,19.251902827061713,3.59231885522604,True,
3821,onnx_model_000,measure,19.25051987765546,19.250741890165955,19.25193476723507,1.1928770691156387,True,
3822,onnx_model_000,measure,19.251743315628126,19.252087377011776,19.258470600936562,6.383223924785852,True,
3823,onnx_model_000,measure,19.25260723833307,19.25353289488703,19.258671182207763,5.13828732073307,True,
3824,onnx_model_000,measure,19.25328992135561,19.253696946892887,19.258708894252777,5.011947359889746,True,
3825,onnx_model_000,measure,19.256790308801534,19.257227829191834,19.265665728133172,8.437898941338062,True,
3826,onnx_model_000,measure,19.256817889028525,19.257391809951514,19.258739562239498,1.3477522879838943,True,
3827,onnx_model_000,measure,19.25854731065362,19.258905707858503,19.265854666940868,6.948959082365036,True,
3828,onnx_model_000,measure,19.262817622104777,19.26335371285677,19.26591217610985,2.558463253080845,True,
3829,onnx_model_000,measure,19.264408661753,19.264794893097132,19.265943135134876,1.14824203774333,True,
3830,onnx_model_000,measure,19.278843288683227,19.280187491793185,19.28530066087842,5.113169085234404,True,
3831,onnx_model_000,measure,19.279888429388375,19.280356091912836,19.28584255091846,5.486459005624056,True,
3832,onnx_model_000,measure,19.279936161991888,19.280503623187542,19.285885964054614,5.382340867072344,True,
3833,onnx_model_000,measure,19.283034670968046,19.284143682103604,19.28591739293188,1.7737108282744884,True,
3834,onnx_model_000,measure,19.28507055584828,19.285417133010924,19.291842005215585,6.424872204661369,True,
3835,onnx_model_000,measure,19.28846419919819,19.289154776837677,19.29200632823631,2.8515513986349106,True,
3836,onnx_model_000,measure,19.289504345491654,19.290589074138552,19.292064358014613,1.4752838760614395,True,
3837,onnx_model_000,measure,19.29057458784213,19.29095757380128,19.2920950059779,1.1374321766197681,True,
3838,onnx_model_000,measure,19.294478591680367,19.295329234097153,19.3014553389512,6.126104854047298,True,
3839,onnx_model_000,measure,19.295506272763184,19.295693296007812,19.30163424881175,5.940952803939581,True,
3840,onnx_model_000,measure,19.296428541107478,19.297132711857557,19.301670839078724,4.5381272211670876,True,
3841,onnx_model_000,measure,19.299586246135732,19.300566048827022,19.30170056503266,1.134516205638647,True,
3842,onnx_model_000,measure,19.30439209569255,19.304950543213636,19.31595575204119,11.00520882755518,True,
3843,onnx_model_000,measure,19.309017361614654,19.309393608942628,19.316085669212043,6.692060269415379,True,
3844,onnx_model_000,measure,19.32130211599391,19.322304881177843,19.33330243593082,10.997554752975702,True,
3845,onnx_model_000,measure,19.324156659078678,19.324740620795637,19.333439777139574,8.69915634393692,True,
3846,onnx_model_000,measure,19.33005489779779,19.33118795696646,19.333476547151804,2.288590185344219,True,
3847,onnx_model_000,measure,19.337898660843344,19.338694715872407,19.349702570121735,11.007854249328375,True,
3848,onnx_model_000,measure,19.341658420074623,19.342151456978172,19.34988177102059,7.730314042419195,True,
3849,onnx_model_000,measure,19.342615336323643,19.343578059226274,19.349918400868773,6.34034164249897,True,
3850,onnx_model_000,measure,19.35111616763884,19.352137899957597,19.363177003804594,11.039103846997023,True,
3851,onnx_model_000,measure,19.355073801821906,19.355587646830827,19.36328500881791,7.69736198708415,True,
3852,onnx_model_000,measure,19.36479335682071,19.365513034164906,19.376448520924896,10.935486759990454,True,
3853,onnx_model_000,measure,19.365986915016535,19.366907313931733,19.37659313622862,9.685822296887636,True,
3854,onnx_model_000,measure,19.37112657965207,19.372350229881704,19.37665143609047,4.301206208765507,True,
3855,onnx_model_000,measure,19.38270448332923,19.38390400307253,19.39339181780815,9.487814735621214,True,
3856,onnx_model_000,measure,19.388888795070933,19.389376354869455,19.393942314200103,4.565959330648184,True,
3857,onnx_model_000,measure,19.39009930415441,19.390819338150322,19.39398814085871,3.168802708387375,True,
3858,onnx_model_000,measure,19.39130048281073,19.392258152831346,19.394022726919502,1.7645740881562233,True,
3859,onnx_model_000,measure,19.391559672372356,19.392426513135433,19.40347423311323,11.047719977796078,True,
3860,onnx_model_000,measure,19.39280010909537,19.393491126131266,19.40359866991639,10.107543785125017,True,
3861,onnx_model_000,measure,19.410645607023792,19.411850746255368,19.423081452958286,11.230706702917814,True,
3862,onnx_model_000,measure,19.411039591602233,19.412023543845862,19.42322654882446,11.203004978597164,True,
3863,onnx_model_000,measure,19.412473289325675,19.413537512067705,19.423264331184328,9.72681911662221,True,
3864,onnx_model_000,measure,19.426115211457457,19.426488750148565,19.42849356122315,2.0048110745847225,True,
3865,onnx_model_000,measure,19.426705456727355,19.42688019387424,19.428653745912015,1.7735520377755165,True,
3866,onnx_model_000,measure,19.426798296801575,19.427233326248825,19.428712557069957,1.47923082113266,True,
3867,onnx_model_000,measure,19.427152906251543,19.427581598050892,19.428743736818433,1.1621387675404549,True,
3868,onnx_model_000,measure,19.429983218827346,19.43099941406399,19.44200305081904,11.003636755049229,True,
3869,onnx_model_000,measure,19.43204623287096,19.432438710238785,19.442123298998922,9.684588760137558,True,
3870,onnx_model_000,measure,19.446761666357986,19.447350294794887,19.458573929965496,11.223635170608759,True,
3871,onnx_model_000,measure,19.4468727091057,19.447513485793024,19.45871694199741,11.203456204384565,True,
3872,onnx_model_000,measure,19.453780864245623,19.454047466162592,19.45877429097891,4.726824816316366,True,
3873,onnx_model_000,measure,19.46019287282218,19.461000782903284,19.472329838201404,11.329055298119783,True,
3874,onnx_model_000,measure,19.466937248934737,19.4674537088722,19.47237622598186,4.922517109662294,True,
3875,onnx_model_000,measure,19.47091209778964,19.47190639283508,19.483014007098973,11.107614263892174,True,
3876,onnx_model_000,measure,19.47339910683938,19.474604442249984,19.48315991414711,8.555471897125244,True,
3877,onnx_model_000,measure,19.478842799355437,19.480069228913635,19.483197705820203,3.128476906567812,True,
3878,onnx_model_000,measure,19.487599282045874,19.488435042090714,19.49780295882374,9.367916733026505,True,
3879,onnx_model_000,measure,19.489857574168603,19.490936556831002,19.49798810109496,7.051544263958931,True,
3880,onnx_model_000,measure,19.495895827141183,19.49638679716736,19.498027977067977,1.6411799006164074,True,
3881,onnx_model_000,measure,19.496591010296477,19.496745168231428,19.49805968720466,1.3145189732313156,True,
3882,onnx_model_000,measure,19.5000761490914,19.50029755104333,19.511340220924467,11.042669881135225,True,
3883,onnx_model_000,measure,19.52126213469166,19.52157033700496,19.530976788140833,9.406451135873795,True,
3884,onnx_model_000,measure,19.521940554122843,19.52304067183286,19.531153383199126,8.112711366266012,True,
3885,onnx_model_000,measure,19.526306490934214,19.52748222509399,19.531214268878102,3.732043784111738,True,
3886,onnx_model_000,measure,19.529627343167387,19.529917263891548,19.531249906867743,1.3326429761946201,True,
3887,onnx_model_000,measure,19.53439609685553,19.53548874380067,19.54111703298986,5.6282891891896725,True,
3888,onnx_model_000,measure,19.53731373304261,19.537937219254673,19.541163882240653,3.2266629859805107,True,
3889,onnx_model_000,measure,19.538023056118014,19.5382963209413,19.541339825838804,3.043504897505045,True,
3890,onnx_model_000,measure,19.538690284521028,19.539730437099934,19.541378199122846,1.6477620229125023,True,
3891,onnx_model_000,measure,19.539441408655602,19.539917442947626,19.551110027823597,11.192584875971079,True,
3892,onnx_model_000,measure,19.54025479451117,19.54047801811248,19.551300240214914,10.822222102433443,True,
3893,onnx_model_000,measure,19.544875963820953,19.54560270998627,19.551344564184546,5.741854198276997,True,
3894,onnx_model_000,measure,19.549387820495994,19.550080901943147,19.561358890030533,11.277988087385893,True,
3895,onnx_model_000,measure,19.554790351000207,19.555567069910467,19.561412360984832,5.845291074365377,True,
3896,onnx_model_000,measure,19.567730203973703,19.568637716118246,19.575906462967396,7.268746849149466,True,
3897,onnx_model_000,measure,19.569086361644562,19.570143607910722,19.576144555117935,6.000947207212448,True,
3898,onnx_model_000,measure,19.569272782447758,19.57030922314152,19.57608653511852,5.777311976999044,True,
3899,onnx_model_000,measure,19.574502038705507,19.57484107790515,19.576176806818694,1.3357289135456085,True,
3900,onnx_model_000,measure,19.576904659693298,19.577409960795194,19.588599409908056,11.189449112862349,True,
3901,onnx_model_000,measure,19.583575425739344,19.5838745390065,19.588781426195055,4.90688718855381,True,
3902,onnx_model_000,measure,19.587034866560526,19.587308296002448,19.588828346226364,1.520050223916769,True,
3903,onnx_model_000,measure,19.595331594032395,19.596054401248693,19.60714067518711,11.086273938417435,True,
3904,onnx_model_000,measure,19.59747980725805,19.59849314717576,19.607268658000976,8.77551082521677,True,
3905,onnx_model_000,measure,19.60809466515316,19.608488937839866,19.61982488585636,11.335948016494513,True,
3906,onnx_model_000,measure,19.61330490013291,19.613931633066386,19.619869721122086,5.938088055700064,True,
3907,onnx_model_000,measure,19.61869444816269,19.619371253065765,19.630458880215883,11.087627150118351,True,
3908,onnx_model_000,measure,19.62386130592061,19.624093159101903,19.630588735919446,6.4955768175423145,True,
3909,onnx_model_000,measure,19.62867981395231,19.62953769788146,19.640540102962404,11.0024050809443,True,
3910,onnx_model_000,measure,19.637080032596028,19.637828337959945,19.640683255158365,2.854917198419571,True,
3911,onnx_model_000,measure,19.638569811810477,19.639265900012106,19.640719834249467,1.4539342373609543,True,
3912,onnx_model_000,measure,19.645510789611492,19.645940157119185,19.65700872708112,11.068569961935282,True,
3913,onnx_model_000,measure,19.647117911004067,19.64738104585558,19.65715409303084,9.773047175258398,True,
3914,onnx_model_000,measure,19.654018119048516,19.654834925197065,19.657218947075307,2.3840218782424927,True,
3915,onnx_model_000,measure,19.657390943536036,19.658456949982792,19.669745949096978,11.288999114185572,True,
3916,onnx_model_000,measure,19.662933171243914,19.663907770998776,19.669805511832237,5.897740833461285,True,
3917,onnx_model_000,measure,19.668329106406112,19.669336950872093,19.680416341871023,11.079390998929739,True,
3918,onnx_model_000,measure,19.676961797094574,19.67802688991651,19.68054354423657,2.516654320061207,True,
3919,onnx_model_000,measure,19.678709185859834,19.67945854086429,19.690487616229802,11.029075365513563,True,
3920,onnx_model_000,measure,19.680757763269405,19.681805753149092,19.69061984680593,8.81409365683794,True,
3921,onnx_model_000,measure,19.69231479326948,19.69285532599315,19.70135348988697,8.498163893818855,True,
3922,onnx_model_000,measure,19.69540055386674,19.69630436319858,19.70220996811986,5.905604921281338,True,
3923,onnx_model_000,measure,19.69791599032372,19.698779807891697,19.702255033887923,3.4752259962260723,True,
3924,onnx_model_000,measure,19.69998018947567,19.700216880068183,19.70228851819411,2.071638125926256,True,
3925,onnx_model_000,measure,19.700890769195926,19.701479359995574,19.71291467687115,11.435316875576973,True,
3926,onnx_model_000,measure,19.700998429306782,19.70169105194509,19.71305374102667,11.362689081579447,True,
3927,onnx_model_000,measure,19.715120670845927,19.716279572807252,19.72740048216656,11.120909359306097,True,
3928,onnx_model_000,measure,19.717057012256625,19.71772863715887,19.727540689054877,9.812051896005869,True,
3929,onnx_model_000,measure,19.717456162046624,19.717909110244364,19.727575886063278,9.666775818914175,True,
3930,onnx_model_000,measure,19.73280152009219,19.733830475248396,19.74495034199208,11.119866743683815,True,
3931,onnx_model_000,measure,19.743787816803458,19.744280639104545,19.755608822219074,11.328183114528656,True,
3932,onnx_model_000,measure,19.748983678318933,19.750179081223905,19.755786911118776,5.60782989487052,True,
3933,onnx_model_000,measure,19.74953356181808,19.750342471990734,19.755827617831528,5.485145840793848,True,
3934,onnx_model_000,measure,19.7640732235128,19.766050660982728,19.777124830987304,11.074170004576445,True,
3935,onnx_model_000,measure,19.78537927964863,19.787444146815687,19.7940362370573,6.592090241611004,True,
3936,onnx_model_000,measure,19.785593139055315,19.787639799062163,19.79409375693649,6.453957874327898,True,
3937,onnx_model_000,measure,19.78774122764206,19.788127947133034,19.79412913415581,6.001187022775412,True,
3938,onnx_model_000,measure,19.79210159099884,19.792637980077416,19.79423677921295,1.5987991355359554,True,
3939,onnx_model_000,measure,19.79943133667642,19.80049849115312,19.808015319984406,7.516828831285238,True,
3940,onnx_model_000,measure,19.801336237997194,19.802022167947143,19.808191114105284,6.168946158140898,True,
3941,onnx_model_000,measure,19.8029479735724,19.803494246210903,19.808247521054,4.753274843096733,True,
3942,onnx_model_000,measure,19.806524148587396,19.806935987900943,19.808278220240027,1.3422323390841484,True,
3943,onnx_model_000,measure,19.810641308856507,19.81151504209265,19.819859785027802,8.344742935150862,True,
3944,onnx_model_000,measure,19.813432879667456,19.8139810198918,19.820007916074246,6.026896182447672,True,
3945,onnx_model_000,measure,19.814154053312187,19.8143394109793,19.820073239970952,5.733828991651535,True,
3946,onnx_model_000,measure,19.8182423589997,19.818786513991654,19.820190983824432,1.404469832777977,True,
3947,onnx_model_000,measure,19.82726502123322,19.82842173986137,19.839570751879364,11.149012017995119,True,
3948,onnx_model_000,measure,19.832862437957644,19.833936693146825,19.840094338171184,6.157645024359226,True,
3949,onnx_model_000,measure,19.835237328537005,19.836379135027528,19.840139393229038,3.760258201509714,True,
3950,onnx_model_000,measure,19.838853255254236,19.839670912828296,19.850849993061274,11.179080232977867,True,
3951,onnx_model_000,measure,19.839776487701013,19.840269511099905,19.850981893017888,10.712381917983294,True,
3952,onnx_model_000,measure,19.85097941079731,19.851129864808172,19.862225575838238,11.095711030066013,True,
3953,onnx_model_000,measure,19.853542828580814,19.854632652830333,19.862334633246064,7.7019804157316685,True,
3954,onnx_model_000,measure,19.864704528601223,19.865557990968227,19.876586655154824,11.02866418659687,True,
3955,onnx_model_000,measure,19.876119548916005,19.876691454090178,19.887767808046192,11.076353956013918,True,
3956,onnx_model_000,measure,19.88068341304719,19.8811733732,19.887883799150586,6.710425950586796,True,
3957,onnx_model_000,measure,19.8878939716424,19.8890997399576,19.89618940697983,7.089667022228241,True,
3958,onnx_model_000,measure,19.889288226827386,19.889464823994786,19.896722950972617,7.258126977831125,True,
3959,onnx_model_000,measure,19.893822154896636,19.8949153451249,19.896786752156913,1.8714070320129395,True,
3960,onnx_model_000,measure,19.894596493816284,19.895079066045582,19.896821598056704,1.7425320111215115,True,
3961,onnx_model_000,measure,19.8953945749448,19.8962860298343,19.90743599506095,11.149965226650238,True,
3962,onnx_model_000,measure,19.8968973854993,19.89806452114135,19.90758540900424,9.520887862890959,True,
3963,onnx_model_000,measure,19.897161375205304,19.89822951517999,19.907624082174152,9.394566994160414,True,
3964,onnx_model_000,measure,19.90890175922566,19.909859471954405,19.918151604011655,8.292132057249546,True,
3965,onnx_model_000,measure,19.910376958872913,19.91130641195923,19.91831405321136,7.00764125213027,True,
3966,onnx_model_000,measure,19.910612378619337,19.91148284683004,19.918351132888347,6.868286058306694,True,
3967,onnx_model_000,measure,19.91629391846322,19.91703276708722,19.91840243106708,1.36966397985816,True,
3968,onnx_model_000,measure,19.929124496332946,19.929638628847897,19.94067518785596,11.036559008061886,True,
3969,onnx_model_000,measure,19.932673296373842,19.93310403591022,19.940822027157992,7.7179912477731705,True,
3970,onnx_model_000,measure,19.94405521715995,19.945054673124105,19.956225115805864,11.170442681759596,True,
3971,onnx_model_000,measure,19.944781883075237,19.945219094865024,19.956387375015765,11.168280150741339,True,
3972,onnx_model_000,measure,19.94926066796715,19.94973080093041,19.956425095908344,6.694294977933168,True,
3973,onnx_model_000,measure,19.956780008633086,19.95764335198328,19.968673889990896,11.030538007616997,True,
3974,onnx_model_000,measure,19.963789439132782,19.964098191820085,19.96883607795462,4.737886134535074,True,
3975,onnx_model_000,measure,19.96680981729282,19.967527830973268,19.968873469159007,1.3456381857395172,True,
3976,onnx_model_000,measure,19.974241298112158,19.975094764959067,19.98614693293348,11.052167974412441,True,
3977,onnx_model_000,measure,19.98656241425706,19.987368936184794,19.99831589497626,10.946958791464567,True,
3978,onnx_model_000,measure,19.99914656891009,19.99953659484163,20.010544429998845,11.007835157215595,True,
3979,onnx_model_000,measure,20.006259621878634,20.00699216686189,20.01068589882925,3.6937319673597813,True,
3980,onnx_model_000,measure,20.006317566895998,20.0071528730914,20.01072296919301,3.5700961016118526,True,
3981,onnx_model_000,measure,20.016730188458514,20.017942923121154,20.026014104951173,8.071181830018759,True,
3982,onnx_model_000,measure,20.019819599535595,20.02036456624046,20.02605867991224,5.694113671779633,True,
3983,onnx_model_000,measure,20.02284155438094,20.023708513006568,20.026088817045093,2.3803040385246277,True,
3984,onnx_model_000,measure,20.024540309344548,20.02508141286671,20.02616183599457,1.0804231278598309,True,
3985,onnx_model_000,measure,20.030048280979887,20.030365807004273,20.041216612793505,10.850805789232254,True,
3986,onnx_model_000,measure,20.030874430741893,20.03172280685976,20.04127211915329,9.54931229352951,True,
3987,onnx_model_000,measure,20.037403810157738,20.0381175018847,20.041307506151497,3.1900042667984962,True,
3988,onnx_model_000,measure,20.053794424893727,20.05561416083947,20.066625461913645,11.011301074177027,True,
3989,onnx_model_000,measure,20.072794244099306,20.07384938420728,20.082450943998992,8.601559791713953,True,
3990,onnx_model_000,measure,20.076369103674832,20.077279924880713,20.08250316325575,5.2232383750379086,True,
3991,onnx_model_000,measure,20.079016469836002,20.07971443189308,20.08253911184147,2.82467994838953,True,
3992,onnx_model_000,measure,20.080249760068558,20.08126805583015,20.082637639250606,1.3695834204554558,True,
3993,onnx_model_000,measure,20.08960134563394,20.08994422806427,20.101161079946905,11.216851882636547,True,
3994,onnx_model_000,measure,20.096363861818386,20.09748530201614,20.10121366987005,3.728367853909731,True,
3995,onnx_model_000,measure,20.105656051512078,20.10651068901643,20.117637208197266,11.126519180834293,True,
3996,onnx_model_000,measure,20.11179252980533,20.113069334998727,20.11769039882347,4.6210638247430325,True,
3997,onnx_model_000,measure,20.12156521306136,20.121989401057363,20.13320098305121,11.211581993848085,True,
3998,onnx_model_000,measure,20.123471186413052,20.1245396588929,20.133254704996943,8.715046104043722,True,
3999,onnx_model_000,measure,20.129665560429583,20.130099337082356,20.133289852179587,3.190515097230673,True,
4000,onnx_model_000,measure,20.13975389378643,20.140600378159434,20.1484271758236,7.826797664165497,True,
4001,onnx_model_000,measure,20.142365318691034,20.14315965306014,20.148637566249818,5.477913189679384,True,
4002,onnx_model_000,measure,20.14417981870387,20.144727073144168,20.14867975609377,3.952682949602604,True,
4003,onnx_model_000,measure,20.146619281814807,20.147304351907223,20.148711977060884,1.4076251536607742,True,
4004,onnx_model_000,measure,20.14739384019522,20.147707839030772,20.15902981022373,11.32197119295597,True,
4005,onnx_model_000,measure,20.15289440278668,20.154018594883382,20.159082861151546,5.0642662681639194,True,
4006,onnx_model_000,measure,20.16608514282632,20.166381244082004,20.177651848178357,11.270604096353054,True,
4007,onnx_model_000,measure,20.17101107332305,20.171936734113842,20.17771244281903,5.775708705186844,True,
4008,onnx_model_000,measure,20.174020161363007,20.17448298400268,20.177747981157154,3.2649971544742584,True,
4009,onnx_model_000,measure,20.178631896350044,20.179049484897405,20.190168360248208,11.118875350803137,True,
4010,onnx_model_000,measure,20.191375203829022,20.192474483978003,20.20225441409275,9.779930114746094,True,
4011,onnx_model_000,measure,20.1973624277246,20.198021217249334,20.202817033044994,4.795815795660019,True,
4012,onnx_model_000,measure,20.198727889392543,20.199562297202647,20.202867539133877,3.30524193122983,True,
4013,onnx_model_000,measure,20.199941614657565,20.20114286104217,20.20290372800082,1.7608669586479664,True,
4014,onnx_model_000,measure,20.201392763016162,20.20168172614649,20.212607523892075,10.925797745585442,True,
4015,onnx_model_000,measure,20.202017625530093,20.202376516070217,20.212790091056377,10.413574986159801,True,
4016,onnx_model_000,measure,20.20448407869064,20.205154365859926,20.212850536219776,7.69617035984993,True,
4017,onnx_model_000,measure,20.210789566220765,20.21160922618583,20.212881244253367,1.2720180675387383,True,
4018,onnx_model_000,measure,20.215942969424603,20.217125472147018,20.228401957079768,11.276484932750463,True,
4019,onnx_model_000,measure,20.216415309224548,20.2172945830971,20.228547734208405,11.25315111130476,True,
4020,onnx_model_000,measure,20.225151775320853,20.2258299482055,20.228585104923695,2.7551567181944847,True,
4021,onnx_model_000,measure,20.229370665566705,20.229815123137087,20.23808540403843,8.27028090134263,True,
4022,onnx_model_000,measure,20.231132082272914,20.232257245108485,20.238250326830894,5.993081722408533,True,
4023,onnx_model_000,measure,20.236290485362492,20.236687356140465,20.238308458123356,1.6211019828915596,True,
4024,onnx_model_000,measure,20.2367124244978,20.237063591834158,20.23833833495155,1.2747431173920631,True,
4025,onnx_model_000,measure,20.24240322859482,20.243573886808008,20.254646874964237,11.072988156229258,True,
4026,onnx_model_000,measure,20.249335711430664,20.25003635091707,20.25483892019838,4.802569281309843,True,
4027,onnx_model_000,measure,20.252732362355353,20.253473054151982,20.25487630115822,1.4032470062375069,True,
4028,onnx_model_000,measure,20.255430193460732,20.256093996111304,20.26709859399125,11.004597879946232,True,
4029,onnx_model_000,measure,20.25630446546623,20.256497772876173,20.267243590205908,10.745817329734564,True,
4030,onnx_model_000,measure,20.257952266231413,20.258950245101005,20.26730069797486,8.35045287385583,True,
4031,onnx_model_000,measure,20.27214390560028,20.272522564046085,20.27970579918474,7.183235138654709,True,
4032,onnx_model_000,measure,20.275011188097704,20.276050851214677,20.27987704379484,3.826192580163479,True,
4033,onnx_model_000,measure,20.277651621693106,20.278495117090642,20.27993408218026,1.4389650896191597,True,
4034,onnx_model_000,measure,20.278059041717693,20.278660021256655,20.280020777136087,1.360755879431963,True,
4035,onnx_model_000,measure,20.285387748493402,20.286241110879928,20.292513214051723,6.272103171795607,True,
4036,onnx_model_000,measure,20.2889956544391,20.28968816390261,20.292670792900026,2.982628997415304,True,
4037,onnx_model_000,measure,20.290170021162698,20.291149461176246,20.292708565015346,1.5591038390994072,True,
4038,onnx_model_000,measure,20.290444662854107,20.2913117101416,20.298932516016066,7.620805874466896,True,
4039,onnx_model_000,measure,20.29046236868927,20.291457606945187,20.29277682490647,1.319217961281538,True,
4040,onnx_model_000,measure,20.292782956257106,20.292939824983478,20.298998080193996,6.058255210518837,True,
4041,onnx_model_000,measure,20.294303709356353,20.295387788210064,20.299029469955713,3.641681745648384,True,
4042,onnx_model_000,measure,20.297133399225036,20.297847263049334,20.29914644220844,1.299179159104824,True,
4043,onnx_model_000,measure,20.312662223887006,20.313371723052114,20.32446565106511,11.093928012996912,True,
4044,onnx_model_000,measure,20.317532280307123,20.31783095886931,20.324574828147888,6.74386927857995,True,
4045,onnx_model_000,measure,20.34188999261326,20.343813118059188,20.354866317939013,11.053199879825115,True,
4046,onnx_model_000,measure,20.347533450391833,20.348253658041358,20.355027353856713,6.773695815354586,True,
4047,onnx_model_000,measure,20.352039082884126,20.35268353903666,20.35506375413388,2.380215097218752,True,
4048,onnx_model_000,measure,20.357574030477927,20.358285416848958,20.369359978940338,11.074562091380358,True,
4049,onnx_model_000,measure,20.358951853130687,20.35971897188574,20.369876049924642,10.15707803890109,True,
4050,onnx_model_000,measure,20.361147554440482,20.362164521124214,20.369921816978604,7.7572958543896675,True,
4051,onnx_model_000,measure,20.3691972798914,20.369518991094083,20.381037717219442,11.518726125359535,True,
4052,onnx_model_000,measure,20.371192631946403,20.37214939109981,20.381083033047616,8.933641947805882,True,
4053,onnx_model_000,measure,20.380119394927995,20.380583642981946,20.392216456122696,11.632813140749931,True,
4054,onnx_model_000,measure,20.396667048364293,20.397523634135723,20.408631017897278,11.107383761554956,True,
4055,onnx_model_000,measure,20.412136085519794,20.412949055898935,20.424157882109284,11.208826210349798,True,
4056,onnx_model_000,measure,20.420726071179736,20.42149505019188,20.42421021219343,2.7151620015501976,True,
4057,onnx_model_000,measure,20.430102053914524,20.430509766098112,20.43616854213178,5.65877603366971,True,
4058,onnx_model_000,measure,20.431234445340966,20.43204224901274,20.436223867814988,4.181618802249432,True,
4059,onnx_model_000,measure,20.433387382601527,20.434600552078336,20.436260216869414,1.6596647910773754,True,
4060,onnx_model_000,measure,20.43365477461582,20.434817545115948,20.436290714889765,1.4731697738170624,True,
4061,onnx_model_000,measure,20.43473546174578,20.435278721153736,20.438212227076292,2.9335059225559235,True,
4062,onnx_model_000,measure,20.43594320323526,20.436482740100473,20.438402188010514,1.919447910040617,True,
4063,onnx_model_000,measure,20.436413977999,20.436911785043776,20.43844315595925,1.5313709154725075,True,
4064,onnx_model_000,measure,20.43658489496067,20.437131722923368,20.438474455848336,1.3427329249680042,True,
4065,onnx_model_000,measure,20.43860803703992,20.439713050145656,20.44602936692536,6.316316779702902,True,
4066,onnx_model_000,measure,20.440117881858267,20.44120615813881,20.44619009224698,4.983934108167887,True,
4067,onnx_model_000,measure,20.441341286334634,20.441583164967597,20.446227012202144,4.643847234547138,True,
4068,onnx_model_000,measure,20.444430405508513,20.445038754027337,20.44625656818971,1.2178141623735428,True,
4069,onnx_model_000,measure,20.447092872823557,20.4475105619058,20.458493830170482,10.9832682646811,True,
4070,onnx_model_000,measure,20.468451666249933,20.46872091991827,20.47979208501056,11.071165092289448,True,
4071,onnx_model_000,measure,20.482091506166675,20.483017846941948,20.494197106920183,11.179259978234768,True,
4072,onnx_model_000,measure,20.48482938388868,20.485464076977223,20.494242041837424,8.777964860200882,True,
4073,onnx_model_000,measure,20.486314388505637,20.4869078011252,20.49427331192419,7.3655107989907265,True,
4074,onnx_model_000,measure,20.492274299164897,20.493350917939097,20.49915611324832,5.8051953092217445,True,
4075,onnx_model_000,measure,20.495530505402524,20.49650827003643,20.49934107484296,2.8328048065304756,True,
4076,onnx_model_000,measure,20.496806031998965,20.497923590242863,20.499379869084805,1.4562788419425488,True,
4077,onnx_model_000,measure,20.497721814104718,20.498092702124268,20.499411007855088,1.3183057308197021,True,
4078,onnx_model_000,measure,20.508977171931733,20.509647776838392,20.520742326043546,11.09454920515418,True,
4079,onnx_model_000,measure,20.513030574396556,20.51413432508707,20.5209100949578,6.775769870728254,True,
4080,onnx_model_000,measure,20.518692133433248,20.51957185100764,20.52096800506115,1.3961540535092354,True,
4081,onnx_model_000,measure,20.52536144004098,20.52619154425338,20.53733997605741,11.148431804031134,True,
4082,onnx_model_000,measure,20.532206782630126,20.53263796819374,20.537863790988922,5.2258227951824665,True,
4083,onnx_model_000,measure,20.535389080743002,20.536096030846238,20.537908996921033,1.8129660747945309,True,
4084,onnx_model_000,measure,20.536972086890874,20.537450715899467,20.548592285253108,11.14156935364008,True,
4085,onnx_model_000,measure,20.540852208145907,20.54113786481321,20.54907562304288,7.937758229672909,True,
4086,onnx_model_000,measure,20.5478134517076,20.54870165279135,20.559738712850958,11.037060059607029,True,
4087,onnx_model_000,measure,20.549051517367488,20.549227581825107,20.55989225395024,10.664672125130892,True,
4088,onnx_model_000,measure,20.58319800661643,20.584188869223,20.59527123486623,11.08236564323306,True,
4089,onnx_model_000,measure,20.594437149839873,20.5947375302203,20.60584684787318,11.109317652881145,True,
4090,onnx_model_000,measure,20.6128084183915,20.61315397825092,20.616694457829,3.540479578077793,True,
4091,onnx_model_000,measure,20.613399058188868,20.613567694090307,20.61674774903804,3.180054947733879,True,
4092,onnx_model_000,measure,20.613650235210088,20.613975478801876,20.616804587189108,2.829108387231827,True,
4093,onnx_model_000,measure,20.614735236858742,20.61547887697816,20.61691788211465,1.4390051364898682,True,
4094,onnx_model_000,measure,20.6186013427627,20.619226860813797,20.630499789025635,11.272928211838007,True,
4095,onnx_model_000,measure,20.629089497364127,20.6297985361889,20.64108878793195,11.29025174304843,True,
4096,onnx_model_000,measure,20.629143137451592,20.629992324858904,20.641141809057444,11.14948419854045,True,
4097,onnx_model_000,measure,20.656018089416584,20.656442603096366,20.667664664797485,11.222061701118946,True,
4098,onnx_model_000,measure,20.66327157786843,20.66398954903707,20.667717926204205,3.728377167135477,True,
4099,onnx_model_000,measure,20.681125990989308,20.682016655802727,20.69322639424354,11.209738440811634,True,
4100,onnx_model_000,measure,20.68626985261439,20.687560373917222,20.693280367180705,5.7199932634830475,True,
4101,onnx_model_000,measure,20.690859240359973,20.692122997250408,20.7033408600837,11.217862833291292,True,
4102,onnx_model_000,measure,20.69409196991111,20.694577512796968,20.703406235203147,8.828722406178713,True,
4103,onnx_model_000,measure,20.700256806104594,20.70113543793559,20.703512706793845,2.377268858253956,True,
4104,onnx_model_000,measure,20.717730208743482,20.71894002193585,20.730251222848892,11.31120091304183,True,
4105,onnx_model_000,measure,20.722939089617405,20.723623564932495,20.730306268204004,6.682703271508217,True,
4106,onnx_model_000,measure,20.72838207603171,20.72920683817938,20.740373022854328,11.166184674948454,True,
4107,onnx_model_000,measure,20.729786618076247,20.730411358177662,20.74044556124136,10.034203063696623,True,
4108,onnx_model_000,measure,20.730856164534803,20.731949891895056,20.74054933898151,8.599447086453438,True,
4109,onnx_model_000,measure,20.74046042733443,20.740710644982755,20.751784334890544,11.07368990778923,True,
4110,onnx_model_000,measure,20.75529376666312,20.756091211922467,20.767273628152907,11.18241623044014,True,
4111,onnx_model_000,measure,20.758011790598747,20.75863944599405,20.76732673915103,8.687293156981468,True,
4112,onnx_model_000,measure,20.76150573934506,20.762288481928408,20.767363178078085,5.074696149677038,True,
4113,onnx_model_000,measure,20.769195479701278,20.76968353893608,20.781157589051872,11.474050115793943,True,
4114,onnx_model_000,measure,20.7692669184278,20.76989250583574,20.781209968961775,11.317463126033545,True,
4115,onnx_model_000,measure,20.770947351607738,20.771478170063347,20.781245696824044,9.767526760697365,True,
4116,onnx_model_000,measure,20.780275453356847,20.7813477111049,20.792484200093895,11.136488988995552,True,
4117,onnx_model_000,measure,20.78332140510902,20.783864594995975,20.79265811992809,8.79352493211627,True,
4118,onnx_model_000,measure,20.78797020901434,20.788319162093103,20.79270476894453,4.385606851428747,True,
4119,onnx_model_000,measure,20.793227304065702,20.793916542083025,20.805010320153087,11.093778070062399,True,
4120,onnx_model_000,measure,20.795284480718813,20.7963644862175,20.80517439218238,8.809905964881182,True,
4121,onnx_model_000,measure,20.798759351631094,20.799818862229586,20.805211963132024,5.393100902438164,True,
4122,onnx_model_000,measure,20.810970646459783,20.811437266878784,20.82247671112418,11.039444245398045,True,
4123,onnx_model_000,measure,20.812447466176774,20.81289234291762,20.822620274033397,9.7279311157763,True,
4124,onnx_model_000,measure,20.813119835844386,20.814352168235928,20.822657534852624,8.30536661669612,True,
4125,onnx_model_000,measure,20.84493054414266,20.845958818215877,20.853617855813354,7.659037597477436,True,
4126,onnx_model_000,measure,20.84579134923694,20.84614724619314,20.853671377990395,7.5241317972540855,True,
4127,onnx_model_000,measure,20.848287715861286,20.848782395012677,20.85370729584247,4.924900829792023,True,
4128,onnx_model_000,measure,20.8515610766126,20.852329477202147,20.85383203299716,1.5025557950139046,True,
4129,onnx_model_000,measure,20.854595065595323,20.85511719621718,20.866212246008217,11.095049791038036,True,
4130,onnx_model_000,measure,20.858455853972053,20.85960508696735,20.866377050057054,6.7719630897045135,True,
4131,onnx_model_000,measure,20.86168017081747,20.86209854716435,20.866417936980724,4.319389816373587,True,
4132,onnx_model_000,measure,20.87002707094785,20.8706467859447,20.88180439500138,11.157609056681395,True,
4133,onnx_model_000,measure,20.875989967159516,20.87711735581979,20.881851945072412,4.734589252620935,True,
4134,onnx_model_000,measure,20.891448126578382,20.892150681931525,20.903690807987005,11.54012605547905,True,
4135,onnx_model_000,measure,20.90182834564037,20.90269545605406,20.914306446909904,11.610990855842829,True,
4136,onnx_model_000,measure,20.905522572742047,20.90599784301594,20.914359007030725,8.361164014786482,True,
4137,onnx_model_000,measure,20.90795692386439,20.90872551780194,20.914395506028086,5.669988226145506,True,
4138,onnx_model_000,measure,20.913647099931293,20.914497199002653,20.91795998206362,3.462783060967922,True,
4139,onnx_model_000,measure,20.914972919130967,20.916048218030483,20.91815373999998,2.105521969497204,True,
4140,onnx_model_000,measure,20.915308650734104,20.91623632516712,20.918195278849453,1.958953682333231,True,
4141,onnx_model_000,measure,20.916378157887646,20.91686067217961,20.91822674917057,1.3660769909620285,True,
4142,onnx_model_000,measure,20.920542284747043,20.921496313996613,20.92560713784769,4.110823851078749,True,
4143,onnx_model_000,measure,20.9214284115583,20.921889381017536,20.92579638818279,3.9070071652531624,True,
4144,onnx_model_000,measure,20.923208735300648,20.92433683294803,20.925871199928224,1.5343669801950455,True,
4145,onnx_model_000,measure,20.923692382114698,20.92450539395213,20.92590886214748,1.403468195348978,True,
4146,onnx_model_000,measure,20.926892772059364,20.927153987810016,20.938269968144596,11.115980334579945,True,
4147,onnx_model_000,measure,20.929325504990093,20.929610969033092,20.938415084034204,8.804115001112223,True,
4148,onnx_model_000,measure,20.933317349122646,20.93408289924264,20.938452805858105,4.369906615465879,True,
4149,onnx_model_000,measure,20.939602058397774,20.94067717390135,20.951692833099514,11.01565919816494,True,
4150,onnx_model_000,measure,20.954108828978548,20.95491808420047,20.965989077929407,11.070993728935719,True,
4151,onnx_model_000,measure,20.959785309697857,20.960362683050334,20.966706783045083,6.344099994748831,True,
4152,onnx_model_000,measure,20.962269077255755,20.962832508143038,20.966769813094288,3.937304951250553,True,
4153,onnx_model_000,measure,20.96554067916963,20.96609266521409,20.97728014085442,11.187475640326738,True,
4154,onnx_model_000,measure,20.965561702999057,20.966252028010786,20.977445065043867,11.193037033081055,True,
4155,onnx_model_000,measure,20.968075029025268,20.968996906187385,20.977483047172427,8.486140985041857,True,
4156,onnx_model_000,measure,20.976014600737876,20.976437178906053,20.987396702170372,10.959523264318705,True,
4157,onnx_model_000,measure,20.989763955559063,20.99061967805028,21.001668801065534,11.049123015254736,True,
4158,onnx_model_000,measure,21.000475697401093,21.001117502804846,21.012269601225853,11.152098421007395,True,
4159,onnx_model_000,measure,21.002650793570663,21.002901543863118,21.012414797209203,9.513253346085548,True,
4160,onnx_model_000,measure,21.005036894792674,21.005343887023628,21.012451206799597,7.10731977596879,True,
4161,onnx_model_000,measure,21.015500929935275,21.016672981902957,21.026046940125525,9.373958222568035,True,
4162,onnx_model_000,measure,21.018270234334988,21.019067163113505,21.026127674151212,7.060511037707329,True,
4163,onnx_model_000,measure,21.018780350702624,21.01915363688022,21.026159134227782,7.005497347563505,True,
4164,onnx_model_000,measure,21.024583541574284,21.02544859284535,21.026174132246524,0.7255394011735916,True,
4165,onnx_model_000,measure,21.02693631843433,21.027314479928464,21.037917884998024,10.603405069559813,True,
4166,onnx_model_000,measure,21.0273729953188,21.027496496215463,21.037986325100064,10.489828884601593,True,
4167,onnx_model_000,measure,21.039015096208857,21.04012044193223,21.050829919055104,10.709477122873068,True,
4168,onnx_model_000,measure,21.040837547109234,21.041360769886523,21.05087697925046,9.516209363937378,True,
4169,onnx_model_000,measure,21.041681674768242,21.04259592713788,21.050909981131554,8.314053993672132,True,
4170,onnx_model_000,measure,21.049440419033985,21.04989139502868,21.051008589100093,1.1171940714120865,True,
4171,onnx_model_000,measure,21.05649935069649,21.057244191877544,21.06350851012394,6.264318246394396,True,
4172,onnx_model_000,measure,21.06001896199314,21.06069447984919,21.06372574204579,3.031262196600437,True,
4173,onnx_model_000,measure,21.060194688226687,21.060882337857038,21.06379884108901,2.916503231972456,True,
4174,onnx_model_000,measure,21.06130193380378,21.0623942008242,21.06383513007313,1.4409292489290237,True,
4175,onnx_model_000,measure,21.06339897248189,21.0639277161099,21.074998691212386,11.070975102484226,True,
4176,onnx_model_000,measure,21.0725190860831,21.074393030256033,21.085486175958067,11.093145702034235,True,
4177,onnx_model_000,measure,21.07583347395892,21.076219581998885,21.085649947170168,9.430365171283484,True,
4178,onnx_model_000,measure,21.07719946219582,21.077655541244894,21.085688521154225,8.032979909330606,True,
4179,onnx_model_000,measure,21.089460330108015,21.08991257008165,21.10101945279166,11.106882710009813,True,
4180,onnx_model_000,measure,21.09858382490073,21.10036756284535,21.11149876192212,11.131199076771736,True,
4181,onnx_model_000,measure,21.09929825090431,21.100533589255065,21.11164362821728,11.110038962215185,True,
4182,onnx_model_000,measure,21.108413399413063,21.109246350824833,21.111681931186467,2.435580361634493,True,
4183,onnx_model_000,measure,21.115150812824727,21.11590286390856,21.1243145740591,8.411710150539875,True,
4184,onnx_model_000,measure,21.117427244703464,21.118341128807515,21.124536064919084,6.194936111569405,True,
4185,onnx_model_000,measure,21.120792305830136,21.121786789037287,21.12457358604297,2.7867970056831837,True,
4186,onnx_model_000,measure,21.12230860102257,21.123240511864424,21.124605395831168,1.364883966743946,True,
4187,onnx_model_000,measure,21.124350976537556,21.124761582817882,21.136083004064858,11.32142124697566,True,
4188,onnx_model_000,measure,21.127417289045653,21.12820970779285,21.136131396051496,7.921688258647919,True,
4189,onnx_model_000,measure,21.134619305221424,21.135711506940424,21.14670668821782,10.995181277394295,True,
4190,onnx_model_000,measure,21.13577575405991,21.136277593206614,21.146789255086333,10.511661879718304,True,
4191,onnx_model_000,measure,21.140896925893326,21.141712074168026,21.14682663604617,5.114561878144741,True,
4192,onnx_model_000,measure,21.147027834235512,21.1480776341632,21.156545209232718,8.467575069516897,True,
4193,onnx_model_000,measure,21.153543461414007,21.154450878035277,21.156640821136534,2.189943101257086,True,
4194,onnx_model_000,measure,21.154409178337755,21.154662651009858,21.156676318962127,2.0136679522693157,True,
4195,onnx_model_000,measure,21.155071406432853,21.15595292393118,21.156694473233074,0.741549301892519,True,
4196,onnx_model_000,measure,21.158237189295544,21.15885318722576,21.169635863043368,10.782675817608833,True,
4197,onnx_model_000,measure,21.15992309775371,21.160134903155267,21.16973071312532,9.59580997005105,True,
4198,onnx_model_000,measure,21.17225234631893,21.17291287193075,21.18384341010824,10.930538177490234,True,
4199,onnx_model_000,measure,21.178173582161193,21.179300133138895,21.183887022081763,4.5868889428675175,True,
4200,onnx_model_000,measure,21.18108046307263,21.18166199279949,21.183919022791088,2.257029991596937,True,
4201,onnx_model_000,measure,21.182079589516423,21.183026345912367,21.193880569189787,10.854223277419806,True,
4202,onnx_model_000,measure,21.19675766210194,21.197100920137018,21.207378386054188,10.277465917170048,True,
4203,onnx_model_000,measure,21.20087875106384,21.20153616089374,21.20759536884725,6.059207953512669,True,
4204,onnx_model_000,measure,21.201816850920963,21.202971018850803,21.207634223159403,4.663204308599234,True,
4205,onnx_model_000,measure,21.205226812084554,21.206400056835264,21.20766508113593,1.2650243006646633,True,
4206,onnx_model_000,measure,21.207273552828163,21.207768348045647,21.21497259195894,7.204243913292885,True,
4207,onnx_model_000,measure,21.20806222606008,21.20922804204747,21.215122115798295,5.894073750823736,True,
4208,onnx_model_000,measure,21.208358803820126,21.209390380885452,21.215180116239935,5.789735354483128,True,
4209,onnx_model_000,measure,21.212763016461484,21.213903469964862,21.215264737140387,1.3612671755254269,True,
4210,onnx_model_000,measure,21.215379286049778,21.216482251882553,21.22737497696653,10.892725083976984,True,
4211,onnx_model_000,measure,21.229533594495642,21.23059742199257,21.241618000902236,11.020578909665346,True,
4212,onnx_model_000,measure,21.249379128217285,21.24992988118902,21.258444455917925,8.514574728906155,True,
4213,onnx_model_000,measure,21.250462395340517,21.251442606095225,21.258671678137034,7.229072041809559,True,
4214,onnx_model_000,measure,21.25152630870075,21.25185484997928,21.258725019171834,6.8701691925525665,True,
4215,onnx_model_000,measure,21.256697630933246,21.257304579019547,21.25877494411543,1.4703650958836079,True,
4216,onnx_model_000,measure,21.27132382807094,21.27302517183125,21.28123459685594,8.209425024688244,True,
4217,onnx_model_000,measure,21.272032526431534,21.27319843089208,21.281397947110236,8.199516218155622,True,
4218,onnx_model_000,measure,21.273471907972592,21.273682561237365,21.28145458502695,7.772023789584637,True,
4219,onnx_model_000,measure,21.279217034018384,21.280143172014505,21.281485322862864,1.3421508483588696,True,
4220,onnx_model_000,measure,21.283424284248234,21.283741611987352,21.294864284805954,11.122672818601131,True,
4221,onnx_model_000,measure,21.29787375636368,21.298094504978508,21.309187571983784,11.09306700527668,True,
4222,onnx_model_000,measure,21.302094290556177,21.302540737204254,21.3092988030985,6.758065894246101,True,
4223,onnx_model_000,measure,21.30975665232056,21.310519744176418,21.31573400599882,5.214261822402477,True,
4224,onnx_model_000,measure,21.3122141520623,21.312994458246976,21.315938253886998,2.9437956400215626,True,
4225,onnx_model_000,measure,21.31331740665711,21.31443025683984,21.315975173842162,1.5449170023202896,True,
4226,onnx_model_000,measure,21.313816817539216,21.31459535099566,21.316006053239107,1.4107022434473038,True,
4227,onnx_model_000,measure,21.31766703854001,21.31824499880895,21.329458644147962,11.213645339012146,True,
4228,onnx_model_000,measure,21.32615188957834,21.326692927163094,21.3296053330414,2.912405878305435,True,
4229,onnx_model_000,measure,21.329368946761523,21.32970205694437,21.34079205710441,11.090000160038471,True,
4230,onnx_model_000,measure,21.331262336088106,21.33216559002176,21.34090492222458,8.73933220282197,True,
4231,onnx_model_000,measure,21.342022298132342,21.34314301609993,21.354229339864105,11.086323764175177,True,
4232,onnx_model_000,measure,21.343557516862454,21.34458729205653,21.354372581932694,9.785289876163006,True,
4233,onnx_model_000,measure,21.345881801492464,21.347053839825094,21.354410443920642,7.356604095548391,True,
4234,onnx_model_000,measure,21.35939432484048,21.35963248088956,21.367939009796828,8.30652890726924,True,
4235,onnx_model_000,measure,21.36253773686984,21.36309951124713,21.368092963006347,4.99345175921917,True,
4236,onnx_model_000,measure,21.362575854386296,21.36326497513801,21.368129963055253,4.864987917244434,True,
4237,onnx_model_000,measure,21.36655151532101,21.366798291914165,21.36823514290154,1.4368509873747826,True,
4238,onnx_model_000,measure,21.366994153116238,21.367165749892592,21.378240071237087,11.07432134449482,True,
4239,onnx_model_000,measure,21.371208993693518,21.371456176042557,21.37836649082601,6.910314783453941,True,
4240,onnx_model_000,measure,21.383358688619072,21.383594930171967,21.391888054087758,8.293123915791512,True,
4241,onnx_model_000,measure,21.383475512192845,21.383799037896097,21.392047756817192,8.248718921095133,True,
4242,onnx_model_000,measure,21.387489855154417,21.3883138098754,21.392107401043177,3.7935911677777767,True,
4243,onnx_model_000,measure,21.39041948971922,21.39076353609562,21.392138740047812,1.3752039521932602,True,
4244,onnx_model_000,measure,21.395443230841256,21.396371176000684,21.407433193176985,11.062017176300287,True,
4245,onnx_model_000,measure,21.403914025738892,21.404859059955925,21.407551979180425,2.692919224500656,True,
4246,onnx_model_000,measure,21.410261907902232,21.410794583149254,21.417193565983325,6.398982834070921,True,
4247,onnx_model_000,measure,21.411270262484493,21.412236182950437,21.417386191897094,5.150008946657181,True,
4248,onnx_model_000,measure,21.415258912210753,21.415676933247596,21.41744255879894,1.7656255513429642,True,
4249,onnx_model_000,measure,21.415727679104478,21.416052517015487,21.41747319791466,1.4206808991730213,True,
4250,onnx_model_000,measure,21.41884624871429,21.419714327901602,21.430968130007386,11.253802105784416,True,
4251,onnx_model_000,measure,21.419492170451583,21.4199100099504,21.431153140962124,11.243131011724472,True,
4252,onnx_model_000,measure,21.42465318836511,21.425431735813618,21.43119162414223,5.759888328611851,True,
4253,onnx_model_000,measure,21.42928003860029,21.42988607287407,21.431223275139928,1.3372022658586502,True,
4254,onnx_model_000,measure,21.43361458029105,21.434457942843437,21.44490924011916,10.451297275722027,True,
4255,onnx_model_000,measure,21.436329540403246,21.436905877199024,21.445095142815262,8.189265616238117,True,
4256,onnx_model_000,measure,21.441431900804304,21.442338223103434,21.445132854860276,2.7946317568421364,True,
4257,onnx_model_000,measure,21.442790587772162,21.44380147382617,21.4451645151712,1.3630413450300694,True,
4258,onnx_model_000,measure,21.445153247793446,21.44532440882176,21.456383040174842,11.058631353080273,True,
4259,onnx_model_000,measure,21.446616781991928,21.447785708121955,21.456530270166695,8.744562044739723,True,
4260,onnx_model_000,measure,21.448958578904136,21.44922012416646,21.456594661809504,7.374537643045187,True,
4261,onnx_model_000,measure,21.46605858943433,21.466839415952563,21.47785624815151,11.016832198947668,True,
4262,onnx_model_000,measure,21.481515854013555,21.48208341281861,21.493168704211712,11.085291393101215,True,
4263,onnx_model_000,measure,21.494227314253273,21.495394335128367,21.50645281607285,11.058480944484472,True,
4264,onnx_model_000,measure,21.49681870957799,21.497868036851287,21.506578634958714,8.710598107427359,True,
4265,onnx_model_000,measure,21.506811613561656,21.50781290093437,21.51209498103708,4.282080102711916,True,
4266,onnx_model_000,measure,21.506984035446127,21.507992872968316,21.512259422801435,4.266549833118916,True,
4267,onnx_model_000,measure,21.50781566947025,21.50844616489485,21.512316081207246,3.8699163123965263,True,
4268,onnx_model_000,measure,21.510456471367547,21.511003205087036,21.512347450014204,1.3442449271678925,True,
4269,onnx_model_000,measure,21.516290751840028,21.516586649231613,21.527740170247853,11.15352101624012,True,
4270,onnx_model_000,measure,21.51655032138313,21.516967792995274,21.527923157904297,10.955364909023046,True,
4271,onnx_model_000,measure,21.52514320352904,21.525402716826648,21.527963254135102,2.5605373084545135,True,
4272,onnx_model_000,measure,21.528245074850595,21.529182170983404,21.53759771818295,8.41554719954729,True,
4273,onnx_model_000,measure,21.53399938512308,21.534630917944014,21.537798448931426,3.1675309874117374,True,
4274,onnx_model_000,measure,21.534025180798498,21.534815710037947,21.537838225252926,3.0225152149796486,True,
4275,onnx_model_000,measure,21.536017582957783,21.536338042933494,21.53787100687623,1.5329639427363873,True,
4276,onnx_model_000,measure,21.53801566144127,21.53910169703886,21.548446129076183,9.344432037323713,True,
4277,onnx_model_000,measure,21.54175074483041,21.54254665505141,21.548608959186822,6.062304135411978,True,
4278,onnx_model_000,measure,21.54336079773815,21.54399754293263,21.54866866208613,4.671119153499603,True,
4279,onnx_model_000,measure,21.546866100224783,21.547475023195148,21.548701584804803,1.2265616096556187,True,
4280,onnx_model_000,measure,21.553440048258405,21.55393657600507,21.565018410794437,11.08183478936553,True,
4281,onnx_model_000,measure,21.574154984910745,21.57526614004746,21.580855684820563,5.589544773101807,True,
4282,onnx_model_000,measure,21.57653659411508,21.577732919249684,21.58138889912516,3.6559798754751682,True,
4283,onnx_model_000,measure,21.577164679904847,21.577931195963174,21.581434245221317,3.5030492581427097,True,
4284,onnx_model_000,measure,21.578522114825148,21.579466113820672,21.581468540243804,2.0024264231324196,True,
4285,onnx_model_000,measure,21.57856740907309,21.579635174944997,21.589275790844113,9.6406158991158,True,
4286,onnx_model_000,measure,21.580354185407632,21.580979440826923,21.5894411848858,8.46174405887723,True,
4287,onnx_model_000,measure,21.583492950626976,21.584710102062672,21.589501359965652,4.791257902979851,True,
4288,onnx_model_000,measure,21.587105456574484,21.588208191096783,21.58953239908442,1.3242079876363277,True,
4289,onnx_model_000,measure,21.593393746432,21.593789380975068,21.604961536824703,11.172155849635601,True,
4290,onnx_model_000,measure,21.59982086505648,21.600236104801297,21.60510506015271,4.868955351412296,True,
4291,onnx_model_000,measure,21.602762300918812,21.603692835196853,21.605142902117223,1.4500669203698635,True,
4292,onnx_model_000,measure,21.607531716412204,21.60836588824168,21.61946794204414,11.102053802460432,True,
4293,onnx_model_000,measure,21.608422765256886,21.60872803721577,21.61951457010582,10.786532890051603,True,
4294,onnx_model_000,measure,21.614391958706324,21.61524316109717,21.619548335205764,4.305174108594656,True,
4295,onnx_model_000,measure,21.62289277638249,21.623803773894906,21.634844299871475,11.04052597656846,True,
4296,onnx_model_000,measure,21.631071740238216,21.632252634037286,21.634889776818454,2.6371427811682224,True,
4297,onnx_model_000,measure,21.65901696604168,21.660137249156833,21.671050704084337,10.913454927504063,True,
4298,onnx_model_000,measure,21.66131296464415,21.661616390105337,21.671504836995155,9.888446889817715,True,
4299,onnx_model_000,measure,21.670251305011515,21.671149582136422,21.682147688232362,10.998106095939875,True,
4300,onnx_model_000,measure,21.672514365734205,21.672734133899212,21.682192252017558,9.458118118345737,True,
4301,onnx_model_000,measure,21.677729769406184,21.67822887795046,21.68222743924707,3.9985612966120243,True,
4302,onnx_model_000,measure,21.689333079666376,21.690464716870338,21.701569606084377,11.104889214038849,True,
4303,onnx_model_000,measure,21.697167177172815,21.697979832068086,21.70162345794961,3.643625881522894,True,
4304,onnx_model_000,measure,21.700191664158726,21.7005269639194,21.701659547165036,1.1325832456350327,True,
4305,onnx_model_000,measure,21.702206896332708,21.70292392000556,21.713964246213436,11.040326207876205,True,
4306,onnx_model_000,measure,21.70491854330771,21.705409605056047,21.71401148615405,8.601881098002195,True,
4307,onnx_model_000,measure,21.715068289566755,21.71624053316191,21.727083574049175,10.843040887266397,True,
4308,onnx_model_000,measure,21.727893614055645,21.728309004101902,21.739308171905577,10.999167803674936,True,
4309,onnx_model_000,measure,21.72868535638096,21.72976960008964,21.73935624305159,9.58664296194911,True,
4310,onnx_model_000,measure,21.72968844105161,21.730127280112356,21.73939021723345,9.262937121093273,True,
4311,onnx_model_000,measure,21.740707496439377,21.74162718001753,21.752474319189787,10.847139172255993,True,
4312,onnx_model_000,measure,21.754049291307744,21.754701491910964,21.765693717170507,10.992225259542465,True,
4313,onnx_model_000,measure,21.754600905313673,21.755073389038444,21.76574665820226,10.673269163817167,True,
4314,onnx_model_000,measure,21.769205341163396,21.770061910152435,21.781143866013736,11.08195586130023,True,
4315,onnx_model_000,measure,21.777059598684566,21.777607914060354,21.781198820099235,3.590906038880348,True,
4316,onnx_model_000,measure,21.777485146116767,21.778019757010043,21.781235639937222,3.2158829271793365,True,
4317,onnx_model_000,measure,21.783312069205888,21.784545891918242,21.795610464178026,11.064572259783745,True,
4318,onnx_model_000,measure,21.786916614375777,21.78810826409608,21.795662774238735,7.5545101426541805,True,
4319,onnx_model_000,measure,21.80145545812089,21.80196189787239,21.81287835817784,10.916460305452347,True,
4320,onnx_model_000,measure,21.81574740244995,21.816185033880174,21.821716559119523,5.531525239348412,True,
4321,onnx_model_000,measure,21.817175913258815,21.817731283139437,21.8217859310098,4.054647870361805,True,
4322,onnx_model_000,measure,21.81935839007499,21.820306417997926,21.821826237253845,1.5198192559182644,True,
4323,onnx_model_000,measure,21.820433942239752,21.820714835077524,21.821856725029647,1.1418899521231651,True,
4324,onnx_model_000,measure,21.82195416263222,21.823134404141456,21.8340452038683,10.910799726843834,True,
4325,onnx_model_000,measure,21.826459195067176,21.82761469995603,21.834191240835935,6.576540879905224,True,
4326,onnx_model_000,measure,21.82863691308509,21.829075096175075,21.834229063242674,5.153967067599297,True,
4327,onnx_model_000,measure,21.83626919268029,21.837454062886536,21.848342020064592,10.88795717805624,True,
4328,onnx_model_000,measure,21.854773017426307,21.85564706614241,21.866793092805892,11.14602666348219,True,
4329,onnx_model_000,measure,21.863275152794316,21.864207537844777,21.866847346071154,2.639808226376772,True,
4330,onnx_model_000,measure,21.865714913998147,21.866951663978398,21.872250146232545,5.29848225414753,True,
4331,onnx_model_000,measure,21.867878473272402,21.868463558144867,21.872300821822137,3.8372636772692204,True,
4332,onnx_model_000,measure,21.869787493482267,21.870947950985283,21.87241441803053,1.4664670452475548,True,
4333,onnx_model_000,measure,21.870994949731458,21.871314478106797,21.872451038099825,1.1365599930286407,True,
4334,onnx_model_000,measure,21.87370447039519,21.87470198702067,21.87680951319635,2.1075261756777763,True,
4335,onnx_model_000,measure,21.874048206539644,21.874895033892244,21.876859006937593,1.963973045349121,True,
4336,onnx_model_000,measure,21.874773066285766,21.87534364592284,21.877307740040123,1.964094117283821,True,
4337,onnx_model_000,measure,21.875348730022356,21.875702088233083,21.877354949247092,1.652861014008522,True,
4338,onnx_model_000,measure,21.875460210539494,21.8758905059658,21.886892208829522,11.00170286372304,True,
4339,onnx_model_000,measure,21.87652419716362,21.876952854916453,21.886934018228203,9.981163311749697,True,
4340,onnx_model_000,measure,21.886175406153747,21.887026333250105,21.89295864989981,5.932316649705172,True,
4341,onnx_model_000,measure,21.886447679862023,21.887192219030112,21.893003105185926,5.810886155813932,True,
4342,onnx_model_000,measure,21.887348139497647,21.887629710137844,21.893114756792784,5.4850466549396515,True,
4343,onnx_model_000,measure,21.89150495851291,21.892081342171878,21.893147999886423,1.0666577145457268,True,
4344,onnx_model_000,measure,21.893482204207253,21.894378528930247,21.90521518792957,10.836658999323845,True,
4345,onnx_model_000,measure,21.90818755600961,21.908441370818764,21.915599797852337,7.158427033573389,True,
4346,onnx_model_000,measure,21.910569434080305,21.91089277015999,21.915664711035788,4.771940875798464,True,
4347,onnx_model_000,measure,21.91184318610829,21.912320844829082,21.915789809077978,3.468964248895645,True,
4348,onnx_model_000,measure,21.91364197842896,21.914763157255948,21.91582608781755,1.0629305616021156,True,
4349,onnx_model_000,measure,21.919120438493916,21.920059996191412,21.931073580868542,11.013584677129984,True,
4350,onnx_model_000,measure,21.921058377496884,21.92149778921157,21.93111658282578,9.618793614208698,True,
4351,onnx_model_000,measure,21.930145317215583,21.931207876186818,21.942108696792275,10.900820605456829,True,
4352,onnx_model_000,measure,21.932036996780795,21.932641360908747,21.942151769064367,9.510408155620098,True,
4353,onnx_model_000,measure,21.94929439703929,21.95038201380521,21.95741994213313,7.037928327918053,True,
4354,onnx_model_000,measure,21.949749464357147,21.950546467211097,21.9574767597951,6.930292584002018,True,
4355,onnx_model_000,measure,21.951796890084925,21.952076193876565,21.957587871234864,5.511677358299494,True,
4356,onnx_model_000,measure,21.955313622441054,21.95651202602312,21.957621635869145,1.1096098460257053,True,
4357,onnx_model_000,measure,21.961098092506074,21.961866634897888,21.972842427901924,10.97579300403595,True,
4358,onnx_model_000,measure,21.96486860666447,21.96531055122614,21.972886682022363,7.576130796223879,True,
4359,onnx_model_000,measure,21.96810553494512,21.968746051192284,21.972919064108282,4.173012915998697,True,
4360,onnx_model_000,measure,21.973281216810523,21.974150544963777,21.981138137169182,6.987592205405235,True,
4361,onnx_model_000,measure,21.97480076014758,21.97558800689876,21.98118422506377,5.596218165010214,True,
4362,onnx_model_000,measure,21.97899943353107,21.980038406793028,21.981296848971397,1.2584421783685684,True,
4363,onnx_model_000,measure,21.979154341959635,21.98020142596215,21.98133095400408,1.1295280419290066,True,
4364,onnx_model_000,measure,21.984389331400454,21.985566054005176,21.99640984693542,10.8437929302454,True,
4365,onnx_model_000,measure,22.002046701480396,22.002634990029037,22.013613728806376,10.978738777339458,True,
4366,onnx_model_000,measure,22.00358303260981,22.004094713833183,22.013658514246345,9.563800413161516,True,
4367,onnx_model_000,measure,22.006877635559444,22.00753190787509,22.013690785039216,6.1588771641254425,True,
4368,onnx_model_000,measure,22.02395744679626,22.024930249899626,22.03582241386175,10.892163962125778,True,
4369,onnx_model_000,measure,22.04177685439819,22.042128170840442,22.053165702149272,11.037531308829784,True,
4370,onnx_model_000,measure,22.042279317873813,22.042540374211967,22.053219433873892,10.679059661924839,True,
4371,onnx_model_000,measure,22.04506206811944,22.046064422931522,22.05325612379238,7.191700860857964,True,
4372,onnx_model_000,measure,22.068588427970422,22.069567719008774,22.080583218019456,11.015499010682106,True,
4373,onnx_model_000,measure,22.079721168095,22.080135887954384,22.09089451888576,10.758630931377411,True,
4374,onnx_model_000,measure,22.08138986796282,22.08189759682864,22.09094805084169,9.050454013049603,True,
4375,onnx_model_000,measure,22.088344324107094,22.089443411212415,22.090983918868005,1.5405076555907726,True,
4376,onnx_model_000,measure,22.089655907424955,22.089874199125916,22.091012934222817,1.1387350969016552,True,
4377,onnx_model_000,measure,22.094895483295037,22.09534786408767,22.106402847915888,11.054983828216791,True,
4378,onnx_model_000,measure,22.096282560451936,22.096904682926834,22.10645697079599,9.552287869155407,True,
4379,onnx_model_000,measure,22.106802413681372,22.10777283180505,22.118970257230103,11.197425425052643,True,
4380,onnx_model_000,measure,22.107238422022895,22.107964836992323,22.119022576138377,11.057739146053791,True,
4381,onnx_model_000,measure,22.113700611443,22.114568499848247,22.11906003812328,4.4915382750332355,True,
4382,onnx_model_000,measure,22.13216529609836,22.133369417861104,22.144371381029487,11.001963168382645,True,
4383,onnx_model_000,measure,22.14377049038248,22.144482613075525,22.154305865056813,9.823251981288195,True,
4384,onnx_model_000,measure,22.147342242418357,22.14802898420021,22.154356291051954,6.327306851744652,True,
4385,onnx_model_000,measure,22.147549514645558,22.14821794303134,22.154392891097814,6.174948066473007,True,
4386,onnx_model_000,measure,22.151365703642238,22.151868612039834,22.154493171256036,2.6245592162013054,True,
4387,onnx_model_000,measure,22.151621994981088,22.152061359025538,22.162616312038153,10.554953012615442,True,
4388,onnx_model_000,measure,22.155906160764392,22.156744489911944,22.1626833290793,5.938839167356491,True,
4389,onnx_model_000,measure,22.157848016707877,22.15821981523186,22.16271644225344,4.4966270215809345,True,
4390,onnx_model_000,measure,22.160981958000047,22.161678548902273,22.162834878079593,1.1563291773200035,True,
4391,onnx_model_000,measure,22.163386035118346,22.1640705158934,22.17505499580875,10.984479915350676,True,
4392,onnx_model_000,measure,22.169070528322337,22.16951914317906,22.175100373104215,5.58122992515564,True,
4393,onnx_model_000,measure,22.189003816084597,22.189328217878938,22.19634358305484,7.0153651759028435,True,
4394,onnx_model_000,measure,22.191157439258674,22.191789616830647,22.196388468146324,4.598851315677166,True,
4395,onnx_model_000,measure,22.194287053461597,22.19523086817935,22.19684604788199,1.6151797026395798,True,
4396,onnx_model_000,measure,22.19432376551974,22.19539578119293,22.196891644969583,1.495863776654005,True,
4397,onnx_model_000,measure,22.195742820066396,22.196480372920632,22.20745180780068,10.971434880048037,True,
4398,onnx_model_000,measure,22.202358436417207,22.203138219192624,22.20749484980479,4.356630612164736,True,
4399,onnx_model_000,measure,22.20752487944662,22.208711361978203,22.219617383088917,10.906021110713482,True,
4400,onnx_model_000,measure,22.211374783731134,22.212164977099746,22.21966067608446,7.495698984712362,True,
4401,onnx_model_000,measure,22.217383604631443,22.218601922970265,22.219692525919527,1.0906029492616653,True,
4402,onnx_model_000,measure,22.227841929266944,22.229931659065187,22.240803115069866,10.871456004679203,True,
4403,onnx_model_000,measure,22.24725661532431,22.248110414948314,22.25914351688698,11.033101938664913,True,
4404,onnx_model_000,measure,22.252527946291934,22.253661807160825,22.25919646816328,5.534661002457142,True,
4405,onnx_model_000,measure,22.26797349364715,22.269495264161378,22.280419229064137,10.923964902758598,True,
4406,onnx_model_000,measure,22.294675165446478,22.29572433186695,22.30679341312498,11.069081258028746,True,
4407,onnx_model_000,measure,22.30361639134289,22.304302387870848,22.306850250810385,2.5478629395365715,True,
4408,onnx_model_000,measure,22.31436211101427,22.31514893611893,22.326245178002864,11.096241883933544,True,
4409,onnx_model_000,measure,22.322303392408664,22.32272191112861,22.326300142798573,3.578231669962406,True,
4410,onnx_model_000,measure,22.32465338582817,22.325282148085535,22.336326180957258,11.044032871723175,True,
4411,onnx_model_000,measure,22.33231952202687,22.333601491060108,22.33637886121869,2.777370158582926,True,
4412,onnx_model_000,measure,22.340444098774853,22.341678244061768,22.352950119879097,11.271875817328691,True,
4413,onnx_model_000,measure,22.351001180771767,22.352243638131768,22.357876183930784,5.6325457990169525,True,
4414,onnx_model_000,measure,22.351382300149588,22.352457182947546,22.357927871868014,5.470688920468092,True,
4415,onnx_model_000,measure,22.353488407125997,22.354249500203878,22.357964983209968,3.7154830060899258,True,
4416,onnx_model_000,measure,22.35619115394325,22.356828342191875,22.357995190192014,1.166848000138998,True,
4417,onnx_model_000,measure,22.36431985058303,22.3653277088888,22.376577843911946,11.250135023146868,True,
4418,onnx_model_000,measure,22.374843095062865,22.375898371916264,22.37924262881279,3.3442568965256214,True,
4419,onnx_model_000,measure,22.375647811886903,22.376107279211283,22.379294817801565,3.1875385902822018,True,
4420,onnx_model_000,measure,22.377273045086895,22.377862825989723,22.379330595955253,1.4677699655294418,True,
4421,onnx_model_000,measure,22.37810239929075,22.378272876143456,22.379360863938928,1.087987795472145,True,
4422,onnx_model_000,measure,22.382409778992535,22.3836411498487,22.394634176045656,10.993026196956635,True,
4423,onnx_model_000,measure,22.391577036900276,22.39213565690443,22.394681646022946,2.545989118516445,True,
4424,onnx_model_000,measure,22.397207049326894,22.397908620070666,22.40894294483587,11.034324765205383,True,
4425,onnx_model_000,measure,22.404178043194015,22.40541923698038,22.40899355104193,3.574314061552286,True,
4426,onnx_model_000,measure,22.405916717225953,22.406968823168427,22.409028287045658,2.0594638772308826,True,
4427,onnx_model_000,measure,22.407690306518486,22.40845105983317,22.419378250837326,10.927191004157066,True,
4428,onnx_model_000,measure,22.41386043854181,22.41427518101409,22.419424789957702,5.149608943611383,True,
4429,onnx_model_000,measure,22.41983674507204,22.42065269406885,22.431773502845317,11.120808776468039,True,
4430,onnx_model_000,measure,22.419956436137266,22.420840381179005,22.431822726968676,10.982345789670944,True,
4431,onnx_model_000,measure,22.429100873776125,22.429377248045057,22.431856650859118,2.4794028140604496,True,
4432,onnx_model_000,measure,22.437275271143,22.438163279090077,22.448259519878775,10.096240788698196,True,
4433,onnx_model_000,measure,22.443262617325953,22.44361728616059,22.448438189923763,4.820903763175011,True,
4434,onnx_model_000,measure,22.44513919424325,22.446079265791923,22.44847706379369,2.397798001766205,True,
4435,onnx_model_000,measure,22.446550085743173,22.447511578910053,22.448508384171873,0.9968052618205547,True,
4436,onnx_model_000,measure,22.453374988271168,22.453743014018983,22.45871467422694,4.971660207957029,True,
4437,onnx_model_000,measure,22.45390997884001,22.454138775821775,22.458799915853888,4.661140032112598,True,
4438,onnx_model_000,measure,22.456612568103928,22.457581410184503,22.458919974975288,1.3385647907853127,True,
4439,onnx_model_000,measure,22.45735326118879,22.457747456151992,22.45895498106256,1.207524910569191,True,
4440,onnx_model_000,measure,22.460572664784788,22.461193365976214,22.472068096976727,10.874731000512838,True,
4441,onnx_model_000,measure,22.470065496827374,22.471648980863392,22.482492331881076,10.843351017683744,True,
4442,onnx_model_000,measure,22.496006467111478,22.496823894791305,22.507738672196865,10.914777405560017,True,
4443,onnx_model_000,measure,22.516260997791292,22.518059129826725,22.5291756009683,11.116471141576767,True,
4444,onnx_model_000,measure,22.52043311742963,22.521605751942843,22.52923660725355,7.630855310708284,True,
4445,onnx_model_000,measure,22.526581364964926,22.527169798035175,22.529272796120495,2.102998085319996,True,
4446,onnx_model_000,measure,22.542390126652737,22.543583679012954,22.55468614306301,11.10246405005455,True,
4447,onnx_model_000,measure,22.547656505826225,22.548149017151445,22.554738983046263,6.589965894818306,True,
4448,onnx_model_000,measure,22.551667776200503,22.55269449716434,22.55479843588546,2.1039387211203575,True,
4449,onnx_model_000,measure,22.55997513824919,22.56111067486927,22.57079765899107,9.686984121799469,True,
4450,onnx_model_000,measure,22.56314333865794,22.563655241858214,22.570856280159205,7.201038300991058,True,
4451,onnx_model_000,measure,22.564827317871767,22.565233522094786,22.5708916769363,5.658154841512442,True,
4452,onnx_model_000,measure,22.569140266154864,22.56979132583365,22.570921022910625,1.1296970769762993,True,
4453,onnx_model_000,measure,22.575885521021426,22.576254301238805,22.58464501099661,8.39070975780487,True,
4454,onnx_model_000,measure,22.577542437285857,22.57881482783705,22.584696026984602,5.881199147552252,True,
4455,onnx_model_000,measure,22.579442389946887,22.58029777696356,22.58482575416565,4.527977202087641,True,
4456,onnx_model_000,measure,22.583486257054656,22.58376471698284,22.584863616153598,1.09889917075634,True,
4457,onnx_model_000,measure,22.585306750376468,22.586102912202477,22.59695127280429,10.848360601812601,True,
4458,onnx_model_000,measure,22.59954530092535,22.60017977980897,22.605227154213935,5.047374404966831,True,
4459,onnx_model_000,measure,22.60100470441842,22.60163109889254,22.605274184141308,3.6430852487683296,True,
4460,onnx_model_000,measure,22.60114741245629,22.601824256125838,22.60542072216049,3.5964660346508026,True,
4461,onnx_model_000,measure,22.60326484521372,22.604339978192,22.605459144804627,1.119166612625122,True,
4462,onnx_model_000,measure,22.60505421610906,22.605552522931248,22.616546540986747,10.9940180554986,True,
4463,onnx_model_000,measure,22.609029621919817,22.61003257893026,22.616591596975923,6.559018045663834,True,
4464,onnx_model_000,measure,22.61546614811064,22.616683911997825,22.627659114077687,10.975202079862356,True,
4465,onnx_model_000,measure,22.62009352456886,22.62114463094622,22.627702467143536,6.557836197316647,True,
4466,onnx_model_000,measure,22.62585083339924,22.626577578950673,22.627735238987952,1.157660037279129,True,
4467,onnx_model_000,measure,22.63963795518335,22.63998800003901,22.650875666178763,10.887666139751673,True,
4468,onnx_model_000,measure,22.655485174313956,22.65617988910526,22.667238099034876,11.05820992961526,True,
4469,onnx_model_000,measure,22.656391682963303,22.65658976789564,22.667291690129787,10.701922234147787,True,
4470,onnx_model_000,measure,22.668930191895498,22.669591541867703,22.679167074151337,9.575532283633947,True,
4471,onnx_model_000,measure,22.67324532491551,22.674178411252797,22.67921845195815,5.040040705353022,True,
4472,onnx_model_000,measure,22.67664044390124,22.67772160610184,22.67925338819623,1.5317820943892002,True,
4473,onnx_model_000,measure,22.677929289950736,22.678168796002865,22.679350562859327,1.1817668564617634,True,
4474,onnx_model_000,measure,22.682183876794035,22.6825952809304,22.68657195009291,3.9766691625118256,True,
4475,onnx_model_000,measure,22.68463813035123,22.68507790984586,22.686619138810784,1.5412289649248123,True,
4476,onnx_model_000,measure,22.684832332062346,22.68524642009288,22.68673441791907,1.4879978261888027,True,
4477,onnx_model_000,measure,22.68523511730119,22.68568515405059,22.68679215805605,1.1070040054619312,True,
4478,onnx_model_000,measure,22.689723338080594,22.690037487074733,22.70092991180718,10.89242473244667,True,
4479,onnx_model_000,measure,22.69198069506386,22.692491161171347,22.700987602118403,8.496440947055817,True,
4480,onnx_model_000,measure,22.695009182115175,22.695927743799984,22.701080929022282,5.153185222297907,True,
4481,onnx_model_000,measure,22.713300606584895,22.715310858096927,22.721517195925117,6.206337828189135,True,
4482,onnx_model_000,measure,22.714558345067285,22.71547640301287,22.72156970622018,6.093303207308054,True,
4483,onnx_model_000,measure,22.719382288426115,22.7200737320818,22.721605252940208,1.5315208584070206,True,
4484,onnx_model_000,measure,22.7195054149886,22.72026222012937,22.721635039895773,1.3728197664022446,True,
4485,onnx_model_000,measure,22.719578117413658,22.72041416913271,22.73157570604235,11.161536909639835,True,
4486,onnx_model_000,measure,22.729028958644395,22.729966577142477,22.7316484041512,1.6818270087242126,True,
4487,onnx_model_000,measure,22.741164739703756,22.74194680992514,22.75271873595193,10.771926026791334,True,
4488,onnx_model_000,measure,22.752786375564348,22.753887217026204,22.764494880102575,10.607663076370955,True,
4489,onnx_model_000,measure,22.76452609919983,22.76569986110553,22.776473850943148,10.773989837616682,True,
4490,onnx_model_000,measure,22.764695397748355,22.765822854824364,22.776505661197007,10.682806372642517,True,
4491,onnx_model_000,measure,22.77302660798619,22.77420073002577,22.776565715204924,2.364985179156065,True,
4492,onnx_model_000,measure,22.778701350790097,22.779827354941517,22.790651821065694,10.824466124176979,True,
4493,onnx_model_000,measure,22.787221982225333,22.7882312098518,22.79069073498249,2.459525130689144,True,
4494,onnx_model_000,measure,22.78769208355377,22.788341288920492,22.79071187507361,2.3705861531198025,True,
4495,onnx_model_000,measure,22.790955364421805,22.791886378079653,22.80169680621475,9.810428135097027,True,
4496,onnx_model_000,measure,22.79200829993261,22.792128628119826,22.801726513076574,9.597884956747293,True,
4497,onnx_model_000,measure,22.792339318928654,22.79344805609435,22.80174798425287,8.299928158521652,True,
4498,onnx_model_000,measure,22.799619461178047,22.800851238891482,22.801833546254784,0.9823073633015156,True,
4499,onnx_model_000,measure,22.799736461148722,22.800996064208448,22.81194663979113,10.950575582683086,True,
4500,onnx_model_000,measure,22.800949045408085,22.801347952801734,22.811976827215403,10.62887441366911,True,
4501,onnx_model_000,measure,22.80275189471869,22.80306580895558,22.81199876917526,8.932960219681263,True,
4502,onnx_model_000,measure,22.810909843458155,22.81148820789531,22.822272988967597,10.784781072288752,True,
4503,onnx_model_000,measure,22.811320688317068,22.811599920969456,22.822304759174585,10.704838205128908,True,
4504,onnx_model_000,measure,22.834997494318404,22.83659065514803,22.847508226986974,10.91757183894515,True,
4505,onnx_model_000,measure,22.856273299906146,22.857794490177184,22.86872373521328,10.92924503609538,True,
4506,onnx_model_000,measure,22.86248075845603,22.863283393904567,22.86878622416407,5.502830259501934,True,
4507,onnx_model_000,measure,22.864427061000313,22.864717440214008,22.868821401149035,4.103960935026407,True,
4508,onnx_model_000,measure,22.86903482994369,22.870059413835406,22.875937116798013,5.877702962607145,True,
4509,onnx_model_000,measure,22.871689480132158,22.872515672817826,22.876115515828133,3.5998430103063583,True,
4510,onnx_model_000,measure,22.87205417999796,22.872683641966432,22.876154609955847,3.4709679894149303,True,
4511,onnx_model_000,measure,22.87494131739343,22.875202429946512,22.87618553917855,0.9831092320382595,True,
4512,onnx_model_000,measure,22.878098465631776,22.87841940484941,22.8894473281689,11.027923319488764,True,
4513,onnx_model_000,measure,22.878637285233697,22.879885372240096,22.889490600209683,9.60522796958685,True,
4514,onnx_model_000,measure,22.881323734413762,22.882311574183404,22.88952611805871,7.214543875306845,True,
4515,onnx_model_000,measure,22.888827509558922,22.889620897825807,22.900530545040965,10.909647215157747,True,
4516,onnx_model_000,measure,22.909195108914265,22.91084284801036,22.921868545934558,11.02569792419672,True,
4517,onnx_model_000,measure,22.912253332486856,22.91337660420686,22.921920314896852,8.543710689991713,True,
4518,onnx_model_000,measure,22.92188451252821,22.92208679113537,22.933130593970418,11.043802835047245,True,
4519,onnx_model_000,measure,22.927591028857062,22.928610261064023,22.933181851170957,4.571590106934309,True,
4520,onnx_model_000,measure,22.929252281273396,22.930154896806926,22.9332165569067,3.061660099774599,True,
4521,onnx_model_000,measure,22.942635754676196,22.94349777000025,22.947287283837795,3.78951383754611,True,
4522,onnx_model_000,measure,22.942912876561625,22.943684014026076,22.947818093001842,4.134078975766897,True,
4523,onnx_model_000,measure,22.945330667460134,22.94624016294256,22.94786578323692,1.6256202943623066,True,
4524,onnx_model_000,measure,22.946096844223458,22.946405908092856,22.947899146936834,1.4932388439774513,True,
4525,onnx_model_000,measure,22.946768427472065,22.947388615924865,22.958374238107353,10.985622182488441,True,
4526,onnx_model_000,measure,22.949208486131948,22.95013998588547,22.958420576062053,8.280590176582336,True,
4527,onnx_model_000,measure,22.950352683141688,22.95050404779613,22.958453439176083,7.949391379952431,True,
4528,onnx_model_000,measure,22.96195122514594,22.96269267704338,22.973796263802797,11.10358675941825,True,
4529,onnx_model_000,measure,22.96212299794509,22.96287607587874,22.97384237125516,10.966295376420021,True,
4530,onnx_model_000,measure,22.96848795317254,22.969388305209577,22.973874371964484,4.48606675490737,True,
4531,onnx_model_000,measure,22.977391601307943,22.978107898961753,22.983217782806605,5.1098838448524475,True,
4532,onnx_model_000,measure,22.978273716143384,22.97846841486171,22.98328142380342,4.813008941709995,True,
4533,onnx_model_000,measure,22.98005455169166,22.98089473694563,22.983313283883035,2.418546937406063,True,
4534,onnx_model_000,measure,22.981830928861495,22.982317300979048,22.983410418964922,1.0931179858744144,True,
4535,onnx_model_000,measure,22.983970813306183,22.98464398412034,22.993718543089926,9.074558969587088,True,
4536,onnx_model_000,measure,22.984022151029894,22.98484147898853,22.99377596192062,8.93448293209076,True,
4537,onnx_model_000,measure,22.990153503773968,22.991347766947,22.99422231083736,2.8745438903570175,True,
4538,onnx_model_000,measure,22.991600112042665,22.992782733868808,22.994266063906252,1.48333003744483,True,
4539,onnx_model_000,measure,22.993062025784837,22.993866564240307,22.999004431068897,5.1378668285906315,True,
4540,onnx_model_000,measure,22.993749695125473,22.99444425199181,22.999072048813105,4.627796821296215,True,
4541,onnx_model_000,measure,22.99474664489045,22.995849242899567,22.999179062899202,3.3298199996352196,True,
4542,onnx_model_000,measure,22.997653096694254,22.998184863012284,22.999214079231024,1.029216218739748,True,
4543,onnx_model_000,measure,23.00477564887944,23.005443951115012,23.016283486038446,10.839534923434258,True,
4544,onnx_model_000,measure,23.015369390258538,23.0159000470303,23.026820364873856,10.920317843556404,True,
4545,onnx_model_000,measure,23.01977824180958,23.020509799942374,23.026863887906075,6.3540879637002945,True,
4546,onnx_model_000,measure,23.037435988191824,23.038095698226243,23.049105485901237,11.009787674993277,True,
4547,onnx_model_000,measure,23.037966806557243,23.038282303139567,23.049265429843217,10.98312670364976,True,
4548,onnx_model_000,measure,23.044193853011205,23.04481037100777,23.04930349206552,4.4931210577487946,True,
4549,onnx_model_000,measure,23.052580685833334,23.053522582165897,23.061398804187775,7.876222021877766,True,
4550,onnx_model_000,measure,23.058306510654603,23.05898495623842,23.061558437068015,2.5734808295965195,True,
4551,onnx_model_000,measure,23.05879920952282,23.059146993793547,23.061596299055964,2.449305262416601,True,
4552,onnx_model_000,measure,23.060089537184094,23.06064694514498,23.061627238057554,0.9802929125726223,True,
4553,onnx_model_000,measure,23.06216922523468,23.062869950197637,23.073579176794738,10.709226597100496,True,
4554,onnx_model_000,measure,23.062986879858766,23.063239953946322,23.073834071867168,10.594117920845747,True,
4555,onnx_model_000,measure,23.063216095243167,23.063581823837012,23.073909275233746,10.327451396733522,True,
4556,onnx_model_000,measure,23.0721510216474,23.07363617606461,23.084253257140517,10.617081075906754,True,
4557,onnx_model_000,measure,23.07973481735805,23.08006345294416,23.0845337100327,4.470257088541985,True,
4558,onnx_model_000,measure,23.08185175728428,23.08234436903149,23.084560670889914,2.2163018584251404,True,
4559,onnx_model_000,measure,23.083768572941022,23.084309053141624,23.08976207813248,5.4530249908566475,True,
4560,onnx_model_000,measure,23.085429094020302,23.0857127411291,23.089833173900843,4.120432771742344,True,
4561,onnx_model_000,measure,23.086843439761175,23.087015106808394,23.089911342132837,2.8962353244423866,True,
4562,onnx_model_000,measure,23.08881935727132,23.089292316231877,23.089933324139565,0.6410079076886177,True,
4563,onnx_model_000,measure,23.101580570648895,23.102087267208844,23.11053626704961,8.448999840766191,True,
4564,onnx_model_000,measure,23.10481601736555,23.1053970688954,23.11063185892999,5.234790034592152,True,
4565,onnx_model_000,measure,23.105321133428543,23.10565738286823,23.11065416224301,4.996779374778271,True,
4566,onnx_model_000,measure,23.10887632289534,23.10997949913144,23.110672906972468,0.693407841026783,True,
4567,onnx_model_000,measure,23.1199137819698,23.120846736244857,23.131589006166905,10.742269922047853,True,
4568,onnx_model_000,measure,23.120269641841233,23.12094376096502,23.131661584135145,10.717823170125484,True,
4569,onnx_model_000,measure,23.12954902665015,23.131275500170887,23.14191923197359,10.64373180270195,True,
4570,onnx_model_000,measure,23.13404801730269,23.134823033120483,23.141982052009553,7.159018889069557,True,
4571,onnx_model_000,measure,23.150983791687842,23.152138838078827,23.162965358234942,10.826520156115294,True,
4572,onnx_model_000,measure,23.151629746823847,23.15223599318415,23.16300582513213,10.769831947982311,True,
4573,onnx_model_000,measure,23.158959480454058,23.15959893912077,23.163084144238383,3.485205117613077,True,
4574,onnx_model_000,measure,23.169081613125833,23.169372216798365,23.180354862939566,10.982646141201258,True,
4575,onnx_model_000,measure,23.174083710023027,23.17493407893926,23.18040693225339,5.472853314131498,True,
4576,onnx_model_000,measure,23.18123596213937,23.181697856169194,23.192963209934533,11.26535376533866,True,
4577,onnx_model_000,measure,23.19085942783697,23.19224773021415,23.20284416200593,10.59643179178238,True,
4578,onnx_model_000,measure,23.191276132345408,23.192458950914443,23.202896492090076,10.437541175633669,True,
4579,onnx_model_000,measure,23.193303275931942,23.194257690105587,23.202932960819453,8.675270713865757,True,
4580,onnx_model_000,measure,23.20073362255875,23.201803994830698,23.202962297014892,1.1583021841943264,True,
4581,onnx_model_000,measure,23.21027442856441,23.211291609797627,23.21776206884533,6.470459047704935,True,
4582,onnx_model_000,measure,23.21375340211583,23.214836347848177,23.21781548112631,2.979133278131485,True,
4583,onnx_model_000,measure,23.21533021314021,23.216366045176983,23.217851960100234,1.4859149232506752,True,
4584,onnx_model_000,measure,23.21651234563927,23.216783589217812,23.21788047393784,1.0968847200274467,True,
4585,onnx_model_000,measure,23.222494097629834,23.22316414816305,23.234340242110193,11.176093947142363,True,
4586,onnx_model_000,measure,23.222746256207287,23.22334520192817,23.234391749836504,11.046547908335924,True,
4587,onnx_model_000,measure,23.23644609286267,23.23768606223166,23.248714215122163,11.028152890503407,True,
4588,onnx_model_000,measure,23.242078488728296,23.243180857039988,23.24877948919311,5.598632153123617,True,
4589,onnx_model_000,measure,23.245375575544934,23.245621125213802,23.248820576816797,3.1994516029953957,True,
4590,onnx_model_000,measure,23.249075482748527,23.2500878861174,23.257146272808313,7.058386690914631,True,
4591,onnx_model_000,measure,23.254374176098906,23.25557897379622,23.257193332072347,1.614358276128769,True,
4592,onnx_model_000,measure,23.2544526656709,23.255747163202614,23.257227167021483,1.4800038188695908,True,
4593,onnx_model_000,measure,23.255419602963705,23.255920763127506,23.257321005221456,1.40024209395051,True,
4594,onnx_model_000,measure,23.255437217748952,23.256059867795557,23.26709964312613,11.03977533057332,True,
4595,onnx_model_000,measure,23.25789631285087,23.258555381093174,23.267265828792006,8.710447698831558,True,
4596,onnx_model_000,measure,23.26480496843664,23.266073202248663,23.267306205816567,1.233003567904234,True,
4597,onnx_model_000,measure,23.282753374621596,23.283544541802257,23.2947398731485,11.19533134624362,True,
4598,onnx_model_000,measure,23.283349629418446,23.283716209232807,23.294806680176407,11.09047094359994,True,
4599,onnx_model_000,measure,23.287218775523115,23.28826763993129,23.294840103946626,6.572464015334845,True,
4600,onnx_model_000,measure,23.293125039625018,23.29370186990127,23.294875311199576,1.1734412983059883,True,
4601,onnx_model_000,measure,23.30132842642316,23.302136794198304,23.313128096982837,10.991302784532309,True,
4602,onnx_model_000,measure,23.306463103129836,23.307600289117545,23.31317377416417,5.573485046625137,True,
4603,onnx_model_000,measure,23.31189095250592,23.313266349956393,23.32419941201806,10.933062061667442,True,
4604,onnx_model_000,measure,23.31357287592782,23.314704343210906,23.324244217015803,9.53987380489707,True,
4605,onnx_model_000,measure,23.325096450350667,23.325469085015357,23.3358427840285,10.373699013143778,True,
4606,onnx_model_000,measure,23.32744830766558,23.327915344852954,23.33588620694354,7.970862090587616,True,
4607,onnx_model_000,measure,23.328826408930436,23.329340314026922,23.335999541915953,6.659227889031172,True,
4608,onnx_model_000,measure,23.333646314570544,23.334790003020316,23.336034609004855,1.2446059845387936,True,
4609,onnx_model_000,measure,23.333744435419934,23.334955777972937,23.34578560385853,10.829825885593891,True,
4610,onnx_model_000,measure,23.340439628334988,23.34132672799751,23.345945137087256,4.618409089744091,True,
4611,onnx_model_000,measure,23.344541355292375,23.34481569007039,23.345986266154796,1.1705760844051838,True,
4612,onnx_model_000,measure,23.348655060306015,23.349215744063258,23.359451171010733,10.23542694747448,True,
4613,onnx_model_000,measure,23.35431132920168,23.354798786807805,23.359497148077935,4.698361270129681,True,
4614,onnx_model_000,measure,23.357527788636588,23.358248845208436,23.359608840197325,1.3599949888885021,True,
4615,onnx_model_000,measure,23.35767869963497,23.358412886969745,23.35964414710179,1.2312601320445538,True,
4616,onnx_model_000,measure,23.372640950962307,23.373893051873893,23.382932154927403,9.039103053510189,True,
4617,onnx_model_000,measure,23.379147981229938,23.380344536155462,23.38297763094306,2.6330947875976562,True,
4618,onnx_model_000,measure,23.37977710801678,23.38050670409575,23.383090424817055,2.5837207213044167,True,
4619,onnx_model_000,measure,23.38104746255951,23.382029599044472,23.383126142900437,1.0965438559651375,True,
4620,onnx_model_000,measure,23.388007378842087,23.38836869923398,23.392286725807935,3.9180265739560127,True,
4621,onnx_model_000,measure,23.388213397099744,23.38853576593101,23.392351039219648,3.8152732886373997,True,
4622,onnx_model_000,measure,23.389860830902563,23.391076014842838,23.392465256154537,1.389241311699152,True,
4623,onnx_model_000,measure,23.391215344818566,23.391435218043625,23.392502145841718,1.0669277980923653,True,
4624,onnx_model_000,measure,23.395470087826162,23.395741483196616,23.401736348867416,5.994865670800209,True,
4625,onnx_model_000,measure,23.398344807909066,23.399224523920566,23.401799879968166,2.5753560476005077,True,
4626,onnx_model_000,measure,23.39891702776483,23.399389217142016,23.401914397254586,2.525180112570524,True,
4627,onnx_model_000,measure,23.400499067181535,23.400908986106515,23.401949384249747,1.0403981432318687,True,
4628,onnx_model_000,measure,23.40569329364803,23.4061871888116,23.417117406148463,10.93021733686328,True,
4629,onnx_model_000,measure,23.408868960014708,23.409633981063962,23.417161990888417,7.528009824454784,True,
4630,onnx_model_000,measure,23.41426370016846,23.41508439090103,23.417196336202323,2.111945301294327,True,
4631,onnx_model_000,measure,23.43089287842307,23.43143947981298,23.44232207722962,10.882597416639328,True,
4632,onnx_model_000,measure,23.434644182398745,23.4348994968459,23.442364987917244,7.465491071343422,True,
4633,onnx_model_000,measure,23.447132094687387,23.447590561117977,23.4585237740539,10.93321293592453,True,
4634,onnx_model_000,measure,23.454973521797626,23.45605132402852,23.458569189999253,2.5178659707307816,True,
4635,onnx_model_000,measure,23.455695898651307,23.456215946935117,23.458603254985064,2.3873080499470234,True,
4636,onnx_model_000,measure,23.460188044666836,23.460854473989457,23.471866336185485,11.011862196028233,True,
4637,onnx_model_000,measure,23.464908655575822,23.465319441165775,23.471910340245813,6.590899080038071,True,
4638,onnx_model_000,measure,23.467836244352885,23.46877170400694,23.471943172160536,3.1714681535959244,True,
4639,onnx_model_000,measure,23.47133458417973,23.47203482594341,23.483009077142924,10.974251199513674,True,
4640,onnx_model_000,measure,23.47243783523553,23.47349085379392,23.48305208887905,9.561235085129738,True,
4641,onnx_model_000,measure,23.47560862691998,23.4759263638407,23.48308335803449,7.156994193792343,True,
4642,onnx_model_000,measure,23.482402975982207,23.483172847889364,23.494038042146713,10.865194257348776,True,
4643,onnx_model_000,measure,23.492420422769428,23.493629455100745,23.504563278052956,10.933822952210903,True,
4644,onnx_model_000,measure,23.50059020373993,23.50127172190696,23.504607141949236,3.3354200422763824,True,
4645,onnx_model_000,measure,23.502752527196183,23.503709195181727,23.51463732821867,10.92813303694129,True,
4646,onnx_model_000,measure,23.504123960951837,23.504698145203292,23.514682883862406,9.984738659113646,True,
4647,onnx_model_000,measure,23.523466766382928,23.524906929116696,23.53582342993468,10.916500817984343,True,
4648,onnx_model_000,measure,23.530890892658626,23.531352361198515,23.535868225153536,4.5158639550209045,True,
4649,onnx_model_000,measure,23.54352224877591,23.544094531796873,23.555103408172727,11.008876375854015,True,
4650,onnx_model_000,measure,23.54633128549426,23.547537417151034,23.55515769124031,7.620274089276791,True,
4651,onnx_model_000,measure,23.54682044310446,23.54769815225154,23.55519371991977,7.4955676682293415,True,
4652,onnx_model_000,measure,23.560547455789496,23.561504646204412,23.569311645813286,7.806999608874321,True,
4653,onnx_model_000,measure,23.562374663989292,23.563039883971214,23.569362122099847,6.322238128632307,True,
4654,onnx_model_000,measure,23.564126352048977,23.564520539250225,23.569398120976985,4.877581726759672,True,
4655,onnx_model_000,measure,23.567151598016842,23.567986987996846,23.5694278171286,1.4408291317522526,True,
4656,onnx_model_000,measure,23.567550449028225,23.568158695008606,23.57912105321884,10.962358210235834,True,
4657,onnx_model_000,measure,23.568274417334447,23.56859935214743,23.57916096923873,10.561617091298103,True,
4658,onnx_model_000,measure,23.57831356907018,23.579254515934736,23.590178491082042,10.923975147306919,True,
4659,onnx_model_000,measure,23.586900743115866,23.58770992886275,23.590223647188395,2.5137183256447315,True,
4660,onnx_model_000,measure,23.591299762288486,23.59244988905266,23.60322186490521,10.771975852549076,True,
4661,onnx_model_000,measure,23.595876884640493,23.596908112987876,23.603378142230213,6.47002924233675,True,
4662,onnx_model_000,measure,23.597987028237252,23.59835655707866,23.603415933903307,5.059376824647188,True,
4663,onnx_model_000,measure,23.610176079139965,23.610639645252377,23.62164677819237,11.007132939994335,True,
4664,onnx_model_000,measure,23.612259560501123,23.61312260525301,23.62169130286202,8.568697609007359,True,
4665,onnx_model_000,measure,23.614859266477158,23.615558124147356,23.621724044904113,6.165920756757259,True,
4666,onnx_model_000,measure,23.62093480936761,23.62183284200728,23.629044310189784,7.211468182504177,True,
4667,onnx_model_000,measure,23.62502711513926,23.625299180857837,23.629089395981282,3.7902151234447956,True,
4668,onnx_model_000,measure,23.62748265011239,23.62773224618286,23.62912177713588,1.3895309530198574,True,
4669,onnx_model_000,measure,23.627729163745325,23.628106768243015,23.629218391142786,1.1116228997707367,True,
4670,onnx_model_000,measure,23.630907777698837,23.631454692222178,23.63572348607704,4.2687938548624516,True,
4671,onnx_model_000,measure,23.631935339735804,23.63290121080354,23.635786906816065,2.8856960125267506,True,
4672,onnx_model_000,measure,23.633061394949483,23.63325906218961,23.635823186021298,2.5641238316893578,True,
4673,onnx_model_000,measure,23.6343764646389,23.634685773868114,23.635851508937776,1.1657350696623325,True,
4674,onnx_model_000,measure,23.63470142746874,23.635057529900223,23.639616827014834,4.559297114610672,True,
4675,onnx_model_000,measure,23.635668372445735,23.63603293383494,23.639662063214928,3.6291293799877167,True,
4676,onnx_model_000,measure,23.637266621170884,23.638489093165845,23.639790317043662,1.3012238778173923,True,
4677,onnx_model_000,measure,23.637271855176994,23.63865458825603,23.639828279148787,1.1736908927559853,True,
4678,onnx_model_000,measure,23.638393687530915,23.639093372039497,23.64990031393245,10.806941892951727,True,
4679,onnx_model_000,measure,23.656156286090372,23.65713143022731,23.66807316802442,10.941737797111273,True,
4680,onnx_model_000,measure,23.664294824168916,23.664596029091626,23.668118885252625,3.5228561609983444,True,
4681,onnx_model_000,measure,23.66833094278071,23.669338603969663,23.675322839058936,5.984235089272261,True,
4682,onnx_model_000,measure,23.672603541498635,23.673803209792823,23.675370058976114,1.5668491832911968,True,
4683,onnx_model_000,measure,23.673672134659927,23.673969125840813,23.675404875073582,1.4357492327690125,True,
4684,onnx_model_000,measure,23.673686012993016,23.674390426836908,23.6755027808249,1.1123539879918098,True,
4685,onnx_model_000,measure,23.67901748394667,23.67974405316636,23.68982563680038,10.081583634018898,True,
4686,onnx_model_000,measure,23.68763606470865,23.68821431417018,23.68987201480195,1.6577006317675114,True,
4687,onnx_model_000,measure,23.687659571899278,23.68837884720415,23.69032431486994,1.9454676657915115,True,
4688,onnx_model_000,measure,23.688412263456225,23.688836215995252,23.690371334087104,1.5351180918514729,True,
4689,onnx_model_000,measure,23.689070771729998,23.689966634847224,23.69694144325331,6.974808406084776,True,
4690,onnx_model_000,measure,23.689906912552367,23.690532920882106,23.697120051831007,6.5871309489011765,True,
4691,onnx_model_000,measure,23.695559345914525,23.695993040222675,23.697160218842328,1.1671786196529865,True,
4692,onnx_model_000,measure,23.695778071257614,23.69615649105981,23.69719101721421,1.0345261543989182,True,
4693,onnx_model_000,measure,23.705116346672273,23.705428775865585,23.716335168108344,10.906392242759466,True,
4694,onnx_model_000,measure,23.710584492316087,23.710905245970935,23.71637896122411,5.473715253174305,True,
4695,onnx_model_000,measure,23.72059551344552,23.72160053718835,23.732493683230132,10.89314604178071,True,
4696,onnx_model_000,measure,23.72589469649965,23.727060644887388,23.73253750614822,5.476861260831356,True,
4697,onnx_model_000,measure,23.72925632138819,23.729496165178716,23.732569687068462,3.073521889746189,True,
4698,onnx_model_000,measure,23.734738425319687,23.73581882286817,23.74191310815513,6.094285286962986,True,
4699,onnx_model_000,measure,23.737615037412187,23.73826964199543,23.741958294063807,3.688652068376541,True,
4700,onnx_model_000,measure,23.73987467827661,23.74070245679468,23.74207173893228,1.3692821376025677,True,
4701,onnx_model_000,measure,23.740614929970988,23.741075845900923,23.742107577156276,1.031731255352497,True,
4702,onnx_model_000,measure,23.742114673881606,23.742268002126366,23.752816813997924,10.548811871558428,True,
4703,onnx_model_000,measure,23.746441562075123,23.746711138170213,23.752863763831556,6.152625661343336,True,
4704,onnx_model_000,measure,23.748364079749162,23.749161737039685,23.75289832893759,3.736591897904873,True,
4705,onnx_model_000,measure,23.750751860612276,23.751591876149178,23.752928587142378,1.3367109932005405,True,
4706,onnx_model_000,measure,23.751732007517067,23.751961037982255,23.76286251982674,10.901481844484806,True,
4707,onnx_model_000,measure,23.75197034000557,23.75234404625371,23.762905672192574,10.561625938862562,True,
4708,onnx_model_000,measure,23.760669521198633,23.7611933471635,23.762938784901053,1.7454377375543118,True,
4709,onnx_model_000,measure,23.76450650886492,23.76518227905035,23.769035845063627,3.853566013276577,True,
4710,onnx_model_000,measure,23.765944830961065,23.766625051852316,23.769215806853026,2.5907550007104874,True,
4711,onnx_model_000,measure,23.766160309788898,23.766803410835564,23.76925473101437,2.4513201788067818,True,
4712,onnx_model_000,measure,23.768043187647518,23.76831636717543,23.769285689108074,0.969321932643652,True,
4713,onnx_model_000,measure,23.77667058425125,23.777535491157323,23.78651807596907,8.982584811747074,True,
4714,onnx_model_000,measure,23.776674176321723,23.777703651227057,23.786562961060554,8.859309833496809,True,
4715,onnx_model_000,measure,23.780605197528857,23.781249600928277,23.78668964188546,5.440040957182646,True,
4716,onnx_model_000,measure,23.78513072406804,23.785682356916368,23.786726652178913,1.0442952625453472,True,
4717,onnx_model_000,measure,23.789204320581845,23.789982670918107,23.800924229901284,10.941558983176947,True,
4718,onnx_model_000,measure,23.791396609408743,23.792428581044078,23.800968294031918,8.539712987840176,True,
4719,onnx_model_000,measure,23.793919825297635,23.79487991007045,23.801001497078687,6.121587008237839,True,
4720,onnx_model_000,measure,23.806231278295627,23.807236960157752,23.81802217103541,10.785210877656937,True,
4721,onnx_model_000,measure,23.81374006639206,23.81468431605026,23.818192393984646,3.508077934384346,True,
4722,onnx_model_000,measure,23.8149291161044,23.815081761218607,23.818230397067964,3.1486358493566513,True,
4723,onnx_model_000,measure,23.816553887698973,23.817511649802327,23.828440684825182,10.929035022854805,True,
4724,onnx_model_000,measure,23.819220073089678,23.81945076584816,23.82848519925028,9.034433402121067,True,
4725,onnx_model_000,measure,23.819724187414113,23.82092258380726,23.828518482856452,7.595899049192667,True,
4726,onnx_model_000,measure,23.833502413289224,23.833770976867527,23.844658052083105,10.88707521557808,True,
4727,onnx_model_000,measure,23.835598381757517,23.836220453027636,23.84470184519887,8.481392171233892,True,
4728,onnx_model_000,measure,23.84633880623669,23.846929078921676,23.853867747820914,6.93866889923811,True,
4729,onnx_model_000,measure,23.847072430529053,23.84730086615309,23.853912774007767,6.611907854676247,True,
4730,onnx_model_000,measure,23.85180063337881,23.852743050083518,23.854028353933245,1.2853038497269154,True,
4731,onnx_model_000,measure,23.85228118349546,23.852930276189,23.854064693208784,1.1344170197844505,True,
4732,onnx_model_000,measure,23.854141571617035,23.855298478156328,23.866268069949,10.969591792672873,True,
4733,onnx_model_000,measure,23.859858287832928,23.86076475912705,23.866312333848327,5.54757472127676,True,
4734,onnx_model_000,measure,23.864192758596193,23.865212203003466,23.86634503584355,1.1328328400850296,True,
4735,onnx_model_000,measure,23.866557045682033,23.86757855117321,23.878385943826288,10.80739265307784,True,
4736,onnx_model_000,measure,23.88168107145053,23.882615223061293,23.89362708479166,11.011861730366945,True,
4737,onnx_model_000,measure,23.884756613687557,23.88507671188563,23.893672141246498,8.595429360866547,True,
4738,onnx_model_000,measure,23.88792878797126,23.88851689081639,23.893704743124545,5.187852308154106,True,
4739,onnx_model_000,measure,23.908202721000396,23.908949139993638,23.911797414999455,2.8482750058174133,True,
4740,onnx_model_000,measure,23.908567134867273,23.909115938004106,23.91196764819324,2.8517101891338825,True,
4741,onnx_model_000,measure,23.910319421493643,23.9106338028796,23.91200553998351,1.371737103909254,True,
4742,onnx_model_000,measure,23.910798748203476,23.911010548938066,23.9120380920358,1.0275430977344513,True,
4743,onnx_model_000,measure,23.918123378821058,23.9192883442156,23.930139019154012,10.85067493841052,True,
4744,onnx_model_000,measure,23.931289483456926,23.932373106013983,23.943513092119247,11.139986105263233,True,
4745,onnx_model_000,measure,23.93219366200537,23.93253711797297,23.943558136932552,11.021018959581852,True,
4746,onnx_model_000,measure,23.941656997015624,23.943092312198132,23.953870199155062,10.77788695693016,True,
4747,onnx_model_000,measure,23.97161089260359,23.973107086028904,23.98130254400894,8.195457980036736,True,
4748,onnx_model_000,measure,23.975221254789652,23.975560199003667,23.981350605841726,5.790406838059425,True,
4749,onnx_model_000,measure,23.979085571094124,23.980039032176137,23.981386103201658,1.3470710255205631,True,
4750,onnx_model_000,measure,23.97926364119881,23.980312983039767,23.98148776590824,1.174782868474722,True,
4751,onnx_model_000,measure,23.98231588251695,23.982720830012113,23.993966046255082,11.245216242969036,True,
4752,onnx_model_000,measure,23.98661549965597,23.987185616977513,23.99401956796646,6.833950988948345,True,
4753,onnx_model_000,measure,23.986867351941154,23.987347073853016,23.994057008996606,6.7099351435899734,True,
4754,onnx_model_000,measure,23.998787040418645,23.999371651094407,24.003290339838713,3.9186887443065643,True,
4755,onnx_model_000,measure,23.999004268144837,23.99956208281219,24.00334444316104,3.7823603488504887,True,
4756,onnx_model_000,measure,24.001713578637776,24.002189968246967,24.003465382847935,1.275414600968361,True,
4757,onnx_model_000,measure,24.001988168657643,24.00238084094599,24.00350278383121,1.1219428852200508,True,
4758,onnx_model_000,measure,24.0049141681457,24.005824086256325,24.016700149979442,10.876063723117113,True,
4759,onnx_model_000,measure,24.00826978943572,24.009366489946842,24.016775082796812,7.408592849969864,True,
4760,onnx_model_000,measure,24.017613388599475,24.01802974799648,24.02872747182846,10.69772383198142,True,
4761,onnx_model_000,measure,24.019186813789855,24.019431551918387,24.028770144097507,9.338592179119587,True,
4762,onnx_model_000,measure,24.034862033596287,24.035921887960285,24.045329791028053,9.40790306776762,True,
4763,onnx_model_000,measure,24.035794583123234,24.036010487005115,24.04542239708826,9.411910083144903,True,
4764,onnx_model_000,measure,24.040417429512537,24.041317163966596,24.04544625291601,4.1290889494121075,True,
4765,onnx_model_000,measure,24.044069589508744,24.044631354045123,24.045498040970415,0.8666869252920151,True,
4766,onnx_model_000,measure,24.056591774666128,24.0576804978773,24.068400375079364,10.719877202063799,True,
4767,onnx_model_000,measure,24.06502469737188,24.06614346522838,24.06853327807039,2.3898128420114517,True,
4768,onnx_model_000,measure,24.067143079631272,24.06765740318224,24.07867808220908,11.020679026842117,True,
4769,onnx_model_000,measure,24.06747604544041,24.067854868248105,24.078744216822088,10.889348573982716,True,
4770,onnx_model_000,measure,24.073148268109602,24.073776504024863,24.07880400121212,5.027497187256813,True,
4771,onnx_model_000,measure,24.07788773720748,24.07828874187544,24.089264234993607,10.975493118166924,True,
4772,onnx_model_000,measure,24.07959895542875,24.080046363174915,24.089318748097867,9.27238492295146,True,
4773,onnx_model_000,measure,24.0915272795859,24.092596419155598,24.103403851855546,10.80743269994855,True,
4774,onnx_model_000,measure,24.11043638634951,24.111707446165383,24.12262920709327,10.92176092788577,True,
4775,onnx_model_000,measure,24.116410904260782,24.11727086082101,24.122682989109308,5.412128288298845,True,
4776,onnx_model_000,measure,24.117540144290547,24.118825926911086,24.122718166094273,3.8922391831874847,True,
4777,onnx_model_000,measure,24.12304640222498,24.123987297993153,24.134797227103263,10.809929110109806,True,
4778,onnx_model_000,measure,24.138485885235667,24.139101188164204,24.150096929166466,10.995741002261639,True,
4779,onnx_model_000,measure,24.14767189143481,24.149649980012327,24.16055916622281,10.909186210483313,True,
4780,onnx_model_000,measure,24.15011157271253,24.151397481095046,24.16108966525644,9.692184161394835,True,
4781,onnx_model_000,measure,24.15568923485195,24.15694782184437,24.161137946881354,4.190125036984682,True,
4782,onnx_model_000,measure,24.16012416623078,24.160670667886734,24.171637584920973,10.966917034238577,True,
4783,onnx_model_000,measure,24.16354169974067,24.164437017869204,24.171691476833075,7.254458963871002,True,
4784,onnx_model_000,measure,24.171925168631763,24.17297753179446,24.18387794215232,10.900410357862711,True,
4785,onnx_model_000,measure,24.173863265466643,24.174536045175046,24.18393159424886,9.395549073815346,True,
4786,onnx_model_000,measure,24.175379821815167,24.17609068006277,24.183967573102564,7.876893039792776,True,
4787,onnx_model_000,measure,24.188735313232243,24.18927879910916,24.200180721003562,10.901921894401312,True,
4788,onnx_model_000,measure,24.191800036632642,24.192832834087312,24.2002338222228,7.400988135486841,True,
4789,onnx_model_000,measure,24.196332915726032,24.197374077048153,24.200269841123372,2.895764075219631,True,
4790,onnx_model_000,measure,24.2040770359738,24.204581446945667,24.21374314185232,9.161694906651974,True,
4791,onnx_model_000,measure,24.20535297878874,24.20612903824076,24.21393659012392,7.807551883161068,True,
4792,onnx_model_000,measure,24.212346170684313,24.212619605939835,24.21397888008505,1.3592741452157497,True,
4793,onnx_model_000,measure,24.212817360878017,24.213012513238937,24.214009517803788,0.9970045648515224,True,
4794,onnx_model_000,measure,24.21688785318503,24.217249928042293,24.22805202100426,10.802092961966991,True,
4795,onnx_model_000,measure,24.21965589186539,24.220708322245628,24.228199020959437,7.490698713809252,True,
4796,onnx_model_000,measure,24.220243054617946,24.22089832322672,24.22823699284345,7.338669616729021,True,
4797,onnx_model_000,measure,24.230462924261953,24.231463795993477,24.24223999120295,10.776195209473372,True,
4798,onnx_model_000,measure,24.235720380384304,24.2369197672233,24.24239009618759,5.470328964293003,True,
4799,onnx_model_000,measure,24.236467821689352,24.237086163833737,24.24242828786373,5.342124029994011,True,
4800,onnx_model_000,measure,24.246675030615112,24.247655123937875,24.258838512003422,11.183388065546751,True,
4801,onnx_model_000,measure,24.25180301157999,24.252131782937795,24.258885221090168,6.753438152372837,True,
4802,onnx_model_000,measure,24.255959339386855,24.256673647090793,24.25891836406663,2.244716975837946,True,
4803,onnx_model_000,measure,24.257734006766135,24.258163909893483,24.269064811058342,10.900901164859533,True,
4804,onnx_model_000,measure,24.257951552907503,24.25833208905533,24.26916824700311,10.836157947778702,True,
4805,onnx_model_000,measure,24.272652346750398,24.27339167613536,24.28418278787285,10.7911117374897,True,
4806,onnx_model_000,measure,24.274490619411022,24.27484647091478,24.28422748297453,9.381012059748173,True,
4807,onnx_model_000,measure,24.277859097916274,24.278289997018874,24.284319708123803,6.029711104929447,True,
4808,onnx_model_000,measure,24.28432966556263,24.285541150253266,24.29631436802447,10.773217771202326,True,
4809,onnx_model_000,measure,24.289807313424816,24.291002050042152,24.296357600018382,5.355549976229668,True,
4810,onnx_model_000,measure,24.29623739891253,24.296494770795107,24.307282347232103,10.78757643699646,True,
4811,onnx_model_000,measure,24.301039349905643,24.301934752147645,24.307326421141624,5.3916689939796925,True,
4812,onnx_model_000,measure,24.32429245880571,24.32462285924703,24.335536513943225,10.913654696196318,True,
4813,onnx_model_000,measure,24.32732990826867,24.328182415105402,24.335590878035873,7.408462930470705,True,
4814,onnx_model_000,measure,24.34289898377474,24.343898128252476,24.354821402113885,10.923273861408234,True,
4815,onnx_model_000,measure,24.349829400261328,24.350439683068544,24.35487820999697,4.438526928424835,True,
4816,onnx_model_000,measure,24.3590141722662,24.360177644062787,24.371095307171345,10.917663108557463,True,
4817,onnx_model_000,measure,24.360491188044154,24.361716107930988,24.37115014111623,9.434033185243607,True,
4818,onnx_model_000,measure,24.370371248489963,24.371255620848387,24.382150872144848,10.895251296460629,True,
4819,onnx_model_000,measure,24.374382673344734,24.37480849493295,24.38220447394997,7.395979017019272,True,
4820,onnx_model_000,measure,24.376387273138427,24.37735243095085,24.38224188517779,4.88945422694087,True,
4821,onnx_model_000,measure,24.384294288732363,24.385553509928286,24.396468237042427,10.914727114140987,True,
4822,onnx_model_000,measure,24.389330382305367,24.39011983992532,24.396522820927203,6.402981001883745,True,
4823,onnx_model_000,measure,24.3911534657683,24.39165900507942,24.396559020038694,4.9000149592757225,True,
4824,onnx_model_000,measure,24.401230353957157,24.401888069231063,24.412832072936,10.944003704935312,True,
4825,onnx_model_000,measure,24.407100789805526,24.40743305021897,24.412885984871536,5.45293465256691,True,
4826,onnx_model_000,measure,24.411482729279776,24.4119735811837,24.42285885196179,10.885270778089762,True,
4827,onnx_model_000,measure,24.41233947264791,24.412989892996848,24.42291329614818,9.923403151333332,True,
4828,onnx_model_000,measure,24.425005550949795,24.42621262697503,24.437264886219054,11.052259244024754,True,
4829,onnx_model_000,measure,24.431802650364425,24.432773938868195,24.43731772620231,4.543787334114313,True,
4830,onnx_model_000,measure,24.43435515186298,24.435315350070596,24.43735344382003,2.038093749433756,True,
4831,onnx_model_000,measure,24.438769874476236,24.43961342982948,24.450597720220685,10.984290391206741,True,
4832,onnx_model_000,measure,24.449123044192884,24.450161159969866,24.46106312284246,10.901962872594595,True,
4833,onnx_model_000,measure,24.46424986821766,24.46539581893012,24.467146135866642,1.7503169365227222,True,
4834,onnx_model_000,measure,24.464296573996705,24.46558225294575,24.467199416831136,1.617163885384798,True,
4835,onnx_model_000,measure,24.464656627340332,24.465734562836587,24.467233942821622,1.4993799850344658,True,
4836,onnx_model_000,measure,24.464962972909056,24.465926787815988,24.46726429089904,1.337503083050251,True,
4837,onnx_model_000,measure,24.469616528078696,24.470578690990806,24.481805892195553,11.227201204746962,True,
4838,onnx_model_000,measure,24.469968754244274,24.470787798054516,24.481861498206854,11.073700152337551,True,
4839,onnx_model_000,measure,24.482780149911566,24.483133546076715,24.493371937889606,10.238391812890768,True,
4840,onnx_model_000,measure,24.4830386554183,24.48353078123182,24.49343823408708,9.90745285525918,True,
4841,onnx_model_000,measure,24.487558589246692,24.48798630014062,24.49347400199622,5.48770185559988,True,
4842,onnx_model_000,measure,24.492134294863607,24.49242763314396,24.493574271909893,1.1466387659311295,True,
4843,onnx_model_000,measure,24.49374985974566,24.494823155924678,24.499967734795064,5.144578870385885,True,
4844,onnx_model_000,measure,24.496857699748315,24.49727266188711,24.50001362292096,2.7409610338509083,True,
4845,onnx_model_000,measure,24.497307466411595,24.497625602874905,24.500125254970044,2.4996520951390266,True,
4846,onnx_model_000,measure,24.498217901128175,24.49907356593758,24.500160521827638,1.0869558900594711,True,
4847,onnx_model_000,measure,24.501198775412327,24.5023971227929,24.507630210835487,5.233088042587042,True,
4848,onnx_model_000,measure,24.5046094729323,24.504856547806412,24.507675516884774,2.818969078361988,True,
4849,onnx_model_000,measure,24.505855356143265,24.506284934002906,24.50780394114554,1.5190071426331997,True,
4850,onnx_model_000,measure,24.506306048288742,24.506636791862547,24.50783878704533,1.2019951827824116,True,
4851,onnx_model_000,measure,24.506460948159017,24.506816343870014,24.511554449796677,4.7381059266626835,True,
4852,onnx_model_000,measure,24.50875119342643,24.509070498868823,24.511620365083218,2.5498662143945694,True,
4853,onnx_model_000,measure,24.509316541734062,24.510515023954213,24.511730454862118,1.2154309079051018,True,
4854,onnx_model_000,measure,24.509326888333753,24.510675869882107,24.511781712062657,1.1058421805500984,True,
4855,onnx_model_000,measure,24.51438936991746,24.51501562912017,24.525910198222846,10.894569102674723,True,
4856,onnx_model_000,measure,24.51751901001704,24.518456891179085,24.525952789001167,7.495897822082043,True,
4857,onnx_model_000,measure,24.524056247396,24.524896692018956,24.525984569918364,1.0878778994083405,True,
4858,onnx_model_000,measure,24.558717195223497,24.559228762052953,24.570077824871987,10.849062819033861,True,
4859,onnx_model_000,measure,24.561111363252152,24.561679541133344,24.570245915092528,8.566373959183693,True,
4860,onnx_model_000,measure,24.56521591281674,24.56612641410902,24.570283165201545,4.156751092523336,True,
4861,onnx_model_000,measure,24.568740653327534,24.56956363795325,24.58053111517802,10.967477224767208,True,
4862,onnx_model_000,measure,24.57573821728018,24.576503899879754,24.580573556013405,4.069656133651733,True,
4863,onnx_model_000,measure,24.581375258432587,24.58180451579392,24.59187133098021,10.066815186291933,True,
4864,onnx_model_000,measure,24.58326342442375,24.58423832198605,24.59193138591945,7.6930639334023,True,
4865,onnx_model_000,measure,24.58437098787851,24.58458688482642,24.592042146250606,7.4552614241838455,True,
4866,onnx_model_000,measure,24.590771856684146,24.591028418857604,24.592076641973108,1.048223115503788,True,
4867,onnx_model_000,measure,24.601090324835337,24.6023192522116,24.613456211052835,11.136958841234446,True,
4868,onnx_model_000,measure,24.601179064827186,24.60248531680554,24.61349944397807,11.014127172529697,True,
4869,onnx_model_000,measure,24.606865705699278,24.608025098219514,24.613531313836575,5.506215617060661,True,
4870,onnx_model_000,measure,24.613127800869915,24.613621525932103,24.62459240993485,10.970884002745152,True,
4871,onnx_model_000,measure,24.615046449561408,24.616107721813023,24.6246367841959,8.529062382876873,True,
4872,onnx_model_000,measure,24.615118593734085,24.616276352200657,24.624669475946575,8.393123745918274,True,
4873,onnx_model_000,measure,24.625348865923392,24.62590695824474,24.63683889899403,10.931940749287605,True,
4874,onnx_model_000,measure,24.62659451979682,24.627374066971242,24.63688253192231,9.508464951068163,True,
4875,onnx_model_000,measure,24.6317867997158,24.63285607798025,24.636918179225177,4.062101244926453,True,
4876,onnx_model_000,measure,24.639158780208014,24.640153650194407,24.650956204161048,10.802553966641426,True,
4877,onnx_model_000,measure,24.651419028440692,24.652178356889635,24.663228752091527,11.05039520189166,True,
4878,onnx_model_000,measure,24.66200935420643,24.66268933704123,24.671479305252433,8.789968211203814,True,
4879,onnx_model_000,measure,24.662990719137966,24.66332742990926,24.671531264204532,8.203834295272827,True,
4880,onnx_model_000,measure,24.66683166498525,24.667828815989196,24.671652203891426,3.8233879022300243,True,
4881,onnx_model_000,measure,24.669359993312067,24.670327416155487,24.67168912384659,1.36170769110322,True,
4882,onnx_model_000,measure,24.669540084545606,24.670502609107643,24.67961440887302,9.111799765378237,True,
4883,onnx_model_000,measure,24.671750555516986,24.672914984170347,24.67966184904799,6.746864877641201,True,
4884,onnx_model_000,measure,24.677896411018036,24.678381064906716,24.680153633933514,1.7725690267980099,True,
4885,onnx_model_000,measure,24.678336677826252,24.678740026894957,24.68019910994917,1.459083054214716,True,
4886,onnx_model_000,measure,24.679255621448736,24.67979459092021,24.69021948799491,10.424897074699402,True,
4887,onnx_model_000,measure,24.683480157154822,24.684452325105667,24.690266145858914,5.813820753246546,True,
4888,onnx_model_000,measure,24.686488125753428,24.68690944602713,24.690383289009333,3.4738429822027683,True,
4889,onnx_model_000,measure,24.688471633047225,24.689351788256317,24.69041923712939,1.0674488730728626,True,
4890,onnx_model_000,measure,24.696877594126146,24.69765988085419,24.70842546503991,10.76558418571949,True,
4891,onnx_model_000,measure,24.71834736648171,24.71866859588772,24.72964354697615,10.974951088428497,True,
4892,onnx_model_000,measure,24.71875696861782,24.71906502917409,24.729687600862235,10.622571688145399,True,
4893,onnx_model_000,measure,24.731919774527903,24.73292788118124,24.743879258167,10.951376985758543,True,
4894,onnx_model_000,measure,24.735337559186164,24.736375202890486,24.743923551868647,7.548348978161812,True,
4895,onnx_model_000,measure,24.743261303919212,24.744015146046877,24.754968165885657,10.953019838780165,True,
4896,onnx_model_000,measure,24.748378701259213,24.749457019846886,24.75501149892807,5.554479081183672,True,
4897,onnx_model_000,measure,24.74956652606247,24.74984122114256,24.75504312897101,5.201907828450203,True,
4898,onnx_model_000,measure,24.757199551517076,24.758274210151285,24.769140605814755,10.86639566347003,True,
4899,onnx_model_000,measure,24.768037788165596,24.76873406302184,24.779713694006205,10.97963098436594,True,
4900,onnx_model_000,measure,24.770913350239685,24.771365635097027,24.779806530103087,8.4408950060606,True,
4901,onnx_model_000,measure,24.779520606968994,24.77996969083324,24.78790211910382,7.932428270578384,True,
4902,onnx_model_000,measure,24.77953451860827,24.78015235811472,24.787949269171804,7.796911057084799,True,
4903,onnx_model_000,measure,24.77959077365992,24.78030476719141,24.787983634043485,7.6788668520748615,True,
4904,onnx_model_000,measure,24.78640021866202,24.786912717856467,24.788081740029156,1.1690221726894379,True,
4905,onnx_model_000,measure,24.792997789738596,24.7933252081275,24.80416325898841,10.838050860911608,True,
4906,onnx_model_000,measure,24.808681374213684,24.80946068884805,24.820680927019566,11.220238171517849,True,
4907,onnx_model_000,measure,24.818453831652842,24.820010371971875,24.825396621134132,5.386249162256718,True,
4908,onnx_model_000,measure,24.819615522854498,24.820220372173935,24.825449300929904,5.228928755968809,True,
4909,onnx_model_000,measure,24.82272920628166,24.82398186204955,24.82548564998433,1.5037879347801208,True,
4910,onnx_model_000,measure,24.82407501675162,24.82439391501248,24.825516559183598,1.1226441711187363,True,
4911,onnx_model_000,measure,24.826106231067072,24.826814285945147,24.83792080823332,11.106522288173437,True,
4912,onnx_model_000,measure,24.826447403056854,24.82699802517891,24.837967766914517,10.969741735607386,True,
4913,onnx_model_000,measure,24.837855848745296,24.83811386488378,24.84638075903058,8.266894146800041,True,
4914,onnx_model_000,measure,24.838369657670498,24.839567257091403,24.84642674587667,6.859488785266876,True,
4915,onnx_model_000,measure,24.84140594157704,24.842021932825446,24.84645933797583,4.437405150383711,True,
4916,onnx_model_000,measure,24.844934537509243,24.845454979222268,24.846556272823364,1.1012936010956764,True,
4917,onnx_model_000,measure,24.859791101524902,24.86081012710929,24.871811178978533,11.001051869243383,True,
4918,onnx_model_000,measure,24.861515115413116,24.862248341087252,24.871864990796894,9.616649709641933,True,
4919,onnx_model_000,measure,24.868787239204483,24.869747845921665,24.871902050916106,2.1542049944400787,True,
4920,onnx_model_000,measure,24.87336189482394,24.874160995241255,24.88513031601906,10.96932077780366,True,
4921,onnx_model_000,measure,24.875677303146702,24.876644014846534,24.885177074931562,8.53306008502841,True,
4922,onnx_model_000,measure,24.889110536360313,24.889413989149034,24.89656765712425,7.153667975217104,True,
4923,onnx_model_000,measure,24.889444473549634,24.88979952223599,24.896626238245517,6.826716009527445,True,
4924,onnx_model_000,measure,24.89006800553728,24.8912320449017,24.896738511975855,5.5064670741558075,True,
4925,onnx_model_000,measure,24.894688320689422,24.895673137158155,24.896793857216835,1.1207200586795807,True,
4926,onnx_model_000,measure,24.897863243739803,24.899039304815233,24.910189040005207,11.149735189974308,True,
4927,onnx_model_000,measure,24.898855050056397,24.89920880785212,24.910232602152973,11.023794300854206,True,
4928,onnx_model_000,measure,24.902374039122932,24.90272939018905,24.91026551509276,7.536124903708696,True,
4929,onnx_model_000,measure,24.91363885551716,24.914500935934484,24.92456144001335,10.060504078865051,True,
4930,onnx_model_000,measure,24.917252732852234,24.917943859938532,24.924606405198574,6.662545260041952,True,
4931,onnx_model_000,measure,24.92256841498808,24.923384222202003,24.924637935124338,1.253712922334671,True,
4932,onnx_model_000,measure,24.92294931604371,24.92354771308601,24.92473360709846,1.1858940124511719,True,
4933,onnx_model_000,measure,24.9299622013113,24.931092344224453,24.937071749940515,5.979405716061592,True,
4934,onnx_model_000,measure,24.933637985415025,24.934530248865485,24.937115693930537,2.585445065051317,True,
4935,onnx_model_000,measure,24.935306081413213,24.935974253807217,24.937229390256107,1.2551364488899708,True,
4936,onnx_model_000,measure,24.935762760601303,24.936137944925576,24.937264156062156,1.1262111365795135,True,
4937,onnx_model_000,measure,24.93910013679692,24.93949635885656,24.950427977833897,10.931618977338076,True,
4938,onnx_model_000,measure,24.94073087930996,24.941939242184162,24.950471180025488,8.531937841325998,True,
4939,onnx_model_000,measure,24.945083379454434,24.945371997077018,24.950502960942686,5.130963865667582,True,
4940,onnx_model_000,measure,24.950436786028067,24.95066071115434,24.96157575910911,10.915047954767942,True,
4941,onnx_model_000,measure,24.953863111310287,24.95412468491122,24.96161782881245,7.493143901228905,True,
4942,onnx_model_000,measure,24.957585204006442,24.958555697929114,24.9616488981992,3.093200270086527,True,
4943,onnx_model_000,measure,24.963218148880603,24.963890057988465,24.97478805296123,10.897994972765446,True,
4944,onnx_model_000,measure,24.968013864589622,24.96833258215338,24.97483196714893,6.499384995549917,True,
4945,onnx_model_000,measure,24.985990673324405,24.98705879924819,24.99311695387587,6.0581546276807785,True,
4946,onnx_model_000,measure,24.98617518869063,24.98722292110324,24.993159355130047,5.936434026807547,True,
4947,onnx_model_000,measure,24.988658073890317,24.989741798024625,24.993268452119082,3.5266540944576263,True,
4948,onnx_model_000,measure,24.991111337198866,24.9922191882506,24.993301754817367,1.0825665667653084,True,
4949,onnx_model_000,measure,25.00434411391153,25.00553226424381,25.0107864709571,5.2542067132890224,True,
4950,onnx_model_000,measure,25.005769627687695,25.005924710072577,25.010835534892976,4.910824820399284,True,
4951,onnx_model_000,measure,25.008749860018895,25.009377263020724,25.010949281044304,1.5720180235803127,True,
4952,onnx_model_000,measure,25.009375163888542,25.009727087803185,25.010983726009727,1.2566382065415382,True,
4953,onnx_model_000,measure,25.009520802175675,25.00990406423807,25.02063840907067,10.734344832599163,True,
4954,onnx_model_000,measure,25.011694259049392,25.01221299311146,25.020708131138235,8.49513802677393,True,
4955,onnx_model_000,measure,25.02254998470626,25.02288506925106,25.033493034075946,10.60796482488513,True,
4956,onnx_model_000,measure,25.03249723541257,25.033216007053852,25.04405691381544,10.840906761586666,True,
4957,onnx_model_000,measure,25.035528769268833,25.03669131314382,25.044096999801695,7.405686657875776,True,
4958,onnx_model_000,measure,25.04257524882095,25.043090947903693,25.05408162996173,10.990682058036327,True,
4959,onnx_model_000,measure,25.04291720306288,25.043227517046034,25.054116846993566,10.889329947531223,True,
4960,onnx_model_000,measure,25.058699086829925,25.05941668106243,25.070322792045772,10.906110983341932,True,
4961,onnx_model_000,measure,25.061306330676526,25.061887627933174,25.0703676068224,8.479978889226913,True,
4962,onnx_model_000,measure,25.075407518938157,25.076589894946665,25.087446400895715,10.856505949050188,True,
4963,onnx_model_000,measure,25.088394375408924,25.088761762250215,25.100050149019808,11.288386769592762,True,
4964,onnx_model_000,measure,25.09147561006504,25.092305697966367,25.100100494921207,7.794796954840422,True,
4965,onnx_model_000,measure,25.093373222382592,25.093814585823566,25.10013772593811,6.323140114545822,True,
4966,onnx_model_000,measure,25.098340986515,25.09927012724802,25.110270156059414,11.000028811395168,True,
4967,onnx_model_000,measure,25.099277244900314,25.099560718983412,25.11030921107158,10.74849208816886,True,
4968,onnx_model_000,measure,25.112325732354634,25.113547946792096,25.124773966148496,11.226019356399775,True,
4969,onnx_model_000,measure,25.112377391195267,25.11372258886695,25.124831655994058,11.109067127108574,True,
4970,onnx_model_000,measure,25.121806495053367,25.122331292834133,25.124870088882744,2.5387960486114025,True,
4971,onnx_model_000,measure,25.124812267506663,25.125054830219597,25.135734039824456,10.679209604859352,True,
4972,onnx_model_000,measure,25.133434517050077,25.13545928709209,25.141807013191283,6.347726099193096,True,
4973,onnx_model_000,measure,25.1362542955385,25.136827637907118,25.141894941218197,5.0673033110797405,True,
4974,onnx_model_000,measure,25.140230061846843,25.141076425090432,25.141924235969782,0.8478108793497086,True,
4975,onnx_model_000,measure,25.141070853131282,25.14125081617385,25.141938963904977,0.6881477311253548,True,
4976,onnx_model_000,measure,25.151663966472558,25.152101702056825,25.162818933837116,10.717231780290604,True,
4977,onnx_model_000,measure,25.15361479619477,25.15436353208497,25.16285064490512,8.487112820148468,True,
4978,onnx_model_000,measure,25.1565641710494,25.157605645246804,25.162887244019657,5.281598772853613,True,
4979,onnx_model_000,measure,25.163780441404356,25.164115048013628,25.175131858792156,11.016810778528452,True,
4980,onnx_model_000,measure,25.165457684494257,25.166576706804335,25.175178086850792,8.601380046457052,True,
4981,onnx_model_000,measure,25.1661427253144,25.166741740889847,25.17521191202104,8.470171131193638,True,
4982,onnx_model_000,measure,25.17481730794507,25.175304518081248,25.183250451926142,7.945933844894171,True,
4983,onnx_model_000,measure,25.18149524555901,25.181786970235407,25.18329618917778,1.509218942373991,True,
4984,onnx_model_000,measure,25.181839896752862,25.18214973900467,25.183408251963556,1.2585129588842392,True,
4985,onnx_model_000,measure,25.181874426175607,25.182307159062475,25.18344543222338,1.138273160904646,True,
4986,onnx_model_000,measure,25.182074256856023,25.18272036407143,25.190329899080098,7.6095350086688995,True,
4987,onnx_model_000,measure,25.185368332049517,25.185679989866912,25.190375404898077,4.695415031164885,True,
4988,onnx_model_000,measure,25.188692680918464,25.189158753026277,25.190407146234065,1.2483932077884674,True,
4989,onnx_model_000,measure,25.18903707386323,25.18931993888691,25.190436371136457,1.116432249546051,True,
4990,onnx_model_000,measure,25.18941982498768,25.18974662013352,25.200689481105655,10.942860972136259,True,
4991,onnx_model_000,measure,25.197126642128005,25.197702152188867,25.20073431590572,3.032163716852665,True,
4992,onnx_model_000,measure,25.2078259452001,25.20897689415142,25.21991124888882,10.934354737401009,True,
4993,onnx_model_000,measure,25.20910821985966,25.209342730231583,25.219954401254654,10.611671023070812,True,
4994,onnx_model_000,measure,25.214487661411184,25.214783541858196,25.2199857509695,5.202209111303091,True,
4995,onnx_model_000,measure,25.221981436403112,25.222219677176327,25.23145098425448,9.231307078152895,True,
4996,onnx_model_000,measure,25.22327883526691,25.22366178780794,25.231510057114065,7.848269306123257,True,
4997,onnx_model_000,measure,25.22825143839303,25.229112839791924,25.23162163887173,2.5087990798056126,True,
4998,onnx_model_000,measure,25.22954218586183,25.23056013090536,25.23165648523718,1.0963543318212032,True,
4999,onnx_model_000,measure,25.241758309429294,25.24289882509038,25.253763858228922,10.865033138543367,True,
5000,onnx_model_000,measure,25.244726779471865,25.245374450925738,25.253930625040084,8.556174114346504,True,
5001,onnx_model_000,measure,25.25144840852817,25.251823158934712,25.253968607168645,2.1454482339322567,True,
5002,onnx_model_000,measure,25.252437623043846,25.25324872881174,25.264261201955378,11.01247314363718,True,
5003,onnx_model_000,measure,25.25648677801108,25.25719225499779,25.26430523581803,7.11298082023859,True,
5004,onnx_model_000,measure,25.259134458500057,25.259628225117922,25.264335663989186,4.707438871264458,True,
5005,onnx_model_000,measure,25.264401129894626,25.265567736234516,25.276510315947235,10.942579712718725,True,
5006,onnx_model_000,measure,25.269200888831975,25.270031500142068,25.276553558185697,6.522058043628931,True,
5007,onnx_model_000,measure,25.27126988947175,25.272462831810117,25.27658601012081,4.12317831069231,True,
5008,onnx_model_000,measure,25.28328204647701,25.28383463807404,25.29306405223906,9.229414165019989,True,
5009,onnx_model_000,measure,25.288533796720877,25.289279158227146,25.293122644070536,3.8434858433902264,True,
5010,onnx_model_000,measure,25.29044086233905,25.290708323940635,25.293153542093933,2.445218153297901,True,
5011,onnx_model_000,measure,25.291291609886482,25.292155646253377,25.293249906040728,1.094259787350893,True,
5012,onnx_model_000,measure,25.29621396761927,25.296482580248266,25.30745787313208,10.975292883813381,True,
5013,onnx_model_000,measure,25.296443606939263,25.296862923074514,25.30750151583925,10.638592764735222,True,
5014,onnx_model_000,measure,25.299276808147372,25.30029564909637,25.30753426812589,7.238619029521942,True,
5015,onnx_model_000,measure,25.310150563678643,25.310809914954007,25.31897985516116,8.169940207153559,True,
5016,onnx_model_000,measure,25.3109082694621,25.31117113120854,25.319024759810418,7.8536286018788815,True,
5017,onnx_model_000,measure,25.315195608085297,25.315600039903075,25.319468001835048,3.8679619319736958,True,
5018,onnx_model_000,measure,25.316865194597074,25.31805358408019,25.319514460861683,1.4608767814934254,True,
5019,onnx_model_000,measure,25.31858529826245,25.3191175959073,25.33018158795312,11.06399204581976,True,
5020,onnx_model_000,measure,25.329216056381753,25.32978319004178,25.340720911044627,10.937721002846956,True,
5021,onnx_model_000,measure,25.335160904534078,25.33541686879471,25.340785684995353,5.368816200643778,True,
5022,onnx_model_000,measure,25.335294217723074,25.335580861195922,25.340825140010566,5.2442788146436214,True,
5023,onnx_model_000,measure,25.341629443271273,25.342069244012237,25.353012525942177,10.943281929939985,True,
5024,onnx_model_000,measure,25.341687575909603,25.342234489042312,25.35305798286572,10.82349382340908,True,
5025,onnx_model_000,measure,25.344458219174598,25.344764788169414,25.35317429387942,8.40950571000576,True,
5026,onnx_model_000,measure,25.351959394864675,25.352206042967737,25.353209369815886,1.0033268481492996,True,
5027,onnx_model_000,measure,25.358133388215997,25.35844438103959,25.36940127890557,10.956897865980864,True,
5028,onnx_model_000,measure,25.359074267342937,25.359898656141013,25.369444720912725,9.546064771711826,True,
5029,onnx_model_000,measure,25.35951739101145,25.360059602186084,25.369477283209562,9.417681023478508,True,
5030,onnx_model_000,measure,25.370196487846616,25.370710366871208,25.381611458957195,10.90109208598733,True,
5031,onnx_model_000,measure,25.372145033732618,25.373173438943923,25.381655010860413,8.481571916490793,True,
5032,onnx_model_000,measure,25.380228858512417,25.380605606827885,25.3816867521964,1.0811453685164452,True,
5033,onnx_model_000,measure,25.38505380694288,25.385912594851106,25.39199911383912,6.0865189880132675,True,
5034,onnx_model_000,measure,25.386110101754973,25.38628546288237,25.392043819185346,5.758356302976608,True,
5035,onnx_model_000,measure,25.388273764663964,25.388708057813346,25.392156302928925,3.4482451155781746,True,
5036,onnx_model_000,measure,25.39079540356857,25.391158116050065,25.39219112880528,1.033012755215168,True,
5037,onnx_model_000,measure,25.401461233395263,25.40242648497224,25.413359426893294,10.932941921055317,True,
5038,onnx_model_000,measure,25.405677073291418,25.40688622323796,25.4134040819481,6.51785871013999,True,
5039,onnx_model_000,measure,25.405727854889623,25.407046977896243,25.41343637323007,6.389395333826542,True,
5040,onnx_model_000,measure,25.418981500910547,25.41966943209991,25.430618864949793,10.949432849884033,True,
5041,onnx_model_000,measure,25.424975617579204,25.42615536088124,25.430664030835032,4.508669953793287,True,
5042,onnx_model_000,measure,25.43113956372628,25.43189218500629,25.442799509037286,10.907324030995369,True,
5043,onnx_model_000,measure,25.432569238674187,25.433335739187896,25.442844374105334,9.50863491743803,True,
5044,onnx_model_000,measure,25.44660853728245,25.447068413253874,25.45797289116308,10.904477909207344,True,
5045,onnx_model_000,measure,25.452924684089677,25.453509917948395,25.458017395809293,4.5074778608977795,True,
5046,onnx_model_000,measure,25.455707796972384,25.455939285922796,25.45810939092189,2.1701049990952015,True,
5047,onnx_model_000,measure,25.467436052396643,25.46833217283711,25.474462726153433,6.130553316324949,True,
5048,onnx_model_000,measure,25.46933769505213,25.469783330801874,25.474508102051914,4.724771250039339,True,
5049,onnx_model_000,measure,25.4697706672129,25.470140640158206,25.474621288012713,4.4806478545069695,True,
5050,onnx_model_000,measure,25.472503260820147,25.473568696994334,25.474656614940614,1.087917946279049,True,
5051,onnx_model_000,measure,25.47713522916699,25.47790435794741,25.488704286981374,10.799929033964872,True,
5052,onnx_model_000,measure,25.489395383824263,25.48990614200011,25.500734215136617,10.828073136508465,True,
5053,onnx_model_000,measure,25.499068492971784,25.50034729903564,25.51131367497146,10.966375935822725,True,
5054,onnx_model_000,measure,25.506839085980037,25.507978344801813,25.51135671697557,3.378372173756361,True,
5055,onnx_model_000,measure,25.514725907098445,25.515655889175832,25.526442422065884,10.786532890051603,True,
5056,onnx_model_000,measure,25.52033950971929,25.521040603984147,25.526583000086248,5.542396102100611,True,
5057,onnx_model_000,measure,25.521006523270625,25.521384928841144,25.526619429234415,5.234500393271446,True,
5058,onnx_model_000,measure,25.524764056864118,25.525864033028483,25.536899410188198,11.035377159714699,True,
5059,onnx_model_000,measure,25.53152089727554,25.53185885818675,25.536944354884326,5.085496697574854,True,
5060,onnx_model_000,measure,25.533510761605744,25.534296242054552,25.53697676723823,2.6805251836776733,True,
5061,onnx_model_000,measure,25.538120734397918,25.53921146504581,25.550062280148268,10.850815102458,True,
5062,onnx_model_000,measure,25.548125260185927,25.549653213005513,25.560519298072904,10.866085067391396,True,
5063,onnx_model_000,measure,25.567465165435294,25.56774249812588,25.57861425401643,10.87175589054823,True,
5064,onnx_model_000,measure,25.571113077113676,25.572209218982607,25.578801339957863,6.592120975255966,True,
5065,onnx_model_000,measure,25.574491439252053,25.57563724508509,25.578877665102482,3.2404200173914433,True,
5066,onnx_model_000,measure,25.577331049188775,25.578138219192624,25.587329640984535,9.191421791911125,True,
5067,onnx_model_000,measure,25.577945936422825,25.578303041867912,25.58738914411515,9.08610224723816,True,
5068,onnx_model_000,measure,25.585208875330153,25.586100444197655,25.58750191796571,1.401473768055439,True,
5069,onnx_model_000,measure,25.586245973731433,25.58647837303579,25.58753864793107,1.0602748952805996,True,
5070,onnx_model_000,measure,25.587287590564443,25.587692209985107,25.597734267823398,10.04205783829093,True,
5071,onnx_model_000,measure,25.593137206595564,25.59416255913675,25.597797818947583,3.635259810835123,True,
5072,onnx_model_000,measure,25.59344090878216,25.594326430000365,25.598241072148085,3.91464214771986,True,
5073,onnx_model_000,measure,25.595912199105353,25.59684104984626,25.598286358173937,1.4453083276748657,True,
5074,onnx_model_000,measure,25.59710525480952,25.597890666220337,25.6020992458798,4.208579659461975,True,
5075,onnx_model_000,measure,25.598662921886376,25.599534611217678,25.602150393184274,2.615781966596842,True,
5076,onnx_model_000,measure,25.59937738515314,25.599698963109404,25.602183585986495,2.4846228770911694,True,
5077,onnx_model_000,measure,25.600922310219968,25.601246614940464,25.602280841208994,1.034226268529892,True,
5078,onnx_model_000,measure,25.607188959637345,25.607516943942755,25.618302766233683,10.785822290927172,True,
5079,onnx_model_000,measure,25.626233112751862,25.626530847046524,25.632574223913252,6.043376866728067,True,
5080,onnx_model_000,measure,25.62945020869807,25.630032914225012,25.6326208030805,2.5878888554871082,True,
5081,onnx_model_000,measure,25.62958130999019,25.630196584854275,25.632737405132502,2.5408202782273293,True,
5082,onnx_model_000,measure,25.630828591443592,25.631697327829897,25.63279226887971,1.0949410498142242,True,
5083,onnx_model_000,measure,25.6344852974054,25.635030773933977,25.646279335953295,11.248562019318342,True,
5084,onnx_model_000,measure,25.638142955696576,25.638470301870257,25.646325402893126,7.8551010228693485,True,
5085,onnx_model_000,measure,25.642303533628557,25.642910342197865,25.64636063016951,3.4502879716455936,True,
5086,onnx_model_000,measure,25.644402687521186,25.645364596974105,25.653518286067992,8.153689093887806,True,
5087,onnx_model_000,measure,25.64452548767881,25.645529319997877,25.65356286102906,8.033541031181812,True,
5088,onnx_model_000,measure,25.645172156945517,25.64567627897486,25.654028566088527,8.352287113666534,True,
5089,onnx_model_000,measure,25.65181879241784,25.65260251518339,25.654074834194034,1.4723190106451511,True,
5090,onnx_model_000,measure,25.653018962228277,25.653654896188527,25.66498127579689,11.326379608362913,True,
5091,onnx_model_000,measure,25.662238138526,25.664330509025604,25.6754604652524,11.129956226795912,True,
5092,onnx_model_000,measure,25.66354486357183,25.664523465093225,25.675504078157246,10.980613064020872,True,
5093,onnx_model_000,measure,25.669860732154014,25.670211086981,25.67568546300754,5.474376026540995,True,
5094,onnx_model_000,measure,25.674634186387927,25.67580155422911,25.686726971063763,10.925416834652424,True,
5095,onnx_model_000,measure,25.676723248817154,25.677300843875855,25.686784711200744,9.483867324888706,True,
5096,onnx_model_000,measure,25.688733923937914,25.689011223148555,25.6991800731048,10.16884995624423,True,
5097,onnx_model_000,measure,25.690073817379865,25.69044816493988,25.69922527903691,8.77711409702897,True,
5098,onnx_model_000,measure,25.690399521361762,25.690815201960504,25.69933647988364,8.52127792313695,True,
5099,onnx_model_000,measure,25.697746506345958,25.698301343247294,25.699371506925672,1.0701636783778667,True,
5100,onnx_model_000,measure,25.715044609576708,25.715615665074438,25.726616996806115,11.001331731677055,True,
5101,onnx_model_000,measure,25.71637000382909,25.71713306894526,25.726661451160908,9.52838221564889,True,
5102,onnx_model_000,measure,25.723958233342007,25.724569995887578,25.726694623939693,2.1246280521154404,True,
5103,onnx_model_000,measure,25.724857945289934,25.726019280962646,25.732663820963353,6.644540000706911,True,
5104,onnx_model_000,measure,25.72671391348041,25.72689219005406,25.732709487900138,5.817297846078873,True,
5105,onnx_model_000,measure,25.72875208884471,25.729338699951768,25.732848301995546,3.5096020437777042,True,
5106,onnx_model_000,measure,25.731501680857228,25.73179260501638,25.732885492034256,1.0928870178759098,True,
5107,onnx_model_000,measure,25.73552671918124,25.736122294794768,25.74693077011034,10.808475315570831,True,
5108,onnx_model_000,measure,25.746846726481596,25.747089222073555,25.756107935216278,9.018713142722845,True,
5109,onnx_model_000,measure,25.74685684909641,25.747250347863883,25.756152991205454,8.902643341571093,True,
5110,onnx_model_000,measure,25.753333326344567,25.753787193913013,25.756266445852816,2.479251939803362,True,
5111,onnx_model_000,measure,25.75478480829244,25.755218915175647,25.75630172295496,1.0828077793121338,True,
5112,onnx_model_000,measure,25.760085424224616,25.760537585243583,25.771476768888533,10.93918364495039,True,
5113,onnx_model_000,measure,25.762374150277896,25.763001068029553,25.771522065158933,8.520997129380703,True,
5114,onnx_model_000,measure,25.77944110588799,25.779762528836727,25.79065153794363,10.889009106904268,True,
5115,onnx_model_000,measure,25.78993990943536,25.790221760980785,25.80113758984953,10.915828868746758,True,
5116,onnx_model_000,measure,25.79041912836328,25.79074766021222,25.801181533839554,10.433873627334833,True,
5117,onnx_model_000,measure,25.791314751189713,25.792197877075523,25.801214456092566,9.016579017043114,True,
5118,onnx_model_000,measure,25.803770375181138,25.804450748022646,25.81523945601657,10.788707993924618,True,
5119,onnx_model_000,measure,25.81653584843128,25.817466308828443,25.82466544304043,7.199134211987257,True,
5120,onnx_model_000,measure,25.818202297063554,25.818915282841772,25.824727061204612,5.811778362840414,True,
5121,onnx_model_000,measure,25.819809617126804,25.820348476991057,25.824864611960948,4.516134969890118,True,
5122,onnx_model_000,measure,25.82326897657745,25.823793035000563,25.8249005000107,1.107465010136366,True,
5123,onnx_model_000,measure,25.82662870095599,25.827134395949543,25.838130929041654,10.996533092111349,True,
5124,onnx_model_000,measure,25.830538798515125,25.83158653881401,25.83817611495033,6.589576136320829,True,
5125,onnx_model_000,measure,25.830558540158673,25.831785957794636,25.838208756875247,6.422799080610275,True,
5126,onnx_model_000,measure,25.84033814190633,25.841441452037543,25.85236769216135,10.926240123808384,True,
5127,onnx_model_000,measure,25.843359661766485,25.843895938247442,25.852411754895,8.515816647559404,True,
5128,onnx_model_000,measure,25.844328299577278,25.845326016191393,25.852445859927684,7.119843736290932,True,
5129,onnx_model_000,measure,25.85123893827525,25.85176845220849,25.86271607223898,10.947620030492544,True,
5130,onnx_model_000,measure,25.853251023337602,25.853676319122314,25.862777418922633,9.10109980031848,True,
5131,onnx_model_000,measure,25.880734726021338,25.882001621183008,25.892948219086975,10.946597903966904,True,
5132,onnx_model_000,measure,25.883280756872697,25.884439745917916,25.89301555696875,8.575811050832272,True,
5133,onnx_model_000,measure,25.886326794079384,25.886883281171322,25.89305576402694,6.172482855618,True,
5134,onnx_model_000,measure,25.900241167378482,25.90129519579932,25.91221112618223,10.91593038290739,True,
5135,onnx_model_000,measure,25.904987214700178,25.90574272023514,25.91225423803553,6.51151780039072,True,
5136,onnx_model_000,measure,25.934017217945982,25.93454780522734,25.945588902104646,11.0410968773067,True,
5137,onnx_model_000,measure,25.93785351037653,25.939123612828553,25.94564257422462,6.518961396068335,True,
5138,onnx_model_000,measure,25.946724530588643,25.947953888215125,25.959112509153783,11.158620938658714,True,
5139,onnx_model_000,measure,25.952753404749988,25.953499057795852,25.95916464785114,5.665590055286884,True,
5140,onnx_model_000,measure,25.956298197510687,25.95706209121272,25.959200296085328,2.138204872608185,True,
5141,onnx_model_000,measure,25.95828003122292,25.958603321108967,25.966527123004198,7.9238018952310085,True,
5142,onnx_model_000,measure,25.9592469349905,25.960508211981505,25.966590403113514,6.082191132009029,True,
5143,onnx_model_000,measure,25.96072954785942,25.96093216817826,25.96662566997111,5.69350179284811,True,
5144,onnx_model_000,measure,25.96422375857459,25.965441959910095,25.966656449250877,1.2144893407821655,True,
5145,onnx_model_000,measure,25.965994605369584,25.96677812980488,25.97777644591406,10.99831610918045,True,
5146,onnx_model_000,measure,25.97685213010904,25.97733920486644,25.98829915886745,10.959954001009464,True,
5147,onnx_model_000,measure,25.983991779146333,25.985077374149114,25.98836575495079,3.288380801677704,True,
5148,onnx_model_000,measure,25.986391003032388,25.987569050863385,25.99866512324661,11.096072383224964,True,
5149,onnx_model_000,measure,25.986867642945988,25.987743262201548,25.99871298391372,10.969721712172031,True,
5150,onnx_model_000,measure,25.995533050091232,25.996601990889758,25.99874752899632,2.145538106560707,True,
5151,onnx_model_000,measure,26.02144119310401,26.02197993081063,26.032917402219027,10.93747140839696,True,
5152,onnx_model_000,measure,26.021923532664673,26.022219425998628,26.03297029202804,10.750866029411554,True,
5153,onnx_model_000,measure,26.03107774323419,26.03254336118698,26.043427099008113,10.883737821131945,True,
5154,onnx_model_000,measure,26.04213370980107,26.043175290804356,26.054421979002655,11.246688198298216,True,
5155,onnx_model_000,measure,26.05240072614143,26.05372302001342,26.060271398164332,6.548378150910139,True,
5156,onnx_model_000,measure,26.05243935476237,26.05396799603477,26.060321502853185,6.353506818413734,True,
5157,onnx_model_000,measure,26.05523515050964,26.05574484402314,26.060357140842825,4.61229681968689,True,
5158,onnx_model_000,measure,26.058265354353342,26.05919627379626,26.060388721060008,1.1924472637474537,True,
5159,onnx_model_000,measure,26.06524913997612,26.065716999117285,26.076808352023363,11.0913529060781,True,
5160,onnx_model_000,measure,26.06728635025423,26.068265403155237,26.0768624949269,8.597091771662235,True,
5161,onnx_model_000,measure,26.07126496465526,26.07181809609756,26.076898703817278,5.08060771971941,True,
5162,onnx_model_000,measure,26.094197823229372,26.0961202820763,26.099662064108998,3.541782032698393,True,
5163,onnx_model_000,measure,26.095411469923988,26.096229889895767,26.099692923016846,3.4630331210792065,True,
5164,onnx_model_000,measure,26.09651228277356,26.097604191862047,26.099714282900095,2.1100910380482674,True,
5165,onnx_model_000,measure,26.098391459740153,26.0989381079562,26.100012329872698,1.0742219164967537,True,
5166,onnx_model_000,measure,26.099345421481896,26.099798182956874,26.110494405031204,10.696222074329853,True,
5167,onnx_model_000,measure,26.100973734266898,26.10121971508488,26.110589555930346,9.36984084546566,True,
5168,onnx_model_000,measure,26.107233174394583,26.107575516216457,26.110614804085344,3.039287868887186,True,
5169,onnx_model_000,measure,26.109728703760222,26.10994552122429,26.120586519129574,10.640997905284166,True,
5170,onnx_model_000,measure,26.11837723490374,26.118796525988728,26.12066476698965,1.8682410009205341,True,
5171,onnx_model_000,measure,26.12855511985028,26.12882963800803,26.139613235834986,10.783597826957703,True,
5172,onnx_model_000,measure,26.13097665987289,26.13113394798711,26.13965373300016,8.519785013049841,True,
5173,onnx_model_000,measure,26.140234515754777,26.14090107381344,26.151833864860237,10.93279104679823,True,
5174,onnx_model_000,measure,26.143236113563642,26.144373995251954,26.151885353028774,7.51135777682066,True,
5175,onnx_model_000,measure,26.163219436830147,26.16417799005285,26.17514014802873,10.962157975882292,True,
5176,onnx_model_000,measure,26.17059468984913,26.17171092890203,26.17519171582535,3.4807869233191013,True,
5177,onnx_model_000,measure,26.179753255748142,26.180484917014837,26.191598171833903,11.113254819065332,True,
5178,onnx_model_000,measure,26.18167140459818,26.18197003984824,26.191648608073592,9.678568225353956,True,
5179,onnx_model_000,measure,26.191184052749684,26.191768555901945,26.2027195119299,10.950956027954817,True,
5180,onnx_model_000,measure,26.201280329524856,26.20229505514726,26.213455218821764,11.160163674503565,True,
5181,onnx_model_000,measure,26.208816053925958,26.210016692988575,26.21350758895278,3.490895964205265,True,
5182,onnx_model_000,measure,26.216512781364624,26.21683403197676,26.228084907867014,11.250875890254974,True,
5183,onnx_model_000,measure,26.225421378723468,26.227382333017886,26.237132275942713,9.749942924827337,True,
5184,onnx_model_000,measure,26.22644410648938,26.227570790797472,26.23718519695103,9.614406153559685,True,
5185,onnx_model_000,measure,26.23225396465714,26.233388559892774,26.237304673995823,3.91611410304904,True,
5186,onnx_model_000,measure,26.23564912842392,26.23595352517441,26.23734032223001,1.3867970556020737,True,
5187,onnx_model_000,measure,26.243864426439565,26.244648674037308,26.256361838895828,11.713164858520031,True,
5188,onnx_model_000,measure,26.25487378504365,26.2559347669594,26.2637031939812,7.768427021801472,True,
5189,onnx_model_000,measure,26.257151375730395,26.257661579176784,26.26377272605896,6.111146882176399,True,
5190,onnx_model_000,measure,26.26033380583827,26.262071331962943,26.263900137972087,1.828806009143591,True,
5191,onnx_model_000,measure,26.260666897738428,26.26225853804499,26.263937008101493,1.6784700565040112,True,
5192,onnx_model_000,measure,26.26193961324622,26.262411679141223,26.27366306586191,11.251386720687151,True,
5193,onnx_model_000,measure,26.262684289461355,26.263008734211326,26.273702341131866,10.693606920540333,True,
5194,onnx_model_000,measure,26.293827282718052,26.29500255919993,26.306350640952587,11.34808175265789,True,
5195,onnx_model_000,measure,26.294727294344654,26.29519223002717,26.30640380224213,11.211572214961052,True,
5196,onnx_model_000,measure,26.314678112796337,26.31670848885551,26.326419558841735,9.711069986224174,True,
5197,onnx_model_000,measure,26.315901614431855,26.316942384000868,26.32647101720795,9.528633207082748,True,
5198,onnx_model_000,measure,26.31969360714024,26.320575620047748,26.326506754849106,5.9311348013579845,True,
5199,onnx_model_000,measure,26.32401099961665,26.325138905085623,26.3269867869094,1.8478818237781525,True,
5200,onnx_model_000,measure,26.325890785564948,26.326608187053353,26.334087554831058,7.479367777705193,True,
5201,onnx_model_000,measure,26.331378807607003,26.33231772109866,26.33414105605334,1.8233349546790123,True,
5202,onnx_model_000,measure,26.331617742335727,26.33250603824854,26.334178468212485,1.6724299639463425,True,
5203,onnx_model_000,measure,26.331682267520595,26.332655432168394,26.334209736902267,1.5543047338724136,True,
5204,onnx_model_000,measure,26.332323859022026,26.333210377022624,26.33956875419244,6.358377169817686,True,
5205,onnx_model_000,measure,26.335001120147144,26.335488948971033,26.339772049803287,4.2831008322536945,True,
5206,onnx_model_000,measure,26.336266819671046,26.336982416920364,26.339814480859786,2.832063939422369,True,
5207,onnx_model_000,measure,26.33807547588367,26.338428245857358,26.339845338836312,1.4170929789543152,True,
5208,onnx_model_000,measure,26.338527053590873,26.338804330211133,26.34651037910953,7.706048898398876,True,
5209,onnx_model_000,measure,26.339021182980833,26.33919447194785,26.347083096858114,7.888624910265207,True,
5210,onnx_model_000,measure,26.34342071359263,26.344086441211402,26.347129705827683,3.043264616280794,True,
5211,onnx_model_000,measure,26.344883974452504,26.34553693793714,26.347164342179894,1.6274042427539825,True,
5212,onnx_model_000,measure,26.346382629879912,26.34669609181583,26.353271120227873,6.575028412044048,True,
5213,onnx_model_000,measure,26.348006222111596,26.348404238931835,26.35331655619666,4.912317264825106,True,
5214,onnx_model_000,measure,26.351189886505512,26.3518921690993,26.353427437134087,1.535268034785986,True,
5215,onnx_model_000,measure,26.351437886683453,26.352068804204464,26.353463205043226,1.3944008387625217,True,
5216,onnx_model_000,measure,26.35584803046349,26.356698113959283,26.367805758025497,11.107644066214561,True,
5217,onnx_model_000,measure,26.361449602801738,26.362164725083858,26.36797309620306,5.808371119201183,True,
5218,onnx_model_000,measure,26.363496942725227,26.36463482119143,26.368009826168418,3.3750049769878387,True,
5219,onnx_model_000,measure,26.396727044197327,26.397230139933527,26.402889678254724,5.659538321197033,True,
5220,onnx_model_000,measure,26.39803279657067,26.39870010409504,26.40293417312205,4.234069027006626,True,
5221,onnx_model_000,measure,26.400025687760998,26.401155141182244,26.402966994792223,1.8118536099791527,True,
5222,onnx_model_000,measure,26.401304996817082,26.401554389856756,26.403392443899065,1.8380540423095226,True,
5223,onnx_model_000,measure,26.40153553510343,26.401915496215224,26.411645472049713,9.729975834488869,True,
5224,onnx_model_000,measure,26.402324549661703,26.403058268129826,26.41226113215089,9.202864021062851,True,
5225,onnx_model_000,measure,26.40511907561745,26.40569795621559,26.412307450082153,6.609493866562843,True,
5226,onnx_model_000,measure,26.40900264744387,26.41027848282829,26.412340031936765,2.0615491084754467,True,
5227,onnx_model_000,measure,26.410003770560966,26.41046688100323,26.421723167877644,11.25628687441349,True,
5228,onnx_model_000,measure,26.41095783432936,26.41180603718385,26.421916665975004,10.110628791153431,True,
5229,onnx_model_000,measure,26.412705001478137,26.413573577068746,26.421954267192632,8.38069012388587,True,
5230,onnx_model_000,measure,26.422108036923813,26.423172011971474,26.430251218844205,7.079206872731447,True,
5231,onnx_model_000,measure,26.42746656799737,26.428642080165446,26.430407375097275,1.7652949318289757,True,
5232,onnx_model_000,measure,26.42810344126557,26.42881962703541,26.430462930817157,1.643303781747818,True,
5233,onnx_model_000,measure,26.428167653396716,26.428966275881976,26.43049267679453,1.526400912553072,True,
5234,onnx_model_000,measure,26.43934834061524,26.440729004796594,26.451770302839577,11.041298042982817,True,
5235,onnx_model_000,measure,26.44987953431509,26.451187095139176,26.459793083835393,8.605988696217537,True,
5236,onnx_model_000,measure,26.454635674083807,26.454995123203844,26.459956423845142,4.961300641298294,True,
5237,onnx_model_000,measure,26.457963359824152,26.458435672800988,26.460012760944664,1.5770881436765194,True,
5238,onnx_model_000,measure,26.45844009931063,26.45880365325138,26.460043480154127,1.2398269027471542,True,
5239,onnx_model_000,measure,26.47071210294027,26.47127613099292,26.482470420189202,11.194289196282625,True,
5240,onnx_model_000,measure,26.471232488604052,26.471684427000582,26.482991349883378,11.306922882795334,True,
5241,onnx_model_000,measure,26.472783477110468,26.47313402313739,26.483035794924945,9.901771787554026,True,
5242,onnx_model_000,measure,26.481810063616873,26.482588063925505,26.49368316400796,11.095100082457066,True,
5243,onnx_model_000,measure,26.48345697560848,26.48425839887932,26.494173907209188,9.915508329868317,True,
5244,onnx_model_000,measure,26.493019025887467,26.49380309181288,26.504884896799922,11.081804987043142,True,
5245,onnx_model_000,measure,26.495493728579152,26.4964064611122,26.50501579605043,8.60933493822813,True,
5246,onnx_model_000,measure,26.50800576954434,26.508241146802902,26.52009346615523,11.852319352328777,True,
5247,onnx_model_000,measure,26.529134591919675,26.53039786312729,26.54165391018614,11.256047058850527,True,
5248,onnx_model_000,measure,26.536472150247924,26.53704535914585,26.54170912504196,4.663765896111727,True,
5249,onnx_model_000,measure,26.548574346258032,26.549003751017153,26.560214611236006,11.210860218852758,True,
5250,onnx_model_000,measure,26.551769885902637,26.55256342701614,26.5607030200772,8.139593061059713,True,
5251,onnx_model_000,measure,26.555769606555618,26.556256286799908,26.560771480202675,4.515193402767181,True,
5252,onnx_model_000,measure,26.559510191310334,26.560327045153826,26.57149016391486,11.16311876103282,True,
5253,onnx_model_000,measure,26.577092350182376,26.577836317010224,26.589549141936004,11.712824925780296,True,
5254,onnx_model_000,measure,26.587974646284827,26.588378936983645,26.60029364610091,11.914709117263556,True,
5255,onnx_model_000,measure,26.59164961002273,26.592868010047823,26.60034645581618,7.478445768356323,True,
5256,onnx_model_000,measure,26.598898934885394,26.599410947877914,26.60716952616349,7.758578285574913,True,
5257,onnx_model_000,measure,26.599386508587795,26.599940604995936,26.607371089048684,7.430484052747488,True,
5258,onnx_model_000,measure,26.600227614106544,26.600523042026907,26.60741252824664,6.8894862197339535,True,
5259,onnx_model_000,measure,26.605714330922044,26.606055749114603,26.607442905195057,1.387156080454588,True,
5260,onnx_model_000,measure,26.607108324826964,26.607602469157428,26.618667812086642,11.06534292921424,True,
5261,onnx_model_000,measure,26.6105217325502,26.61112779006362,26.618837625253946,7.709835190325975,True,
5262,onnx_model_000,measure,26.6134883714179,26.614579902030528,26.61887819180265,4.298289772123098,True,
5263,onnx_model_000,measure,26.618763207636146,26.619021164253354,26.630028707906604,11.00754365324974,True,
5264,onnx_model_000,measure,26.622764106918,26.623463768977672,26.63014224404469,6.678475067019463,True,
5265,onnx_model_000,measure,26.642195093371313,26.64443803811446,26.655593522824347,11.155484709888697,True,
5266,onnx_model_000,measure,26.64932404559058,26.649983128067106,26.65565538080409,5.672252736985683,True,
5267,onnx_model_000,measure,26.6526306346527,26.65352519089356,26.655690948013216,2.165757119655609,True,
5268,onnx_model_000,measure,26.654005848044893,26.655099103227258,26.666239229030907,11.140125803649426,True,
5269,onnx_model_000,measure,26.6617618184069,26.662971477024257,26.666393471881747,3.4219948574900627,True,
5270,onnx_model_000,measure,26.66362352049259,26.664448524825275,26.66643409896642,1.9855741411447525,True,
5271,onnx_model_000,measure,26.678351465986218,26.678729732055217,26.685441139154136,6.711407098919153,True,
5272,onnx_model_000,measure,26.679633574405386,26.680298183113337,26.685614589136094,5.316406022757292,True,
5273,onnx_model_000,measure,26.679933533354887,26.680487032048404,26.68567011412233,5.183082073926926,True,
5274,onnx_model_000,measure,26.6828548845843,26.68406806886196,26.6857015741989,1.6335053369402885,True,
5275,onnx_model_000,measure,26.68366492603053,26.684238873887807,26.695386704057455,11.147830169647932,True,
5276,onnx_model_000,measure,26.68927833174264,26.68994415923953,26.695496963802725,5.552804563194513,True,
5277,onnx_model_000,measure,26.69699076852283,26.697728746104985,26.70879831817001,11.069572065025568,True,
5278,onnx_model_000,measure,26.707753502964568,26.708197665866464,26.719306882936507,11.109217070043087,True,
5279,onnx_model_000,measure,26.714210400934128,26.71503967186436,26.719417333137244,4.377661272883415,True,
5280,onnx_model_000,measure,26.726160868670362,26.72664102492854,26.737879727967083,11.238703038543463,True,
5281,onnx_model_000,measure,26.732064043097452,26.73317239014432,26.737933098804206,4.760708659887314,True,
5282,onnx_model_000,measure,26.745603636864992,26.746227685827762,26.75738182803616,11.154142208397388,True,
5283,onnx_model_000,measure,26.754436697618477,26.754810229875147,26.757434377912432,2.6241480372846127,True,
5284,onnx_model_000,measure,26.759508548388524,26.76073233690113,26.771926615852863,11.194278951734304,True,
5285,onnx_model_000,measure,26.767213025110735,26.768320051021874,26.771979075856507,3.6590248346328735,True,
5286,onnx_model_000,measure,26.770725255724685,26.77209941484034,26.78105304390192,8.953629061579704,True,
5287,onnx_model_000,measure,26.771268347379504,26.772281820885837,26.78123058192432,8.94876103848219,True,
5288,onnx_model_000,measure,26.776061582845177,26.776961016003042,26.781288641970605,4.327625967562199,True,
5289,onnx_model_000,measure,26.778646004068534,26.779721924103796,26.78132121404633,1.5992899425327778,True,
5290,onnx_model_000,measure,26.778838105151852,26.779932513833046,26.790994180832058,11.061666999012232,True,
5291,onnx_model_000,measure,26.79277183750178,26.79325189301744,26.80460884096101,11.35694794356823,True,
5292,onnx_model_000,measure,26.802470314493476,26.803794633131474,26.808234021998942,4.439388867467642,True,
5293,onnx_model_000,measure,26.803964718926526,26.804244407918304,26.808409164194018,4.164756275713444,True,
5294,onnx_model_000,measure,26.80577579720515,26.806930574122816,26.80846559209749,1.5350179746747017,True,
5295,onnx_model_000,measure,26.806172162196106,26.8071199641563,26.808496971148998,1.3770069926977158,True,
5296,onnx_model_000,measure,26.81039689605875,26.81073849182576,26.821867016144097,11.12852431833744,True,
5297,onnx_model_000,measure,26.813246447346067,26.81422141287476,26.82203124789521,7.809835020452738,True,
5298,onnx_model_000,measure,26.814204127008644,26.814582869876176,26.822071474976838,7.488605100661516,True,
5299,onnx_model_000,measure,26.822210104347345,26.823293508030474,26.834298436995596,11.004928965121508,True,
5300,onnx_model_000,measure,26.823758608818366,26.824738734867424,26.834432401228696,9.693666361272335,True,
5301,onnx_model_000,measure,26.834371969608256,26.834579992108047,26.839842815883458,5.262823775410652,True,
5302,onnx_model_000,measure,26.835381775544224,26.83604269195348,26.840026825200766,3.9841332472860813,True,
5303,onnx_model_000,measure,26.835495510994573,26.8362075551413,26.840066511183977,3.858956042677164,True,
5304,onnx_model_000,measure,26.837618095767365,26.838730371091515,26.840098582208157,1.3682111166417599,True,
5305,onnx_model_000,measure,26.842220858565888,26.84333545481786,26.854413763154298,11.078308336436749,True,
5306,onnx_model_000,measure,26.851429825324534,26.851797739975154,26.854522760026157,2.7250200510025024,True,
5307,onnx_model_000,measure,26.86527327008687,26.865744211245328,26.876731446012855,10.987234767526388,True,
5308,onnx_model_000,measure,26.877870820341144,26.878972376231104,26.88657012814656,7.5977519154548645,True,
5309,onnx_model_000,measure,26.8806962440654,26.881495100911707,26.886777642183006,5.282541271299124,True,
5310,onnx_model_000,measure,26.88143392276472,26.88191793486476,26.886822837870568,4.904903005808592,True,
5311,onnx_model_000,measure,26.88423424732841,26.885401557199657,26.886856311932206,1.4547547325491905,True,
5312,onnx_model_000,measure,26.886797862038133,26.887027807999402,26.898529881145805,11.502073146402836,True,
5313,onnx_model_000,measure,26.89111295295679,26.891613895073533,26.898576490115374,6.9625950418412685,True,
5314,onnx_model_000,measure,26.896917229695088,26.89807364391163,26.909452504012734,11.378860101103783,True,
5315,onnx_model_000,measure,26.906684064974186,26.90882933884859,26.920421584974974,11.592246126383543,True,
5316,onnx_model_000,measure,26.906702919209806,26.90899712825194,26.920547514222562,11.550385970622301,True,
5317,onnx_model_000,measure,26.91825929613911,26.919717866927385,26.92646472202614,6.746855098754168,True,
5318,onnx_model_000,measure,26.919741758805586,26.92007908411324,26.92651053890586,6.4314547926187515,True,
5319,onnx_model_000,measure,26.92119314854345,26.92178485589102,26.926542880013585,4.758024122565985,True,
5320,onnx_model_000,measure,26.924051367813124,26.925224313978106,26.926572046242654,1.3477322645485401,True,
5321,onnx_model_000,measure,26.925281584211127,26.92557726521045,26.93671659892425,11.139333713799715,True,
5322,onnx_model_000,measure,26.928641508613964,26.92984059918672,26.936846856959164,7.006257772445679,True,
5323,onnx_model_000,measure,26.93955209765766,26.940066216979176,26.95113658020273,11.070363223552704,True,
5324,onnx_model_000,measure,26.944047409893187,26.944503671023995,26.951252489816397,6.748818792402744,True,
5325,onnx_model_000,measure,26.951074484910798,26.95138175599277,26.962398937903345,11.017181910574436,True,
5326,onnx_model_000,measure,26.95312553097022,26.953834938816726,26.962558310944587,8.723372127860785,True,
5327,onnx_model_000,measure,26.957272264315787,26.95827030017972,26.96261428715661,4.343986976891756,True,
5328,onnx_model_000,measure,26.96129930878403,26.961703015025705,26.972766435239464,11.063420213758945,True,
5329,onnx_model_000,measure,26.965356830150007,26.965867040213197,26.972880952991545,7.013912778347731,True,
5330,onnx_model_000,measure,26.97396651652114,26.975101212970912,26.98615136789158,11.05015492066741,True,
5331,onnx_model_000,measure,26.978238545645493,26.97854910697788,26.986301814205945,7.752707228064537,True,
5332,onnx_model_000,measure,26.983284147194716,26.98399272514507,26.986338614020497,2.345888875424862,True,
5333,onnx_model_000,measure,26.98831048626916,26.988560075871646,26.99583615688607,7.2760810144245625,True,
5334,onnx_model_000,measure,26.9910158680455,26.992019683122635,26.996053440030664,4.033756908029318,True,
5335,onnx_model_000,measure,26.992123157966958,26.9923737058416,26.996092774905264,3.7190690636634827,True,
5336,onnx_model_000,measure,26.994130750626457,26.99481494585052,26.996123583987355,1.3086381368339062,True,
5337,onnx_model_000,measure,26.994798604955495,26.99516731593758,27.006232659798115,11.065343860536814,True,
5338,onnx_model_000,measure,26.998444616297252,26.999360036104918,27.006396030075848,7.035993970930576,True,
5339,onnx_model_000,measure,27.002649430662082,27.00381480390206,27.006452427245677,2.637623343616724,True,
5340,onnx_model_000,measure,27.004671115697214,27.005240634083748,27.006484549026936,1.2439149431884289,True,
5341,onnx_model_000,measure,27.007689620194544,27.008716941811144,27.019909617956728,11.192676145583391,True,
5342,onnx_model_000,measure,27.009360292943512,27.010166647844017,27.01996329985559,9.796652011573315,True,
5343,onnx_model_000,measure,27.014524661473153,27.01559519721195,27.020065885037184,4.470687825232744,True,
5344,onnx_model_000,measure,27.022244281885282,27.023272559978068,27.034194441046566,10.921881068497896,True,
5345,onnx_model_000,measure,27.025595633428193,27.026636744849384,27.03424742212519,7.610677275806665,True,
5346,onnx_model_000,measure,27.032612653841955,27.03298767702654,27.03428253903985,1.294862013310194,True,
5347,onnx_model_000,measure,27.03661033348007,27.037501708138734,27.04839261993766,10.890911798924208,True,
5348,onnx_model_000,measure,27.04185523991116,27.042874259874225,27.048445399850607,5.5711399763822556,True,
5349,onnx_model_000,measure,27.051186301532926,27.05174259794876,27.062415526248515,10.672928299754858,True,
5350,onnx_model_000,measure,27.058464976709228,27.059298030100763,27.062448168173432,3.150138072669506,True,
5351,onnx_model_000,measure,27.059533755315872,27.05970143713057,27.062514763791114,2.81332666054368,True,
5352,onnx_model_000,measure,27.06048780029728,27.061225824058056,27.06259215110913,1.3663270510733128,True,
5353,onnx_model_000,measure,27.06466874172118,27.065926099196076,27.07709771487862,11.171615682542324,True,
5354,onnx_model_000,measure,27.0667232123805,27.067461276892573,27.077146717812866,9.685440920293331,True,
5355,onnx_model_000,measure,27.068659585148584,27.068976075854152,27.077636337839067,8.660261984914541,True,
5356,onnx_model_000,measure,27.075459204173082,27.076509076170623,27.087602673098445,11.093596927821636,True,
5357,onnx_model_000,measure,27.076851992960226,27.077262388076633,27.08767386805266,10.411479976028204,True,
5358,onnx_model_000,measure,27.084345233960402,27.084948416799307,27.087820666842163,2.8722500428557396,True,
5359,onnx_model_000,measure,27.086147500725275,27.086484908126295,27.087858389131725,1.3734810054302216,True,
5360,onnx_model_000,measure,27.08750097823006,27.088017601985484,27.095378222875297,7.360620889812708,True,
5361,onnx_model_000,measure,27.08821003393077,27.088414425961673,27.095430593006313,7.016167044639587,True,
5362,onnx_model_000,measure,27.09297679659215,27.093940319959074,27.095466470811516,1.5261508524417877,True,
5363,onnx_model_000,measure,27.09322793039234,27.094126062933356,27.0955670918338,1.4410289004445076,True,
5364,onnx_model_000,measure,27.0987307312786,27.099797172937542,27.110727610066533,10.930437128990889,True,
5365,onnx_model_000,measure,27.105893548729473,27.106145550031215,27.110772826243192,4.627276211977005,True,
5366,onnx_model_000,measure,27.112662090353695,27.112973909825087,27.12386023392901,10.886324103921652,True,
5367,onnx_model_000,measure,27.119980609324006,27.120300125796348,27.123957437928766,3.6573121324181557,True,
5368,onnx_model_000,measure,27.12511820090969,27.126119738910347,27.137091443873942,10.971704963594675,True,
5369,onnx_model_000,measure,27.126402516410895,27.12744399579242,27.137275143060833,9.831147268414497,True,
5370,onnx_model_000,measure,27.126903903287676,27.127573021221906,27.137314607854933,9.7415866330266,True,
5371,onnx_model_000,measure,27.136994156363606,27.137407245114446,27.14892854494974,11.521299835294485,True,
5372,onnx_model_000,measure,27.144757636886954,27.145930625963956,27.148979071062058,3.0484450981020927,True,
5373,onnx_model_000,measure,27.14809297488717,27.148524786811322,27.159477166831493,10.952380020171404,True,
5374,onnx_model_000,measure,27.158928697891977,27.15918652387336,27.170146197080612,10.959673207253218,True,
5375,onnx_model_000,measure,27.165208004829292,27.16567849414423,27.170182765927166,4.504271782934666,True,
5376,onnx_model_000,measure,27.16864476217603,27.169044222217053,27.170602533966303,1.5583117492496967,True,
5377,onnx_model_000,measure,27.169492129074946,27.170245265122503,27.17505527799949,4.810012876987457,True,
5378,onnx_model_000,measure,27.16968157339847,27.17035205801949,27.175145991146564,4.793933127075434,True,
5379,onnx_model_000,measure,27.171822458676928,27.17281244508922,27.175168953835964,2.356508746743202,True,
5380,onnx_model_000,measure,27.17379131670034,27.174141861964017,27.17523693293333,1.095070969313383,True,
5381,onnx_model_000,measure,27.175758613650697,27.176393150817603,27.18697213102132,10.578980203717947,True,
5382,onnx_model_000,measure,27.18198450881742,27.18268848815933,27.1870562909171,4.367802757769823,True,
5383,onnx_model_000,measure,27.184878213778678,27.185989463236183,27.187078974209726,1.0895109735429287,True,
5384,onnx_model_000,measure,27.18585537941178,27.186087509151548,27.187161990907043,1.0744817554950714,True,
5385,onnx_model_000,measure,27.193222920260617,27.194317462854087,27.20521213207394,10.894669219851494,True,
5386,onnx_model_000,measure,27.2098611353035,27.210432175081223,27.221363394055516,10.931218974292278,True,
5387,onnx_model_000,measure,27.211321537440483,27.2118108458817,27.221405684016645,9.594838134944439,True,
5388,onnx_model_000,measure,27.214003879759503,27.215154200792313,27.221469024196267,6.314823403954506,True,
5389,onnx_model_000,measure,27.221289139137014,27.221555919852108,27.23284879606217,11.292876210063696,True,
5390,onnx_model_000,measure,27.22214412542966,27.222883493173867,27.232879464048892,9.995970875024796,True,
5391,onnx_model_000,measure,27.230232107943618,27.2312247492373,27.232945018913597,1.720269676297903,True,
5392,onnx_model_000,measure,27.231742220866167,27.2325875191018,27.24354607006535,10.958550963550806,True,
5393,onnx_model_000,measure,27.23745008807909,27.238142879214138,27.24358553485945,5.442655645310879,True,
5394,onnx_model_000,measure,27.23810316619042,27.238381232134998,27.243642553221434,5.26132108643651,True,
5395,onnx_model_000,measure,27.24464119860923,27.24484444782138,27.25260273506865,7.758287247270346,True,
5396,onnx_model_000,measure,27.24916357042542,27.25018577091396,27.25263780215755,2.4520312435925007,True,
5397,onnx_model_000,measure,27.251105337829337,27.25152948498726,27.252703146077693,1.1736610904335976,True,
5398,onnx_model_000,measure,27.25115182001658,27.25164018617943,27.25277914106846,1.1389548890292645,True,
5399,onnx_model_000,measure,27.25147277562522,27.25192243186757,27.262654322199523,10.731890331953764,True,
5400,onnx_model_000,measure,27.264309684766317,27.264864173252136,27.27370325382799,8.839080575853586,True,
5401,onnx_model_000,measure,27.27043294512262,27.271210085134953,27.27373294113204,2.5228559970855713,True,
5402,onnx_model_000,measure,27.271633223683786,27.272547908127308,27.27384014520794,1.2922370806336403,True,
5403,onnx_model_000,measure,27.27268144517119,27.272815867792815,27.273882634937763,1.066767144948244,True,
5404,onnx_model_000,measure,27.278598778977468,27.2790771801956,27.289956479799002,10.879299603402615,True,
5405,onnx_model_000,measure,27.281982460821048,27.2824211162515,27.290044005960226,7.622889708727598,True,
5406,onnx_model_000,measure,27.287356614315303,27.287769972812384,27.290067520923913,2.297548111528158,True,
5407,onnx_model_000,measure,27.29401242988391,27.29426294611767,27.3051583962515,10.895450133830309,True,
5408,onnx_model_000,measure,27.297316612599747,27.297604848165065,27.305199484806508,7.594636641442776,True,
5409,onnx_model_000,measure,27.30612249941166,27.30639525782317,27.31733596418053,10.940706357359886,True,
5410,onnx_model_000,measure,27.306458759588484,27.306629091966897,27.31737629091367,10.747198946774006,True,
5411,onnx_model_000,measure,27.314905804586882,27.316958356183022,27.327977092005312,11.018735822290182,True,
5412,onnx_model_000,measure,27.31978980219692,27.320611310191453,27.328019061125815,7.4077509343624115,True,
5413,onnx_model_000,measure,27.335282278768904,27.336258913856,27.347346840891987,11.087927035987377,True,
5414,onnx_model_000,measure,27.339776947301026,27.340683253947645,27.34738577483222,6.70252088457346,True,
5415,onnx_model_000,measure,27.343910248684814,27.345120748970658,27.347413567826152,2.292818855494261,True,
5416,onnx_model_000,measure,27.346511874259644,27.347490975167602,27.35852681286633,11.035837698727846,True,
5417,onnx_model_000,measure,27.347319278246772,27.34782223496586,27.358568070922047,10.745835956186056,True,
5418,onnx_model_000,measure,27.34861037992421,27.34922468988225,27.35859599383548,9.371303953230381,True,
5419,onnx_model_000,measure,27.36282917785436,27.3638250939548,27.367759672924876,3.9345789700746536,True,
5420,onnx_model_000,measure,27.362853853550845,27.363937808200717,27.367802765220404,3.864957019686699,True,
5421,onnx_model_000,measure,27.364395215363107,27.365313874091953,27.367935386952013,2.621512860059738,True,
5422,onnx_model_000,measure,27.36592118500473,27.366655443795025,27.367980332113802,1.3248883187770844,True,
5423,onnx_model_000,measure,27.3685460837017,27.369161096867174,27.380033674184233,10.87257731705904,True,
5424,onnx_model_000,measure,27.3780488573734,27.379509007092565,27.38274461682886,3.2356097362935543,True,
5425,onnx_model_000,measure,27.379766204608945,27.38010007981211,27.38288724794984,2.787168137729168,True,
5426,onnx_model_000,measure,27.380821259271976,27.3815413499251,27.382934097200632,1.392747275531292,True,
5427,onnx_model_000,measure,27.38110609664073,27.38168676616624,27.383002097252756,1.3153310865163803,True,
5428,onnx_model_000,measure,27.391471447961774,27.393278621137142,27.404637922998518,11.35930186137557,True,
5429,onnx_model_000,measure,27.392765349003298,27.39347434323281,27.40478863986209,11.314296629279852,True,
5430,onnx_model_000,measure,27.403801080394192,27.40406108694151,27.415182737167925,11.121650226414204,True,
5431,onnx_model_000,measure,27.405253391320525,27.406023075804114,27.415292987134308,9.269911330193281,True,
5432,onnx_model_000,measure,27.433666734476457,27.43452813103795,27.445609635207802,11.081504169851542,True,
5433,onnx_model_000,measure,27.451539204075967,27.45193257415667,27.463129677809775,11.197103653103113,True,
5434,onnx_model_000,measure,27.455893729202625,27.456476119812578,27.463198128156364,6.722008343786001,True,
5435,onnx_model_000,measure,27.457547385589567,27.45798291498795,27.463294682092965,5.311767105013132,True,
5436,onnx_model_000,measure,27.46150782140671,27.462526531890035,27.473748112097383,11.22158020734787,True,
5437,onnx_model_000,measure,27.467128190839944,27.467606768012047,27.473815280012786,6.208512000739574,True,
5438,onnx_model_000,measure,27.472114466703186,27.473164612893015,27.48431433690712,11.149724014103413,True,
5439,onnx_model_000,measure,27.488159412532767,27.48861868912354,27.499834878835827,11.216189712285995,True,
5440,onnx_model_000,measure,27.49440914115015,27.495198206044734,27.499906646087766,4.708440043032169,True,
5441,onnx_model_000,measure,27.498056949632932,27.498740590177476,27.508504719939083,9.764129761606455,True,
5442,onnx_model_000,measure,27.501483464565815,27.502208662219346,27.50855541601777,6.346753798425198,True,
5443,onnx_model_000,measure,27.505103224136366,27.505766965914518,27.508592255879194,2.8252899646759033,True,
5444,onnx_model_000,measure,27.50695146070945,27.507305811159313,27.509075926151127,1.770114991813898,True,
5445,onnx_model_000,measure,27.50783042529814,27.5086932182312,27.5198818561621,11.188637930899858,True,
5446,onnx_model_000,measure,27.51274104342127,27.513379064854234,27.52005677903071,6.677714176476002,True,
5447,onnx_model_000,measure,27.515394282628627,27.51587607199326,27.520097556058317,4.221484065055847,True,
5448,onnx_model_000,measure,27.523740224823023,27.524334921035916,27.535492460243404,11.157539207488298,True,
5449,onnx_model_000,measure,27.526394185593066,27.52689176099375,27.535667311865836,8.775550872087479,True,
5450,onnx_model_000,measure,27.531550883837262,27.532472730148584,27.5357113359496,3.2386058010160923,True,
5451,onnx_model_000,measure,27.536865836838594,27.53793498314917,27.54729992384091,9.36494069173932,True,
5452,onnx_model_000,measure,27.541099932581524,27.54137560306117,27.547461600974202,6.08599791303277,True,
5453,onnx_model_000,measure,27.541636918250337,27.542852439917624,27.547518779989332,4.666340071707964,True,
5454,onnx_model_000,measure,27.54585548732563,27.546285626012832,27.547549347858876,1.2637218460440636,True,
5455,onnx_model_000,measure,27.551907028492927,27.552816018927842,27.56406871881336,11.252699885517359,True,
5456,onnx_model_000,measure,27.55254080381923,27.552985752001405,27.564200660213828,11.214908212423325,True,
5457,onnx_model_000,measure,27.571329736635793,27.572450993116945,27.581789735239,9.3387421220541,True,
5458,onnx_model_000,measure,27.57338080764321,27.573917711153626,27.581955750007182,8.038038853555918,True,
5459,onnx_model_000,measure,27.57925141166587,27.580354386009276,27.582013470120728,1.6590841114521027,True,
5460,onnx_model_000,measure,27.58040749079909,27.580708710011095,27.58204553090036,1.3368208892643452,True,
5461,onnx_model_000,measure,27.591367568088486,27.592294853180647,27.60339493304491,11.100079864263535,True,
5462,onnx_model_000,measure,27.594393642000014,27.59474000101909,27.603528195992112,8.788194973021746,True,
5463,onnx_model_000,measure,27.61394844239088,27.61484634084627,27.621495238970965,6.648898124694824,True,
5464,onnx_model_000,measure,27.615592019789506,27.616332064848393,27.621699498035014,5.367433186620474,True,
5465,onnx_model_000,measure,27.615833307308442,27.616505493875593,27.6217723460868,5.266852211207151,True,
5466,onnx_model_000,measure,27.619083421838596,27.620209604967386,27.621817310806364,1.6077058389782906,True,
5467,onnx_model_000,measure,27.619495658035234,27.620389827992767,27.631572303827852,11.182475835084915,True,
5468,onnx_model_000,measure,27.628750417579184,27.62907829415053,27.631709665991366,2.6313718408346176,True,
5469,onnx_model_000,measure,27.635282181935768,27.635974431876093,27.647085291799158,11.110859923064709,True,
5470,onnx_model_000,measure,27.635978787364625,27.636351970024407,27.64720173412934,10.849764104932547,True,
5471,onnx_model_000,measure,27.65561520623558,27.657450234983116,27.66844302089885,10.992785915732384,True,
5472,onnx_model_000,measure,27.67086499040285,27.671672999858856,27.67907391814515,7.400918286293745,True,
5473,onnx_model_000,measure,27.67458043965124,27.675152183976024,27.67926476104185,4.112577065825462,True,
5474,onnx_model_000,measure,27.67578181186603,27.676611558068544,27.67930200183764,2.690443769097328,True,
5475,onnx_model_000,measure,27.67760360123454,27.678056945092976,27.679332450032234,1.2755049392580986,True,
5476,onnx_model_000,measure,27.679041379995496,27.67947606323287,27.68687306297943,7.39699974656105,True,
5477,onnx_model_000,measure,27.682382868660348,27.682916893158108,27.687404783908278,4.487890750169754,True,
5478,onnx_model_000,measure,27.683163792613918,27.684345128014684,27.687451181933284,3.1060539186000824,True,
5479,onnx_model_000,measure,27.684772965484942,27.68579567503184,27.68748492607847,1.68925104662776,True,
5480,onnx_model_000,measure,27.68650273152529,27.68699333211407,27.698112368118018,11.119036003947258,True,
5481,onnx_model_000,measure,27.69249438304073,27.69273295206949,27.69829091709107,5.557965021580458,True,
5482,onnx_model_000,measure,27.693806780461994,27.69424010720104,27.69832974113524,4.08963393419981,True,
5483,onnx_model_000,measure,27.696611766053266,27.69767049793154,27.70877994503826,11.109447106719017,True,
5484,onnx_model_000,measure,27.712112504256392,27.71300769224763,27.7222017692402,9.194076992571354,True,
5485,onnx_model_000,measure,27.714038040686155,27.7144552632235,27.72240939317271,7.954129949212074,True,
5486,onnx_model_000,measure,27.719896412865882,27.720904972869903,27.722447405103594,1.5424322336912155,True,
5487,onnx_model_000,measure,27.720770089239977,27.721070017199963,27.7224776330404,1.407615840435028,True,
5488,onnx_model_000,measure,27.723295050152387,27.72371056722477,27.7348707402125,11.160172987729311,True,
5489,onnx_model_000,measure,27.728602500204648,27.729192417114973,27.735043689142913,5.851272027939558,True,
5490,onnx_model_000,measure,27.731351573449416,27.731632764916867,27.735081620980054,3.4488560631871223,True,
5491,onnx_model_000,measure,27.73378956889478,27.734089956153184,27.74516140203923,11.071445886045694,True,
5492,onnx_model_000,measure,27.742152443559164,27.743304612115026,27.745270067825913,1.965455710887909,True,
5493,onnx_model_000,measure,27.74538152090441,27.746527758892626,27.757782032247633,11.254273355007172,True,
5494,onnx_model_000,measure,27.74626908921199,27.746700115967542,27.757938258815557,11.238142848014832,True,
5495,onnx_model_000,measure,27.74907319072124,27.750290039926767,27.757976040244102,7.686000317335129,True,
5496,onnx_model_000,measure,27.766751574121916,27.768201027065516,27.779239740222692,11.038713157176971,True,
5497,onnx_model_000,measure,27.773299932184894,27.773647559806705,27.779347334057093,5.6997742503881454,True,
5498,onnx_model_000,measure,27.791279514259067,27.791571781039238,27.802599353250116,11.027572210878134,True,
5499,onnx_model_000,measure,27.804153560245794,27.804863958153874,27.815939019899815,11.075061745941639,True,
5500,onnx_model_000,measure,27.807154890379728,27.808325978927314,27.816491319797933,8.16534087061882,True,
5501,onnx_model_000,measure,27.813964216805537,27.814838878810406,27.81653541419655,1.696535386145115,True,
5502,onnx_model_000,measure,27.815703420205296,27.816054019145668,27.827166682109237,11.112662963569164,True,
5503,onnx_model_000,measure,27.81894510197432,27.8197855418548,27.827274267096072,7.488725241273642,True,
5504,onnx_model_000,measure,27.83120152568192,27.8314980561845,27.842530316207558,11.03226002305746,True,
5505,onnx_model_000,measure,27.834293140007976,27.834936631843448,27.842668259050697,7.731627207249403,True,
5506,onnx_model_000,measure,27.840188647521046,27.84138869587332,27.842704718001187,1.316022127866745,True,
5507,onnx_model_000,measure,27.853735322033696,27.85495576588437,27.864015326835215,9.05956095084548,True,
5508,onnx_model_000,measure,27.854810742327167,27.85511762322858,27.86422193888575,9.104315657168627,True,
5509,onnx_model_000,measure,27.861583805173794,27.862658367026597,27.864266213029623,1.6078460030257702,True,
5510,onnx_model_000,measure,27.861824198680942,27.8628410641104,27.86429791385308,1.456849742680788,True,
5511,onnx_model_000,measure,27.864510437648242,27.8655301858671,27.876618253067136,11.088067200034857,True,
5512,onnx_model_000,measure,27.876324037986283,27.876715117134154,27.88084970600903,4.134588874876499,True,
5513,onnx_model_000,measure,27.876756766980638,27.877097334247082,27.881423256825656,4.325922578573227,True,
5514,onnx_model_000,measure,27.878392191230823,27.879544475115836,27.881469134241343,1.924659125506878,True,
5515,onnx_model_000,measure,27.87927025964653,27.87971558002755,27.881501836236566,1.7862562090158463,True,
5516,onnx_model_000,measure,27.880153312533086,27.880967129021883,27.892425810918212,11.458681896328926,True,
5517,onnx_model_000,measure,27.88897253328209,27.88982614921406,27.892472018953413,2.6458697393536568,True,
5518,onnx_model_000,measure,27.891199791480698,27.892564474139363,27.898563648108393,5.99917396903038,True,
5519,onnx_model_000,measure,27.891312457082645,27.89272413821891,27.898726026993245,6.001888774335384,True,
5520,onnx_model_000,measure,27.896566876581293,27.897262405138463,27.898807330988348,1.5449258498847485,True,
5521,onnx_model_000,measure,27.896983636419595,27.897425475064665,27.89884061506018,1.4151399955153465,True,
5522,onnx_model_000,measure,27.90105740389664,27.902077707927674,27.91309227515012,11.014567222446203,True,
5523,onnx_model_000,measure,27.91080980609868,27.91253319196403,27.924239473883063,11.706281919032335,True,
5524,onnx_model_000,measure,27.91093926222794,27.912694739177823,27.924285672139376,11.590932961553335,True,
5525,onnx_model_000,measure,27.91522833381577,27.91633735410869,27.924319927114993,7.982573006302118,True,
5526,onnx_model_000,measure,27.922599344922595,27.92380890622735,27.934786172118038,10.977265890687704,True,
5527,onnx_model_000,measure,27.944320731088116,27.945057086180896,27.952243666164577,7.18657998368144,True,
5528,onnx_model_000,measure,27.948378552547336,27.949520340189338,27.952408860903233,2.8885207138955593,True,
5529,onnx_model_000,measure,27.95009968038509,27.95097476383671,27.952465989161283,1.4912253245711327,True,
5530,onnx_model_000,measure,27.950663322782866,27.95114812394604,27.952495304867625,1.3471809215843678,True,
5531,onnx_model_000,measure,27.95553538455768,27.956732057966292,27.961014048196375,4.281990230083466,True,
5532,onnx_model_000,measure,27.95765687079148,27.95819074101746,27.96120198490098,3.0112438835203648,True,
5533,onnx_model_000,measure,27.9588721257125,27.959624025970697,27.96124202106148,1.6179950907826424,True,
5534,onnx_model_000,measure,27.959750747439628,27.96000090194866,27.961273891851306,1.2729899026453495,True,
5535,onnx_model_000,measure,27.96097153469897,27.961417044047266,27.972523055039346,11.106010992079973,True,
5536,onnx_model_000,measure,27.970010949199906,27.97188772680238,27.98325697798282,11.369251180440187,True,
5537,onnx_model_000,measure,27.971212803220645,27.97205242002383,27.983398678246886,11.346258223056793,True,
5538,onnx_model_000,measure,27.977959624459068,27.97877039015293,27.983434956986457,4.664566833525896,True,
5539,onnx_model_000,measure,27.98414007431316,27.984658853150904,27.98760393122211,2.945078071206808,True,
5540,onnx_model_000,measure,27.984409794343673,27.984836340881884,27.98778598709032,2.949646208435297,True,
5541,onnx_model_000,measure,27.98581616977345,27.986348044127226,27.987848767079413,1.5007229521870613,True,
5542,onnx_model_000,measure,27.985942940027282,27.98650684580207,27.987879985943437,1.3731401413679123,True,
5543,onnx_model_000,measure,28.000490296228932,28.002121778205037,28.01337559008971,11.25381188467145,True,
5544,onnx_model_000,measure,28.00156357404829,28.00228509819135,28.013575530145317,11.290431953966618,True,
5545,onnx_model_000,measure,28.006045338703885,28.006846669130027,28.01361402310431,6.7673539742827415,True,
5546,onnx_model_000,measure,28.013300085174034,28.013703242875636,28.024731376208365,11.02813333272934,True,
5547,onnx_model_000,measure,28.01600409901152,28.017179701011628,28.02491414314136,7.734442129731178,True,
5548,onnx_model_000,measure,28.017791073270054,28.018608236219734,28.024950441904366,6.342205684632063,True,
5549,onnx_model_000,measure,28.02869883078329,28.029169851914048,28.039224816020578,10.054964106529951,True,
5550,onnx_model_000,measure,28.031667037354307,28.03260486200452,28.03926922986284,6.664367858320475,True,
5551,onnx_model_000,measure,28.036879584466448,28.038060462102294,28.039301009848714,1.2405477464199066,True,
5552,onnx_model_000,measure,28.036995929952578,28.03822535602376,28.03939677309245,1.1714170686900616,True,
5553,onnx_model_000,measure,28.049456773541017,28.05056716594845,28.05815581092611,7.588644977658987,True,
5554,onnx_model_000,measure,28.053349597542667,28.053858081810176,28.05845476919785,4.596687387675047,True,
5555,onnx_model_000,measure,28.053388455859913,28.05395408393815,28.05849198019132,4.537896253168583,True,
5556,onnx_model_000,measure,28.056777672221163,28.057278682943434,28.058512178249657,1.233495306223631,True,
5557,onnx_model_000,measure,28.057502854891776,28.05821694713086,28.069234400056303,11.01745292544365,True,
5558,onnx_model_000,measure,28.064540842053898,28.065674162004143,28.0693986620754,3.724500071257353,True,
5559,onnx_model_000,measure,28.066449259190424,28.066969433799386,28.069444147869945,2.474714070558548,True,
5560,onnx_model_000,measure,28.076107363108665,28.076674461830407,28.08771768398583,11.043222155421972,True,
5561,onnx_model_000,measure,28.07675574734642,28.07706775981933,28.08784956485033,10.781805031001568,True,
5562,onnx_model_000,measure,28.089826226693233,28.09009151579812,28.100535970181227,10.44445438310504,True,
5563,onnx_model_000,measure,28.090375524256256,28.091552874073386,28.10108105605468,9.528181981295347,True,
5564,onnx_model_000,measure,28.09294725687332,28.0940183410421,28.101125680841506,7.107339799404144,True,
5565,onnx_model_000,measure,28.098905848455466,28.0994619182311,28.101159304846078,1.6973866149783134,True,
5566,onnx_model_000,measure,28.099876500843607,28.10065161017701,28.110426439903677,9.774829726666212,True,
5567,onnx_model_000,measure,28.10086960878745,28.101327144075185,28.11059085279703,9.263708721846342,True,
5568,onnx_model_000,measure,28.106265533291083,28.10678033903241,28.110651066992432,3.8707279600203037,True,
5569,onnx_model_000,measure,28.108916493720816,28.10922468593344,28.110681375022978,1.4566890895366669,True,
5570,onnx_model_000,measure,28.10891940999396,28.109393926803023,28.1205661338754,11.172207072377205,True,
5571,onnx_model_000,measure,28.117960802649645,28.11891270102933,28.120608965866268,1.696264836937189,True,
5572,onnx_model_000,measure,28.128730058203242,28.130871213041246,28.142105638049543,11.234425008296967,True,
5573,onnx_model_000,measure,28.13035300877911,28.1310370080173,28.142234231811017,11.197223793715239,True,
5574,onnx_model_000,measure,28.147478290924038,28.1484548272565,28.157787307165563,9.332479909062386,True,
5575,onnx_model_000,measure,28.152938580331877,28.15390534698963,28.15795687912032,4.051532130688429,True,
5576,onnx_model_000,measure,28.154029627628432,28.15427994914353,28.158026741817594,3.7467926740646362,True,
5577,onnx_model_000,measure,28.156209035038344,28.156729646027088,28.1580570791848,1.3274331577122211,True,
5578,onnx_model_000,measure,28.16020198888469,28.16128875222057,28.17227054713294,10.98179491236806,True,
5579,onnx_model_000,measure,28.17545926115493,28.176496108993888,28.187461904250085,10.965795256197453,True,
5580,onnx_model_000,measure,28.187469507360248,28.187608322128654,28.194937704131007,7.329382002353668,True,
5581,onnx_model_000,measure,28.1878973235562,28.189061244018376,28.195097698830068,6.036454811692238,True,
5582,onnx_model_000,measure,28.189427445707167,28.190488496795297,28.19513601111248,4.647514317184687,True,
5583,onnx_model_000,measure,28.193517280146306,28.193920200224966,28.195168192964047,1.2479927390813828,True,
5584,onnx_model_000,measure,28.20137937099115,28.20240010879934,28.21342915389687,11.029045097529888,True,
5585,onnx_model_000,measure,28.204050669064735,28.20485109789297,28.21357099385932,8.719895966351032,True,
5586,onnx_model_000,measure,28.20853093339456,28.209313651081175,28.213607623241842,4.293972160667181,True,
5587,onnx_model_000,measure,28.214899422326393,28.215871987864375,28.221300937235355,5.428949370980263,True,
5588,onnx_model_000,measure,28.21541537982099,28.216063771862537,28.221861022058874,5.7972501963377,True,
5589,onnx_model_000,measure,28.2181700176553,28.218609931878746,28.221908100880682,3.2981690019369125,True,
5590,onnx_model_000,measure,28.2192632060068,28.220054517965764,28.22194398008287,1.8894621171057224,True,
5591,onnx_model_000,measure,28.22013950640569,28.220542024821043,28.228789431974292,8.247407153248787,True,
5592,onnx_model_000,measure,28.221157601092134,28.221484747249633,28.22935922490433,7.874477654695511,True,
5593,onnx_model_000,measure,28.22288052188959,28.223213393241167,28.22940268786624,6.189294625073671,True,
5594,onnx_model_000,measure,28.227026902535798,28.22765292180702,28.229435089044273,1.782167237251997,True,
5595,onnx_model_000,measure,28.228128851167565,28.228927774820477,28.239996845833957,11.069071013480425,True,
5596,onnx_model_000,measure,28.231819248889863,28.23267118120566,28.240139306988567,7.468125782907009,True,
5597,onnx_model_000,measure,28.234017830120095,28.23517376789823,28.240196705795825,5.022937897592783,True,
5598,onnx_model_000,measure,28.243284013401734,28.244412668980658,28.255464186891913,11.05151791125536,True,
5599,onnx_model_000,measure,28.248763867711418,28.24988565314561,28.255626094993204,5.740441847592592,True,
5600,onnx_model_000,measure,28.25218091068942,28.25335654988885,28.25566426711157,2.3077172227203846,True,
5601,onnx_model_000,measure,28.256448105562228,28.256888303905725,28.26797427702695,11.085973121225834,True,
5602,onnx_model_000,measure,28.257022089702676,28.2572488989681,28.26813993183896,10.891032870858908,True,
5603,onnx_model_000,measure,28.25821598521941,28.258669910021126,28.26817712187767,9.507211856544018,True,
5604,onnx_model_000,measure,28.269252529592883,28.27039911597967,28.27670679613948,6.307680159807205,True,
5605,onnx_model_000,measure,28.271349571737655,28.271843561902642,28.27690394083038,5.060378927737474,True,
5606,onnx_model_000,measure,28.272569159037158,28.273271856829524,28.276941782794893,3.6699259653687477,True,
5607,onnx_model_000,measure,28.275299834445846,28.275701044127345,28.276972801890224,1.2717577628791332,True,
5608,onnx_model_000,measure,28.279588219645095,28.280204564798623,28.29125767480582,11.053110007196665,True,
5609,onnx_model_000,measure,28.28687521118946,28.287645468953997,28.291375479195267,3.7300102412700653,True,
5610,onnx_model_000,measure,28.292034185315778,28.292591120116413,28.30355237610638,10.961255989968777,True,
5611,onnx_model_000,measure,28.30418395590189,28.304782735183835,28.315816859249026,11.034124065190554,True,
5612,onnx_model_000,measure,28.31229260090711,28.31322507187724,28.3159287921153,2.703720238059759,True,
5613,onnx_model_000,measure,28.317501815275943,28.318152579013258,28.32223790511489,4.085326101630926,True,
5614,onnx_model_000,measure,28.317673719581872,28.31831590924412,28.322405002079904,4.089092835783958,True,
5615,onnx_model_000,measure,28.31842179763046,28.31876530405134,28.32246402418241,3.6987201310694218,True,
5616,onnx_model_000,measure,28.320095191278355,28.32119874889031,28.322495814878494,1.2970659881830215,True,
5617,onnx_model_000,measure,28.32219949383914,28.32263641199097,28.333869624882936,11.233212891966105,True,
5618,onnx_model_000,measure,28.323438520073434,28.32412285823375,28.334306926000863,10.184067767113447,True,
5619,onnx_model_000,measure,28.333321030968882,28.333966618869454,28.344997747801244,11.03112893179059,True,
5620,onnx_model_000,measure,28.336969523082733,28.3375353529118,28.345139647834003,7.6042949222028255,True,
5621,onnx_model_000,measure,28.341999079342845,28.342986173927784,28.345177499111742,2.191325183957815,True,
5622,onnx_model_000,measure,28.34920378372888,28.350394024979323,28.360034700948745,9.640675969421864,True,
5623,onnx_model_000,measure,28.353403209395374,28.35384576721117,28.360211647115648,6.365879904478788,True,
5624,onnx_model_000,measure,28.355119720810972,28.356280284002423,28.3602688559331,3.9885719306766987,True,
5625,onnx_model_000,measure,28.357821518758854,28.358717055991292,28.360300286207348,1.5832302160561085,True,
5626,onnx_model_000,measure,28.358147241785105,28.358900004066527,28.369979484938085,11.07948087155819,True,
5627,onnx_model_000,measure,28.36026452061965,28.360459928866476,28.370303420815617,9.843491949141026,True,
5628,onnx_model_000,measure,28.365097864886504,28.365901954006404,28.370350339915603,4.448385909199715,True,
5629,onnx_model_000,measure,28.368162819160965,28.369408098980784,28.380468452814966,11.060353834182024,True,
5630,onnx_model_000,measure,28.38151015655084,28.38269995385781,28.385853768792003,3.153814934194088,True,
5631,onnx_model_000,measure,28.38230347996867,28.38288958510384,28.386392713990062,3.5031288862228394,True,
5632,onnx_model_000,measure,28.38301350721142,28.38333699479699,28.386437800247222,3.100805450230837,True,
5633,onnx_model_000,measure,28.384156314083825,28.384788463823497,28.38647169386968,1.6832300461828709,True,
5634,onnx_model_000,measure,28.38502326933079,28.38596227625385,28.39742589695379,11.463620699942112,True,
5635,onnx_model_000,measure,28.395524897596303,28.396719032898545,28.40801390307024,11.294870171695948,True,
5636,onnx_model_000,measure,28.396388944491626,28.39693491300568,28.408205667044967,11.270754039287567,True,
5637,onnx_model_000,measure,28.402552520157997,28.403661740012467,28.40825126413256,4.589524120092392,True,
5638,onnx_model_000,measure,28.413978721917015,28.414507175795734,28.425540999975055,11.033824179321527,True,
5639,onnx_model_000,measure,28.422370096817424,28.423017212189734,28.42566232010722,2.6451079174876213,True,
5640,onnx_model_000,measure,28.42939931210538,28.429900476243347,28.440927748102695,11.02727185934782,True,
5641,onnx_model_000,measure,28.437687393027044,28.438346039969474,28.441054759081453,2.7087191119790077,True,
5642,onnx_model_000,measure,28.450865154645737,28.4512847349979,28.45868665492162,7.401919923722744,True,
5643,onnx_model_000,measure,28.45243116533404,28.452746684197336,28.458920469041914,6.1737848445773125,True,
5644,onnx_model_000,measure,28.453923914683923,28.45418988680467,28.458960275165737,4.77038836106658,True,
5645,onnx_model_000,measure,28.456600521069333,28.45767057314515,28.4589910232462,1.3204501010477543,True,
5646,onnx_model_000,measure,28.458579305828906,28.459082016255707,28.470283498987556,11.201482731848955,True,
5647,onnx_model_000,measure,28.461272780479746,28.461455398239195,28.47031119186431,8.855793625116348,True,
5648,onnx_model_000,measure,28.46370503277783,28.4647336890921,28.470331921242177,5.59823215007782,True,
5649,onnx_model_000,measure,28.4690623945837,28.470039053820074,28.481007813941687,10.968760121613741,True,
5650,onnx_model_000,measure,28.474089251114016,28.474568093195558,28.48113687010482,6.568776909261942,True,
5651,onnx_model_000,measure,28.483836624565157,28.484355598222464,28.495373241137713,11.01764291524887,True,
5652,onnx_model_000,measure,28.490755836214777,28.49180480791256,28.49551780615002,3.7129982374608517,True,
5653,onnx_model_000,measure,28.49176100775619,28.492149983998388,28.495554876048118,3.404892049729824,True,
5654,onnx_model_000,measure,28.50707555336432,28.507792679127306,28.519182168878615,11.389489751309156,True,
5655,onnx_model_000,measure,28.507088584532195,28.507955227978528,28.519329809118062,11.374581139534712,True,
5656,onnx_model_000,measure,28.513216282703215,28.513472876045853,28.5193655770272,5.892700981348753,True,
5657,onnx_model_000,measure,28.519490102858196,28.520577501039952,28.531603089068085,11.025588028132915,True,
5658,onnx_model_000,measure,28.521312956379532,28.52201411081478,28.531775697134435,9.76158631965518,True,
5659,onnx_model_000,measure,28.533826455781167,28.534998362883925,28.545397981069982,10.399618186056614,True,
5660,onnx_model_000,measure,28.538445404406765,28.539440265856683,28.54555697320029,6.116707343608141,True,
5661,onnx_model_000,measure,28.54222386948697,28.542903278954327,28.545614012051374,2.7107330970466137,True,
5662,onnx_model_000,measure,28.543901073770197,28.544354087207466,28.545644840225577,1.2907530181109905,True,
5663,onnx_model_000,measure,28.5505276987169,28.550886964891106,28.56196297891438,11.076014023274183,True,
5664,onnx_model_000,measure,28.55587055038587,28.55633026221767,28.56210630107671,5.776038859039545,True,
5665,onnx_model_000,measure,28.560382553718316,28.560777435079217,28.562163820955902,1.386385876685381,True,
5666,onnx_model_000,measure,28.572035556112485,28.572384238243103,28.583488184958696,11.103946715593338,True,
5667,onnx_model_000,measure,28.572980826736526,28.573833663016558,28.58359612012282,9.762457106262445,True,
5668,onnx_model_000,measure,28.584910650032256,28.58584130788222,28.597008565906435,11.167258024215698,True,
5669,onnx_model_000,measure,28.585081320102407,28.586007845122367,28.597169772256166,11.1619271337986,True,
5670,onnx_model_000,measure,28.591222636747027,28.591525092255324,28.597207073122263,5.681980866938829,True,
5671,onnx_model_000,measure,28.59802622461008,28.598422823939472,28.60945122782141,11.028403881937265,True,
5672,onnx_model_000,measure,28.602885179495427,28.60388378519565,28.609603576827794,5.719791632145643,True,
5673,onnx_model_000,measure,28.609592635870033,28.609803106170148,28.618206259794533,8.403153624385595,True,
5674,onnx_model_000,measure,28.61210245327772,28.613236463163048,28.61836430989206,5.1278467290103436,True,
5675,onnx_model_000,measure,28.61431006254478,28.614660929888487,28.618420947808772,3.7600179202854633,True,
5676,onnx_model_000,measure,28.6162697462553,28.61710852291435,28.618452668190002,1.3441452756524086,True,
5677,onnx_model_000,measure,28.624112404710473,28.624685185030103,28.6290235822089,4.338397178798914,True,
5678,onnx_model_000,measure,28.625647204573944,28.62614278588444,28.629201740026474,3.058954142034054,True,
5679,onnx_model_000,measure,28.625824202683575,28.626304664183408,28.629238550085574,2.9338859021663666,True,
5680,onnx_model_000,measure,28.626732620138405,28.627832707948983,28.62926920922473,1.4365012757480145,True,
5681,onnx_model_000,measure,28.64578053435055,28.646503920201212,28.657618606928736,11.114686727523804,True,
5682,onnx_model_000,measure,28.648948590413422,28.649947265163064,28.65786082809791,7.913562934845686,True,
5683,onnx_model_000,measure,28.652751187477847,28.653390178922564,28.657906675245613,4.5164963230490685,True,
5684,onnx_model_000,measure,28.661901102358033,28.662060089875013,28.669414538890123,7.354449015110731,True,
5685,onnx_model_000,measure,28.666605136902657,28.66730510024354,28.669740259181708,2.4351589381694794,True,
5686,onnx_model_000,measure,28.668069002438678,28.668594249989837,28.669784563127905,1.1903131380677223,True,
5687,onnx_model_000,measure,28.668142615457253,28.668707144912332,28.669806053861976,1.0989089496433735,True,
5688,onnx_model_000,measure,28.669173108269494,28.66948874015361,28.680101743899286,10.613003745675087,True,
5689,onnx_model_000,measure,28.68066902301101,28.6812616889365,28.685798954218626,4.537265282124281,True,
5690,onnx_model_000,measure,28.683355171735407,28.683580867946148,28.685928930994123,2.3480630479753017,True,
5691,onnx_model_000,measure,28.684183270294422,28.68488467624411,28.685974698048085,1.0900218039751053,True,
5692,onnx_model_000,measure,28.684740609320333,28.68500998383388,28.685998604167253,0.9886203333735466,True,
5693,onnx_model_000,measure,28.706513058513167,28.707242215052247,28.71564471721649,8.402502164244652,True,
5694,onnx_model_000,measure,28.709356001241748,28.709707139991224,28.71591719519347,6.210055202245712,True,
5695,onnx_model_000,measure,28.71300308480123,28.714205029886216,28.715974553953856,1.7695240676403046,True,
5696,onnx_model_000,measure,28.713676175177156,28.71440612198785,28.71601356798783,1.6074459999799728,True,
5697,onnx_model_000,measure,28.714474756126275,28.714938634075224,28.72418229514733,9.24366107210517,True,
5698,onnx_model_000,measure,28.71701004913777,28.717271227855235,28.7243535509333,7.082323078066111,True,
5699,onnx_model_000,measure,28.717358537524763,28.717687809839845,28.724412372801453,6.7245629616081715,True,
5700,onnx_model_000,measure,28.72228552398937,28.723179790191352,28.724442480131984,1.2626899406313896,True,
5701,onnx_model_000,measure,28.727033921636657,28.72768622590229,28.7392957941629,11.609568260610104,True,
5702,onnx_model_000,measure,28.73132239733879,28.732153938151896,28.73934179218486,7.187854032963514,True,
5703,onnx_model_000,measure,28.73800983663247,28.738604980986565,28.74803826212883,9.433281142264605,True,
5704,onnx_model_000,measure,28.738170314312562,28.73881525080651,28.748205881100148,9.390630293637514,True,
5705,onnx_model_000,measure,28.74490855593473,28.74557334696874,28.748262709006667,2.6893620379269123,True,
5706,onnx_model_000,measure,28.745934083477028,28.74703219998628,28.748293498065323,1.2612980790436268,True,
5707,onnx_model_000,measure,28.76577607185179,28.767537027131766,28.77863317914307,11.096152011305094,True,
5708,onnx_model_000,measure,28.77000772823555,28.771028444170952,28.778843319043517,7.8148748725652695,True,
5709,onnx_model_000,measure,28.77577345160519,28.77648886293173,28.77889781212434,2.4089491926133633,True,
5710,onnx_model_000,measure,28.790512423381443,28.79112280998379,28.802198463119566,11.07565313577652,True,
5711,onnx_model_000,measure,28.796676057911505,28.79756746115163,28.80268165189773,5.114190746098757,True,
5712,onnx_model_000,measure,28.800073335883514,28.801019922830164,28.80272633722052,1.7064143903553486,True,
5713,onnx_model_000,measure,28.80154514921774,28.802295847795904,28.81341938301921,11.123535223305225,True,
5714,onnx_model_000,measure,28.80292656299932,28.80391532694921,28.813526345882565,9.611018933355808,True,
5715,onnx_model_000,measure,28.821828538398872,28.82376750279218,28.83304248424247,9.274981450289488,True,
5716,onnx_model_000,measure,28.825499233787834,28.826216629240662,28.833235110156238,7.01848091557622,True,
5717,onnx_model_000,measure,28.830506271237827,28.831651709973812,28.83327339310199,1.6216831281781197,True,
5718,onnx_model_000,measure,28.830629974637763,28.831838835962117,28.833305444102734,1.466608140617609,True,
5719,onnx_model_000,measure,28.83332363167501,28.834538106806576,28.84562500100583,11.086894199252129,True,
5720,onnx_model_000,measure,28.836081066223553,28.83700240124017,28.84574108198285,8.738680742681026,True,
5721,onnx_model_000,measure,28.84913376157864,28.84997757524252,28.86128700291738,11.309427674859762,True,
5722,onnx_model_000,measure,28.857718789703938,28.858420873992145,28.861332518979907,2.9116449877619743,True,
5723,onnx_model_000,measure,28.860131757729995,28.86087063094601,28.871916468255222,11.045837309211493,True,
5724,onnx_model_000,measure,28.861764178101634,28.862555995117873,28.872086130082607,9.530134964734316,True,
5725,onnx_model_000,measure,28.87182972067159,28.872182332910597,28.87932589184493,7.14355893433094,True,
5726,onnx_model_000,measure,28.874540938689023,28.87562955589965,28.879510002210736,3.8804463110864162,True,
5727,onnx_model_000,measure,28.87731879570723,28.878087096847594,28.87954767420888,1.4605773612856865,True,
5728,onnx_model_000,measure,28.877671440443347,28.878253694158047,28.879578843247145,1.3251490890979767,True,
5729,onnx_model_000,measure,28.883643833375142,28.884826558176428,28.8959396420978,11.11308392137289,True,
5730,onnx_model_000,measure,28.88484188948195,28.885193625930697,28.89644403103739,11.250405106693506,True,
5731,onnx_model_000,measure,28.89072821387021,28.89163107285276,28.8964885561727,4.857483319938183,True,
5732,onnx_model_000,measure,28.8950619264465,28.89605910005048,28.907186450902373,11.127350851893425,True,
5733,onnx_model_000,measure,28.898716715242724,28.899714628234506,28.90763136697933,7.916738744825125,True,
5734,onnx_model_000,measure,28.906344997232768,28.907284738030285,28.918323420919478,11.038682889193296,True,
5735,onnx_model_000,measure,28.911331378438984,28.911873360164464,28.918434232007712,6.560871843248606,True,
5736,onnx_model_000,measure,28.937890299536967,28.938661110121757,28.946136789862067,7.475679740309715,True,
5737,onnx_model_000,measure,28.9390590263439,28.940128189045936,28.946312384214252,6.184195168316364,True,
5738,onnx_model_000,measure,28.94098476452855,28.94160481588915,28.9463725280948,4.767712205648422,True,
5739,onnx_model_000,measure,28.94459687080865,28.94506782805547,28.946404568850994,1.3367407955229282,True,
5740,onnx_model_000,measure,28.945160042661797,28.945467769168317,28.949492598883808,4.024829715490341,True,
5741,onnx_model_000,measure,28.946469563067232,28.947637062054127,28.950099944137037,2.4628820829093456,True,
5742,onnx_model_000,measure,28.94758018354357,28.948017896153033,28.950144678819925,2.1267826668918133,True,
5743,onnx_model_000,measure,28.947743933999824,28.948182528838515,28.950179134029895,1.9966051913797855,True,
5744,onnx_model_000,measure,28.949055244746653,28.949630341026932,28.960892138071358,11.261797044426203,True,
5745,onnx_model_000,measure,28.959467878982025,28.96045171096921,28.971547301858664,11.095590889453888,True,
5746,onnx_model_000,measure,28.96592836696081,28.967119836248457,28.971693379804492,4.573543556034565,True,
5747,onnx_model_000,measure,28.968270503555125,28.968557469081134,28.97173111187294,3.1736427918076515,True,
5748,onnx_model_000,measure,28.996054250980805,28.996992390137166,29.008076088037342,11.083697900176048,True,
5749,onnx_model_000,measure,29.002147969332746,29.002446266822517,29.00823822710663,5.791960284113884,True,
5750,onnx_model_000,measure,29.004561514031874,29.004896504804492,29.008275787811726,3.379283007234335,True,
5751,onnx_model_000,measure,29.01190548974509,29.012498665135354,29.023634702898562,11.13603776320815,True,
5752,onnx_model_000,measure,29.01781410481142,29.01894462807104,29.0237786071375,4.833979066461325,True,
5753,onnx_model_000,measure,29.028380247125888,29.029003078117967,29.04001821624115,11.015138123184443,True,
5754,onnx_model_000,measure,29.029669113050893,29.03044693218544,29.040062190033495,9.61525784805417,True,
5755,onnx_model_000,measure,29.031490836499962,29.031888762954623,29.04009574279189,8.206979837268591,True,
5756,onnx_model_000,measure,29.043660560825263,29.04433136479929,29.051559153944254,7.227789144963026,True,
5757,onnx_model_000,measure,29.048013107157185,29.048798186238855,29.05160698480904,2.8087985701858997,True,
5758,onnx_model_000,measure,29.0484949336885,29.048967758193612,29.05164144001901,2.673681825399399,True,
5759,onnx_model_000,measure,29.05011891421099,29.050481334794313,29.052097777836025,1.6164430417120457,True,
5760,onnx_model_000,measure,29.050923163865384,29.051733063999563,29.05685150390491,5.11843990534544,True,
5761,onnx_model_000,measure,29.054652714975052,29.05536950705573,29.056897662114352,1.5281550586223602,True,
5762,onnx_model_000,measure,29.055039906474203,29.055562012828887,29.05693195713684,1.3699443079531193,True,
5763,onnx_model_000,measure,29.055089509440528,29.055720653850585,29.057033129036427,1.312475185841322,True,
5764,onnx_model_000,measure,29.06708836829352,29.068280247971416,29.07959227124229,11.312023270875216,True,
5765,onnx_model_000,measure,29.06712862596801,29.068449649959803,29.079636886250228,11.187236290425062,True,
5766,onnx_model_000,measure,29.079246085513134,29.07972836913541,29.090060830116272,10.332460980862379,True,
5767,onnx_model_000,measure,29.08345740222046,29.08419168414548,29.090247094165534,6.055410020053387,True,
5768,onnx_model_000,measure,29.085531873179796,29.086630239151418,29.090284856036305,3.6546168848872185,True,
5769,onnx_model_000,measure,29.08885660015044,29.08908653818071,29.09031650610268,1.2299679219722748,True,
5770,onnx_model_000,measure,29.100072986721724,29.10055413702503,29.10988190723583,9.327770210802555,True,
5771,onnx_model_000,measure,29.105138619742238,29.106042088009417,29.109947892837226,3.905804827809334,True,
5772,onnx_model_000,measure,29.106787517201415,29.107479359954596,29.10998084489256,2.50148493796587,True,
5773,onnx_model_000,measure,29.10862781516284,29.108908417169005,29.11007689824328,1.1684810742735863,True,
5774,onnx_model_000,measure,29.117971705933293,29.118314857129008,29.12940313387662,11.088276747614145,True,
5775,onnx_model_000,measure,29.126963174944983,29.12879363587126,29.136990977916867,8.197342045605183,True,
5776,onnx_model_000,measure,29.127559710251244,29.128959741909057,29.1370390788652,8.07933695614338,True,
5777,onnx_model_000,measure,29.13505420719821,29.135643837042153,29.137073084246367,1.4292472042143345,True,
5778,onnx_model_000,measure,29.135468046651354,29.135833117179573,29.13716766424477,1.3345470651984215,True,
5779,onnx_model_000,measure,29.137498041460564,29.138397621922195,29.1494357441552,11.038122233003378,True,
5780,onnx_model_000,measure,29.155919438412987,29.15666858199984,29.166457570157945,9.788988158106804,True,
5781,onnx_model_000,measure,29.160214344507825,29.161121606826782,29.166552691254765,5.431084427982569,True,
5782,onnx_model_000,measure,29.16444996399733,29.165507023222744,29.166576085146517,1.0690619237720966,True,
5783,onnx_model_000,measure,29.164595067903768,29.165611091069877,29.166676355991513,1.0652649216353893,True,
5784,onnx_model_000,measure,29.16695725568165,29.167898147832602,29.17888930113986,10.991153307259083,True,
5785,onnx_model_000,measure,29.171973319810004,29.172342306002975,29.179031951818615,6.689645815640688,True,
5786,onnx_model_000,measure,29.17414864876731,29.17479136120528,29.179068971890956,4.277610685676336,True,
5787,onnx_model_000,measure,29.184386637735994,29.18528712214902,29.19357265206054,8.285529911518097,True,
5788,onnx_model_000,measure,29.185645460718202,29.186721429228783,29.194082791917026,7.361362688243389,True,
5789,onnx_model_000,measure,29.188438412380957,29.189162538852543,29.194126515183598,4.963976331055164,True,
5790,onnx_model_000,measure,29.19161176225556,29.192589522805065,29.19415765395388,1.568131148815155,True,
5791,onnx_model_000,measure,29.19301358559761,29.193669306114316,29.20483373804018,11.164431925863028,True,
5792,onnx_model_000,measure,29.19472257524161,29.19539032690227,29.204978513065726,9.588186163455248,True,
5793,onnx_model_000,measure,29.20644090793469,29.207132067065686,29.21800780016929,10.875733103603125,True,
5794,onnx_model_000,measure,29.21793600606331,29.218148888088763,29.222439784090966,4.290896002203226,True,
5795,onnx_model_000,measure,29.219256039944305,29.219584486912936,29.222620347049087,3.035860136151314,True,
5796,onnx_model_000,measure,29.219666473833037,29.219948458950967,29.222664141096175,2.7156821452081203,True,
5797,onnx_model_000,measure,29.220339746649124,29.221370360814035,29.222700168844312,1.3298080302774906,True,
5798,onnx_model_000,measure,29.22783937459263,29.228880647104234,29.23995290417224,11.072257068008184,True,
5799,onnx_model_000,measure,29.227861960034694,29.228979295119643,29.240088031161577,11.108736041933298,True,
5800,onnx_model_000,measure,29.249839801608093,29.250317555852234,29.261583040002733,11.265484150499105,True,
5801,onnx_model_000,measure,29.24993240097892,29.250481958966702,29.26172451907769,11.242560110986233,True,
5802,onnx_model_000,measure,29.25391057841998,29.255011008121073,29.26177759980783,6.766591686755419,True,
5803,onnx_model_000,measure,29.267431063335902,29.267997913993895,29.279367747250944,11.369833257049322,True,
5804,onnx_model_000,measure,29.268602823804613,29.269434084184468,29.279511218890548,10.07713470607996,True,
5805,onnx_model_000,measure,29.274331898452076,29.2748859571293,29.279549040831625,4.663083702325821,True,
5806,onnx_model_000,measure,29.282926667540032,29.28378951223567,29.290238440036774,6.4489278011024,True,
5807,onnx_model_000,measure,29.28538071844505,29.28625964699313,29.290397942997515,4.138296004384756,True,
5808,onnx_model_000,measure,29.287555757555285,29.28872418217361,29.290456654969603,1.7324727959930897,True,
5809,onnx_model_000,measure,29.28760999184129,29.288906338158995,29.29048837488517,1.5820367261767387,True,
5810,onnx_model_000,measure,29.288273136441372,29.289084397256374,29.300178475212306,11.094077955931425,True,
5811,onnx_model_000,measure,29.29645343383105,29.29672390781343,29.300291168969125,3.567261155694723,True,
5812,onnx_model_000,measure,29.300644751933824,29.30150990607217,29.312564408872277,11.054502800107002,True,
5813,onnx_model_000,measure,29.307970761631715,29.30895143095404,29.31268468685448,3.7332559004426003,True,
5814,onnx_model_000,measure,29.319492307888954,29.319903349038213,29.330844146199524,10.940797161310911,True,
5815,onnx_model_000,measure,29.322469265202002,29.323298272211105,29.33114813407883,7.849861867725849,True,
5816,onnx_model_000,measure,29.32907988876152,29.32957524387166,29.331174213904887,1.5989700332283974,True,
5817,onnx_model_000,measure,29.33003940702795,29.33091574208811,29.341813628096133,10.897886008024216,True,
5818,onnx_model_000,measure,29.34673042444215,29.347035272978246,29.351471365895122,4.436092916876078,True,
5819,onnx_model_000,measure,29.34815679220383,29.34847288625315,29.35165172908455,3.178842831403017,True,
5820,onnx_model_000,measure,29.34853801973532,29.348838581237942,29.351690071169287,2.851489931344986,True,
5821,onnx_model_000,measure,29.34915033633493,29.35026990203187,29.351720328908414,1.4504268765449524,True,
5822,onnx_model_000,measure,29.35012749178512,29.350430566817522,29.36165911098942,11.228544171899557,True,
5823,onnx_model_000,measure,29.361061532611274,29.361769040115178,29.372927180025727,11.158139910548925,True,
5824,onnx_model_000,measure,29.366961104961234,29.367212005890906,29.37303668819368,5.824682302772999,True,
5825,onnx_model_000,measure,29.38189779803215,29.383268226869404,29.394517010077834,11.248783208429813,True,
5826,onnx_model_000,measure,29.38307610991017,29.383437178097665,29.39462693920359,11.189761105924845,True,
5827,onnx_model_000,measure,29.39849102275181,29.39886528486386,29.409984199795872,11.118914932012558,True,
5828,onnx_model_000,measure,29.408763733593744,29.40938249696046,29.420856236945838,11.473739985376596,True,
5829,onnx_model_000,measure,29.411613765147354,29.412290595006198,29.420908385887742,8.617790881544352,True,
5830,onnx_model_000,measure,29.413291827882187,29.41384975798428,29.420945707242936,7.09594925865531,True,
5831,onnx_model_000,measure,29.417176324574463,29.418372846208513,29.420976776164025,2.6039299555122852,True,
5832,onnx_model_000,measure,29.418620377816595,29.41880784323439,29.429898294154555,11.090450920164585,True,
5833,onnx_model_000,measure,29.440336776506186,29.441131366882473,29.452303333207965,11.171966325491667,True,
5834,onnx_model_000,measure,29.446315364385445,29.44660214614123,29.45242230920121,5.820163059979677,True,
5835,onnx_model_000,measure,29.454717126145383,29.45565554499626,29.46677670488134,11.121159885078669,True,
5836,onnx_model_000,measure,29.458042837223083,29.459138626232743,29.466927993111312,7.789366878569126,True,
5837,onnx_model_000,measure,29.459581809258022,29.46058425400406,29.466967036947608,6.382782943546772,True,
5838,onnx_model_000,measure,29.470133408229117,29.471192638855428,29.482336782850325,11.144143994897604,True,
5839,onnx_model_000,measure,29.473476620064456,29.47464574314654,29.482508829794824,7.863086648285389,True,
5840,onnx_model_000,measure,29.47930585159121,29.480108998250216,29.48254704196006,2.438043709844351,True,
5841,onnx_model_000,measure,29.48066964701595,29.48155278293416,29.488745344802737,7.192561868578196,True,
5842,onnx_model_000,measure,29.484067900109608,29.484791649039835,29.488957257010043,4.16560797020793,True,
5843,onnx_model_000,measure,29.48574950821865,29.486244180239737,29.488998014945537,2.753834705799818,True,
5844,onnx_model_000,measure,29.4874363228696,29.48769077984616,29.48903002589941,1.3392460532486439,True,
5845,onnx_model_000,measure,29.488684030771676,29.48918201494962,29.50042338296771,11.241368018090725,True,
5846,onnx_model_000,measure,29.490113512952064,29.490688147954643,29.500575040932745,9.886892978101969,True,
5847,onnx_model_000,measure,29.4902828209864,29.490876785945147,29.500613464042544,9.736678097397089,True,
5848,onnx_model_000,measure,29.49870274605705,29.499409676063806,29.510575210209936,11.165534146130085,True,
5849,onnx_model_000,measure,29.504000374162654,29.504850819241256,29.510686461813748,5.835642572492361,True,
5850,onnx_model_000,measure,29.514791694564337,29.51593088079244,29.527084071189165,11.153190396726131,True,
5851,onnx_model_000,measure,29.521381959366227,29.522404415998608,29.527130550239235,4.726134240627289,True,
5852,onnx_model_000,measure,29.529624256633955,29.530359207186848,29.541389253921807,11.030046734958887,True,
5853,onnx_model_000,measure,29.56246414199666,29.563854216132313,29.571887196041644,8.032979909330606,True,
5854,onnx_model_000,measure,29.564928368371373,29.565569255966693,29.571957800071687,6.388544104993343,True,
5855,onnx_model_000,measure,29.567255051216105,29.56808667210862,29.57199171418324,3.9050420746207237,True,
5856,onnx_model_000,measure,29.56933203848888,29.570622100960463,29.572021291125566,1.3991901651024818,True,
5857,onnx_model_000,measure,29.58027601555829,29.58235947182402,29.590972052887082,8.612581063061953,True,
5858,onnx_model_000,measure,29.585214904682996,29.58594146091491,29.591167074162513,5.225613247603178,True,
5859,onnx_model_000,measure,29.588495897750455,29.589495106134564,29.591208823025227,1.7137168906629086,True,
5860,onnx_model_000,measure,29.589569351782927,29.58992770779878,29.59124149614945,1.3137883506715298,True,
5861,onnx_model_000,measure,29.595880128676658,29.596486856229603,29.6075780489482,11.091192718595266,True,
5862,onnx_model_000,measure,29.598613855120682,29.598947683814913,29.60776993399486,8.822250179946423,True,
5863,onnx_model_000,measure,29.603447711094958,29.604391111060977,29.60781652200967,3.4254109486937523,True,
5864,onnx_model_000,measure,29.606152437850696,29.606847419869155,29.615944032091647,9.096612222492695,True,
5865,onnx_model_000,measure,29.61196447207495,29.61307153198868,29.616143150255084,3.071618266403675,True,
5866,onnx_model_000,measure,29.612094602102886,29.61327819386497,29.616181643214077,2.903449349105358,True,
5867,onnx_model_000,measure,29.613689130016677,29.61490213079378,29.616212661843747,1.3105310499668121,True,
5868,onnx_model_000,measure,29.61675486447659,29.617444172967225,29.6284903511405,11.046178173273802,True,
5869,onnx_model_000,measure,29.633792011526378,29.634810204152018,29.64600506424904,11.194860097020864,True,
5870,onnx_model_000,measure,29.639093877182198,29.640318795107305,29.646158806048334,5.840010941028595,True,
5871,onnx_model_000,measure,29.642847177425654,29.643772068899125,29.64619545498863,2.423386089503765,True,
5872,onnx_model_000,measure,29.645939865333972,29.6463234690018,29.65145762823522,5.134159233421087,True,
5873,onnx_model_000,measure,29.648014604739647,29.64878159109503,29.651641047094017,2.8594559989869595,True,
5874,onnx_model_000,measure,29.649507955421118,29.65022295108065,29.651678678113967,1.455727033317089,True,
5875,onnx_model_000,measure,29.64996167242026,29.65038615092635,29.651708545163274,1.322394236922264,True,
5876,onnx_model_000,measure,29.676484621044263,29.6769511080347,29.688095992896706,11.14488486200571,True,
5877,onnx_model_000,measure,29.680257035902383,29.681407298892736,29.68820574088022,6.7984419874846935,True,
5878,onnx_model_000,measure,29.699254206926753,29.700506472960114,29.71166606619954,11.159593239426613,True,
5879,onnx_model_000,measure,29.701849412654624,29.7031014659442,29.711888830177486,8.787364233285189,True,
5880,onnx_model_000,measure,29.702231022122923,29.703300124034286,29.711931299883872,8.631175849586725,True,
5881,onnx_model_000,measure,29.710368053366892,29.711181765887886,29.722335738129914,11.153972242027521,True,
5882,onnx_model_000,measure,29.713480555558654,29.714166388846934,29.7224479210563,8.28153220936656,True,
5883,onnx_model_000,measure,29.724245874074892,29.724675035104156,29.735764283221215,11.08924811705947,True,
5884,onnx_model_000,measure,29.72486705517504,29.725073121022433,29.736261980142444,11.18885912001133,True,
5885,onnx_model_000,measure,29.732963853196036,29.73352600913495,29.736308617983013,2.782608848065138,True,
5886,onnx_model_000,measure,29.735094516998974,29.73586704907939,29.74684186000377,10.974810924381018,True,
5887,onnx_model_000,measure,29.740001172563634,29.74056005012244,29.747030288912356,6.4702387899160385,True,
5888,onnx_model_000,measure,29.740074570517997,29.74072803882882,29.74699071282521,6.262673996388912,True,
5889,onnx_model_000,measure,29.7538543084273,29.754253909923136,29.76351679721847,9.262887295335531,True,
5890,onnx_model_000,measure,29.75431087733848,29.754620797000825,29.764045802876353,9.425005875527859,True,
5891,onnx_model_000,measure,29.75701913996791,29.758079200983047,29.76409114897251,6.011947989463806,True,
5892,onnx_model_000,measure,29.762222151648032,29.762522457167506,29.764124291948974,1.6018347814679146,True,
5893,onnx_model_000,measure,29.763115004553644,29.76361700799316,29.77220676606521,8.589758072048426,True,
5894,onnx_model_000,measure,29.76741607601992,29.76836389116943,29.77236526692286,4.001375753432512,True,
5895,onnx_model_000,measure,29.7690555448234,29.76982065010816,29.77240453194827,2.583881840109825,True,
5896,onnx_model_000,measure,29.770847783779953,29.771264625247568,29.772497278172523,1.2326529249548912,True,
5897,onnx_model_000,measure,29.77229095916094,29.772628006991,29.783601546194404,10.97353920340538,True,
5898,onnx_model_000,measure,29.784256290255723,29.784863234031945,29.795914630871266,11.05139683932066,True,
5899,onnx_model_000,measure,29.78645141708519,29.787358175963163,29.79606064921245,8.702473249286413,True,
5900,onnx_model_000,measure,29.789477985679618,29.789812772069126,29.79609884088859,6.286068819463253,True,
5901,onnx_model_000,measure,29.796238628974642,29.7973237298429,29.808555128984153,11.23139914125204,True,
5902,onnx_model_000,measure,29.79678963676586,29.797494314145297,29.808670298196375,11.175984051078558,True,
5903,onnx_model_000,measure,29.81805326138157,29.81890221685171,29.82997568603605,11.073469184339046,True,
5904,onnx_model_000,measure,29.828324202094514,29.82936082780361,29.84062567120418,11.26484340056777,True,
5905,onnx_model_000,measure,29.83995692584736,29.840226111002266,29.8508356991224,10.609588120132685,True,
5906,onnx_model_000,measure,29.84622625806253,29.84687371691689,29.85102278413251,4.149067215621471,True,
5907,onnx_model_000,measure,29.848459751534335,29.849335737060755,29.851081845816225,1.7461087554693222,True,
5908,onnx_model_000,measure,29.848482666076656,29.849507213104516,29.851112775038928,1.6055619344115257,True,
5909,onnx_model_000,measure,29.849220136718237,29.849659021943808,29.858883777167648,9.224755223840475,True,
5910,onnx_model_000,measure,29.849679517489978,29.850187906995416,29.859490901231766,9.30299423635006,True,
5911,onnx_model_000,measure,29.8534230461906,29.854350089095533,29.85953586595133,5.1857768557965755,True,
5912,onnx_model_000,measure,29.856653579688874,29.857816707808524,29.859568698797375,1.7519909888505936,True,
5913,onnx_model_000,measure,29.858133064430646,29.858999166171998,29.870511238928884,11.512072756886482,True,
5914,onnx_model_000,measure,29.868663413200856,29.869844120927155,29.87621884793043,6.374727003276348,True,
5915,onnx_model_000,measure,29.86945579183726,29.870037739165127,29.87679229816422,6.754558999091387,True,
5916,onnx_model_000,measure,29.872414095473964,29.872740797232836,29.876842042896897,4.101245664060116,True,
5917,onnx_model_000,measure,29.8743650345728,29.87520660413429,29.876882119104266,1.6755149699747562,True,
5918,onnx_model_000,measure,29.87607643293141,29.876402377150953,29.887030278798193,10.627901647239923,True,
5919,onnx_model_000,measure,29.87990612392544,29.881124072242528,29.887205583043396,6.081510800868273,True,
5920,onnx_model_000,measure,29.883331235699025,29.88357210624963,29.887245228048414,3.6731217987835407,True,
5921,onnx_model_000,measure,29.88571747867513,29.886032993905246,29.88733452791348,1.3015340082347393,True,
5922,onnx_model_000,measure,29.887499720087924,29.888556059915572,29.89956186991185,11.005809996277094,True,
5923,onnx_model_000,measure,29.890888012838,29.892040873877704,29.899674073792994,7.633199915289879,True,
5924,onnx_model_000,measure,29.9010320378202,29.901896839030087,29.9132064669393,11.309627909213305,True,
5925,onnx_model_000,measure,29.906408348401417,29.90733848279342,29.913252213969827,5.913731176406145,True,
5926,onnx_model_000,measure,29.91239464449073,29.912789954803884,29.923730541020632,10.94058621674776,True,
5927,onnx_model_000,measure,29.937149878187142,29.937984677031636,29.94901460316032,11.029926128685474,True,
5928,onnx_model_000,measure,29.940138626036585,29.940435355063528,29.949160690885037,8.725335821509361,True,
5929,onnx_model_000,measure,29.944062258671927,29.94490852812305,29.949220994953066,4.3124668300151825,True,
5930,onnx_model_000,measure,29.956910755797875,29.957492078188807,29.968862500973046,11.370422784239054,True,
5931,onnx_model_000,measure,29.960908983883865,29.961957285180688,29.968906764872372,6.949479691684246,True,
5932,onnx_model_000,measure,29.96739338720104,29.96841948898509,29.979483771137893,11.064282152801752,True,
5933,onnx_model_000,measure,29.97180265780314,29.972134090028703,29.979599941987544,7.465851958841085,True,
5934,onnx_model_000,measure,29.979588752007697,29.979777007829398,29.990738113876432,10.961106047034264,True,
5935,onnx_model_000,measure,29.990913474028467,29.99197933310643,29.993942013941705,1.9626808352768421,True,
5936,onnx_model_000,measure,29.991121281860377,29.992144256830215,29.99413056205958,1.9863052293658257,True,
5937,onnx_model_000,measure,29.992011679204133,29.992585925851017,29.99416964687407,1.5837210230529308,True,
5938,onnx_model_000,measure,29.99244112422815,29.992772200144827,29.994200645945966,1.4284458011388779,True,
5939,onnx_model_000,measure,29.992892389215765,29.993207768071443,30.004275425802916,11.067657731473446,True,
5940,onnx_model_000,measure,29.994029733765498,29.994355509988964,30.004430130124092,10.074620135128498,True,
5941,onnx_model_000,measure,30.00177260591483,30.00282274512574,30.004467451013625,1.6447058878839016,True,
5942,onnx_model_000,measure,30.00476369420643,30.005686949007213,30.014856179244816,9.169230237603188,True,
5943,onnx_model_000,measure,30.009449928790012,30.01014261925593,30.015022695064545,4.880075808614492,True,
5944,onnx_model_000,measure,30.012969165020184,30.01358175603673,30.01508062519133,1.4988691546022892,True,
5945,onnx_model_000,measure,30.01345314298677,30.013744566123933,30.01511135417968,1.3667880557477474,True,
5946,onnx_model_000,measure,30.026898428338313,30.02728426316753,30.037901365198195,10.617102030664682,True,
5947,onnx_model_000,measure,30.030958363599247,30.031565059907734,30.037980685010552,6.415625102818012,True,
5948,onnx_model_000,measure,30.036151516317254,30.036836841143668,30.037999832071364,1.162990927696228,True,
5949,onnx_model_000,measure,30.038393959095874,30.039139348082244,30.046739073935896,7.599725853651762,True,
5950,onnx_model_000,measure,30.038812389165244,30.039223096799105,30.04680296499282,7.579868193715811,True,
5951,onnx_model_000,measure,30.039813774898168,30.040503811091185,30.0472277328372,6.723921746015549,True,
5952,onnx_model_000,measure,30.045227458191615,30.04580775415525,30.04727041395381,1.4626597985625267,True,
5953,onnx_model_000,measure,30.046420872310154,30.046911160927266,30.051075246185064,4.164085257798433,True,
5954,onnx_model_000,measure,30.04772031170797,30.04849561303854,30.051285025198013,2.789412159472704,True,
5955,onnx_model_000,measure,30.048147626634197,30.048640087246895,30.051319249905646,2.679162658751011,True,
5956,onnx_model_000,measure,30.049350437590686,30.050118307117373,30.05134695302695,1.228645909577608,True,
5957,onnx_model_000,measure,30.05107568424897,30.05142780719325,30.062505072914064,11.077265720814466,True,
5958,onnx_model_000,measure,30.056823778995817,30.05786026408896,30.06254989793524,4.689633846282959,True,
5959,onnx_model_000,measure,30.059966218255486,30.060270836111158,30.062583201099187,2.312364988029003,True,
5960,onnx_model_000,measure,30.061710779937854,30.06267360318452,30.07363480888307,10.961205698549747,True,
5961,onnx_model_000,measure,30.06255968333862,30.063126374036074,30.073680967092514,10.554593056440353,True,
5962,onnx_model_000,measure,30.069735300499982,30.07056444324553,30.07371565280482,3.151209559291601,True,
5963,onnx_model_000,measure,30.073513246787442,30.07389562483877,30.08489180682227,10.996181983500719,True,
5964,onnx_model_000,measure,30.08022851488491,30.08134731883183,30.08493637200445,3.5890531726181507,True,
5965,onnx_model_000,measure,30.084089166402517,30.08502792613581,30.095669634174556,10.64170803874731,True,
5966,onnx_model_000,measure,30.096429529363505,30.09682258591056,30.107263753190637,10.441167280077934,True,
5967,onnx_model_000,measure,30.09803689042828,30.0990682952106,30.107376787811518,8.308492600917816,True,
5968,onnx_model_000,measure,30.105455021126883,30.106312043964863,30.107417134102434,1.1050901375710964,True,
5969,onnx_model_000,measure,30.10575986847899,30.10640960885212,30.1074382038787,1.0285950265824795,True,
5970,onnx_model_000,measure,30.114239338994533,30.114591892808676,30.125269659794867,10.677766986191273,True,
5971,onnx_model_000,measure,30.11807262448614,30.118888520170003,30.125305788125843,6.417267955839634,True,
5972,onnx_model_000,measure,30.11902655994872,30.119128515943885,30.12532741902396,6.198903080075979,True,
5973,onnx_model_000,measure,30.130303418848197,30.13053177203983,30.141213667113334,10.681895073503256,True,
5974,onnx_model_000,measure,30.132352780219545,30.132875598035753,30.141256228089333,8.380630053579807,True,
5975,onnx_model_000,measure,30.152440056237534,30.153442050796002,30.15756898606196,4.126935265958309,True,
5976,onnx_model_000,measure,30.152637015344457,30.15353274391964,30.157644079066813,4.111335147172213,True,
5977,onnx_model_000,measure,30.155815368575123,30.15686000790447,30.1576742362231,0.814228318631649,True,
5978,onnx_model_000,measure,30.155977038639076,30.15695886593312,30.157716987188905,0.7581212557852268,True,
5979,onnx_model_000,measure,30.158879145584535,30.159829733893275,30.170488223899156,10.658490005880594,True,
5980,onnx_model_000,measure,30.159696801369552,30.159911578986794,30.17051802109927,10.606442112475634,True,
5981,onnx_model_000,measure,30.174516004434583,30.174657830037177,30.181071271188557,6.413441151380539,True,
5982,onnx_model_000,measure,30.175871364705213,30.176912716124207,30.181128529831767,4.215813707560301,True,
5983,onnx_model_000,measure,30.17742987658635,30.178151710890234,30.18119426490739,3.0425540171563625,True,
5984,onnx_model_000,measure,30.17982014133597,30.18039039708674,30.181212439201772,0.8220421150326729,True,
5985,onnx_model_000,measure,30.180242089463686,30.180471600964665,30.191242455039173,10.770854074507952,True,
5986,onnx_model_000,measure,30.190731280152136,30.191315793897957,30.202380216214806,11.064422316849232,True,
5987,onnx_model_000,measure,30.193268852177397,30.193701199255884,30.20243353722617,8.732337970286608,True,
5988,onnx_model_000,measure,30.20033160624306,30.20121508091688,30.202469195239246,1.2541143223643303,True,
5989,onnx_model_000,measure,30.20833094752378,30.208839173894376,30.2198572778143,11.018103919923306,True,
5990,onnx_model_000,measure,30.21712751748576,30.219394708052278,30.230516840238124,11.122132185846567,True,
5991,onnx_model_000,measure,30.221821059526437,30.222157469950616,30.230569350067526,8.411880116909742,True,
5992,onnx_model_000,measure,30.225936887795125,30.22668759105727,30.23060650099069,3.9189099334180355,True,
5993,onnx_model_000,measure,30.23268550545612,30.233833624981344,30.245231030043215,11.397405061870813,True,
5994,onnx_model_000,measure,30.243488235055608,30.24426495283842,30.24783762404695,3.5726712085306644,True,
5995,onnx_model_000,measure,30.244369473401516,30.24468511203304,30.247890093829483,3.2049817964434624,True,
5996,onnx_model_000,measure,30.24568573660842,30.246543984860182,30.24792496021837,1.3809753581881523,True,
5997,onnx_model_000,measure,30.246131882943217,30.24672760395333,30.247953976038843,1.2263720855116844,True,
5998,onnx_model_000,measure,30.250730381401144,30.251281059812754,30.26107122981921,9.790170006453991,True,
5999,onnx_model_000,measure,30.25495664845824,30.255833182949573,30.26112256711349,5.289384163916111,True,
6000,onnx_model_000,measure,30.25735294330833,30.258362701162696,30.261157744098455,2.795042935758829,True,
6001,onnx_model_000,measure,30.259413602748623,30.25992107298225,30.261187710799277,1.2666378170251846,True,
6002,onnx_model_000,measure,30.26387488516727,30.264519894961268,30.27598743280396,11.467537842690945,True,
6003,onnx_model_000,measure,30.263883528110497,30.26470294315368,30.27581621799618,11.113274842500687,True,
6004,onnx_model_000,measure,30.269669312011217,30.27024776302278,30.276044671889395,5.796908866614103,True,
6005,onnx_model_000,measure,30.27410094865396,30.274683284107596,30.276075360830873,1.3920767232775688,True,
6006,onnx_model_000,measure,30.27755169637585,30.27831550920382,30.289494608994573,11.179099790751934,True,
6007,onnx_model_000,measure,30.27842017842058,30.278687385842204,30.289538371842355,10.850986000150442,True,
6008,onnx_model_000,measure,30.286813543026557,30.287175741046667,30.28957011224702,2.394371200352907,True,
6009,onnx_model_000,measure,30.288584843056082,30.28965870011598,30.30073077697307,11.072076857089996,True,
6010,onnx_model_000,measure,30.290202960589628,30.291130328085274,30.30123890284449,10.108574759215117,True,
6011,onnx_model_000,measure,30.298362824321416,30.299556804820895,30.301282926928252,1.7261221073567867,True,
6012,onnx_model_000,measure,30.30034001656376,30.30085836024955,30.31190701201558,11.04865176603198,True,
6013,onnx_model_000,measure,30.30426797980169,30.304504440166056,30.312012291979045,7.50785181298852,True,
6014,onnx_model_000,measure,30.313339890578007,30.31417331006378,30.325087104924023,10.913794860243797,True,
6015,onnx_model_000,measure,30.32626596996783,30.32730936910957,30.338353272061795,11.043902952224016,True,
6016,onnx_model_000,measure,30.329085633493186,30.32974092103541,30.33849135506898,8.750434033572674,True,
6017,onnx_model_000,measure,30.331401478991094,30.33217955706641,30.338527713902295,6.348156835883856,True,
6018,onnx_model_000,measure,30.344545343060656,30.345842227805406,30.353200294077396,7.358066271990538,True,
6019,onnx_model_000,measure,30.34885107743252,30.34934165980667,30.353268614038825,3.9269542321562767,True,
6020,onnx_model_000,measure,30.349606726397443,30.350790404248983,30.35330282896757,2.5124247185885906,True,
6021,onnx_model_000,measure,30.351818320248697,30.352215211838484,30.353400764986873,1.1855531483888626,True,
6022,onnx_model_000,measure,30.3556222857255,30.356643348932266,30.364837965928018,8.194616995751858,True,
6023,onnx_model_000,measure,30.356272409635036,30.35682573588565,30.364997189026326,8.171453140676022,True,
6024,onnx_model_000,measure,30.358665687415016,30.359341137111187,30.36505243415013,5.7112970389425755,True,
6025,onnx_model_000,measure,30.363374124303302,30.363798710983247,30.3650826709345,1.2839599512517452,True,
6026,onnx_model_000,measure,30.378383410218763,30.379316817969084,30.390334281139076,11.01746316999197,True,
6027,onnx_model_000,measure,30.393152025692093,30.39358451915905,30.404578367248178,10.993848089128733,True,
6028,onnx_model_000,measure,30.405404039924203,30.40574607718736,30.416799758095294,11.053680907934904,True,
6029,onnx_model_000,measure,30.409528520086198,30.41015580901876,30.416860032826662,6.704223807901144,True,
6030,onnx_model_000,measure,30.42076340711901,30.42119202716276,30.427780020050704,6.587992887943983,True,
6031,onnx_model_000,measure,30.424486400033047,30.425730715040118,30.427837109193206,2.1063941530883312,True,
6032,onnx_model_000,measure,30.424974234883052,30.425934051163495,30.427874971181154,1.9409200176596642,True,
6033,onnx_model_000,measure,30.425634218812768,30.42643053503707,30.42790452716872,1.4739921316504478,True,
6034,onnx_model_000,measure,30.43600121472214,30.43831984512508,30.449567696079612,11.247850954532623,True,
6035,onnx_model_000,measure,30.439219612963473,30.439823313150555,30.449743951205164,9.920638054609299,True,
6036,onnx_model_000,measure,30.439492355741052,30.43999771401286,30.44981493614614,9.817222133278847,True,
6037,onnx_model_000,measure,30.451426079978468,30.452062266878784,30.463252387940884,11.190121062099934,True,
6038,onnx_model_000,measure,30.452395553925943,30.45353341381997,30.463365132920444,9.831719100475311,True,
6039,onnx_model_000,measure,30.476221289372372,30.47759449109435,30.488105930853635,10.511439759284258,True,
6040,onnx_model_000,measure,30.479208274650205,30.480087448842824,30.488291774876416,8.204326033592224,True,
6041,onnx_model_000,measure,30.484352667764426,30.485578006133437,30.488333113025874,2.755106892436743,True,
6042,onnx_model_000,measure,30.4866376641767,30.487025558017194,30.48836624622345,1.340688206255436,True,
6043,onnx_model_000,measure,30.48830328285081,30.48852850496769,30.50013976590708,11.611260939389467,True,
6044,onnx_model_000,measure,30.493005160670847,30.49399212980643,30.50018387986347,6.191750057041645,True,
6045,onnx_model_000,measure,30.493872494720616,30.49416821496561,30.500215720850974,6.047505885362625,True,
6046,onnx_model_000,measure,30.52634628202033,30.527523749042302,30.538793281186372,11.269532144069672,True,
6047,onnx_model_000,measure,30.531605067759013,30.53208767483011,30.538849447853863,6.761773023754358,True,
6048,onnx_model_000,measure,30.537149542262018,30.537735851015896,30.54903791518882,11.302064172923565,True,
6049,onnx_model_000,measure,30.5418199143914,30.54215436987579,30.549092257861048,6.9378879852592945,True,
6050,onnx_model_000,measure,30.541855850214468,30.5423444211483,30.54920043423772,6.856013089418411,True,
6051,onnx_model_000,measure,30.54665915301,30.547953913919628,30.559212484862655,11.258570943027735,True,
6052,onnx_model_000,measure,30.549015276089744,30.549387889914215,30.559725811239332,10.33792132511735,True,
6053,onnx_model_000,measure,30.55134466039927,30.551944109145552,30.559791665989906,7.847556844353676,True,
6054,onnx_model_000,measure,30.558980222625458,30.559317444916815,30.570532413199544,11.214968282729387,True,
6055,onnx_model_000,measure,30.568407862208954,30.57007772801444,30.57387867383659,3.800945822149515,True,
6056,onnx_model_000,measure,30.570394759824996,30.57067828020081,30.573932605795562,3.254325594753027,True,
6057,onnx_model_000,measure,30.571851928619743,30.572223336901516,30.573969375807792,1.746038906276226,True,
6058,onnx_model_000,measure,30.572360775028752,30.572636883240193,30.574079705867916,1.442822627723217,True,
6059,onnx_model_000,measure,30.573681934307423,30.574241873808205,30.585440089926124,11.198216117918491,True,
6060,onnx_model_000,measure,30.585171816685126,30.58555290522054,30.587673656176776,2.120750956237316,True,
6061,onnx_model_000,measure,30.58531508877521,30.58573533082381,30.587727467995137,1.9921371713280678,True,
6062,onnx_model_000,measure,30.585597315358903,30.586252924986184,30.58778562908992,1.5327041037380695,True,
6063,onnx_model_000,measure,30.5859212000372,30.586422758176923,30.58789228182286,1.4695236459374428,True,
6064,onnx_model_000,measure,30.59259684238899,30.593203376978636,30.60151389380917,8.310516830533743,True,
6065,onnx_model_000,measure,30.59904666378647,30.599775730166584,30.601588014978915,1.8122848123311996,True,
6066,onnx_model_000,measure,30.599572236593385,30.599969970062375,30.601625657174736,1.6556871123611927,True,
6067,onnx_model_000,measure,30.599578851148568,30.600125514902174,30.60172793082893,1.6024159267544746,True,
6068,onnx_model_000,measure,30.60443906302968,30.60506698815152,30.614808755926788,9.741767775267363,True,
6069,onnx_model_000,measure,30.604666909921562,30.605257500894368,30.614941819105297,9.684318210929632,True,
6070,onnx_model_000,measure,30.60994288583641,30.610882211942226,30.615100380033255,4.218168091028929,True,
6071,onnx_model_000,measure,30.612234621157057,30.613437930122018,30.6151378210634,1.6998909413814545,True,
6072,onnx_model_000,measure,30.61269807200414,30.613630395848304,30.622135202866048,8.504807017743587,True,
6073,onnx_model_000,measure,30.613319123073175,30.614240025170147,30.622188543900847,7.948518730700016,True,
6074,onnx_model_000,measure,30.616681760829614,30.61743752285838,30.62231240887195,4.874886013567448,True,
6075,onnx_model_000,measure,30.62068922393587,30.620988122187555,30.622350913006812,1.3627908192574978,True,
6076,onnx_model_000,measure,30.622393236530712,30.623633651062846,30.634666482917964,11.032831855118275,True,
6077,onnx_model_000,measure,30.636462566763207,30.636910007800907,30.647863307967782,10.953300166875124,True,
6078,onnx_model_000,measure,30.641399564777682,30.64237267104909,30.648037979844958,5.66530879586935,True,
6079,onnx_model_000,measure,30.642916447766893,30.643829219974577,30.648079168982804,4.249949008226395,True,
6080,onnx_model_000,measure,30.650783039281272,30.65130654303357,30.661743321921676,10.436778888106346,True,
6081,onnx_model_000,measure,30.657874783735096,30.658774458803236,30.661808074917644,3.033616114407778,True,
6082,onnx_model_000,measure,30.658966249597416,30.659143430180848,30.661945696920156,2.802266739308834,True,
6083,onnx_model_000,measure,30.66033097818175,30.66057084314525,30.661980772856623,1.4099297113716602,True,
6084,onnx_model_000,measure,30.69304898797556,30.694297103211284,30.706128982827067,11.831879615783691,True,
6085,onnx_model_000,measure,30.69385290214706,30.69448868697509,30.706182484980673,11.693798005580902,True,
6086,onnx_model_000,measure,30.69424455258148,30.69502500584349,30.706218462903053,11.193457059562206,True,
6087,onnx_model_000,measure,30.705317070275317,30.706322129815817,30.718271974939853,11.949845124036074,True,
6088,onnx_model_000,measure,30.7061803139713,30.706743421033025,30.71833678893745,11.593367904424667,True,
6089,onnx_model_000,measure,30.715596935000004,30.71729007922113,30.722306134179235,5.016054958105087,True,
6090,onnx_model_000,measure,30.71564985539287,30.717552607879043,30.7223604968749,4.807888995856047,True,
6091,onnx_model_000,measure,30.7194120722676,30.720654665026814,30.722397838253528,1.7431732267141342,True,
6092,onnx_model_000,measure,30.72028733002479,30.720875564031303,30.722502736840397,1.6271728090941906,True,
6093,onnx_model_000,measure,30.720820805357917,30.72135860286653,30.732444175053388,11.085572186857462,True,
6094,onnx_model_000,measure,30.73348166534325,30.73472250625491,30.745919439941645,11.196933686733246,True,
6095,onnx_model_000,measure,30.737464071640844,30.738258487079293,30.74607292097062,7.814433891326189,True,
6096,onnx_model_000,measure,30.743659694787024,30.744712114799768,30.746113327797502,1.4012129977345467,True,
6097,onnx_model_000,measure,30.753467217802125,30.75434385286644,30.765459992922843,11.116140056401491,True,
6098,onnx_model_000,measure,30.756175515204333,30.756883080117404,30.765613375231624,8.730295114219189,True,
6099,onnx_model_000,measure,30.761477778239165,30.762387131806463,30.765654603019357,3.2674712128937244,True,
6100,onnx_model_000,measure,30.766403074879435,30.76689705485478,30.777910369914025,11.013315059244633,True,
6101,onnx_model_000,measure,30.774503892566873,30.77535458188504,30.778042200021446,2.687618136405945,True,
6102,onnx_model_000,measure,30.780590901865885,30.781276668887585,30.792349706869572,11.073037981987,True,
6103,onnx_model_000,measure,30.78190939063327,30.7827428560704,30.792516073212028,9.773217141628265,True,
6104,onnx_model_000,measure,30.782900651275856,30.783149258233607,30.792554596904665,9.405338671058416,True,
6105,onnx_model_000,measure,30.79488214171244,30.79582320014015,30.80687254294753,11.049342807382345,True,
6106,onnx_model_000,measure,30.802572757960096,30.80328128580004,30.80699854204431,3.7172562442719936,True,
6107,onnx_model_000,measure,30.807900786771356,30.80821708915755,30.816810423042625,8.593333885073662,True,
6108,onnx_model_000,measure,30.809770966467628,30.810654821805656,30.81701342901215,6.358607206493616,True,
6109,onnx_model_000,measure,30.811662692254952,30.81211409624666,30.81705180183053,4.937705583870411,True,
6110,onnx_model_000,measure,30.815253034190775,30.815561478957534,30.81708323210478,1.5217531472444534,True,
6111,onnx_model_000,measure,30.815420102919155,30.81572906812653,30.82683125184849,11.102183721959591,True,
6112,onnx_model_000,measure,30.823180081928665,30.824322333093733,30.826958033256233,2.635700162500143,True,
6113,onnx_model_000,measure,30.83266464880012,30.833196200896055,30.844220436178148,11.024235282093287,True,
6114,onnx_model_000,measure,30.8395498362029,30.840642114169896,30.844327179249376,3.6850650794804096,True,
6115,onnx_model_000,measure,30.844532213020642,30.845545104239136,30.854826487135142,9.281382896006107,True,
6116,onnx_model_000,measure,30.848139186780305,30.84901215415448,30.855370100121945,6.357945967465639,True,
6117,onnx_model_000,measure,30.85236681713176,30.853448757901788,30.855417270213366,1.968512311577797,True,
6118,onnx_model_000,measure,30.853604277307213,30.85383050283417,30.855452335905284,1.6218330711126328,True,
6119,onnx_model_000,measure,30.854500261062814,30.854949050117284,30.86610258091241,11.153530795127153,True,
6120,onnx_model_000,measure,30.85502648938914,30.855596479959786,30.866146955173463,10.550475213676691,True,
6121,onnx_model_000,measure,30.856538936995495,30.857055523898453,30.86618070024997,9.125176351517439,True,
6122,onnx_model_000,measure,30.88551373466306,30.886494462843984,30.897691627033055,11.197164189070463,True,
6123,onnx_model_000,measure,30.889695481932335,30.890113121829927,30.897780827246606,7.667705416679382,True,
6124,onnx_model_000,measure,30.8951115495709,30.895607004873455,30.8979127779603,2.305773086845875,True,
6125,onnx_model_000,measure,30.896484290365365,30.89709771797061,30.908250198233873,11.152480263262987,True,
6126,onnx_model_000,measure,30.904381268009566,30.90514174895361,30.908367651049048,3.22590209543705,True,
6127,onnx_model_000,measure,30.905512487248355,30.906599930953234,30.90850574383512,1.905812881886959,True,
6128,onnx_model_000,measure,30.910878492353415,30.91172960214317,30.922787060029805,11.057457886636257,True,
6129,onnx_model_000,measure,30.911901454408397,30.91213059425354,30.9229674031958,10.836808942258358,True,
6130,onnx_model_000,measure,30.916396180362646,30.91756571503356,30.923005865886807,5.44015085324645,True,
6131,onnx_model_000,measure,30.92666121385345,30.927236097864807,30.938549622893333,11.313525028526783,True,
6132,onnx_model_000,measure,30.927041658356494,30.927406530827284,30.939022892154753,11.616361327469349,True,
6133,onnx_model_000,measure,30.938039978861234,30.938650084193796,30.949785992037505,11.135907843708992,True,
6134,onnx_model_000,measure,30.941135326681387,30.942254004068673,30.950289308093488,8.03530402481556,True,
6135,onnx_model_000,measure,30.948210421688582,30.94869565917179,30.950334053020924,1.6383938491344452,True,
6136,onnx_model_000,measure,30.949265888644486,30.949905599001795,30.959474969189614,9.569370187819004,True,
6137,onnx_model_000,measure,30.95272050720245,30.95356553606689,30.95963732805103,6.071791984140873,True,
6138,onnx_model_000,measure,30.955705821188687,30.956017496995628,30.959694126155227,3.6766291595995426,True,
6139,onnx_model_000,measure,30.958012396156022,30.958467504009604,30.95972582604736,1.258322037756443,True,
6140,onnx_model_000,measure,30.963534945530398,30.963977828156203,30.975206452887505,11.228624731302261,True,
6141,onnx_model_000,measure,30.96690408248035,30.96742651425302,30.97525210911408,7.825594861060381,True,
6142,onnx_model_000,measure,30.97212021893435,30.972910839132965,30.97528506210074,2.374222967773676,True,
6143,onnx_model_000,measure,30.97389822272878,30.974343282170594,30.9853922938928,11.04901172220707,True,
6144,onnx_model_000,measure,30.984116215089827,30.985497494228184,30.996540856081992,11.043361853808165,True,
6145,onnx_model_000,measure,30.991848818108544,30.992957884911448,30.996649141889066,3.6912569776177406,True,
6146,onnx_model_000,measure,31.009087005731494,31.01090588187799,31.02207353990525,11.167658027261496,True,
6147,onnx_model_000,measure,31.009377342322992,31.0110727888532,31.02225433383137,11.181544978171587,True,
6148,onnx_model_000,measure,31.019546923029594,31.02165288105607,31.032870864029974,11.217982973903418,True,
6149,onnx_model_000,measure,31.025193220749088,31.025483952835202,31.032919466961175,7.435514125972986,True,
6150,onnx_model_000,measure,31.02994189746984,31.030957066919655,31.0329544628039,1.997395884245634,True,
6151,onnx_model_000,measure,31.032811705292104,31.03312325384468,31.037403961177915,4.280707333236933,True,
6152,onnx_model_000,measure,31.033126716660536,31.033503748010844,31.037453514989465,3.949766978621483,True,
6153,onnx_model_000,measure,31.033726955012916,31.03493349486962,31.03757046815008,2.6369732804596424,True,
6154,onnx_model_000,measure,31.03608531923598,31.036380446050316,31.03760579507798,1.2253490276634693,True,
6155,onnx_model_000,measure,31.036246818625433,31.036552872974426,31.0445181238465,7.965250872075558,True,
6156,onnx_model_000,measure,31.038967060316747,31.039861702825874,31.044564452022314,4.7027491964399815,True,
6157,onnx_model_000,measure,31.039976369331622,31.040242737159133,31.044678970240057,4.436233080923557,True,
6158,onnx_model_000,measure,31.042554405626525,31.04368153400719,31.044713706243783,1.0321722365915775,True,
6159,onnx_model_000,measure,31.045594740130152,31.045909399166703,31.05686668679118,10.95728762447834,True,
6160,onnx_model_000,measure,31.056690943135166,31.057003987953067,31.06787250796333,10.868520010262728,True,
6161,onnx_model_000,measure,31.072318512586353,31.073104894254357,31.079123033210635,6.0181389562785625,True,
6162,onnx_model_000,measure,31.072889612272846,31.073273424059153,31.079307314008474,6.033889949321747,True,
6163,onnx_model_000,measure,31.07690774791021,31.077812903095037,31.079346648883075,1.533745788037777,True,
6164,onnx_model_000,measure,31.07725634163831,31.077978257089853,31.079377407208085,1.3991501182317734,True,
6165,onnx_model_000,measure,31.08625929143143,31.08661498501897,31.0918708848767,5.255899857729673,True,
6166,onnx_model_000,measure,31.08761771215209,31.088081893045455,31.09191627195105,3.834378905594349,True,
6167,onnx_model_000,measure,31.089416947000558,31.090523413848132,31.091949143912643,1.4257300645112991,True,
6168,onnx_model_000,measure,31.089770826644735,31.09068454010412,31.091978158801794,1.2936186976730824,True,
6169,onnx_model_000,measure,31.101721603757014,31.10223441524431,31.11336827883497,11.133863590657711,True,
6170,onnx_model_000,measure,31.111082688155125,31.11268479982391,31.123888046015054,11.20324619114399,True,
6171,onnx_model_000,measure,31.11145884586046,31.11288281623274,31.12406162591651,11.178809683769941,True,
6172,onnx_model_000,measure,31.1131805095263,31.113465473987162,31.12409825483337,10.632780846208334,True,
6173,onnx_model_000,measure,31.127987816714167,31.12832518015057,31.139310291036963,10.985110886394978,True,
6174,onnx_model_000,measure,31.138080695021387,31.138894931878895,31.150029366835952,11.134434957057238,True,
6175,onnx_model_000,measure,31.151974224240984,31.152336813043803,31.16202323604375,9.686422999948263,True,
6176,onnx_model_000,measure,31.157405244397346,31.15790180116892,31.16257004486397,4.668243695050478,True,
6177,onnx_model_000,measure,31.158225351693027,31.159448792226613,31.162619489245117,3.1706970185041428,True,
6178,onnx_model_000,measure,31.160184678429804,31.16091895615682,31.162655467167497,1.7365110106766224,True,
6179,onnx_model_000,measure,31.161740684363995,31.16214685095474,31.173124397173524,10.977546218782663,True,
6180,onnx_model_000,measure,31.173219371885452,31.174350969027728,31.184596254024655,10.245284996926785,True,
6181,onnx_model_000,measure,31.174318148542802,31.174737574066967,31.1851439550519,10.406380984932184,True,
6182,onnx_model_000,measure,31.174383121127118,31.174925760831684,31.185190001968294,10.264241136610508,True,
6183,onnx_model_000,measure,31.182686288042166,31.183451146818697,31.185223545879126,1.7723990604281425,True,
6184,onnx_model_000,measure,31.184043732572007,31.184714979026467,31.195814608130604,11.09962910413742,True,
6185,onnx_model_000,measure,31.19875220441126,31.19904403714463,31.207307996228337,8.26395908370614,True,
6186,onnx_model_000,measure,31.201744161818823,31.20250380411744,31.207472127862275,4.968323744833469,True,
6187,onnx_model_000,measure,31.20183821428835,31.202672224026173,31.207527001854032,4.854777827858925,True,
6188,onnx_model_000,measure,31.20546064553813,31.206212332937866,31.207557009067386,1.3446761295199394,True,
6189,onnx_model_000,measure,31.209461306094312,31.209814310073853,31.212827287148684,3.012977074831724,True,
6190,onnx_model_000,measure,31.209600188140776,31.209985164925456,31.213357244152576,3.372079227119684,True,
6191,onnx_model_000,measure,31.210452369171865,31.21151079516858,31.213402540888637,1.8917457200586796,True,
6192,onnx_model_000,measure,31.21114842449096,31.211675827857107,31.213434801902622,1.7589740455150604,True,
6193,onnx_model_000,measure,31.212366907198177,31.212925874162465,31.224077322054654,11.151447892189026,True,
6194,onnx_model_000,measure,31.214999170396748,31.21570339379832,31.22421779902652,8.514405228197575,True,
6195,onnx_model_000,measure,31.221899793887168,31.22216711100191,31.224254278000444,2.0871669985353947,True,
6196,onnx_model_000,measure,31.23157552019151,31.23248030524701,31.237967684864998,5.487379617989063,True,
6197,onnx_model_000,measure,31.233182257797313,31.233916834928095,31.238529213238508,4.6123783104121685,True,
6198,onnx_model_000,measure,31.234719203824625,31.235355529934168,31.23857692303136,3.221393097192049,True,
6199,onnx_model_000,measure,31.236489054214072,31.23692745808512,31.238610077183694,1.682619098573923,True,
6200,onnx_model_000,measure,31.237824041011756,31.238153709098697,31.249168906826526,11.015197727829218,True,
6201,onnx_model_000,measure,31.261848274744757,31.263412632979453,31.27280688006431,9.394247084856033,True,
6202,onnx_model_000,measure,31.266198269188912,31.266880074050277,31.27298744302243,6.1073689721524715,True,
6203,onnx_model_000,measure,31.27106801707098,31.271333538927138,31.273063216824085,1.7296778969466686,True,
6204,onnx_model_000,measure,31.271559657127998,31.271715635899454,31.273284777998924,1.5691420994699001,True,
6205,onnx_model_000,measure,31.277615463440664,31.27853801380843,31.289689500816166,11.15148700773716,True,
6206,onnx_model_000,measure,31.28203204919209,31.28304451983422,31.289871267043054,6.8267472088336945,True,
6207,onnx_model_000,measure,31.285823677515324,31.286521458998322,31.289929166901857,3.407707903534174,True,
6208,onnx_model_000,measure,31.287857497395397,31.28904330311343,31.30028368998319,11.240386869758368,True,
6209,onnx_model_000,measure,31.297713598366702,31.298155293799937,31.30039003212005,2.2347383201122284,True,
6210,onnx_model_000,measure,31.300878614725686,31.30160751612857,31.31262498907745,11.017472948879004,True,
6211,onnx_model_000,measure,31.30972512671567,31.310076334048063,31.312802446074784,2.726112026721239,True,
6212,onnx_model_000,measure,31.310633698965407,31.311510099098086,31.312841690145433,1.331591047346592,True,
6213,onnx_model_000,measure,31.312988154174263,31.314059445168823,31.325022243894637,10.962798725813627,True,
6214,onnx_model_000,measure,31.32944652574891,31.330245392862707,31.341212600003928,10.96720714122057,True,
6215,onnx_model_000,measure,31.345905491853554,31.34643411496654,31.35748201608658,11.04790112003684,True,
6216,onnx_model_000,measure,31.36000692446657,31.360810562968254,31.36578653100878,4.975968040525913,True,
6217,onnx_model_000,measure,31.36218259586908,31.364117980003357,31.365985970012844,1.8679900094866753,True,
6218,onnx_model_000,measure,31.36225554601361,31.364308642223477,31.366031397134066,1.7227549105882645,True,
6219,onnx_model_000,measure,31.363585308122587,31.364463386125863,31.366069299168885,1.6059130430221558,True,
6220,onnx_model_000,measure,31.36876881676375,31.369424206204712,31.380509928800166,11.085722595453262,True,
6221,onnx_model_000,measure,31.38373634064093,31.384744408074766,31.395974163897336,11.229755822569132,True,
6222,onnx_model_000,measure,31.38816158215255,31.389220116194338,31.39603254524991,6.812429055571556,True,
6223,onnx_model_000,measure,31.392415255430283,31.392660776153207,31.39607396395877,3.4131878055632114,True,
6224,onnx_model_000,measure,31.39418475232141,31.395146219991148,31.399794906843454,4.6486868523061275,True,
6225,onnx_model_000,measure,31.394356312000653,31.395315592177212,31.39996192418039,4.646332003176212,True,
6226,onnx_model_000,measure,31.396139150173703,31.39732777699828,31.40000094799325,2.673170994967222,True,
6227,onnx_model_000,measure,31.397806941966266,31.39878388494253,31.400032178033143,1.2482930906116962,True,
6228,onnx_model_000,measure,31.400828207351502,31.401284087914973,31.407792108133435,6.508020218461752,True,
6229,onnx_model_000,measure,31.402307068025852,31.40273401280865,31.407839959021658,5.105946213006973,True,
6230,onnx_model_000,measure,31.402902747109522,31.403108064085245,31.407872551120818,4.764487035572529,True,
6231,onnx_model_000,measure,31.40610792029813,31.406547693070024,31.40790255786851,1.3548647984862328,True,
6232,onnx_model_000,measure,31.406615953417198,31.40694034891203,31.417907135095447,10.966786183416843,True,
6233,onnx_model_000,measure,31.424763882673414,31.425134043209255,31.436177926138043,11.043882928788662,True,
6234,onnx_model_000,measure,31.42633413724556,31.426582485903054,31.43632305180654,9.740565903484821,True,
6235,onnx_model_000,measure,31.431750116014776,31.432033327873796,31.43636194616556,4.328618291765451,True,
6236,onnx_model_000,measure,31.43663096674477,31.437579900957644,31.448601962067187,11.022061109542847,True,
6237,onnx_model_000,measure,31.452324780432665,31.452845688909292,31.464200042188168,11.354353278875351,True,
6238,onnx_model_000,measure,31.455199824239376,31.456316526047885,31.464246289804578,7.9297637566924095,True,
6239,onnx_model_000,measure,31.46303202385909,31.46377432299778,31.471305668819696,7.531345821917057,True,
6240,onnx_model_000,measure,31.46398119957627,31.46437620697543,31.47149273380637,7.116526830941439,True,
6241,onnx_model_000,measure,31.467887486934956,31.46884247707203,31.471531718038023,2.6892409659922123,True,
6242,onnx_model_000,measure,31.46965857813189,31.47028795396909,31.471564550884068,1.2765969149768353,True,
6243,onnx_model_000,measure,31.47526161599278,31.475825530011207,31.485140277072787,9.31474706158042,True,
6244,onnx_model_000,measure,31.47546098287884,31.475996556226164,31.485305801033974,9.309244807809591,True,
6245,onnx_model_000,measure,31.478474746854904,31.479525023140013,31.485364463180304,5.839440040290356,True,
6246,onnx_model_000,measure,31.483316498349282,31.483979078941047,31.485396774020046,1.417695078998804,True,
6247,onnx_model_000,measure,31.489726136217183,31.490632166154683,31.501711095217615,11.07892906293273,True,
6248,onnx_model_000,measure,31.495245051420255,31.496101743075997,31.50188794080168,5.786197725683451,True,
6249,onnx_model_000,measure,31.499299099795294,31.499559175223112,31.501944900024682,2.385724801570177,True,
6250,onnx_model_000,measure,31.505827382198635,31.50617212522775,31.517267626244575,11.095501016825438,True,
6251,onnx_model_000,measure,31.508853885044388,31.509622504003346,31.51771615911275,8.093655109405518,True,
6252,onnx_model_000,measure,31.51704024306054,31.517368056811392,31.528407951816916,11.039895005524158,True,
6253,onnx_model_000,measure,31.51780658208349,31.518907754216343,31.528568076901138,9.660322684794664,True,
6254,onnx_model_000,measure,31.523901592459822,31.524352413136512,31.528606208972633,4.253795836120844,True,
6255,onnx_model_000,measure,31.52973387215716,31.530862798914313,31.541918593924493,11.055795010179281,True,
6256,onnx_model_000,measure,31.535796882968423,31.536311466246843,31.542062307242304,5.750840995460749,True,
6257,onnx_model_000,measure,31.538297500654714,31.53874576324597,31.542100991122425,3.3552278764545918,True,
6258,onnx_model_000,measure,31.5504019864642,31.55233109695837,31.563608053140342,11.276956181973219,True,
6259,onnx_model_000,measure,31.550690024099904,31.5524969920516,31.56376769579947,11.270703747868538,True,
6260,onnx_model_000,measure,31.557985970613245,31.559039288200438,31.563808884937316,4.769596736878157,True,
6261,onnx_model_000,measure,31.572109196389388,31.57403794908896,31.58533110609278,11.293157003819942,True,
6262,onnx_model_000,measure,31.573154092127282,31.574204524978995,31.585441975854337,11.237450875341892,True,
6263,onnx_model_000,measure,31.592483655161924,31.593678052071482,31.604761390015483,11.08333794400096,True,
6264,onnx_model_000,measure,31.60383998361707,31.60421155486256,31.615501195192337,11.289640329778194,True,
6265,onnx_model_000,measure,31.614016159627845,31.615066218189895,31.626359675079584,11.293456889688969,True,
6266,onnx_model_000,measure,31.615560183293475,31.616825111210346,31.626413708087057,9.588596876710653,True,
6267,onnx_model_000,measure,31.61575177571028,31.617019820958376,31.62645006692037,9.430245961993933,True,
6268,onnx_model_000,measure,31.62911104727563,31.629779796116054,31.63867258001119,8.892783895134926,True,
6269,onnx_model_000,measure,31.62990768095445,31.630195517092943,31.638743654824793,8.548137731850147,True,
6270,onnx_model_000,measure,31.632448675087943,31.633713534101844,31.63880758685991,5.094052758067846,True,
6271,onnx_model_000,measure,31.63652821773499,31.63731650216505,31.638913779053837,1.5972768887877464,True,
6272,onnx_model_000,measure,31.64326058026947,31.64417262515053,31.655223370995373,11.050745844841003,True,
6273,onnx_model_000,measure,31.645868148217538,31.64665926201269,31.65535844815895,8.699186146259308,True,
6274,onnx_model_000,measure,31.661746775181644,31.662657892797142,31.67047806782648,7.820175029337406,True,
6275,onnx_model_000,measure,31.66563465760199,31.66623483179137,31.67067152587697,4.436694085597992,True,
6276,onnx_model_000,measure,31.665650627208322,31.666426315903664,31.670713406056166,4.28709015250206,True,
6277,onnx_model_000,measure,31.66794372503877,31.669064842164516,31.67074583703652,1.6809948720037937,True,
6278,onnx_model_000,measure,31.668229880648685,31.66926001291722,31.674697739072144,5.437726154923439,True,
6279,onnx_model_000,measure,31.671923966810795,31.673015641979873,31.67489390214905,1.8782601691782475,True,
6280,onnx_model_000,measure,31.672514197126944,31.67319112503901,31.674946612212807,1.7554871737957,True,
6281,onnx_model_000,measure,31.673341026552606,31.673641852103174,31.674977741204202,1.3358891010284424,True,
6282,onnx_model_000,measure,31.688682897303078,31.68921713810414,31.700331956148148,11.114818044006824,True,
6283,onnx_model_000,measure,31.694134283188433,31.694670745171607,31.70050084684044,5.830101668834686,True,
6284,onnx_model_000,measure,31.698454614600372,31.699130652938038,31.700544570107013,1.4139171689748764,True,
6285,onnx_model_000,measure,31.70113372254405,31.701805336866528,31.712791610043496,10.986273176968098,True,
6286,onnx_model_000,measure,31.71752531659143,31.718053922988474,31.729138963855803,11.085040867328644,True,
6287,onnx_model_000,measure,31.724421132007244,31.72552123805508,31.72928631398827,3.7650759331882,True,
6288,onnx_model_000,measure,31.72672183113151,31.727002693805844,31.72932455688715,2.321863081306219,True,
6289,onnx_model_000,measure,31.737321217082638,31.737551745958626,31.7486699600704,11.11821411177516,True,
6290,onnx_model_000,measure,31.746111478481364,31.748091591056436,31.759181952103972,11.090361047536135,True,
6291,onnx_model_000,measure,31.752586950925902,31.752904038876295,31.75967463897541,6.770600099116564,True,
6292,onnx_model_000,measure,31.755364486429393,31.75635493779555,31.759721947833896,3.367010038346052,True,
6293,onnx_model_000,measure,31.758767594491868,31.759279928170145,31.77056643180549,11.28650363534689,True,
6294,onnx_model_000,measure,31.76316856392059,31.763951026834548,31.770613160915673,6.662134081125259,True,
6295,onnx_model_000,measure,31.76727571423033,31.768417797982693,31.770646655000746,2.2288570180535316,True,
6296,onnx_model_000,measure,31.769448220720253,31.769872021861374,31.778667161241174,8.795139379799366,True,
6297,onnx_model_000,measure,31.770828859405327,31.771892072167248,31.778711615130305,6.819542963057756,True,
6298,onnx_model_000,measure,31.773012348330756,31.773333412129432,31.778851119801402,5.517707671970129,True,
6299,onnx_model_000,measure,31.776909336736576,31.777789322193712,31.778888390865177,1.09906867146492,True,
6300,onnx_model_000,measure,31.78495527703515,31.786132912151515,31.79714465420693,11.011742055416107,True,
6301,onnx_model_000,measure,31.789904652617018,31.790581868961453,31.79728736495599,6.705495994538069,True,
6302,onnx_model_000,measure,31.79549699284416,31.796115978155285,31.797325367107987,1.2093889527022839,True,
6303,onnx_model_000,measure,31.80182537680158,31.802550919819623,31.813622386194766,11.071466375142336,True,
6304,onnx_model_000,measure,31.803276655326815,31.804010555148125,31.81381367892027,9.803123772144318,True,
6305,onnx_model_000,measure,31.80637592822265,31.80745019298047,31.813851682003587,6.401489023119211,True,
6306,onnx_model_000,measure,31.817126207151066,31.818074898794293,31.829177113249898,11.102214455604553,True,
6307,onnx_model_000,measure,31.82310263313937,31.823522423859686,31.829326706938446,5.804283078759909,True,
6308,onnx_model_000,measure,31.825800002848126,31.827020974829793,31.829365100245923,2.3441254161298275,True,
6309,onnx_model_000,measure,31.82941953369351,31.8305923929438,31.837947193998843,7.354801055043936,True,
6310,onnx_model_000,measure,31.830790421639737,31.83100531809032,31.838133768178523,7.128450088202953,True,
6311,onnx_model_000,measure,31.834384868692275,31.835447532124817,31.838178954087198,2.7314219623804092,True,
6312,onnx_model_000,measure,31.83617114726899,31.836899812798947,31.83821110520512,1.3112924061715603,True,
6313,onnx_model_000,measure,31.843908515653375,31.844485422130674,31.85549969924614,11.01427711546421,True,
6314,onnx_model_000,measure,31.844690858621792,31.844917573966086,31.85561951715499,10.701943188905716,True,
6315,onnx_model_000,measure,31.855996081887096,31.856869842857122,31.8678427208215,10.972877964377403,True,
6316,onnx_model_000,measure,31.860814896933807,31.86134434910491,31.867999479174614,6.655130069702864,True,
6317,onnx_model_000,measure,31.86771287551952,31.868098778184503,31.879125006962568,11.026228778064251,True,
6318,onnx_model_000,measure,31.872322405911593,31.872552162967622,31.879273800179362,6.721637211740017,True,
6319,onnx_model_000,measure,31.875198692320506,31.87614995194599,31.879313956014812,3.1640040688216686,True,
6320,onnx_model_000,measure,31.883130315741077,31.883540670853108,31.894570908043534,11.030237190425396,True,
6321,onnx_model_000,measure,31.884697201301975,31.88499676901847,31.89473601197824,9.73924295976758,True,
6322,onnx_model_000,measure,31.885014297891125,31.88535573100671,31.894789894111454,9.434163104742765,True,
6323,onnx_model_000,measure,31.89501490523733,31.89601606503129,31.90701612411067,11.000059079378843,True,
6324,onnx_model_000,measure,31.90031506943045,31.901473918929696,31.90714896703139,5.675048101693392,True,
6325,onnx_model_000,measure,31.91146009114489,31.912380752153695,31.921795157250017,9.414405096322298,True,
6326,onnx_model_000,measure,31.913054275972407,31.913833403028548,31.92200090782717,8.16750479862094,True,
6327,onnx_model_000,measure,31.920047055341072,31.920275067910552,31.922041355166584,1.7662872560322285,True,
6328,onnx_model_000,measure,31.920263679715642,31.920774878002703,31.922076251823455,1.3013738207519054,True,
6329,onnx_model_000,measure,31.921834208982805,31.9222241230309,31.93325769621879,11.033573187887669,True,
6330,onnx_model_000,measure,31.93507996298502,31.935487494803965,31.945861554238945,10.374059434980154,True,
6331,onnx_model_000,measure,31.935524993559095,31.93588624196127,31.94606164516881,10.175403207540512,True,
6332,onnx_model_000,measure,31.938606471874643,31.939327262807637,31.946101299952716,6.774037145078182,True,
6333,onnx_model_000,measure,31.94396893883526,31.944809474051,31.94613474421203,1.3252701610326767,True,
6334,onnx_model_000,measure,31.948449569317102,31.949374972842634,31.956685618963093,7.310646120458841,True,
6335,onnx_model_000,measure,31.951912160408792,31.952839909121394,31.956870099995285,4.030190873891115,True,
6336,onnx_model_000,measure,31.954625391650776,31.95528512680903,31.95693290885538,1.6477820463478565,True,
6337,onnx_model_000,measure,31.95519285345731,31.955638389103115,31.956965230870992,1.3268417678773403,True,
6338,onnx_model_000,measure,31.98507853645952,31.98625812307,31.997647862881422,11.38973981142044,True,
6339,onnx_model_000,measure,31.985321359144223,31.98644491797313,31.99819899117574,11.754073202610016,True,
6340,onnx_model_000,measure,31.98592083183917,31.986597797833383,31.998248383868486,11.650586035102606,True,
6341,onnx_model_000,measure,31.99748966165041,31.99783582985401,32.0088755749166,11.039745062589645,True,
6342,onnx_model_000,measure,32.004008128709366,32.00448512006551,32.008999741170555,4.51462110504508,True,
6343,onnx_model_000,measure,32.005981049541646,32.00694799097255,32.009103468153626,2.1554771810770035,True,
6344,onnx_model_000,measure,32.00734310059797,32.008428474888206,32.01953361509368,11.105140205472708,True,
6345,onnx_model_000,measure,32.01042982168087,32.01134273502976,32.019680563826114,8.337828796356916,True,
6346,onnx_model_000,measure,32.01651248748941,32.016833221074194,32.01971836620942,2.8851451352238655,True,
6347,onnx_model_000,measure,32.02673854076098,32.02794282883406,32.034289764240384,6.346935406327248,True,
6348,onnx_model_000,measure,32.02949586051544,32.03039181511849,32.034451060928404,4.059245809912682,True,
6349,onnx_model_000,measure,32.0306147616975,32.031837321817875,32.03450896125287,2.671639434993267,True,
6350,onnx_model_000,measure,32.03218082550808,32.03327157907188,32.03454012982547,1.2685507535934448,True,
6351,onnx_model_000,measure,32.035531572029264,32.03578714001924,32.04683792591095,11.050785891711712,True,
6352,onnx_model_000,measure,32.039515022873104,32.04023890290409,32.04696067981422,6.721776910126209,True,
6353,onnx_model_000,measure,32.04893669423494,32.04918396612629,32.060170179232955,10.986213106662035,True,
6354,onnx_model_000,measure,32.0623272532352,32.0634190752171,32.06977126887068,6.352193653583527,True,
6355,onnx_model_000,measure,32.06520194157474,32.0658771567978,32.069936944171786,4.0597873739898205,True,
6356,onnx_model_000,measure,32.06694189609172,32.06730988109484,32.0699993330054,2.6894519105553627,True,
6357,onnx_model_000,measure,32.06822973497407,32.06874455790967,32.07003238610923,1.2878281995654106,True,
6358,onnx_model_000,measure,32.07035802069381,32.07126698317006,32.08180062612519,10.533642955124378,True,
6359,onnx_model_000,measure,32.072039791462416,32.07271532621235,32.081976810935885,9.26148472353816,True,
6360,onnx_model_000,measure,32.07492313002327,32.0751689998433,32.08203318808228,6.864188238978386,True,
6361,onnx_model_000,measure,32.07946377140493,32.0806955951266,32.08206558879465,1.369993668049574,True,
6362,onnx_model_000,measure,32.09482126641188,32.09630810189992,32.106617709156126,10.30960725620389,True,
6363,onnx_model_000,measure,32.10080746171184,32.101779132150114,32.10721513489261,5.436002742499113,True,
6364,onnx_model_000,measure,32.101761837404325,32.10213750321418,32.10726028122008,5.122778005897999,True,
6365,onnx_model_000,measure,32.10501906855174,32.105567703954875,32.107295838184655,1.7281342297792435,True,
6366,onnx_model_000,measure,32.10611264402423,32.10676419781521,32.11784437019378,11.080172378569841,True,
6367,onnx_model_000,measure,32.10654080276311,32.107386391144246,32.11799274198711,10.606350842863321,True,
6368,onnx_model_000,measure,32.10829185772704,32.10885808803141,32.118031395133585,9.173307102173567,True,
6369,onnx_model_000,measure,32.12018071153901,32.12125486321747,32.129777062218636,8.522199001163244,True,
6370,onnx_model_000,measure,32.125380390997925,32.12571821687743,32.12982412194833,4.105905070900917,True,
6371,onnx_model_000,measure,32.12693914786231,32.12720378115773,32.1298796068877,2.6758257299661636,True,
6372,onnx_model_000,measure,32.12832005529606,32.12863526213914,32.13000059686601,1.36533472687006,True,
6373,onnx_model_000,measure,32.14450777938183,32.14522788207978,32.15631319396198,11.085311882197857,True,
6374,onnx_model_000,measure,32.158650774115536,32.15957145718858,32.16980149317533,10.230035986751318,True,
6375,onnx_model_000,measure,32.16327161826747,32.164063406176865,32.16997052403167,5.907117854803801,True,
6376,onnx_model_000,measure,32.16791173774556,32.16851412598044,32.17003069911152,1.5165731310844421,True,
6377,onnx_model_000,measure,32.16837568956996,32.16870818519965,32.17006257921457,1.3543940149247646,True,
6378,onnx_model_000,measure,32.176638344048065,32.177298474125564,32.18831936316565,11.020889040082693,True,
6379,onnx_model_000,measure,32.1867965518808,32.18776817480102,32.19880745885894,11.03928405791521,True,
6380,onnx_model_000,measure,32.18836527990973,32.189543390180916,32.19894121401012,9.397823829203844,True,
6381,onnx_model_000,measure,32.231330366399426,32.23224027082324,32.24320258805528,10.962317232042551,True,
6382,onnx_model_000,measure,32.233172915492936,32.23382821911946,32.2432745648548,9.44634573534131,True,
6383,onnx_model_000,measure,32.23416875626517,32.23537226393819,32.243311585858464,7.939321920275688,True,
6384,onnx_model_000,measure,32.24068849485731,32.24194869492203,32.24341521319002,1.4665182679891586,True,
6385,onnx_model_000,measure,32.24378610799415,32.244730181992054,32.25111848581582,6.388303823769093,True,
6386,onnx_model_000,measure,32.24432830138535,32.244953867048025,32.251309749204665,6.355882156640291,True,
6387,onnx_model_000,measure,32.24660943309153,32.247564730234444,32.2513512079604,3.7864777259528637,True,
6388,onnx_model_000,measure,32.24888288244111,32.250072626862675,32.25138254696503,1.3099201023578644,True,
6389,onnx_model_000,measure,32.251329588054425,32.251574432011694,32.26267558382824,11.101151816546917,True,
6390,onnx_model_000,measure,32.25423090392687,32.25509156798944,32.26287784893066,7.786280941218138,True,
6391,onnx_model_000,measure,32.25897420711764,32.25954055506736,32.26291699288413,3.3764378167688847,True,
6392,onnx_model_000,measure,32.26174692266811,32.262015940155834,32.273173288907856,11.15734875202179,True,
6393,onnx_model_000,measure,32.272494190331216,32.273272587917745,32.28433392383158,11.061335913836956,True,
6394,onnx_model_000,measure,32.27556948849945,32.2767257518135,32.28444591583684,7.720164023339748,True,
6395,onnx_model_000,measure,32.30272080987414,32.303744450211525,32.31497581023723,11.231360025703907,True,
6396,onnx_model_000,measure,32.30623096633127,32.30731906509027,32.315028510056436,7.7094449661672115,True,
6397,onnx_model_000,measure,32.306855972922286,32.30751047888771,32.315065409988165,7.554931100457907,True,
6398,onnx_model_000,measure,32.31460101707206,32.315168015193194,32.318404636811465,3.236621618270874,True,
6399,onnx_model_000,measure,32.31476693090044,32.31535512115806,32.31860351515934,3.248394001275301,True,
6400,onnx_model_000,measure,32.31575056447332,32.31698015006259,32.31864424282685,1.6640927642583847,True,
6401,onnx_model_000,measure,32.31702151371422,32.31738838599995,32.31867582304403,1.2874370440840721,True,
6402,onnx_model_000,measure,32.32310562449465,32.323925101198256,32.33512943889946,11.204337701201439,True,
6403,onnx_model_000,measure,32.32373700098502,32.324104812927544,32.33529626624659,11.191453319042921,True,
6404,onnx_model_000,measure,32.327192009869236,32.327637888956815,32.33535220194608,7.714312989264727,True,
6405,onnx_model_000,measure,32.332995570016486,32.33411717507988,32.33538319123909,1.2660161592066288,True,
6406,onnx_model_000,measure,32.33715940302789,32.337624091189355,32.348609142005444,10.985050816088915,True,
6407,onnx_model_000,measure,32.346807082899616,32.34812390990555,32.35918782092631,11.063911020755768,True,
6408,onnx_model_000,measure,32.35152586116183,32.35188762424514,32.359331684187055,7.444059941917658,True,
6409,onnx_model_000,measure,32.35390603111076,32.354371164925396,32.35938864201307,5.017477087676525,True,
6410,onnx_model_000,measure,32.36181523897416,32.36261018598452,32.37191261909902,9.302433114498854,True,
6411,onnx_model_000,measure,32.364188641693474,32.36509490897879,32.37207275303081,6.977844052016735,True,
6412,onnx_model_000,measure,32.36485456643911,32.36526068393141,32.372128709219396,6.868025287985802,True,
6413,onnx_model_000,measure,32.36959650426312,32.37081069406122,32.372159608174115,1.3489141128957272,True,
6414,onnx_model_000,measure,32.37232250955875,32.37339153001085,32.385002119932324,11.610589921474457,True,
6415,onnx_model_000,measure,32.37948771203842,32.37985691986978,32.38516472885385,5.307808984071016,True,
6416,onnx_model_000,measure,32.38021975827311,32.38129401113838,32.385202531237155,3.9085200987756252,True,
6417,onnx_model_000,measure,32.3829707742436,32.38374027097598,32.39520011516288,11.459844186902046,True,
6418,onnx_model_000,measure,32.39482897107997,32.39529809122905,32.4007966928184,5.4986015893518925,True,
6419,onnx_model_000,measure,32.39721133792957,32.39774727681652,32.40084508480504,3.097807988524437,True,
6420,onnx_model_000,measure,32.397669966332856,32.39812621707097,32.40087935002521,2.7531329542398453,True,
6421,onnx_model_000,measure,32.39842246955858,32.39956338889897,32.40090954815969,1.3461592607200146,True,
6422,onnx_model_000,measure,32.399703075177925,32.39994782023132,32.410962547175586,11.01472694426775,True,
6423,onnx_model_000,measure,32.40335771341031,32.40417414298281,32.41113608703017,6.961944047361612,True,
6424,onnx_model_000,measure,32.407567114136945,32.40862524416298,32.41117536183447,2.5501176714897156,True,
6425,onnx_model_000,measure,32.41098433551937,32.41130576003343,32.42231604922563,11.010289192199707,True,
6426,onnx_model_000,measure,32.4124360534647,32.4127609860152,32.42242664890364,9.66566288843751,True,
6427,onnx_model_000,measure,32.422536954017055,32.423646327108145,32.433888936880976,10.242609772831202,True,
6428,onnx_model_000,measure,32.42655733619961,32.42711006104946,32.43405130598694,6.941244937479496,True,
6429,onnx_model_000,measure,32.426817996016645,32.42727515520528,32.434110729023814,6.835573818534613,True,
6430,onnx_model_000,measure,32.43158917952735,32.432815006002784,32.43414250900969,1.3275030069053173,True,
6431,onnx_model_000,measure,32.43580277224576,32.43637879984453,32.447373940143734,10.995140299201012,True,
6432,onnx_model_000,measure,32.443341832749766,32.443843288812786,32.44748565321788,3.6423644050955772,True,
6433,onnx_model_000,measure,32.44856276210936,32.44970963988453,32.46071280585602,11.00316597148776,True,
6434,onnx_model_000,measure,32.45558194313385,32.45616947906092,32.46091073192656,4.741252865642309,True,
6435,onnx_model_000,measure,32.458330859842874,32.45860510924831,32.46095079788938,2.3456886410713196,True,
6436,onnx_model_000,measure,32.459792798929534,32.460056017152965,32.471219066064805,11.163048911839724,True,
6437,onnx_model_000,measure,32.46553013335525,32.4661991042085,32.471369050908834,5.169946700334549,True,
6438,onnx_model_000,measure,32.46806066608219,32.46864677686244,32.471408125944436,2.761349081993103,True,
6439,onnx_model_000,measure,32.47215277071122,32.472630228847265,32.47877447819337,6.1442493461072445,True,
6440,onnx_model_000,measure,32.47462481363277,32.47511391993612,32.47894921991974,3.8352999836206436,True,
6441,onnx_model_000,measure,32.476456825165975,32.47756332624704,32.478994036093354,1.430709846317768,True,
6442,onnx_model_000,measure,32.47743435784282,32.477730113081634,32.47909520799294,1.3650949113070965,True,
6443,onnx_model_000,measure,32.48120288069972,32.482321000192314,32.48841329012066,6.092289928346872,True,
6444,onnx_model_000,measure,32.48470126706402,32.485787097830325,32.48857682105154,2.7897232212126255,True,
6445,onnx_model_000,measure,32.48665847415888,32.48724673315883,32.48861401202157,1.3672788627445698,True,
6446,onnx_model_000,measure,32.48696749908783,32.48741392092779,32.48864547209814,1.231551170349121,True,
6447,onnx_model_000,measure,32.48854151939687,32.488848347216845,32.499863556120545,11.015208903700113,True,
6448,onnx_model_000,measure,32.49372677246156,32.49436230910942,32.499977753032,5.6154439225792885,True,
6449,onnx_model_000,measure,32.50065100558166,32.50120001612231,32.51214504102245,10.945024900138378,True,
6450,onnx_model_000,measure,32.50125966677043,32.50156983919442,32.5123145529069,10.744713712483644,True,
6451,onnx_model_000,measure,32.50565351690985,32.506022763904184,32.51235354784876,6.330783944576979,True,
6452,onnx_model_000,measure,32.51949305258446,32.52057737996802,32.53161057224497,11.03319227695465,True,
6453,onnx_model_000,measure,32.52880782662184,32.52906029485166,32.53173703281209,2.6767379604279995,True,
6454,onnx_model_000,measure,32.53255905687529,32.53297318285331,32.54332886682823,10.355683974921703,True,
6455,onnx_model_000,measure,32.53453702462469,32.53543119505048,32.54353616107255,8.104966022074223,True,
6456,onnx_model_000,measure,32.53497131618003,32.53559745103121,32.54349546413869,7.898013107478619,True,
6457,onnx_model_000,measure,32.541995152130866,32.542239165864885,32.5435680821538,1.3289162889122963,True,
6458,onnx_model_000,measure,32.54687827615557,32.547823902219534,32.558776662219316,10.952759999781847,True,
6459,onnx_model_000,measure,32.55734323720073,32.55828970624134,32.569279816001654,10.990109760314226,True,
6460,onnx_model_000,measure,32.573335680886686,32.57456362992525,32.58584437286481,11.280742939561605,True,
6461,onnx_model_000,measure,32.58141139536653,32.58220310183242,32.58589476905763,3.6916672252118587,True,
6462,onnx_model_000,measure,32.5925925866785,32.5931442999281,32.6042311838828,11.086883954703808,True,
6463,onnx_model_000,measure,32.59699907471674,32.597627121023834,32.604377082083374,6.74996105954051,True,
6464,onnx_model_000,measure,32.59733689295968,32.59782075881958,32.604416105896235,6.595347076654434,True,
6465,onnx_model_000,measure,32.61127221197953,32.611642823088914,32.62297885119915,11.33602811023593,True,
6466,onnx_model_000,measure,32.618552293484,32.61911058798432,32.62302473792806,3.914149943739176,True,
6467,onnx_model_000,measure,32.62163815223841,32.62254760088399,32.6289631659165,6.4155650325119495,True,
6468,onnx_model_000,measure,32.6240704032432,32.62525780312717,32.62914949981496,3.8916966877877712,True,
6469,onnx_model_000,measure,32.62483600298635,32.625425291247666,32.62918827403337,3.7629827857017517,True,
6470,onnx_model_000,measure,32.62740603376788,32.627944821026176,32.62921867193654,1.2738509103655815,True,
6471,onnx_model_000,measure,32.646150954023874,32.64646977419034,32.65769307781011,11.223303619772196,True,
6472,onnx_model_000,measure,32.64736226228781,32.64791363896802,32.65800874819979,10.095109231770039,True,
6473,onnx_model_000,measure,32.64959754718543,32.65035365708172,32.6580483331345,7.694676052778959,True,
6474,onnx_model_000,measure,32.65640255515001,32.6569109512493,32.66810490889475,11.193957645446062,True,
6475,onnx_model_000,measure,32.66161336588765,32.66226947680116,32.66826170682907,5.992230027914047,True,
6476,onnx_model_000,measure,32.66347861721606,32.66370974481106,32.66829931922257,4.589574411511421,True,
6477,onnx_model_000,measure,32.66931975078299,32.670543774962425,32.68184034898877,11.296574026346207,True,
6478,onnx_model_000,measure,32.66975794623549,32.670708037912846,32.6818862860091,11.178248096257448,True,
6479,onnx_model_000,measure,32.67964685164891,32.681252762209624,32.69246017513797,11.20741292834282,True,
6480,onnx_model_000,measure,32.686595904742994,32.687112340237945,32.692503658123314,5.391317885369062,True,
6481,onnx_model_000,measure,32.6949227218842,32.6957233780995,32.70676992600784,11.046547908335924,True,
6482,onnx_model_000,measure,32.701127774365894,32.70220444817096,32.706885556224734,4.681108053773642,True,
6483,onnx_model_000,measure,32.70819236384181,32.709108151029795,32.720156853087246,11.04870205745101,True,
6484,onnx_model_000,measure,32.71373606586703,32.71459599211812,32.72064020205289,6.044209934771061,True,
6485,onnx_model_000,measure,32.714592526856016,32.71497900085524,32.72068454604596,5.70554519072175,True,
6486,onnx_model_000,measure,32.719725629343884,32.72025408782065,32.73135691322386,11.102825403213501,True,
6487,onnx_model_000,measure,32.72254546070099,32.722911688964814,32.73152357991785,8.611890953034163,True,
6488,onnx_model_000,measure,32.724845746428,32.725354032125324,32.73156168218702,6.207650061696768,True,
6489,onnx_model_000,measure,32.73179583108453,32.73280433379114,32.743908050935715,11.103717144578695,True,
6490,onnx_model_000,measure,32.73909929430495,32.740253183059394,32.744017127901316,3.7639448419213295,True,
6491,onnx_model_000,measure,32.75105986594048,32.752266748808324,32.75864782882854,6.381080020219088,True,
6492,onnx_model_000,measure,32.75437518489576,32.754712748806924,32.75882955407724,4.116805270314217,True,
6493,onnx_model_000,measure,32.75484767523168,32.75508326292038,32.75888994894922,3.8066860288381577,True,
6494,onnx_model_000,measure,32.757117920589224,32.75751500623301,32.75892088795081,1.405881717801094,True,
6495,onnx_model_000,measure,32.77770024726739,32.77823526179418,32.789310143794864,11.074882000684738,True,
6496,onnx_model_000,measure,32.801539571867735,32.803628301247954,32.80970033304766,6.072031799703836,True,
6497,onnx_model_000,measure,32.80283797285487,32.80386053211987,32.80977107724175,5.9105451218783855,True,
6498,onnx_model_000,measure,32.804222681077164,32.80559611087665,32.80981161398813,4.215503111481667,True,
6499,onnx_model_000,measure,32.80714408436105,32.80835520615801,32.809915943071246,1.5607369132339954,True,
6500,onnx_model_000,measure,32.810307694002006,32.81117652915418,32.822320342063904,11.143812909722328,True,
6501,onnx_model_000,measure,32.81188074786362,32.812658154871315,32.82243605190888,9.777897037565708,True,
6502,onnx_model_000,measure,32.83284566919324,32.83373799500987,32.84334860322997,9.610608220100403,True,
6503,onnx_model_000,measure,32.83565798044477,32.83630942320451,32.84354387503117,7.234451826661825,True,
6504,onnx_model_000,measure,32.84065405071712,32.841888789087534,32.84358529280871,1.696503721177578,True,
6505,onnx_model_000,measure,32.84103429146808,32.84207832906395,32.843616743106395,1.538414042443037,True,
6506,onnx_model_000,measure,32.84124595363669,32.84223511721939,32.853405630216,11.17051299661398,True,
6507,onnx_model_000,measure,32.84759919044713,32.84787682117894,32.85355063620955,5.673815030604601,True,
6508,onnx_model_000,measure,32.8520684843528,32.85236159618944,32.85358816711232,1.2265709228813648,True,
6509,onnx_model_000,measure,32.85495494193277,32.855831551831216,32.86693623987958,11.104688048362732,True,
6510,onnx_model_000,measure,32.86199225229732,32.862303745001554,32.86698326980695,4.679524805396795,True,
6511,onnx_model_000,measure,32.864505467545804,32.8647690708749,32.867018416989595,2.249346114695072,True,
6512,onnx_model_000,measure,32.865507215441596,32.86623362498358,32.8696163748391,3.382749855518341,True,
6513,onnx_model_000,measure,32.86572275744097,32.86640261579305,32.8698665201664,3.4639043733477592,True,
6514,onnx_model_000,measure,32.86684748814003,32.867197195999324,32.86990885110572,2.711655106395483,True,
6515,onnx_model_000,measure,32.867683018623694,32.868644698057324,32.86994210397825,1.2974059209227562,True,
6516,onnx_model_000,measure,32.86954580751434,32.870035390835255,32.88106598891318,11.03059807792306,True,
6517,onnx_model_000,measure,32.87252051299893,32.87350644916296,32.88121313881129,7.706689648330212,True,
6518,onnx_model_000,measure,32.87310757167898,32.87367241503671,32.88125218311325,7.57976807653904,True,
6519,onnx_model_000,measure,32.892019754074916,32.89247547695413,32.90357599686831,11.10051991418004,True,
6520,onnx_model_000,measure,32.89812075930577,32.89892356423661,32.90372091298923,4.797348752617836,True,
6521,onnx_model_000,measure,32.90149226004833,32.90236490499228,32.90379833010957,1.4334251172840595,True,
6522,onnx_model_000,measure,32.9056051726308,32.906024280935526,32.917081609833986,11.057328898459673,True,
6523,onnx_model_000,measure,32.909982011014385,32.910470752976835,32.91722436109558,6.753608118742704,True,
6524,onnx_model_000,measure,32.91096987977489,32.911915679927915,32.9172625541687,5.346874240785837,True,
6525,onnx_model_000,measure,32.91537950736675,32.91635682201013,32.927482781000435,11.125958990305662,True,
6526,onnx_model_000,measure,32.92260374520675,32.92349974019453,32.92759258020669,4.092840012162924,True,
6527,onnx_model_000,measure,32.93162526036079,32.93283516494557,32.94377532089129,10.940155945718288,True,
6528,onnx_model_000,measure,32.938004397295934,32.93828446324915,32.94382491521537,5.540451966226101,True,
6529,onnx_model_000,measure,32.93894195282882,32.93972258688882,32.94385827798396,4.135691095143557,True,
6530,onnx_model_000,measure,32.94512000606129,32.94609794579446,32.95711126085371,11.013315059244633,True,
6531,onnx_model_000,measure,32.946644276406204,32.947546178940684,32.95715637598187,9.61019704118371,True,
6532,onnx_model_000,measure,32.94990259163684,32.95100356079638,32.957188767846674,6.185207050293684,True,
6533,onnx_model_000,measure,32.95654955790024,32.957280391827226,32.968298226129264,11.017834302037954,True,
6534,onnx_model_000,measure,32.95776769541707,32.95877642603591,32.968812081962824,10.035655926913023,True,
6535,onnx_model_000,measure,32.95854022624802,32.958954283967614,32.968859212007374,9.904928039759398,True,
6536,onnx_model_000,measure,32.96807147222066,32.96839874703437,32.97691499488428,8.516247849911451,True,
6537,onnx_model_000,measure,32.97248416186177,32.97309644613415,32.977488675154746,4.3922290205955505,True,
6538,onnx_model_000,measure,32.97275958927372,32.97326414519921,32.97753456281498,4.270417615771294,True,
6539,onnx_model_000,measure,32.97530315735671,32.97579896310344,32.977568566799164,1.7696036957204342,True,
6540,onnx_model_000,measure,32.9764459397621,32.97705464018509,32.98802150692791,10.966866742819548,True,
6541,onnx_model_000,measure,32.982440558109985,32.98284097900614,32.98815720481798,5.316225811839104,True,
6542,onnx_model_000,measure,32.994657225479436,32.99538369104266,33.00369572080672,8.312029764056206,True,
6543,onnx_model_000,measure,32.99907388801756,32.99984857812524,33.00391927594319,4.070697817951441,True,
6544,onnx_model_000,measure,33.0005155055005,33.00131112895906,33.00395961292088,2.6484839618206024,True,
6545,onnx_model_000,measure,33.00202876303076,33.002746807876974,33.003991493955255,1.2446860782802105,True,
6546,onnx_model_000,measure,33.017128602378364,33.01822691317648,33.029323316179216,11.096403002738953,True,
6547,onnx_model_000,measure,33.02452712868434,33.02568279579282,33.0294338259846,3.7510301917791367,True,
6548,onnx_model_000,measure,33.029987646168095,33.030653845053166,33.03703805990517,6.384214852005243,True,
6549,onnx_model_000,measure,33.03132134069639,33.03214664198458,33.0372090251185,5.062383133918047,True,
6550,onnx_model_000,measure,33.032575745479384,33.033589776139706,33.03726852918044,3.678753040730953,True,
6551,onnx_model_000,measure,33.03541012095621,33.036037888843566,33.037358690053225,1.3208012096583843,True,
6552,onnx_model_000,measure,33.03793789871014,33.03858199482784,33.04962748102844,11.045486200600863,True,
6553,onnx_model_000,measure,33.04009265520731,33.0410719178617,33.049793887883425,8.721970021724701,True,
6554,onnx_model_000,measure,33.04026219150812,33.04124561790377,33.04983581695706,8.590199053287506,True,
6555,onnx_model_000,measure,33.06239964845643,33.06407037517056,33.07530453009531,11.234154924750328,True,
6556,onnx_model_000,measure,33.063210180047975,33.06423692218959,33.0755225638859,11.285641696304083,True,
6557,onnx_model_000,measure,33.065283864631674,33.06578472396359,33.07556849112734,9.78376716375351,True,
6558,onnx_model_000,measure,33.07326652771231,33.074229375924915,33.075603757984936,1.374382060021162,True,
6559,onnx_model_000,measure,33.07892332658816,33.07989371288568,33.09095754381269,11.063830927014351,True,
6560,onnx_model_000,measure,33.08006359107784,33.080300686880946,33.09110273979604,10.802052915096283,True,
6561,onnx_model_000,measure,33.08794760811887,33.088734447956085,33.091140542179346,2.4060942232608795,True,
6562,onnx_model_000,measure,33.10005655755928,33.10136311408132,33.11241204617545,11.04893209412694,True,
6563,onnx_model_000,measure,33.10216935901874,33.102831354830414,33.11256081890315,9.729464072734118,True,
6564,onnx_model_000,measure,33.109377786546034,33.11030839709565,33.11260074516758,2.2923480719327927,True,
6565,onnx_model_000,measure,33.11907914915514,33.11986815882847,33.130873227957636,11.005069129168987,True,
6566,onnx_model_000,measure,33.135616396955676,33.136113218963146,33.1455536740832,9.440455120056868,True,
6567,onnx_model_000,measure,33.13830412917826,33.138584616128355,33.14578721811995,7.202601991593838,True,
6568,onnx_model_000,measure,33.13957419402412,33.14003860997036,33.14583358587697,5.794975906610489,True,
6569,onnx_model_000,measure,33.14406920678152,33.144483590032905,33.14587641693652,1.3928269036114216,True,
6570,onnx_model_000,measure,33.14788512935361,33.148128799162805,33.15868827095255,10.559471789747477,True,
6571,onnx_model_000,measure,33.15114586528132,33.15161082800478,33.15890035405755,7.289526052772999,True,
6572,onnx_model_000,measure,33.15496651469129,33.15615570684895,33.15894079115242,2.785084303468466,True,
6573,onnx_model_000,measure,33.15727055559458,33.157624708954245,33.15897205006331,1.3473411090672016,True,
6574,onnx_model_000,measure,33.171136977146794,33.17321018502116,33.183483383152634,10.273198131471872,True,
6575,onnx_model_000,measure,33.178454027902575,33.17967337090522,33.18365130200982,3.9779311046004295,True,
6576,onnx_model_000,measure,33.17852241609476,33.17986411321908,33.18371096486226,3.8468516431748867,True,
6577,onnx_model_000,measure,33.18187746307066,33.182390896137804,33.18374389782548,1.3530016876757145,True,
6578,onnx_model_000,measure,33.1990259453258,33.20003223000094,33.21116179600358,11.129566002637148,True,
6579,onnx_model_000,measure,33.201134698195915,33.20150607218966,33.21131369518116,9.807622991502285,True,
6580,onnx_model_000,measure,33.20363256878938,33.20395797211677,33.21135359024629,7.395618129521608,True,
6581,onnx_model_000,measure,33.21221519483337,33.21258106408641,33.223673157859594,11.092093773186207,True,
6582,onnx_model_000,measure,33.21488967883652,33.21604902623221,33.22388106305152,7.832036819308996,True,
6583,onnx_model_000,measure,33.218168164015694,33.21849367301911,33.223922302015126,5.428628996014595,True,
6584,onnx_model_000,measure,33.22385794489047,33.22407327918336,33.23520423704758,11.13095786422491,True,
6585,onnx_model_000,measure,33.226205195208706,33.2265216531232,33.23570163315162,9.179980028420687,True,
6586,onnx_model_000,measure,33.23016380094247,33.230984705965966,33.23574753990397,4.762833938002586,True,
6587,onnx_model_000,measure,33.234564054222595,33.235304558184,33.24273893004283,7.43437185883522,True,
6588,onnx_model_000,measure,33.23526697841107,33.23590461816639,33.242945292033255,7.040673866868019,True,
6589,onnx_model_000,measure,33.24099290389359,33.24134736414999,33.24298454588279,1.6371817328035831,True,
6590,onnx_model_000,measure,33.24128505590704,33.24170637689531,33.24301568605006,1.3093091547489166,True,
6591,onnx_model_000,measure,33.24554459974726,33.246254812926054,33.25731075881049,11.055945884436369,True,
6592,onnx_model_000,measure,33.252309644532815,33.25270910188556,33.257451236248016,4.742134362459183,True,
6593,onnx_model_000,measure,33.27602312304664,33.276677382178605,33.2880286090076,11.351226828992367,True,
6594,onnx_model_000,measure,33.27792937905853,33.279146554879844,33.28807366499677,8.927110116928816,True,
6595,onnx_model_000,measure,33.28650116116616,33.287588892970234,33.29823286598548,10.643973015248775,True,
6596,onnx_model_000,measure,33.29205541564936,33.29229967808351,33.298418297898024,6.118619814515114,True,
6597,onnx_model_000,measure,33.29261548357083,33.29373779101297,33.29845701204613,4.719221033155918,True,
6598,onnx_model_000,measure,33.29623767088676,33.29718733904883,33.29848789097741,1.3005519285798073,True,
6599,onnx_model_000,measure,33.304985356375475,33.30572740221396,33.316872376948595,11.144974734634161,True,
6600,onnx_model_000,measure,33.3085966330459,33.30919212801382,33.31699917791411,7.80704990029335,True,
6601,onnx_model_000,measure,33.32434444741539,33.32524419110268,33.33637930685654,11.135115753859282,True,
6602,onnx_model_000,measure,33.32878899439687,33.32979437010363,33.33653065515682,6.736285053193569,True,
6603,onnx_model_000,measure,33.33275799736485,33.333240651059896,33.33656877698377,3.328125923871994,True,
6604,onnx_model_000,measure,33.33705780714048,33.337833802215755,33.34893304016441,11.099237948656082,True,
6605,onnx_model_000,measure,33.34390297642334,33.34428029600531,33.34906357806176,4.783282056450844,True,
6606,onnx_model_000,measure,33.35504314111994,33.35528607619926,33.36616194015369,10.875863954424858,True,
6607,onnx_model_000,measure,33.3634568407598,33.3643293059431,33.366343966219574,2.0146602764725685,True,
6608,onnx_model_000,measure,33.36371325475406,33.36452325480059,33.3664016649127,1.8784101121127605,True,
6609,onnx_model_000,measure,33.36458998274007,33.36501989886165,33.36643449822441,1.4145993627607822,True,
6610,onnx_model_000,measure,33.36522634606046,33.36539395013824,33.37631478905678,10.920838918536901,True,
6611,onnx_model_000,measure,33.37459847071235,33.3764162119478,33.38748404989019,11.067837942391634,True,
6612,onnx_model_000,measure,33.38043872068971,33.380889454856515,33.38761780411005,6.728349253535271,True,
6613,onnx_model_000,measure,33.39096748060678,33.391874114982784,33.40295173181221,11.077616829425097,True,
6614,onnx_model_000,measure,33.395176781170896,33.396326107904315,33.403516536112875,7.1904282085597515,True,
6615,onnx_model_000,measure,33.401396776549134,33.40178053593263,33.40356231294572,1.781777013093233,True,
6616,onnx_model_000,measure,33.40202833969908,33.40306424582377,33.40645033214241,3.386086318641901,True,
6617,onnx_model_000,measure,33.4040045489721,33.404801418073475,33.40664373990148,1.842321828007698,True,
6618,onnx_model_000,measure,33.404729995650484,33.40517155081034,33.40669596893713,1.5244181267917156,True,
6619,onnx_model_000,measure,33.40498301461625,33.40533480187878,33.40673394082114,1.399138942360878,True,
6620,onnx_model_000,measure,33.40983275534909,33.411025790032,33.42206525383517,11.039463803172112,True,
6621,onnx_model_000,measure,33.42564529755401,33.426290987059474,33.43730793800205,11.016950942575932,True,
6622,onnx_model_000,measure,33.432226889934725,33.432734314817935,33.43745110090822,4.716786090284586,True,
6623,onnx_model_000,measure,33.433123710936634,33.434210651088506,33.43748787092045,3.277219831943512,True,
6624,onnx_model_000,measure,33.4388888085371,33.43971182825044,33.45077676093206,11.064932681620121,True,
6625,onnx_model_000,measure,33.4414066099682,33.442198294214904,33.45093243708834,8.734142873436213,True,
6626,onnx_model_000,measure,33.460391466622774,33.46115472819656,33.4721838128753,11.02908467873931,True,
6627,onnx_model_000,measure,33.47210650108515,33.47235557902604,33.47772098798305,5.365408957004547,True,
6628,onnx_model_000,measure,33.47497723465304,33.476016228087246,33.477798926178366,1.7826980911195278,True,
6629,onnx_model_000,measure,33.47544012386349,33.47630119882524,33.47792183002457,1.6206311993300915,True,
6630,onnx_model_000,measure,33.47583773475884,33.47645336901769,33.47806171607226,1.6083470545709133,True,
6631,onnx_model_000,measure,33.476229176336936,33.4770318181254,33.48901591822505,11.984100099653006,True,
6632,onnx_model_000,measure,33.47629639820481,33.477201781235635,33.48907130397856,11.869522742927074,True,
6633,onnx_model_000,measure,33.486336811997546,33.48830867419019,33.49261139286682,4.302718676626682,True,
6634,onnx_model_000,measure,33.48691787174679,33.488481011241674,33.492783149238676,4.3021379970014095,True,
6635,onnx_model_000,measure,33.49055411053321,33.49130867701024,33.49282550998032,1.5168329700827599,True,
6636,onnx_model_000,measure,33.49134955698139,33.491676915902644,33.49291726388037,1.2403479777276516,True,
6637,onnx_model_000,measure,33.499019571822174,33.50014262786135,33.506394071970135,6.251444108784199,True,
6638,onnx_model_000,measure,33.5027805875084,33.50360231520608,33.50655315397307,2.950838766992092,True,
6639,onnx_model_000,measure,33.502938445267034,33.50378767680377,33.506590174045414,2.8024972416460514,True,
6640,onnx_model_000,measure,33.50427066305828,33.505321773234755,33.506641251035035,1.3194778002798557,True,
6641,onnx_model_000,measure,33.51053463894234,33.51088941702619,33.52183717722073,10.947760194540024,True,
6642,onnx_model_000,measure,33.52030213270401,33.52134532202035,33.53228426491842,10.938942898064852,True,
6643,onnx_model_000,measure,33.52504236246282,33.52607196709141,33.53244782611728,6.375859025865793,True,
6644,onnx_model_000,measure,33.528237294078835,33.528535079211,33.53248383523896,3.9487560279667377,True,
6645,onnx_model_000,measure,33.53833865325834,33.53871838608757,33.54968780698255,10.96942089498043,True,
6646,onnx_model_000,measure,33.54246069398419,33.54322940018028,33.54985484480858,6.625444628298283,True,
6647,onnx_model_000,measure,33.54588669623291,33.54668013006449,33.549893618095666,3.213488031178713,True,
6648,onnx_model_000,measure,33.55113348355799,33.55212131282315,33.563008517958224,10.887205135077238,True,
6649,onnx_model_000,measure,33.56215740163595,33.56257167784497,33.57125964201987,8.687964174896479,True,
6650,onnx_model_000,measure,33.56543309564772,33.56623527221382,33.57144642714411,5.21115493029356,True,
6651,onnx_model_000,measure,33.568145537364394,33.568685830105096,33.57148754503578,2.8017149306833744,True,
6652,onnx_model_000,measure,33.5694760157202,33.570176002103835,33.57151940604672,1.3434039428830147,True,
6653,onnx_model_000,measure,33.57417053286045,33.57477386202663,33.58207004098222,7.2961789555847645,True,
6654,onnx_model_000,measure,33.57483564164574,33.57515441579744,33.58225621515885,7.101799361407757,True,
6655,onnx_model_000,measure,33.576008008674265,33.5765917878598,33.582294919062406,5.703131202608347,True,
6656,onnx_model_000,measure,33.580081820840824,33.58107930794358,33.58232501614839,1.245708204805851,True,
6657,onnx_model_000,measure,33.58609124140698,33.586561067961156,33.59753327490762,10.972206946462393,True,
6658,onnx_model_000,measure,33.60155117965942,33.60180102707818,33.612859989050776,11.058961972594261,True,
6659,onnx_model_000,measure,33.60282045277375,33.603265821002424,33.61301846988499,9.752648882567883,True,
6660,onnx_model_000,measure,33.60929724337576,33.6097038788721,33.6130788451992,3.374966327100992,True,
6661,onnx_model_000,measure,33.611229038203476,33.61218595691025,33.62327174004167,11.085783131420612,True,
6662,onnx_model_000,measure,33.626961496810345,33.62751937424764,33.63341189501807,5.892520770430565,True,
6663,onnx_model_000,measure,33.630896162228645,33.63199427025393,33.63356332294643,1.569052692502737,True,
6664,onnx_model_000,measure,33.63092939219111,33.63215957488865,33.63360065408051,1.4410791918635368,True,
6665,onnx_model_000,measure,33.631553812327525,33.63230535201728,33.63368606613949,1.3807141222059727,True,
6666,onnx_model_000,measure,33.63410504168148,33.6349096018821,33.6458806861192,10.971084237098694,True,
6667,onnx_model_000,measure,33.63804318285141,33.63837826484814,33.646400544792414,8.02227994427085,True,
6668,onnx_model_000,measure,33.640491274161484,33.64085465297103,33.64644777402282,5.59312105178833,True,
6669,onnx_model_000,measure,33.6457472950818,33.646045349072665,33.65709159709513,11.046248022466898,True,
6670,onnx_model_000,measure,33.646178781444505,33.64659431297332,33.65751031320542,10.916000232100487,True,
6671,onnx_model_000,measure,33.65685055385209,33.657192529179156,33.668140729889274,10.948200710117817,True,
6672,onnx_model_000,measure,33.65814534590017,33.65879402309656,33.668303239159286,9.50921606272459,True,
6673,onnx_model_000,measure,33.65857320225119,33.65896519785747,33.668342392891645,9.377195034176111,True,
6674,onnx_model_000,measure,33.67660370801859,33.678568340837955,33.689600352197886,11.032011359930038,True,
6675,onnx_model_000,measure,33.679108326213544,33.680029158014804,33.68971062125638,9.681463241577148,True,
6676,onnx_model_000,measure,33.693603775633626,33.69393733609468,33.704938667826355,11.001331731677055,True,
6677,onnx_model_000,measure,33.69988603650111,33.70042511820793,33.70507184090093,4.6467226929962635,True,
6678,onnx_model_000,measure,33.707592998372796,33.70837495988235,33.719380480237305,11.005520354956388,True,
6679,onnx_model_000,measure,33.71161039642614,33.7119356081821,33.71943424222991,7.498634047806263,True,
6680,onnx_model_000,measure,33.727721409981065,33.7297303029336,33.74066256405786,10.932261124253273,True,
6681,onnx_model_000,measure,33.7455022217667,33.74596871994436,33.756948560941964,10.979840997606516,True,
6682,onnx_model_000,measure,33.76304174655085,33.76426327601075,33.77348952321336,9.226247202605009,True,
6683,onnx_model_000,measure,33.76443777170831,33.76467549894005,33.7735870690085,8.911570068448782,True,
6684,onnx_model_000,measure,33.76652799985762,33.76721173990518,33.77361203590408,6.400295998901129,True,
6685,onnx_model_000,measure,33.771751608139866,33.772684963885695,33.77374670188874,1.0617380030453205,True,
6686,onnx_model_000,measure,33.7746527217397,33.7749407319352,33.785785094834864,10.844362899661064,True,
6687,onnx_model_000,measure,33.77496976091598,33.77517922502011,33.78581780800596,10.638582985848188,True,
6688,onnx_model_000,measure,33.78202796347519,33.78250619303435,33.78585078008473,3.3445870503783226,True,
6689,onnx_model_000,measure,33.786296466928114,33.78705526003614,33.79786956589669,10.814305860549212,True,
6690,onnx_model_000,measure,33.80198522400293,33.80317241605371,33.814198745880276,11.026329826563597,True,
6691,onnx_model_000,measure,33.80329069686655,33.80357735604048,33.814251066185534,10.673710145056248,True,
6692,onnx_model_000,measure,33.81117375136552,33.81200723024085,33.81428689416498,2.279663924127817,True,
6693,onnx_model_000,measure,33.81651854619412,33.81759352888912,33.82583705894649,8.243530057370663,True,
6694,onnx_model_000,measure,33.819853789205084,33.82014416716993,33.82586828805506,5.724120885133743,True,
6695,onnx_model_000,measure,33.82140134510104,33.82267251284793,33.82590207224712,3.229559399187565,True,
6696,onnx_model_000,measure,33.82407436216455,33.825090469792485,33.825962086208165,0.8716164156794548,True,
6697,onnx_model_000,measure,33.8259509295114,33.826067295856774,33.83684413181618,10.776835959404707,True,
6698,onnx_model_000,measure,33.828114516757275,33.828411181923,33.83687532087788,8.464138954877853,True,
6699,onnx_model_000,measure,33.833085679652214,33.83376364596188,33.836945173796266,3.1815278343856335,True,
6700,onnx_model_000,measure,33.84162916785412,33.84222968900576,33.853201454970986,10.971765965223312,True,
6701,onnx_model_000,measure,33.854052602845904,33.854495213832706,33.86555022792891,11.055014096200466,True,
6702,onnx_model_000,measure,33.86576173363676,33.86687958519906,33.87789233913645,11.012753937393427,True,
6703,onnx_model_000,measure,33.869528584266234,33.87040982488543,33.877949005924165,7.539181038737297,True,
6704,onnx_model_000,measure,33.87524728639907,33.875945799052715,33.87802236620337,2.0765671506524086,True,
6705,onnx_model_000,measure,33.8781623178887,33.879214372020215,33.890369897242635,11.155525222420692,True,
6706,onnx_model_000,measure,33.88297265125267,33.88363644713536,33.89042213605717,6.7856889218091965,True,
6707,onnx_model_000,measure,33.89250564919963,33.89365838794038,33.90469555789605,11.037169955670834,True,
6708,onnx_model_000,measure,33.89407870453006,33.89511682000011,33.90473119588569,9.61437588557601,True,
6709,onnx_model_000,measure,33.901936832169525,33.90245678182691,33.904801508877426,2.344727050513029,True,
6710,onnx_model_000,measure,33.909081820763866,33.909970194101334,33.92077742703259,10.807232931256294,True,
6711,onnx_model_000,measure,33.91561135934936,33.91623153584078,33.9208549852483,4.62344940751791,True,
6712,onnx_model_000,measure,33.9167696426326,33.91747800586745,33.92088636383414,3.4083579666912556,True,
6713,onnx_model_000,measure,33.92799297969516,33.929024203214794,33.933896866161376,4.8726629465818405,True,
6714,onnx_model_000,measure,33.92987775107089,33.93028180394322,33.934403848834336,4.122044891119003,True,
6715,onnx_model_000,measure,33.93029307840792,33.930455463938415,33.93444960610941,3.994142170995474,True,
6716,onnx_model_000,measure,33.93156455640255,33.932737111113966,33.934483700897545,1.746589783579111,True,
6717,onnx_model_000,measure,33.93217437745343,33.93289435002953,33.94104188680649,8.147536776959896,True,
6718,onnx_model_000,measure,33.93357827773726,33.93399684596807,33.94111024681479,7.113400846719742,True,
6719,onnx_model_000,measure,33.93743973180062,33.93772371998057,33.94119769381359,3.473973833024502,True,
6720,onnx_model_000,measure,33.939373043537216,33.94017144292593,33.94122037710622,1.048934180289507,True,
6721,onnx_model_000,measure,33.942115183646415,33.94242878397927,33.95334714790806,10.91836392879486,True,
6722,onnx_model_000,measure,33.94519159893134,33.945938624907285,33.95338721387088,7.448588963598013,True,
6723,onnx_model_000,measure,33.968031196014465,33.96858618501574,33.97943690093234,10.850715916603804,True,
6724,onnx_model_000,measure,33.974958781619556,33.97593115689233,33.979520169086754,3.5890121944248676,True,
6725,onnx_model_000,measure,33.9830458190432,33.98372105509043,33.99338992405683,9.668868966400623,True,
6726,onnx_model_000,measure,33.99153446368869,33.99211954884231,33.993491847999394,1.3722991570830345,True,
6727,onnx_model_000,measure,33.99214881319001,33.992358663119376,33.993517465889454,1.1588027700781822,True,
6728,onnx_model_000,measure,33.99243939026786,33.99258107598871,33.99384596105665,1.2648850679397583,True,
6729,onnx_model_000,measure,33.99336141536003,33.993607577867806,34.00444023916498,10.832661297172308,True,
6730,onnx_model_000,measure,33.99536241878834,33.99604607280344,34.004535228945315,8.489156141877174,True,
6731,onnx_model_000,measure,34.007522779205104,34.00785383814946,34.01894137309864,11.087534949183464,True,
6732,onnx_model_000,measure,34.013195880368556,34.01440022094175,34.01899328222498,4.5930612832307816,True,
6733,onnx_model_000,measure,34.01868249493742,34.01914023095742,34.0301225068979,10.982275940477848,True,
6734,onnx_model_000,measure,34.02146868762243,34.02266934979707,34.03017552802339,7.506178226321936,True,
6735,onnx_model_000,measure,34.03963387708467,34.04048218019307,34.05159039516002,11.1082149669528,True,
6736,onnx_model_000,measure,34.05198398455812,34.052919992245734,34.06276622787118,9.846235625445843,True,
6737,onnx_model_000,measure,34.05413377185435,34.05448020808399,34.06282278615981,8.342578075826168,True,
6738,onnx_model_000,measure,34.05735754595363,34.05806005280465,34.06296418514103,4.9041323363780975,True,
6739,onnx_model_000,measure,34.06085184315021,34.061641479842365,34.063008999917656,1.3675200752913952,True,
6740,onnx_model_000,measure,34.06385469230481,34.06444331584498,34.06758536910638,3.142053261399269,True,
6741,onnx_model_000,measure,34.06400501410805,34.06463781604543,34.06763637624681,2.9985602013766766,True,
6742,onnx_model_000,measure,34.06519240135112,34.06626858608797,34.06774677615613,1.4781900681555271,True,
6743,onnx_model_000,measure,34.06602587144963,34.06644489103928,34.06786824716255,1.4233561232686043,True,
6744,onnx_model_000,measure,34.08887066138894,34.089210805948824,34.093622150830925,4.4113448821008205,True,
6745,onnx_model_000,measure,34.09021847769652,34.09080760087818,34.09383885283023,3.0312519520521164,True,
6746,onnx_model_000,measure,34.090535945906666,34.09100083913654,34.093881223816425,2.8803846798837185,True,
6747,onnx_model_000,measure,34.09219989199356,34.09254836989567,34.0939123230055,1.363953109830618,True,
6748,onnx_model_000,measure,34.09608937867975,34.097156540025026,34.10818819887936,11.031658854335546,True,
6749,onnx_model_000,measure,34.106136479201666,34.10762161202729,34.118772719055414,11.151107028126717,True,
6750,onnx_model_000,measure,34.10836111841522,34.10941498121247,34.11889456119388,9.479579981416464,True,
6751,onnx_model_000,measure,34.128439626165665,34.12912181112915,34.13850771309808,9.385901968926191,True,
6752,onnx_model_000,measure,34.13527901162391,34.13564488105476,34.1386842681095,3.0393870547413826,True,
6753,onnx_model_000,measure,34.13547608774961,34.13586413813755,34.13873910298571,2.8749648481607437,True,
6754,onnx_model_000,measure,34.13622399869567,34.137408453039825,34.138787805102766,1.3793520629405975,True,
6755,onnx_model_000,measure,34.14194169256375,34.14303720323369,34.15445326315239,11.416059918701649,True,
6756,onnx_model_000,measure,34.14919050864066,34.14954591495916,34.15449980087578,4.953885916620493,True,
6757,onnx_model_000,measure,34.15301976693762,34.15400422923267,34.16505332197994,11.049092747271061,True,
6758,onnx_model_000,measure,34.16702186503292,34.16727961413562,34.173664670903236,6.385056767612696,True,
6759,onnx_model_000,measure,34.167922055281124,34.16872884891927,34.1738459658809,5.117116961628199,True,
6760,onnx_model_000,measure,34.16889913466435,34.16910498403013,34.17390496795997,4.7999839298427105,True,
6761,onnx_model_000,measure,34.171330592800075,34.17253809981048,34.173935846891254,1.3977470807731152,True,
6762,onnx_model_000,measure,34.17444334858522,34.1751825469546,34.1863035261631,11.120979208499193,True,
6763,onnx_model_000,measure,34.180838246765894,34.181678644847125,34.18643096787855,4.752323031425476,True,
6764,onnx_model_000,measure,34.19379848791668,34.19465517112985,34.205783585086465,11.128413956612349,True,
6765,onnx_model_000,measure,34.197675206286206,34.19813573686406,34.205934771802276,7.799034938216209,True,
6766,onnx_model_000,measure,34.19972393301821,34.20057151699439,34.205971512012184,5.399995017796755,True,
6767,onnx_model_000,measure,34.21586587305069,34.216201398056,34.227273313794285,11.071915738284588,True,
6768,onnx_model_000,measure,34.22606371084393,34.2267136098817,34.23446372197941,7.750112097710371,True,
6769,onnx_model_000,measure,34.23066768527383,34.23151629883796,34.23502740310505,3.511104267090559,True,
6770,onnx_model_000,measure,34.231481173597246,34.23190932581201,34.235076686833054,3.16736102104187,True,
6771,onnx_model_000,measure,34.232955718596344,34.233358301222324,34.23511342704296,1.7551258206367493,True,
6772,onnx_model_000,measure,34.234102157735556,34.234566177241504,34.2457782891579,11.212111916393042,True,
6773,onnx_model_000,measure,34.23689949932251,34.237360107246786,34.2459294158034,8.569308556616306,True,
6774,onnx_model_000,measure,34.24239692921078,34.24283216893673,34.245968219824135,3.1360508874058723,True,
6775,onnx_model_000,measure,34.2569110631021,34.25719571206719,34.26654419209808,9.34848003089428,True,
6776,onnx_model_000,measure,34.2600709989333,34.260646221227944,34.26673245988786,6.086238659918308,True,
6777,onnx_model_000,measure,34.264611253603995,34.265103394165635,34.26679282495752,1.6894307918846607,True,
6778,onnx_model_000,measure,34.26518222333851,34.26545868907124,34.26682707015425,1.3683810830116272,True,
6779,onnx_model_000,measure,34.2673704709836,34.268061206210405,34.27913375291973,11.07254670932889,True,
6780,onnx_model_000,measure,34.269421283580606,34.2705127960071,34.27926514297724,8.752346970140934,True,
6781,onnx_model_000,measure,34.29245996800215,34.29348904080689,34.30467005399987,11.181013192981482,True,
6782,onnx_model_000,measure,34.29495153062394,34.29593467991799,34.30522943800315,9.294758085161448,True,
6783,onnx_model_000,measure,34.29677030748311,34.29736830480397,34.30527482414618,7.906519342213869,True,
6784,onnx_model_000,measure,34.30280979945328,34.303842200897634,34.31538547296077,11.5432720631361,True,
6785,onnx_model_000,measure,34.304411330342695,34.30482066096738,34.315439925994724,10.619265027344227,True,
6786,onnx_model_000,measure,34.30798822929434,34.30850155791268,34.31547980196774,6.978244055062532,True,
6787,onnx_model_000,measure,34.31387446314548,34.31495139794424,34.326216300949454,11.264903005212545,True,
6788,onnx_model_000,measure,34.32176902677114,34.32272267015651,34.32667906116694,3.9563910104334354,True,
6789,onnx_model_000,measure,34.32539813809601,34.326330206822604,34.337412293069065,11.082086246460676,True,
6790,onnx_model_000,measure,34.33211199182794,34.33292421186343,34.33757322886959,4.649017006158829,True,
6791,onnx_model_000,measure,34.33369492466326,34.33436673413962,34.33761115092784,3.2444167882204056,True,
6792,onnx_model_000,measure,34.33902043920715,34.339852320961654,34.3509141379036,11.061816941946745,True,
6793,onnx_model_000,measure,34.35333585582437,34.35414189379662,34.36531996214762,11.178068351000547,True,
6794,onnx_model_000,measure,34.354575253837716,34.355620404239744,34.365467451978475,9.847047738730907,True,
6795,onnx_model_000,measure,34.35543420131623,34.355819161981344,34.36550553422421,9.686372242867947,True,
6796,onnx_model_000,measure,34.369389040407626,34.36973128700629,34.38093150686473,11.200219858437777,True,
6797,onnx_model_000,measure,34.37264523553615,34.373198808170855,34.38107539014891,7.8765819780528545,True,
6798,onnx_model_000,measure,34.37870521801485,34.379668255802244,34.38111257087439,1.4443150721490383,True,
6799,onnx_model_000,measure,34.38566629449269,34.386333534959704,34.394738411996514,8.404877036809921,True,
6800,onnx_model_000,measure,34.38816003156079,34.38879742892459,34.39492386393249,6.1264350079,True,
6801,onnx_model_000,measure,34.39185899779037,34.39223511284217,34.39498191513121,2.7468022890388966,True,
6802,onnx_model_000,measure,34.39324576264068,34.39366852818057,34.39501260314137,1.3440749607980251,True,
6803,onnx_model_000,measure,34.39372373785831,34.39403457380831,34.403322889935225,9.288316126912832,True,
6804,onnx_model_000,measure,34.396088632441625,34.3972502569668,34.40348970703781,6.239450071007013,True,
6805,onnx_model_000,measure,34.40068511377925,34.40174318710342,34.40354964090511,1.8064538016915321,True,
6806,onnx_model_000,measure,34.40119532619048,34.40194207523018,34.40363663621247,1.69456098228693,True,
6807,onnx_model_000,measure,34.40146405776764,34.402090136893094,34.41337734181434,11.287204921245575,True,
6808,onnx_model_000,measure,34.407329270263155,34.40790208382532,34.41348926490173,5.587181076407433,True,
6809,onnx_model_000,measure,34.41594728442709,34.41677726479247,34.428015537094325,11.238272301852703,True,
6810,onnx_model_000,measure,34.416195032433805,34.416956815868616,34.42817307682708,11.216260958462954,True,
6811,onnx_model_000,measure,34.4219792308606,34.42247830191627,34.428211418911815,5.7331169955432415,True,
6812,onnx_model_000,measure,34.45447508931418,34.455435909796506,34.46387608302757,8.440173231065273,True,
6813,onnx_model_000,measure,34.45624624866739,34.45689059514552,34.464063989929855,7.173394784331322,True,
6814,onnx_model_000,measure,34.46052540576753,34.4613581369631,34.46410097088665,2.74283392354846,True,
6815,onnx_model_000,measure,34.461744850170376,34.462804074864835,34.46413181908429,1.3277442194521427,True,
6816,onnx_model_000,measure,34.46520417689044,34.46638471214101,34.47799638379365,11.611671652644873,True,
6817,onnx_model_000,measure,34.474819978251794,34.47684839181602,34.4861871432513,9.338751435279846,True,
6818,onnx_model_000,measure,34.482436291770746,34.483222077135,34.4863488310948,3.1267539598047733,True,
6819,onnx_model_000,measure,34.48362659952837,34.48468037880957,34.486386272124946,1.7058933153748512,True,
6820,onnx_model_000,measure,34.48459515938884,34.48511521611363,34.48643768997863,1.3224738650023937,True,
6821,onnx_model_000,measure,34.487490695922354,34.488669661805034,34.49641045695171,7.740795146673918,True,
6822,onnx_model_000,measure,34.48967789026929,34.49017288023606,34.49659584881738,6.422968581318855,True,
6823,onnx_model_000,measure,34.49031373781895,34.49052878608927,34.49663400091231,6.105214823037386,True,
6824,onnx_model_000,measure,34.49413101571647,34.49502409109846,34.49666381813586,1.6397270374000072,True,
6825,onnx_model_000,measure,34.4941536615695,34.49534124415368,34.50643337890506,11.09213475137949,True,
6826,onnx_model_000,measure,34.496942099612696,34.49790100986138,34.50654215598479,8.641146123409271,True,
6827,onnx_model_000,measure,34.52947246690291,34.529849498998374,34.53288264479488,3.033145796507597,True,
6828,onnx_model_000,measure,34.53042197302588,34.531303132884204,34.53351099882275,2.2078659385442734,True,
6829,onnx_model_000,measure,34.530674664458566,34.53146941913292,34.53355607483536,2.0866557024419308,True,
6830,onnx_model_000,measure,34.53113133921633,34.53161543607712,34.5335906711407,1.9752350635826588,True,
6831,onnx_model_000,measure,34.53173794958058,34.53215056285262,34.54321864200756,11.06807915493846,True,
6832,onnx_model_000,measure,34.53273045296216,34.53307393891737,34.543361072894186,10.287133976817131,True,
6833,onnx_model_000,measure,34.53630053777903,34.53687346121296,34.543398374225944,6.524913012981415,True,
6834,onnx_model_000,measure,34.545988047376525,34.54661948699504,34.55778098385781,11.161496862769127,True,
6835,onnx_model_000,measure,34.55284442486727,34.55309215094894,34.55792904505506,4.836894106119871,True,
6836,onnx_model_000,measure,34.55400669424655,34.554523481056094,34.55796564510092,3.442164044827223,True,
6837,onnx_model_000,measure,34.57200806298873,34.57319068489596,34.5850353599526,11.844675056636333,True,
6838,onnx_model_000,measure,34.584017681823845,34.584656480234116,34.59425017610192,9.593695867806673,True,
6839,onnx_model_000,measure,34.585628736328985,34.586291678249836,34.5944118341431,8.120155893266201,True,
6840,onnx_model_000,measure,34.58799069819339,34.58875960018486,34.59445012593642,5.690525751560926,True,
6841,onnx_model_000,measure,34.592448238081985,34.593206592835486,34.59448162605986,1.2750332243740559,True,
6842,onnx_model_000,measure,34.60929996591672,34.60986779304221,34.617330147884786,7.462354842573404,True,
6843,onnx_model_000,measure,34.61207837277386,34.612320655956864,34.61751774512231,5.1970891654491425,True,
6844,onnx_model_000,measure,34.61434512533421,34.61477959016338,34.61755708884448,2.7774986810982227,True,
6845,onnx_model_000,measure,34.615017080957074,34.616261336021125,34.61759389890358,1.3325628824532032,True,
6846,onnx_model_000,measure,34.62002281853605,34.62084736395627,34.63013474782929,9.287383873015642,True,
6847,onnx_model_000,measure,34.620780766007734,34.62121434090659,34.6302970261313,9.082685224711895,True,
6848,onnx_model_000,measure,34.622971281660725,34.623647436033934,34.63035583822057,6.708402186632156,True,
6849,onnx_model_000,measure,34.62845982807463,34.62910121306777,34.63038842007518,1.287207007408142,True,
6850,onnx_model_000,measure,34.634201915824356,34.63462661579251,34.64568311301991,11.056497227400541,True,
6851,onnx_model_000,measure,34.64008496061293,34.641107466071844,34.645852976012975,4.7455099411308765,True,
6852,onnx_model_000,measure,34.643088829005244,34.64354619104415,34.645892140921205,2.345949877053499,True,
6853,onnx_model_000,measure,34.65025188044666,34.651113845873624,34.66217357898131,11.059733107686043,True,
6854,onnx_model_000,measure,34.65762168586154,34.658560210838914,34.66230676183477,3.7465509958565235,True,
6855,onnx_model_000,measure,34.662125580178845,34.66243517724797,34.673478599172086,11.043421924114227,True,
6856,onnx_model_000,measure,34.67383982409131,34.67470130324364,34.68088070908561,6.179405841976404,True,
6857,onnx_model_000,measure,34.67825380374586,34.67917275195941,34.68104075314477,1.8680011853575706,True,
6858,onnx_model_000,measure,34.678301317578935,34.67934095207602,34.681097301188856,1.7563491128385067,True,
6859,onnx_model_000,measure,34.67915245934094,34.679800927173346,34.68112973216921,1.3288049958646297,True,
6860,onnx_model_000,measure,34.686513231953484,34.68739168625325,34.69578810594976,8.396419696509838,True,
6861,onnx_model_000,measure,34.68833394674323,34.688873562030494,34.695955303963274,7.0817419327795506,True,
6862,onnx_model_000,measure,34.69175199383071,34.69231225922704,34.69599399715662,3.681737929582596,True,
6863,onnx_model_000,measure,34.694459657142254,34.69476888887584,34.69602584792301,1.2569590471684933,True,
6864,onnx_model_000,measure,34.704156780134696,34.70627955906093,34.71054004691541,4.260487854480743,True,
6865,onnx_model_000,measure,34.70689619210557,34.70773593708873,34.710703718010336,2.9677809216082096,True,
6866,onnx_model_000,measure,34.70743714883243,34.7079182039015,34.71077781915665,2.8596152551472187,True,
6867,onnx_model_000,measure,34.708805779620135,34.70945768011734,34.710811162833124,1.3534827157855034,True,
6868,onnx_model_000,measure,34.71144390430828,34.71204438712448,34.719165823888034,7.1214367635548115,True,
6869,onnx_model_000,measure,34.7130671151263,34.71348787099123,34.71932801185176,5.840140860527754,True,
6870,onnx_model_000,measure,34.717316626245974,34.71793811023235,34.71938524115831,1.4471309259533882,True,
6871,onnx_model_000,measure,34.71761741631531,34.71810070890933,34.71941598923877,1.3152803294360638,True,
6872,onnx_model_000,measure,34.72351923945144,34.724656641017646,34.72664440004155,1.9877590239048004,True,
6873,onnx_model_000,measure,34.72452411824187,34.72484269505367,34.726823459845036,1.9807647913694382,True,
6874,onnx_model_000,measure,34.724891283084155,34.72529942309484,34.726881980895996,1.582557801157236,True,
6875,onnx_model_000,measure,34.72548181482083,34.72565776389092,34.72691199788824,1.2542339973151684,True,
6876,onnx_model_000,measure,34.73794069739942,34.73914641421288,34.75023712590337,11.090711690485477,True,
6877,onnx_model_000,measure,34.74168887673809,34.742599818855524,34.75035103224218,7.751213386654854,True,
6878,onnx_model_000,measure,34.75020896787305,34.750480809248984,34.7615149342455,11.034124996513128,True,
6879,onnx_model_000,measure,34.75322560840741,34.753939964808524,34.76165876723826,7.7188024297356606,True,
6880,onnx_model_000,measure,34.75491127954288,34.7553959521465,34.76169561687857,6.299664732068777,True,
6881,onnx_model_000,measure,34.7635835870517,34.76392009481788,34.77487900713459,10.958912316709757,True,
6882,onnx_model_000,measure,34.77919118924916,34.7801114032045,34.79126684786752,11.155444663017988,True,
6883,onnx_model_000,measure,34.77934186317741,34.78027671715245,34.79144936520606,11.172648053616285,True,
6884,onnx_model_000,measure,34.78399131893105,34.78480814117938,34.79148654593155,6.678404752165079,True,
6885,onnx_model_000,measure,34.78992194473807,34.79025766020641,34.7915170439519,1.2593837454915047,True,
6886,onnx_model_000,measure,34.79158933865158,34.79277203883976,34.799243580084294,6.471541244536638,True,
6887,onnx_model_000,measure,34.79346952902528,34.794295735191554,34.79942866181955,5.132926627993584,True,
6888,onnx_model_000,measure,34.79481426147871,34.79573348816484,34.7994678770192,3.73438885435462,True,
6889,onnx_model_000,measure,34.79717516900338,34.79819425614551,34.799499647226185,1.3053910806775093,True,
6890,onnx_model_000,measure,34.80099833072789,34.801737430971116,34.81010477617383,8.367345202714205,True,
6891,onnx_model_000,measure,34.802206192142165,34.80319757619873,34.81026532081887,7.067744620144367,True,
6892,onnx_model_000,measure,34.803853114206895,34.80463971802965,34.81032327096909,5.68355293944478,True,
6893,onnx_model_000,measure,34.80818214812449,34.80908792279661,34.81035410007462,1.2661772780120373,True,
6894,onnx_model_000,measure,34.81279961910949,34.81358942994848,34.82472196081653,11.132530868053436,True,
6895,onnx_model_000,measure,34.81397909082041,34.81506486516446,34.82523760199547,10.172736831009388,True,
6896,onnx_model_000,measure,34.81449522493487,34.81523032905534,34.825282467063516,10.05213800817728,True,
6897,onnx_model_000,measure,34.82430017639653,34.82484199013561,34.83591209212318,11.070101987570524,True,
6898,onnx_model_000,measure,34.83625570443232,34.83713278314099,34.842352754902095,5.219971761107445,True,
6899,onnx_model_000,measure,34.83835484153272,34.839590745046735,34.84251218801364,2.9214429669082165,True,
6900,onnx_model_000,measure,34.838449811004544,34.839771227911115,34.842567563056946,2.796335145831108,True,
6901,onnx_model_000,measure,34.84054387052503,34.8412931910716,34.84259707899764,1.30388792604208,True,
6902,onnx_model_000,measure,34.84998830932198,34.85086548700929,34.86188824893907,11.022761929780245,True,
6903,onnx_model_000,measure,34.85404397417416,34.85431458288804,34.86204375512898,7.729172240942717,True,
6904,onnx_model_000,measure,34.85627193891074,34.856769639998674,34.86208086600527,5.3112260065972805,True,
6905,onnx_model_000,measure,34.87221233962104,34.873301684856415,34.884331291075796,11.029606219381094,True,
6906,onnx_model_000,measure,34.8794986196513,34.87974508292973,34.88443974684924,4.694663919508457,True,
6907,onnx_model_000,measure,34.88856296228725,34.88966978807002,34.90162458317354,11.954795103520155,True,
6908,onnx_model_000,measure,34.88953899712454,34.889851262792945,34.90166814625263,11.816883459687233,True,
6909,onnx_model_000,measure,34.897160500675014,34.898368312977254,34.90170152904466,3.333216067403555,True,
6910,onnx_model_000,measure,34.90356503804584,34.903964951168746,34.91498701320961,11.022062040865421,True,
6911,onnx_model_000,measure,34.91620628283121,34.91726125590503,34.92534497193992,8.083716034889221,True,
6912,onnx_model_000,measure,34.91689473341472,34.91745380219072,34.9259192738682,8.465471677482128,True,
6913,onnx_model_000,measure,34.91697406853093,34.91763044800609,34.92596787586808,8.337427861988544,True,
6914,onnx_model_000,measure,34.923754030890166,34.92424427997321,34.92600381420925,1.7595342360436916,True,
6915,onnx_model_000,measure,34.92443892338206,34.924613662064075,34.929717463906854,5.103801842778921,True,
6916,onnx_model_000,measure,34.92519963027351,34.92553203785792,34.929964173119515,4.432135261595249,True,
6917,onnx_model_000,measure,34.92689331525329,34.92724695708603,34.93001269502565,2.7657379396259785,True,
6918,onnx_model_000,measure,34.92788741996895,34.92872114991769,34.93004823196679,1.327082049101591,True,
6919,onnx_model_000,measure,34.93172821938923,34.932283761911094,34.93762983381748,5.346071906387806,True,
6920,onnx_model_000,measure,34.9329957447449,34.93373183393851,34.93783000390977,4.098169971257448,True,
6921,onnx_model_000,measure,34.93368359692617,34.93410308007151,34.93786868825555,3.7656081840395927,True,
6922,onnx_model_000,measure,34.93533557456717,34.93654704513028,34.93790050782263,1.3534626923501492,True,
6923,onnx_model_000,measure,34.93602492950176,34.93671214906499,34.94773241691291,11.020267847925425,True,
6924,onnx_model_000,measure,34.940846970229295,34.94113828288391,34.94786314619705,6.724863313138485,True,
6925,onnx_model_000,measure,34.9478052171625,34.94800451491028,34.95904973009601,11.04521518573165,True,
6926,onnx_model_000,measure,34.95974103264591,34.96028043888509,34.96635654894635,6.076110061258078,True,
6927,onnx_model_000,measure,34.960125328787406,34.96044084383175,34.96654182206839,6.10097823664546,True,
6928,onnx_model_000,measure,34.961913750180585,34.962962647899985,34.96658012410626,3.6174762062728405,True,
6929,onnx_model_000,measure,34.9649387410747,34.965406123083085,34.96661066217348,1.2045390903949738,True,
6930,onnx_model_000,measure,34.96674983433009,34.967855459079146,34.979033005889505,11.177546810358763,True,
6931,onnx_model_000,measure,34.969751734117345,34.97030708892271,34.979078262113035,8.771173190325499,True,
6932,onnx_model_000,measure,34.978864010459816,34.97921075299382,34.98632860323414,7.117850240319967,True,
6933,onnx_model_000,measure,34.983144340200376,34.98367485916242,34.98651579907164,2.840939909219742,True,
6934,onnx_model_000,measure,34.98432681252151,34.985147268045694,34.98655389202759,1.4066239818930626,True,
6935,onnx_model_000,measure,34.984722532269494,34.9853141149506,34.986584128811955,1.2700138613581657,True,
6936,onnx_model_000,measure,34.98961526700791,34.99085510801524,35.011411623097956,20.556515082716942,True,
6937,onnx_model_000,measure,34.99041273720904,34.991023637820035,35.01146390195936,20.440264139324427,True,
6938,onnx_model_000,measure,34.99132965634168,34.992542495019734,35.01150365779176,18.96116277202964,True,
6939,onnx_model_000,measure,34.999789000910255,35.0109730088152,35.021872878074646,10.89986925944686,True,
