request_id,model_name,phase,scheduled_offset_seconds,started_offset_seconds,completed_offset_seconds,latency_ms,success,error
0,onnx_model_073,warmup,0.007974747124068593,0.008313041646033525,0.009103565011173487,0.7905233651399612,True,
1,onnx_model_021,warmup,0.013176516755818789,0.014304650947451591,0.015038406010717154,0.7337550632655621,True,
2,onnx_model_031,warmup,0.018054902129880132,0.019231576938182116,0.019964669831097126,0.7330928929150105,True,
3,onnx_model_069,warmup,0.021144802463555382,0.022163178771734238,0.022813566029071808,0.6503872573375702,True,
4,onnx_model_031,warmup,0.027692552598232372,0.028029751032590866,0.028832125943154097,0.8023749105632305,True,
5,onnx_model_097,warmup,0.027714056330445533,0.028189294040203094,0.028941563796252012,0.7522697560489178,True,
6,onnx_model_058,warmup,0.03903030647715966,0.040179946925491095,0.04105191398411989,0.8719670586287975,True,
7,onnx_model_079,warmup,0.040639124734084854,0.04114825790748,0.041859108954668045,0.7108510471880436,True,
8,onnx_model_070,warmup,0.04189251143017257,0.04300776170566678,0.04357302701100707,0.5652653053402901,True,
9,onnx_model_005,warmup,0.04248628685582012,0.04308703262358904,0.043729493860155344,0.6424612365663052,True,
10,onnx_model_086,warmup,0.0430260287041744,0.04329923586919904,0.043917260598391294,0.6180247291922569,True,
11,onnx_model_026,warmup,0.04410553459187117,0.04504976375028491,0.04563417471945286,0.5844109691679478,True,
12,onnx_model_092,warmup,0.050664196909442585,0.05183017160743475,0.052721336018294096,0.8911644108593464,True,
13,onnx_model_022,warmup,0.05066481422227438,0.05196600081399083,0.05289495596662164,0.928955152630806,True,
14,onnx_model_006,warmup,0.05605536981542254,0.05705666681751609,0.05772129958495498,0.6646327674388885,True,
15,onnx_model_044,warmup,0.05773828968490787,0.05887188762426376,0.05947246868163347,0.600581057369709,True,
16,onnx_model_046,warmup,0.07696674509137658,0.07869593985378742,0.08003611769527197,1.3401778414845467,True,
17,onnx_model_067,warmup,0.07724465674060284,0.0788398738950491,0.0800865339115262,1.246660016477108,True,
18,onnx_model_003,warmup,0.07733342088705081,0.07896573282778263,0.08018161496147513,1.215882133692503,True,
19,onnx_model_016,warmup,0.08616010030099011,0.08640584582462907,0.08739157998934388,0.9857341647148132,True,
20,onnx_model_049,warmup,0.09294012736071931,0.0936300978064537,0.0945943109691143,0.9642131626605988,True,
21,onnx_model_047,warmup,0.09428256273701872,0.09470872860401869,0.09565695095807314,0.948222354054451,True,
22,onnx_model_042,warmup,0.09528653737962157,0.09575340384617448,0.09665455669164658,0.9011528454720974,True,
23,onnx_model_090,warmup,0.10272345336423269,0.10387747688218951,0.10478406073525548,0.9065838530659676,True,
24,onnx_model_006,warmup,0.11602909380089836,0.11700687371194363,0.11803281400352716,1.025940291583538,True,
25,onnx_model_007,warmup,0.12922969796701683,0.1302549266256392,0.13125187158584595,0.996944960206747,True,
26,onnx_model_080,warmup,0.1302074233125525,0.13062366796657443,0.13174108183011413,1.1174138635396957,True,
27,onnx_model_083,warmup,0.14806673043344326,0.14896722696721554,0.14990318566560745,0.9359586983919144,True,
28,onnx_model_031,warmup,0.1528993444873779,0.15312602184712887,0.15409419173374772,0.9681698866188526,True,
29,onnx_model_038,warmup,0.15466961290558218,0.1553238187916577,0.15645919786766171,1.1353790760040283,True,
30,onnx_model_046,warmup,0.15517436881445554,0.1554838139563799,0.15656920662149787,1.085392665117979,True,
31,onnx_model_064,warmup,0.15658147706871003,0.1577733657322824,0.15901017701253295,1.2368112802505493,True,
32,onnx_model_059,warmup,0.15743396551937586,0.15793210687115788,0.15888012992218137,0.9480230510234833,True,
33,onnx_model_055,warmup,0.16086678758484116,0.16123340278863907,0.1622358476743102,1.0024448856711388,True,
34,onnx_model_032,warmup,0.16379780718419398,0.16445841267704964,0.16542107285931706,0.9626601822674274,True,
35,onnx_model_028,warmup,0.16964225097633936,0.17066116398200393,0.17167667392641306,1.015509944409132,True,
36,onnx_model_039,warmup,0.17078122490630732,0.17104526376351714,0.17208165396004915,1.036390196532011,True,
37,onnx_model_067,warmup,0.1756350079804739,0.1763209318742156,0.17736714100465178,1.046209130436182,True,
38,onnx_model_037,warmup,0.17704162327099104,0.17746275290846825,0.17834745394065976,0.884701032191515,True,
39,onnx_model_057,warmup,0.18083644453267922,0.1815720140002668,0.1825239430181682,0.9519290179014206,True,
40,onnx_model_046,warmup,0.22281268862719167,0.2237534448504448,0.22471617488190532,0.9627300314605236,True,
41,onnx_model_011,warmup,0.22917010791204726,0.22993965400382876,0.23094476480036974,1.0051107965409756,True,
42,onnx_model_025,warmup,0.24063183102126962,0.24116668477654457,0.24215118680149317,0.984502024948597,True,
43,onnx_model_022,warmup,0.26195752347573065,0.26238745264708996,0.2634840067476034,1.0965541005134583,True,
44,onnx_model_017,warmup,0.2685854568902697,0.2697310019284487,0.27084485860541463,1.113856676965952,True,
45,onnx_model_094,warmup,0.26915279298995376,0.2698935610242188,0.2708913069218397,0.9977458976209164,True,
46,onnx_model_013,warmup,0.26967881229431545,0.27033016085624695,0.27139017591252923,1.0600150562822819,True,
47,onnx_model_023,warmup,0.28187511368070456,0.28266577888280153,0.2837729835882783,1.1072047054767609,True,
48,onnx_model_085,warmup,0.28281134654699325,0.2830778216011822,0.2841522046364844,1.0743830353021622,True,
49,onnx_model_032,warmup,0.2844155412391833,0.2854640777222812,0.28637983882799745,0.9157611057162285,True,
50,onnx_model_048,warmup,0.2871041755227379,0.28760227281600237,0.288575051818043,0.9727790020406246,True,
51,onnx_model_006,warmup,0.29373568802381794,0.2947971588000655,0.2956827529706061,0.8855941705405712,True,
52,onnx_model_013,warmup,0.2978260825245561,0.29893540497869253,0.29984211875125766,0.9067137725651264,True,
53,onnx_model_066,warmup,0.2989780980605503,0.2993344636633992,0.30022364389151335,0.8891802281141281,True,
54,onnx_model_021,warmup,0.30851208631112526,0.31044741766527295,0.3116993778385222,1.2519601732492447,True,
55,onnx_model_038,warmup,0.3092724452866536,0.3106254059821367,0.31156770791858435,0.9423019364476204,True,
56,onnx_model_078,warmup,0.314332458464263,0.314924038015306,0.3162640049122274,1.3399668969213963,True,
57,onnx_model_032,warmup,0.3161435452455471,0.3164025777950883,0.31735467771068215,0.9520999155938625,True,
58,onnx_model_037,warmup,0.32262690891364776,0.3235759539529681,0.3247750629670918,1.1991090141236782,True,
59,onnx_model_097,warmup,0.32369435791772877,0.32395618688315153,0.3252998306415975,1.3436437584459782,True,
60,onnx_model_000,warmup,0.32476476053319187,0.32495017582550645,0.32587309973314404,0.9229239076375961,True,
61,onnx_model_042,warmup,0.33254581044313614,0.3330965409986675,0.33414066582918167,1.0441248305141926,True,
62,onnx_model_003,warmup,0.3334563020754581,0.3342381506226957,0.3350974447093904,0.8592940866947174,True,
63,onnx_model_057,warmup,0.33647399523372,0.3373186169192195,0.3381466008722782,0.8279839530587196,True,
64,onnx_model_070,warmup,0.34036933304710326,0.34136839490383863,0.34214987978339195,0.781484879553318,True,
65,onnx_model_014,warmup,0.34203847600228865,0.34229106875136495,0.3431577659212053,0.8666971698403358,True,
66,onnx_model_022,warmup,0.3428080350141047,0.34325219597667456,0.3440687176771462,0.8165217004716396,True,
67,onnx_model_091,warmup,0.3450083527795185,0.3452875348739326,0.3460938069038093,0.806272029876709,True,
68,onnx_model_029,warmup,0.3480091836549047,0.34832222294062376,0.3491882989183068,0.8660759776830673,True,
69,onnx_model_041,warmup,0.35095597031934506,0.3514100220054388,0.3522317740134895,0.8217520080506802,True,
70,onnx_model_076,warmup,0.35665228002221366,0.3574590808711946,0.35869766492396593,1.2385840527713299,True,
71,onnx_model_009,warmup,0.3568770277583174,0.35763503471389413,0.3587648426182568,1.1298079043626785,True,
72,onnx_model_009,warmup,0.35739870954714514,0.3580698920413852,0.35888795694336295,0.8180649019777775,True,
73,onnx_model_088,warmup,0.36502491073956594,0.3661114675924182,0.36692497367039323,0.8135060779750347,True,
74,onnx_model_003,warmup,0.3700495012534028,0.3711513178423047,0.37199129490181804,0.8399770595133305,True,
75,onnx_model_095,warmup,0.39471463900585196,0.39521422795951366,0.39609607495367527,0.8818469941616058,True,
76,onnx_model_099,warmup,0.3985531288985906,0.3993198019452393,0.4002286298200488,0.9088278748095036,True,
77,onnx_model_083,warmup,0.42642742154368446,0.42745038494467735,0.42841668194159865,0.9662969969213009,True,
78,onnx_model_093,warmup,0.43129079431636896,0.43165227165445685,0.43256094865500927,0.9086770005524158,True,
79,onnx_model_094,warmup,0.43695970479201723,0.43778856564313173,0.43890782399103045,1.1192583478987217,True,
80,onnx_model_019,warmup,0.43745278328765225,0.43794599594548345,0.4389542117714882,1.0082158260047436,True,
81,onnx_model_042,warmup,0.4377630077072802,0.43837334774434566,0.43938556173816323,1.0122139938175678,True,
82,onnx_model_014,warmup,0.4531330432531439,0.4536266918294132,0.45456011686474085,0.933425035327673,True,
83,onnx_model_069,warmup,0.4581132137691767,0.4587883837521076,0.45975997066125274,0.9715869091451168,True,
84,onnx_model_051,warmup,0.4627068044083167,0.4629828268662095,0.46390161383897066,0.9187869727611542,True,
85,onnx_model_046,warmup,0.47396732630561306,0.4751391150057316,0.47616155771538615,1.0224427096545696,True,
86,onnx_model_038,warmup,0.48481770734353746,0.4863856127485633,0.48729020170867443,0.9045889601111412,True,
87,onnx_model_093,warmup,0.49508856900142123,0.4955892167054117,0.49660333478823304,1.0141180828213692,True,
88,onnx_model_028,warmup,0.4978924483035799,0.4988571088761091,0.49978038389235735,0.9232750162482262,True,
89,onnx_model_034,warmup,0.5014662807653184,0.5020368630066514,0.5030505396425724,1.0136766359210014,True,
90,onnx_model_094,warmup,0.5054686688293254,0.5062761218287051,0.5071824239566922,0.9063021279871464,True,
91,onnx_model_042,warmup,0.507881890173123,0.5084119108505547,0.5101579199545085,1.7460091039538383,True,
92,onnx_model_003,warmup,0.5079090646289959,0.5086014717817307,0.509631288703531,1.029816921800375,True,
93,onnx_model_051,warmup,0.5094933592952073,0.5098132048733532,0.5108401170000434,1.0269121266901493,True,
94,onnx_model_065,warmup,0.5121233125418637,0.5130751156248152,0.5140729416161776,0.9978259913623333,True,
95,onnx_model_083,warmup,0.5283644612710187,0.5292955688200891,0.5302479090169072,0.9523401968181133,True,
96,onnx_model_057,warmup,0.5398192880023832,0.540470820851624,0.5414270185865462,0.9561977349221706,True,
97,onnx_model_011,warmup,0.5404535709468602,0.5408654208295047,0.5418823836371303,1.0169628076255322,True,
98,onnx_model_011,warmup,0.5457139809447792,0.546156678814441,0.5472826287150383,1.125949900597334,True,
99,onnx_model_042,warmup,0.5459575200851671,0.5463213017210364,0.5473899827338755,1.068681012839079,True,
100,onnx_model_022,warmup,0.5734616897909144,0.5747053856030107,0.5762477577663958,1.5423721633851528,True,
101,onnx_model_068,warmup,0.5751609932362325,0.5763538996689022,0.5773545620031655,1.0006623342633247,True,
102,onnx_model_040,warmup,0.5815965119326968,0.5825905348174274,0.5834895139560103,0.8989791385829449,True,
103,onnx_model_098,warmup,0.5844107487879955,0.5847270060330629,0.5856406530365348,0.9136470034718513,True,
104,onnx_model_092,warmup,0.5882105502332113,0.5888851196505129,0.5897851707413793,0.9000510908663273,True,
105,onnx_model_048,warmup,0.597252895502379,0.5980072296224535,0.5988573860377073,0.8501564152538776,True,
106,onnx_model_099,warmup,0.5989928397526992,0.6000747699290514,0.6008656728081405,0.790902879089117,True,
107,onnx_model_047,warmup,0.6010726579894885,0.6021153186447918,0.6032963637262583,1.1810450814664364,True,
108,onnx_model_087,warmup,0.601496457125492,0.6022787787951529,0.6034642527811229,1.1854739859700203,True,
109,onnx_model_024,warmup,0.6019746117396664,0.6024228427559137,0.6035042889416218,1.081446185708046,True,
110,onnx_model_058,warmup,0.6132724263035082,0.6137399859726429,0.6147900116629899,1.0500256903469563,True,
111,onnx_model_034,warmup,0.6160191882519902,0.6170306107960641,0.6180238886736333,0.9932778775691986,True,
112,onnx_model_025,warmup,0.6220560180391124,0.6232658629305661,0.6242795898579061,1.0137269273400307,True,
113,onnx_model_076,warmup,0.627989671530404,0.6285767378285527,0.6295305406674743,0.9538028389215469,True,
114,onnx_model_083,warmup,0.6353701061374096,0.6357557447627187,0.6366355768404901,0.8798320777714252,True,
115,onnx_model_089,warmup,0.6480364404815214,0.6488598436117172,0.6502189869061112,1.3591432943940163,True,
116,onnx_model_007,warmup,0.6516160594508752,0.6524743838235736,0.6542052649892867,1.7308811657130718,True,
117,onnx_model_091,warmup,0.6518535388832477,0.6526713985949755,0.6543520437553525,1.6806451603770256,True,
118,onnx_model_089,warmup,0.6519768634612075,0.6528215939179063,0.6545354616828263,1.7138677649199963,True,
119,onnx_model_087,warmup,0.6611590541210963,0.6617749738506973,0.6627591135911644,0.9841397404670715,True,
120,onnx_model_060,warmup,0.662676257930644,0.6629029279574752,0.6638340377248824,0.9311097674071789,True,
121,onnx_model_060,warmup,0.6643525228666949,0.6650544768199325,0.6659734137356281,0.9189369156956673,True,
122,onnx_model_014,warmup,0.6652105718924577,0.6654196516610682,0.6663521137088537,0.9324620477855206,True,
123,onnx_model_060,warmup,0.6694490695428265,0.6706351856701076,0.6718448349274695,1.2096492573618889,True,
124,onnx_model_092,warmup,0.6702194452145545,0.6708494327031076,0.6719829579815269,1.1335252784192562,True,
125,onnx_model_007,warmup,0.6717995076896275,0.6721252780407667,0.6730806035920978,0.9553255513310432,True,
126,onnx_model_000,warmup,0.6736220045571338,0.6743614487349987,0.675696827005595,1.3353782705962658,True,
127,onnx_model_022,warmup,0.6739648995281154,0.6745988796465099,0.6762594166211784,1.6605369746685028,True,
128,onnx_model_011,warmup,0.6754627049629279,0.675801535602659,0.6768631739541888,1.0616383515298367,True,
129,onnx_model_015,warmup,0.6812326651827583,0.6820937767624855,0.6830366286449134,0.9428518824279308,True,
130,onnx_model_039,warmup,0.6844405966439283,0.6852887095883489,0.686414229683578,1.1255200952291489,True,
131,onnx_model_069,warmup,0.6849425394503893,0.6855004727840424,0.68659962201491,1.0991492308676243,True,
132,onnx_model_021,warmup,0.6882485499297576,0.6888486966490746,0.6898098937235773,0.9611970745027065,True,
133,onnx_model_046,warmup,0.6886285145365514,0.6890128790400922,0.6899403417482972,0.9274627082049847,True,
134,onnx_model_068,warmup,0.6973512786149543,0.6981625407934189,0.6990961758419871,0.9336350485682487,True,
135,onnx_model_051,warmup,0.7073079563398201,0.7093656468205154,0.7104711979627609,1.105551142245531,True,
136,onnx_model_016,warmup,0.7101450577986008,0.710575295612216,0.7114807069301605,0.9054113179445267,True,
137,onnx_model_007,warmup,0.7146619000015659,0.7158085936680436,0.7168095665983856,1.000972930341959,True,
138,onnx_model_051,warmup,0.7253417590844764,0.7270591496489942,0.7280648616142571,1.0057119652628899,True,
139,onnx_model_001,warmup,0.7307579942008322,0.7312929276376963,0.7321918867528439,0.8989591151475906,True,
140,onnx_model_091,warmup,0.7385084476327022,0.7394174807704985,0.7403029836714268,0.8855029009282589,True,
141,onnx_model_099,warmup,0.7402979209703425,0.7404557350091636,0.7413773867301643,0.9216517210006714,True,
142,onnx_model_001,warmup,0.7422811831107604,0.7426481018774211,0.7434582016430795,0.8100997656583786,True,
143,onnx_model_030,warmup,0.7448618092526063,0.7456288877874613,0.746259075589478,0.6301878020167351,True,
144,onnx_model_008,warmup,0.7600697933192351,0.7605497408658266,0.761591570917517,1.04183005169034,True,
145,onnx_model_029,warmup,0.7629330766112055,0.7639700616709888,0.7651030155830085,1.1329539120197296,True,
146,onnx_model_036,warmup,0.7645690205679203,0.7652295669540763,0.7661219327710569,0.8923658169806004,True,
147,onnx_model_015,warmup,0.7675066847526352,0.7683690539561212,0.7692142110317945,0.8451570756733418,True,
148,onnx_model_042,warmup,0.770638281152816,0.7714462238363922,0.7722797878086567,0.8335639722645283,True,
149,onnx_model_058,warmup,0.7948731899949651,0.7955087828449905,0.7963419565930963,0.8331737481057644,True,
150,onnx_model_062,warmup,0.7990706967784824,0.7995681189931929,0.8004393656738102,0.8712466806173325,True,
151,onnx_model_009,warmup,0.8048820102821947,0.8056975807994604,0.8064951170235872,0.7975362241268158,True,
152,onnx_model_049,warmup,0.8076394993846819,0.8087657829746604,0.8095913720317185,0.8255890570580959,True,
153,onnx_model_064,warmup,0.8106290979805317,0.8118351767770946,0.8126272126100957,0.7920358330011368,True,
154,onnx_model_048,warmup,0.8132413096677175,0.8138505276292562,0.8147050528787076,0.8545252494513988,True,
155,onnx_model_013,warmup,0.8144401477037424,0.8148028086870909,0.8156354106031358,0.8326019160449505,True,
156,onnx_model_086,warmup,0.8178389364194316,0.8188593490049243,0.8196891667321324,0.8298177272081375,True,
157,onnx_model_029,warmup,0.8340157181291273,0.8349282937124372,0.8357819467782974,0.8536530658602715,True,
158,onnx_model_096,warmup,0.8377597861621978,0.8380147106945515,0.8388598677702248,0.8451570756733418,True,
159,onnx_model_074,warmup,0.8414672264323052,0.8421271378174424,0.843003433663398,0.8762958459556103,True,
160,onnx_model_004,warmup,0.8435968845846774,0.8442283216863871,0.8450679178349674,0.8395961485803127,True,
161,onnx_model_008,warmup,0.8595130420284861,0.8603193089365959,0.8613978088833392,1.07849994674325,True,
162,onnx_model_091,warmup,0.862987614907543,0.8636463726870716,0.864475448615849,0.8290759287774563,True,
163,onnx_model_053,warmup,0.8667433575602398,0.867715407628566,0.86849519982934,0.7797922007739544,True,
164,onnx_model_038,warmup,0.8741845798586674,0.8747308636084199,0.8756483276374638,0.9174640290439129,True,
165,onnx_model_090,warmup,0.8778081019707441,0.8789057689718902,0.8797713946551085,0.8656256832182407,True,
166,onnx_model_040,warmup,0.8871201605229655,0.888020555023104,0.8889932436868548,0.9726886637508869,True,
167,onnx_model_004,warmup,0.8879043161300028,0.8881874117068946,0.8891462245956063,0.9588128887116909,True,
168,onnx_model_025,warmup,0.8898512670289781,0.8903671959415078,0.8912936467677355,0.926450826227665,True,
169,onnx_model_048,warmup,0.9030147290121124,0.9035170217975974,0.9044764558784664,0.9594340808689594,True,
170,onnx_model_049,warmup,0.9113172933280753,0.9117327788844705,0.912723601795733,0.9908229112625122,True,
171,onnx_model_037,warmup,0.9129184605611305,0.91394301969558,0.9148887880146503,0.9457683190703392,True,
172,onnx_model_026,warmup,0.9273845396643623,0.9291551969945431,0.9301411709748209,0.9859739802777767,True,
173,onnx_model_049,warmup,0.9373661511277699,0.9383713346906006,0.9393552448600531,0.9839101694524288,True,
174,onnx_model_081,warmup,0.9467906020478609,0.9475381597876549,0.9484119508415461,0.873791053891182,True,
175,onnx_model_050,warmup,0.9498639114049551,0.9506586920469999,0.9517025658860803,1.0438738390803337,True,
176,onnx_model_098,warmup,0.9512503606733036,0.9518012637272477,0.9527910850010812,0.9898212738335133,True,
177,onnx_model_001,warmup,0.9539900446749877,0.9550377456471324,0.9563061567023396,1.2684110552072525,True,
178,onnx_model_049,warmup,0.9544849888186683,0.9552509607747197,0.9564633956179023,1.2124348431825638,True,
179,onnx_model_065,warmup,0.9584681518631382,0.9587547206319869,0.9597901087254286,1.0353880934417248,True,
180,onnx_model_038,warmup,0.968792386695381,0.9700368070043623,0.9709208169952035,0.8840099908411503,True,
181,onnx_model_077,warmup,0.9705002069324784,0.9710045168176293,0.9718136447481811,0.8091279305517673,True,
182,onnx_model_014,warmup,0.9766807239651393,0.9770142296329141,0.9778868188150227,0.8725891821086407,True,
183,onnx_model_061,warmup,0.9794342683728535,0.9800716419704258,0.9809432178735733,0.871575903147459,True,
184,onnx_model_064,warmup,0.9838086698882794,0.9841273906640708,0.9850149280391634,0.8875373750925064,True,
185,onnx_model_063,warmup,0.9961019321143654,0.9971723877824843,0.9977113516069949,0.5389638245105743,True,
186,onnx_model_043,warmup,1.0017944209633407,1.0028664818964899,1.0034223878756166,0.5559059791266918,True,
187,onnx_model_096,warmup,1.0045285933203822,1.0055756918154657,1.0062596718780696,0.6839800626039505,True,
188,onnx_model_045,warmup,1.0095112827372494,1.0105062937363982,1.0114459698088467,0.939676072448492,True,
189,onnx_model_035,warmup,1.0096827032198248,1.0106877386569977,1.0115783219225705,0.8905832655727863,True,
190,onnx_model_053,warmup,1.0103564646921206,1.0108389258384705,1.011622785590589,0.7838597521185875,True,
191,onnx_model_014,warmup,1.0114777389314902,1.011723046656698,1.0122794439084828,0.5563972517848015,True,
192,onnx_model_047,warmup,1.0180290923254913,1.0185072827152908,1.0191511567682028,0.6438740529119968,True,
193,onnx_model_017,warmup,1.0207536127668875,1.0213843816891313,1.0222114236094058,0.8270419202744961,True,
194,onnx_model_030,warmup,1.0298734266834777,1.0304975840263069,1.031411862000823,0.9142779745161533,True,
195,onnx_model_067,warmup,1.035727627774428,1.036687159910798,1.0374065679498017,0.7194080390036106,True,
196,onnx_model_000,warmup,1.0394766333114767,1.0405823639594018,1.0410493118688464,0.46694790944457054,True,
197,onnx_model_030,warmup,1.0422015575620474,1.043216741643846,1.0437462576664984,0.5295160226523876,True,
198,onnx_model_023,warmup,1.0460800154294467,1.0469418126158416,1.0474447389133275,0.5029262974858284,True,
199,onnx_model_008,warmup,1.0483648513408135,1.0486521339043975,1.0492732236161828,0.6210897117853165,True,
200,onnx_model_071,warmup,1.0514044821949136,1.0524433199316263,1.0529841990210116,0.5408790893852711,True,
201,onnx_model_086,warmup,1.0637804730935982,1.0641928547993302,1.0648740399628878,0.6811851635575294,True,
202,onnx_model_083,warmup,1.073487093838582,1.0750786666758358,1.0757439518347383,0.6652851589024067,True,
203,onnx_model_094,warmup,1.077584160915151,1.077946017961949,1.078780052717775,0.8340347558259964,True,
204,onnx_model_038,warmup,1.0787930512324793,1.0799799039959908,1.0807378138415515,0.7579098455607891,True,
205,onnx_model_072,warmup,1.0815901318576397,1.0819356008432806,1.082711735740304,0.7761348970234394,True,
206,onnx_model_042,warmup,1.0818923648913636,1.0822547976858914,1.0829960466362536,0.7412489503622055,True,
207,onnx_model_059,warmup,1.0867264695138674,1.0872607226483524,1.088119515683502,0.8587930351495743,True,
208,onnx_model_068,warmup,1.0919281982540796,1.0923781907185912,1.0935774007812142,1.199210062623024,True,
209,onnx_model_091,warmup,1.0922250509461773,1.0925572109408677,1.0934602078050375,0.902996864169836,True,
210,onnx_model_068,warmup,1.1023249417290477,1.103875715751201,1.1049049627035856,1.0292469523847103,True,
211,onnx_model_010,warmup,1.1046290392805536,1.1050254716537893,1.1060063657350838,0.9808940812945366,True,
212,onnx_model_059,warmup,1.1098918526070316,1.1103117000311613,1.111201741732657,0.8900417014956474,True,
213,onnx_model_064,warmup,1.1129150944733024,1.1134661259129643,1.114437131676823,0.9710057638585567,True,
214,onnx_model_084,warmup,1.1163300019404163,1.1167026488110423,1.117458104621619,0.7554558105766773,True,
215,onnx_model_052,warmup,1.1241086772439832,1.124712934717536,1.1256792019121349,0.9662671945989132,True,
216,onnx_model_048,warmup,1.1261905044847789,1.1269176159985363,1.12786322273314,0.9456067346036434,True,
217,onnx_model_049,warmup,1.1348038830992124,1.1350626377388835,1.1358207389712334,0.7581012323498726,True,
218,onnx_model_062,warmup,1.1356750617949378,1.1358931069262326,1.136572317685932,0.6792107596993446,True,
219,onnx_model_063,warmup,1.1363139528738468,1.1366620687767863,1.137278479989618,0.6164112128317356,True,
220,onnx_model_098,warmup,1.1436017132514371,1.1445149360224605,1.145362686831504,0.8477508090436459,True,
221,onnx_model_070,warmup,1.1519746101934543,1.1525880917906761,1.1534071490168571,0.8190572261810303,True,
222,onnx_model_004,warmup,1.156992616900004,1.1576463170349598,1.158457137644291,0.810820609331131,True,
223,onnx_model_089,warmup,1.1575870042020264,1.1580057595856488,1.1588558959774673,0.8501363918185234,True,
224,onnx_model_080,warmup,1.1671193129789352,1.1690817838534713,1.1698902905918658,0.8085067383944988,True,
225,onnx_model_065,warmup,1.1708630418808652,1.1711088670417666,1.1718213818967342,0.7125148549675941,True,
226,onnx_model_015,warmup,1.174211728302247,1.1750415125861764,1.1760069378651679,0.9654252789914608,True,
227,onnx_model_097,warmup,1.1756367530574712,1.1761053148657084,1.1769577045924962,0.8523897267878056,True,
228,onnx_model_008,warmup,1.1883006412976256,1.189148357603699,1.1899174395948648,0.7690819911658764,True,
229,onnx_model_095,warmup,1.1901255654658496,1.191096490714699,1.1918442319147289,0.74774120002985,True,
230,onnx_model_009,warmup,1.194930503959726,1.1960367816500366,1.1967786815948784,0.7418999448418617,True,
231,onnx_model_002,warmup,1.1960626032065234,1.1963071459904313,1.197081808000803,0.774662010371685,True,
232,onnx_model_050,warmup,1.2006926650153273,1.2012734157033265,1.2020332999527454,0.7598842494189739,True,
233,onnx_model_096,warmup,1.201789695645749,1.2021066597662866,1.2028231220319867,0.7164622657001019,True,
234,onnx_model_040,warmup,1.2042823579984654,1.2050038469024003,1.2057787897065282,0.7749428041279316,True,
235,onnx_model_056,warmup,1.21105768710437,1.211956983897835,1.212651944719255,0.6949608214199543,True,
236,onnx_model_051,warmup,1.2170845658141871,1.2178299380466342,1.218553592916578,0.7236548699438572,True,
237,onnx_model_083,warmup,1.2257583843649582,1.2267461558803916,1.2275289236567914,0.7827677763998508,True,
238,onnx_model_073,warmup,1.226294851732432,1.2268690997734666,1.2276376807130873,0.7685809396207333,True,
239,onnx_model_061,warmup,1.2305984697158932,1.2308175647631288,1.2315865466371179,0.7689818739891052,True,
240,onnx_model_047,warmup,1.243665286714774,1.2457676329649985,1.2465493488125503,0.7817158475518227,True,
241,onnx_model_044,warmup,1.2474347320066865,1.2477290416136384,1.2485928740352392,0.8638324216008186,True,
242,onnx_model_065,warmup,1.2745366327783427,1.2759239659644663,1.2770656156353652,1.1416496708989143,True,
243,onnx_model_004,warmup,1.2795207148130323,1.2803867696784437,1.2815321567468345,1.1453870683908463,True,
244,onnx_model_031,warmup,1.2816992183530578,1.2828082516789436,1.2838232317008078,1.0149800218641758,True,
245,onnx_model_013,warmup,1.2873174237837233,1.2881340659223497,1.2892072559334338,1.0731900110840797,True,
246,onnx_model_095,warmup,1.2948677369265067,1.2955330610275269,1.2968763336539268,1.343272626399994,True,
247,onnx_model_010,warmup,1.294978864486169,1.2957660937681794,1.2969319899566472,1.165896188467741,True,
248,onnx_model_093,warmup,1.3009177590193306,1.301188550889492,1.3023198610171676,1.1313101276755333,True,
249,onnx_model_074,warmup,1.3021503003302917,1.302480736747384,1.3035312239080667,1.0504871606826782,True,
250,onnx_model_052,warmup,1.3034635945181232,1.303709342610091,1.3046491388231516,0.9397962130606174,True,
251,onnx_model_093,warmup,1.305575053420777,1.3058783058077097,1.3068019109778106,0.9236051701009274,True,
252,onnx_model_048,warmup,1.3068608918784983,1.3080293140374124,1.3089512567967176,0.9219427593052387,True,
253,onnx_model_046,warmup,1.3081118314336586,1.3084011706523597,1.3093088469468057,0.9076762944459915,True,
254,onnx_model_015,warmup,1.313136111885495,1.3135381457395852,1.3144672219641507,0.929076224565506,True,
255,onnx_model_059,warmup,1.3284286744657057,1.328740683849901,1.3297589388675988,1.0182550176978111,True,
256,onnx_model_030,warmup,1.3383965184453228,1.3400194328278303,1.3409730857238173,0.9536528959870338,True,
257,onnx_model_005,warmup,1.345780212910196,1.3462264616973698,1.347482468932867,1.2560072354972363,True,
258,onnx_model_083,warmup,1.3460265395259923,1.3463876978494227,1.3479412905871868,1.55359273776412,True,
259,onnx_model_085,warmup,1.3471510607056516,1.3475791728124022,1.3487100126221776,1.1308398097753525,True,
260,onnx_model_032,warmup,1.3506231177062864,1.3509490387514234,1.3520315466448665,1.0825078934431076,True,
261,onnx_model_002,warmup,1.351050898479854,1.351315334904939,1.3524314668029547,1.1161318980157375,True,
262,onnx_model_060,warmup,1.3548143344257064,1.3556671468541026,1.3565313597209752,0.8642128668725491,True,
263,onnx_model_020,warmup,1.3564137730630192,1.3566891397349536,1.3575309999287128,0.841860193759203,True,
264,onnx_model_019,warmup,1.3695006558777512,1.3697584928013384,1.3705829000100493,0.8244072087109089,True,
265,onnx_model_083,warmup,1.379988981812725,1.3808042486198246,1.3816382647491992,0.8340161293745041,True,
266,onnx_model_051,warmup,1.3823885703454608,1.3828797950409353,1.3837051838636398,0.8253888227045536,True,
267,onnx_model_003,warmup,1.3872940509307334,1.3879601620137691,1.3888814626261592,0.9213006123900414,True,
268,onnx_model_045,warmup,1.391011559015257,1.3921048799529672,1.3928659167140722,0.7610367611050606,True,
269,onnx_model_097,warmup,1.393692897998244,1.394082408864051,1.3948934506624937,0.8110417984426022,True,
270,onnx_model_098,warmup,1.4025955490565905,1.403112684842199,1.403958783019334,0.8460981771349907,True,
271,onnx_model_017,warmup,1.4083199510212288,1.4091795166023076,1.4100231109187007,0.843594316393137,True,
272,onnx_model_018,warmup,1.4097007971237536,1.4101177398115396,1.410972444806248,0.8547049947082996,True,
273,onnx_model_088,warmup,1.4102879767318137,1.4104809006676078,1.4112972728908062,0.8163722231984138,True,
274,onnx_model_052,warmup,1.4141438393208894,1.4145326018333435,1.415383749641478,0.8511478081345558,True,
275,onnx_model_082,warmup,1.42028378908143,1.4206061968579888,1.4213657807558775,0.7595838978886604,True,
276,onnx_model_004,warmup,1.4220604925682454,1.4226034437306225,1.4234545319341123,0.8510882034897804,True,
277,onnx_model_027,warmup,1.433784345352734,1.434693134855479,1.435523642692715,0.8305078372359276,True,
278,onnx_model_073,warmup,1.4412547606095807,1.4417730127461255,1.4426515027880669,0.8784900419414043,True,
279,onnx_model_052,warmup,1.4417248817521142,1.4421957056038082,1.443030412774533,0.8347071707248688,True,
280,onnx_model_031,warmup,1.4496831588870014,1.4502654960379004,1.4511163728311658,0.8508767932653427,True,
281,onnx_model_031,warmup,1.469470211811143,1.47035859990865,1.471310148946941,0.9515490382909775,True,
282,onnx_model_035,warmup,1.4745234215360443,1.4755312115885317,1.4764877506531775,0.9565390646457672,True,
283,onnx_model_035,warmup,1.4836475061452776,1.4847262809053063,1.4855223237536848,0.7960428483784199,True,
284,onnx_model_020,warmup,1.4949495616370043,1.4957662057131529,1.4967394857667387,0.9732800535857677,True,
285,onnx_model_024,warmup,1.4956385508742187,1.4959263307973742,1.4968647849746048,0.9384541772305965,True,
286,onnx_model_023,warmup,1.5022084215960458,1.503084457013756,1.5040410156361759,0.9565586224198341,True,
287,onnx_model_090,warmup,1.5037099785668258,1.5041365968063474,1.5049751307815313,0.8385339751839638,True,
288,onnx_model_090,warmup,1.5046385639218764,1.5050707426853478,1.5059526688419282,0.8819261565804482,True,
289,onnx_model_016,warmup,1.5274065359569147,1.5282155280001462,1.5292301368899643,1.0146088898181915,True,
290,onnx_model_042,warmup,1.5288520221073787,1.5293298857286572,1.5304093677550554,1.079482026398182,True,
291,onnx_model_073,warmup,1.529265995313697,1.5297346860170364,1.5309199788607657,1.1852928437292576,True,
292,onnx_model_003,warmup,1.529553822767711,1.529898386914283,1.531074171885848,1.1757849715650082,True,
293,onnx_model_023,warmup,1.5301871053635068,1.530507073737681,1.5313516287133098,0.8445549756288528,True,
294,onnx_model_096,warmup,1.531609061501087,1.5325693236663938,1.5333739230409265,0.8045993745326996,True,
295,onnx_model_062,warmup,1.5370145170343947,1.537601098883897,1.538443689700216,0.8425908163189888,True,
296,onnx_model_019,warmup,1.5384234012559654,1.5385934747755527,1.5394933656789362,0.8998909033834934,True,
297,onnx_model_001,warmup,1.5390875626225062,1.539588616695255,1.5404173117130995,0.8286950178444386,True,
298,onnx_model_090,warmup,1.5394850842881571,1.539988026022911,1.5406668856739998,0.6788596510887146,True,
299,onnx_model_023,warmup,1.5450116020694047,1.5458896639756858,1.5466702776029706,0.7806136272847652,True,
300,onnx_model_077,warmup,1.5477181988146318,1.5488931727595627,1.5496379085816443,0.7447358220815659,True,
301,onnx_model_002,warmup,1.5502852966270768,1.5508574666455388,1.5517931059002876,0.9356392547488213,True,
302,onnx_model_070,warmup,1.5560593290191806,1.557015041820705,1.558016506023705,1.0014642030000687,True,
303,onnx_model_024,warmup,1.5592629027866667,1.560321747791022,1.5612041647545993,0.8824169635772705,True,
304,onnx_model_086,warmup,1.5712950537081216,1.5725084226578474,1.573496360797435,0.9879381395876408,True,
305,onnx_model_092,warmup,1.575298763459538,1.5758132948540151,1.5766645828261971,0.8512879721820354,True,
306,onnx_model_027,warmup,1.5798095474064904,1.5809704880230129,1.581973624881357,1.003136858344078,True,
307,onnx_model_001,warmup,1.5869430074654398,1.5872834078036249,1.5882490426301956,0.9656348265707493,True,
308,onnx_model_075,warmup,1.5928534170726578,1.5935558108612895,1.5946545996703207,1.098788809031248,True,
309,onnx_model_014,warmup,1.594764676833368,1.595886340830475,1.5967095256783068,0.8231848478317261,True,
310,onnx_model_014,warmup,1.5970093806811096,1.597932209726423,1.5988271706737578,0.8949609473347664,True,
311,onnx_model_011,warmup,1.6049485265013264,1.606053196825087,1.6069636270403862,0.9104302152991295,True,
312,onnx_model_062,warmup,1.6080775744351288,1.609206740744412,1.6100940378382802,0.8872970938682556,True,
313,onnx_model_019,warmup,1.6173999730780653,1.6183299426920712,1.6191387600265443,0.8088173344731331,True,
314,onnx_model_010,warmup,1.6310120800879988,1.6313623660244048,1.6323595819994807,0.9972159750759602,True,
315,onnx_model_086,warmup,1.6402601018494645,1.6405918598175049,1.6416361848823726,1.044325064867735,True,
316,onnx_model_014,warmup,1.6465855402475331,1.646865394897759,1.6477769180200994,0.9115231223404408,True,
317,onnx_model_065,warmup,1.654314040314958,1.6549998177215457,1.65585309965536,0.8532819338142872,True,
318,onnx_model_004,warmup,1.6566067780774172,1.6570922248065472,1.6580117726698518,0.919547863304615,True,
319,onnx_model_058,warmup,1.6637880121237814,1.664234230760485,1.6651706406846642,0.9364099241793156,True,
320,onnx_model_003,warmup,1.6707902047499048,1.6713945316150784,1.6724369525909424,1.0424209758639336,True,
321,onnx_model_078,warmup,1.6764356453099758,1.6766797378659248,1.6776030929759145,0.9233551099896431,True,
322,onnx_model_030,warmup,1.6800996363467406,1.6808442235924304,1.6817900920286775,0.9458684362471104,True,
323,onnx_model_097,warmup,1.6814896112698505,1.6818862347863615,1.6829356397502124,1.049404963850975,True,
324,onnx_model_093,warmup,1.6815104764759623,1.6820463086478412,1.683070806786418,1.024498138576746,True,
325,onnx_model_033,warmup,1.6830694155511594,1.683219118975103,1.684120331890881,0.9012129157781601,True,
326,onnx_model_001,warmup,1.6841032099016515,1.6842806758359075,1.6850468330085278,0.7661571726202965,True,
327,onnx_model_036,warmup,1.685280332641726,1.68626848468557,1.6870715408585966,0.8030561730265617,True,
328,onnx_model_014,warmup,1.68800047115425,1.688292833045125,1.6890527168288827,0.7598837837576866,True,
329,onnx_model_031,warmup,1.691721901275928,1.6922845006920397,1.6932703647762537,0.9858640842139721,True,
330,onnx_model_096,warmup,1.6919329983430906,1.6924655847251415,1.6934023760259151,0.9367913007736206,True,
331,onnx_model_044,warmup,1.6942252901483315,1.6946303197182715,1.695424448698759,0.7941289804875851,True,
332,onnx_model_009,warmup,1.6961610397160758,1.6966597270220518,1.6974868699908257,0.8271429687738419,True,
333,onnx_model_076,warmup,1.6986948636301131,1.6997291119769216,1.700762455817312,1.0333438403904438,True,
334,onnx_model_094,warmup,1.6989348294190347,1.6998867406509817,1.7008935050107539,1.0067643597722054,True,
335,onnx_model_094,warmup,1.7022233547853844,1.7031132150441408,1.7039361987262964,0.8229836821556091,True,
336,onnx_model_046,warmup,1.7081471723552357,1.7091569630429149,1.709879175759852,0.7222127169370651,True,
337,onnx_model_001,warmup,1.7110861180276418,1.7121293130330741,1.7133255465887487,1.196233555674553,True,
338,onnx_model_031,warmup,1.7112180808050945,1.712294255848974,1.7135746199637651,1.2803641147911549,True,
339,onnx_model_087,warmup,1.7118548877264226,1.7124417265877128,1.713530045002699,1.0883184149861336,True,
340,onnx_model_096,warmup,1.7133192542746545,1.7137234429828823,1.7145241349935532,0.8006920106709003,True,
341,onnx_model_083,warmup,1.714660855448175,1.7157519487664104,1.7165336748585105,0.7817260921001434,True,
342,onnx_model_053,warmup,1.7204364934182008,1.720766481012106,1.7217349419370294,0.96846092492342,True,
343,onnx_model_077,warmup,1.7206538447092927,1.7209275867789984,1.7218477758578956,0.9201890788972378,True,
344,onnx_model_014,warmup,1.7224548923980687,1.7230683458037674,1.723897241987288,0.8288961835205555,True,
345,onnx_model_004,warmup,1.72771707887317,1.728120279032737,1.7289596549235284,0.8393758907914162,True,
346,onnx_model_053,warmup,1.7280790062879317,1.7284843507222831,1.729294111020863,0.8097602985799313,True,
347,onnx_model_092,warmup,1.7300771746818129,1.7305375835858285,1.7314389180392027,0.9013344533741474,True,
348,onnx_model_086,warmup,1.7343200911522605,1.734696940984577,1.7355073005892336,0.8103596046566963,True,
349,onnx_model_005,warmup,1.7403042778116777,1.7407402079552412,1.741475285962224,0.7350780069828033,True,
350,onnx_model_081,warmup,1.742298556939377,1.7427697656676173,1.743581349030137,0.8115833625197411,True,
351,onnx_model_051,warmup,1.748668684128698,1.7498109708540142,1.7506489627994597,0.8379919454455376,True,
352,onnx_model_041,warmup,1.7610546744066131,1.7618802119977772,1.762833965010941,0.953753013163805,True,
353,onnx_model_094,warmup,1.7620537777801593,1.7622469696216285,1.763181014917791,0.9340452961623669,True,
354,onnx_model_038,warmup,1.7710475068146514,1.7714259480126202,1.7725684787146747,1.1425307020545006,True,
355,onnx_model_005,warmup,1.772403278597485,1.7727288738824427,1.7736627287231386,0.933854840695858,True,
356,onnx_model_093,warmup,1.7775374313234615,1.7778924899175763,1.779075828846544,1.1833389289677143,True,
357,onnx_model_095,warmup,1.7776412235587686,1.7780535658821464,1.7789633045904338,0.9097387082874775,True,
358,onnx_model_099,warmup,1.7798927433890142,1.7802934837527573,1.7811882039532065,0.8947202004492283,True,
359,onnx_model_063,warmup,1.7924407001372649,1.7934122099541128,1.7942630778998137,0.8508679457008839,True,
360,onnx_model_047,warmup,1.79672464183011,1.797488197684288,1.7984322626143694,0.9440649300813675,True,
361,onnx_model_061,warmup,1.8128670322433613,1.813673423603177,1.8146345405839384,0.9611169807612896,True,
362,onnx_model_009,warmup,1.8142285388736132,1.8147330777719617,1.8155782646499574,0.8451868779957294,True,
363,onnx_model_015,warmup,1.8227557524460485,1.8238009046763182,1.8247227165848017,0.9218119084835052,True,
364,onnx_model_034,warmup,1.8253210273440093,1.8259422560222447,1.8268784247338772,0.9361687116324902,True,
365,onnx_model_030,warmup,1.8340681240628984,1.8351788027212024,1.83614263497293,0.963832251727581,True,
366,onnx_model_064,warmup,1.8385429709066177,1.8394679557532072,1.8409604029729962,1.4924472197890282,True,
367,onnx_model_051,warmup,1.8391908890437552,1.8397303447127342,1.8410141048952937,1.2837601825594902,True,
368,onnx_model_069,warmup,1.8393058526554056,1.8398862509056926,1.841049422044307,1.1631711386144161,True,
369,onnx_model_060,warmup,1.8408635443241343,1.8412260678596795,1.8422539420425892,1.027874182909727,True,
370,onnx_model_030,warmup,1.8436736162000387,1.8445572797209024,1.8455332349985838,0.9759552776813507,True,
371,onnx_model_037,warmup,1.851713891210865,1.8528388016857207,1.8537002797238529,0.8614780381321907,True,
372,onnx_model_023,warmup,1.868550652711448,1.869005432818085,1.869929869659245,0.924436841160059,True,
373,onnx_model_034,warmup,1.8728571840693136,1.8732341108843684,1.8740989449433982,0.8648340590298176,True,
374,onnx_model_018,warmup,1.878203632350221,1.879406122956425,1.8804620099253953,1.0558869689702988,True,
375,onnx_model_049,warmup,1.8909981290609779,1.8918271036818624,1.892721172887832,0.8940692059695721,True,
376,onnx_model_049,warmup,1.896616986903885,1.8970320080406964,1.8980137836188078,0.9817755781114101,True,
377,onnx_model_059,warmup,1.8968475391286665,1.8972192937508225,1.8981744386255741,0.9551448747515678,True,
378,onnx_model_034,warmup,1.9009088512671433,1.9014715156517923,1.9023832799866796,0.9117643348872662,True,
379,onnx_model_029,warmup,1.9028467561370128,1.9037029277533293,1.9046898540109396,0.986926257610321,True,
380,onnx_model_036,warmup,1.9034408219804562,1.9038920267485082,1.9048140798695385,0.9220531210303307,True,
381,onnx_model_080,warmup,1.9073389153104592,1.9081125799566507,1.9088895069435239,0.7769269868731499,True,
382,onnx_model_037,warmup,1.9224830270620739,1.9231927646324039,1.9241533307358623,0.9605661034584045,True,
383,onnx_model_095,warmup,1.9308109249362844,1.9314320269040763,1.9324264978058636,0.994470901787281,True,
384,onnx_model_031,warmup,1.933203519266215,1.9336754819378257,1.934633512981236,0.9580310434103012,True,
385,onnx_model_046,warmup,1.9339302228054958,1.9347360976971686,1.9355592615902424,0.8231638930737972,True,
386,onnx_model_048,warmup,1.9360806530137564,1.936773610766977,1.9377310508862138,0.9574401192367077,True,
387,onnx_model_094,warmup,1.9374015844221621,1.9378289468586445,1.9386414806358516,0.8125337772071362,True,
388,onnx_model_059,warmup,1.9451466633234935,1.9458250156603754,1.946543802972883,0.7187873125076294,True,
389,onnx_model_090,warmup,1.952513413951831,1.952779385726899,1.9535483065992594,0.7689208723604679,True,
390,onnx_model_093,warmup,1.9646402462134809,1.9657840859144926,1.9672680557705462,1.4839698560535908,True,
391,onnx_model_033,warmup,1.967714033637352,1.9684923640452325,1.969306400977075,0.8140369318425655,True,
392,onnx_model_024,warmup,1.9734359886468544,1.9745331658050418,1.9755884017795324,1.0552359744906425,True,
393,onnx_model_071,warmup,1.9739493855023194,1.9747184086591005,1.9757220358587801,1.0036271996796131,True,
394,onnx_model_097,warmup,1.9767897237465153,1.9779479978606105,1.9788560937158763,0.9080958552658558,True,
395,onnx_model_066,warmup,1.9829928111459014,1.984108597971499,1.9851283766329288,1.019778661429882,True,
396,onnx_model_010,warmup,1.9850130052758939,1.9852717188186944,1.9861225956119597,0.8508767932653427,True,
397,onnx_model_079,warmup,1.9905006919929105,1.9913448626175523,1.9922302258200943,0.8853632025420666,True,
398,onnx_model_064,warmup,1.9938258538199125,1.9944531018845737,1.995285122655332,0.8320207707583904,True,
399,onnx_model_079,warmup,1.9957289438158834,1.996505282819271,1.9972892627120018,0.7839798927307129,True,
400,onnx_model_022,warmup,1.997943935180755,1.9985088109970093,1.9995182598941028,1.0094488970935345,True,
401,onnx_model_098,warmup,2.0033379281255037,2.0037544216029346,2.0045982459560037,0.843824353069067,True,
402,onnx_model_005,warmup,2.008408610963378,2.0088694249279797,2.009518007747829,0.6485828198492527,True,
403,onnx_model_073,warmup,2.0113908745638276,2.0117672528140247,2.0125947957858443,0.8275429718196392,True,
404,onnx_model_008,warmup,2.011617764109034,2.0119367856532335,2.012725594919175,0.7888092659413815,True,
405,onnx_model_023,warmup,2.0129720443915313,2.013946625869721,2.014534553978592,0.5879281088709831,True,
406,onnx_model_086,warmup,2.0186440222345783,2.019758613780141,2.0204115347005427,0.6529209204018116,True,
407,onnx_model_043,warmup,2.0254641074978057,2.02665395103395,2.0273174117319286,0.663460697978735,True,
408,onnx_model_028,warmup,2.0343609866520884,2.0355425169691443,2.0364462649449706,0.9037479758262634,True,
409,onnx_model_008,warmup,2.037907239683755,2.0386842489242554,2.039419125765562,0.7348768413066864,True,
410,onnx_model_088,warmup,2.047410392662724,2.0477233207784593,2.048583395779133,0.8600750006735325,True,
411,onnx_model_087,warmup,2.0511083836543684,2.0518055809661746,2.0526355779729784,0.829997006803751,True,
412,onnx_model_080,warmup,2.064756654425207,2.06689772894606,2.067929830867797,1.032101921737194,True,
413,onnx_model_071,warmup,2.066112810380822,2.067075396887958,2.068047984968871,0.9725880809128284,True,
414,onnx_model_064,warmup,2.0668272978038007,2.0675269649364054,2.0682812687009573,0.754303764551878,True,
415,onnx_model_030,warmup,2.085026600083099,2.085512031801045,2.0865132650360465,1.001233235001564,True,
416,onnx_model_099,warmup,2.0850760991977824,2.085703746881336,2.086689048912376,0.9853020310401917,True,
417,onnx_model_010,warmup,2.0858291575188206,2.086149132810533,2.0871834186837077,1.0342858731746674,True,
418,onnx_model_034,warmup,2.0888172788432557,2.089420711621642,2.090361099690199,0.9403880685567856,True,
419,onnx_model_005,warmup,2.098813110156237,2.100633375812322,2.1017295690253377,1.0961932130157948,True,
420,onnx_model_049,warmup,2.0990193053015087,2.1008060039021075,2.1018423438072205,1.0363399051129818,True,
421,onnx_model_082,warmup,2.11007327087527,2.112067710608244,2.1128225256688893,0.7548150606453419,True,
422,onnx_model_089,warmup,2.1177966382814164,2.1180489896796644,2.1189601118676364,0.9111221879720688,True,
423,onnx_model_026,warmup,2.1249775715413137,2.1261929306201637,2.127087671775371,0.8947411552071571,True,
424,onnx_model_081,warmup,2.127357142775782,2.1283288607373834,2.129071181640029,0.7423209026455879,True,
425,onnx_model_038,warmup,2.1371954622339544,2.1392997349612415,2.140321747865528,1.0220129042863846,True,
426,onnx_model_047,warmup,2.1383412291361314,2.1394626749679446,2.1404373575933278,0.9746826253831387,True,
427,onnx_model_085,warmup,2.142118217866057,2.1426773257553577,2.14359465893358,0.9173331782221794,True,
428,onnx_model_073,warmup,2.153375532984001,2.1538343029096723,2.1547805620357394,0.9462591260671616,True,
429,onnx_model_047,warmup,2.1543774529925264,2.154877736698836,2.155603535939008,0.7257992401719093,True,
430,onnx_model_086,warmup,2.167924191687915,2.1698423819616437,2.170727213844657,0.8848318830132484,True,
431,onnx_model_097,warmup,2.1782908691079212,2.1789489430375397,2.179689089767635,0.7401467300951481,True,
432,onnx_model_071,warmup,2.179537477492372,2.1798197077587247,2.180523615796119,0.7039080373942852,True,
433,onnx_model_081,warmup,2.1849861868526332,2.1857680547982454,2.186643047723919,0.8749929256737232,True,
434,onnx_model_073,warmup,2.1879477814004087,2.188864280935377,2.1896969927474856,0.8327118121087551,True,
435,onnx_model_085,warmup,2.19938522646296,2.1999262180179358,2.200922080781311,0.9958627633750439,True,
436,onnx_model_039,warmup,2.1995384828297615,2.200087544042617,2.2010521576739848,0.9646136313676834,True,
437,onnx_model_006,warmup,2.199855548376287,2.2005290938541293,2.2015110799111426,0.9819860570132732,True,
438,onnx_model_026,warmup,2.2062653063032722,2.2067426247522235,2.207679354585707,0.936729833483696,True,
439,onnx_model_044,warmup,2.2161934034886697,2.2179338876158,2.2188992728479207,0.9653852321207523,True,
440,onnx_model_027,warmup,2.219067674433102,2.220124982763082,2.2210700688883662,0.9450861252844334,True,
441,onnx_model_022,warmup,2.231638198182648,2.2323110066354275,2.2332015996798873,0.8905930444598198,True,
442,onnx_model_021,warmup,2.2324418667568904,2.232703231740743,2.23366637295112,0.9631412103772163,True,
443,onnx_model_031,warmup,2.233357475231208,2.2337635778822005,2.2345541110262275,0.7905331440269947,True,
444,onnx_model_083,warmup,2.238761361656218,2.239780434872955,2.2406454998999834,0.8650650270283222,True,
445,onnx_model_028,warmup,2.2414020742111744,2.2419044729322195,2.2429760498926044,1.0715769603848457,True,
446,onnx_model_069,warmup,2.2417775207135167,2.2420766400173306,2.243105936795473,1.0292967781424522,True,
447,onnx_model_019,warmup,2.245680654621428,2.246330104768276,2.2471370990388095,0.8069942705333233,True,
448,onnx_model_092,warmup,2.2492847507424156,2.250359724741429,2.2511539650149643,0.7942402735352516,True,
449,onnx_model_020,warmup,2.257043866388939,2.2574167186394334,2.258180610835552,0.7638921961188316,True,
450,onnx_model_030,warmup,2.2642953835215005,2.265408830717206,2.2662711697630584,0.8623390458524227,True,
451,onnx_model_023,warmup,2.2683584494512394,2.269495649728924,2.2703261277638376,0.8304780349135399,True,
452,onnx_model_067,warmup,2.2781357939738753,2.2785502206534147,2.279370110016316,0.8198893629014492,True,
453,onnx_model_066,warmup,2.289543031212338,2.2906552306376398,2.291507340967655,0.8521103300154209,True,
454,onnx_model_044,warmup,2.292815762188563,2.293769560754299,2.2948153489269316,1.0457881726324558,True,
455,onnx_model_064,warmup,2.293205731574325,2.2939371997490525,2.294929675757885,0.9924760088324547,True,
456,onnx_model_093,warmup,2.295316077439466,2.2961659957654774,2.296910561621189,0.7445658557116985,True,
457,onnx_model_046,warmup,2.310373839499616,2.3111342289485037,2.31222011288628,1.0858839377760887,True,
458,onnx_model_064,warmup,2.3161153381637356,2.316442318726331,2.3175224317237735,1.080112997442484,True,
459,onnx_model_047,warmup,2.317715382956048,2.3187556359916925,2.3196827080100775,0.9270720183849335,True,
460,onnx_model_038,warmup,2.3198135387660095,2.3209202806465328,2.3218410606496036,0.9207800030708313,True,
461,onnx_model_019,warmup,2.3293067107255836,2.3300660457462072,2.3309994996525347,0.933453906327486,True,
462,onnx_model_017,warmup,2.3303099490392523,2.331096574664116,2.3318937700241804,0.7971953600645065,True,
463,onnx_model_042,warmup,2.3343919539839475,2.3351243906654418,2.335936013609171,0.8116229437291622,True,
464,onnx_model_006,warmup,2.337395817459732,2.338195187970996,2.339140354655683,0.9451666846871376,True,
465,onnx_model_018,warmup,2.3380281189970513,2.3383609326556325,2.3392978035844862,0.9368709288537502,True,
466,onnx_model_071,warmup,2.358967819027207,2.3595297816209495,2.3606613227166235,1.131541095674038,True,
467,onnx_model_001,warmup,2.3591278549580714,2.359737145714462,2.360796489752829,1.0593440383672714,True,
468,onnx_model_006,warmup,2.363665784560654,2.3640144267119467,2.364997996017337,0.9835693053901196,True,
469,onnx_model_017,warmup,2.369346894383243,2.3702295306138694,2.3712815707549453,1.0520401410758495,True,
470,onnx_model_085,warmup,2.369649739581437,2.3703917786478996,2.3714267569594085,1.034978311508894,True,
471,onnx_model_096,warmup,2.3778033007600485,2.378665425814688,2.379569083917886,0.903658103197813,True,
472,onnx_model_010,warmup,2.380434036216372,2.3807638050056994,2.3816895647905767,0.9257597848773003,True,
473,onnx_model_034,warmup,2.384066379290206,2.3849122310057282,2.3859641198068857,1.0518888011574745,True,
474,onnx_model_095,warmup,2.387368179968686,2.388186343945563,2.3890879177488387,0.9015738032758236,True,
475,onnx_model_024,warmup,2.392366207634848,2.3933096728287637,2.394234510604292,0.9248377755284309,True,
476,onnx_model_009,warmup,2.4024145388057816,2.4044514116831124,2.405348336789757,0.8969251066446304,True,
477,onnx_model_021,warmup,2.4146625792469334,2.415592388715595,2.4165744059719145,0.9820172563195229,True,
478,onnx_model_001,warmup,2.4161546383190906,2.416684504598379,2.4175714207813144,0.8869161829352379,True,
479,onnx_model_049,warmup,2.4172164978331665,2.41768452571705,2.418630964588374,0.9464388713240623,True,
480,onnx_model_038,warmup,2.424440117607925,2.424853974953294,2.4257654966786504,0.9115217253565788,True,
481,onnx_model_085,warmup,2.425670729126237,2.4259199406951666,2.426807056646794,0.8871159516274929,True,
482,onnx_model_097,warmup,2.434402351100089,2.4350782190449536,2.436091204639524,1.0129855945706367,True,
483,onnx_model_065,warmup,2.4510408477075116,2.4513248316943645,2.4522714409977198,0.946609303355217,True,
484,onnx_model_035,warmup,2.451749532058299,2.4523692266084254,2.453219562768936,0.8503361605107784,True,
485,onnx_model_097,warmup,2.4571549384599582,2.45744389295578,2.4582381527870893,0.7942598313093185,True,
486,onnx_model_045,warmup,2.4610868774790786,2.4614627426490188,2.462221304886043,0.7585622370243073,True,
487,onnx_model_030,warmup,2.4863692923499774,2.4874890446662903,2.4886725950054824,1.183550339192152,True,
488,onnx_model_044,warmup,2.4869777671128106,2.4876901577226818,2.4888354940339923,1.1453363113105297,True,
489,onnx_model_076,warmup,2.48857953234797,2.4889354635961354,2.4898337619379163,0.898298341780901,True,
490,onnx_model_090,warmup,2.4937504555230388,2.4940633419901133,2.495094050653279,1.0307086631655693,True,
491,onnx_model_010,warmup,2.4938488542394586,2.494227773975581,2.4952082079835236,0.9804340079426765,True,
492,onnx_model_004,warmup,2.4940114513928484,2.494676577858627,2.4955138289369643,0.837251078337431,True,
493,onnx_model_090,warmup,2.503811224071246,2.5057680406607687,2.5065885107032955,0.820470042526722,True,
494,onnx_model_066,warmup,2.506291874086598,2.5067052617669106,2.5078078377991915,1.102576032280922,True,
495,onnx_model_039,warmup,2.506299628514627,2.5069055329076946,2.5079595567658544,1.0540238581597805,True,
496,onnx_model_072,warmup,2.5145383737997897,2.515193677973002,2.516118725761771,0.9250477887690067,True,
497,onnx_model_099,warmup,2.5234880546850493,2.524346385616809,2.525279449764639,0.9330641478300095,True,
498,onnx_model_096,warmup,2.5243972746399725,2.524737949948758,2.5255924947559834,0.8545448072254658,True,
499,onnx_model_015,warmup,2.5307419655510452,2.531830822583288,2.5328599088825285,1.0290862992405891,True,
500,onnx_model_042,warmup,2.532437986657153,2.5329556209035218,2.5338708106428385,0.9151897393167019,True,
501,onnx_model_095,warmup,2.5428797310662814,2.544098391663283,2.5450463029555976,0.9479112923145294,True,
502,onnx_model_064,warmup,2.5462421154523764,2.5472685578279197,2.5484822150319815,1.2136572040617466,True,
503,onnx_model_033,warmup,2.5531719339645496,2.553728065919131,2.554668844677508,0.9407787583768368,True,
504,onnx_model_013,warmup,2.561072063921318,2.5618957518599927,2.5628521498292685,0.956397969275713,True,
505,onnx_model_013,warmup,2.572161419937966,2.573115228675306,2.5740653448738158,0.9501161985099316,True,
506,onnx_model_062,warmup,2.573413759342057,2.5741634108126163,2.575019498821348,0.8560880087316036,True,
507,onnx_model_090,warmup,2.5827459904969863,2.5832675569690764,2.584181443788111,0.9138868190348148,True,
508,onnx_model_095,warmup,2.5885774709824796,2.589410854037851,2.5905636656098068,1.1528115719556808,True,
509,onnx_model_009,warmup,2.5896364918584847,2.5898066367954016,2.5909715108573437,1.1648740619421005,True,
510,onnx_model_022,warmup,2.5898558390341324,2.590157533995807,2.591116335708648,0.9588017128407955,True,
511,onnx_model_074,warmup,2.5902341440691385,2.5906772017478943,2.5917636966332793,1.0864948853850365,True,
512,onnx_model_007,warmup,2.5955094560570298,2.59598633274436,2.596893517766148,0.9071850217878819,True,
513,onnx_model_066,warmup,2.603016075195281,2.6041273279115558,2.605254631023854,1.1273031122982502,True,
514,onnx_model_079,warmup,2.6035378767942605,2.604294285643846,2.605386331677437,1.092046033591032,True,
515,onnx_model_001,warmup,2.6080549175756755,2.6086288248188794,2.6094767367467284,0.8479119278490543,True,
516,onnx_model_064,warmup,2.609564412538714,2.6107118646614254,2.6116299596615136,0.9180950000882149,True,
517,onnx_model_006,warmup,2.6149456650321405,2.6158656808547676,2.6168803996406496,1.0147187858819962,True,
518,onnx_model_031,warmup,2.6227116454746526,2.623110091779381,2.62422659387812,1.1165020987391472,True,
519,onnx_model_019,warmup,2.6227361161025327,2.623272911645472,2.624352793674916,1.0798820294439793,True,
520,onnx_model_023,warmup,2.62354514875581,2.6237391280010343,2.624526704661548,0.7875766605138779,True,
521,onnx_model_000,warmup,2.625030850893705,2.6257524946704507,2.6267127697356045,0.9602750651538372,True,
522,onnx_model_072,warmup,2.6396776935680175,2.640937679912895,2.6418426297605038,0.9049498476088047,True,
523,onnx_model_058,warmup,2.64244585533382,2.6430607549846172,2.6439838097430766,0.9230547584593296,True,
524,onnx_model_011,warmup,2.654016562545678,2.655212353914976,2.656270375009626,1.0580210946500301,True,
525,onnx_model_099,warmup,2.6545086026361626,2.6553739910013974,2.6564215128310025,1.0475218296051025,True,
526,onnx_model_092,warmup,2.658593196216879,2.659726985730231,2.66068358393386,0.9565982036292553,True,
527,onnx_model_026,warmup,2.6594280276637496,2.6599139110185206,2.6608383976854384,0.9244866669178009,True,
528,onnx_model_038,warmup,2.662304068772562,2.663059489801526,2.6639090445823967,0.849554780870676,True,
529,onnx_model_033,warmup,2.6700341117798234,2.6711407816037536,2.6719902069307864,0.8494253270328045,True,
530,onnx_model_014,warmup,2.6775272620634887,2.6782440836541355,2.6797318616881967,1.4877780340611935,True,
531,onnx_model_032,warmup,2.677918029583571,2.6784033067524433,2.6797895217314363,1.386214978992939,True,
532,onnx_model_002,warmup,2.6779792652797236,2.6785453967750072,2.6795658068731427,1.0204100981354713,True,
533,onnx_model_084,warmup,2.680513633368295,2.681071899831295,2.6821214049123228,1.0495050810277462,True,
534,onnx_model_036,warmup,2.681954769957983,2.68229066580534,2.683176479768008,0.8858139626681805,True,
535,onnx_model_057,warmup,2.6832174944619975,2.6844016588293016,2.685364879667759,0.963220838457346,True,
536,onnx_model_005,warmup,2.683524109649343,2.6845629648305476,2.6854928927496076,0.9299279190599918,True,
537,onnx_model_052,warmup,2.686028828730724,2.68672286067158,2.687455643899739,0.7327832281589508,True,
538,onnx_model_077,warmup,2.693842373022531,2.6946921898052096,2.695544278714806,0.8520889095962048,True,
539,onnx_model_033,warmup,2.7057452572690472,2.706766891758889,2.7075869608670473,0.82006910815835,True,
540,onnx_model_043,warmup,2.706967197129547,2.7071290807798505,2.7079314556904137,0.8023749105632305,True,
541,onnx_model_028,warmup,2.7098719032419143,2.7101731868460774,2.7110687089152634,0.8955220691859722,True,
542,onnx_model_005,warmup,2.7153887955729816,2.716290474869311,2.7172547075897455,0.9642327204346657,True,
543,onnx_model_031,warmup,2.7183624908802875,2.7194743268191814,2.7204766129143536,1.0022860951721668,True,
544,onnx_model_068,warmup,2.725556580931045,2.726735319942236,2.727716924622655,0.9816046804189682,True,
545,onnx_model_042,warmup,2.733164453060275,2.73396260663867,2.7350387829355896,1.0761762969195843,True,
546,onnx_model_053,warmup,2.7334352306423826,2.734124355018139,2.7351563055999577,1.031950581818819,True,
547,onnx_model_010,warmup,2.7379419111066814,2.7383814766071737,2.739384493790567,1.00301718339324,True,
548,onnx_model_075,warmup,2.739506076642918,2.7406668406911194,2.741696187760681,1.0293470695614815,True,
549,onnx_model_017,warmup,2.741216208323856,2.741795766633004,2.742707619909197,0.9118532761931419,True,
550,onnx_model_095,warmup,2.748146444968752,2.748951588757336,2.7498850538395345,0.9334650821983814,True,
551,onnx_model_071,warmup,2.751329260852863,2.7521069068461657,2.7531142719089985,1.0073650628328323,True,
552,onnx_model_049,warmup,2.7585777244684175,2.759339955635369,2.7603360298089683,0.9960741735994816,True,
553,onnx_model_065,warmup,2.7640643630799793,2.7645677840337157,2.7658537779934704,1.2859939597547054,True,
554,onnx_model_029,warmup,2.7644549868006654,2.7647551498375833,2.7659003366716206,1.145186834037304,True,
555,onnx_model_020,warmup,2.767967014678048,2.7691270196810365,2.77008273685351,0.955717172473669,True,
556,onnx_model_055,warmup,2.7740298794188307,2.7743070367723703,2.7753174169920385,1.01038021966815,True,
557,onnx_model_034,warmup,2.776026696464431,2.776540332008153,2.777549499645829,1.0091676376760006,True,
558,onnx_model_072,warmup,2.7845247778596436,2.7847821577452123,2.7857301300391555,0.9479722939431667,True,
559,onnx_model_042,warmup,2.7863566453755158,2.786969926673919,2.7879946948960423,1.0247682221233845,True,
560,onnx_model_075,warmup,2.795622669171281,2.7962173148989677,2.7971501275897026,0.9328126907348633,True,
561,onnx_model_000,warmup,2.7973203599819185,2.798374234698713,2.7996315946802497,1.2573599815368652,True,
562,onnx_model_045,warmup,2.7976196117782948,2.7985364329069853,2.799481198657304,0.9447657503187656,True,
563,onnx_model_051,warmup,2.803291703174873,2.8038583896122873,2.8048339639790356,0.975574366748333,True,
564,onnx_model_019,warmup,2.8193956187944362,2.8200577828101814,2.8210460008122027,0.9882180020213127,True,
565,onnx_model_008,warmup,2.8250377405334737,2.825278756674379,2.826301821973175,1.0230652987957,True,
566,onnx_model_005,warmup,2.83339480374114,2.8345486880280077,2.8355763009749353,1.0276129469275475,True,
567,onnx_model_073,warmup,2.8348163469202032,2.835688744671643,2.836641054600477,0.9523099288344383,True,
568,onnx_model_083,warmup,2.846546435881797,2.846864318009466,2.8478381587192416,0.9738407097756863,True,
569,onnx_model_028,warmup,2.8480116091879153,2.849058839958161,2.8501130025833845,1.0541626252233982,True,
570,onnx_model_070,warmup,2.8497414577812266,2.8502077437005937,2.8511768258176744,0.9690821170806885,True,
571,onnx_model_008,warmup,2.8505274598035246,2.851271294988692,2.8521902919746935,0.91899698600173,True,
572,onnx_model_032,warmup,2.8593513061800717,2.8604148156009614,2.861388936638832,0.9741210378706455,True,
573,onnx_model_016,warmup,2.861687420043551,2.8626067116856575,2.863557248841971,0.9505371563136578,True,
574,onnx_model_097,warmup,2.8665685258116,2.8668129378929734,2.867785956710577,0.9730188176035881,True,
575,onnx_model_011,warmup,2.8695397444906194,2.870007389690727,2.8710370967164636,1.0297070257365704,True,
576,onnx_model_006,warmup,2.8707807486192447,2.87113214796409,2.8720245538279414,0.8924058638513088,True,
577,onnx_model_051,warmup,2.8728311052249813,2.8732433007098734,2.874087775591761,0.8444748818874359,True,
578,onnx_model_047,warmup,2.878600265683869,2.8793155727908015,2.8802175177261233,0.9019449353218079,True,
579,onnx_model_061,warmup,2.8833238602355453,2.884460703935474,2.8853718559257686,0.9111519902944565,True,
580,onnx_model_058,warmup,2.8866293566629877,2.8875911138020456,2.8885865355841815,0.9954217821359634,True,
581,onnx_model_021,warmup,2.8983205369396825,2.898809287697077,2.8998308898881078,1.0216021910309792,True,
582,onnx_model_064,warmup,2.899551904954971,2.8999260906130075,2.9008319629356265,0.9058723226189613,True,
583,onnx_model_040,warmup,2.902151948167755,2.903053996618837,2.9038922898471355,0.8382932282984257,True,
584,onnx_model_006,warmup,2.9041361072456646,2.9051321069709957,2.906089366879314,0.9572599083185196,True,
585,onnx_model_033,warmup,2.904449858253989,2.905293593648821,2.906199506018311,0.9059123694896698,True,
586,onnx_model_013,warmup,2.9158909921392047,2.916420925874263,2.9173182607628405,0.8973348885774612,True,
587,onnx_model_023,warmup,2.9218464718183825,2.92254132963717,2.923450247850269,0.9089182130992413,True,
588,onnx_model_013,warmup,2.9291460186908402,2.929687002673745,2.930654781870544,0.9677791967988014,True,
589,onnx_model_037,warmup,2.932766693122703,2.933876555878669,2.9347493848763406,0.8728289976716042,True,
590,onnx_model_036,warmup,2.946790182741891,2.9490017066709697,2.950267793610692,1.2660869397222996,True,
591,onnx_model_077,warmup,2.9485737813240767,2.94917397480458,2.95014970889315,0.9757340885698795,True,
592,onnx_model_020,warmup,2.950877748135337,2.9514893256127834,2.9523405437357724,0.8512181229889393,True,
593,onnx_model_018,warmup,2.9557854863535042,2.9565632906742394,2.9575532926246524,0.9900019504129887,True,
594,onnx_model_083,warmup,2.9602560708442516,2.9608065066859126,2.961861582007259,1.0550753213465214,True,
595,onnx_model_055,warmup,2.971954040523989,2.9730811989866197,2.9740405026823282,0.9593036957085133,True,
596,onnx_model_012,warmup,2.9793760512472103,2.980263060890138,2.9811546560376883,0.891595147550106,True,
597,onnx_model_014,warmup,2.982725813172012,2.983375135809183,2.9842878407798707,0.9127049706876278,True,
598,onnx_model_050,warmup,2.983881632142857,2.9843825506977737,2.9852299517951906,0.8474010974168777,True,
599,onnx_model_043,warmup,2.9930408668891597,2.993451088666916,2.9944591159000993,1.008027233183384,True,
600,onnx_model_040,warmup,2.997929434423161,2.998718793038279,2.999644291587174,0.9254985488951206,True,
601,onnx_model_043,warmup,3.0013989736206783,3.0019248868338764,3.0028964239172637,0.9715370833873749,True,
602,onnx_model_062,warmup,3.009833125461522,3.0102058076299727,3.011227218899876,1.021411269903183,True,
603,onnx_model_042,warmup,3.013269091891653,3.0144881578162313,3.0154333147220314,0.9451569058001041,True,
604,onnx_model_031,warmup,3.0160503564223977,3.016681106761098,3.01759592583403,0.9148190729320049,True,
605,onnx_model_070,warmup,3.0171229601679443,3.0177124869078398,3.0185478548519313,0.8353679440915585,True,
606,onnx_model_000,warmup,3.0199254246326244,3.0207734457217157,3.0216607516631484,0.8873059414327145,True,
607,onnx_model_069,warmup,3.0210140068774245,3.0217726049013436,3.0226603816263378,0.8877767249941826,True,
608,onnx_model_015,warmup,3.026446490275025,3.0268919756636024,3.0277344370260835,0.8424613624811172,True,
609,onnx_model_097,warmup,3.027051174864144,3.0272638527676463,3.028132915031165,0.8690622635185719,True,
610,onnx_model_073,warmup,3.0335659613963264,3.034379207994789,3.0352356359362602,0.8564279414713383,True,
611,onnx_model_051,warmup,3.049793998069231,3.0504583818838,3.051443845964968,0.9854640811681747,True,
612,onnx_model_030,warmup,3.0633252856005866,3.0636799349449575,3.0646401699632406,0.9602350182831287,True,
613,onnx_model_029,warmup,3.0662428950008493,3.0668642478995025,3.0678041647188365,0.9399168193340302,True,
614,onnx_model_018,warmup,3.0695729819868283,3.070024444721639,3.071018874645233,0.994429923593998,True,
615,onnx_model_074,warmup,3.09027750592954,3.0912405736744404,3.0921351038850844,0.8945302106440067,True,
616,onnx_model_048,warmup,3.0940164849589196,3.0943555147387087,3.0952595029957592,0.9039882570505142,True,
617,onnx_model_043,warmup,3.1005119711781144,3.10148453572765,3.1024773828685284,0.992847140878439,True,
618,onnx_model_075,warmup,3.1018410182215916,3.1025749989785254,3.103466514032334,0.8915150538086891,True,
619,onnx_model_010,warmup,3.116109314537725,3.117703575640917,3.1186997098848224,0.9961342439055443,True,
620,onnx_model_031,warmup,3.1273416171956856,3.128924825694412,3.1298985867761075,0.9737610816955566,True,
621,onnx_model_057,warmup,3.1379725584061444,3.140075111761689,3.1407529399730265,0.677828211337328,True,
622,onnx_model_062,warmup,3.143866541773313,3.1449258415959775,3.1456598569639027,0.7340153679251671,True,
623,onnx_model_049,warmup,3.1455471096355883,3.145724519621581,3.1463736137375236,0.6490941159427166,True,
624,onnx_model_087,warmup,3.1516513606839376,3.1525335926562548,3.1531565776094794,0.622984953224659,True,
625,onnx_model_008,warmup,3.15571765040165,3.15632802573964,3.156909470912069,0.5814451724290848,True,
626,onnx_model_075,warmup,3.1642932698065898,3.1650869357399642,3.1657616677694023,0.6747320294380188,True,
627,onnx_model_099,warmup,3.1664788261164003,3.166992667596787,3.1679186476394534,0.9259800426661968,True,
628,onnx_model_074,warmup,3.168534687417192,3.1691406005993485,3.1700064865872264,0.8658859878778458,True,
629,onnx_model_027,warmup,3.1834771432460576,3.1842293827794492,3.1850013700313866,0.7719872519373894,True,
630,onnx_model_040,warmup,3.186044969495093,3.1872256277129054,3.1879423609934747,0.716733280569315,True,
631,onnx_model_053,warmup,3.1881604931337306,3.1891635917127132,3.189867469947785,0.7038782350718975,True,
632,onnx_model_036,warmup,3.1990007009737695,3.2000912940129638,3.200782638043165,0.6913440302014351,True,
633,onnx_model_084,warmup,3.2019191742264588,3.203004320617765,3.2037609899416566,0.7566693238914013,True,
634,onnx_model_041,warmup,3.2059229966442246,3.2070459639653563,3.207970440853387,0.9244768880307674,True,
635,onnx_model_096,warmup,3.2066407610560175,3.207221366930753,3.2080867919139564,0.8654249832034111,True,
636,onnx_model_019,warmup,3.2080925976919805,3.2082366067916155,3.2089511957019567,0.7145889103412628,True,
637,onnx_model_069,warmup,3.2088642210609284,3.209093736950308,3.2097869836725295,0.6932467222213745,True,
638,onnx_model_081,warmup,3.210898040275878,3.2120096487924457,3.2126912749372423,0.6816261447966099,True,
639,onnx_model_054,warmup,3.2153826786450397,3.215917707886547,3.2166222166270018,0.7045087404549122,True,
640,onnx_model_063,warmup,3.226515656014369,3.2268453896977007,3.227520282845944,0.6748931482434273,True,
641,onnx_model_099,warmup,3.230739583543298,3.2317304858006537,3.232298765797168,0.5682799965143204,True,
642,onnx_model_077,warmup,3.237094737924992,3.2375479438342154,3.238255738746375,0.7077949121594429,True,
643,onnx_model_053,warmup,3.2699545232480682,3.2705792118795216,3.2714359699748456,0.8567580953240395,True,
644,onnx_model_067,warmup,3.2771939011127404,3.27775368001312,3.27858122298494,0.8275429718196392,True,
645,onnx_model_055,warmup,3.2881611608863373,3.2888124706223607,3.28979718266055,0.9847120381891727,True,
646,onnx_model_089,warmup,3.290514914823623,3.291036748792976,3.291852969676256,0.8162208832800388,True,
647,onnx_model_079,warmup,3.2988939053823456,3.300109564792365,3.3010355848819017,0.9260200895369053,True,
648,onnx_model_006,warmup,3.3002220002249647,3.30050345370546,3.301386682782322,0.8832290768623352,True,
649,onnx_model_034,warmup,3.302550509385063,3.303650234825909,3.3045542240142822,0.9039891883730888,True,
650,onnx_model_014,warmup,3.304040654333053,3.304676395840943,3.305836370680481,1.1599748395383358,True,
651,onnx_model_093,warmup,3.3041894416030986,3.3048457079567015,3.3058837009593844,1.0379930026829243,True,
652,onnx_model_085,warmup,3.308397042641136,3.309105394873768,3.309891138691455,0.7857438176870346,True,
653,onnx_model_006,warmup,3.3131047124770925,3.3141191648319364,3.315001562703401,0.8823978714644909,True,
654,onnx_model_031,warmup,3.3261425843454133,3.327228754758835,3.328042882028967,0.8141272701323032,True,
655,onnx_model_058,warmup,3.328666544674903,3.3292649346403778,3.3300365516915917,0.7716170512139797,True,
656,onnx_model_070,warmup,3.3369898201714014,3.3372594020329416,3.3381587606854737,0.8993586525321007,True,
657,onnx_model_011,warmup,3.338808148428208,3.3393790810368955,3.340225870721042,0.8467896841466427,True,
658,onnx_model_076,warmup,3.3549044369001617,3.355526454746723,3.356472933664918,0.9464789181947708,True,
659,onnx_model_068,warmup,3.3598247291160184,3.3608139757998288,3.361754945013672,0.9409692138433456,True,
660,onnx_model_097,warmup,3.3612159010647473,3.361859753727913,3.3628122936934233,0.9525399655103683,True,
661,onnx_model_026,warmup,3.3623171750220098,3.3629130856133997,3.3636891208589077,0.7760352455079556,True,
662,onnx_model_078,warmup,3.3668654703251595,3.3679205840453506,3.36873024282977,0.8096587844192982,True,
663,onnx_model_036,warmup,3.370774228323512,3.3719645808450878,3.3728733086027205,0.9087277576327324,True,
664,onnx_model_067,warmup,3.371833945006112,3.37213196977973,3.373015167657286,0.8831978775560856,True,
665,onnx_model_011,warmup,3.3733747691126754,3.374245125800371,3.3753935489803553,1.1484231799840927,True,
666,onnx_model_074,warmup,3.373490950003282,3.3744097189046443,3.3755454178899527,1.1356989853084087,True,
667,onnx_model_043,warmup,3.373532182472795,3.3745579309761524,3.375585183966905,1.0272529907524586,True,
668,onnx_model_083,warmup,3.3825199547695126,3.382828652858734,3.3836766039021313,0.8479510433971882,True,
669,onnx_model_014,warmup,3.388037153723966,3.388916574884206,3.3899597078561783,1.043132971972227,True,
670,onnx_model_012,warmup,3.388232357457199,3.3890829109586775,3.3901309026405215,1.047991681843996,True,
671,onnx_model_061,warmup,3.3893476442822754,3.3895242596045136,3.3903123876079917,0.7881280034780502,True,
672,onnx_model_065,warmup,3.3999145228402083,3.400540590751916,3.4014044529758394,0.8638622239232063,True,
673,onnx_model_048,warmup,3.4034692149706522,3.404671552591026,3.4056454240344465,0.9738714434206486,True,
674,onnx_model_004,warmup,3.4038640960173367,3.4048408148810267,3.4057801999151707,0.9393850341439247,True,
675,onnx_model_041,warmup,3.423485346143176,3.4250148427672684,3.4260765006765723,1.0616579093039036,True,
676,onnx_model_052,warmup,3.4239345629033924,3.425178905017674,3.426185908727348,1.0070037096738815,True,
677,onnx_model_006,warmup,3.432775856052962,3.433430911041796,3.434295012615621,0.8641015738248825,True,
678,onnx_model_088,warmup,3.4351672316013673,3.435529268812388,3.4363921997137368,0.8629309013485909,True,
679,onnx_model_059,warmup,3.451142174240423,3.451685780659318,3.4525703419931233,0.8845613338053226,True,
680,onnx_model_074,warmup,3.4539086241095163,3.4548242767341435,3.4556502867490053,0.8260100148618221,True,
681,onnx_model_012,warmup,3.464686131449708,3.4659175029955804,3.4668655046261847,0.9480016306042671,True,
682,onnx_model_061,warmup,3.4663312081500104,3.466964302584529,3.4677869169972837,0.8226144127547741,True,
683,onnx_model_057,warmup,3.4727439730905694,3.473012348636985,3.4738521557301283,0.8398070931434631,True,
684,onnx_model_075,warmup,3.475407284672041,3.4760768646374345,3.4768742597661912,0.7973951287567616,True,
685,onnx_model_007,warmup,3.476719461251129,3.477006431668997,3.4778316197916865,0.825188122689724,True,
686,onnx_model_038,warmup,3.47869466611059,3.4790533427149057,3.4799332348629832,0.879892148077488,True,
687,onnx_model_092,warmup,3.4811865556030335,3.4821585048921406,3.48307119961828,0.912694726139307,True,
688,onnx_model_096,warmup,3.4823599365039017,3.482526894658804,3.483417056966573,0.8901623077690601,True,
689,onnx_model_012,warmup,3.493108546532537,3.4936584047973156,3.4945317348465323,0.8733300492167473,True,
690,onnx_model_083,warmup,3.5057521812305756,3.506765929982066,3.5077397716231644,0.9738416410982609,True,
691,onnx_model_009,warmup,3.5097661189483493,3.510971423704177,3.5121515477076173,1.1801240034401417,True,
692,onnx_model_078,warmup,3.510018397125209,3.5111368489451706,3.512199197895825,1.0623489506542683,True,
693,onnx_model_018,warmup,3.511320638594608,3.511583677958697,3.5126251578330994,1.0414798744022846,True,
694,onnx_model_073,warmup,3.5123080507294047,3.512726369779557,3.5135633409954607,0.836971215903759,True,
695,onnx_model_099,warmup,3.5148171703026225,3.5157921980135143,3.5166420629248023,0.849864911288023,True,
696,onnx_model_010,warmup,3.521439265135475,3.5218702419660985,3.5230879657901824,1.217723824083805,True,
697,onnx_model_046,warmup,3.5223165439926034,3.5231951996684074,3.524115789681673,0.9205900132656097,True,
698,onnx_model_044,warmup,3.534677790065434,3.5353446546941996,3.536173400003463,0.8287453092634678,True,
699,onnx_model_062,warmup,3.5376934447682626,3.5383996716700494,3.539240579586476,0.8409079164266586,True,
700,onnx_model_006,warmup,3.542874416496777,3.543463137000799,3.5442823437042534,0.8192067034542561,True,
701,onnx_model_060,warmup,3.5445964216026664,3.54550241259858,3.546295139938593,0.7927273400127888,True,
702,onnx_model_014,warmup,3.5454485336719497,3.545887175016105,3.546680702827871,0.7935278117656708,True,
703,onnx_model_091,warmup,3.548690018078515,3.549902055878192,3.5507242386229336,0.8221827447414398,True,
704,onnx_model_036,warmup,3.5512675856778615,3.551973292604089,3.5527197918854654,0.7464992813766003,True,
705,onnx_model_049,warmup,3.5574974972277156,3.557947428897023,3.5586790000088513,0.7315711118280888,True,
706,onnx_model_007,warmup,3.5585883262538394,3.5588214709423482,3.559539144858718,0.7176739163696766,True,
707,onnx_model_081,warmup,3.57582558149832,3.5767747978679836,3.57760417368263,0.8293758146464825,True,
708,onnx_model_067,warmup,3.5807543262523645,3.5818854616954923,3.5827707247808576,0.8852630853652954,True,
709,onnx_model_065,warmup,3.59814383924647,3.5990278078243136,3.599945251829922,0.9174440056085587,True,
710,onnx_model_097,warmup,3.601194486378464,3.602183736860752,3.603331167716533,1.14743085578084,True,
711,onnx_model_053,warmup,3.6014366420324553,3.602351334877312,3.6034538107924163,1.1024759151041508,True,
712,onnx_model_031,warmup,3.6050758075254423,3.6056995899416506,3.606690282933414,0.9906929917633533,True,
713,onnx_model_043,warmup,3.60711350752053,3.6079341266304255,3.6088918978348374,0.9577712044119835,True,
714,onnx_model_077,warmup,3.6148214500732956,3.6151172909885645,3.6160941678099334,0.9768768213689327,True,
715,onnx_model_026,warmup,3.6152622810790582,3.615526739973575,3.61655889172107,1.032151747494936,True,
716,onnx_model_045,warmup,3.628095688295092,3.6287834788672626,3.62973751174286,0.954032875597477,True,
717,onnx_model_004,warmup,3.629421852853176,3.6298350477591157,3.630724868737161,0.8898209780454636,True,
718,onnx_model_065,warmup,3.6340123691626447,3.634951673913747,3.635843889787793,0.8922158740460873,True,
719,onnx_model_053,warmup,3.639633925911595,3.640065874904394,3.64092424698174,0.8583720773458481,True,
720,onnx_model_049,warmup,3.6413617737498236,3.642146209720522,3.6430652868002653,0.9190770797431469,True,
721,onnx_model_046,warmup,3.647859347616748,3.6482875738292933,3.649230655748397,0.9430819191038609,True,
722,onnx_model_004,warmup,3.654189699609038,3.6544616697356105,3.6554201818071306,0.9585120715200901,True,
723,onnx_model_089,warmup,3.6679397580162005,3.669662704691291,3.6705904379487038,0.9277332574129105,True,
724,onnx_model_089,warmup,3.671388228200021,3.6718307458795607,3.672686231788248,0.8554859086871147,True,
725,onnx_model_015,warmup,3.673370020347284,3.6739065619185567,3.674738582689315,0.8320207707583904,True,
726,onnx_model_099,warmup,3.674903915532542,3.6759578408673406,3.6767234657891095,0.7656249217689037,True,
727,onnx_model_073,warmup,3.6770246212968303,3.6779438257217407,3.678714470937848,0.7706452161073685,True,
728,onnx_model_087,warmup,3.6804389889085236,3.680934279691428,3.68174589285627,0.8116131648421288,True,
729,onnx_model_095,warmup,3.6816648388011353,3.6818872219882905,3.6826275289058685,0.740306917577982,True,
730,onnx_model_075,warmup,3.6873910991266157,3.6878503668121994,3.688647662755102,0.797295942902565,True,
731,onnx_model_053,warmup,3.6962715378953144,3.6968890577554703,3.697870303876698,0.9812461212277412,True,
732,onnx_model_047,warmup,3.6965710627134656,3.6970515069551766,3.6980588119477034,1.0073049925267696,True,
733,onnx_model_094,warmup,3.699112462011422,3.700283670797944,3.7014665296301246,1.1828588321805,True,
734,onnx_model_024,warmup,3.699873119247053,3.7004728210158646,3.7015818688087165,1.109047792851925,True,
735,onnx_model_040,warmup,3.7002062581383783,3.7009557387791574,3.7018629028461874,0.907164067029953,True,
736,onnx_model_045,warmup,3.706461051586124,3.70710543775931,3.7079553338699043,0.8498961105942726,True,
737,onnx_model_085,warmup,3.70742979719916,3.708053028676659,3.708955093752593,0.9020650759339333,True,
738,onnx_model_059,warmup,3.7171179202081968,3.7191893379203975,3.7202490717172623,1.059733796864748,True,
739,onnx_model_029,warmup,3.7177288294802664,3.7193793789483607,3.7203732687048614,0.993889756500721,True,
740,onnx_model_045,warmup,3.722935486694701,3.723595082759857,3.7244341475889087,0.8390648290514946,True,
741,onnx_model_075,warmup,3.728096867888327,3.728672092780471,3.729423811659217,0.7517188787460327,True,
742,onnx_model_073,warmup,3.7313950410062615,3.7316702529788017,3.7326362589374185,0.9660059586167336,True,
743,onnx_model_095,warmup,3.7316192401656942,3.7320321197621524,3.7329328726045787,0.9007528424263,True,
744,onnx_model_057,warmup,3.73866967373946,3.7391560818068683,3.740014082752168,0.8580009452998638,True,
745,onnx_model_007,warmup,3.740368013130747,3.741238710936159,3.7420261376537383,0.7874267175793648,True,
746,onnx_model_027,warmup,3.7432320475069347,3.7442506458610296,3.745059894863516,0.8092490024864674,True,
747,onnx_model_070,warmup,3.7487171602319114,3.7492825309745967,3.7501264847815037,0.8439538069069386,True,
748,onnx_model_030,warmup,3.75623454005278,3.7573808450251818,3.758359344676137,0.9784996509552002,True,
749,onnx_model_098,warmup,3.7707288119523334,3.77258192980662,3.773518339730799,0.9364099241793156,True,
750,onnx_model_013,warmup,3.773958479172582,3.774750792887062,3.775718802586198,0.9680096991360188,True,
751,onnx_model_058,warmup,3.7858276430723237,3.7869423269294202,3.787892132997513,0.9498060680925846,True,
752,onnx_model_014,warmup,3.791838386043026,3.792116842698306,3.793042582925409,0.9257402271032333,True,
753,onnx_model_017,warmup,3.7944453839555083,3.7952872100286186,3.7962178885936737,0.9306785650551319,True,
754,onnx_model_043,warmup,3.8061831580175207,3.8064870587550104,3.80766126094386,1.1742021888494492,True,
755,onnx_model_058,warmup,3.8130978070483184,3.813885632902384,3.814809147734195,0.9235148318111897,True,
756,onnx_model_099,warmup,3.8147562162330444,3.8149772379547358,3.8158880486153066,0.9108106605708599,True,
757,onnx_model_039,warmup,3.8193882635546497,3.820109933614731,3.821049349848181,0.9394162334501743,True,
758,onnx_model_089,warmup,3.828124310400855,3.8293340275995433,3.830744488630444,1.4104610309004784,True,
759,onnx_model_022,warmup,3.8324540823477253,3.8329963497817516,3.8339547109790146,0.9583611972630024,True,
760,onnx_model_072,warmup,3.8349735215468352,3.836183958686888,3.8371646027080715,0.9806440211832523,True,
761,onnx_model_006,warmup,3.85324531971912,3.854393512941897,3.8553776028566062,0.9840899147093296,True,
762,onnx_model_049,warmup,3.8624150694804658,3.8636057237163186,3.8645750959403813,0.9693722240626812,True,
763,onnx_model_055,warmup,3.888931386374182,3.889806146733463,3.8911406937986612,1.3345470651984215,True,
764,onnx_model_003,warmup,3.8911849538040406,3.8923614346422255,3.8933188538067043,0.9574191644787788,True,
765,onnx_model_024,warmup,3.8958352214405334,3.896548332646489,3.8976612789556384,1.1129463091492653,True,
766,onnx_model_063,warmup,3.8961122238412846,3.896736340597272,3.897781617939472,1.0452773422002792,True,
767,onnx_model_028,warmup,3.8989709437274356,3.9000383769162,3.9010620727203786,1.0236958041787148,True,
768,onnx_model_099,warmup,3.901069630702162,3.90121135674417,3.9021251839585602,0.9138272143900394,True,
769,onnx_model_093,warmup,3.904732672761713,3.9053500536829233,3.9063186147250235,0.9685610421001911,True,
770,onnx_model_068,warmup,3.9200296645003525,3.920569964684546,3.921539377886802,0.9694132022559643,True,
771,onnx_model_045,warmup,3.9246120298430176,3.9257673546671867,3.926636636722833,0.8692820556461811,True,
772,onnx_model_044,warmup,3.9316545846748503,3.932862551882863,3.933780505787581,0.9179539047181606,True,
773,onnx_model_044,warmup,3.9344629390812083,3.9350011870265007,3.93590234965086,0.9011626243591309,True,
774,onnx_model_043,warmup,3.9367521380315678,3.9371230197139084,3.9381218790076673,0.9988592937588692,True,
775,onnx_model_080,warmup,3.9394673397041027,3.9403628087602556,3.9414809038862586,1.118095126003027,True,
776,onnx_model_084,warmup,3.9401304862516544,3.9405271406285465,3.942019577603787,1.4924369752407074,True,
777,onnx_model_052,warmup,3.941225320819318,3.9416361190378666,3.9425998306833208,0.9637116454541683,True,
778,onnx_model_020,warmup,3.9448181964634665,3.945878662634641,3.9467803766019642,0.9017139673233032,True,
779,onnx_model_082,warmup,3.948199191070071,3.9490297730080783,3.9500275095924735,0.9977365843951702,True,
780,onnx_model_053,warmup,3.957953397032723,3.958283993881196,3.9592673326842487,0.9833388030529022,True,
781,onnx_model_086,warmup,3.9702784013925205,3.9704984119161963,3.9715459030121565,1.0474910959601402,True,
782,onnx_model_052,warmup,3.982364596171632,3.9827779037877917,3.98368350462988,0.9056008420884609,True,
783,onnx_model_001,warmup,3.98979681568231,3.9909228957258165,3.9920696360059083,1.1467402800917625,True,
784,onnx_model_080,warmup,3.98996696040795,3.9910860056988895,3.9923065258190036,1.220520120114088,True,
785,onnx_model_076,warmup,3.990347230802245,3.991233085747808,3.992202908731997,0.9698229841887951,True,
786,onnx_model_023,warmup,3.993008475923218,3.993547955993563,3.994465691037476,0.917735043913126,True,
787,onnx_model_036,warmup,3.997329896245574,3.997705388814211,3.9985948796384037,0.8894908241927624,True,
788,onnx_model_080,warmup,3.9983874451250205,3.998713384848088,3.9995172428898513,0.8038580417633057,True,
789,onnx_model_063,warmup,4.000071483054428,4.000761006958783,4.001576917711645,0.8159107528626919,True,
790,onnx_model_070,warmup,4.004812357971711,4.005803050938994,4.006606798619032,0.8037476800382137,True,
791,onnx_model_013,warmup,4.016444526914303,4.0168835837394,4.017753758002073,0.8701742626726627,True,
792,onnx_model_088,warmup,4.018935582725278,4.02001687977463,4.0210296949371696,1.0128151625394821,True,
793,onnx_model_028,warmup,4.019897222879728,4.02018917677924,4.021260172594339,1.0709958150982857,True,
794,onnx_model_019,warmup,4.02153793958043,4.022486874833703,4.0235106707550585,1.023795921355486,True,
795,onnx_model_075,warmup,4.023157900474874,4.023626270703971,4.024509890936315,0.8836202323436737,True,
796,onnx_model_057,warmup,4.025402168981262,4.025774854701012,4.026712947990745,0.938093289732933,True,
797,onnx_model_006,warmup,4.0257232837053625,4.02617155900225,4.0270462916232646,0.8747326210141182,True,
798,onnx_model_054,warmup,4.035980714699031,4.037283060606569,4.038178812712431,0.8957521058619022,True,
799,onnx_model_001,warmup,4.050393641165677,4.052404443733394,4.053295276593417,0.8908328600227833,True,
800,onnx_model_069,warmup,4.055905206210656,4.056530887726694,4.057571695651859,1.0408079251646996,True,
801,onnx_model_076,warmup,4.056078136655352,4.056727671995759,4.057932992931455,1.2053209356963634,True,
802,onnx_model_000,warmup,4.056563834992502,4.057167978957295,4.05828050384298,1.1125248856842518,True,
803,onnx_model_023,warmup,4.071156881932427,4.072504973039031,4.0734644760377705,0.959502998739481,True,
804,onnx_model_017,warmup,4.079701211893614,4.0807818956673145,4.081914618611336,1.132722944021225,True,
805,onnx_model_012,warmup,4.08643516771979,4.087220033630729,4.0882273288443685,1.0072952136397362,True,
806,onnx_model_048,warmup,4.10021683975763,4.100535274017602,4.101794888731092,1.2596147134900093,True,
807,onnx_model_020,warmup,4.101834628394393,4.103100409731269,4.10399139393121,0.8909841999411583,True,
808,onnx_model_058,warmup,4.108706314734764,4.1092952359467745,4.110275278799236,0.980042852461338,True,
809,onnx_model_024,warmup,4.114459525807712,4.115580272860825,4.11659845802933,1.018185168504715,True,
810,onnx_model_001,warmup,4.116024088906505,4.116716772783548,4.117640758864582,0.9239860810339451,True,
811,onnx_model_015,warmup,4.1208839181308194,4.121872012969106,4.122829251922667,0.9572389535605907,True,
812,onnx_model_004,warmup,4.122193231856877,4.122930383775383,4.123839501757175,0.9091179817914963,True,
813,onnx_model_069,warmup,4.122885824713316,4.123292563017458,4.124360071960837,1.0675089433789253,True,
814,onnx_model_070,warmup,4.123747103749882,4.123984707985073,4.124867696780711,0.8829887956380844,True,
815,onnx_model_085,warmup,4.142940341757991,4.144176870584488,4.145547816995531,1.3709464110434055,True,
816,onnx_model_072,warmup,4.143610980127191,4.1443628538399935,4.145724762696773,1.361908856779337,True,
817,onnx_model_075,warmup,4.143636353189224,4.144513420760632,4.14576620189473,1.2527811340987682,True,
818,onnx_model_019,warmup,4.146012061320043,4.147011969704181,4.147997913882136,0.985944177955389,True,
819,onnx_model_026,warmup,4.156631905604055,4.158300988841802,4.159346886910498,1.0458980686962605,True,
820,onnx_model_019,warmup,4.165071778469272,4.165683732833713,4.166878883726895,1.1951508931815624,True,
821,onnx_model_094,warmup,4.166168355058407,4.16699142800644,4.167959357611835,0.9679296053946018,True,
822,onnx_model_063,warmup,4.168394700880473,4.169189726933837,4.170168637763709,0.9789108298718929,True,
823,onnx_model_019,warmup,4.169905525977283,4.170267475768924,4.171219825744629,0.9523499757051468,True,
824,onnx_model_031,warmup,4.171007794346754,4.1713159386999905,4.172260633669794,0.9446949698030949,True,
825,onnx_model_066,warmup,4.171607707079289,4.17235607560724,4.173265193589032,0.9091179817914963,True,
826,onnx_model_065,warmup,4.174316514528729,4.175492076668888,4.176418928895146,0.9268522262573242,True,
827,onnx_model_067,warmup,4.206965260017485,4.207691102754325,4.208759523928165,1.0684211738407612,True,
828,onnx_model_077,warmup,4.208300932876796,4.2088576797395945,4.209730749949813,0.8730702102184296,True,
829,onnx_model_089,warmup,4.208861170797105,4.209245877806097,4.210168581921607,0.9227041155099869,True,
830,onnx_model_003,warmup,4.209771755106138,4.2102887709625065,4.211356380023062,1.0676090605556965,True,
831,onnx_model_048,warmup,4.211755961139243,4.212592879775912,4.213596768677235,1.00388890132308,True,
832,onnx_model_082,warmup,4.213016134987109,4.213707339018583,4.214455019682646,0.7476806640625,True,
833,onnx_model_072,warmup,4.2174791692466815,4.2186954310163856,4.219513705931604,0.8182749152183533,True,
834,onnx_model_068,warmup,4.230611867659002,4.231745486613363,4.232653652783483,0.9081661701202393,True,
835,onnx_model_055,warmup,4.238349145146991,4.238910826854408,4.239771432708949,0.8606058545410633,True,
836,onnx_model_065,warmup,4.247218453869771,4.248023127671331,4.248877782840282,0.8546551689505577,True,
837,onnx_model_054,warmup,4.250365555400509,4.25110126985237,4.2519096857868135,0.8084159344434738,True,
838,onnx_model_030,warmup,4.256401866629408,4.257132663857192,4.2579414919018745,0.8088280446827412,True,
839,onnx_model_087,warmup,4.257414863889164,4.258036892861128,4.25877262186259,0.7357290014624596,True,
840,onnx_model_046,warmup,4.259223657653016,4.260004813782871,4.260810995940119,0.8061821572482586,True,
841,onnx_model_065,warmup,4.279762869961461,4.2800531927496195,4.281006715726107,0.953522976487875,True,
842,onnx_model_055,warmup,4.280801582107816,4.281101556029171,4.282019480597228,0.9179245680570602,True,
843,onnx_model_022,warmup,4.285425074992474,4.28623929200694,4.2871302659623325,0.8909739553928375,True,
844,onnx_model_082,warmup,4.287457229178628,4.28834924288094,4.2891174629330635,0.7682200521230698,True,
845,onnx_model_055,warmup,4.293729784279359,4.294338476844132,4.295155880972743,0.8174041286110878,True,
846,onnx_model_070,warmup,4.297987115521677,4.298395869787782,4.299217230640352,0.8213608525693417,True,
847,onnx_model_021,warmup,4.29957684374268,4.3004522286355495,4.301277406979352,0.8251783438026905,True,
848,onnx_model_035,warmup,4.3012337348532705,4.301424155943096,4.302241479977965,0.8173240348696709,True,
849,onnx_model_098,warmup,4.302599019314682,4.3034574505873024,4.304210482630879,0.7530320435762405,True,
850,onnx_model_034,warmup,4.307272899466993,4.308440202847123,4.309507170692086,1.0669678449630737,True,
851,onnx_model_009,warmup,4.307452956871794,4.308733980637044,4.309710767585784,0.9767869487404823,True,
852,onnx_model_089,warmup,4.30945441792732,4.309807421639562,4.310776182916015,0.9687612764537334,True,
853,onnx_model_065,warmup,4.312483107324498,4.31300064176321,4.31394779169932,0.9471499361097813,True,
854,onnx_model_088,warmup,4.320164155349889,4.321189437992871,4.322162396740168,0.9729587472975254,True,
855,onnx_model_057,warmup,4.3314110824278815,4.332402181811631,4.333457006607205,1.0548247955739498,True,
856,onnx_model_012,warmup,4.3327611843483895,4.333553739823401,4.334469901863486,0.9161620400846004,True,
857,onnx_model_050,warmup,4.338493160133579,4.33970233798027,4.340696276631206,0.9939386509358883,True,
858,onnx_model_088,warmup,4.348342045538507,4.34893279382959,4.349882239010185,0.9494451805949211,True,
859,onnx_model_070,warmup,4.356361536835887,4.357105909846723,4.358011640608311,0.9057307615876198,True,
860,onnx_model_042,warmup,4.362076649108383,4.3632333567366,4.364080877974629,0.8475212380290031,True,
861,onnx_model_048,warmup,4.368014401328434,4.368307963013649,4.369196401908994,0.8884388953447342,True,
862,onnx_model_064,warmup,4.369994771535789,4.370415378827602,4.3712658057920635,0.8504269644618034,True,
863,onnx_model_019,warmup,4.3732462817753595,4.373487628996372,4.374348585959524,0.8609569631516933,True,
864,onnx_model_090,warmup,4.374874225428022,4.375569055788219,4.376463084947318,0.8940291590988636,True,
865,onnx_model_065,warmup,4.384587892764373,4.386704802978784,4.387781940866262,1.0771378874778748,True,
866,onnx_model_068,warmup,4.385432592132061,4.386866069864482,4.387899294029921,1.0332241654396057,True,
867,onnx_model_080,warmup,4.3877392653292775,4.388029109686613,4.388851703610271,0.8225939236581326,True,
868,onnx_model_036,warmup,4.3882055314419475,4.38838793290779,4.38920201966539,0.8140867576003075,True,
869,onnx_model_045,warmup,4.401778670511892,4.403431818820536,4.404329865705222,0.8980468846857548,True,
870,onnx_model_098,warmup,4.4096102508970745,4.410553565714508,4.411501397844404,0.9478321298956871,True,
871,onnx_model_048,warmup,4.420822529163666,4.421755980700254,4.422898503020406,1.142522320151329,True,
872,onnx_model_052,warmup,4.421912428499718,4.422124360688031,4.423160059843212,1.0356991551816463,True,
873,onnx_model_053,warmup,4.4219965429237655,4.422285637818277,4.423340923618525,1.0552858002483845,True,
874,onnx_model_018,warmup,4.426857582483596,4.427598205860704,4.428788939956576,1.1907340958714485,True,
875,onnx_model_062,warmup,4.431981619692797,4.433044438716024,4.434138267766684,1.0938290506601334,True,
876,onnx_model_026,warmup,4.432850709666612,4.433230822905898,4.434285236988217,1.0544140823185444,True,
877,onnx_model_083,warmup,4.440462309472747,4.4415100696496665,4.442428385838866,0.918316189199686,True,
878,onnx_model_047,warmup,4.441665480448619,4.441895813681185,4.442707336042076,0.8115223608911037,True,
879,onnx_model_060,warmup,4.451275893624378,4.452950677834451,4.453805000986904,0.8543231524527073,True,
880,onnx_model_082,warmup,4.4550937166014055,4.456031082663685,4.45693035190925,0.8992692455649376,True,
881,onnx_model_039,warmup,4.466730823377762,4.467155698686838,4.468103620689362,0.9479220025241375,True,
882,onnx_model_066,warmup,4.474621014859434,4.475328885950148,4.476356027647853,1.027141697704792,True,
883,onnx_model_042,warmup,4.476376906848152,4.4775764076039195,4.478514480870217,0.9380732662975788,True,
884,onnx_model_070,warmup,4.4827060462288175,4.483750933781266,4.4846725459210575,0.9216121397912502,True,
885,onnx_model_008,warmup,4.4854656835918085,4.485903886612505,4.486816150601953,0.9122639894485474,True,
886,onnx_model_089,warmup,4.48644028541887,4.4869132759049535,4.487779882736504,0.8666068315505981,True,
887,onnx_model_075,warmup,4.4901757564367335,4.491010493598878,4.49204462999478,1.0341363959014416,True,
888,onnx_model_066,warmup,4.490351157453021,4.491173803806305,4.492157974746078,0.9841709397733212,True,
889,onnx_model_077,warmup,4.495289113716326,4.496381513774395,4.497235826682299,0.8543129079043865,True,
890,onnx_model_082,warmup,4.500306955690033,4.501472249627113,4.502411485649645,0.9392360225319862,True,
891,onnx_model_065,warmup,4.50441671468413,4.504676370881498,4.505515054799616,0.8386839181184769,True,
892,onnx_model_050,warmup,4.517819209847549,4.519762897863984,4.520757789723575,0.9948918595910072,True,
893,onnx_model_013,warmup,4.522609094458884,4.522984692826867,4.523996866773814,1.0121739469468594,True,
894,onnx_model_078,warmup,4.526499621914499,4.52722064498812,4.5282104457728565,0.9898007847368717,True,
895,onnx_model_049,warmup,4.535186163729715,4.535466868896037,4.536999221891165,1.5323529951274395,True,
896,onnx_model_089,warmup,4.5354019462241295,4.535870315972716,4.53713543061167,1.265114638954401,True,
897,onnx_model_025,warmup,4.535862450902229,4.536223787814379,4.537262442987412,1.0386551730334759,True,
898,onnx_model_033,warmup,4.536165459834086,4.5366514208726585,4.537771459668875,1.1200387962162495,True,
899,onnx_model_083,warmup,4.540322141657422,4.541010656859726,4.5419651116244495,0.9544547647237778,True,
900,onnx_model_081,warmup,4.542298958238877,4.543187474831939,4.544221600983292,1.0341261513531208,True,
901,onnx_model_098,warmup,4.543109527699041,4.543556816875935,4.544456928037107,0.90011116117239,True,
902,onnx_model_055,warmup,4.54766272459636,4.548695134930313,4.549595936667174,0.9008017368614674,True,
903,onnx_model_024,warmup,4.549720733706773,4.550837616901845,4.551769658923149,0.932042021304369,True,
904,onnx_model_088,warmup,4.550257579947198,4.551002950873226,4.551903152838349,0.900201965123415,True,
905,onnx_model_044,warmup,4.5522325840758,4.5531357056461275,4.554067917633802,0.9322119876742363,True,
906,onnx_model_041,warmup,4.560297905173408,4.561295565683395,4.562151954043657,0.8563883602619171,True,
907,onnx_model_089,warmup,4.5723280684686465,4.573376279789954,4.574331445619464,0.9551658295094967,True,
908,onnx_model_012,warmup,4.57343352875986,4.573762513697147,4.574735503643751,0.972989946603775,True,
909,onnx_model_021,warmup,4.587044486443794,4.588978477753699,4.58983576670289,0.8572889491915703,True,
910,onnx_model_017,warmup,4.5893905586347135,4.589933422859758,4.590816851705313,0.8834288455545902,True,
911,onnx_model_003,warmup,4.594747675654199,4.595059255603701,4.595928478986025,0.8692233823239803,True,
912,onnx_model_084,warmup,4.595532570208625,4.596023018006235,4.596907208673656,0.8841906674206257,True,
913,onnx_model_023,warmup,4.598424521233718,4.599135946016759,4.599996200762689,0.8602547459304333,True,
914,onnx_model_079,warmup,4.6038790390197315,4.604220480658114,4.605136130936444,0.9156502783298492,True,
915,onnx_model_066,warmup,4.604973041795202,4.605267179664224,4.606049096677452,0.7819170132279396,True,
916,onnx_model_059,warmup,4.608409036684901,4.609270970802754,4.610086590982974,0.8156201802194118,True,
917,onnx_model_020,warmup,4.611638532369857,4.61238135304302,4.613374851644039,0.9934986010193825,True,
918,onnx_model_054,warmup,4.612163171969112,4.6125418078154325,4.613523073960096,0.9812661446630955,True,
919,onnx_model_011,warmup,4.613613850160309,4.614767538849264,4.615690613631159,0.9230747818946838,True,
920,onnx_model_022,warmup,4.6185482801824,4.618915603961796,4.6198327066376805,0.9171026758849621,True,
921,onnx_model_075,warmup,4.625238254498135,4.626054383814335,4.626884130761027,0.8297469466924667,True,
922,onnx_model_043,warmup,4.6339442267381195,4.63511994574219,4.63601711159572,0.8971658535301685,True,
923,onnx_model_090,warmup,4.638685807945854,4.639306333847344,4.6402292577549815,0.9229239076375961,True,
924,onnx_model_097,warmup,4.643817528537049,4.644474918954074,4.645401469897479,0.9265509434044361,True,
925,onnx_model_088,warmup,4.647376185519441,4.647670402657241,4.648658711928874,0.988309271633625,True,
926,onnx_model_054,warmup,4.651283338677504,4.651887468993664,4.652956310659647,1.0688416659832,True,
927,onnx_model_066,warmup,4.657198786321342,4.658264521043748,4.659309947863221,1.045426819473505,True,
928,onnx_model_065,warmup,4.658655627829545,4.659422702621669,4.660421941895038,0.9992392733693123,True,
929,onnx_model_008,warmup,4.664181772332988,4.664745810907334,4.6656864089891315,0.9405980817973614,True,
930,onnx_model_077,warmup,4.666836257383652,4.668002180755138,4.669284057803452,1.2818770483136177,True,
931,onnx_model_027,warmup,4.667720194435446,4.668191189877689,4.669229703955352,1.0385140776634216,True,
932,onnx_model_004,warmup,4.669849390641359,4.670589147601277,4.671873339917511,1.2841923162341118,True,
933,onnx_model_012,warmup,4.670263389449098,4.670801281929016,4.671926700975746,1.125419046729803,True,
934,onnx_model_001,warmup,4.677191714935047,4.67839364381507,4.679402630776167,1.0089869610965252,True,
935,onnx_model_020,warmup,4.679335448414587,4.679554960690439,4.6804293328896165,0.874372199177742,True,
936,onnx_model_005,warmup,4.682690513312053,4.683668079786003,4.684570925775915,0.9028459899127483,True,
937,onnx_model_065,warmup,4.68640534709698,4.686792227905244,4.687544208019972,0.7519801147282124,True,
938,onnx_model_073,warmup,4.6895814414302075,4.690766752697527,4.691746935714036,0.9801830165088177,True,
939,onnx_model_012,warmup,4.702855672345699,4.703987884800881,4.704860533587635,0.8726487867534161,True,
940,onnx_model_033,warmup,4.7042838408304135,4.704965773969889,4.705807392951101,0.8416189812123775,True,
941,onnx_model_020,warmup,4.7115904494487895,4.712034409865737,4.7129689967259765,0.9345868602395058,True,
942,onnx_model_041,warmup,4.711688224833339,4.712193442042917,4.7131194127723575,0.9259707294404507,True,
943,onnx_model_086,warmup,4.71335336174301,4.714354199822992,4.715271392837167,0.9171930141746998,True,
944,onnx_model_009,warmup,4.717277000781447,4.717491803690791,4.718276525847614,0.7847221568226814,True,
945,onnx_model_051,warmup,4.724941203193826,4.725498953834176,4.726376321632415,0.8773677982389927,True,
946,onnx_model_057,warmup,4.725600438873399,4.725883534643799,4.7268661027774215,0.9825681336224079,True,
947,onnx_model_075,warmup,4.726103337548914,4.726472053676844,4.727368969004601,0.896915327757597,True,
948,onnx_model_024,warmup,4.729282563967416,4.729624866973609,4.730440096929669,0.815229956060648,True,
949,onnx_model_066,warmup,4.732993241348511,4.733677399810404,4.73459555581212,0.9181560017168522,True,
950,onnx_model_070,warmup,4.73813836294877,4.7388309966772795,4.739593456033617,0.7624593563377857,True,
951,onnx_model_096,warmup,4.743562285858402,4.743831862695515,4.744740779977292,0.9089172817766666,True,
952,onnx_model_018,warmup,4.749441616812115,4.749964970629662,4.750836256891489,0.8712862618267536,True,
953,onnx_model_087,warmup,4.766266510415864,4.767071687616408,4.768054426647723,0.9827390313148499,True,
954,onnx_model_068,warmup,4.767440216738376,4.768151079770178,4.769114912021905,0.963832251727581,True,
955,onnx_model_060,warmup,4.770850689388886,4.771338658872992,4.772211678791791,0.8730199187994003,True,
956,onnx_model_092,warmup,4.775774757847917,4.776434044819325,4.777315069921315,0.8810251019895077,True,
957,onnx_model_015,warmup,4.778999082743166,4.779536972753704,4.7805172158405185,0.9802430868148804,True,
958,onnx_model_080,warmup,4.790984929814044,4.791750099044293,4.792733938898891,0.9838398545980453,True,
959,onnx_model_018,warmup,4.800602427626972,4.8009546347893775,4.801907045766711,0.9524109773337841,True,
960,onnx_model_072,warmup,4.80253431679572,4.803126483689994,4.804077030625194,0.9505469352006912,True,
961,onnx_model_021,warmup,4.803716673015991,4.80417338386178,4.805033789016306,0.8604051545262337,True,
962,onnx_model_032,warmup,4.805557787267412,4.806252636015415,4.807083054911345,0.8304188959300518,True,
963,onnx_model_050,warmup,4.808892018544447,4.809303514659405,4.810110348742455,0.8068340830504894,True,
964,onnx_model_065,warmup,4.813895076461044,4.814341040793806,4.815274454653263,0.9334138594567776,True,
965,onnx_model_029,warmup,4.814207235618978,4.814503198955208,4.815423568710685,0.9203697554767132,True,
966,onnx_model_003,warmup,4.815374782456659,4.815566299948841,4.816551893949509,0.9855940006673336,True,
967,onnx_model_058,warmup,4.817630423472116,4.8187703606672585,4.819792132824659,1.0217721574008465,True,
968,onnx_model_072,warmup,4.821636456597942,4.82201173203066,4.823037571739405,1.0258397087454796,True,
969,onnx_model_003,warmup,4.832763923988187,4.833299367688596,4.834262077696621,0.9627100080251694,True,
970,onnx_model_006,warmup,4.836960761114329,4.837493049912155,4.838768754620105,1.2757047079503536,True,
971,onnx_model_045,warmup,4.837294421028657,4.83767702896148,4.838652673643082,0.9756446816027164,True,
972,onnx_model_040,warmup,4.8427712637342015,4.843049441929907,4.844093084800988,1.043642871081829,True,
973,onnx_model_046,warmup,4.8511366845913795,4.8523425669409335,4.85322241904214,0.8798521012067795,True,
974,onnx_model_093,warmup,4.853892792550718,4.8544465457089245,4.855316338595003,0.8697928860783577,True,
975,onnx_model_004,warmup,4.85735108778803,4.858576826751232,4.859536831732839,0.9600049816071987,True,
976,onnx_model_043,warmup,4.86281762859908,4.86377383582294,4.864608071744442,0.8342359215021133,True,
977,onnx_model_076,warmup,4.877351459514911,4.878878276795149,4.879927671980113,1.0493951849639416,True,
978,onnx_model_044,warmup,4.8791433883041755,4.880024966783822,4.880989840719849,0.9648739360272884,True,
979,onnx_model_037,warmup,4.880957480554577,4.881141939666122,4.882016032002866,0.87409233674407,True,
980,onnx_model_054,warmup,4.904515901428081,4.905238974839449,4.906226031947881,0.9870571084320545,True,
981,onnx_model_010,warmup,4.91733512791277,4.918515111785382,4.919494793750346,0.9796819649636745,True,
982,onnx_model_067,warmup,4.923821835024638,4.924757917877287,4.925660714041442,0.9027961641550064,True,
983,onnx_model_006,warmup,4.9337470503760015,4.935907421633601,4.936837549787015,0.9301281534135342,True,
984,onnx_model_095,warmup,4.941633869921897,4.9420641348697245,4.942976588848978,0.9124539792537689,True,
985,onnx_model_038,warmup,4.943771661503181,4.944229281041771,4.946641164831817,2.4118837900459766,True,
986,onnx_model_040,warmup,4.947000400787298,4.94786843797192,4.948820437770337,0.9519997984170914,True,
987,onnx_model_016,warmup,4.9482191666346,4.948917291592807,4.9497595629654825,0.8422713726758957,True,
988,onnx_model_056,warmup,4.950188662075235,4.950981655623764,4.951832763850689,0.8511082269251347,True,
989,onnx_model_074,warmup,4.967623483644425,4.968056843616068,4.968990187626332,0.9333440102636814,True,
990,onnx_model_053,warmup,4.976292290212674,4.977214169688523,4.978153355885297,0.9391861967742443,True,
991,onnx_model_052,warmup,4.977860034214183,4.9782498786225915,4.9791653589345515,0.9154803119599819,True,
992,onnx_model_060,warmup,4.98130108427271,4.9823868428356946,4.984260804951191,1.873962115496397,True,
993,onnx_model_097,warmup,4.98292073262754,4.983867807779461,4.984742930624634,0.8751228451728821,True,
994,onnx_model_070,warmup,4.984848399888176,4.985978800803423,4.986776155885309,0.7973550818860531,True,
995,onnx_model_027,warmup,4.991963693759828,4.993000106886029,4.993808603845537,0.8084969595074654,True,
996,onnx_model_012,warmup,4.993694412633739,4.993973497767001,4.9948938568122685,0.9203590452671051,True,
997,onnx_model_081,warmup,4.998070121914631,4.999113949015737,5.000048053916544,0.9341049008071423,True,
998,onnx_model_051,measure,5.003835243679427,5.004270580597222,5.005112791899592,0.842211302369833,True,
999,onnx_model_072,measure,5.015231246244679,5.016345543786883,5.017409174703062,1.0636309161782265,True,
1000,onnx_model_036,measure,5.016419704136003,5.016808534041047,5.017888856586069,1.0803225450217724,True,
1001,onnx_model_061,measure,5.0225649268036054,5.023115171585232,5.024116104003042,1.0009324178099632,True,
1002,onnx_model_006,measure,5.02551027802007,5.026340703014284,5.027303061913699,0.9623588994145393,True,
1003,onnx_model_039,measure,5.030697312118121,5.031548131722957,5.032544805668294,0.996673945337534,True,
1004,onnx_model_064,measure,5.038630395410093,5.039767384994775,5.040704146027565,0.9367610327899456,True,
1005,onnx_model_068,measure,5.041069332013551,5.041923122946173,5.042928894981742,1.0057720355689526,True,
1006,onnx_model_064,measure,5.042128633192762,5.042290781624615,5.043241428676993,0.9506470523774624,True,
1007,onnx_model_037,measure,5.047986403810952,5.048482761718333,5.04940630774945,0.9235460311174393,True,
1008,onnx_model_013,measure,5.057273241161502,5.0576466717757285,5.058640019968152,0.9933481924235821,True,
1009,onnx_model_019,measure,5.06861932425767,5.068868882954121,5.069870126899332,1.001243945211172,True,
1010,onnx_model_000,measure,5.07252014553929,5.073092320933938,5.0740316566079855,0.9393356740474701,True,
1011,onnx_model_002,measure,5.073900931243137,5.074162284843624,5.075094707775861,0.9324229322373867,True,
1012,onnx_model_015,measure,5.074473483312923,5.075191841926426,5.076168559025973,0.9767170995473862,True,
1013,onnx_model_057,measure,5.076432878641443,5.077385942917317,5.078344564884901,0.9586219675838947,True,
1014,onnx_model_022,measure,5.080720207139167,5.081563293933868,5.0824742848053575,0.910990871489048,True,
1015,onnx_model_051,measure,5.0816697780302915,5.081939047668129,5.08283620281145,0.8971551433205605,True,
1016,onnx_model_078,measure,5.082734160265199,5.08297905465588,5.083897600881755,0.9185462258756161,True,
1017,onnx_model_095,measure,5.096631965679478,5.098132889717817,5.099173127673566,1.0402379557490349,True,
1018,onnx_model_041,measure,5.100819494934059,5.101428133901209,5.102558752987534,1.1306190863251686,True,
1019,onnx_model_040,measure,5.110962227020671,5.112880392931402,5.114467489998788,1.587097067385912,True,
1020,onnx_model_093,measure,5.111294214255302,5.113074321765453,5.114707155618817,1.6328338533639908,True,
1021,onnx_model_004,measure,5.1118888886191325,5.113224116619676,5.114751599729061,1.5274831093847752,True,
1022,onnx_model_021,measure,5.112448829018564,5.113369653001428,5.114785955753177,1.416302751749754,True,
1023,onnx_model_064,measure,5.11300203270362,5.1140304687432945,5.114946149755269,0.9156810119748116,True,
1024,onnx_model_061,measure,5.120822319591402,5.121191120706499,5.122180701699108,0.9895809926092625,True,
1025,onnx_model_032,measure,5.121399622522823,5.121566654648632,5.1225711540319026,1.0044993832707405,True,
1026,onnx_model_001,measure,5.122213401129576,5.122678698040545,5.12358327768743,0.904579646885395,True,
1027,onnx_model_097,measure,5.123260360373336,5.123698135837913,5.124591183848679,0.8930480107665062,True,
1028,onnx_model_032,measure,5.126674575784546,5.127834328915924,5.128713960759342,0.8796318434178829,True,
1029,onnx_model_085,measure,5.1284455159204905,5.12881456175819,5.129746292717755,0.9317309595644474,True,
1030,onnx_model_041,measure,5.129343787161165,5.129859888926148,5.130742876790464,0.8829878643155098,True,
1031,onnx_model_023,measure,5.134831765191133,5.135984780732542,5.137212374713272,1.22759398072958,True,
1032,onnx_model_001,measure,5.134984940960998,5.136146368924528,5.137257610913366,1.111241988837719,True,
1033,onnx_model_055,measure,5.135258139520224,5.136295130942017,5.137377297971398,1.0821670293807983,True,
1034,onnx_model_066,measure,5.137666254992188,5.138601144775748,5.139652272686362,1.0511279106140137,True,
1035,onnx_model_020,measure,5.1380005888827505,5.138783090747893,5.139766068663448,0.9829779155552387,True,
1036,onnx_model_020,measure,5.143763095827928,5.143989727832377,5.144834422972053,0.8446951396763325,True,
1037,onnx_model_084,measure,5.147227020460793,5.148056908976287,5.148851579986513,0.7946710102260113,True,
1038,onnx_model_099,measure,5.149426958823676,5.150068943854421,5.1508317636325955,0.7628197781741619,True,
1039,onnx_model_080,measure,5.150925948212402,5.152055429760367,5.153019391931593,0.9639621712267399,True,
1040,onnx_model_009,measure,5.151498827499708,5.152213860768825,5.153127276804298,0.9134160354733467,True,
1041,onnx_model_067,measure,5.156049587665228,5.156347237993032,5.157110898755491,0.7636607624590397,True,
1042,onnx_model_093,measure,5.168842243738134,5.16933463467285,5.170182786881924,0.8481522090733051,True,
1043,onnx_model_024,measure,5.172395247146461,5.173401184845716,5.174172410741448,0.7712258957326412,True,
1044,onnx_model_044,measure,5.183625296929112,5.184392869006842,5.185162230860442,0.7693618535995483,True,
1045,onnx_model_016,measure,5.189517878993461,5.190481561701745,5.191430635750294,0.9490740485489368,True,
1046,onnx_model_070,measure,5.1945572866114285,5.195674723945558,5.196602176874876,0.9274529293179512,True,
1047,onnx_model_085,measure,5.194585196139915,5.195842192042619,5.19677223963663,0.9300475940108299,True,
1048,onnx_model_068,measure,5.202092178725364,5.20300067961216,5.2041047676466405,1.1040880344808102,True,
1049,onnx_model_041,measure,5.202231962213471,5.203162697609514,5.204212322831154,1.0496252216398716,True,
1050,onnx_model_046,measure,5.214024248366184,5.21443950291723,5.215314405970275,0.8749030530452728,True,
1051,onnx_model_001,measure,5.217439172046557,5.218542512040585,5.219661969691515,1.1194576509296894,True,
1052,onnx_model_012,measure,5.217971390283426,5.218732452951372,5.21977668767795,1.0442347265779972,True,
1053,onnx_model_087,measure,5.230921131481849,5.232025130651891,5.232893380802125,0.8682501502335072,True,
1054,onnx_model_033,measure,5.2351074133698425,5.236121668014675,5.237035966012627,0.9142979979515076,True,
1055,onnx_model_013,measure,5.240938982725159,5.241291304584593,5.242226461879909,0.9351572953164577,True,
1056,onnx_model_038,measure,5.255193426441485,5.256457624025643,5.257518970873207,1.061346847563982,True,
1057,onnx_model_038,measure,5.255258526534175,5.256653976626694,5.257644719909877,0.9907432831823826,True,
1058,onnx_model_000,measure,5.261197849846577,5.261867656838149,5.262723724823445,0.8560679852962494,True,
1059,onnx_model_001,measure,5.265055388467263,5.265952341724187,5.267096546944231,1.1442052200436592,True,
1060,onnx_model_000,measure,5.265602070707765,5.2661131476052105,5.267029048874974,0.9159012697637081,True,
1061,onnx_model_004,measure,5.265996969328485,5.266542723868042,5.2674690946005285,0.926370732486248,True,
1062,onnx_model_062,measure,5.277356864871059,5.27772567095235,5.278668473940343,0.9428029879927635,True,
1063,onnx_model_078,measure,5.279816345173691,5.280901437625289,5.281820364762098,0.9189271368086338,True,
1064,onnx_model_066,measure,5.2829170556749805,5.284049972891808,5.285061575938016,1.01160304620862,True,
1065,onnx_model_036,measure,5.283424642005761,5.2842123419977725,5.28517911862582,0.9667766280472279,True,
1066,onnx_model_098,measure,5.285238832682994,5.28639883780852,5.287290261592716,0.8914237841963768,True,
1067,onnx_model_010,measure,5.288009373311056,5.288510701619089,5.289396485779434,0.8857841603457928,True,
1068,onnx_model_000,measure,5.289933205260164,5.290627936832607,5.291409121826291,0.7811849936842918,True,
1069,onnx_model_065,measure,5.29503972730712,5.295653208624572,5.296639343723655,0.9861350990831852,True,
1070,onnx_model_064,measure,5.295314668078242,5.295816991012543,5.296775662805885,0.9586717933416367,True,
1071,onnx_model_071,measure,5.304829612543543,5.307003634981811,5.308058920782059,1.0552858002483845,True,
1072,onnx_model_066,measure,5.305873239431195,5.307166934944689,5.308181373868138,1.0144389234483242,True,
1073,onnx_model_082,measure,5.310838004888904,5.311402786988765,5.312173100654036,0.7703136652708054,True,
1074,onnx_model_049,measure,5.314287302894164,5.315396688878536,5.316254870034754,0.8581811562180519,True,
1075,onnx_model_060,measure,5.322102544273035,5.32247649691999,5.3233187878504395,0.8422909304499626,True,
1076,onnx_model_097,measure,5.329342488934075,5.3305378197692335,5.33136598393321,0.8281641639769077,True,
1077,onnx_model_058,measure,5.3375119818246715,5.338589735794812,5.339447034988552,0.857299193739891,True,
1078,onnx_model_060,measure,5.33886367054876,5.339563977904618,5.340350201819092,0.7862239144742489,True,
1079,onnx_model_010,measure,5.343470352261268,5.344571205787361,5.345440677832812,0.8694720454514027,True,
1080,onnx_model_087,measure,5.350462332993646,5.351674948818982,5.352447306737304,0.7723579183220863,True,
1081,onnx_model_035,measure,5.356486645756331,5.3577081467956305,5.358633144758642,0.9249979630112648,True,
1082,onnx_model_075,measure,5.359319292446191,5.359861750621349,5.360784946009517,0.9231953881680965,True,
1083,onnx_model_084,measure,5.359374197410056,5.3600243497639894,5.360897840000689,0.8734902366995811,True,
1084,onnx_model_002,measure,5.362512633195327,5.363119592890143,5.363879467826337,0.7598749361932278,True,
1085,onnx_model_091,measure,5.365691408773206,5.366101621650159,5.366916831582785,0.8152099326252937,True,
1086,onnx_model_084,measure,5.366502518250488,5.367012512870133,5.3678399859927595,0.827473122626543,True,
1087,onnx_model_045,measure,5.369680069271682,5.370063382666558,5.370799511671066,0.7361290045082569,True,
1088,onnx_model_055,measure,5.376826239232166,5.378024094738066,5.378877907991409,0.8538132533431053,True,
1089,onnx_model_054,measure,5.384183748307999,5.385103160981089,5.385978554841131,0.8753938600420952,True,
1090,onnx_model_058,measure,5.387287464641437,5.38820395572111,5.3890363979153335,0.8324421942234039,True,
1091,onnx_model_004,measure,5.396520672337576,5.397261822596192,5.398059769999236,0.7979474030435085,True,
1092,onnx_model_079,measure,5.405016674737288,5.405288361012936,5.406189222820103,0.9008618071675301,True,
1093,onnx_model_070,measure,5.405425054136621,5.405724399723113,5.406510412693024,0.7860129699110985,True,
1094,onnx_model_047,measure,5.412872633740095,5.413759772665799,5.414671185892075,0.9114132262766361,True,
1095,onnx_model_091,measure,5.416526448703128,5.416915070731193,5.417857382912189,0.9423121809959412,True,
1096,onnx_model_043,measure,5.4171793955204475,5.41795331472531,5.418864366598427,0.9110518731176853,True,
1097,onnx_model_042,measure,5.417994389623172,5.4183089709840715,5.419162482954562,0.8535119704902172,True,
1098,onnx_model_006,measure,5.423071105326516,5.423403083812445,5.424230967648327,0.8278838358819485,True,
1099,onnx_model_034,measure,5.42635747158266,5.427455246914178,5.428470456972718,1.0152100585401058,True,
1100,onnx_model_044,measure,5.427879563048155,5.428566348738968,5.42944531980902,0.8789710700511932,True,
1101,onnx_model_016,measure,5.435138844208516,5.435774039942771,5.436698576901108,0.9245369583368301,True,
1102,onnx_model_041,measure,5.439204297160103,5.439933125860989,5.441090154927224,1.157029066234827,True,
1103,onnx_model_052,measure,5.439357873617757,5.440098891034722,5.441277550999075,1.1786599643528461,True,
1104,onnx_model_023,measure,5.439506625640759,5.440248745959252,5.441317135933787,1.0683899745345116,True,
1105,onnx_model_067,measure,5.441686649896754,5.442536323796958,5.443478604778647,0.9422809816896915,True,
1106,onnx_model_061,measure,5.443504959461861,5.444708702620119,5.445520826615393,0.8121239952743053,True,
1107,onnx_model_092,measure,5.449435482476443,5.449771917890757,5.450558562763035,0.7866448722779751,True,
1108,onnx_model_084,measure,5.450712124408553,5.451848675031215,5.452747894916683,0.899219885468483,True,
1109,onnx_model_092,measure,5.454033002482751,5.45497833378613,5.455820133909583,0.8418001234531403,True,
1110,onnx_model_041,measure,5.4577231499074665,5.458040063735098,5.458760984707624,0.7209209725260735,True,
1111,onnx_model_005,measure,5.464049716022678,5.464984233956784,5.465715122874826,0.7308889180421829,True,
1112,onnx_model_019,measure,5.465605246133378,5.465858947020024,5.46653660479933,0.6776577793061733,True,
1113,onnx_model_083,measure,5.470031698490202,5.4707761239260435,5.472015840001404,1.239716075360775,True,
1114,onnx_model_023,measure,5.470790445331524,5.4711758135817945,5.4723028456792235,1.127032097429037,True,
1115,onnx_model_023,measure,5.47095270613621,5.471547930967063,5.472423785831779,0.8758548647165298,True,
1116,onnx_model_036,measure,5.480617300263671,5.482664110604674,5.483455404639244,0.7912940345704556,True,
1117,onnx_model_058,measure,5.4896510008144395,5.490706990007311,5.491900017019361,1.1930270120501518,True,
1118,onnx_model_024,measure,5.490567168228001,5.490872333757579,5.491789157036692,0.9168232791125774,True,
1119,onnx_model_012,measure,5.492318710511666,5.493118613958359,5.49388309661299,0.7644826546311378,True,
1120,onnx_model_078,measure,5.501665088746061,5.502107481006533,5.503011929802597,0.9044487960636616,True,
1121,onnx_model_077,measure,5.503195256156217,5.5042419279925525,5.505365142598748,1.1232146061956882,True,
1122,onnx_model_096,measure,5.503720131883512,5.504403044003993,5.505511350929737,1.1083069257438183,True,
1123,onnx_model_011,measure,5.504023210067231,5.504549281671643,5.505570191890001,1.0209102183580399,True,
1124,onnx_model_051,measure,5.507266049129551,5.50779019203037,5.508594130631536,0.8039386011660099,True,
1125,onnx_model_068,measure,5.517099780773219,5.518861006945372,5.519748863764107,0.8878568187355995,True,
1126,onnx_model_036,measure,5.525822608988686,5.52697596186772,5.52780137071386,0.8254088461399078,True,
1127,onnx_model_033,measure,5.5382117274652245,5.539059089962393,5.539916319772601,0.8572298102080822,True,
1128,onnx_model_045,measure,5.546857328396023,5.547214281745255,5.548221546690911,1.0072649456560612,True,
1129,onnx_model_008,measure,5.547616479750472,5.548317098990083,5.5492480378597975,0.9309388697147369,True,
1130,onnx_model_079,measure,5.551769281273921,5.552471394650638,5.553381394594908,0.9099999442696571,True,
1131,onnx_model_055,measure,5.559971923479519,5.560607029590756,5.56155712576583,0.9500961750745773,True,
1132,onnx_model_048,measure,5.56241802041782,5.562760103028268,5.563839053735137,1.0789507068693638,True,
1133,onnx_model_051,measure,5.562977382605735,5.5639345846138895,5.564808105584234,0.8735209703445435,True,
1134,onnx_model_057,measure,5.563924151218476,5.564295971766114,5.565244123805314,0.9481520392000675,True,
1135,onnx_model_046,measure,5.56505299267041,5.565338072832674,5.566083910875022,0.7458380423486233,True,
1136,onnx_model_021,measure,5.568954131982732,5.569303380791098,5.570104072801769,0.8006920106709003,True,
1137,onnx_model_005,measure,5.5738601761032625,5.574329784605652,5.575143130961806,0.8133463561534882,True,
1138,onnx_model_098,measure,5.578126131384818,5.578360526822507,5.579184312839061,0.8237860165536404,True,
1139,onnx_model_004,measure,5.580020997447909,5.580402467865497,5.58114563068375,0.7431628182530403,True,
1140,onnx_model_096,measure,5.599219636275955,5.600406082812697,5.6013367106206715,0.9306278079748154,True,
1141,onnx_model_019,measure,5.611782535739522,5.6125673688948154,5.613528396002948,0.9610271081328392,True,
1142,onnx_model_076,measure,5.631326218413462,5.632754001766443,5.633575181942433,0.8211801759898663,True,
1143,onnx_model_039,measure,5.6372725174904845,5.637802948709577,5.638739498797804,0.9365500882267952,True,
1144,onnx_model_070,measure,5.640954208540416,5.641983084846288,5.643135194666684,1.152109820395708,True,
1145,onnx_model_055,measure,5.641162196714404,5.642145933583379,5.643572685774416,1.4267521910369396,True,
1146,onnx_model_030,measure,5.642706807153832,5.643232469912618,5.644235676620156,1.0032067075371742,True,
1147,onnx_model_001,measure,5.648073913650101,5.64851904893294,5.649384272750467,0.8652238175272942,True,
1148,onnx_model_007,measure,5.658197428671138,5.659631932619959,5.660698760766536,1.0668281465768814,True,
1149,onnx_model_034,measure,5.658661101299339,5.659800672903657,5.6608225759118795,1.02190300822258,True,
1150,onnx_model_063,measure,5.6736697738755915,5.675056241918355,5.675998082850128,0.9418409317731857,True,
1151,onnx_model_042,measure,5.676923315796776,5.677244883030653,5.678352518007159,1.1076349765062332,True,
1152,onnx_model_016,measure,5.685609447229931,5.686680447775871,5.687663726974279,0.9832791984081268,True,
1153,onnx_model_031,measure,5.68732290360208,5.68776675267145,5.688675089739263,0.9083370678126812,True,
1154,onnx_model_057,measure,5.69035634581755,5.690902854781598,5.69176388066262,0.8610258810222149,True,
1155,onnx_model_095,measure,5.693676272712497,5.694004780612886,5.694875866640359,0.8710860274732113,True,
1156,onnx_model_066,measure,5.69900105557859,5.700101208873093,5.700932589825243,0.8313809521496296,True,
1157,onnx_model_099,measure,5.702556531684147,5.7031608247198164,5.704136990942061,0.9761662222445011,True,
1158,onnx_model_045,measure,5.702697684361486,5.703318694606423,5.704576245974749,1.2575513683259487,True,
1159,onnx_model_026,measure,5.703929762104086,5.704235687851906,5.7051539537496865,0.9182658977806568,True,
1160,onnx_model_019,measure,5.710698992561171,5.711385448928922,5.712352947797626,0.9674988687038422,True,
1161,onnx_model_088,measure,5.712687199290173,5.713572976645082,5.7145052487030625,0.932272057980299,True,
1162,onnx_model_095,measure,5.719181076164269,5.7197391777299345,5.720656482037157,0.9173043072223663,True,
1163,onnx_model_013,measure,5.721354280240307,5.721876210998744,5.722740442957729,0.8642319589853287,True,
1164,onnx_model_082,measure,5.725216401423551,5.725967306643724,5.72711267368868,1.145367044955492,True,
1165,onnx_model_011,measure,5.7255387697185,5.726125777699053,5.727245576679707,1.119798980653286,True,
1166,onnx_model_050,measure,5.734396329145456,5.735467585735023,5.736393405590206,0.925819855183363,True,
1167,onnx_model_032,measure,5.7391827313942025,5.739630199037492,5.740520390681922,0.8901916444301605,True,
1168,onnx_model_031,measure,5.741427945803835,5.741750418674201,5.7426082897000015,0.857871025800705,True,
1169,onnx_model_078,measure,5.744804361153752,5.745840823743492,5.746792342979461,0.9515192359685898,True,
1170,onnx_model_085,measure,5.746528651898511,5.746890268754214,5.747722330037504,0.8320612832903862,True,
1171,onnx_model_084,measure,5.748223060726261,5.748946657869965,5.749852278735489,0.9056208655238152,True,
1172,onnx_model_048,measure,5.75381465292409,5.754082599654794,5.7550520626828074,0.9694630280137062,True,
1173,onnx_model_077,measure,5.759253171892531,5.760300619993359,5.761274131014943,0.9735110215842724,True,
1174,onnx_model_048,measure,5.7760779730161165,5.7765176966786385,5.77755238302052,1.034686341881752,True,
1175,onnx_model_077,measure,5.7800167049848765,5.7807850278913975,5.7818735567852855,1.0885288938879967,True,
1176,onnx_model_040,measure,5.78035552277015,5.780961853917688,5.782008504029363,1.0466501116752625,True,
1177,onnx_model_087,measure,5.783288043570331,5.784231819678098,5.785169582813978,0.9377631358802319,True,
1178,onnx_model_049,measure,5.794487322288058,5.795390401035547,5.796319817658514,0.9294166229665279,True,
1179,onnx_model_077,measure,5.7963457814889425,5.797538433689624,5.7984066237695515,0.8681900799274445,True,
1180,onnx_model_013,measure,5.799687837213417,5.800642183981836,5.801573543809354,0.9313598275184631,True,
1181,onnx_model_035,measure,5.810820665585343,5.811820000875741,5.8127426048740745,0.9226039983332157,True,
1182,onnx_model_006,measure,5.837128614077337,5.837971271015704,5.839011569041759,1.0402980260550976,True,
1183,onnx_model_078,measure,5.837439387705663,5.838136024773121,5.839123801793903,0.9877770207822323,True,
1184,onnx_model_011,measure,5.852873467953628,5.853364891838282,5.854684129822999,1.3192379847168922,True,
1185,onnx_model_040,measure,5.852902662168211,5.853531468659639,5.85453784186393,1.0063732042908669,True,
1186,onnx_model_031,measure,5.853383212617269,5.853984660934657,5.854802654590458,0.8179936558008194,True,
1187,onnx_model_043,measure,5.861885877234587,5.863045222591609,5.8640710627660155,1.025840174406767,True,
1188,onnx_model_036,measure,5.86717235920094,5.868294811807573,5.869219559710473,0.9247479028999805,True,
1189,onnx_model_047,measure,5.872357336325688,5.873440844006836,5.874372334685177,0.9314906783401966,True,
1190,onnx_model_098,measure,5.877569683421519,5.878598087001592,5.879539706744254,0.9416197426617146,True,
1191,onnx_model_005,measure,5.880759169175628,5.8817610195837915,5.882691307924688,0.930288340896368,True,
1192,onnx_model_004,measure,5.881865764128213,5.882128848694265,5.883100555744022,0.9717070497572422,True,
1193,onnx_model_003,measure,5.884672079206095,5.88534510275349,5.886253819800913,0.9087170474231243,True,
1194,onnx_model_001,measure,5.894441983994454,5.896493804641068,5.897453598678112,0.9597940370440483,True,
1195,onnx_model_015,measure,5.907015720101897,5.907692631706595,5.908599765971303,0.9071342647075653,True,
1196,onnx_model_091,measure,5.909909265437735,5.910843340680003,5.91194785060361,1.104509923607111,True,
1197,onnx_model_049,measure,5.911626102181232,5.9120436129160225,5.912961788009852,0.9181750938296318,True,
1198,onnx_model_044,measure,5.9136469332691375,5.914181577041745,5.915149726904929,0.9681498631834984,True,
1199,onnx_model_060,measure,5.916239086059571,5.917375968769193,5.91835333686322,0.9773680940270424,True,
1200,onnx_model_056,measure,5.917185756779405,5.917538006789982,5.918495887890458,0.9578811004757881,True,
1201,onnx_model_081,measure,5.917627427298666,5.917990496847779,5.918905976694077,0.9154798462986946,True,
1202,onnx_model_040,measure,5.9185229367816214,5.919000726658851,5.919839140959084,0.8384143002331257,True,
1203,onnx_model_082,measure,5.92892659692061,5.930071180686355,5.931187371723354,1.1161910369992256,True,
1204,onnx_model_075,measure,5.9300127017869615,5.930436324793845,5.9313388196751475,0.9024948813021183,True,
1205,onnx_model_092,measure,5.930657783617307,5.930840803775936,5.9316797577776015,0.8389540016651154,True,
1206,onnx_model_052,measure,5.941411195411356,5.941916836891323,5.9428133820183575,0.8965451270341873,True,
1207,onnx_model_012,measure,5.942079669618576,5.9422800480388105,5.943214774597436,0.9347265586256981,True,
1208,onnx_model_031,measure,5.947238212689257,5.94844882376492,5.949443595018238,0.9947712533175945,True,
1209,onnx_model_048,measure,5.963494397063609,5.964743988588452,5.965774507727474,1.030519139021635,True,
1210,onnx_model_046,measure,5.97327412272321,5.973999081645161,5.975066660903394,1.0675792582333088,True,
1211,onnx_model_076,measure,5.980576031902086,5.981291683856398,5.98224634770304,0.954663846641779,True,
1212,onnx_model_065,measure,5.982743956132854,5.98346714861691,5.984466117806733,0.9989691898226738,True,
1213,onnx_model_054,measure,6.001162919765901,6.00170458573848,6.002660983707756,0.956397969275713,True,
1214,onnx_model_034,measure,6.01033262585413,6.010926705785096,6.011800917796791,0.8742120116949081,True,
1215,onnx_model_003,measure,6.0120231187509034,6.01295370887965,6.013468757737428,0.5150488577783108,True,
1216,onnx_model_061,measure,6.021180807668183,6.021638416685164,6.022336513735354,0.6980970501899719,True,
1217,onnx_model_045,measure,6.035577685023935,6.03676003171131,6.038228953722864,1.4689220115542412,True,
1218,onnx_model_090,measure,6.036281533573914,6.037087423726916,6.038448169827461,1.3607461005449295,True,
1219,onnx_model_032,measure,6.044073397883732,6.044718959834427,6.045760249719024,1.041289884597063,True,
1220,onnx_model_069,measure,6.0467266432975535,6.046983644831926,6.0478942156769335,0.9105708450078964,True,
1221,onnx_model_050,measure,6.047952187784636,6.04911411460489,6.050135095603764,1.0209809988737106,True,
1222,onnx_model_011,measure,6.049666994470965,6.050230907741934,6.0512130949646235,0.9821872226893902,True,
1223,onnx_model_000,measure,6.050925667727129,6.051308214664459,6.052227302920073,0.9190882556140423,True,
1224,onnx_model_065,measure,6.055932838260605,6.056452022865415,6.057360269594938,0.9082467295229435,True,
1225,onnx_model_065,measure,6.061856273900064,6.062602203805,6.063507894985378,0.9056911803781986,True,
1226,onnx_model_058,measure,6.0752062188363265,6.075761547777802,6.076761479023844,0.9999312460422516,True,
1227,onnx_model_023,measure,6.077994361031389,6.078983583021909,6.079894784837961,0.9112018160521984,True,
1228,onnx_model_086,measure,6.080198998470234,6.0811185305938125,6.081951143685728,0.8326130919158459,True,
1229,onnx_model_024,measure,6.082875703664826,6.083170651923865,6.083981151692569,0.810499768704176,True,
1230,onnx_model_034,measure,6.092201735593659,6.094213331583887,6.095296470914036,1.083139330148697,True,
1231,onnx_model_034,measure,6.092765390699837,6.094378084875643,6.095345413777977,0.9673289023339748,True,
1232,onnx_model_052,measure,6.094595479109169,6.09486476983875,6.095683005638421,0.8182357996702194,True,
1233,onnx_model_055,measure,6.096788271724273,6.097906582988799,6.098812033887953,0.9054508991539478,True,
1234,onnx_model_076,measure,6.101842141517067,6.103037314955145,6.103854267857969,0.8169529028236866,True,
1235,onnx_model_009,measure,6.103908649278026,6.1050764308311045,6.105934331659228,0.8579008281230927,True,
1236,onnx_model_082,measure,6.11855595574381,6.1201686300337315,6.121106221806258,0.9375917725265026,True,
1237,onnx_model_020,measure,6.120813644301511,6.12120402790606,6.122093108016998,0.889080110937357,True,
1238,onnx_model_082,measure,6.123220700708405,6.124335160013288,6.125286567956209,0.9514079429209232,True,
1239,onnx_model_015,measure,6.1273715766670955,6.128518742043525,6.129725365899503,1.2066238559782505,True,
1240,onnx_model_074,measure,6.127504870335316,6.128725775983185,6.129889397881925,1.16362189874053,True,
1241,onnx_model_051,measure,6.128744894717554,6.129184637684375,6.130249381996691,1.0647443123161793,True,
1242,onnx_model_021,measure,6.136148580355365,6.13655321393162,6.137456230819225,0.9030168876051903,True,
1243,onnx_model_038,measure,6.137032458659884,6.137553725857288,6.138686529826373,1.1328039690852165,True,
1244,onnx_model_028,measure,6.137230049017265,6.137767042033374,6.138866190798581,1.099148765206337,True,
1245,onnx_model_090,measure,6.1373374994531735,6.13794879661873,6.139120073989034,1.1712773703038692,True,
1246,onnx_model_090,measure,6.140118420387649,6.140341174788773,6.141228360589594,0.8871858008205891,True,
1247,onnx_model_078,measure,6.144209276218983,6.144454853609204,6.145303747616708,0.8488940075039864,True,
1248,onnx_model_017,measure,6.147805505358697,6.148531032726169,6.149401867762208,0.8708350360393524,True,
1249,onnx_model_004,measure,6.155915386781854,6.156645698007196,6.1575346370227635,0.8889390155673027,True,
1250,onnx_model_029,measure,6.158130664265115,6.158761619590223,6.159589753951877,0.82813436165452,True,
1251,onnx_model_050,measure,6.1596237953895265,6.16082393983379,6.1617302829399705,0.9063431061804295,True,
1252,onnx_model_098,measure,6.167446407141024,6.167956948745996,6.168768520932645,0.8115721866488457,True,
1253,onnx_model_038,measure,6.184512820613245,6.184993582777679,6.186002730857581,1.0091480799019337,True,
1254,onnx_model_013,measure,6.185088348199004,6.185356352943927,6.186402470804751,1.0461178608238697,True,
1255,onnx_model_049,measure,6.193045689843261,6.193640519864857,6.194656710606068,1.016190741211176,True,
1256,onnx_model_041,measure,6.203854165083457,6.2048879796639085,6.205924239009619,1.0362593457102776,True,
1257,onnx_model_009,measure,6.208120292224484,6.209153948817402,6.210081511642784,0.9275628253817558,True,
1258,onnx_model_048,measure,6.2106255040763125,6.211310036946088,6.212297233752906,0.9871968068182468,True,
1259,onnx_model_080,measure,6.2110784383338,6.211471222806722,6.2124412870034575,0.9700641967356205,True,
1260,onnx_model_055,measure,6.214570465097057,6.215679512824863,6.216714780777693,1.0352679528295994,True,
1261,onnx_model_064,measure,6.215916315120694,6.216814029030502,6.217840870842338,1.0268418118357658,True,
1262,onnx_model_000,measure,6.216211925004694,6.217001284938306,6.217985054943711,0.9837700054049492,True,
1263,onnx_model_086,measure,6.22872436908979,6.229203669819981,6.230162112042308,0.9584422223269939,True,
1264,onnx_model_016,measure,6.232136265725273,6.232485057786107,6.233489466831088,1.0044090449810028,True,
1265,onnx_model_008,measure,6.23263907902915,6.232871051877737,6.233819143846631,0.9480919688940048,True,
1266,onnx_model_081,measure,6.240078018327367,6.241041231900454,6.242042885627598,1.001653727144003,True,
1267,onnx_model_017,measure,6.243650079289935,6.24426512978971,6.245269799605012,1.0046698153018951,True,
1268,onnx_model_051,measure,6.24486546033413,6.24536649370566,6.246420536655933,1.0540429502725601,True,
1269,onnx_model_043,measure,6.2450543342388185,6.245526196900755,6.246532719582319,1.0065226815640926,True,
1270,onnx_model_060,measure,6.254084725850972,6.254754768684506,6.255695677828044,0.9409091435372829,True,
1271,onnx_model_028,measure,6.262226816827511,6.262917895801365,6.263873883988708,0.9559881873428822,True,
1272,onnx_model_072,measure,6.263979577174425,6.265092870686203,6.266108901705593,1.0160310193896294,True,
1273,onnx_model_021,measure,6.268902797009204,6.269329774659127,6.270312682725489,0.9829080663621426,True,
1274,onnx_model_011,measure,6.270678350034861,6.271530468016863,6.272684260737151,1.1537927202880383,True,
1275,onnx_model_099,measure,6.272457367959113,6.272781084757298,6.273724828846753,0.9437440894544125,True,
1276,onnx_model_057,measure,6.27419391480945,6.274945268873125,6.275938907638192,0.9936387650668621,True,
1277,onnx_model_014,measure,6.279590548143672,6.280167915858328,6.281158018857241,0.9901029989123344,True,
1278,onnx_model_058,measure,6.291853077378775,6.292380269616842,6.293361966032535,0.9816964156925678,True,
1279,onnx_model_041,measure,6.299120802744705,6.299586828798056,6.300571880768985,0.9850519709289074,True,
1280,onnx_model_045,measure,6.307460693231452,6.307796363718808,6.30873811384663,0.9417501278221607,True,
1281,onnx_model_081,measure,6.323681797133728,6.3239560117945075,6.325481881853193,1.5258700586855412,True,
1282,onnx_model_051,measure,6.323858893856212,6.324345471803099,6.325665761716664,1.3202899135649204,True,
1283,onnx_model_085,measure,6.3241969781044105,6.3245253739878535,6.325721326749772,1.1959527619183064,True,
1284,onnx_model_064,measure,6.344917356993227,6.345949308015406,6.347144539933652,1.195231918245554,True,
1285,onnx_model_085,measure,6.345092520097755,6.3461110149510205,6.347036012914032,0.9249979630112648,True,
1286,onnx_model_025,measure,6.352331847072614,6.353362127672881,6.354257530998439,0.8954033255577087,True,
1287,onnx_model_061,measure,6.359692593521588,6.36048024892807,6.361407381016761,0.9271320886909962,True,
1288,onnx_model_001,measure,6.362121347455946,6.362637910991907,6.363600509706885,0.9625987149775028,True,
1289,onnx_model_032,measure,6.36257244124837,6.362997162621468,6.363999989815056,1.0028271935880184,True,
1290,onnx_model_011,measure,6.372436145158421,6.37424576561898,6.37524056667462,0.9948010556399822,True,
1291,onnx_model_099,measure,6.3822734338147376,6.383465630933642,6.38447554083541,1.0099099017679691,True,
1292,onnx_model_054,measure,6.396889212225378,6.398710739798844,6.399649163708091,0.9384239092469215,True,
1293,onnx_model_078,measure,6.399735841388815,6.400868170894682,6.401776466984302,0.9082960896193981,True,
1294,onnx_model_047,measure,6.400921867140895,6.401225790847093,6.402216804679483,0.9910138323903084,True,
1295,onnx_model_072,measure,6.406083396264731,6.406436064746231,6.407560812775046,1.1247480288147926,True,
1296,onnx_model_095,measure,6.406617265753616,6.406808452680707,6.407993905711919,1.1854530312120914,True,
1297,onnx_model_026,measure,6.407008432431313,6.407159219030291,6.408134462777525,0.9752437472343445,True,
1298,onnx_model_030,measure,6.412090092329244,6.4123555268161,6.413260276895016,0.9047500789165497,True,
1299,onnx_model_023,measure,6.417118785553405,6.417484806850553,6.418477242812514,0.9924359619617462,True,
1300,onnx_model_019,measure,6.435553512967451,6.437714209780097,6.438751411624253,1.0372018441557884,True,
1301,onnx_model_090,measure,6.437773531833464,6.438068563584238,6.439454938750714,1.3863751664757729,True,
1302,onnx_model_012,measure,6.438349789320103,6.438850479666144,6.440069797914475,1.2193182483315468,True,
1303,onnx_model_046,measure,6.4384502511571835,6.43901048367843,6.439949349034578,0.9388653561472893,True,
1304,onnx_model_036,measure,6.441904415254488,6.442303753923625,6.443352998699993,1.0492447763681412,True,
1305,onnx_model_080,measure,6.443011046507421,6.4434498329646885,6.4444625079631805,1.0126749984920025,True,
1306,onnx_model_043,measure,6.447014242754859,6.447698939591646,6.448714730795473,1.0157912038266659,True,
1307,onnx_model_076,measure,6.448198073117899,6.448809580877423,6.449726293794811,0.9167129173874855,True,
1308,onnx_model_042,measure,6.453124470670667,6.4539741380140185,6.454946004785597,0.9718667715787888,True,
1309,onnx_model_037,measure,6.457470864155305,6.458167498931289,6.459012484643608,0.8449857123196125,True,
1310,onnx_model_029,measure,6.458521319804512,6.45912631182,6.459990584757179,0.8642729371786118,True,
1311,onnx_model_085,measure,6.460654906267188,6.461208859924227,6.462081899866462,0.8730399422347546,True,
1312,onnx_model_062,measure,6.46879205906882,6.469312904868275,6.470219017006457,0.9061121381819248,True,
1313,onnx_model_096,measure,6.470520270044336,6.471445959992707,6.472468462772667,1.0225027799606323,True,
1314,onnx_model_043,measure,6.471135841135658,6.47162672271952,6.472628166899085,1.0014441795647144,True,
1315,onnx_model_040,measure,6.488471868958807,6.488851435016841,6.489704726729542,0.8532917127013206,True,
1316,onnx_model_032,measure,6.500068628033484,6.500927158631384,6.501876232679933,0.9490740485489368,True,
1317,onnx_model_008,measure,6.502386918411313,6.503094418905675,6.504017683677375,0.9232647716999054,True,
1318,onnx_model_070,measure,6.509301894495038,6.510239711031318,6.511164218652993,0.9245076216757298,True,
1319,onnx_model_016,measure,6.512057452859229,6.5123891667462885,6.513386662583798,0.9974958375096321,True,
1320,onnx_model_030,measure,6.512217266126271,6.512553819920868,6.513514515943825,0.9606960229575634,True,
1321,onnx_model_027,measure,6.513868059236307,6.51475487370044,6.51569201471284,0.9371410124003887,True,
1322,onnx_model_083,measure,6.5227889802626695,6.523913733661175,6.524781552609056,0.8678189478814602,True,
1323,onnx_model_015,measure,6.536083722563925,6.537003364879638,6.537892635911703,0.8892710320651531,True,
1324,onnx_model_029,measure,6.5444056620240785,6.54511504387483,6.546111397910863,0.9963540360331535,True,
1325,onnx_model_034,measure,6.546827056164887,6.547329833731055,6.548203725833446,0.8738921023905277,True,
1326,onnx_model_061,measure,6.549915840300407,6.550423133652657,6.551288088783622,0.8649551309645176,True,
1327,onnx_model_070,measure,6.551048759130969,6.551384110935032,6.552211112808436,0.8270018734037876,True,
1328,onnx_model_093,measure,6.551339106614042,6.55175762064755,6.552591165993363,0.833545345813036,True,
1329,onnx_model_017,measure,6.552944825162403,6.553822515998036,6.554634018801153,0.8115028031170368,True,
1330,onnx_model_015,measure,6.555002395514154,6.555865378584713,6.556705826893449,0.8404483087360859,True,
1331,onnx_model_014,measure,6.562910019537983,6.563929437659681,6.564753343816847,0.8239061571657658,True,
1332,onnx_model_033,measure,6.584360759139778,6.584975483827293,6.5858887997455895,0.9133159182965755,True,
1333,onnx_model_051,measure,6.60146125402254,6.602118529845029,6.603249500039965,1.1309701949357986,True,
1334,onnx_model_063,measure,6.6020006933151505,6.60228034760803,6.6033812910318375,1.100943423807621,True,
1335,onnx_model_028,measure,6.605486894544517,6.606600649654865,6.607658540830016,1.0578911751508713,True,
1336,onnx_model_086,measure,6.606890076880265,6.6077620279975235,6.609014968853444,1.2529408559203148,True,
1337,onnx_model_033,measure,6.607124291805747,6.607952399645001,6.609159643761814,1.2072441168129444,True,
1338,onnx_model_045,measure,6.609137797905521,6.609305401798338,6.610215280670673,0.9098788723349571,True,
1339,onnx_model_023,measure,6.609518416694863,6.609681986737996,6.6106546157971025,0.9726290591061115,True,
1340,onnx_model_007,measure,6.610894063736668,6.611877299845219,6.612818298861384,0.9409990161657333,True,
1341,onnx_model_061,measure,6.615835554146173,6.61704514361918,6.618013824801892,0.9686811827123165,True,
1342,onnx_model_041,measure,6.621147062953495,6.622236351016909,6.623205503914505,0.9691528975963593,True,
1343,onnx_model_032,measure,6.62443282234223,6.625426596030593,6.626234390772879,0.8077947422862053,True,
1344,onnx_model_021,measure,6.644794072820444,6.645482218824327,6.646581056993455,1.0988381691277027,True,
1345,onnx_model_057,measure,6.645119745748223,6.6456574918702245,6.646713739726692,1.0562478564679623,True,
1346,onnx_model_072,measure,6.654526025644018,6.654937150888145,6.655909599736333,0.9724488481879234,True,
1347,onnx_model_050,measure,6.687691148680871,6.68820973765105,6.689230507705361,1.0207700543105602,True,
1348,onnx_model_025,measure,6.701945989792678,6.703545668628067,6.7047603777609766,1.2147091329097748,True,
1349,onnx_model_079,measure,6.702073252976418,6.703759515658021,6.704814640805125,1.0551251471042633,True,
1350,onnx_model_045,measure,6.710251139139294,6.711111029610038,6.71211683191359,1.0058023035526276,True,
1351,onnx_model_007,measure,6.712768213258833,6.713418886996806,6.714539356995374,1.1204699985682964,True,
1352,onnx_model_060,measure,6.714873420891616,6.715837514027953,6.716775607783347,0.9380937553942204,True,
1353,onnx_model_063,measure,6.715830251111395,6.716240259818733,6.717117617838085,0.8773580193519592,True,
1354,onnx_model_079,measure,6.722536271362161,6.723474099766463,6.724594569765031,1.1204699985682964,True,
1355,onnx_model_063,measure,6.728120361039714,6.72887634858489,6.729765799827874,0.8894512429833412,True,
1356,onnx_model_078,measure,6.730119542886366,6.731022648978978,6.7319609727710485,0.9383237920701504,True,
1357,onnx_model_018,measure,6.73405003112884,6.735275462735444,6.736209357623011,0.9338948875665665,True,
1358,onnx_model_053,measure,6.739592986079156,6.74043466988951,6.741308741737157,0.8740718476474285,True,
1359,onnx_model_020,measure,6.7466193950804625,6.74753216188401,6.748436740599573,0.9045787155628204,True,
1360,onnx_model_093,measure,6.75083826998237,6.751674165017903,6.752492910716683,0.8187456987798214,True,
1361,onnx_model_033,measure,6.7586715385406135,6.759730007965118,6.760903478600085,1.1734706349670887,True,
1362,onnx_model_078,measure,6.771635767328693,6.7721244976855814,6.773048644885421,0.9241471998393536,True,
1363,onnx_model_010,measure,6.786051485198695,6.787268774583936,6.788197199814022,0.9284252300858498,True,
1364,onnx_model_027,measure,6.787840519977647,6.788292180746794,6.789124392904341,0.8322121575474739,True,
1365,onnx_model_038,measure,6.790866715758451,6.791346486657858,6.792299908585846,0.9534219279885292,True,
1366,onnx_model_000,measure,6.793102119531161,6.793519597034901,6.794274802785367,0.7552057504653931,True,
1367,onnx_model_086,measure,6.7936439600349,6.79389984998852,6.794798167888075,0.8983178995549679,True,
1368,onnx_model_033,measure,6.7958640137893465,6.797045338898897,6.798457012977451,1.411674078553915,True,
1369,onnx_model_081,measure,6.796385429592297,6.797218427993357,6.798505203798413,1.2867758050560951,True,
1370,onnx_model_060,measure,6.797021867215644,6.797806766815484,6.798743586987257,0.9368201717734337,True,
1371,onnx_model_037,measure,6.797117009306349,6.797972922679037,6.798861762043089,0.8888393640518188,True,
1372,onnx_model_027,measure,6.808095326808853,6.809105293825269,6.810020132921636,0.9148390963673592,True,
1373,onnx_model_035,measure,6.817314721930027,6.8182710856199265,6.819205552805215,0.9344671852886677,True,
1374,onnx_model_014,measure,6.819810675539285,6.8204243700020015,6.82123902766034,0.8146576583385468,True,
1375,onnx_model_052,measure,6.822926477003789,6.823462123982608,6.8243372067809105,0.8750827983021736,True,
1376,onnx_model_044,measure,6.824545823431058,6.82556314766407,6.827693997882307,2.1308502182364464,True,
1377,onnx_model_090,measure,6.825294961733132,6.825739532709122,6.827807854861021,2.0683221518993378,True,
1378,onnx_model_018,measure,6.8304986342579035,6.831037493888289,6.832886117976159,1.848624087870121,True,
1379,onnx_model_079,measure,6.836006530630728,6.837109635584056,6.8379499129951,0.840277411043644,True,
1380,onnx_model_065,measure,6.840856922675536,6.841168240644038,6.842081025708467,0.9127850644290447,True,
1381,onnx_model_027,measure,6.843660356568481,6.844303730875254,6.845134239643812,0.8305087685585022,True,
1382,onnx_model_031,measure,6.847658588422483,6.848379898816347,6.849222189746797,0.8422909304499626,True,
1383,onnx_model_082,measure,6.849699000448076,6.85044149775058,6.851184209808707,0.7427120581269264,True,
1384,onnx_model_061,measure,6.852819202532683,6.85340383881703,6.854228526819497,0.8246880024671555,True,
1385,onnx_model_063,measure,6.857548032504029,6.858524271752685,6.859364468604326,0.8401968516409397,True,
1386,onnx_model_097,measure,6.86407322554277,6.864596334751695,6.865522895939648,0.9265611879527569,True,
1387,onnx_model_043,measure,6.870117525776819,6.870756132993847,6.871646475978196,0.8903429843485355,True,
1388,onnx_model_062,measure,6.877553558040871,6.877869514748454,6.878703149966896,0.8336352184414864,True,
1389,onnx_model_053,measure,6.884703927426545,6.884935055859387,6.88599110301584,1.0560471564531326,True,
1390,onnx_model_029,measure,6.8847098718269235,6.885096782818437,6.8860433916561306,0.9466088376939297,True,
1391,onnx_model_096,measure,6.884946892635381,6.885529675986618,6.886409377679229,0.8797016926109791,True,
1392,onnx_model_085,measure,6.88837004014707,6.888643885962665,6.8893622206524014,0.7183346897363663,True,
1393,onnx_model_013,measure,6.891895525410914,6.89258467592299,6.893467764835805,0.8830889128148556,True,
1394,onnx_model_019,measure,6.893724483572765,6.894695408642292,6.895581422839314,0.8860141970217228,True,
1395,onnx_model_065,measure,6.897781853467867,6.898805090691894,6.899624678771943,0.8195880800485611,True,
1396,onnx_model_011,measure,6.899620196501276,6.8997774086892605,6.90096566779539,1.1882591061294079,True,
1397,onnx_model_006,measure,6.899646261000048,6.899934036657214,6.900852692779154,0.9186561219394207,True,
1398,onnx_model_025,measure,6.902801791185576,6.903186969924718,6.904030222911388,0.8432529866695404,True,
1399,onnx_model_019,measure,6.912483719406424,6.914251251611859,6.915060590021312,0.8093384094536304,True,
1400,onnx_model_075,measure,6.919405655010421,6.920283096842468,6.921416591852903,1.1334950104355812,True,
1401,onnx_model_045,measure,6.92020323865837,6.920682966709137,6.921567658893764,0.8846921846270561,True,
1402,onnx_model_068,measure,6.9207892390559484,6.921061867848039,6.92196549475193,0.9036269038915634,True,
1403,onnx_model_055,measure,6.926929750701117,6.927184826694429,6.928056923672557,0.8720969781279564,True,
1404,onnx_model_062,measure,6.927627522635199,6.928154218941927,6.929057756904513,0.9035379625856876,True,
1405,onnx_model_065,measure,6.934703960032218,6.935279633849859,6.936172871850431,0.8932380005717278,True,
1406,onnx_model_036,measure,6.937294698343068,6.938391778618097,6.939204243943095,0.8124653249979019,True,
1407,onnx_model_012,measure,6.945449458574572,6.946447893045843,6.947356870863587,0.9089778177440166,True,
1408,onnx_model_076,measure,6.953705503712896,6.954578477889299,6.955560494679958,0.9820167906582355,True,
1409,onnx_model_000,measure,6.973087093197638,6.974812589585781,6.975729432888329,0.9168433025479317,True,
1410,onnx_model_027,measure,6.97595234977082,6.976946255657822,6.977857247926295,0.9109922684729099,True,
1411,onnx_model_010,measure,6.978515932735682,6.979075563605875,6.979992035776377,0.9164721705019474,True,
1412,onnx_model_090,measure,6.982063705017308,6.983212086837739,6.98413998959586,0.9279027581214905,True,
1413,onnx_model_090,measure,6.983568186765119,6.984234299976379,6.985076319891959,0.8420199155807495,True,
1414,onnx_model_034,measure,6.990664681818225,6.9912955719046295,6.992241910658777,0.9463387541472912,True,
1415,onnx_model_080,measure,6.991900287060875,6.9923360496759415,6.993122033774853,0.7859840989112854,True,
1416,onnx_model_002,measure,6.995820293434614,6.996343507897109,6.997014953754842,0.6714458577334881,True,
1417,onnx_model_068,measure,7.03747335298301,7.038239505607635,7.039032252971083,0.792747363448143,True,
1418,onnx_model_058,measure,7.038438678328146,7.038606844842434,7.039326952770352,0.7201079279184341,True,
1419,onnx_model_048,measure,7.0464009061938855,7.047547519672662,7.048362608999014,0.815089326351881,True,
1420,onnx_model_047,measure,7.059868447329026,7.060725177638233,7.061737472657114,1.0122950188815594,True,
1421,onnx_model_023,measure,7.061099079095056,7.0618414198979735,7.06314656091854,1.305141020566225,True,
1422,onnx_model_070,measure,7.061551398850359,7.06201679399237,7.063033525831997,1.0167318396270275,True,
1423,onnx_model_040,measure,7.064646842223279,7.065372742712498,7.0662535866722465,0.880843959748745,True,
1424,onnx_model_046,measure,7.0712083491541495,7.071480963844806,7.072384310886264,0.9033470414578915,True,
1425,onnx_model_020,measure,7.07858431894966,7.079641264863312,7.080631807912141,0.9905430488288403,True,
1426,onnx_model_033,measure,7.085712748393698,7.086853003595024,7.087943586986512,1.0905833914875984,True,
1427,onnx_model_094,measure,7.090593007447713,7.091165230609477,7.0921486699953675,0.9834393858909607,True,
1428,onnx_model_057,measure,7.091586738580794,7.0922451838850975,7.093262356705964,1.017172820866108,True,
1429,onnx_model_054,measure,7.091899916360916,7.092405688948929,7.09339434793219,0.9886589832603931,True,
1430,onnx_model_047,measure,7.094342539022901,7.094624266028404,7.0955878077074885,0.963541679084301,True,
1431,onnx_model_006,measure,7.098834589159681,7.099811926949769,7.1007478456012905,0.9359186515212059,True,
1432,onnx_model_094,measure,7.104123027287294,7.104968779720366,7.105957909952849,0.9891302324831486,True,
1433,onnx_model_056,measure,7.108054367355901,7.109178811777383,7.110181076917797,1.002265140414238,True,
1434,onnx_model_030,measure,7.109789298958182,7.11027848161757,7.111183472909033,0.9049912914633751,True,
1435,onnx_model_002,measure,7.116022520260697,7.116408383939415,7.117318413686007,0.9100297465920448,True,
1436,onnx_model_023,measure,7.123864156009474,7.1245550299063325,7.125451844651252,0.8968147449195385,True,
1437,onnx_model_068,measure,7.126438140532886,7.126700578723103,7.127688896842301,0.9883181191980839,True,
1438,onnx_model_043,measure,7.1347321747768895,7.135913370642811,7.136892581824213,0.9792111814022064,True,
1439,onnx_model_049,measure,7.137766770633885,7.1381211169064045,7.139120006002486,0.9988890960812569,True,
1440,onnx_model_009,measure,7.140301904815663,7.14133941475302,7.142279381863773,0.9399671107530594,True,
1441,onnx_model_029,measure,7.147564481609396,7.148496740031987,7.149530975613743,1.0342355817556381,True,
1442,onnx_model_019,measure,7.156889038843714,7.157757593784481,7.1589339398778975,1.176346093416214,True,
1443,onnx_model_048,measure,7.157005777566277,7.157916485797614,7.159363265614957,1.4467798173427582,True,
1444,onnx_model_087,measure,7.16035496729554,7.160595517605543,7.161673005670309,1.0774880647659302,True,
1445,onnx_model_055,measure,7.162590540409851,7.162890760693699,7.163846236653626,0.9554759599268436,True,
1446,onnx_model_010,measure,7.165162074953495,7.166067719925195,7.167003608774394,0.9358888491988182,True,
1447,onnx_model_057,measure,7.166101746112919,7.166419408749789,7.167368752881885,0.9493441320955753,True,
1448,onnx_model_053,measure,7.179706354436525,7.181587089784443,7.182478895876557,0.8918060921132565,True,
1449,onnx_model_062,measure,7.183114184461469,7.183707189746201,7.184558768756688,0.8515790104866028,True,
1450,onnx_model_054,measure,7.1840351186955065,7.184677764773369,7.185527530964464,0.8497661910951138,True,
1451,onnx_model_050,measure,7.184670078945387,7.185066694859415,7.185863368678838,0.7966738194227219,True,
1452,onnx_model_030,measure,7.186349866037864,7.187080082017928,7.1879520788788795,0.8719968609511852,True,
1453,onnx_model_064,measure,7.201360431900009,7.202176687773317,7.2031516917049885,0.975003931671381,True,
1454,onnx_model_065,measure,7.205169425371334,7.206384806893766,7.207685028668493,1.300221774727106,True,
1455,onnx_model_067,measure,7.205394652383283,7.2065488887019455,7.2078681867569685,1.319298055022955,True,
1456,onnx_model_045,measure,7.205535787866139,7.206720745656639,7.207907100673765,1.1863550171256065,True,
1457,onnx_model_065,measure,7.210198259220793,7.211132170632482,7.212220810819417,1.0886401869356632,True,
1458,onnx_model_015,measure,7.211007074962302,7.211296553723514,7.212363451719284,1.0668979957699776,True,
1459,onnx_model_030,measure,7.215971788424748,7.216581048909575,7.217419071588665,0.8380226790904999,True,
1460,onnx_model_027,measure,7.217357443226089,7.217563866637647,7.218396649695933,0.8327830582857132,True,
1461,onnx_model_090,measure,7.228675395081502,7.229630293790251,7.2305098357610404,0.8795419707894325,True,
1462,onnx_model_038,measure,7.235416074691053,7.235743283759803,7.236718446947634,0.9751631878316402,True,
1463,onnx_model_087,measure,7.243763757203779,7.244948481675237,7.2458207798190415,0.8722981438040733,True,
1464,onnx_model_073,measure,7.245012500563895,7.245308625977486,7.246203045826405,0.8944198489189148,True,
1465,onnx_model_078,measure,7.2468076094132465,7.247438243590295,7.248430109582841,0.9918659925460815,True,
1466,onnx_model_093,measure,7.24930878307142,7.249681818764657,7.250683292746544,1.0014739818871021,True,
1467,onnx_model_077,measure,7.253713608941838,7.254904225934297,7.255889578722417,0.9853527881205082,True,
1468,onnx_model_042,measure,7.257151757371269,7.258110229857266,7.259096674621105,0.9864447638392448,True,
1469,onnx_model_002,measure,7.26322693363688,7.264315485954285,7.265327087603509,1.0116016492247581,True,
1470,onnx_model_032,measure,7.26450037443065,7.264698212966323,7.265746335033327,1.0481220670044422,True,
1471,onnx_model_017,measure,7.26989028986286,7.270966337993741,7.271929728798568,0.9633908048272133,True,
1472,onnx_model_035,measure,7.27258894139834,7.2731490470469,7.274217557627708,1.0685105808079243,True,
1473,onnx_model_082,measure,7.273068950711687,7.273504863027483,7.2743608807213604,0.8560176938772202,True,
1474,onnx_model_063,measure,7.277857886187055,7.2785795498639345,7.2795128538273275,0.933303963392973,True,
1475,onnx_model_068,measure,7.280107010797987,7.280793056823313,7.281743683852255,0.9506270289421082,True,
1476,onnx_model_094,measure,7.285261277338995,7.285968163982034,7.286881740670651,0.9135766886174679,True,
1477,onnx_model_072,measure,7.288179178636834,7.2891038749367,7.2900123917497694,0.908516813069582,True,
1478,onnx_model_028,measure,7.2937909189242065,7.294236641842872,7.2950693648308516,0.8327229879796505,True,
1479,onnx_model_037,measure,7.296254398552653,7.297289694659412,7.298175829928368,0.8861352689564228,True,
1480,onnx_model_030,measure,7.298585876804735,7.299395387992263,7.300243739970028,0.8483519777655602,True,
1481,onnx_model_062,measure,7.308439885675235,7.310566221829504,7.311417900957167,0.851679127663374,True,
1482,onnx_model_088,measure,7.311557907635418,7.31264807889238,7.313558148685843,0.9100697934627533,True,
1483,onnx_model_008,measure,7.316864704508644,7.317780765704811,7.3186537749134,0.8730092085897923,True,
1484,onnx_model_086,measure,7.318700524909072,7.319878763984889,7.320838507730514,0.9597437456250191,True,
1485,onnx_model_058,measure,7.31973627853827,7.320039929822087,7.32097154064104,0.931610818952322,True,
1486,onnx_model_052,measure,7.3213617480789575,7.322188383899629,7.323033990804106,0.845606904476881,True,
1487,onnx_model_037,measure,7.327085104425184,7.3282538037747145,7.329106234014034,0.8524302393198013,True,
1488,onnx_model_030,measure,7.329397587230252,7.330327945761383,7.331253575626761,0.9256298653781414,True,
1489,onnx_model_068,measure,7.330559637211439,7.3313519028015435,7.332191127818078,0.8392250165343285,True,
1490,onnx_model_062,measure,7.340099488769276,7.340410070959479,7.341259886045009,0.8498150855302811,True,
1491,onnx_model_048,measure,7.3466164791937825,7.3474820936098695,7.348389488644898,0.9073950350284576,True,
1492,onnx_model_054,measure,7.360686535768803,7.362641519866884,7.363516452722251,0.8749328553676605,True,
1493,onnx_model_079,measure,7.369897244179626,7.370758289005607,7.3716906709596515,0.9323819540441036,True,
1494,onnx_model_081,measure,7.375266357956201,7.375911263749003,7.376718929037452,0.8076652884483337,True,
1495,onnx_model_094,measure,7.382859212705792,7.383957277983427,7.384877447038889,0.9201690554618835,True,
1496,onnx_model_080,measure,7.3981329131767195,7.399107075762004,7.400017375592142,0.9102998301386833,True,
1497,onnx_model_044,measure,7.400084329437601,7.401234058663249,7.40219944389537,0.9653852321207523,True,
1498,onnx_model_014,measure,7.4016955043611246,7.402294554747641,7.4032001555897295,0.9056008420884609,True,
1499,onnx_model_020,measure,7.413509635027831,7.4144212058745325,7.415343318600208,0.922112725675106,True,
1500,onnx_model_030,measure,7.416253571603443,7.416562405880541,7.417391472030431,0.8290661498904228,True,
1501,onnx_model_072,measure,7.427089141654727,7.427632689010352,7.428736147005111,1.1034579947590828,True,
1502,onnx_model_086,measure,7.427409403840968,7.427795939613134,7.429062676616013,1.2667370028793812,True,
1503,onnx_model_035,measure,7.427549246739812,7.4283297336660326,7.429183887783438,0.8541541174054146,True,
1504,onnx_model_084,measure,7.429841318643452,7.4304189956746995,7.431331058964133,0.9120632894337177,True,
1505,onnx_model_036,measure,7.432978711460281,7.433551098685712,7.4345060139894485,0.9549153037369251,True,
1506,onnx_model_094,measure,7.4433666206773745,7.44474745169282,7.445851911790669,1.104460097849369,True,
1507,onnx_model_028,measure,7.444016201007538,7.444907535798848,7.445993440691382,1.0859048925340176,True,
1508,onnx_model_061,measure,7.450191049526065,7.451223230920732,7.452154370956123,0.9311400353908539,True,
1509,onnx_model_032,measure,7.451444459126916,7.451596540864557,7.452499206643552,0.9026657789945602,True,
1510,onnx_model_064,measure,7.452500086909148,7.452660514041781,7.45364291081205,0.9823967702686787,True,
1511,onnx_model_066,measure,7.455690480834974,7.456867479719222,7.457685264758766,0.8177850395441055,True,
1512,onnx_model_035,measure,7.466440564912971,7.467935689724982,7.469246460590512,1.3107708655297756,True,
1513,onnx_model_074,measure,7.466677670806097,7.468096114695072,7.469313959591091,1.217844896018505,True,
1514,onnx_model_065,measure,7.46686898119297,7.468239737674594,7.469348264858127,1.1085271835327148,True,
1515,onnx_model_072,measure,7.470388010637575,7.471584375016391,7.47249042801559,0.9060529991984367,True,
1516,onnx_model_074,measure,7.472016138601736,7.472585648763925,7.473495026584715,0.909377820789814,True,
1517,onnx_model_054,measure,7.480382883463039,7.480755928903818,7.481570136733353,0.8142078295350075,True,
1518,onnx_model_064,measure,7.48490733628921,7.485845513641834,7.486707411706448,0.8618980646133423,True,
1519,onnx_model_037,measure,7.489740414888104,7.4909348879009485,7.491903468966484,0.9685810655355453,True,
1520,onnx_model_056,measure,7.490958198295023,7.491293579805642,7.49233420798555,1.0406281799077988,True,
1521,onnx_model_050,measure,7.503881078760522,7.5045542060397565,7.505480666644871,0.9264606051146984,True,
1522,onnx_model_068,measure,7.514782962000207,7.5157144498080015,7.516695574857295,0.9811250492930412,True,
1523,onnx_model_080,measure,7.519987349830652,7.520916117820889,7.521777334623039,0.8612168021500111,True,
1524,onnx_model_054,measure,7.526392904929812,7.527016072999686,7.528024860657752,1.0087876580655575,True,
1525,onnx_model_070,measure,7.526702644805804,7.527182369027287,7.528135140892118,0.9527718648314476,True,
1526,onnx_model_021,measure,7.528438321275188,7.529363164678216,7.530281339772046,0.9181750938296318,True,
1527,onnx_model_041,measure,7.533321987033433,7.534502513706684,7.535319366957992,0.8168532513082027,True,
1528,onnx_model_077,measure,7.539085398001999,7.539541692938656,7.5403601988218725,0.8185058832168579,True,
1529,onnx_model_090,measure,7.539657814975858,7.539918007794768,7.5407778127118945,0.859804917126894,True,
1530,onnx_model_025,measure,7.556888125076818,7.557999497745186,7.5589803527109325,0.9808549657464027,True,
1531,onnx_model_028,measure,7.560053347036604,7.561201334930956,7.5621602069586515,0.958872027695179,True,
1532,onnx_model_025,measure,7.566120651735818,7.56637903675437,7.5672863917425275,0.9073549881577492,True,
1533,onnx_model_083,measure,7.571822670884146,7.572505241725594,7.573439086787403,0.9338450618088245,True,
1534,onnx_model_029,measure,7.574574954303382,7.57567292265594,7.5765281887725,0.8552661165595055,True,
1535,onnx_model_030,measure,7.577762930057085,7.578749290667474,7.579591671936214,0.8423812687397003,True,
1536,onnx_model_092,measure,7.579729650705288,7.580826519988477,7.581736779771745,0.9102597832679749,True,
1537,onnx_model_006,measure,7.580552002809922,7.580983106978238,7.581881664693356,0.8985577151179314,True,
1538,onnx_model_054,measure,7.587486248615238,7.588101027999073,7.588959138840437,0.8581108413636684,True,
1539,onnx_model_078,measure,7.5963592741034915,7.597178561612964,7.5980853056535125,0.9067440405488014,True,
1540,onnx_model_041,measure,7.5984057271270045,7.599301968701184,7.600097090005875,0.7951213046908379,True,
1541,onnx_model_011,measure,7.605900745013767,7.606319106649607,7.60733879590407,1.019689254462719,True,
1542,onnx_model_051,measure,7.611816849458558,7.612578024622053,7.613541565835476,0.9635412134230137,True,
1543,onnx_model_095,measure,7.63251465993415,7.632764657028019,7.633587250951678,0.8225939236581326,True,
1544,onnx_model_012,measure,7.6357032556796485,7.636808503884822,7.637628532014787,0.8200281299650669,True,
1545,onnx_model_095,measure,7.638710741227666,7.639855685643852,7.640812695026398,0.957009382545948,True,
1546,onnx_model_096,measure,7.638740031243037,7.640014797914773,7.640921441838145,0.9066439233720303,True,
1547,onnx_model_025,measure,7.642471779148029,7.643140429630876,7.644175847992301,1.0354183614253998,True,
1548,onnx_model_009,measure,7.647362846075434,7.648407171014696,7.649567215703428,1.160044688731432,True,
1549,onnx_model_003,measure,7.647464029709934,7.648573616985232,7.64972188975662,1.1482727713882923,True,
1550,onnx_model_019,measure,7.648922062781737,7.649083586875349,7.650115598924458,1.0320120491087437,True,
1551,onnx_model_047,measure,7.6513599441070115,7.652331119868904,7.653294470626861,0.9633507579565048,True,
1552,onnx_model_045,measure,7.655614131085033,7.656516897026449,7.657410154584795,0.8932575583457947,True,
1553,onnx_model_089,measure,7.657817750289966,7.658639691770077,7.6595411146990955,0.9014229290187359,True,
1554,onnx_model_040,measure,7.670238550703969,7.670761332847178,7.6715719336643815,0.8106008172035217,True,
1555,onnx_model_070,measure,7.6727923994176255,7.673899958841503,7.674857398960739,0.9574401192367077,True,
1556,onnx_model_068,measure,7.675230733035991,7.676074482966214,7.676944816950709,0.8703339844942093,True,
1557,onnx_model_067,measure,7.688734043645173,7.6891706069000065,7.692935973871499,3.7653669714927673,True,
1558,onnx_model_064,measure,7.698408182515062,7.699158161878586,7.700104229617864,0.9460677392780781,True,
1559,onnx_model_064,measure,7.702669897426287,7.703326474875212,7.7043063580058515,0.9798831306397915,True,
1560,onnx_model_054,measure,7.703502161901983,7.703706286847591,7.704666933044791,0.9606461971998215,True,
1561,onnx_model_079,measure,7.712518573844407,7.712888240814209,7.713698730804026,0.8104899898171425,True,
1562,onnx_model_083,measure,7.719721596313754,7.719939494039863,7.720894559752196,0.9550657123327255,True,
1563,onnx_model_069,measure,7.721674457045271,7.722116001881659,7.72297794977203,0.8619478903710842,True,
1564,onnx_model_054,measure,7.726193647250949,7.727197730913758,7.728191028814763,0.9932979010045528,True,
1565,onnx_model_021,measure,7.731373147847317,7.732412423938513,7.733310610987246,0.8981870487332344,True,
1566,onnx_model_037,measure,7.743868221589811,7.74453799193725,7.745590643025935,1.0526510886847973,True,
1567,onnx_model_047,measure,7.744141963439558,7.744722562842071,7.745736119803041,1.0135569609701633,True,
1568,onnx_model_037,measure,7.746026051076837,7.746953563764691,7.74789494369179,0.9413799270987511,True,
1569,onnx_model_029,measure,7.749296376851411,7.750118980649859,7.7511026109568775,0.9836303070187569,True,
1570,onnx_model_076,measure,7.752743825092755,7.753325535915792,7.754240395035595,0.9148591198027134,True,
1571,onnx_model_022,measure,7.768460876500969,7.769466327968985,7.770402126945555,0.9357989765703678,True,
1572,onnx_model_064,measure,7.773497697096311,7.77466600202024,7.775638069957495,0.9720679372549057,True,
1573,onnx_model_085,measure,7.784566342861038,7.785863416735083,7.786860230844468,0.9968141093850136,True,
1574,onnx_model_074,measure,7.786519691132092,7.786956734955311,7.787893495988101,0.9367610327899456,True,
1575,onnx_model_026,measure,7.789648398739504,7.790115308947861,7.791091333609074,0.9760246612131596,True,
1576,onnx_model_041,measure,7.790481894921074,7.791187085676938,7.792090522591025,0.9034369140863419,True,
1577,onnx_model_011,measure,7.798960588316794,7.7993140537291765,7.800308053847402,0.9940001182258129,True,
1578,onnx_model_041,measure,7.800963913028335,7.801533212885261,7.802450646646321,0.9174337610602379,True,
1579,onnx_model_066,measure,7.803736069323513,7.804686866700649,7.805591406766325,0.9045400656759739,True,
1580,onnx_model_038,measure,7.813013119985088,7.813827381934971,7.814735517837107,0.9081359021365643,True,
1581,onnx_model_001,measure,7.82051582477302,7.820958036929369,7.821882733609527,0.9246966801583767,True,
1582,onnx_model_055,measure,7.84301792305269,7.844109714962542,7.8453333410434425,1.2236260809004307,True,
1583,onnx_model_037,measure,7.843361717134065,7.844268465880305,7.845223661977798,0.9551960974931717,True,
1584,onnx_model_080,measure,7.848550570267089,7.849559193011373,7.850666367914528,1.1071749031543732,True,
1585,onnx_model_074,measure,7.8488019558800834,7.849735327996314,7.850799761712551,1.064433716237545,True,
1586,onnx_model_081,measure,7.849859196767328,7.850167378783226,7.851004670839757,0.837292056530714,True,
1587,onnx_model_050,measure,7.851029270007322,7.852255268022418,7.853128958959132,0.8736909367144108,True,
1588,onnx_model_010,measure,7.865371171750939,7.867367393802851,7.868323731701821,0.9563378989696503,True,
1589,onnx_model_015,measure,7.867018509676723,7.8675329689867795,7.868469068780541,0.9360997937619686,True,
1590,onnx_model_057,measure,7.869406425977847,7.869698415044695,7.870656786952168,0.9583719074726105,True,
1591,onnx_model_009,measure,7.876607467086016,7.876880266703665,7.877824211027473,0.9439443238079548,True,
1592,onnx_model_000,measure,7.88314833116929,7.884066937956959,7.885210571810603,1.1436338536441326,True,
1593,onnx_model_032,measure,7.883647796350742,7.884227282833308,7.8853197898715734,1.0925070382654667,True,
1594,onnx_model_045,measure,7.8868553101445915,7.8875404805876315,7.88837781175971,0.8373311720788479,True,
1595,onnx_model_065,measure,7.888974333186445,7.8895985330455005,7.890598834026605,1.000300981104374,True,
1596,onnx_model_010,measure,7.893905009609913,7.8948335237801075,7.89571205386892,0.8785300888121128,True,
1597,onnx_model_013,measure,7.897981323082974,7.898938947822899,7.900201587937772,1.2626401148736477,True,
1598,onnx_model_028,measure,7.898580390036402,7.899099251721054,7.90007505659014,0.9758048690855503,True,
1599,onnx_model_058,measure,7.908296730042616,7.910423086956143,7.911353315692395,0.9302287362515926,True,
1600,onnx_model_088,measure,7.922410964392262,7.923576149623841,7.924523099791259,0.9469501674175262,True,
1601,onnx_model_027,measure,7.929436523974182,7.9297576998360455,7.930574992671609,0.8172928355634212,True,
1602,onnx_model_021,measure,7.931185003378599,7.931842702906579,7.932764334604144,0.9216316975653172,True,
1603,onnx_model_059,measure,7.931751081058631,7.9321971465833485,7.933193941600621,0.996795017272234,True,
1604,onnx_model_061,measure,7.934550947611884,7.9354141117073596,7.936257965862751,0.8438541553914547,True,
1605,onnx_model_070,measure,7.943195436109148,7.943492627702653,7.944457922596484,0.9652948938310146,True,
1606,onnx_model_066,measure,7.947215270124884,7.947695998009294,7.948626756668091,0.9307586587965488,True,
1607,onnx_model_055,measure,7.95713105289484,7.95884714461863,7.959757785778493,0.9106411598622799,True,
1608,onnx_model_070,measure,7.961934814962533,7.962980090640485,7.963880121707916,0.900031067430973,True,
1609,onnx_model_094,measure,7.974015970258423,7.975100800860673,7.976088337600231,0.9875367395579815,True,
1610,onnx_model_069,measure,7.975819713381582,7.976182987913489,7.9770522499457,0.8692620322108269,True,
1611,onnx_model_004,measure,7.97696868349026,7.97719109384343,7.978113066870719,0.9219730272889137,True,
1612,onnx_model_050,measure,7.9852633359531975,7.986330576706678,7.987223984673619,0.8934079669415951,True,
1613,onnx_model_014,measure,7.988967063796205,7.989445437677205,7.990395563654602,0.950125977396965,True,
1614,onnx_model_017,measure,7.9980152317661535,7.998633282724768,7.999552379827946,0.9190971031785011,True,
1615,onnx_model_008,measure,7.999926069567555,8.000759704969823,8.00160787673667,0.848171766847372,True,
1616,onnx_model_094,measure,8.003909559345649,8.004839970730245,8.005736785940826,0.8968152105808258,True,
1617,onnx_model_028,measure,8.011641120023741,8.011955657042563,8.012851770035923,0.8961129933595657,True,
1618,onnx_model_044,measure,8.021058302156344,8.023123955819756,8.024165375623852,1.041419804096222,True,
1619,onnx_model_079,measure,8.022184987379717,8.023286023642868,8.024309169035405,1.023145392537117,True,
1620,onnx_model_056,measure,8.024290502070691,8.024453052785248,8.025414700619876,0.9616478346288204,True,
1621,onnx_model_091,measure,8.025509769277065,8.026653595734388,8.027519861701876,0.8662659674882889,True,
1622,onnx_model_051,measure,8.026877765962784,8.027628818992525,8.028446192853153,0.8173738606274128,True,
1623,onnx_model_001,measure,8.034418206838877,8.034683488775045,8.035433073993772,0.7495852187275887,True,
1624,onnx_model_039,measure,8.037227177953163,8.037681237794459,8.038486748933792,0.8055111393332481,True,
1625,onnx_model_072,measure,8.039502378124853,8.04071575589478,8.041510165669024,0.7944097742438316,True,
1626,onnx_model_091,measure,8.05543985017165,8.055747548583895,8.056645405944437,0.8978573605418205,True,
1627,onnx_model_083,measure,8.05774484774079,8.058885413687676,8.059812425635755,0.9270119480788708,True,
1628,onnx_model_004,measure,8.061619933768078,8.062035331036896,8.062863735947758,0.8284049108624458,True,
1629,onnx_model_034,measure,8.076084825281372,8.077091130893677,8.077893715817481,0.8025849238038063,True,
1630,onnx_model_028,measure,8.081028820722269,8.082116211764514,8.083025730680674,0.9095189161598682,True,
1631,onnx_model_099,measure,8.08861812955448,8.089252267032862,8.09032439487055,1.0721278376877308,True,
1632,onnx_model_061,measure,8.089067641795646,8.08944934187457,8.090456736739725,1.00739486515522,True,
1633,onnx_model_080,measure,8.092803277947972,8.093691534828395,8.094538845587522,0.84731075912714,True,
1634,onnx_model_095,measure,8.100324154945202,8.10076072299853,8.101655242964625,0.894519966095686,True,
1635,onnx_model_002,measure,8.114089513516197,8.115884019993246,8.116749736014754,0.8657160215079784,True,
1636,onnx_model_068,measure,8.119162542671054,8.119973252993077,8.120900375768542,0.92712277546525,True,
1637,onnx_model_098,measure,8.121858997634323,8.122118410654366,8.123025364708155,0.9069540537893772,True,
1638,onnx_model_092,measure,8.124342837144557,8.125243971589953,8.126193206757307,0.9492351673543453,True,
1639,onnx_model_047,measure,8.133365016490163,8.13441827101633,8.135230294894427,0.8120238780975342,True,
1640,onnx_model_038,measure,8.138870896380759,8.139469863846898,8.140450657811016,0.9807939641177654,True,
1641,onnx_model_074,measure,8.171459959689997,8.171708915848285,8.172717101871967,1.0081860236823559,True,
1642,onnx_model_085,measure,8.177656479714862,8.177936453837901,8.178840131033212,0.9036771953105927,True,
1643,onnx_model_099,measure,8.178638784430733,8.17893594270572,8.179858185816556,0.9222431108355522,True,
1644,onnx_model_061,measure,8.188694267472112,8.190792921930552,8.191979045979679,1.186124049127102,True,
1645,onnx_model_084,measure,8.190655043911812,8.19097898574546,8.192149770911783,1.170785166323185,True,
1646,onnx_model_084,measure,8.19910045482862,8.199402496684343,8.200343315955251,0.9408192709088326,True,
1647,onnx_model_072,measure,8.203761248891382,8.204575650859624,8.205563458614051,0.9878077544271946,True,
1648,onnx_model_089,measure,8.220858569814476,8.22186416387558,8.222869374789298,1.0052109137177467,True,
1649,onnx_model_024,measure,8.22401227002177,8.225110956002027,8.22604403970763,0.9330837056040764,True,
1650,onnx_model_008,measure,8.228915596806052,8.229343039914966,8.23016712674871,0.8240868337452412,True,
1651,onnx_model_075,measure,8.231163523506945,8.231401682831347,8.232179912738502,0.7782299071550369,True,
1652,onnx_model_000,measure,8.236117173308797,8.236413509584963,8.237415143754333,1.001634169369936,True,
1653,onnx_model_073,measure,8.23612964561555,8.236581559758633,8.237569497898221,0.9879381395876408,True,
1654,onnx_model_073,measure,8.240203269050317,8.240784047637135,8.241876654792577,1.0926071554422379,True,
1655,onnx_model_078,measure,8.240586727142615,8.24095421191305,8.242010899819434,1.056687906384468,True,
1656,onnx_model_035,measure,8.247929057189396,8.248237485997379,8.249099293723702,0.8618077263236046,True,
1657,onnx_model_039,measure,8.253267360271282,8.254324436653405,8.255154123995453,0.8296873420476913,True,
1658,onnx_model_067,measure,8.257943014774414,8.258377471007407,8.259210634976625,0.8331639692187309,True,
1659,onnx_model_053,measure,8.261008685810824,8.26143169682473,8.26224996196106,0.8182651363313198,True,
1660,onnx_model_053,measure,8.262306567728517,8.263468738645315,8.264281783718616,0.8130450733006,True,
1661,onnx_model_042,measure,8.26603432553752,8.26650288561359,8.267352049704641,0.8491640910506248,True,
1662,onnx_model_085,measure,8.29001234253715,8.290576416999102,8.291379903908819,0.8034869097173214,True,
1663,onnx_model_079,measure,8.297690915654158,8.298601250629872,8.299456656910479,0.8554062806069851,True,
1664,onnx_model_062,measure,8.299460136387577,8.299602994695306,8.300477646756917,0.874652061611414,True,
1665,onnx_model_096,measure,8.301639203165841,8.302712545730174,8.303455317858607,0.7427721284329891,True,
1666,onnx_model_095,measure,8.310301406173311,8.310687684919685,8.311499498784542,0.8118138648569584,True,
1667,onnx_model_071,measure,8.312565297914768,8.313738824799657,8.314559514634311,0.8206898346543312,True,
1668,onnx_model_061,measure,8.316237963662564,8.316780226770788,8.317590275779366,0.8100490085780621,True,
1669,onnx_model_000,measure,8.320382056390264,8.320827960968018,8.321697973646224,0.870012678205967,True,
1670,onnx_model_074,measure,8.323168267791473,8.323920839931816,8.32474618870765,0.8253487758338451,True,
1671,onnx_model_052,measure,8.324770756724662,8.325975444633514,8.327117094770074,1.1416501365602016,True,
1672,onnx_model_058,measure,8.324943496635049,8.326137793716043,8.32727705873549,1.1392650194466114,True,
1673,onnx_model_044,measure,8.32543026682135,8.326284712646157,8.32733749365434,1.0527810081839561,True,
1674,onnx_model_053,measure,8.328794892279593,8.329561661928892,8.330567974597216,1.0063126683235168,True,
1675,onnx_model_025,measure,8.335607990957758,8.336791745852679,8.338275465648621,1.4837197959423065,True,
1676,onnx_model_055,measure,8.356229520135086,8.357509476598352,8.359089049976319,1.5795733779668808,True,
1677,onnx_model_098,measure,8.356532236993864,8.357723613735288,8.359312413726002,1.5887999907135963,True,
1678,onnx_model_053,measure,8.357361163176808,8.357899267692119,8.359273490030318,1.3742223381996155,True,
1679,onnx_model_071,measure,8.360541941270228,8.361531381960958,8.362630911637098,1.0995296761393547,True,
1680,onnx_model_034,measure,8.368963192256658,8.369855384808034,8.370900180656463,1.044795848429203,True,
1681,onnx_model_052,measure,8.372457788339467,8.37312019104138,8.373987739905715,0.8675488643348217,True,
1682,onnx_model_077,measure,8.377891765351906,8.378219012636691,8.379125135019422,0.9061223827302456,True,
1683,onnx_model_083,measure,8.38547371395301,8.38634528964758,8.387326164636761,0.980874989181757,True,
1684,onnx_model_096,measure,8.39049812901695,8.391548339743167,8.392418203875422,0.8698641322553158,True,
1685,onnx_model_014,measure,8.401169615060825,8.402660722844303,8.403750334866345,1.0896120220422745,True,
1686,onnx_model_045,measure,8.402224712075794,8.402823211625218,8.403894979972392,1.0717683471739292,True,
1687,onnx_model_011,measure,8.403086811037388,8.403257186990231,8.404069611802697,0.8124248124659061,True,
1688,onnx_model_003,measure,8.406475439984478,8.407306393608451,8.408293711021543,0.9873174130916595,True,
1689,onnx_model_022,measure,8.411476069621147,8.412554229609668,8.413471993990242,0.9177643805742264,True,
1690,onnx_model_055,measure,8.415151002265583,8.415711211040616,8.417127212043852,1.4160010032355785,True,
1691,onnx_model_028,measure,8.424287604043453,8.425347568001598,8.426283556967974,0.9359889663755894,True,
1692,onnx_model_046,measure,8.429842975134614,8.430504590738565,8.43148901173845,0.9844209998846054,True,
1693,onnx_model_087,measure,8.432632382810182,8.433726023882627,8.434778975788504,1.052951905876398,True,
1694,onnx_model_033,measure,8.433136355683727,8.433882412035018,8.43488976592198,1.007353886961937,True,
1695,onnx_model_036,measure,8.440969458559463,8.44211021065712,8.442985955625772,0.8757449686527252,True,
1696,onnx_model_004,measure,8.442046656843354,8.4424681016244,8.443381036631763,0.9129350073635578,True,
1697,onnx_model_053,measure,8.455995994781897,8.457647616043687,8.458814543671906,1.1669276282191277,True,
1698,onnx_model_068,measure,8.45600891818662,8.457813671790063,8.458918451797217,1.1047800071537495,True,
1699,onnx_model_058,measure,8.467632071023564,8.469138848595321,8.470060590654612,0.9217420592904091,True,
1700,onnx_model_074,measure,8.485554728256936,8.486282255966216,8.487123996019363,0.8417400531470776,True,
1701,onnx_model_019,measure,8.48762263518878,8.488369573839009,8.489288541022688,0.9189671836793423,True,
1702,onnx_model_023,measure,8.501407893357548,8.503527116961777,8.504701919853687,1.1748028919100761,True,
1703,onnx_model_080,measure,8.505283532537735,8.505918922834098,8.507003905717283,1.0849828831851482,True,
1704,onnx_model_080,measure,8.508504464064222,8.50922421598807,8.510143853724003,0.9196377359330654,True,
1705,onnx_model_088,measure,8.520582817635702,8.52136657666415,8.522258632816374,0.8920561522245407,True,
1706,onnx_model_000,measure,8.521397010941332,8.521739916875958,8.52265080763027,0.9108907543122768,True,
1707,onnx_model_023,measure,8.52425027005939,8.524870857596397,8.525776208844036,0.905351247638464,True,
1708,onnx_model_086,measure,8.53355640496237,8.533997886814177,8.534813396632671,0.8155098184943199,True,
1709,onnx_model_027,measure,8.54651748823933,8.547071117907763,8.548099672887474,1.028554979711771,True,
1710,onnx_model_000,measure,8.547297610354281,8.547487820032984,8.548497369047254,1.0095490142703056,True,
1711,onnx_model_077,measure,8.549059059961134,8.54974642302841,8.550654789898545,0.9083668701350689,True,
1712,onnx_model_031,measure,8.554749184038222,8.555889950599521,8.557167368941009,1.277418341487646,True,
1713,onnx_model_012,measure,8.554813253012503,8.556051477789879,8.557022172957659,0.9706951677799225,True,
1714,onnx_model_089,measure,8.557602330119245,8.558380635920912,8.559219460003078,0.8388240821659565,True,
1715,onnx_model_080,measure,8.567194115374074,8.567443592939526,8.568276786711067,0.8331937715411186,True,
1716,onnx_model_014,measure,8.56904339940987,8.569500423036516,8.5704340566881,0.9336336515843868,True,
1717,onnx_model_047,measure,8.585445441743499,8.58667423762381,8.587583395652473,0.9091580286622047,True,
1718,onnx_model_089,measure,8.589117843171376,8.58980423770845,8.590710038784891,0.9058010764420033,True,
1719,onnx_model_017,measure,8.59008833589794,8.590806632768363,8.591714488808066,0.9078560397028923,True,
1720,onnx_model_034,measure,8.59568360512166,8.595937966834754,8.596834831871092,0.8968650363385677,True,
1721,onnx_model_036,measure,8.599047721856259,8.600064280908555,8.601044302806258,0.9800218977034092,True,
1722,onnx_model_058,measure,8.59924848750965,8.600223222747445,8.601230867672712,1.0076449252665043,True,
1723,onnx_model_024,measure,8.600482468913992,8.600682104937732,8.601607212796807,0.9251078590750694,True,
1724,onnx_model_031,measure,8.60459670907977,8.604843434877694,8.60568695794791,0.8435230702161789,True,
1725,onnx_model_079,measure,8.609229305938987,8.609923691954464,8.61080790264532,0.8842106908559799,True,
1726,onnx_model_047,measure,8.610528964279688,8.61090154061094,8.611785791814327,0.8842512033879757,True,
1727,onnx_model_079,measure,8.612500369172462,8.613062918651849,8.613866556901485,0.8036382496356964,True,
1728,onnx_model_018,measure,8.61784142869214,8.61808987474069,8.618976399768144,0.8865250274538994,True,
1729,onnx_model_089,measure,8.622856676080055,8.623196841683239,8.624004877638072,0.8080359548330307,True,
1730,onnx_model_018,measure,8.626792514067148,8.627229086589068,8.628083971794695,0.8548852056264877,True,
1731,onnx_model_005,measure,8.633072573908978,8.633304474875331,8.63423239858821,0.9279237128794193,True,
1732,onnx_model_095,measure,8.640571441465378,8.641455969773233,8.642311926931143,0.8559571579098701,True,
1733,onnx_model_045,measure,8.64551820885655,8.646534944884479,8.647467997856438,0.9330529719591141,True,
1734,onnx_model_039,measure,8.651783959541154,8.652702287770808,8.65369559591636,0.9933081455528736,True,
1735,onnx_model_030,measure,8.652980826042903,8.653791287913918,8.654696698766202,0.9054108522832394,True,
1736,onnx_model_014,measure,8.656202386214872,8.656917059794068,8.657780550885946,0.8634910918772221,True,
1737,onnx_model_023,measure,8.659959048148476,8.661000531632453,8.661947431974113,0.9469003416597843,True,
1738,onnx_model_003,measure,8.666716628706153,8.667170108761638,8.668118030764163,0.9479220025241375,True,
1739,onnx_model_000,measure,8.671445404467065,8.672340507619083,8.673308978788555,0.9684711694717407,True,
1740,onnx_model_012,measure,8.672358866114966,8.672715700697154,8.673736711964011,1.0210112668573856,True,
1741,onnx_model_016,measure,8.675038553831007,8.675970437936485,8.676899584010243,0.9291460737586021,True,
1742,onnx_model_097,measure,8.67590689012871,8.676326213870198,8.677300775889307,0.974562019109726,True,
1743,onnx_model_079,measure,8.679834083597745,8.680520856752992,8.681311920750886,0.7910639978945255,True,
1744,onnx_model_098,measure,8.681877134053591,8.682527491822839,8.683449463918805,0.9219720959663391,True,
1745,onnx_model_090,measure,8.685223811581555,8.685679622925818,8.686534428037703,0.8548051118850708,True,
1746,onnx_model_014,measure,8.689075644299391,8.689774877857417,8.690583674702793,0.8087968453764915,True,
1747,onnx_model_029,measure,8.689754578279507,8.690129160881042,8.690955591853708,0.8264309726655483,True,
1748,onnx_model_005,measure,8.691428271893175,8.692169549874961,8.693066945765167,0.8973958902060986,True,
1749,onnx_model_056,measure,8.69933456817595,8.700299583841115,8.701126005034894,0.8264211937785149,True,
1750,onnx_model_022,measure,8.710232057104584,8.711349998600781,8.712262373883277,0.9123752824962139,True,
1751,onnx_model_060,measure,8.718444025611484,8.71950294682756,8.7204625508748,0.9596040472388268,True,
1752,onnx_model_057,measure,8.724115661767046,8.724722848739475,8.72564170602709,0.9188572876155376,True,
1753,onnx_model_075,measure,8.734473910737108,8.735869116615504,8.73683368973434,0.9645731188356876,True,
1754,onnx_model_072,measure,8.73574930040429,8.736030012834817,8.736982111819088,0.9520989842712879,True,
1755,onnx_model_022,measure,8.737245348481723,8.73819894483313,8.73919148184359,0.992537010461092,True,
1756,onnx_model_064,measure,8.743969446132356,8.744440679904073,8.745399802923203,0.9591230191290379,True,
1757,onnx_model_015,measure,8.745455188363545,8.74663519160822,8.747727036941797,1.0918453335762024,True,
1758,onnx_model_022,measure,8.746318011613136,8.746798772830516,8.747843417804688,1.0446449741721153,True,
1759,onnx_model_072,measure,8.752315194372642,8.753061657771468,8.754042822867632,0.9811650961637497,True,
1760,onnx_model_062,measure,8.761905117387412,8.7622662037611,8.763213254045695,0.9470502845942974,True,
1761,onnx_model_030,measure,8.766205150441797,8.766433785669506,8.767352221999317,0.9184363298118114,True,
1762,onnx_model_000,measure,8.772279777846961,8.77257304592058,8.773503013886511,0.9299679659307003,True,
1763,onnx_model_055,measure,8.774986381856953,8.775746367871761,8.776705119758844,0.9587518870830536,True,
1764,onnx_model_052,measure,8.775682278234717,8.77614441467449,8.777065936010331,0.9215213358402252,True,
1765,onnx_model_006,measure,8.789209500213781,8.791289583779871,8.792256110813469,0.9665270335972309,True,
1766,onnx_model_094,measure,8.793957288780883,8.794476070906967,8.795336024835706,0.8599539287388325,True,
1767,onnx_model_090,measure,8.796976347347853,8.797557627782226,8.79838188458234,0.8242568001151085,True,
1768,onnx_model_038,measure,8.812218116672902,8.812604920938611,8.813525591045618,0.9206701070070267,True,
1769,onnx_model_006,measure,8.819906303167858,8.820751966908574,8.821743050590158,0.9910836815834045,True,
1770,onnx_model_014,measure,8.822709720551172,8.82295914273709,8.823893839959055,0.9346972219645977,True,
1771,onnx_model_098,measure,8.829515680401792,8.830115635879338,8.831120666582137,1.0050307027995586,True,
1772,onnx_model_021,measure,8.832932796884037,8.833340786863118,8.834315069019794,0.974282156676054,True,
1773,onnx_model_029,measure,8.845394752121328,8.84653886500746,8.847552080638707,1.0132156312465668,True,
1774,onnx_model_090,measure,8.849097996020692,8.849775075912476,8.850742003880441,0.9669279679656029,True,
1775,onnx_model_027,measure,8.850210870753093,8.850838246755302,8.851781770586967,0.9435238316655159,True,
1776,onnx_model_076,measure,8.850981959397554,8.851202429737896,8.852146183606237,0.9437538683414459,True,
1777,onnx_model_041,measure,8.86495337107897,8.866370772011578,8.867350874934345,0.9801029227674007,True,
1778,onnx_model_013,measure,8.873246632957207,8.873572521843016,8.874546923674643,0.9744018316268921,True,
1779,onnx_model_055,measure,8.878421762460489,8.878775551915169,8.879702373873442,0.9268219582736492,True,
1780,onnx_model_007,measure,8.879889554119286,8.880918845999986,8.88175568683073,0.8368408307433128,True,
1781,onnx_model_084,measure,8.883960925053003,8.884982249699533,8.885990045964718,1.0077962651848793,True,
1782,onnx_model_033,measure,8.884260920913903,8.885142815764993,8.886096928734332,0.9541129693388939,True,
1783,onnx_model_068,measure,8.891660776595616,8.892316851764917,8.893292506691068,0.9756549261510372,True,
1784,onnx_model_041,measure,8.904420721105472,8.90551536064595,8.906506805680692,0.9914450347423553,True,
1785,onnx_model_002,measure,8.909741643601768,8.91074211569503,8.911860792897642,1.1186772026121616,True,
1786,onnx_model_014,measure,8.91038410434936,8.910899474751204,8.911971652880311,1.07217812910676,True,
1787,onnx_model_023,measure,8.923529479870199,8.924192793667316,8.925197994802147,1.0052011348307133,True,
1788,onnx_model_006,measure,8.929131463572228,8.929422644898295,8.930530922021717,1.1082771234214306,True,
1789,onnx_model_016,measure,8.929760194283435,8.930643897037953,8.931561190634966,0.9172935970127583,True,
1790,onnx_model_040,measure,8.932069882000823,8.932765800040215,8.933863296639174,1.0974965989589691,True,
1791,onnx_model_005,measure,8.932535837355429,8.932921956758946,8.933979216963053,1.0572602041065693,True,
1792,onnx_model_074,measure,8.933898876157105,8.934108342044055,8.935090128798038,0.9817867539823055,True,
1793,onnx_model_020,measure,8.939669463602188,8.94031756464392,8.941294812597334,0.977247953414917,True,
1794,onnx_model_005,measure,8.947626681895503,8.948517672717571,8.949517242610455,0.9995698928833008,True,
1795,onnx_model_000,measure,8.95061547959633,8.951752370689064,8.952710161916912,0.9577912278473377,True,
1796,onnx_model_000,measure,8.954280685971467,8.954941142816097,8.955927637871355,0.9864950552582741,True,
1797,onnx_model_087,measure,8.958009813222656,8.959148610010743,8.96003334177658,0.8847317658364773,True,
1798,onnx_model_084,measure,8.961620381574296,8.96225215960294,8.963197646662593,0.9454870596528053,True,
1799,onnx_model_077,measure,8.963654453847068,8.964412786997855,8.965360958594829,0.9481715969741344,True,
1800,onnx_model_092,measure,8.970571417476194,8.971590009983629,8.9725626190193,0.9726090356707573,True,
1801,onnx_model_057,measure,8.971315938682526,8.971777986735106,8.972724305931479,0.9463191963732243,True,
1802,onnx_model_044,measure,8.975035355438342,8.97594156069681,8.976762321777642,0.8207610808312893,True,
1803,onnx_model_079,measure,8.97937758303671,8.979983343742788,8.980729361996055,0.7460182532668114,True,
1804,onnx_model_009,measure,8.99055006731468,8.990951383020729,8.991807910613716,0.8565275929868221,True,
1805,onnx_model_030,measure,8.992961187546538,8.994036537595093,8.995069470722228,1.0329331271350384,True,
1806,onnx_model_072,measure,8.992976122347764,8.994215226732194,8.995179800782353,0.9645740501582623,True,
1807,onnx_model_055,measure,8.997948196882222,8.998398710042238,8.99938200879842,0.9832987561821938,True,
1808,onnx_model_026,measure,9.00616704880953,9.006620166823268,9.007455133832991,0.8349670097231865,True,
1809,onnx_model_042,measure,9.009276604774632,9.009720060043037,9.010631872806698,0.9118127636611462,True,
1810,onnx_model_097,measure,9.011564135684418,9.011850208975375,9.0127516919747,0.9014829993247986,True,
1811,onnx_model_019,measure,9.016226464118843,9.016990349628031,9.017768828663975,0.7784790359437466,True,
1812,onnx_model_006,measure,9.018477024469213,9.018987335730344,9.019834144972265,0.8468092419207096,True,
1813,onnx_model_039,measure,9.026454249021121,9.027059108950198,9.02792370179668,0.8645928464829922,True,
1814,onnx_model_073,measure,9.027463634544821,9.028019684832543,9.028845584951341,0.8259001187980175,True,
1815,onnx_model_066,measure,9.030845296090348,9.031068119686097,9.032162248622626,1.0941289365291595,True,
1816,onnx_model_058,measure,9.030995148747916,9.031439104583114,9.032436880748719,0.9977761656045914,True,
1817,onnx_model_040,measure,9.031140767357643,9.031659713946283,9.03255532681942,0.8956128731369972,True,
1818,onnx_model_017,measure,9.036121516337,9.03677988704294,9.037650170736015,0.87028369307518,True,
1819,onnx_model_007,measure,9.042730002582894,9.043875253759325,9.044692667666823,0.8174139074981213,True,
1820,onnx_model_067,measure,9.047596484641172,9.047917908988893,9.048832156695426,0.9142477065324783,True,
1821,onnx_model_068,measure,9.049766489429018,9.050061883870512,9.05086085293442,0.7989690639078617,True,
1822,onnx_model_035,measure,9.060481309943645,9.061083894688636,9.061923671979457,0.8397772908210754,True,
1823,onnx_model_024,measure,9.062049543289541,9.06314893066883,9.064319926779717,1.1709961108863354,True,
1824,onnx_model_039,measure,9.062583038306762,9.063308713957667,9.064212191849947,0.9034778922796249,True,
1825,onnx_model_062,measure,9.073283492253601,9.074541465844959,9.075399406719953,0.8579408749938011,True,
1826,onnx_model_063,measure,9.079404788654891,9.079636851791292,9.080476759001613,0.8399072103202343,True,
1827,onnx_model_032,measure,9.082097849352717,9.082709662616253,9.083577482961118,0.8678203448653221,True,
1828,onnx_model_090,measure,9.08437832433198,9.08476694393903,9.085735534783453,0.9685908444225788,True,
1829,onnx_model_086,measure,9.084655962954436,9.084925654809922,9.085865512024611,0.9398572146892548,True,
1830,onnx_model_054,measure,9.08838347606233,9.089084189850837,9.09000909794122,0.9249080903828144,True,
1831,onnx_model_021,measure,9.102669486047596,9.104232784826308,9.105204762890935,0.9719780646264553,True,
1832,onnx_model_058,measure,9.104991372150607,9.10530033474788,9.106240751687437,0.9404169395565987,True,
1833,onnx_model_055,measure,9.105688976223938,9.10633555194363,9.107191959861666,0.856407918035984,True,
1834,onnx_model_079,measure,9.10721769606075,9.10840982478112,9.109294947702438,0.8851229213178158,True,
1835,onnx_model_093,measure,9.116990562476417,9.117515994701535,9.11827523773536,0.7592430338263512,True,
1836,onnx_model_028,measure,9.121359771996973,9.12250515865162,9.123602003790438,1.0968451388180256,True,
1837,onnx_model_051,measure,9.121378373457965,9.122688226867467,9.123732661828399,1.0444349609315395,True,
1838,onnx_model_031,measure,9.12488323409332,9.125952241010964,9.126887478865683,0.935237854719162,True,
1839,onnx_model_091,measure,9.126352127932478,9.126989973708987,9.127813939936459,0.8239662274718285,True,
1840,onnx_model_031,measure,9.128920689614676,9.130037766881287,9.13091495493427,0.8771880529820919,True,
1841,onnx_model_033,measure,9.130295010881921,9.131010976620018,9.131878886837512,0.8679102174937725,True,
1842,onnx_model_012,measure,9.133623830899092,9.134120016824454,9.135045325849205,0.9253090247511864,True,
1843,onnx_model_041,measure,9.14250775043907,9.143268346786499,9.144098474644125,0.8301278576254845,True,
1844,onnx_model_008,measure,9.14891027046604,9.149319318588823,9.150163223035634,0.8439044468104839,True,
1845,onnx_model_035,measure,9.16354974466369,9.164385446812958,9.165211237035692,0.8257902227342129,True,
1846,onnx_model_039,measure,9.171317657203945,9.17243373580277,9.173363022971898,0.9292871691286564,True,
1847,onnx_model_091,measure,9.17247990242534,9.172813357785344,9.173789492808282,0.9761350229382515,True,
1848,onnx_model_012,measure,9.179900332534753,9.181010098662227,9.181985192000866,0.9750933386385441,True,
1849,onnx_model_017,measure,9.18160914726671,9.182081524748355,9.182952981907874,0.8714571595191956,True,
1850,onnx_model_026,measure,9.18377590969428,9.184173882938921,9.185038265772164,0.8643828332424164,True,
1851,onnx_model_071,measure,9.190616120476504,9.191270642913878,9.192102763801813,0.8321208879351616,True,
1852,onnx_model_029,measure,9.19194539048978,9.192235467024148,9.193079009652138,0.8435426279902458,True,
1853,onnx_model_013,measure,9.200911452308647,9.20130137866363,9.202207250986248,0.9058723226189613,True,
1854,onnx_model_047,measure,9.20215195971948,9.202351875603199,9.203206991776824,0.8551161736249924,True,
1855,onnx_model_063,measure,9.207960482216254,9.208430470898747,9.209303420037031,0.8729491382837296,True,
1856,onnx_model_069,measure,9.217085267204189,9.217525138985366,9.21839185571298,0.8667167276144028,True,
1857,onnx_model_061,measure,9.21798558624933,9.218487216625363,9.219499471597373,1.012254972010851,True,
1858,onnx_model_051,measure,9.219291444605275,9.21959421178326,9.22049788897857,0.9036771953105927,True,
1859,onnx_model_076,measure,9.221337418580356,9.22172635467723,9.222533117979765,0.8067633025348186,True,
1860,onnx_model_083,measure,9.24088298930997,9.241761558689177,9.24281660374254,1.0550450533628464,True,
1861,onnx_model_039,measure,9.241525825753987,9.241922784596682,9.242961188778281,1.038404181599617,True,
1862,onnx_model_067,measure,9.244715407044204,9.245181269012392,9.246210095006973,1.0288259945809841,True,
1863,onnx_model_038,measure,9.252715929119255,9.25343886576593,9.254562221001834,1.1233552359044552,True,
1864,onnx_model_061,measure,9.252928173521449,9.253603928722441,9.254727164749056,1.1232360266149044,True,
1865,onnx_model_080,measure,9.258242673749914,9.258970980998129,9.259827899746597,0.8569187484681606,True,
1866,onnx_model_054,measure,9.262465057821327,9.263050455600023,9.263988097663969,0.9376420639455318,True,
1867,onnx_model_086,measure,9.263782611426752,9.264084250666201,9.264990272931755,0.9060222655534744,True,
1868,onnx_model_012,measure,9.271459606472849,9.27222748985514,9.273076603654772,0.8491137996315956,True,
1869,onnx_model_024,measure,9.275206835648872,9.276314879767597,9.277243304997683,0.9284252300858498,True,
1870,onnx_model_060,measure,9.280116278570532,9.280479435808957,9.281280067749321,0.8006319403648376,True,
1871,onnx_model_091,measure,9.287226897048741,9.287503277882934,9.288357230834663,0.8539529517292976,True,
1872,onnx_model_075,measure,9.29186231331532,9.292579917702824,9.293335483875126,0.7555661723017693,True,
1873,onnx_model_030,measure,9.302907759400252,9.303560039028525,9.304467894602567,0.907855574041605,True,
1874,onnx_model_020,measure,9.306388691218961,9.30670087877661,9.307498986832798,0.7981080561876297,True,
1875,onnx_model_078,measure,9.322647547341937,9.323734697885811,9.324741070624441,1.0063727386295795,True,
1876,onnx_model_093,measure,9.331660202883821,9.331962198019028,9.33297426160425,1.0120635852217674,True,
1877,onnx_model_030,measure,9.332359346179052,9.333069652784616,9.334053091704845,0.9834389202296734,True,
1878,onnx_model_088,measure,9.336334812416483,9.33727582776919,9.338246042840183,0.9702150709927082,True,
1879,onnx_model_054,measure,9.346621423447784,9.348468543961644,9.349465308710933,0.996764749288559,True,
1880,onnx_model_032,measure,9.36059093638693,9.36172533268109,9.362682732753456,0.9574000723659992,True,
1881,onnx_model_058,measure,9.366449202951557,9.366909737698734,9.367930377833545,1.0206401348114014,True,
1882,onnx_model_000,measure,9.370024566910484,9.371153143700212,9.37205061968416,0.8974759839475155,True,
1883,onnx_model_081,measure,9.3721228371092,9.373275910038501,9.374416226986796,1.1403169482946396,True,
1884,onnx_model_059,measure,9.372636317046538,9.373435623012483,9.374527888838202,1.0922658257186413,True,
1885,onnx_model_052,measure,9.373665834903141,9.373892901930958,9.374791349750012,0.8984478190541267,True,
1886,onnx_model_078,measure,9.377748594613712,9.37801273399964,9.378930427599698,0.9176936000585556,True,
1887,onnx_model_084,measure,9.382302634429982,9.38315559970215,9.383970978669822,0.8153789676725864,True,
1888,onnx_model_092,measure,9.386017964113803,9.387191901914775,9.38803908182308,0.8471799083054066,True,
1889,onnx_model_086,measure,9.391017043499364,9.39126049587503,9.392183048650622,0.9225527755916119,True,
1890,onnx_model_094,measure,9.392385186568397,9.393402406945825,9.39415535889566,0.7529519498348236,True,
1891,onnx_model_053,measure,9.400116004075947,9.400377936661243,9.4012570977211,0.8791610598564148,True,
1892,onnx_model_020,measure,9.408012947098232,9.408478694967926,9.409303712658584,0.8250176906585693,True,
1893,onnx_model_087,measure,9.410322036931435,9.411530325654894,9.41250991774723,0.9795920923352242,True,
1894,onnx_model_053,measure,9.410858898970607,9.411707351915538,9.412732340861112,1.0249889455735683,True,
1895,onnx_model_023,measure,9.411753024335617,9.412147688679397,9.413114907685667,0.9672190062701702,True,
1896,onnx_model_014,measure,9.418486368142434,9.419356642756611,9.42021024459973,0.8536018431186676,True,
1897,onnx_model_040,measure,9.423140250902671,9.423434804659337,9.424197503831238,0.7626991719007492,True,
1898,onnx_model_077,measure,9.427613702377355,9.428419299889356,9.429329921025783,0.9106211364269257,True,
1899,onnx_model_022,measure,9.429792117432727,9.430551983881742,9.431367483921349,0.8155000396072865,True,
1900,onnx_model_023,measure,9.433220248946881,9.433597792871296,9.434550223872066,0.9524310007691383,True,
1901,onnx_model_051,measure,9.437289539235657,9.437771786935627,9.43859467189759,0.8228849619626999,True,
1902,onnx_model_027,measure,9.440237333939425,9.440828737802804,9.441678633913398,0.8498961105942726,True,
1903,onnx_model_086,measure,9.442887048209293,9.443900536745787,9.44470974477008,0.8092080242931843,True,
1904,onnx_model_048,measure,9.445125515301756,9.445933150593191,9.447236357722431,1.303207129240036,True,
1905,onnx_model_075,measure,9.44576236844264,9.446093244943768,9.447281864937395,1.1886199936270714,True,
1906,onnx_model_036,measure,9.445895835230218,9.446627620607615,9.447475572582334,0.8479519747197628,True,
1907,onnx_model_018,measure,9.455904126689019,9.45771846268326,9.458553159609437,0.834696926176548,True,
1908,onnx_model_037,measure,9.46720262243487,9.468780661001801,9.469820847734809,1.040186733007431,True,
1909,onnx_model_013,measure,9.468338242498168,9.468943329993635,9.46997091267258,1.0275826789438725,True,
1910,onnx_model_005,measure,9.475303486123963,9.476193721871823,9.477226074784994,1.032352913171053,True,
1911,onnx_model_043,measure,9.476975769136809,9.477324771694839,9.478302930947393,0.9781592525541782,True,
1912,onnx_model_026,measure,9.479137617305206,9.479526015929878,9.480458187870681,0.9321719408035278,True,
1913,onnx_model_088,measure,9.498281513274224,9.499712166842073,9.500605264678597,0.8930978365242481,True,
1914,onnx_model_010,measure,9.500184276027165,9.5007140818052,9.501604103948921,0.8900221437215805,True,
1915,onnx_model_061,measure,9.503045470813626,9.503843700978905,9.504709095694125,0.8653947152197361,True,
1916,onnx_model_058,measure,9.504224822150855,9.504805829841644,9.505719295702875,0.9134658612310886,True,
1917,onnx_model_048,measure,9.504994900376513,9.505169059615582,9.505916700698435,0.7476410828530788,True,
1918,onnx_model_007,measure,9.506296549067542,9.507132772821933,9.508037151768804,0.9043789468705654,True,
1919,onnx_model_058,measure,9.507234739826416,9.507492376957089,9.508409910835326,0.917533878237009,True,
1920,onnx_model_048,measure,9.512821693106357,9.51364268688485,9.514558287803084,0.9156009182333946,True,
1921,onnx_model_030,measure,9.517524779689467,9.517781915608793,9.518668520729989,0.8866051211953163,True,
1922,onnx_model_016,measure,9.521948494563512,9.522901065647602,9.523781940806657,0.8808751590549946,True,
1923,onnx_model_096,measure,9.527736478273386,9.528006891719997,9.528847539797425,0.8406480774283409,True,
1924,onnx_model_053,measure,9.53531025294026,9.536084395833313,9.536908482667059,0.8240868337452412,True,
1925,onnx_model_032,measure,9.540764172013606,9.541130037046969,9.541963872034103,0.8338349871337414,True,
1926,onnx_model_042,measure,9.54250582136236,9.543185834772885,9.544021202716976,0.8353679440915585,True,
1927,onnx_model_068,measure,9.543294591135545,9.543548423796892,9.54433768382296,0.7892600260674953,True,
1928,onnx_model_089,measure,9.546195889850345,9.546561490744352,9.547785998787731,1.2245080433785915,True,
1929,onnx_model_082,measure,9.546426465805581,9.546739128883928,9.547651152592152,0.9120237082242966,True,
1930,onnx_model_021,measure,9.555142803341782,9.556015101727098,9.557147052604705,1.1319508776068687,True,
1931,onnx_model_093,measure,9.555163080323752,9.556177629623562,9.557274815626442,1.0971860028803349,True,
1932,onnx_model_040,measure,9.558582456194447,9.559496168978512,9.560385648626834,0.889479648321867,True,
1933,onnx_model_081,measure,9.565733947055033,9.56663071969524,9.56746022682637,0.8295071311295033,True,
1934,onnx_model_030,measure,9.568314229320428,9.56869112700224,9.56958718970418,0.8960627019405365,True,
1935,onnx_model_059,measure,9.574699409520939,9.575809477828443,9.576723324600607,0.9138467721641064,True,
1936,onnx_model_017,measure,9.581429676705545,9.581943617668003,9.582759027834982,0.8154101669788361,True,
1937,onnx_model_002,measure,9.591691381083447,9.592979996930808,9.593837395776063,0.8573988452553749,True,
1938,onnx_model_034,measure,9.607377238383387,9.608059660997242,9.608943109866232,0.8834488689899445,True,
1939,onnx_model_029,measure,9.608410189779486,9.609039783943444,9.609912442974746,0.8726590313017368,True,
1940,onnx_model_075,measure,9.61709386666197,9.61813519289717,9.618884096853435,0.7489039562642574,True,
1941,onnx_model_047,measure,9.622799744616987,9.623107724823058,9.623953773640096,0.8460488170385361,True,
1942,onnx_model_055,measure,9.630911000920968,9.63117742491886,9.632006540894508,0.8291159756481647,True,
1943,onnx_model_092,measure,9.632546128439019,9.6332251066342,9.634083308745176,0.8582021109759808,True,
1944,onnx_model_090,measure,9.637292145043503,9.638306356035173,9.639193702954799,0.8873469196259975,True,
1945,onnx_model_073,measure,9.640028722458792,9.64041631668806,9.641270389780402,0.854073092341423,True,
1946,onnx_model_031,measure,9.64992270165363,9.65149983484298,9.652741835918278,1.242001075297594,True,
1947,onnx_model_030,measure,9.650956257572156,9.651678303722292,9.65278937574476,1.1110720224678516,True,
1948,onnx_model_045,measure,9.651753048703384,9.652113831602037,9.653102350886911,0.9885192848742008,True,
1949,onnx_model_064,measure,9.654500217949494,9.655319955665618,9.656137960962951,0.8180052973330021,True,
1950,onnx_model_097,measure,9.657705597422645,9.65836004493758,9.65927021484822,0.9101699106395245,True,
1951,onnx_model_023,measure,9.659600730337285,9.660490865819156,9.661420832853764,0.9299670346081257,True,
1952,onnx_model_052,measure,9.662733346092738,9.663663525599986,9.66470222081989,1.0386952199041843,True,
1953,onnx_model_008,measure,9.66296969791013,9.663828389719129,9.66481670876965,0.9883190505206585,True,
1954,onnx_model_037,measure,9.665191379347503,9.666035384871066,9.666935545857996,0.9001609869301319,True,
1955,onnx_model_056,measure,9.678995484625785,9.681157609913498,9.682065976783633,0.9083668701350689,True,
1956,onnx_model_080,measure,9.697889797066603,9.698292140848935,9.699087201617658,0.7950607687234879,True,
1957,onnx_model_038,measure,9.704986703590643,9.70533668063581,9.70624001789838,0.903337262570858,True,
1958,onnx_model_063,measure,9.712866712798611,9.713468499016017,9.714252759702504,0.7842606864869595,True,
1959,onnx_model_099,measure,9.716865404769612,9.717473992612213,9.718271778896451,0.7977862842381,True,
1960,onnx_model_083,measure,9.718494649617107,9.719494523946196,9.72042151587084,0.9269919246435165,True,
1961,onnx_model_026,measure,9.718947846482473,9.719668253790587,9.72054764488712,0.8793910965323448,True,
1962,onnx_model_020,measure,9.721835704960434,9.722768265753984,9.723754901904613,0.9866361506283283,True,
1963,onnx_model_009,measure,9.731246238837787,9.731974245980382,9.73288093879819,0.9066928178071976,True,
1964,onnx_model_034,measure,9.73385702905952,9.734097270760685,9.735069789923728,0.9725191630423069,True,
1965,onnx_model_097,measure,9.735183304019369,9.736285760998726,9.73723925370723,0.9534927085042,True,
1966,onnx_model_086,measure,9.750949035020064,9.751460185740143,9.752407285850495,0.9471001103520393,True,
1967,onnx_model_098,measure,9.754979838617754,9.75565337575972,9.75686970865354,1.2163328938186169,True,
1968,onnx_model_016,measure,9.755145438892635,9.755815123673528,9.75701185874641,1.1967350728809834,True,
1969,onnx_model_060,measure,9.755512515367013,9.75595761463046,9.757069107610732,1.1114929802715778,True,
1970,onnx_model_076,measure,9.762249003410867,9.763289571739733,9.764233245979995,0.9436742402613163,True,
1971,onnx_model_040,measure,9.768449567852128,9.769455672707409,9.770431306678802,0.9756339713931084,True,
1972,onnx_model_085,measure,9.802105733223133,9.802686088718474,9.803681581746787,0.9954930283129215,True,
1973,onnx_model_087,measure,9.80332609696925,9.803779897745699,9.80474423058331,0.9643328376114368,True,
1974,onnx_model_051,measure,9.804505201295715,9.804842649027705,9.805762165691704,0.9195166639983654,True,
1975,onnx_model_084,measure,9.806716083478964,9.806978718843311,9.807931820861995,0.9531020186841488,True,
1976,onnx_model_024,measure,9.818479309702546,9.819152900017798,9.820865264628083,1.7123646102845669,True,
1977,onnx_model_025,measure,9.820983411633666,9.822086205706,9.823031993582845,0.9457878768444061,True,
1978,onnx_model_025,measure,9.82360384412157,9.824256801977754,9.825235391966999,0.9785899892449379,True,
1979,onnx_model_076,measure,9.82372945796036,9.824419531971216,9.825380127876997,0.9605959057807922,True,
1980,onnx_model_039,measure,9.827612758235125,9.828607411589473,9.829780451953411,1.1730403639376163,True,
1981,onnx_model_012,measure,9.827932545900227,9.828794737812132,9.829890380613506,1.095642801374197,True,
1982,onnx_model_056,measure,9.837006589839005,9.838113190606236,9.839047386776656,0.9341961704194546,True,
1983,onnx_model_001,measure,9.851068759067664,9.853274700697511,9.854133653920144,0.8589532226324081,True,
1984,onnx_model_039,measure,9.858248853773373,9.859360308852047,9.860235563013703,0.8752541616559029,True,
1985,onnx_model_086,measure,9.864410187865378,9.865470783784986,9.866384661756456,0.913877971470356,True,
1986,onnx_model_018,measure,9.86548307145129,9.865859352983534,9.867060255724937,1.2009027414023876,True,
1987,onnx_model_061,measure,9.865646661092963,9.866022823844105,9.867197375744581,1.1745519004762173,True,
1988,onnx_model_097,measure,9.884640010644448,9.886419415008277,9.887447859626263,1.028444617986679,True,
1989,onnx_model_030,measure,9.892019015586706,9.892728336621076,9.893808590713888,1.0802540928125381,True,
1990,onnx_model_043,measure,9.892494303088903,9.892893631011248,9.893920152913779,1.0265219025313854,True,
1991,onnx_model_032,measure,9.893961059825239,9.89514120388776,9.896132858935744,0.9916550479829311,True,
1992,onnx_model_093,measure,9.902084484237783,9.902357991784811,9.90340070379898,1.042712014168501,True,
1993,onnx_model_004,measure,9.902660661260049,9.903497266583145,9.904419239610434,0.9219730272889137,True,
1994,onnx_model_040,measure,9.90817867416156,9.908655191771686,9.909525536000729,0.8703442290425301,True,
1995,onnx_model_054,measure,9.910958789166006,9.91175327077508,9.912649163976312,0.8958932012319565,True,
1996,onnx_model_025,measure,9.92258637889627,9.922871033661067,9.924208796583116,1.3377629220485687,True,
1997,onnx_model_076,measure,9.936992802668724,9.938428747002035,9.9393433756195,0.9146286174654961,True,
1998,onnx_model_003,measure,9.942672322853015,9.943567264825106,9.944484267849475,0.9170030243694782,True,
1999,onnx_model_063,measure,9.945938632968437,9.9468067525886,9.947713856585324,0.9071039967238903,True,
2000,onnx_model_004,measure,9.94901013246825,9.949935900978744,9.95085034891963,0.9144479408860207,True,
2001,onnx_model_007,measure,9.95267674859452,9.953072001691908,9.95399151975289,0.9195180609822273,True,
2002,onnx_model_017,measure,9.972275214020462,9.973243424668908,9.974456610623747,1.2131859548389912,True,
2003,onnx_model_008,measure,9.977202047350636,9.977721497882158,9.978654921986163,0.9334241040050983,True,
2004,onnx_model_079,measure,9.9795080018878,9.979873247910291,9.981294558849186,1.4213109388947487,True,
2005,onnx_model_070,measure,9.980684618703366,9.98138844780624,9.982316622044891,0.9281742386519909,True,
2006,onnx_model_081,measure,9.98317673233845,9.983532382640988,9.984488700982183,0.9563183411955833,True,
2007,onnx_model_026,measure,10.004909466569151,10.005732461810112,10.006451820023358,0.7193582132458687,True,
2008,onnx_model_046,measure,10.007845621392676,10.008694272954017,10.009703911840916,1.009638886898756,True,
2009,onnx_model_044,measure,10.007968804718391,10.008854356594384,10.009836132638156,0.9817760437726974,True,
2010,onnx_model_076,measure,10.011121848842222,10.012073936872184,10.012943990994245,0.8700541220605373,True,
2011,onnx_model_064,measure,10.027159069829004,10.028164772782475,10.028957639820874,0.7928670383989811,True,
2012,onnx_model_006,measure,10.037083018087504,10.03918278682977,10.040214858949184,1.0320721194148064,True,
2013,onnx_model_096,measure,10.038100987747331,10.039340876974165,10.040325097739697,0.9842207655310631,True,
2014,onnx_model_039,measure,10.041724979753203,10.04254472674802,10.043356990907341,0.812264159321785,True,
2015,onnx_model_099,measure,10.043242428486845,10.043497047852725,10.04436202161014,0.8649737574160099,True,
2016,onnx_model_072,measure,10.047904630050557,10.048582443967462,10.049573748838156,0.9913048706948757,True,
2017,onnx_model_081,measure,10.06515348195102,10.065795303788036,10.066787950694561,0.9926469065248966,True,
2018,onnx_model_063,measure,10.067008116615247,10.06801314977929,10.068983974866569,0.9708250872790813,True,
2019,onnx_model_030,measure,10.067142523523131,10.068175457883626,10.069131545722485,0.956087838858366,True,
2020,onnx_model_091,measure,10.069087537195971,10.069277091883123,10.07018375582993,0.9066639468073845,True,
2021,onnx_model_035,measure,10.085046132723608,10.085404166951776,10.086327161639929,0.9229946881532669,True,
2022,onnx_model_076,measure,10.093376382405232,10.09456394892186,10.095965032000095,1.4010830782353878,True,
2023,onnx_model_023,measure,10.094971158529939,10.096061975695193,10.096910879947245,0.8489042520523071,True,
2024,onnx_model_074,measure,10.097873307074135,10.098127773031592,10.098964132834226,0.8363598026335239,True,
2025,onnx_model_028,measure,10.105406127199728,10.106185148935765,10.10714407172054,0.9589227847754955,True,
2026,onnx_model_002,measure,10.110184753503868,10.111362249590456,10.112193149980158,0.830900389701128,True,
2027,onnx_model_008,measure,10.111491576158294,10.111745227593929,10.112566408701241,0.8211811073124409,True,
2028,onnx_model_034,measure,10.122116874376314,10.1227868469432,10.12367904279381,0.892195850610733,True,
2029,onnx_model_024,measure,10.125859975227144,10.126903210766613,10.12788258260116,0.9793718345463276,True,
2030,onnx_model_033,measure,10.127944029859714,10.129103302955627,10.13008173275739,0.978429801762104,True,
2031,onnx_model_084,measure,10.13284741061787,10.133307594805956,10.1344159017317,1.1083069257438183,True,
2032,onnx_model_074,measure,10.13311346594895,10.133467508945614,10.135221673641354,1.754164695739746,True,
2033,onnx_model_037,measure,10.13406356794668,10.134513076860458,10.135605704039335,1.092627178877592,True,
2034,onnx_model_062,measure,10.134111064464859,10.134692046791315,10.135753023903817,1.0609771125018597,True,
2035,onnx_model_006,measure,10.1586029460634,10.158978090621531,10.159923688974231,0.9455983527004719,True,
2036,onnx_model_057,measure,10.15961603538034,10.16001985175535,10.160949158016592,0.929306261241436,True,
2037,onnx_model_099,measure,10.161194221493568,10.162172002717853,10.163098252844065,0.9262501262128353,True,
2038,onnx_model_099,measure,10.167407745032397,10.168322132900357,10.169253733940423,0.9316010400652885,True,
2039,onnx_model_044,measure,10.174818798134197,10.175478044897318,10.176378406584263,0.9003616869449615,True,
2040,onnx_model_084,measure,10.18158786864631,10.182605213019997,10.18363811681047,1.032903790473938,True,
2041,onnx_model_039,measure,10.181845806014566,10.182783100754023,10.183752253651619,0.9691528975963593,True,
2042,onnx_model_056,measure,10.195897367789819,10.197992932982743,10.198962226044387,0.9692930616438389,True,
2043,onnx_model_019,measure,10.201422479271235,10.20220479881391,10.20321217365563,1.0073748417198658,True,
2044,onnx_model_037,measure,10.206637345545145,10.207438617944717,10.20845851674676,1.0198988020420074,True,
2045,onnx_model_067,measure,10.20706364093784,10.207596317864954,10.208604493644089,1.008175779134035,True,
2046,onnx_model_097,measure,10.208914942876055,10.209836796857417,10.210801339708269,0.9645428508520126,True,
2047,onnx_model_050,measure,10.213673484997232,10.214021911844611,10.214949034620076,0.92712277546525,True,
2048,onnx_model_003,measure,10.21753282003026,10.218173262663186,10.219164386857301,0.9911241941154003,True,
2049,onnx_model_072,measure,10.233862292959916,10.23438936797902,10.235751075670123,1.36170769110322,True,
2050,onnx_model_020,measure,10.23610457408607,10.236968139652163,10.237891865894198,0.9237262420356274,True,
2051,onnx_model_080,measure,10.250928368778519,10.252114912029356,10.252958384808153,0.8434727787971497,True,
2052,onnx_model_007,measure,10.25553453523568,10.256180419586599,10.257140223868191,0.9598042815923691,True,
2053,onnx_model_031,measure,10.264393810093996,10.265375768765807,10.266373845748603,0.9980769827961922,True,
2054,onnx_model_014,measure,10.27299882019206,10.273599249776453,10.27452496998012,0.9257202036678791,True,
2055,onnx_model_049,measure,10.283527677271652,10.284822233952582,10.285829427652061,1.007193699479103,True,
2056,onnx_model_082,measure,10.287822883077881,10.288135170936584,10.289113490842283,0.9783199056982994,True,
2057,onnx_model_091,measure,10.291312698124944,10.292424073908478,10.29356278758496,1.138713676482439,True,
2058,onnx_model_053,measure,10.292039396462362,10.292627860791981,10.293722551781684,1.09469098970294,True,
2059,onnx_model_074,measure,10.300392992701553,10.300959528889507,10.3019460439682,0.9865150786936283,True,
2060,onnx_model_017,measure,10.303369282458476,10.304175912868232,10.305156846996397,0.9809341281652451,True,
2061,onnx_model_092,measure,10.31050363198817,10.3113818699494,10.312219912651926,0.8380427025258541,True,
2062,onnx_model_007,measure,10.321158856598478,10.322442774660885,10.323306155856699,0.8633811958134174,True,
2063,onnx_model_008,measure,10.322837363753717,10.323403090704232,10.324169997591525,0.7669068872928619,True,
2064,onnx_model_071,measure,10.336379420639917,10.338391931727529,10.339268658775836,0.8767270483076572,True,
2065,onnx_model_086,measure,10.338797622820364,10.339364660903811,10.340167257003486,0.8025960996747017,True,
2066,onnx_model_079,measure,10.348777223667845,10.350396221037954,10.35121920472011,0.8229836821556091,True,
2067,onnx_model_087,measure,10.35486160089597,10.355483691673726,10.356296035926789,0.8123442530632019,True,
2068,onnx_model_095,measure,10.357016105963464,10.35751834884286,10.358341202605516,0.8228537626564503,True,
2069,onnx_model_086,measure,10.357443901280567,10.357897639740258,10.358788422774523,0.8907830342650414,True,
2070,onnx_model_062,measure,10.372605467828128,10.373036396689713,10.37412432488054,1.0879281908273697,True,
2071,onnx_model_054,measure,10.372810844801512,10.373200758825988,10.37425525393337,1.054495107382536,True,
2072,onnx_model_013,measure,10.379617380885737,10.380476859863847,10.381405745632946,0.9288857690989971,True,
2073,onnx_model_045,measure,10.383111408530553,10.38364439085126,10.384573767893016,0.9293770417571068,True,
2074,onnx_model_093,measure,10.3875515787917,10.387793998699635,10.388780994806439,0.9869961068034172,True,
2075,onnx_model_009,measure,10.388647518074006,10.388931210618466,10.389834978617728,0.9037679992616177,True,
2076,onnx_model_092,measure,10.391717438798878,10.392054587602615,10.39296138100326,0.906793400645256,True,
2077,onnx_model_015,measure,10.393571260723897,10.394179626833647,10.395047255791724,0.8676289580762386,True,
2078,onnx_model_037,measure,10.394317385079535,10.39454628387466,10.395363957621157,0.817673746496439,True,
2079,onnx_model_016,measure,10.405619238375445,10.406589676626027,10.407548749819398,0.9590731933712959,True,
2080,onnx_model_033,measure,10.412090512104234,10.41277227876708,10.413681036792696,0.9087580256164074,True,
2081,onnx_model_087,measure,10.429795651094718,10.43092747963965,10.43190666101873,0.9791813790798187,True,
2082,onnx_model_076,measure,10.431198967498776,10.432004867587239,10.433016199618578,1.011332031339407,True,
2083,onnx_model_044,measure,10.4354695833996,10.436246039811522,10.437285895925015,1.0398561134934425,True,
2084,onnx_model_033,measure,10.441861476269283,10.442509034648538,10.443353198934346,0.8441642858088017,True,
2085,onnx_model_049,measure,10.449673727856377,10.450578382704407,10.451412810012698,0.8344273082911968,True,
2086,onnx_model_036,measure,10.450474407235621,10.450954367872328,10.451821876689792,0.8675088174641132,True,
2087,onnx_model_017,measure,10.453004608617238,10.454056133981794,10.454962466843426,0.9063328616321087,True,
2088,onnx_model_011,measure,10.465923269057336,10.466205998789519,10.467134865000844,0.9288662113249302,True,
2089,onnx_model_061,measure,10.469407601032183,10.470362960826606,10.471408518962562,1.0455581359565258,True,
2090,onnx_model_060,measure,10.470327185791563,10.47074030758813,10.471807967871428,1.0676602832973003,True,
2091,onnx_model_087,measure,10.473357085764734,10.474044117610902,10.474995446857065,0.9513292461633682,True,
2092,onnx_model_096,measure,10.475075135723515,10.476220805663615,10.477345092687756,1.124287024140358,True,
2093,onnx_model_003,measure,10.47518893090445,10.476394345983863,10.47739084996283,0.9965039789676666,True,
2094,onnx_model_013,measure,10.476286578952331,10.476852275896817,10.477762687020004,0.9104111231863499,True,
2095,onnx_model_089,measure,10.484022534127329,10.484990014694631,10.486012608744204,1.0225940495729446,True,
2096,onnx_model_010,measure,10.484755131579034,10.48515332583338,10.486142655834556,0.9893300011754036,True,
2097,onnx_model_063,measure,10.487250476398318,10.488364128861576,10.489281523041427,0.9173941798508167,True,
2098,onnx_model_060,measure,10.492585436785184,10.49350627278909,10.49442510958761,0.9188367985188961,True,
2099,onnx_model_099,measure,10.494885457123171,10.495654857717454,10.496495686005801,0.840828288346529,True,
2100,onnx_model_079,measure,10.510881190714416,10.51173217780888,10.512666083872318,0.9339060634374619,True,
2101,onnx_model_099,measure,10.521047958831153,10.522887493018061,10.523822319693863,0.9348266758024693,True,
2102,onnx_model_020,measure,10.52293592495464,10.523244712036103,10.524145513772964,0.9008017368614674,True,
2103,onnx_model_031,measure,10.524751259791211,10.525383917614818,10.526280011981726,0.8960943669080734,True,
2104,onnx_model_047,measure,10.527685303470482,10.528497155755758,10.529410141985863,0.9129862301051617,True,
2105,onnx_model_085,measure,10.530166169189746,10.53064222401008,10.531558645889163,0.9164218790829182,True,
2106,onnx_model_001,measure,10.53205674960114,10.532762303948402,10.53364089364186,0.8785896934568882,True,
2107,onnx_model_047,measure,10.548866370209485,10.54986967286095,10.55086706764996,0.9973947890102863,True,
2108,onnx_model_016,measure,10.549363827983294,10.55002995673567,10.551013526972383,0.9835702367126942,True,
2109,onnx_model_038,measure,10.556401022779022,10.557233721017838,10.5583391119726,1.1053909547626972,True,
2110,onnx_model_009,measure,10.557143747709757,10.557592321652919,10.558467996772379,0.8756751194596291,True,
2111,onnx_model_016,measure,10.563205398345287,10.563699771650136,10.564575445838273,0.8756741881370544,True,
2112,onnx_model_055,measure,10.578904506905397,10.579798833932728,10.580733370035887,0.9345361031591892,True,
2113,onnx_model_008,measure,10.591298918646563,10.591977003030479,10.59288294473663,0.9059417061507702,True,
2114,onnx_model_040,measure,10.606089305344298,10.607113515026867,10.608051167801023,0.9376527741551399,True,
2115,onnx_model_003,measure,10.609190750530361,10.610275825951248,10.611249486915767,0.9736609645187855,True,
2116,onnx_model_085,measure,10.613536536618293,10.614484966732562,10.615421246737242,0.9362800046801567,True,
2117,onnx_model_062,measure,10.614700433039584,10.614890307653695,10.615748728625476,0.8584209717810154,True,
2118,onnx_model_010,measure,10.616653647405558,10.616966774687171,10.617902172729373,0.9353980422019958,True,
2119,onnx_model_018,measure,10.617926242111178,10.619123545009643,10.619967307895422,0.8437628857791424,True,
2120,onnx_model_086,measure,10.62165728246333,10.622186756692827,10.623033987823874,0.8472311310470104,True,
2121,onnx_model_053,measure,10.632542898756205,10.633254555985332,10.634177840780467,0.9232847951352596,True,
2122,onnx_model_020,measure,10.64624930915833,10.648398561868817,10.649231164716184,0.8326028473675251,True,
2123,onnx_model_022,measure,10.652587247531326,10.653458209708333,10.654421079903841,0.9628701955080032,True,
2124,onnx_model_035,measure,10.656594904328708,10.657653314992785,10.65854761376977,0.8942987769842148,True,
2125,onnx_model_074,measure,10.659545959353236,10.659758926834911,10.660689415875822,0.9304890409111977,True,
2126,onnx_model_044,measure,10.659793097288166,10.660115063656121,10.661154258996248,1.0391953401267529,True,
2127,onnx_model_091,measure,10.660398698757305,10.660785367712379,10.66168295359239,0.8975858800113201,True,
2128,onnx_model_069,measure,10.661937209898708,10.662901130039245,10.66375853959471,0.857409555464983,True,
2129,onnx_model_054,measure,10.663955876262941,10.664975402876735,10.665783087722957,0.8076848462224007,True,
2130,onnx_model_045,measure,10.665765011488213,10.66593065764755,10.66678805788979,0.8574002422392368,True,
2131,onnx_model_006,measure,10.66851996390626,10.669006644748151,10.66988762980327,0.8809850551187992,True,
2132,onnx_model_023,measure,10.67315700078637,10.674107841681689,10.675110627897084,1.0027862153947353,True,
2133,onnx_model_033,measure,10.677015032638268,10.677328453864902,10.678140978794545,0.8125249296426773,True,
2134,onnx_model_015,measure,10.6815749337864,10.682357453741133,10.68326341593638,0.9059621952474117,True,
2135,onnx_model_004,measure,10.698112588780111,10.69848294602707,10.699439364019781,0.9564179927110672,True,
2136,onnx_model_085,measure,10.707369273887936,10.707677903585136,10.708598083816469,0.9201802313327789,True,
2137,onnx_model_088,measure,10.70909502227445,10.709836236666888,10.710823763627559,0.987526960670948,True,
2138,onnx_model_085,measure,10.72141301329697,10.722047828603536,10.722962858621031,0.9150300174951553,True,
2139,onnx_model_052,measure,10.72831142573104,10.729181909933686,10.730071280617267,0.889370683580637,True,
2140,onnx_model_058,measure,10.732583459798757,10.733289408031851,10.734263360034674,0.9739520028233528,True,
2141,onnx_model_047,measure,10.742356241980549,10.744483165908605,10.745497714728117,1.0145488195121288,True,
2142,onnx_model_083,measure,10.75959457930618,10.760770034976304,10.761831231880933,1.061196904629469,True,
2143,onnx_model_094,measure,10.759789276521579,10.76094748172909,10.761962200980633,1.0147192515432835,True,
2144,onnx_model_059,measure,10.763620769749378,10.764184474945068,10.765118199866265,0.9337249211966991,True,
2145,onnx_model_079,measure,10.774385505423123,10.775350010022521,10.776509172748774,1.159162726253271,True,
2146,onnx_model_024,measure,10.77535707828817,10.775740621611476,10.77663581399247,0.8951923809945583,True,
2147,onnx_model_042,measure,10.77576522657026,10.77611280977726,10.777169818989933,1.0570092126727104,True,
2148,onnx_model_041,measure,10.776586256925874,10.776785507798195,10.777705857995898,0.9203501977026463,True,
2149,onnx_model_031,measure,10.776958885885168,10.777300396934152,10.778086090926081,0.7856939919292927,True,
2150,onnx_model_062,measure,10.778372178434196,10.779303965624422,10.780118132941425,0.8141673170030117,True,
2151,onnx_model_086,measure,10.783869949667533,10.784342773724347,10.785151229705662,0.8084559813141823,True,
2152,onnx_model_048,measure,10.789437129479454,10.790376893710345,10.791255143005401,0.8782492950558662,True,
2153,onnx_model_068,measure,10.790506833403791,10.790766573976725,10.791596100665629,0.8295266889035702,True,
2154,onnx_model_053,measure,10.796048094628818,10.796839507762343,10.79781069373712,0.9711859747767448,True,
2155,onnx_model_035,measure,10.796094857384524,10.797004481777549,10.79796085972339,0.9563779458403587,True,
2156,onnx_model_010,measure,10.801293598399623,10.802194496616721,10.803133822977543,0.9393263608217239,True,
2157,onnx_model_000,measure,10.80317644659157,10.804354051593691,10.80529342778027,0.9393761865794659,True,
2158,onnx_model_008,measure,10.805089401761293,10.805389540735632,10.806283068843186,0.8935281075537205,True,
2159,onnx_model_065,measure,10.812363079566424,10.813513322733343,10.814524153713137,1.0108309797942638,True,
2160,onnx_model_053,measure,10.813074958892413,10.813697141595185,10.814692203886807,0.9950622916221619,True,
2161,onnx_model_053,measure,10.814438507637865,10.814786141738296,10.815665904898196,0.8797631599009037,True,
2162,onnx_model_016,measure,10.819504252183824,10.819896024651825,10.820739458780736,0.8434341289103031,True,
2163,onnx_model_071,measure,10.8273544805833,10.827963690739125,10.828871866688132,0.9081759490072727,True,
2164,onnx_model_063,measure,10.829232957384122,10.830043844878674,10.830631231889129,0.5873870104551315,True,
2165,onnx_model_099,measure,10.833501091012629,10.833790736738592,10.834357584826648,0.5668480880558491,True,
2166,onnx_model_040,measure,10.845258769903559,10.845516956876963,10.846153568010777,0.636611133813858,True,
2167,onnx_model_064,measure,10.846545396518987,10.847292171791196,10.847993244882673,0.7010730914771557,True,
2168,onnx_model_091,measure,10.846813457666874,10.847369548864663,10.84812327194959,0.7537230849266052,True,
2169,onnx_model_076,measure,10.8541933370326,10.855343575589359,10.856177711859345,0.8341362699866295,True,
2170,onnx_model_092,measure,10.856367699232994,10.857399083673954,10.85817613080144,0.7770471274852753,True,
2171,onnx_model_076,measure,10.858555967257885,10.85939688095823,10.860277615021914,0.8807340636849403,True,
2172,onnx_model_087,measure,10.860468227254945,10.861499457620084,10.862250284757465,0.7508271373808384,True,
2173,onnx_model_054,measure,10.869938128872723,10.870474497787654,10.871316167991608,0.8416702039539814,True,
2174,onnx_model_016,measure,10.870525384427479,10.870853377971798,10.871532358694822,0.6789807230234146,True,
2175,onnx_model_024,measure,10.874762703471324,10.875758471898735,10.87698219763115,1.2237257324159145,True,
2176,onnx_model_018,measure,10.875683744046574,10.876125048846006,10.877488740719855,1.3636918738484383,True,
2177,onnx_model_055,measure,10.876163617877552,10.876475795637816,10.877533876802772,1.0580811649560928,True,
2178,onnx_model_059,measure,10.876590347331573,10.877081376966089,10.877914961893111,0.8335849270224571,True,
2179,onnx_model_077,measure,10.879694665281924,10.880143427755684,10.881316687911749,1.1732601560652256,True,
2180,onnx_model_080,measure,10.8800231489636,10.880310033913702,10.881185948848724,0.8759149350225925,True,
2181,onnx_model_041,measure,10.88684072689171,10.887546449899673,10.8885469106026,1.0004607029259205,True,
2182,onnx_model_071,measure,10.886957498427806,10.887755427043885,10.888684692792594,0.9292657487094402,True,
2183,onnx_model_052,measure,10.888567059485268,10.888816583901644,10.88965724175796,0.8406578563153744,True,
2184,onnx_model_002,measure,10.892648206673183,10.892885187640786,10.893631265964359,0.7460783235728741,True,
2185,onnx_model_019,measure,10.893993102061572,10.89485849859193,10.895592543762177,0.7340451702475548,True,
2186,onnx_model_085,measure,10.896760080734886,10.897826239932328,10.89855639776215,0.7301578298211098,True,
2187,onnx_model_079,measure,10.898625819900662,10.899761870037764,10.900504851713777,0.7429816760122776,True,
2188,onnx_model_042,measure,10.905108272105029,10.90573869086802,10.906642968766391,0.9042778983712196,True,
2189,onnx_model_095,measure,10.906731687916075,10.907860653940588,10.90860273502767,0.7420810870826244,True,
2190,onnx_model_053,measure,10.915146464519218,10.915842035785317,10.916758527979255,0.9164921939373016,True,
2191,onnx_model_093,measure,10.91518751855346,10.916004333645105,10.91691435361281,0.9100199677050114,True,
2192,onnx_model_008,measure,10.922075218398156,10.923153994604945,10.923942063003778,0.7880683988332748,True,
2193,onnx_model_039,measure,10.931135460340887,10.932165674865246,10.933081965893507,0.9162910282611847,True,
2194,onnx_model_051,measure,10.940317107000215,10.941315887961537,10.942592043895274,1.2761559337377548,True,
2195,onnx_model_041,measure,10.94115662537892,10.941478316672146,10.942460242658854,0.9819259867072105,True,
2196,onnx_model_089,measure,10.959127236321462,10.95983429858461,10.960908961948007,1.0746633633971214,True,
2197,onnx_model_032,measure,10.965336539558056,10.966142680030316,10.967347139958292,1.2044599279761314,True,
2198,onnx_model_047,measure,10.973154864398362,10.973574085626751,10.97518397681415,1.6098911873996258,True,
2199,onnx_model_020,measure,10.973346303908182,10.973753687925637,10.975138649810106,1.3849618844687939,True,
2200,onnx_model_086,measure,10.97812353789526,10.97840441763401,10.979773440863937,1.3690232299268246,True,
2201,onnx_model_093,measure,10.982557597279351,10.982996055856347,10.984394013881683,1.3979580253362656,True,
2202,onnx_model_048,measure,10.985640110599782,10.986628741957247,10.9876764328219,1.0476908646523952,True,
2203,onnx_model_057,measure,10.987323348439158,10.987774208653718,10.988762527704239,0.9883190505206585,True,
2204,onnx_model_049,measure,10.994414314407534,10.994990966748446,10.99613073375076,1.1397670023143291,True,
2205,onnx_model_095,measure,10.99472695429091,10.995151581708342,10.99657280370593,1.421221997588873,True,
2206,onnx_model_045,measure,10.995715193669653,10.996227166615427,10.997204944957048,0.9777783416211605,True,
2207,onnx_model_005,measure,10.996709042868266,10.997299354989082,10.998292933683842,0.9935786947607994,True,
2208,onnx_model_099,measure,11.010792416251375,11.012528713792562,11.01347130490467,0.9425911121070385,True,
2209,onnx_model_085,measure,11.015519522675909,11.016706033609807,11.017598820850253,0.8927872404456139,True,
2210,onnx_model_045,measure,11.01820940168498,11.01884295558557,11.019762694835663,0.9197392500936985,True,
2211,onnx_model_067,measure,11.02138306247009,11.021981631871313,11.022964229807258,0.9825979359447956,True,
2212,onnx_model_094,measure,11.031756554693265,11.033189196605235,11.034160993993282,0.9717973880469799,True,
2213,onnx_model_031,measure,11.038146590040203,11.038380784913898,11.039411393925548,1.0306090116500854,True,
2214,onnx_model_011,measure,11.04185878359518,11.042646332643926,11.043581189587712,0.9348569437861443,True,
2215,onnx_model_095,measure,11.045170012029226,11.045802402775735,11.046761575620621,0.9591728448867798,True,
2216,onnx_model_078,measure,11.053958484279537,11.054999053943902,11.056482743937522,1.4836899936199188,True,
2217,onnx_model_032,measure,11.055984069375096,11.056577063631266,11.057502802927047,0.9257392957806587,True,
2218,onnx_model_081,measure,11.058246009892418,11.058733211830258,11.060567949898541,1.8347380682826042,True,
2219,onnx_model_013,measure,11.067516477506604,11.067805747967213,11.069280169904232,1.4744219370186329,True,
2220,onnx_model_043,measure,11.069029727501013,11.069375280756503,11.070318293757737,0.9430130012333393,True,
2221,onnx_model_018,measure,11.080788961343488,11.08153951400891,11.082465764600784,0.9262505918741226,True,
2222,onnx_model_011,measure,11.089183672368478,11.089698722586036,11.090642847586423,0.9441250003874302,True,
2223,onnx_model_077,measure,11.091904782703702,11.092862927820534,11.09464895259589,1.7860247753560543,True,
2224,onnx_model_080,measure,11.095705399032852,11.096878150943667,11.097778833005577,0.9006820619106293,True,
2225,onnx_model_095,measure,11.105379070262025,11.105997584760189,11.106973880901933,0.97629614174366,True,
2226,onnx_model_081,measure,11.108028484707406,11.109193429816514,11.110107657965273,0.9142281487584114,True,
2227,onnx_model_069,measure,11.117266122939979,11.118333072867244,11.119290252681822,0.9571798145771027,True,
2228,onnx_model_012,measure,11.118818146278855,11.119385222904384,11.12036882294342,0.9836000390350819,True,
2229,onnx_model_014,measure,11.136346419473396,11.136588735040277,11.137566793709993,0.9780586697161198,True,
2230,onnx_model_007,measure,11.151854226090936,11.152790411841124,11.154047552030534,1.257140189409256,True,
2231,onnx_model_061,measure,11.15204434053202,11.152950916904956,11.154093037825078,1.1421209201216698,True,
2232,onnx_model_016,measure,11.160578300775615,11.161321277730167,11.162457577884197,1.136300154030323,True,
2233,onnx_model_000,measure,11.16075309049763,11.161482012830675,11.162569710984826,1.0876981541514397,True,
2234,onnx_model_063,measure,11.169472778307393,11.169789253734052,11.170773294754326,0.9840410202741623,True,
2235,onnx_model_071,measure,11.178657642851487,11.178993770852685,11.179985425900668,0.9916550479829311,True,
2236,onnx_model_082,measure,11.186903551024221,11.1872081249021,11.188118726015091,0.9106011129915714,True,
2237,onnx_model_099,measure,11.18799974795452,11.188257679808885,11.189213086850941,0.9554070420563221,True,
2238,onnx_model_063,measure,11.189798616775118,11.19042844697833,11.191257802769542,0.8293557912111282,True,
2239,onnx_model_058,measure,11.2171458215667,11.21855548163876,11.219558930024505,1.003448385745287,True,
2240,onnx_model_081,measure,11.221432644455424,11.221797364763916,11.222971516661346,1.17415189743042,True,
2241,onnx_model_007,measure,11.221937844230974,11.222179039847106,11.223094339948148,0.9153001010417938,True,
2242,onnx_model_047,measure,11.222195514480562,11.222536779940128,11.223607525695115,1.0707457549870014,True,
2243,onnx_model_034,measure,11.222998935453278,11.223225750029087,11.22403648076579,0.8107307367026806,True,
2244,onnx_model_095,measure,11.226955884060974,11.22726185200736,11.228131725918502,0.8698739111423492,True,
2245,onnx_model_079,measure,11.229093928095505,11.229354980867356,11.230230063665658,0.8750827983021736,True,
2246,onnx_model_033,measure,11.249364002621236,11.250457212794572,11.251396609004587,0.9393962100148201,True,
2247,onnx_model_069,measure,11.25530150249071,11.255633802618831,11.256422732956707,0.7889303378760815,True,
2248,onnx_model_090,measure,11.25678070618799,11.257655355613679,11.25848680594936,0.8314503356814384,True,
2249,onnx_model_097,measure,11.26820767221557,11.26876140665263,11.269588698633015,0.8272919803857803,True,
2250,onnx_model_039,measure,11.272104046275366,11.272837965749204,11.273582049645483,0.744083896279335,True,
2251,onnx_model_039,measure,11.27411957946642,11.274762173648924,11.275650401599705,0.8882279507815838,True,
2252,onnx_model_027,measure,11.275405368223689,11.27574968058616,11.276657215785235,0.9075351990759373,True,
2253,onnx_model_057,measure,11.276098677091268,11.276753688696772,11.277644652873278,0.8909641765058041,True,
2254,onnx_model_091,measure,11.28040725590863,11.280867157969624,11.281725208740681,0.8580507710576057,True,
2255,onnx_model_068,measure,11.285492922673525,11.285944249015301,11.286815975792706,0.8717267774045467,True,
2256,onnx_model_021,measure,11.286996709682631,11.288069638889283,11.288953830022365,0.884191133081913,True,
2257,onnx_model_031,measure,11.29150309156747,11.292186385020614,11.293427873868495,1.2414888478815556,True,
2258,onnx_model_063,measure,11.291822472924565,11.292351267766207,11.293381966650486,1.0306988842785358,True,
2259,onnx_model_088,measure,11.326378745551793,11.32667870959267,11.327690642792732,1.0119332000613213,True,
2260,onnx_model_048,measure,11.3292801291582,11.329915051814169,11.330885776784271,0.9707249701023102,True,
2261,onnx_model_048,measure,11.334557286008156,11.335162235889584,11.336153359618038,0.991123728454113,True,
2262,onnx_model_012,measure,11.349777673763036,11.350399428978562,11.351676316931844,1.2768879532814026,True,
2263,onnx_model_044,measure,11.350094547415841,11.35056769894436,11.351904439739883,1.3367407955229282,True,
2264,onnx_model_079,measure,11.350136747945578,11.35074065765366,11.351844045799226,1.1033881455659866,True,
2265,onnx_model_062,measure,11.363942705952491,11.366129389964044,11.36700772959739,0.8783396333456039,True,
2266,onnx_model_062,measure,11.369541471378266,11.370240945834666,11.371089288033545,0.8483421988785267,True,
2267,onnx_model_028,measure,11.372518172292198,11.373313856776804,11.374232542701066,0.9186859242618084,True,
2268,onnx_model_028,measure,11.392593593026358,11.393456033896655,11.394335815683007,0.879781786352396,True,
2269,onnx_model_079,measure,11.395894160823026,11.396565734874457,11.39749678503722,0.9310501627624035,True,
2270,onnx_model_051,measure,11.396337646799207,11.396751337684691,11.397665986791253,0.9146491065621376,True,
2271,onnx_model_062,measure,11.40341260302313,11.403892633039504,11.404761694837362,0.8690617978572845,True,
2272,onnx_model_090,measure,11.414506868690886,11.414988924749196,11.41589760268107,0.9086779318749905,True,
2273,onnx_model_095,measure,11.419998935143976,11.421119798906147,11.421991305891424,0.8715069852769375,True,
2274,onnx_model_022,measure,11.428012397259842,11.429292383603752,11.430281484033912,0.9891004301607609,True,
2275,onnx_model_079,measure,11.429844407315944,11.430385060608387,11.431165073998272,0.7800133898854256,True,
2276,onnx_model_019,measure,11.432881424769935,11.433398408815265,11.434259817004204,0.8614081889390945,True,
2277,onnx_model_071,measure,11.434343820057832,11.435483132023364,11.436385917942971,0.9027859196066856,True,
2278,onnx_model_081,measure,11.43954041157247,11.440624734852463,11.441379028838128,0.7542939856648445,True,
2279,onnx_model_089,measure,11.440992331095197,11.44147587288171,11.44229071168229,0.8148388005793095,True,
2280,onnx_model_094,measure,11.452559878668987,11.453525697812438,11.454523534979671,0.9978371672332287,True,
2281,onnx_model_011,measure,11.458350838290976,11.458760067820549,11.459543647710234,0.7835798896849155,True,
2282,onnx_model_010,measure,11.460496201306142,11.460762124042958,11.46157651161775,0.8143875747919083,True,
2283,onnx_model_006,measure,11.468877467965775,11.46979593578726,11.470674866810441,0.8789310231804848,True,
2284,onnx_model_063,measure,11.48251224952196,11.482896918896586,11.483756151981652,0.8592330850660801,True,
2285,onnx_model_094,measure,11.487663151757125,11.487976104021072,11.488868599757552,0.8924957364797592,True,
2286,onnx_model_039,measure,11.49826786486011,11.499109006021172,11.499877305701375,0.7682996802031994,True,
2287,onnx_model_068,measure,11.508483574819367,11.510095619596541,11.511061605997384,0.9659864008426666,True,
2288,onnx_model_001,measure,11.514120525522001,11.515278912615031,11.516208769753575,0.9298571385443211,True,
2289,onnx_model_023,measure,11.515429140525846,11.515679854899645,11.51660514390096,0.9252890013158321,True,
2290,onnx_model_085,measure,11.516297451553466,11.51671670563519,11.51753754587844,0.8208402432501316,True,
2291,onnx_model_066,measure,11.52156273019616,11.522759872954339,11.523636208847165,0.8763358928263187,True,
2292,onnx_model_047,measure,11.550502659262818,11.55080223781988,11.551422185730189,0.6199479103088379,True,
2293,onnx_model_051,measure,11.55266154663323,11.553583313710988,11.554318211041391,0.7348973304033279,True,
2294,onnx_model_044,measure,11.554382229835682,11.555479047819972,11.556147828698158,0.6687808781862259,True,
2295,onnx_model_074,measure,11.561153278429005,11.561302025802433,11.56201459094882,0.7125651463866234,True,
2296,onnx_model_038,measure,11.564365370111153,11.565165930893272,11.565865510609001,0.6995797157287598,True,
2297,onnx_model_053,measure,11.573309263017475,11.574018337763846,11.574628517962992,0.6101801991462708,True,
2298,onnx_model_000,measure,11.57702065961207,11.577778265811503,11.578469909727573,0.6916439160704613,True,
2299,onnx_model_081,measure,11.581701678093841,11.582640427630395,11.583245096728206,0.6046690978109837,True,
2300,onnx_model_028,measure,11.587689150679724,11.588406978640705,11.589001648593694,0.5946699529886246,True,
2301,onnx_model_066,measure,11.609152821898347,11.610211145598441,11.610984024591744,0.7728789933025837,True,
2302,onnx_model_024,measure,11.615505543346309,11.616186934988946,11.616973229683936,0.7862946949899197,True,
2303,onnx_model_023,measure,11.632911457922923,11.63318139873445,11.63398139970377,0.8000009693205357,True,
2304,onnx_model_098,measure,11.633949466403054,11.634085517842323,11.634771210607141,0.6856927648186684,True,
2305,onnx_model_038,measure,11.638553532042195,11.638973057735711,11.639661175664514,0.6881179288029671,True,
2306,onnx_model_036,measure,11.644435156878634,11.644863214809448,11.645570668857545,0.7074540480971336,True,
2307,onnx_model_076,measure,11.64575243090451,11.646747836843133,11.647423470858485,0.6756340153515339,True,
2308,onnx_model_039,measure,11.657972895844482,11.658637427724898,11.659240413922817,0.6029861979186535,True,
2309,onnx_model_016,measure,11.659654453000574,11.660449661780149,11.661054611671716,0.6049498915672302,True,
2310,onnx_model_079,measure,11.664349692742354,11.665260967798531,11.666108288802207,0.8473210036754608,True,
2311,onnx_model_097,measure,11.664612252830969,11.665371116716415,11.666439638938755,1.068522222340107,True,
2312,onnx_model_003,measure,11.666053265257469,11.666237163823098,11.666991487611085,0.7543237879872322,True,
2313,onnx_model_061,measure,11.666681452761038,11.667058233637363,11.667806967627257,0.7487339898943901,True,
2314,onnx_model_046,measure,11.677136614273975,11.678008939605206,11.678772771731019,0.7638321258127689,True,
2315,onnx_model_080,measure,11.685657499150208,11.685982957948,11.686680252663791,0.6972947157919407,True,
2316,onnx_model_038,measure,11.700766508547886,11.70189974270761,11.702861340716481,0.9615980088710785,True,
2317,onnx_model_017,measure,11.70077603576995,11.702009721659124,11.702978042885661,0.9683212265372276,True,
2318,onnx_model_072,measure,11.701755004553828,11.702100154012442,11.703002488706261,0.9023346938192844,True,
2319,onnx_model_027,measure,11.70636404981687,11.707200979813933,11.708120547700673,0.9195678867399693,True,
2320,onnx_model_056,measure,11.706436533430628,11.707311369944364,11.708204156719148,0.8927867747843266,True,
2321,onnx_model_060,measure,11.709450987659611,11.710407735779881,11.71112715266645,0.7194168865680695,True,
2322,onnx_model_025,measure,11.71591276038061,11.716336905956268,11.71715992083773,0.8230148814618587,True,
2323,onnx_model_090,measure,11.720116673925995,11.720361155923456,11.72122745262459,0.8662967011332512,True,
2324,onnx_model_066,measure,11.73907264350626,11.740428851917386,11.74126428971067,0.8354377932846546,True,
2325,onnx_model_059,measure,11.760874241574822,11.761466210708022,11.762400656938553,0.9344462305307388,True,
2326,onnx_model_095,measure,11.765576743434478,11.766602033749223,11.767421961762011,0.8199280127882957,True,
2327,onnx_model_032,measure,11.774456343973448,11.775632639881223,11.776474599726498,0.8419598452746868,True,
2328,onnx_model_072,measure,11.777265195245551,11.777681964915246,11.778463910799474,0.7819458842277527,True,
2329,onnx_model_042,measure,11.778386007166311,11.778555685654283,11.779343663714826,0.7879780605435371,True,
2330,onnx_model_011,measure,11.786414685891826,11.787543078884482,11.788334062788635,0.7909839041531086,True,
2331,onnx_model_019,measure,11.792370143543817,11.793544256594032,11.794333496596664,0.7892400026321411,True,
2332,onnx_model_070,measure,11.796810068015848,11.797496099025011,11.798269939608872,0.7738405838608742,True,
2333,onnx_model_039,measure,11.800349264952942,11.801436117850244,11.802183668594807,0.7475507445633411,True,
2334,onnx_model_069,measure,11.803149254939116,11.803348452784121,11.804027132689953,0.6786799058318138,True,
2335,onnx_model_077,measure,11.806566792565533,11.807190866675228,11.807957554701716,0.7666880264878273,True,
2336,onnx_model_085,measure,11.807334389682808,11.80801445292309,11.808697841595858,0.6833886727690697,True,
2337,onnx_model_082,measure,11.81257247717105,11.812860103789717,11.813575644046068,0.7155402563512325,True,
2338,onnx_model_075,measure,11.81827066549911,11.818738056812435,11.819421265739948,0.6832089275121689,True,
2339,onnx_model_012,measure,11.838989544959759,11.839637823868543,11.840463182888925,0.8253590203821659,True,
2340,onnx_model_055,measure,11.839959797399867,11.84053644258529,11.841217667795718,0.6812252104282379,True,
2341,onnx_model_065,measure,11.84898005862787,11.8494002209045,11.85026500467211,0.8647837676107883,True,
2342,onnx_model_080,measure,11.851024452761871,11.85144369583577,11.852123898919672,0.6802030839025974,True,
2343,onnx_model_041,measure,11.856406464047906,11.857382114045322,11.858248710632324,0.8665965870022774,True,
2344,onnx_model_014,measure,11.856437209219216,11.857511038891971,11.858325496781617,0.8144578896462917,True,
2345,onnx_model_078,measure,11.864017733959118,11.864512337837368,11.865394343622029,0.8820057846605778,True,
2346,onnx_model_063,measure,11.874362253495892,11.875599463004619,11.876503931824118,0.9044688194990158,True,
2347,onnx_model_068,measure,11.875509468678286,11.875739668961614,11.876599153038114,0.859484076499939,True,
2348,onnx_model_057,measure,11.87893402496329,11.879794416949153,11.880644042044878,0.8496250957250595,True,
2349,onnx_model_009,measure,11.880487656478572,11.88071778183803,11.881503184791654,0.7854029536247253,True,
2350,onnx_model_077,measure,11.88554644185477,11.886694331653416,11.887450148817152,0.7558171637356281,True,
2351,onnx_model_094,measure,11.897685778501346,11.898653424810618,11.899416965898126,0.7635410875082016,True,
2352,onnx_model_070,measure,11.899208324328047,11.899489583913237,11.900203761644661,0.7141777314245701,True,
2353,onnx_model_084,measure,11.900158335543903,11.900314952712506,11.901150931604207,0.8359788917005062,True,
2354,onnx_model_028,measure,11.905464626281647,11.90633325278759,11.907108907587826,0.7756548002362251,True,
2355,onnx_model_065,measure,11.914319116625686,11.915290990844369,11.91612648870796,0.8354978635907173,True,
2356,onnx_model_073,measure,11.915896543231502,11.916198465973139,11.91708299703896,0.8845310658216476,True,
2357,onnx_model_090,measure,11.916347891451101,11.916474500671029,11.917606672737747,1.13217206671834,True,
2358,onnx_model_072,measure,11.916850057819444,11.917170422617346,11.91817592503503,1.0055024176836014,True,
2359,onnx_model_034,measure,11.916916009651906,11.91729337675497,11.918082486838102,0.7891100831329823,True,
2360,onnx_model_024,measure,11.91860654755749,11.919357840903103,11.920247091911733,0.8892510086297989,True,
2361,onnx_model_063,measure,11.918953706054774,11.919481365941465,11.920340358745307,0.8589928038418293,True,
2362,onnx_model_066,measure,11.92141265198801,11.922532846685499,11.923298691865057,0.7658451795578003,True,
2363,onnx_model_020,measure,11.929070993091447,11.929490451700985,11.930306522641331,0.8160709403455257,True,
2364,onnx_model_052,measure,11.929821299106095,11.93037881096825,11.930972578935325,0.5937679670751095,True,
2365,onnx_model_079,measure,11.931128583857424,11.932161489035934,11.932861008681357,0.6995196454226971,True,
2366,onnx_model_007,measure,11.937611656934621,11.938018593005836,11.938604827038944,0.5862340331077576,True,
2367,onnx_model_003,measure,11.94871348439216,11.949804957024753,11.950571153778583,0.7661967538297176,True,
2368,onnx_model_031,measure,11.950796034246833,11.951730857603252,11.952416550833732,0.6856932304799557,True,
2369,onnx_model_015,measure,11.962696934073703,11.963608234655112,11.964387856889516,0.7796222344040871,True,
2370,onnx_model_009,measure,11.963734400330177,11.96390112163499,11.964790732599795,0.8896109648048878,True,
2371,onnx_model_077,measure,11.964908956902837,11.965982998721302,11.966862390749156,0.8793920278549194,True,
2372,onnx_model_022,measure,11.966055572126363,11.966252390760928,11.967045147903264,0.7927571423351765,True,
2373,onnx_model_081,measure,11.967789317990002,11.968236602842808,11.968883221969008,0.646619126200676,True,
2374,onnx_model_058,measure,11.969318069472825,11.970072092022747,11.970710234716535,0.6381426937878132,True,
2375,onnx_model_010,measure,11.971847696069723,11.972924433648586,11.973752107005566,0.8276733569800854,True,
2376,onnx_model_067,measure,11.980680012541475,11.98100817995146,11.981767372693866,0.7591927424073219,True,
2377,onnx_model_015,measure,11.990890981342188,11.991994242649525,11.992789193987846,0.7949513383209705,True,
2378,onnx_model_066,measure,11.993174071182588,11.994007098954171,11.994992491789162,0.9853928349912167,True,
2379,onnx_model_096,measure,11.996858121890083,11.997217200696468,11.998071535024792,0.8543343283236027,True,
2380,onnx_model_080,measure,12.003672074703733,12.004289804957807,12.005213670898229,0.9238659404218197,True,
2381,onnx_model_060,measure,12.004927749470523,12.005309793632478,12.006128870882094,0.8190772496163845,True,
2382,onnx_model_014,measure,12.015346372495273,12.016356021631509,12.017497550696135,1.1415290646255016,True,
2383,onnx_model_043,measure,12.015492323471605,12.016515664756298,12.017646183725446,1.1305189691483974,True,
2384,onnx_model_093,measure,12.022113145810472,12.02287536393851,12.023704829625785,0.8294656872749329,True,
2385,onnx_model_028,measure,12.022993727791654,12.023244285024703,12.024159905966371,0.9156209416687489,True,
2386,onnx_model_088,measure,12.024247020851627,12.02537844190374,12.026223267894238,0.844825990498066,True,
2387,onnx_model_002,measure,12.029940308319516,12.030443419702351,12.031291401945055,0.8479822427034378,True,
2388,onnx_model_079,measure,12.037038976924812,12.037512556649745,12.038332234602422,0.8196779526770115,True,
2389,onnx_model_021,measure,12.046756452165374,12.048557561822236,12.049533516634256,0.9759548120200634,True,
2390,onnx_model_036,measure,12.04834790645254,12.048741441685706,12.049683511722833,0.9420700371265411,True,
2391,onnx_model_098,measure,12.050187040211771,12.050920693669468,12.051814142614603,0.8934489451348782,True,
2392,onnx_model_082,measure,12.052734868309479,12.053034261800349,12.053888805676252,0.8545438759028912,True,
2393,onnx_model_042,measure,12.055491806024465,12.056107823736966,12.05695009464398,0.8422709070146084,True,
2394,onnx_model_092,measure,12.056803968466825,12.05708624375984,12.058125840034336,1.0395962744951248,True,
2395,onnx_model_036,measure,12.056825776727406,12.057247169781476,12.05825601797551,1.0088481940329075,True,
2396,onnx_model_016,measure,12.061034209508401,12.061480145901442,12.06235634163022,0.8761957287788391,True,
2397,onnx_model_084,measure,12.061230512626189,12.061659346800297,12.062535672914237,0.8763261139392853,True,
2398,onnx_model_015,measure,12.06247286521526,12.062696938868612,12.063433879986405,0.7369411177933216,True,
2399,onnx_model_064,measure,12.06380423293999,12.064690067898482,12.065578756853938,0.8886889554560184,True,
2400,onnx_model_014,measure,12.063832910539013,12.064848688896745,12.065740644931793,0.8919560350477695,True,
2401,onnx_model_037,measure,12.07113063112689,12.071961028967053,12.072805474046618,0.8444450795650482,True,
2402,onnx_model_049,measure,12.094633095292572,12.095027634873986,12.09595441678539,0.9267819114029408,True,
2403,onnx_model_014,measure,12.096518571864882,12.097201056778431,12.098101938609034,0.9008818306028843,True,
2404,onnx_model_083,measure,12.101036361541514,12.101333381608129,12.102246557828039,0.9131762199103832,True,
2405,onnx_model_098,measure,12.107028479869118,12.107473963871598,12.10839275084436,0.9187869727611542,True,
2406,onnx_model_012,measure,12.108138752707735,12.108487660996616,12.109403651673347,0.9159906767308712,True,
2407,onnx_model_083,measure,12.110045383636056,12.110636425670236,12.11150619899854,0.8697733283042908,True,
2408,onnx_model_045,measure,12.110987327952465,12.111601058859378,12.112489998806268,0.8889399468898773,True,
2409,onnx_model_021,measure,12.114033440349779,12.11472556879744,12.115520919673145,0.7953508757054806,True,
2410,onnx_model_061,measure,12.117349349414612,12.117755357641727,12.118779834825546,1.0244771838188171,True,
2411,onnx_model_084,measure,12.118426350984713,12.118874063715339,12.119724460877478,0.8503971621394157,True,
2412,onnx_model_095,measure,12.119183278764085,12.119817687664181,12.12064953893423,0.8318512700498104,True,
2413,onnx_model_071,measure,12.121853276626306,12.122868116013706,12.123691280838102,0.8231648243963718,True,
2414,onnx_model_055,measure,12.128310617001855,12.128911182750016,12.12971470085904,0.803518109023571,True,
2415,onnx_model_092,measure,12.13421407297143,12.13496690383181,12.135783977806568,0.8170739747583866,True,
2416,onnx_model_050,measure,12.139313536835262,12.140004750806838,12.140884071588516,0.8793207816779613,True,
2417,onnx_model_093,measure,12.15111367850599,12.15210354886949,12.152996425982565,0.8928771130740643,True,
2418,onnx_model_099,measure,12.152569777040478,12.153092017862946,12.154072030913085,0.9800130501389503,True,
2419,onnx_model_085,measure,12.154896386996478,12.155289003625512,12.156133989803493,0.8449861779808998,True,
2420,onnx_model_035,measure,12.15876885856906,12.159356595948339,12.160320367664099,0.963771715760231,True,
2421,onnx_model_086,measure,12.165171029751999,12.165550149045885,12.166741523891687,1.191374845802784,True,
2422,onnx_model_061,measure,12.165375606983941,12.165777711663395,12.166795555967838,1.0178443044424057,True,
2423,onnx_model_095,measure,12.165549524524272,12.166216094978154,12.167118449695408,0.9023547172546387,True,
2424,onnx_model_095,measure,12.170407797570713,12.171337288804352,12.172107793856412,0.7705050520598888,True,
2425,onnx_model_006,measure,12.176809108299048,12.177360679022968,12.178215213585645,0.854534562677145,True,
2426,onnx_model_091,measure,12.178907452125344,12.179436645004898,12.180189696606249,0.7530516013503075,True,
2427,onnx_model_059,measure,12.180282303843969,12.181405146606266,12.182225205935538,0.8200593292713165,True,
2428,onnx_model_055,measure,12.18251105407698,12.183441477827728,12.18427636474371,0.8348869159817696,True,
2429,onnx_model_085,measure,12.188869409763367,12.189516515936702,12.190318631008267,0.8021150715649128,True,
2430,onnx_model_061,measure,12.20624440014905,12.206548030022532,12.20752935577184,0.9813257493078709,True,
2431,onnx_model_010,measure,12.20965358541857,12.210753574967384,12.211584102828056,0.8305278606712818,True,
2432,onnx_model_045,measure,12.216671516266894,12.2178077227436,12.218728272709996,0.9205499663949013,True,
2433,onnx_model_019,measure,12.222089801852858,12.22294994769618,12.223778382875025,0.8284351788461208,True,
2434,onnx_model_002,measure,12.227348376601121,12.228028901852667,12.228874580003321,0.8456781506538391,True,
2435,onnx_model_059,measure,12.229760413027067,12.23009889665991,12.230991052929312,0.8921562694013119,True,
2436,onnx_model_060,measure,12.239631039934695,12.241216099821031,12.242239895742387,1.023795921355486,True,
2437,onnx_model_059,measure,12.240583377564192,12.241376063786447,12.242436049040407,1.0599852539598942,True,
2438,onnx_model_072,measure,12.245329602890756,12.245671920012683,12.246588431764394,0.9165117517113686,True,
2439,onnx_model_076,measure,12.250729343908136,12.25181476585567,12.252954181749374,1.1394158937036991,True,
2440,onnx_model_062,measure,12.251463610294195,12.251975230872631,12.253409577999264,1.4343471266329288,True,
2441,onnx_model_010,measure,12.25264539556058,12.25306933093816,12.253840907942504,0.7715770043432713,True,
2442,onnx_model_042,measure,12.263999468814761,12.265065704938024,12.266181765589863,1.1160606518387794,True,
2443,onnx_model_065,measure,12.264629751786275,12.265225868672132,12.266312894877046,1.0870262049138546,True,
2444,onnx_model_055,measure,12.269157647008464,12.269569566007704,12.27054113196209,0.971565954387188,True,
2445,onnx_model_078,measure,12.273031434330882,12.27377276495099,12.274713953956962,0.9411890059709549,True,
2446,onnx_model_037,measure,12.278111304546508,12.278943684883416,12.2798841916956,0.9405068121850491,True,
2447,onnx_model_097,measure,12.287716958750813,12.288111681584269,12.289127902593464,1.016221009194851,True,
2448,onnx_model_020,measure,12.289560359770736,12.290352951735258,12.291294250637293,0.9412989020347595,True,
2449,onnx_model_003,measure,12.30205160681135,12.30252294568345,12.303386486601084,0.863540917634964,True,
2450,onnx_model_026,measure,12.307131883348578,12.307624503038824,12.308597872965038,0.9733699262142181,True,
2451,onnx_model_091,measure,12.319801476192406,12.320860391948372,12.321788405999541,0.928014051169157,True,
2452,onnx_model_054,measure,12.324798552058118,12.325017684604973,12.325957781635225,0.9400970302522182,True,
2453,onnx_model_010,measure,12.32797732126235,12.329185106791556,12.33006352558732,0.8784187957644463,True,
2454,onnx_model_097,measure,12.332071089518323,12.332290859892964,12.333229974843562,0.9391149505972862,True,
2455,onnx_model_078,measure,12.335236665583484,12.335457278881222,12.33632199279964,0.8647139184176922,True,
2456,onnx_model_053,measure,12.343716653323881,12.344550183974206,12.345586393028498,1.0362090542912483,True,
2457,onnx_model_083,measure,12.344641139549115,12.344938200898468,12.346008585765958,1.070384867489338,True,
2458,onnx_model_041,measure,12.346979072807056,12.347230799030513,12.348177628591657,0.9468295611441135,True,
2459,onnx_model_043,measure,12.361871017278157,12.362411184702069,12.363407397642732,0.9962129406630993,True,
2460,onnx_model_097,measure,12.367905668716672,12.368651015684009,12.369724065996706,1.0730503126978874,True,
2461,onnx_model_006,measure,12.368522461576744,12.368816080037504,12.369837941601872,1.0218615643680096,True,
2462,onnx_model_003,measure,12.371030017997361,12.37205774197355,12.372936952859163,0.8792108856141567,True,
2463,onnx_model_029,measure,12.375553025245349,12.37615954875946,12.377099795732647,0.9402469731867313,True,
2464,onnx_model_018,measure,12.378686379301687,12.379321899730712,12.380237329751253,0.9154300205409527,True,
2465,onnx_model_060,measure,12.389551865952228,12.390458398964256,12.391379749868065,0.9213509038090706,True,
2466,onnx_model_027,measure,12.39655520532186,12.397606175858527,12.398343546781689,0.7373709231615067,True,
2467,onnx_model_020,measure,12.402920731464654,12.403565153013915,12.404317232780159,0.7520797662436962,True,
2468,onnx_model_043,measure,12.40480453222294,12.405542491935194,12.406365425791591,0.8229338563978672,True,
2469,onnx_model_071,measure,12.405021138495636,12.405720980837941,12.406512384768575,0.7914039306342602,True,
2470,onnx_model_078,measure,12.407414019756958,12.407740599941462,12.408401575870812,0.6609759293496609,True,
2471,onnx_model_050,measure,12.409291657363505,12.409629920963198,12.410361691843718,0.7317708805203438,True,
2472,onnx_model_076,measure,12.411426565044815,12.412581741809845,12.41328621096909,0.704469159245491,True,
2473,onnx_model_018,measure,12.423670504370945,12.42450979584828,12.42535221669823,0.8424208499491215,True,
2474,onnx_model_072,measure,12.436156486409223,12.436626547947526,12.43750745197758,0.8809040300548077,True,
2475,onnx_model_094,measure,12.439678441839503,12.440745207015425,12.441488058771938,0.7428517565131187,True,
2476,onnx_model_011,measure,12.441430336931667,12.441649886779487,12.442400653846562,0.7507670670747757,True,
2477,onnx_model_008,measure,12.44444443454515,12.445828589610755,12.447033028583974,1.2044389732182026,True,
2478,onnx_model_004,measure,12.44491518089134,12.446161241736263,12.447079958859831,0.918717123568058,True,
2479,onnx_model_091,measure,12.456310939262986,12.457313301041722,12.458408031612635,1.0947305709123611,True,
2480,onnx_model_088,measure,12.456476540285038,12.45748104993254,12.458454449661076,0.9733997285366058,True,
2481,onnx_model_082,measure,12.459113397915004,12.459683185908943,12.460428692866117,0.7455069571733475,True,
2482,onnx_model_078,measure,12.459854384807738,12.460050713736564,12.46072977501899,0.6790612824261189,True,
2483,onnx_model_076,measure,12.46174927141745,12.462974391877651,12.46411138260737,1.1369907297194004,True,
2484,onnx_model_009,measure,12.462153010114825,12.463135637808591,12.463988839648664,0.8532018400728703,True,
2485,onnx_model_051,measure,12.46451445984453,12.465333034750074,12.466049576643854,0.7165418937802315,True,
2486,onnx_model_024,measure,12.465813330970992,12.466236321721226,12.467145369853824,0.9090481325984001,True,
2487,onnx_model_088,measure,12.469061747753338,12.469368826597929,12.470170760992914,0.8019343949854374,True,
2488,onnx_model_096,measure,12.474691353994414,12.47539140470326,12.476183820981532,0.7924162782728672,True,
2489,onnx_model_023,measure,12.481944199499868,12.482408673968166,12.483272735960782,0.8640619926154613,True,
2490,onnx_model_088,measure,12.49751685394131,12.498505861964077,12.49949024291709,0.9843809530138969,True,
2491,onnx_model_087,measure,12.50929245391185,12.510021631605923,12.51098624477163,0.9646131657063961,True,
2492,onnx_model_084,measure,12.51109091813729,12.512210331857204,12.513165547978133,0.9552161209285259,True,
2493,onnx_model_045,measure,12.512553402235387,12.513273824006319,12.514325432945043,1.0516089387238026,True,
2494,onnx_model_007,measure,12.512602219892948,12.513438265770674,12.514477821998298,1.0395562276244164,True,
2495,onnx_model_049,measure,12.513346029104941,12.513893821742386,12.514634971041232,0.7411492988467216,True,
2496,onnx_model_091,measure,12.51857998609349,12.518866064026952,12.519902223721147,1.0361596941947937,True,
2497,onnx_model_097,measure,12.529671942890522,12.530144833028316,12.531025778036565,0.8809450082480907,True,
2498,onnx_model_072,measure,12.531041886466598,12.53224785067141,12.533255896996707,1.0080463252961636,True,
2499,onnx_model_019,measure,12.5338147137029,12.534475755877793,12.536165767814964,1.6900119371712208,True,
2500,onnx_model_059,measure,12.536136909505075,12.536341952625662,12.537126985844225,0.785033218562603,True,
2501,onnx_model_062,measure,12.536460416019912,12.536739278584719,12.537400114815682,0.6608362309634686,True,
2502,onnx_model_092,measure,12.537837315674311,12.538631715811789,12.5394297526218,0.7980368100106716,True,
2503,onnx_model_060,measure,12.548050246272394,12.549665068741888,12.55046462872997,0.7995599880814552,True,
2504,onnx_model_034,measure,12.552523603947607,12.55369943799451,12.554518343880773,0.8189058862626553,True,
2505,onnx_model_013,measure,12.556430318596183,12.556750777643174,12.55751497996971,0.7642023265361786,True,
2506,onnx_model_070,measure,12.560655628381578,12.561757664661855,12.562742947600782,0.985282938927412,True,
2507,onnx_model_024,measure,12.561170705336247,12.561920273583382,12.562858877703547,0.9386041201651096,True,
2508,onnx_model_008,measure,12.561900278162407,12.562353517860174,12.56320042675361,0.8469088934361935,True,
2509,onnx_model_084,measure,12.563114944261498,12.563339992891997,12.564200217835605,0.8602249436080456,True,
2510,onnx_model_080,measure,12.566778888242332,12.567423855885863,12.568181795999408,0.7579401135444641,True,
2511,onnx_model_079,measure,12.568508537112615,12.569400283042341,12.5702088996768,0.8086166344583035,True,
2512,onnx_model_039,measure,12.570168727384766,12.570355718955398,12.571174735669047,0.8190167136490345,True,
2513,onnx_model_066,measure,12.582480047251252,12.58339514490217,12.584302318748087,0.9071738459169865,True,
2514,onnx_model_014,measure,12.586245898755939,12.586525755934417,12.587352416943759,0.8266610093414783,True,
2515,onnx_model_055,measure,12.598355632829907,12.598582423757762,12.599596451036632,1.0140272788703442,True,
2516,onnx_model_006,measure,12.598854660031034,12.599708974827081,12.600735547021031,1.0265721939504147,True,
2517,onnx_model_084,measure,12.605831076818411,12.606954067014158,12.607773884665221,0.8198176510632038,True,
2518,onnx_model_098,measure,12.611258162840995,12.611997383646667,12.612992465030402,0.9950813837349415,True,
2519,onnx_model_060,measure,12.612603575428148,12.613087355624884,12.613935397937894,0.8480423130095005,True,
2520,onnx_model_080,measure,12.614806857341796,12.615155406761914,12.615895863622427,0.740456860512495,True,
2521,onnx_model_091,measure,12.619367755080061,12.620116577018052,12.620947185903788,0.8306088857352734,True,
2522,onnx_model_045,measure,12.62268495450295,12.623168708756566,12.62402264168486,0.8539329282939434,True,
2523,onnx_model_098,measure,12.6233875977514,12.624117291998118,12.624889910686761,0.7726186886429787,True,
2524,onnx_model_000,measure,12.627738912676227,12.628110572695732,12.628938706591725,0.8281338959932327,True,
2525,onnx_model_030,measure,12.638259302747949,12.639163582585752,12.640249697957188,1.0861153714358807,True,
2526,onnx_model_060,measure,12.638677447326392,12.639322755858302,12.640394652727991,1.0718968696892262,True,
2527,onnx_model_045,measure,12.639076709371428,12.63976988568902,12.640565938781947,0.7960530929267406,True,
2528,onnx_model_027,measure,12.646519431734074,12.646807131823152,12.647793677635491,0.9865458123385906,True,
2529,onnx_model_096,measure,12.647733120084112,12.64794101798907,12.648784270975739,0.8432529866695404,True,
2530,onnx_model_059,measure,12.654430254332665,12.655006046872586,12.65593152679503,0.9254799224436283,True,
2531,onnx_model_091,measure,12.655077758473825,12.655361532699317,12.656306148972362,0.9446162730455399,True,
2532,onnx_model_010,measure,12.659044558707876,12.659526410046965,12.660402404610068,0.8759945631027222,True,
2533,onnx_model_060,measure,12.66169484282086,12.66263939673081,12.66358133777976,0.9419410489499569,True,
2534,onnx_model_062,measure,12.664585548235346,12.664758344646543,12.665476229973137,0.7178853265941143,True,
2535,onnx_model_087,measure,12.66626199768237,12.666700436733663,12.667524532880634,0.8240961469709873,True,
2536,onnx_model_053,measure,12.668932019986357,12.669756365939975,12.670634415000677,0.8780490607023239,True,
2537,onnx_model_073,measure,12.682454090878615,12.68286147667095,12.68374823173508,0.8867550641298294,True,
2538,onnx_model_047,measure,12.695945020434912,12.697970195673406,12.698911324609071,0.9411289356648922,True,
2539,onnx_model_061,measure,12.699464165829806,12.700132876634598,12.701072943862528,0.9400672279298306,True,
2540,onnx_model_042,measure,12.70648150571978,12.707294850610197,12.70818651560694,0.8916649967432022,True,
2541,onnx_model_007,measure,12.710690958769998,12.71140975272283,12.712304513901472,0.8947611786425114,True,
2542,onnx_model_091,measure,12.720263768451757,12.72052633203566,12.721508418675512,0.9820866398513317,True,
2543,onnx_model_087,measure,12.724448051030032,12.72474371874705,12.72558086970821,0.8371509611606598,True,
2544,onnx_model_047,measure,12.729656798334164,12.730804018676281,12.731681467033923,0.8774483576416969,True,
2545,onnx_model_030,measure,12.737561232633805,12.737902131862938,12.738926498685032,1.0243668220937252,True,
2546,onnx_model_037,measure,12.738532086295244,12.739021388813853,12.73994109686464,0.9197080507874489,True,
2547,onnx_model_059,measure,12.74318677987018,12.744161739945412,12.745890455786139,1.7287158407270908,True,
2548,onnx_model_095,measure,12.751086918771833,12.752113184891641,12.75306246895343,0.9492840617895126,True,
2549,onnx_model_087,measure,12.75679288503937,12.757292439695448,12.758092449977994,0.8000102825462818,True,
2550,onnx_model_016,measure,12.76207745624265,12.762311800848693,12.763084359001368,0.7725581526756287,True,
2551,onnx_model_017,measure,12.768385946066655,12.769327466841787,12.77014002064243,0.8125538006424904,True,
2552,onnx_model_035,measure,12.770495014708144,12.771357154939324,12.771996540017426,0.6393850781023502,True,
2553,onnx_model_014,measure,12.779214534023465,12.780216795857996,12.781151542905718,0.9347470477223396,True,
2554,onnx_model_070,measure,12.786823657869737,12.787369251716882,12.788254614919424,0.8853632025420666,True,
2555,onnx_model_023,measure,12.788568982070665,12.789478241000324,12.790314320009202,0.8360790088772774,True,
2556,onnx_model_044,measure,12.804226996019029,12.804540210869163,12.805466471705586,0.9262608364224434,True,
2557,onnx_model_039,measure,12.813206473875958,12.81370075372979,12.814551732037216,0.8509783074259758,True,
2558,onnx_model_082,measure,12.815020516684758,12.815764636732638,12.816698131617159,0.9334948845207691,True,
2559,onnx_model_049,measure,12.815102400069067,12.815925403032452,12.816829070914537,0.9036678820848465,True,
2560,onnx_model_048,measure,12.818395822505126,12.819097832776606,12.820564210880548,1.466378103941679,True,
2561,onnx_model_092,measure,12.825271679157,12.825783571694046,12.826693571638316,0.9099999442696571,True,
2562,onnx_model_082,measure,12.82867909718362,12.828914543613791,12.829754229635,0.8396860212087631,True,
2563,onnx_model_031,measure,12.836708229492862,12.836974193807691,12.837879203725606,0.9050099179148674,True,
2564,onnx_model_038,measure,12.84140061082429,12.842102822847664,12.84293235000223,0.8295271545648575,True,
2565,onnx_model_015,measure,12.84311600066289,12.844148270785809,12.84515551570803,1.007244922220707,True,
2566,onnx_model_011,measure,12.844543252444783,12.845249824691564,12.846013826783746,0.7640020921826363,True,
2567,onnx_model_062,measure,12.851653578977018,12.852235442958772,12.853103512898088,0.8680699393153191,True,
2568,onnx_model_001,measure,12.853411410618325,12.854324734769762,12.855074749793857,0.7500150240957737,True,
2569,onnx_model_037,measure,12.857367492402734,12.858296293765306,12.860183621756732,1.887327991425991,True,
2570,onnx_model_011,measure,12.858328473343668,12.85867404192686,12.86058467393741,1.9106320105493069,True,
2571,onnx_model_084,measure,12.863413787247119,12.86381186870858,12.864507800899446,0.6959321908652782,True,
2572,onnx_model_010,measure,12.864661378518386,12.865736125968397,12.866527580656111,0.7914546877145767,True,
2573,onnx_model_072,measure,12.87144998843305,12.871752532664686,12.872568623628467,0.81609096378088,True,
2574,onnx_model_038,measure,12.879750896956178,12.880788528826088,12.881550907623023,0.7623787969350815,True,
2575,onnx_model_070,measure,12.88178575962472,12.882785253692418,12.883512967731804,0.7277140393853188,True,
2576,onnx_model_043,measure,12.895189045629971,12.895765768829733,12.896634108852595,0.8683400228619576,True,
2577,onnx_model_064,measure,12.896387063014764,12.89673125371337,12.897480177693069,0.7489239796996117,True,
2578,onnx_model_043,measure,12.898919607658257,12.89972570585087,12.900488084647804,0.7623787969350815,True,
2579,onnx_model_064,measure,12.902152148912197,12.902723483741283,12.903521430678666,0.7979469373822212,True,
2580,onnx_model_051,measure,12.903350029405988,12.903669091872871,12.904338093008846,0.6690011359751225,True,
2581,onnx_model_050,measure,12.908826778115477,12.909563846886158,12.910526265855879,0.962418969720602,True,
2582,onnx_model_055,measure,12.908877818882818,12.909740211907774,12.910669748671353,0.9295367635786533,True,
2583,onnx_model_091,measure,12.919486697615438,12.920892520807683,12.921758446842432,0.8659260347485542,True,
2584,onnx_model_056,measure,12.92842144310934,12.928988800849766,12.929991957731545,1.0031568817794323,True,
2585,onnx_model_067,measure,12.930454556843154,12.931211575865746,12.932078403886408,0.8668280206620693,True,
2586,onnx_model_044,measure,12.932251167927681,12.933296829927713,12.934075690805912,0.7788608781993389,True,
2587,onnx_model_067,measure,12.935287954944759,12.936298154760152,12.93722055759281,0.9224028326570988,True,
2588,onnx_model_024,measure,12.950165668804399,12.951451148837805,12.952559895813465,1.108746975660324,True,
2589,onnx_model_027,measure,12.950765324254293,12.95163078000769,12.953032213728875,1.4014337211847305,True,
2590,onnx_model_044,measure,12.951995096280141,12.952682458795607,12.953484393656254,0.8019348606467247,True,
2591,onnx_model_026,measure,12.956489671352635,12.956733729690313,12.957648889627308,0.9151599369943142,True,
2592,onnx_model_097,measure,12.959085094152094,12.959896561689675,12.960828925017267,0.9323633275926113,True,
2593,onnx_model_033,measure,12.959315028060194,12.960057247895747,12.960973769892007,0.9165219962596893,True,
2594,onnx_model_032,measure,12.965882724884995,12.96619403269142,12.967090286780149,0.89625408872962,True,
2595,onnx_model_072,measure,12.9714056362872,12.972376434598118,12.973286544904113,0.9101103059947491,True,
2596,onnx_model_090,measure,12.972546441210264,12.972767738625407,12.973530518822372,0.7627801969647408,True,
2597,onnx_model_075,measure,13.002254808663832,13.002717488911003,13.0033456729725,0.6281840614974499,True,
2598,onnx_model_057,measure,13.003306462105696,13.003439801745117,13.004099415615201,0.6596138700842857,True,
2599,onnx_model_089,measure,13.003429342077576,13.003657185006887,13.004165160935372,0.5079759284853935,True,
2600,onnx_model_030,measure,13.006449000134623,13.007326409686357,13.007988477591425,0.6620679050683975,True,
2601,onnx_model_017,measure,13.006896468354455,13.007422732654959,13.00810463866219,0.6819060072302818,True,
2602,onnx_model_026,measure,13.006966118836498,13.007509868592024,13.008081124629825,0.5712560378015041,True,
2603,onnx_model_076,measure,13.012408527148425,13.013256662990898,13.013714402914047,0.4577399231493473,True,
2604,onnx_model_071,measure,13.015977663166531,13.016867736820132,13.017373617738485,0.505880918353796,True,
2605,onnx_model_043,measure,13.017059135800745,13.0174302556552,13.017869059927762,0.4388042725622654,True,
2606,onnx_model_016,measure,13.017435445401324,13.017653229646385,13.018126398790628,0.47316914424300194,True,
2607,onnx_model_081,measure,13.021330039097696,13.022276808973402,13.022742252796888,0.46544382348656654,True,
2608,onnx_model_084,measure,13.02378907098216,13.024893211666495,13.025433548726141,0.5403370596468449,True,
2609,onnx_model_076,measure,13.032346346020333,13.032624878920615,13.033152631949633,0.5277530290186405,True,
2610,onnx_model_094,measure,13.034473795026802,13.035310874693096,13.035964697599411,0.6538229063153267,True,
2611,onnx_model_069,measure,13.034479949792287,13.035407477989793,13.035991247743368,0.583769753575325,True,
2612,onnx_model_077,measure,13.03748724425754,13.038169177714735,13.038703985046595,0.5348073318600655,True,
2613,onnx_model_061,measure,13.042012988277486,13.042861196678132,13.043333714827895,0.4725181497633457,True,
2614,onnx_model_068,measure,13.044920254677319,13.04551217565313,13.046046962030232,0.5347863771021366,True,
2615,onnx_model_025,measure,13.050800649567078,13.05123013490811,13.051793154794723,0.5630198866128922,True,
2616,onnx_model_028,measure,13.060572071439022,13.061953478958458,13.062459469772875,0.5059908144176006,True,
2617,onnx_model_078,measure,13.063424891270838,13.063615186605603,13.064290159847587,0.6749732419848442,True,
2618,onnx_model_048,measure,13.066813715140631,13.067508858628571,13.068175015039742,0.6661564111709595,True,
2619,onnx_model_070,measure,13.071863795702896,13.072392130736262,13.073129422962666,0.7372922264039516,True,
2620,onnx_model_034,measure,13.077166624333387,13.078317533712834,13.078922824934125,0.6052912212908268,True,
2621,onnx_model_095,measure,13.078525449710654,13.078995482996106,13.07948057493195,0.4850919358432293,True,
2622,onnx_model_097,measure,13.079070060254537,13.079236801713705,13.0797254210338,0.4886193200945854,True,
2623,onnx_model_036,measure,13.087066465756333,13.087915748823434,13.088728313799948,0.8125649765133858,True,
2624,onnx_model_030,measure,13.087561870844565,13.088043571915478,13.088819436728954,0.7758648134768009,True,
2625,onnx_model_019,measure,13.094312763760362,13.09505106182769,13.095762193668634,0.7111318409442902,True,
2626,onnx_model_029,measure,13.101430038114897,13.101983750704676,13.10275491559878,0.7711648941040039,True,
2627,onnx_model_026,measure,13.110925070386928,13.113022143021226,13.114078782033175,1.0566390119493008,True,
2628,onnx_model_063,measure,13.11279419643917,13.11322650173679,13.114194070920348,0.9675691835582256,True,
2629,onnx_model_049,measure,13.116197764113481,13.116423447616398,13.11727300286293,0.8495552465319633,True,
2630,onnx_model_050,measure,13.118947204573999,13.119499645661563,13.1203699298203,0.8702841587364674,True,
2631,onnx_model_059,measure,13.125340941862543,13.125599981751293,13.126542523037642,0.9425412863492966,True,
2632,onnx_model_038,measure,13.1254201614293,13.125784702599049,13.12669674679637,0.9120441973209381,True,
2633,onnx_model_065,measure,13.151987030171115,13.153923991601914,13.154732287861407,0.8082962594926357,True,
2634,onnx_model_090,measure,13.156081692764863,13.156974349636585,13.15785474376753,0.8803941309452057,True,
2635,onnx_model_027,measure,13.161315501476848,13.16207355260849,13.162882870994508,0.8093183860182762,True,
2636,onnx_model_038,measure,13.162641177084152,13.162978101987392,13.163850650656968,0.8725486695766449,True,
2637,onnx_model_035,measure,13.169306381412795,13.170085291843861,13.170993908774108,0.9086169302463531,True,
2638,onnx_model_074,measure,13.171606189797256,13.17221883777529,13.17311968980357,0.9008520282804966,True,
2639,onnx_model_062,measure,13.171739303265666,13.172379623632878,13.173295625019819,0.9160013869404793,True,
2640,onnx_model_076,measure,13.17386310617935,13.174520392902195,13.175774576608092,1.2541837058961391,True,
2641,onnx_model_097,measure,13.174032226379314,13.174694643821567,13.175842655822635,1.1480120010674,True,
2642,onnx_model_017,measure,13.17450479188672,13.175136212725192,13.175964066758752,0.8278540335595608,True,
2643,onnx_model_020,measure,13.182444534646201,13.183209709823132,13.184201995842159,0.9922860190272331,True,
2644,onnx_model_004,measure,13.182710859530706,13.183375875931233,13.184319970663637,0.9440947324037552,True,
2645,onnx_model_050,measure,13.184695950969829,13.185542814899236,13.186481419019401,0.9386041201651096,True,
2646,onnx_model_003,measure,13.185696378572677,13.185923958662897,13.186714892741293,0.7909340783953667,True,
2647,onnx_model_030,measure,13.193629677285932,13.193954684771597,13.194800321944058,0.845637172460556,True,
2648,onnx_model_048,measure,13.20049307612598,13.201027598697692,13.201920626685023,0.893027987331152,True,
2649,onnx_model_026,measure,13.206026744730325,13.207160708028823,13.207990985829383,0.8302778005599976,True,
2650,onnx_model_018,measure,13.208873909260614,13.2092121867463,13.210067342966795,0.8551562204957008,True,
2651,onnx_model_002,measure,13.212725458976394,13.21328950766474,13.214175250846893,0.8857431821525097,True,
2652,onnx_model_032,measure,13.219549072552617,13.220403379760683,13.221320362761617,0.916983000934124,True,
2653,onnx_model_000,measure,13.232863534903645,13.233545972034335,13.2344920206815,0.9460486471652985,True,
2654,onnx_model_038,measure,13.254034847639533,13.254733987618238,13.255682319868356,0.9483322501182556,True,
2655,onnx_model_028,measure,13.257645932833388,13.257908090949059,13.258786391001195,0.8783000521361828,True,
2656,onnx_model_035,measure,13.264576313511157,13.265018787700683,13.265892828814685,0.8740411140024662,True,
2657,onnx_model_037,measure,13.271579894991168,13.272116258740425,13.272959080990404,0.8428222499787807,True,
2658,onnx_model_045,measure,13.274243292946867,13.275179020594805,13.275973049923778,0.7940293289721012,True,
2659,onnx_model_079,measure,13.280941298339636,13.281193634029478,13.28196634259075,0.7727085612714291,True,
2660,onnx_model_028,measure,13.283788452008244,13.28421926498413,13.285059281624854,0.8400166407227516,True,
2661,onnx_model_031,measure,13.285521393304549,13.28628158569336,13.287105090916157,0.8235052227973938,True,
2662,onnx_model_057,measure,13.295249427691694,13.29732536803931,13.298128093592823,0.8027255535125732,True,
2663,onnx_model_062,measure,13.305022207710955,13.30535033158958,13.30617152294144,0.8211913518607616,True,
2664,onnx_model_043,measure,13.316252417383113,13.317398754879832,13.318454661872238,1.055906992405653,True,
2665,onnx_model_037,measure,13.316607543067878,13.31756088277325,13.318586211651564,1.025328878313303,True,
2666,onnx_model_057,measure,13.342758279629674,13.343886914663017,13.345152259804308,1.2653451412916183,True,
2667,onnx_model_054,measure,13.342897374788684,13.344086073804647,13.345215550623834,1.1294768191874027,True,
2668,onnx_model_059,measure,13.345944084275143,13.346463502850384,13.347394953947514,0.9314510971307755,True,
2669,onnx_model_014,measure,13.35247344660558,13.353644181974232,13.354576373938471,0.9321919642388821,True,
2670,onnx_model_097,measure,13.356542949410432,13.356803487986326,13.357676446903497,0.872958917170763,True,
2671,onnx_model_018,measure,13.371602340968183,13.371975898742676,13.373083363752812,1.107465010136366,True,
2672,onnx_model_037,measure,13.375470266402994,13.376387835014611,13.377346086781472,0.9582517668604851,True,
2673,onnx_model_088,measure,13.37742878525803,13.378582656849176,13.379547150805593,0.9644939564168453,True,
2674,onnx_model_058,measure,13.3888375328867,13.389777516946197,13.390663059893996,0.8855429477989674,True,
2675,onnx_model_086,measure,13.39401342093824,13.39489313075319,13.395790897775441,0.8977670222520828,True,
2676,onnx_model_095,measure,13.39729088556571,13.398015446029603,13.398902331944555,0.8868859149515629,True,
2677,onnx_model_056,measure,13.401392929584489,13.40212258277461,13.40296635683626,0.8437740616500378,True,
2678,onnx_model_033,measure,13.411047995400097,13.413193667773157,13.41421826602891,1.0245982557535172,True,
2679,onnx_model_089,measure,13.411971883438227,13.413356526754797,13.414330768864602,0.9742421098053455,True,
2680,onnx_model_015,measure,13.41755726851483,13.418570277746767,13.419423209037632,0.8529312908649445,True,
2681,onnx_model_078,measure,13.418771080978502,13.41896238271147,13.419760389719158,0.7980070076882839,True,
2682,onnx_model_014,measure,13.420592919551225,13.421003082767129,13.421833079773933,0.829997006803751,True,
2683,onnx_model_083,measure,13.434120116763568,13.436064601875842,13.436897334642708,0.832732766866684,True,
2684,onnx_model_027,measure,13.44250425491414,13.443120263982564,13.444127909839153,1.007645856589079,True,
2685,onnx_model_013,measure,13.443064997848069,13.443483624607325,13.444482412654907,0.9987880475819111,True,
2686,onnx_model_070,measure,13.443215117300753,13.443668836727738,13.444647596683353,0.9787599556148052,True,
2687,onnx_model_048,measure,13.447380223098085,13.447873649653047,13.44873411487788,0.8604652248322964,True,
2688,onnx_model_059,measure,13.45213802014322,13.452959236688912,13.453737545758486,0.7783090695738792,True,
2689,onnx_model_034,measure,13.478913328710195,13.480988856870681,13.48198744468391,0.9985878132283688,True,
2690,onnx_model_078,measure,13.484870814373734,13.485210260841995,13.486128175631166,0.9179147891700268,True,
2691,onnx_model_060,measure,13.490569879922464,13.491359670646489,13.492950904648751,1.591234002262354,True,
2692,onnx_model_067,measure,13.490887431032993,13.49151909397915,13.492903023958206,1.38392997905612,True,
2693,onnx_model_001,measure,13.491111071195858,13.491689306683838,13.492986352648586,1.2970459647476673,True,
2694,onnx_model_011,measure,13.491488465436506,13.49230251275003,13.493177806958556,0.8752942085266113,True,
2695,onnx_model_086,measure,13.498717952262327,13.499399943742901,13.500477411784232,1.077468041330576,True,
2696,onnx_model_098,measure,13.501872311662808,13.502723491750658,13.503923181910068,1.1996901594102383,True,
2697,onnx_model_062,measure,13.502294422915227,13.502888785675168,13.503813955001533,0.925169326364994,True,
2698,onnx_model_015,measure,13.530075358066885,13.53114688070491,13.5320198899135,0.8730092085897923,True,
2699,onnx_model_056,measure,13.534457580880542,13.535250330809504,13.53623557370156,0.9852428920567036,True,
2700,onnx_model_054,measure,13.543294547881402,13.544459716882557,13.545323157683015,0.8634408004581928,True,
2701,onnx_model_086,measure,13.546771693815101,13.54754674481228,13.54853622475639,0.9894799441099167,True,
2702,onnx_model_097,measure,13.54890626155238,13.549771202728152,13.550801791716367,1.0305889882147312,True,
2703,onnx_model_020,measure,13.549506586998339,13.549936376977712,13.550914986990392,0.9786100126802921,True,
2704,onnx_model_045,measure,13.551668159656492,13.55213182978332,13.553008786868304,0.8769570849835873,True,
2705,onnx_model_012,measure,13.55215436188957,13.552493216935545,13.553442841861397,0.9496249258518219,True,
2706,onnx_model_041,measure,13.559003234552069,13.559679717756808,13.560559639707208,0.8799219503998756,True,
2707,onnx_model_040,measure,13.563579233465335,13.56478910986334,13.566091686021537,1.302576158195734,True,
2708,onnx_model_094,measure,13.563838525048272,13.564952309709042,13.566582638770342,1.6303290612995625,True,
2709,onnx_model_070,measure,13.564069727988946,13.565101192798465,13.566646299790591,1.5451069921255112,True,
2710,onnx_model_021,measure,13.565821433699394,13.566192958969623,13.567100763786584,0.9078048169612885,True,
2711,onnx_model_091,measure,13.576619816088229,13.577321000862867,13.578293128870428,0.9721280075609684,True,
2712,onnx_model_081,measure,13.57894749577146,13.579536993987858,13.580404261592776,0.8672676049172878,True,
2713,onnx_model_033,measure,13.58091872430522,13.581641172990203,13.582636856008321,0.9956830181181431,True,
2714,onnx_model_057,measure,13.582869072863291,13.58386775571853,13.584719664882869,0.851909164339304,True,
2715,onnx_model_096,measure,13.583800587223237,13.584253950044513,13.585137088783085,0.8831387385725975,True,
2716,onnx_model_040,measure,13.591659340334374,13.592359456699342,13.593173063825816,0.8136071264743805,True,
2717,onnx_model_034,measure,13.606757080116209,13.607402010820806,13.608405448962003,1.0034381411969662,True,
2718,onnx_model_000,measure,13.608163517506343,13.60850257286802,13.609370482619852,0.8679097518324852,True,
2719,onnx_model_012,measure,13.611533526160407,13.6125927278772,13.6134641347453,0.8714068681001663,True,
2720,onnx_model_071,measure,13.628043844957292,13.628723700996488,13.629701118916273,0.9774179197847843,True,
2721,onnx_model_092,measure,13.636397225998195,13.636924679856747,13.637824679724872,0.8999998681247234,True,
2722,onnx_model_030,measure,13.652836530018815,13.654047737829387,13.654897793661803,0.8500558324158192,True,
2723,onnx_model_067,measure,13.655815311731626,13.656118353828788,13.656945225782692,0.8268719539046288,True,
2724,onnx_model_093,measure,13.659506387874268,13.660166629590094,13.661053956020623,0.887326430529356,True,
2725,onnx_model_045,measure,13.664451457561334,13.665273937862366,13.666035785805434,0.7618479430675507,True,
2726,onnx_model_091,measure,13.673425589025658,13.67426297487691,13.675083674956113,0.820700079202652,True,
2727,onnx_model_013,measure,13.681671629714959,13.682336451020092,13.683162520639598,0.8260696195065975,True,
2728,onnx_model_073,measure,13.684361931349573,13.685396657790989,13.686253336723894,0.8566789329051971,True,
2729,onnx_model_033,measure,13.697763706096916,13.69848635001108,13.699466432910413,0.9800828993320465,True,
2730,onnx_model_096,measure,13.697946356222054,13.698671351652592,13.699580159038305,0.908807385712862,True,
2731,onnx_model_019,measure,13.709964840147105,13.710809604730457,13.711680559907109,0.8709551766514778,True,
2732,onnx_model_061,measure,13.713104220859293,13.71390528883785,13.714812373742461,0.9070849046111107,True,
2733,onnx_model_048,measure,13.715721339676936,13.716033153701574,13.7168497457169,0.8165920153260231,True,
2734,onnx_model_009,measure,13.717781096776198,13.718068753834814,13.718949978705496,0.8812248706817627,True,
2735,onnx_model_083,measure,13.721941036659615,13.722171471919864,13.723024042788893,0.8525708690285683,True,
2736,onnx_model_012,measure,13.727396345994613,13.728246049024165,13.729159725829959,0.913676805794239,True,
2737,onnx_model_011,measure,13.729488264539361,13.730378221720457,13.731335431803018,0.9572100825607777,True,
2738,onnx_model_034,measure,13.730709021808062,13.731432796921581,13.732407518662512,0.9747217409312725,True,
2739,onnx_model_062,measure,13.73121820566929,13.731594563927501,13.7325375569053,0.9429929777979851,True,
2740,onnx_model_010,measure,13.735695922328858,13.736763258930296,13.737761506810784,0.9982478804886341,True,
2741,onnx_model_009,measure,13.736247274236817,13.73692406481132,13.737910609692335,0.986544881016016,True,
2742,onnx_model_022,measure,13.744370234367674,13.745136084966362,13.74601302202791,0.876937061548233,True,
2743,onnx_model_053,measure,13.751442421501169,13.752245438750833,13.75322120403871,0.9757652878761292,True,
2744,onnx_model_003,measure,13.752520923001306,13.753316424787045,13.754214150831103,0.8977260440587997,True,
2745,onnx_model_074,measure,13.753331168295043,13.753689863719046,13.75454997876659,0.860115047544241,True,
2746,onnx_model_029,measure,13.754616951038075,13.75576738268137,13.756816767621785,1.0493849404156208,True,
2747,onnx_model_090,measure,13.754768074924238,13.755929170642048,13.756943529006094,1.01435836404562,True,
2748,onnx_model_092,measure,13.761979836088372,13.763179502915591,13.763974403962493,0.7949010469019413,True,
2749,onnx_model_071,measure,13.772404452893252,13.774195792619139,13.77511840686202,0.9226142428815365,True,
2750,onnx_model_004,measure,13.7750996372719,13.77526612766087,13.776079082861543,0.8129552006721497,True,
2751,onnx_model_031,measure,13.778465340825225,13.779301838949323,13.780184546951205,0.8827080018818378,True,
2752,onnx_model_099,measure,13.786877938323874,13.787419118918478,13.788396105635911,0.9769867174327374,True,
2753,onnx_model_012,measure,13.788372638864466,13.78854479873553,13.789438497740775,0.8936990052461624,True,
2754,onnx_model_046,measure,13.78946390884031,13.790672572795302,13.791898773983121,1.2262011878192425,True,
2755,onnx_model_076,measure,13.789545032372407,13.790835452731699,13.791942857671529,1.1074049398303032,True,
2756,onnx_model_033,measure,13.790591425301601,13.791272132657468,13.792462615761906,1.1904831044375896,True,
2757,onnx_model_057,measure,13.791924560210218,13.79211698891595,13.793043138924986,0.9261500090360641,True,
2758,onnx_model_003,measure,13.8053227952683,13.807264031842351,13.808194670826197,0.9306389838457108,True,
2759,onnx_model_082,measure,13.807712416573889,13.808292916975915,13.809475915972143,1.1829989962279797,True,
2760,onnx_model_076,measure,13.807899608291535,13.808453883044422,13.809521061833948,1.0671787895262241,True,
2761,onnx_model_056,measure,13.810750233887823,13.81175552867353,13.812575828749686,0.8203000761568546,True,
2762,onnx_model_066,measure,13.813707913978888,13.814798372797668,13.815650983713567,0.8526109158992767,True,
2763,onnx_model_085,measure,13.819820392258261,13.82087442278862,13.821655036881566,0.7806140929460526,True,
2764,onnx_model_096,measure,13.829195962274554,13.829876594711095,13.830656847916543,0.780253205448389,True,
2765,onnx_model_034,measure,13.832116467515663,13.832878911867738,13.835993732791394,3.114820923656225,True,
2766,onnx_model_060,measure,13.83874030283725,13.839213362894952,13.840134022757411,0.9206598624587059,True,
2767,onnx_model_096,measure,13.849449558597044,13.85035349894315,13.851371503900737,1.0180049575865269,True,
2768,onnx_model_024,measure,13.856995913515766,13.857637885026634,13.85854603163898,0.9081466123461723,True,
2769,onnx_model_086,measure,13.857549600628767,13.858025651890785,13.85896709188819,0.9414399974048138,True,
2770,onnx_model_091,measure,13.860359737909686,13.861211748793721,13.86213924176991,0.9274929761886597,True,
2771,onnx_model_048,measure,13.864111555045268,13.864363469649106,13.865365313831717,1.0018441826105118,True,
2772,onnx_model_050,measure,13.86586552771532,13.866586174815893,13.867518126033247,0.931951217353344,True,
2773,onnx_model_088,measure,13.86741282918101,13.86770038260147,13.868681547697634,0.9811650961637497,True,
2774,onnx_model_092,measure,13.867657887931632,13.868074364028871,13.869039597921073,0.9652338922023773,True,
2775,onnx_model_026,measure,13.870743492082788,13.871256893035024,13.872087521944195,0.8306289091706276,True,
2776,onnx_model_093,measure,13.872317738004934,13.873325484804809,13.874222980812192,0.8974960073828697,True,
2777,onnx_model_052,measure,13.875461544564345,13.876460143830627,13.877245025709271,0.784881878644228,True,
2778,onnx_model_023,measure,13.880560408260928,13.88147041760385,13.882446893956512,0.9764763526618481,True,
2779,onnx_model_007,measure,13.880897766684479,13.881651982665062,13.882594473659992,0.9424909949302673,True,
2780,onnx_model_068,measure,13.892871977481676,13.89383342768997,13.894675989635289,0.8425619453191757,True,
2781,onnx_model_071,measure,13.909650352121401,13.909900789614767,13.910802023019642,0.9012334048748016,True,
2782,onnx_model_025,measure,13.911870324769572,13.913039976730943,13.914191946852952,1.1519701220095158,True,
2783,onnx_model_047,measure,13.912917441490722,13.913198858965188,13.914352832827717,1.153973862528801,True,
2784,onnx_model_006,measure,13.912970884644286,13.913650547619909,13.914844947867095,1.1944002471864223,True,
2785,onnx_model_093,measure,13.914162347477623,13.914469363633543,13.915374013595283,0.9046499617397785,True,
2786,onnx_model_000,measure,13.925397252729349,13.926597777754068,13.927507116924971,0.9093391709029675,True,
2787,onnx_model_065,measure,13.929858122876269,13.93073988193646,13.931662956718355,0.9230747818946838,True,
2788,onnx_model_039,measure,13.932305110242714,13.932883005589247,13.933865593746305,0.9825881570577621,True,
2789,onnx_model_026,measure,13.93367157359587,13.933961244765669,13.934862898662686,0.9016538970172405,True,
2790,onnx_model_019,measure,13.934275927098492,13.934958321042359,13.935881044715643,0.9227236732840538,True,
2791,onnx_model_040,measure,13.93857730760831,13.939104100689292,13.939906956627965,0.8028559386730194,True,
2792,onnx_model_060,measure,13.939386740787452,13.940004221629351,13.940896948799491,0.8927271701395512,True,
2793,onnx_model_000,measure,13.9543724024162,13.955130354966968,13.955977935809642,0.8475808426737785,True,
2794,onnx_model_017,measure,13.957822422480739,13.958199518732727,13.959014808759093,0.8152900263667107,True,
2795,onnx_model_076,measure,13.960016462309074,13.960235558915883,13.96105728065595,0.8217217400670052,True,
2796,onnx_model_080,measure,13.963527836756905,13.96427795290947,13.965138508938253,0.8605560287833214,True,
2797,onnx_model_060,measure,13.964897634358552,13.965233769733459,13.966123681981117,0.8899122476577759,True,
2798,onnx_model_056,measure,13.969166230788264,13.970344624947757,13.971204479690641,0.8598547428846359,True,
2799,onnx_model_030,measure,13.975279063994627,13.976427337620407,13.977246464695781,0.8191270753741264,True,
2800,onnx_model_099,measure,13.987555401330741,13.98848919570446,13.989389596972615,0.9004012681543827,True,
2801,onnx_model_043,measure,13.992689115966293,13.993657890707254,13.994514398742467,0.8565080352127552,True,
2802,onnx_model_073,measure,13.99898747831519,13.999774567782879,14.000703112687916,0.9285449050366879,True,
2803,onnx_model_022,measure,13.999217070998142,13.999937406741083,14.000831476878375,0.8940701372921467,True,
2804,onnx_model_062,measure,14.000793380190931,14.000994485802948,14.001893314998597,0.8988291956484318,True,
2805,onnx_model_022,measure,14.00528795848125,14.006119427736849,14.0071105719544,0.9911442175507545,True,
2806,onnx_model_007,measure,14.010079080210929,14.010332205798477,14.011239300947636,0.9070951491594315,True,
2807,onnx_model_093,measure,14.011718012361378,14.012458136770874,14.013420826755464,0.9626899845898151,True,
2808,onnx_model_076,measure,14.022853485322768,14.023656903766096,14.024549901951104,0.8929981850087643,True,
2809,onnx_model_029,measure,14.034582734824957,14.035771602764726,14.036775901913643,1.0042991489171982,True,
2810,onnx_model_026,measure,14.042051147926614,14.042998109944165,14.043906696606427,0.9085866622626781,True,
2811,onnx_model_096,measure,14.04429257622922,14.045127065852284,14.046124291606247,0.9972257539629936,True,
2812,onnx_model_074,measure,14.047800627575707,14.048352167010307,14.049398084636778,1.0459176264703274,True,
2813,onnx_model_052,measure,14.048204448466828,14.048513554036617,14.049544943962246,1.0313899256289005,True,
2814,onnx_model_050,measure,14.062384346301995,14.063772859983146,14.064839988015592,1.0671280324459076,True,
2815,onnx_model_029,measure,14.063253736514934,14.063934457022697,14.064966227859259,1.0317708365619183,True,
2816,onnx_model_029,measure,14.068876687289789,14.069220704957843,14.070133931003511,0.9132260456681252,True,
2817,onnx_model_098,measure,14.085174512041167,14.08637433173135,14.087637542746961,1.263211015611887,True,
2818,onnx_model_024,measure,14.085206765329726,14.086534827016294,14.087898949626833,1.364122610539198,True,
2819,onnx_model_028,measure,14.085583058023799,14.086702866014093,14.08776960382238,1.0667378082871437,True,
2820,onnx_model_023,measure,14.089320060462532,14.09013901790604,14.091164737939835,1.0257200337946415,True,
2821,onnx_model_035,measure,14.09503322457019,14.095387203618884,14.096305819693953,0.9186160750687122,True,
2822,onnx_model_016,measure,14.097945634696762,14.098527062684298,14.099547712597996,1.0206499136984348,True,
2823,onnx_model_071,measure,14.098856285566114,14.099681516643614,14.100640860851854,0.959344208240509,True,
2824,onnx_model_030,measure,14.102745704564494,14.103867212776095,14.104836646001786,0.9694332256913185,True,
2825,onnx_model_004,measure,14.106485715094914,14.107055022846907,14.107956295832992,0.9012729860842228,True,
2826,onnx_model_044,measure,14.108500613226632,14.109174541663378,14.110101263970137,0.9267223067581654,True,
2827,onnx_model_087,measure,14.115024797363896,14.11531990300864,14.11607225285843,0.7523498497903347,True,
2828,onnx_model_055,measure,14.118871138157065,14.119310648646206,14.120315578766167,1.0049301199615002,True,
2829,onnx_model_080,measure,14.11968551447076,14.1204116018489,14.121242130640894,0.8305287919938564,True,
2830,onnx_model_094,measure,14.12070433246833,14.121336469892412,14.122238765005022,0.9022951126098633,True,
2831,onnx_model_077,measure,14.124781710559674,14.12545761372894,14.126303701661527,0.8460879325866699,True,
2832,onnx_model_063,measure,14.133244021398045,14.133521531708539,14.134422343689948,0.9008119814097881,True,
2833,onnx_model_006,measure,14.147225515076173,14.148656841833144,14.149625112768263,0.9682709351181984,True,
2834,onnx_model_048,measure,14.150121826551034,14.150842035654932,14.151738459710032,0.8964240550994873,True,
2835,onnx_model_085,measure,14.152745971388281,14.152954320888966,14.153771674726158,0.8173538371920586,True,
2836,onnx_model_083,measure,14.155758769005853,14.155995402019471,14.156883699819446,0.88829779997468,True,
2837,onnx_model_052,measure,14.15576478222188,14.156155776698142,14.157007715664804,0.8519389666616917,True,
2838,onnx_model_025,measure,14.159759257807035,14.160262422636151,14.161169346887618,0.9069242514669895,True,
2839,onnx_model_071,measure,14.164321145314906,14.165389357600361,14.166331438813359,0.9420812129974365,True,
2840,onnx_model_054,measure,14.170672980221589,14.171554216649383,14.172450931742787,0.8967150934040546,True,
2841,onnx_model_010,measure,14.17511014151066,14.175683706998825,14.176580500788987,0.8967937901616096,True,
2842,onnx_model_011,measure,14.17756509688727,14.177760944701731,14.178629385773093,0.8684410713613033,True,
2843,onnx_model_053,measure,14.178116223647525,14.178725678939372,14.179660466033965,0.9347870945930481,True,
2844,onnx_model_059,measure,14.19198277187442,14.193902547936887,14.194745660759509,0.8431128226220608,True,
2845,onnx_model_067,measure,14.19485651587138,14.195977742783725,14.196840572636575,0.8628298528492451,True,
2846,onnx_model_094,measure,14.210177511912338,14.211061845999211,14.211886151693761,0.8243056945502758,True,
2847,onnx_model_083,measure,14.221488241860591,14.222124533727765,14.222917110659182,0.7925769314169884,True,
2848,onnx_model_079,measure,14.222874995892672,14.223065552767366,14.223749121651053,0.6835688836872578,True,
2849,onnx_model_068,measure,14.232971267163073,14.233977073803544,14.23473127791658,0.7542041130363941,True,
2850,onnx_model_084,measure,14.242775105498195,14.24495514202863,14.24571022670716,0.755084678530693,True,
2851,onnx_model_047,measure,14.250274524071441,14.250936491880566,14.251792568713427,0.8560768328607082,True,
2852,onnx_model_079,measure,14.250492106110743,14.251096415799111,14.251931953709573,0.8355379104614258,True,
2853,onnx_model_091,measure,14.254104917048375,14.255156222730875,14.255986121017486,0.8298982866108418,True,
2854,onnx_model_003,measure,14.25504789426314,14.25531475385651,14.256109254900366,0.794501043856144,True,
2855,onnx_model_064,measure,14.26349062801859,14.264331393875182,14.265093551948667,0.7621580734848976,True,
2856,onnx_model_034,measure,14.265773346986357,14.266313490923494,14.266987702809274,0.674211885780096,True,
2857,onnx_model_054,measure,14.268686410628618,14.269213493913412,14.270133141893893,0.9196479804813862,True,
2858,onnx_model_086,measure,14.269060560205471,14.269379078876227,14.270255544688553,0.8764658123254776,True,
2859,onnx_model_059,measure,14.270990166405467,14.271472487598658,14.27219911897555,0.7266313768923283,True,
2860,onnx_model_028,measure,14.27669049704081,14.277420213911682,14.27814915869385,0.7289447821676731,True,
2861,onnx_model_041,measure,14.27989904248702,14.280400688759983,14.281212541740388,0.8118529804050922,True,
2862,onnx_model_006,measure,14.29407315244834,14.295438583940268,14.296358081977814,0.9194980375468731,True,
2863,onnx_model_059,measure,14.301172962800518,14.301578626036644,14.302566452883184,0.9878268465399742,True,
2864,onnx_model_019,measure,14.303911420923571,14.304786963853985,14.30565447267145,0.8675088174641132,True,
2865,onnx_model_079,measure,14.312520717804693,14.312878384720534,14.313781290780753,0.902906060218811,True,
2866,onnx_model_015,measure,14.314637958362072,14.314998365007341,14.315877936780453,0.8795717731118202,True,
2867,onnx_model_098,measure,14.319644552730535,14.320110331755131,14.321145188994706,1.034857239574194,True,
2868,onnx_model_083,measure,14.325923803479807,14.326368667650968,14.327238040976226,0.8693733252584934,True,
2869,onnx_model_045,measure,14.330305695126807,14.331461638677865,14.332373511977494,0.9118732996284962,True,
2870,onnx_model_047,measure,14.332229214025807,14.33250697562471,14.33338060695678,0.8736313320696354,True,
2871,onnx_model_060,measure,14.344227240828367,14.344603279605508,14.348731436766684,4.128157161176205,True,
2872,onnx_model_069,measure,14.345866997387704,14.347088693641126,14.348581110592932,1.4924169518053532,True,
2873,onnx_model_032,measure,14.357350582537693,14.358952485024929,14.359922668896616,0.9701838716864586,True,
2874,onnx_model_081,measure,14.35918572648011,14.360018340870738,14.360985409934074,0.9670690633356571,True,
2875,onnx_model_061,measure,14.369287372174137,14.371209925040603,14.372162324842066,0.9523998014628887,True,
2876,onnx_model_034,measure,14.371849966760974,14.372256183996797,14.373222590889782,0.9664068929851055,True,
2877,onnx_model_002,measure,14.380768249977132,14.38144707493484,14.382296508643776,0.849433708935976,True,
2878,onnx_model_021,measure,14.390276920430962,14.390521874651313,14.391501015983522,0.9791413322091103,True,
2879,onnx_model_085,measure,14.392073582673193,14.392746382858604,14.393629741854966,0.8833589963614941,True,
2880,onnx_model_020,measure,14.396954562424588,14.397854442708194,14.39883145969361,0.9770169854164124,True,
2881,onnx_model_037,measure,14.401206640127805,14.402055589016527,14.403008739929646,0.9531509131193161,True,
2882,onnx_model_011,measure,14.405663064025276,14.406267955899239,14.40723367081955,0.9657149203121662,True,
2883,onnx_model_034,measure,14.416267769110183,14.417489796876907,14.41852156771347,1.0317708365619183,True,
2884,onnx_model_037,measure,14.416853668786215,14.417688493616879,14.418645723722875,0.9572301059961319,True,
2885,onnx_model_064,measure,14.41974222815868,14.420893906615674,14.42201465787366,1.1207512579858303,True,
2886,onnx_model_093,measure,14.419974264793462,14.421054923906922,14.422229806892574,1.174882985651493,True,
2887,onnx_model_057,measure,14.420066218653337,14.421199407894164,14.422171615995467,0.9722081013023853,True,
2888,onnx_model_022,measure,14.438310339891546,14.439450811594725,14.440383854787797,0.9330431930720806,True,
2889,onnx_model_002,measure,14.446632511012984,14.447605371940881,14.448498459998518,0.8930880576372147,True,
2890,onnx_model_086,measure,14.449239681764574,14.449730101041496,14.450637044850737,0.9069438092410564,True,
2891,onnx_model_034,measure,14.449773101539629,14.450084846001118,14.451051773969084,0.9669279679656029,True,
2892,onnx_model_018,measure,14.450920305399734,14.451182211749256,14.452076561748981,0.8943499997258186,True,
2893,onnx_model_005,measure,14.458533908251948,14.459298769943416,14.460290935821831,0.9921658784151077,True,
2894,onnx_model_041,measure,14.46211597453645,14.462510734796524,14.463590357918292,1.0796231217682362,True,
2895,onnx_model_024,measure,14.465238166113927,14.46582209970802,14.466803845949471,0.9817462414503098,True,
2896,onnx_model_027,measure,14.46766040108635,14.468024175614119,14.468860705848783,0.8365302346646786,True,
2897,onnx_model_024,measure,14.476970153912587,14.479088476859033,14.480233884882182,1.145408023148775,True,
2898,onnx_model_046,measure,14.47871178492543,14.479248201008886,14.480341789778322,1.0935887694358826,True,
2899,onnx_model_017,measure,14.482842054149444,14.483560677617788,14.484441572800279,0.8808951824903488,True,
2900,onnx_model_042,measure,14.48424235209782,14.48456043889746,14.485578483901918,1.0180450044572353,True,
2901,onnx_model_027,measure,14.485076181294925,14.485689494758844,14.486510014627129,0.8205198682844639,True,
2902,onnx_model_088,measure,14.485881816595137,14.48605114268139,14.486941624898463,0.8904822170734406,True,
2903,onnx_model_005,measure,14.498679527172587,14.49921093787998,14.500104836653918,0.8938987739384174,True,
2904,onnx_model_084,measure,14.500125166315907,14.501322941854596,14.502262096852064,0.9391549974679947,True,
2905,onnx_model_068,measure,14.511754362922293,14.512489617802203,14.513788977637887,1.2993598356842995,True,
2906,onnx_model_021,measure,14.511956359975096,14.512678597588092,14.513653149828315,0.9745522402226925,True,
2907,onnx_model_080,measure,14.515910060827885,14.517008016817272,14.517933936789632,0.9259199723601341,True,
2908,onnx_model_056,measure,14.517641875954176,14.518029608763754,14.518974845763296,0.9452369995415211,True,
2909,onnx_model_022,measure,14.519119292316136,14.520194042939693,14.52101868065074,0.8246377110481262,True,
2910,onnx_model_066,measure,14.530159592217174,14.531238086987287,14.53222906962037,0.9909826330840588,True,
2911,onnx_model_027,measure,14.537904165298905,14.538450325839221,14.539275734685361,0.8254088461399078,True,
2912,onnx_model_062,measure,14.540305272391597,14.54150822898373,14.542493661865592,0.9854328818619251,True,
2913,onnx_model_025,measure,14.542406622850152,14.542649096809328,14.543559116777033,0.9100199677050114,True,
2914,onnx_model_074,measure,14.56183085037421,14.562787157017738,14.563788600731641,1.0014437139034271,True,
2915,onnx_model_055,measure,14.565318657418894,14.566006486769766,14.566887961700559,0.881474930793047,True,
2916,onnx_model_014,measure,14.57201989916522,14.573119627777487,14.574102916754782,0.9832889772951603,True,
2917,onnx_model_071,measure,14.575383834775565,14.576324789784849,14.577217186801136,0.89239701628685,True,
2918,onnx_model_022,measure,14.581675565092354,14.582456174772233,14.583644012920558,1.1878381483256817,True,
2919,onnx_model_063,measure,14.582564153983354,14.582839152775705,14.583771304693073,0.9321519173681736,True,
2920,onnx_model_002,measure,14.583601548679985,14.583900169935077,14.584782497026026,0.8823270909488201,True,
2921,onnx_model_074,measure,14.58830372789713,14.58900690684095,14.590012848842889,1.0059420019388199,True,
2922,onnx_model_041,measure,14.591401183824665,14.592233069706708,14.59310872387141,0.8756541647017002,True,
2923,onnx_model_044,measure,14.593010414139304,14.593249771744013,14.594234874937683,0.9851031936705112,True,
2924,onnx_model_094,measure,14.598892212454711,14.59945398569107,14.600349507760257,0.8955220691859722,True,
2925,onnx_model_084,measure,14.601890891431898,14.60258653992787,14.603569538798183,0.9829988703131676,True,
2926,onnx_model_093,measure,14.60501612284614,14.605790270026773,14.606700810603797,0.9105405770242214,True,
2927,onnx_model_058,measure,14.60661206569809,14.606848561670631,14.607759232632816,0.9106709621846676,True,
2928,onnx_model_017,measure,14.61532095270518,14.615977915003896,14.61687966901809,0.9017540141940117,True,
2929,onnx_model_063,measure,14.61972675118944,14.620101723819971,14.621029497589916,0.9277737699449062,True,
2930,onnx_model_037,measure,14.62257957058418,14.623253835830837,14.624177983030677,0.9241471998393536,True,
2931,onnx_model_010,measure,14.625580731389917,14.626404304988682,14.627603814937174,1.1995099484920502,True,
2932,onnx_model_071,measure,14.625632613496053,14.62656795559451,14.627758939750493,1.1909841559827328,True,
2933,onnx_model_065,measure,14.632971234992425,14.633982619736344,14.634847353678197,0.8647339418530464,True,
2934,onnx_model_072,measure,14.634120338174746,14.63435473665595,14.635231313761324,0.8765771053731441,True,
2935,onnx_model_051,measure,14.63619166488349,14.636461150832474,14.637306968681514,0.8458178490400314,True,
2936,onnx_model_067,measure,14.641600781486423,14.642531801015139,14.643332692794502,0.8008917793631554,True,
2937,onnx_model_087,measure,14.648393034723222,14.649577743839473,14.65049254288897,0.9147990494966507,True,
2938,onnx_model_089,measure,14.650848941399651,14.6517269089818,14.652657888829708,0.93097984790802,True,
2939,onnx_model_003,measure,14.65136279730147,14.651886533014476,14.652806811966002,0.9202789515256882,True,
2940,onnx_model_060,measure,14.65292121257673,14.654023034032434,14.654854153748602,0.83111971616745,True,
2941,onnx_model_030,measure,14.665544032934207,14.666103105992079,14.666984342038631,0.8812360465526581,True,
2942,onnx_model_084,measure,14.668695213439733,14.669209631625563,14.670015923678875,0.8062920533120632,True,
2943,onnx_model_083,measure,14.67668902819516,14.677238123025745,14.677990031894296,0.7519088685512543,True,
2944,onnx_model_026,measure,14.682284370275879,14.68321041483432,14.684046423994005,0.8360091596841812,True,
2945,onnx_model_003,measure,14.688202628485866,14.689268881920725,14.690142531879246,0.8736499585211277,True,
2946,onnx_model_074,measure,14.68953855920784,14.690251769963652,14.69108510389924,0.8333339355885983,True,
2947,onnx_model_025,measure,14.698782104417688,14.699307192582637,14.700098336674273,0.7911440916359425,True,
2948,onnx_model_033,measure,14.701376796405189,14.70231876662001,14.703099521808326,0.7807551883161068,True,
2949,onnx_model_011,measure,14.703877197057967,14.7043174370192,14.705054186750203,0.7367497310042381,True,
2950,onnx_model_011,measure,14.70650948332578,14.707276180852205,14.708026797976345,0.7506171241402626,True,
2951,onnx_model_067,measure,14.713182542008505,14.71424701064825,14.715001394972205,0.7543843239545822,True,
2952,onnx_model_087,measure,14.735686663439983,14.736254384741187,14.737038604915142,0.7842201739549637,True,
2953,onnx_model_013,measure,14.739283927765795,14.740288642700762,14.741126515902579,0.8378732018172741,True,
2954,onnx_model_095,measure,14.743518609840237,14.744350012857467,14.745208284817636,0.8582719601690769,True,
2955,onnx_model_005,measure,14.749083570280177,14.749431421980262,14.750258374027908,0.8269520476460457,True,
2956,onnx_model_033,measure,14.753316427105428,14.754483434837312,14.7553098956123,0.826460774987936,True,
2957,onnx_model_055,measure,14.756926248459147,14.75754202902317,14.75868102395907,1.138994935899973,True,
2958,onnx_model_023,measure,14.757341079098506,14.75772326393053,14.758933373726904,1.2101097963750362,True,
2959,onnx_model_038,measure,14.757369233044809,14.757868589833379,14.758812593761832,0.9440039284527302,True,
2960,onnx_model_082,measure,14.759140132444234,14.760145778767765,14.761085444595665,0.9396658279001713,True,
2961,onnx_model_092,measure,14.773933334663862,14.775305705610663,14.776244920678437,0.9392150677740574,True,
2962,onnx_model_005,measure,14.77841086852272,14.779468999709934,14.780455233994871,0.9862342849373817,True,
2963,onnx_model_095,measure,14.79180312619794,14.792689649853855,14.793680703733116,0.9910538792610168,True,
2964,onnx_model_076,measure,14.805003243136428,14.805907875765115,14.806810752023011,0.9028762578964233,True,
2965,onnx_model_062,measure,14.807961873024599,14.80904941773042,14.810142064932734,1.0926472023129463,True,
2966,onnx_model_094,measure,14.808396404840991,14.809208360034972,14.810271019581705,1.0626595467329025,True,
2967,onnx_model_085,measure,14.822555148246918,14.824493273627013,14.825298474635929,0.8052010089159012,True,
2968,onnx_model_056,measure,14.82540227789158,14.826517703011632,14.827499328646809,0.981625635176897,True,
2969,onnx_model_011,measure,14.829702864974267,14.830732533708215,14.831670457031578,0.9379233233630657,True,
2970,onnx_model_069,measure,14.833547683169876,14.833893292583525,14.834808361716568,0.9150691330432892,True,
2971,onnx_model_019,measure,14.838264910872825,14.839027361944318,14.839964163023978,0.9368010796606541,True,
2972,onnx_model_028,measure,14.840373099800782,14.841182278003544,14.842133545782417,0.9512677788734436,True,
2973,onnx_model_095,measure,14.845827762346312,14.846358676906675,14.847249740734696,0.8910638280212879,True,
2974,onnx_model_012,measure,14.850641800874298,14.851496944669634,14.852535438723862,1.0384940542280674,True,
2975,onnx_model_044,measure,14.852960931826258,14.853757731616497,14.854698740877211,0.9410092607140541,True,
2976,onnx_model_035,measure,14.857241997662879,14.857925483956933,14.858899124898016,0.9736409410834312,True,
2977,onnx_model_055,measure,14.859532169941003,14.860120967961848,14.861166103743017,1.0451357811689377,True,
2978,onnx_model_067,measure,14.859802049450598,14.860283295623958,14.861276103649288,0.9928080253303051,True,
2979,onnx_model_076,measure,14.861916173331911,14.862506703007966,14.863421701826155,0.9149988181889057,True,
2980,onnx_model_056,measure,14.865732545185764,14.866663493681699,14.867599492892623,0.9359992109239101,True,
2981,onnx_model_033,measure,14.868105891910618,14.868834039662033,14.869660931639373,0.826891977339983,True,
2982,onnx_model_042,measure,14.874306793165,14.87488365964964,14.87650493066758,1.6212710179388523,True,
2983,onnx_model_061,measure,14.87777151302892,14.878742213826627,14.87966028880328,0.9180749766528606,True,
2984,onnx_model_078,measure,14.882822190435348,14.883902242872864,14.884956726804376,1.0544839315116405,True,
2985,onnx_model_063,measure,14.883879018141602,14.8842624980025,14.885091673582792,0.8291755802929401,True,
2986,onnx_model_064,measure,14.889552293130464,14.890344187617302,14.891305504832417,0.9613172151148319,True,
2987,onnx_model_060,measure,14.890126821666898,14.89050827967003,14.891765038948506,1.2567592784762383,True,
2988,onnx_model_052,measure,14.890981821854636,14.89140195865184,14.892272913828492,0.8709551766514778,True,
2989,onnx_model_060,measure,14.893907177835594,14.894495768938214,14.895338390953839,0.8426220156252384,True,
2990,onnx_model_086,measure,14.904808701634668,14.905564188957214,14.90638174302876,0.8175540715456009,True,
2991,onnx_model_000,measure,14.909492700346982,14.910604669712484,14.911504951771349,0.9002820588648319,True,
2992,onnx_model_096,measure,14.917302900613274,14.917741455603391,14.918602703604847,0.8612480014562607,True,
2993,onnx_model_095,measure,14.928221628530167,14.9288424779661,14.929825936909765,0.9834589436650276,True,
2994,onnx_model_098,measure,14.937570965723138,14.938051332719624,14.939026485662907,0.9751529432833195,True,
2995,onnx_model_083,measure,14.940431428900064,14.941247307695448,14.942191693000495,0.9443853050470352,True,
2996,onnx_model_047,measure,14.942977200327057,14.943411390762776,14.944360504858196,0.9491140954196453,True,
2997,onnx_model_096,measure,14.957593271756414,14.958585715852678,14.959666430018842,1.0807141661643982,True,
2998,onnx_model_078,measure,14.965862598562211,14.966907314024866,14.967866777908057,0.9594638831913471,True,
2999,onnx_model_026,measure,14.970535899749644,14.97109012492001,14.972083664033562,0.9935391135513783,True,
3000,onnx_model_040,measure,14.972207884231487,14.97330633783713,14.974180338904262,0.8740010671317577,True,
3001,onnx_model_041,measure,14.984370131767573,14.985405065584928,14.986366472672671,0.9614070877432823,True,
3002,onnx_model_011,measure,14.994054760098964,14.99459313089028,14.995547033846378,0.9539029560983181,True,
3003,onnx_model_037,measure,14.995094481344749,14.99565989896655,14.99659990472719,0.9400057606399059,True,
3004,onnx_model_003,measure,14.996381662552036,14.996709984727204,14.997600286733359,0.8903020061552525,True,
3005,onnx_model_067,measure,14.997706823406537,14.998838540632278,14.999697193037719,0.8586524054408073,True,
3006,onnx_model_015,measure,14.99963678424383,14.99984799977392,15.000660052988678,0.8120532147586346,True,
3007,onnx_model_010,measure,15.001190234975484,15.001897134818137,15.002652309834957,0.7551750168204308,True,
3008,onnx_model_079,measure,15.003328029111831,15.003869633655995,15.004684121813625,0.8144881576299667,True,
3009,onnx_model_098,measure,15.004147953918977,15.004779212642461,15.005650548730046,0.8713360875844955,True,
3010,onnx_model_002,measure,15.009085759767,15.009872955735773,15.010623351670802,0.7503959350287914,True,
3011,onnx_model_096,measure,15.011337052668473,15.011840054765344,15.012599057983607,0.7590032182633877,True,
3012,onnx_model_089,measure,15.018026203554735,15.018832546658814,15.019729692023247,0.897145364433527,True,
3013,onnx_model_016,measure,15.021079716349169,15.021953879855573,15.022704826667905,0.7509468123316765,True,
3014,onnx_model_032,measure,15.027873394107955,15.02892992971465,15.029758736025542,0.8288063108921051,True,
3015,onnx_model_069,measure,15.031810562059507,15.032981130760163,15.033820716664195,0.839585904031992,True,
3016,onnx_model_050,measure,15.050709659868279,15.051040448714048,15.051869194954634,0.8287462405860424,True,
3017,onnx_model_027,measure,15.059036576142077,15.0600889287889,15.060889600776136,0.8006719872355461,True,
3018,onnx_model_073,measure,15.06429468208098,15.065119391772896,15.065940071828663,0.8206800557672977,True,
3019,onnx_model_089,measure,15.073830283925192,15.074164965655655,15.07504657190293,0.8816062472760677,True,
3020,onnx_model_065,measure,15.090005294162038,15.0903358948417,15.091137477662414,0.80158282071352,True,
3021,onnx_model_001,measure,15.091058261984958,15.091298163868487,15.092084277886897,0.7861140184104443,True,
3022,onnx_model_079,measure,15.091537764944553,15.09217807604,15.092892022803426,0.7139467634260654,True,
3023,onnx_model_080,measure,15.094419529633829,15.095112183596939,15.095871947705746,0.7597641088068485,True,
3024,onnx_model_030,measure,15.106053466644656,15.10709773702547,15.107901534996927,0.803797971457243,True,
3025,onnx_model_054,measure,15.109606010332662,15.1101269046776,15.110935130622238,0.8082259446382523,True,
3026,onnx_model_003,measure,15.111315760958641,15.112151723820716,15.112962604966015,0.810881145298481,True,
3027,onnx_model_066,measure,15.112981911787392,15.11417976859957,15.115032599773258,0.8528311736881733,True,
3028,onnx_model_020,measure,15.116686834411789,15.117251597810537,15.118071465753019,0.819867942482233,True,
3029,onnx_model_045,measure,15.126956169829333,15.128297053743154,15.12905464367941,0.7575899362564087,True,
3030,onnx_model_000,measure,15.129909489410919,15.130271225702018,15.131087788846344,0.81656314432621,True,
3031,onnx_model_049,measure,15.137774029308522,15.13830777304247,15.139104556757957,0.7967837154865265,True,
3032,onnx_model_020,measure,15.141744987563948,15.142334366682917,15.143663081806153,1.3287151232361794,True,
3033,onnx_model_055,measure,15.141834917481834,15.14249350875616,15.143711654935032,1.2181461788713932,True,
3034,onnx_model_021,measure,15.142003312402235,15.142658011987805,15.143807617016137,1.1496050283312798,True,
3035,onnx_model_045,measure,15.145077633088494,15.14605408674106,15.146915684919804,0.8615981787443161,True,
3036,onnx_model_090,measure,15.14699378155117,15.148153929039836,15.14912215899676,0.9682299569249153,True,
3037,onnx_model_096,measure,15.151450814439572,15.152352399658412,15.15333288302645,0.9804833680391312,True,
3038,onnx_model_070,measure,15.151768227372976,15.152512142900378,15.153445546980947,0.9334040805697441,True,
3039,onnx_model_024,measure,15.16021075017346,15.16069852374494,15.161623912863433,0.9253891184926033,True,
3040,onnx_model_090,measure,15.164164539738422,15.164848893880844,15.165780023671687,0.9311297908425331,True,
3041,onnx_model_066,measure,15.18836262311645,15.189020770601928,15.190134116914123,1.1133463121950626,True,
3042,onnx_model_017,measure,15.18885806119737,15.189211102668196,15.19032723363489,1.116130966693163,True,
3043,onnx_model_006,measure,15.193646846393918,15.194547826889902,15.195470361039042,0.9225341491401196,True,
3044,onnx_model_090,measure,15.2076594968557,15.209711360745132,15.210811822675169,1.1004619300365448,True,
3045,onnx_model_059,measure,15.207746383767716,15.20987179595977,15.210919446777552,1.0476508177816868,True,
3046,onnx_model_012,measure,15.214612057312108,15.215140320826322,15.216098561882973,0.958241056650877,True,
3047,onnx_model_070,measure,15.226550886953362,15.22732677590102,15.228365771006793,1.0389951057732105,True,
3048,onnx_model_010,measure,15.227169797393646,15.227489093784243,15.228496007621288,1.0069138370454311,True,
3049,onnx_model_050,measure,15.229895299694839,15.2307332707569,15.231696431990713,0.9631612338125706,True,
3050,onnx_model_020,measure,15.237461763974727,15.237939378712326,15.238856461830437,0.9170831181108952,True,
3051,onnx_model_095,measure,15.240073536791106,15.241147025953978,15.242041485849768,0.8944598957896233,True,
3052,onnx_model_005,measure,15.271498653987885,15.272308739833534,15.273177661933005,0.8689220994710922,True,
3053,onnx_model_075,measure,15.277614799837398,15.278414786793292,15.27964725997299,1.2324731796979904,True,
3054,onnx_model_046,measure,15.277618071421458,15.27858510101214,15.279697073623538,1.1119726113975048,True,
3055,onnx_model_091,measure,15.27890643409457,15.27907443093136,15.2802105396986,1.1361087672412395,True,
3056,onnx_model_001,measure,15.279651750190352,15.279845155775547,15.280731710605323,0.8865548297762871,True,
3057,onnx_model_071,measure,15.28018757739548,15.280359984841198,15.281049714889377,0.6897300481796265,True,
3058,onnx_model_092,measure,15.286687491601398,15.287270619999617,15.288020986597985,0.750366598367691,True,
3059,onnx_model_007,measure,15.294234872945825,15.295244948938489,15.295934238936752,0.6892899982631207,True,
3060,onnx_model_067,measure,15.295900049804727,15.296083332039416,15.296813379973173,0.7300479337573051,True,
3061,onnx_model_006,measure,15.297404841932403,15.298035372979939,15.298725083936006,0.6897109560668468,True,
3062,onnx_model_072,measure,15.304163989871077,15.304945698007941,15.305674072820693,0.7283748127520084,True,
3063,onnx_model_051,measure,15.308509883906712,15.30889932392165,15.309634069912136,0.7347459904849529,True,
3064,onnx_model_089,measure,15.316592967760862,15.316862780600786,15.317769664805382,0.906884204596281,True,
3065,onnx_model_067,measure,15.330909952412567,15.331993411760777,15.332813921850175,0.8205100893974304,True,
3066,onnx_model_012,measure,15.332986021498812,15.334032748825848,15.334872534964234,0.8397861383855343,True,
3067,onnx_model_031,measure,15.338749980691174,15.33910415880382,15.34003430698067,0.9301481768488884,True,
3068,onnx_model_067,measure,15.34730289131195,15.34825498284772,15.34915797971189,0.902996864169836,True,
3069,onnx_model_058,measure,15.35156757206852,15.352385764941573,15.353517025709152,1.1312607675790787,True,
3070,onnx_model_020,measure,15.351923528289976,15.352546450681984,15.353822165634483,1.2757149524986744,True,
3071,onnx_model_080,measure,15.352401293078351,15.352997437585145,15.354011294897646,1.0138573125004768,True,
3072,onnx_model_011,measure,15.362692629167572,15.36423201393336,15.365157662890851,0.925648957490921,True,
3073,onnx_model_021,measure,15.364516726820204,15.36525335488841,15.36610221862793,0.8488637395203114,True,
3074,onnx_model_048,measure,15.36760515612881,15.368324012029916,15.369249140843749,0.9251288138329983,True,
3075,onnx_model_081,measure,15.37091223899573,15.371471143793315,15.372350876685232,0.8797328919172287,True,
3076,onnx_model_005,measure,15.373115163363703,15.373570194002241,15.374466878827661,0.8966848254203796,True,
3077,onnx_model_041,measure,15.380467291202631,15.380721658002585,15.38155334861949,0.8316906169056892,True,
3078,onnx_model_074,measure,15.388295441461919,15.388775837607682,15.38972513191402,0.9492943063378334,True,
3079,onnx_model_063,measure,15.398911140512883,15.39995008893311,15.400846642907709,0.8965539745986462,True,
3080,onnx_model_010,measure,15.40122151132264,15.402065499685705,15.40288069890812,0.8151992224156857,True,
3081,onnx_model_044,measure,15.405141062601055,15.40610289387405,15.406877726782113,0.774832908064127,True,
3082,onnx_model_039,measure,15.411520095306653,15.412117737811059,15.413025342859328,0.9076050482690334,True,
3083,onnx_model_096,measure,15.412369310023772,15.413121164776385,15.414029000792652,0.9078360162675381,True,
3084,onnx_model_084,measure,15.416252102178436,15.417248650919646,15.418269390705973,1.0207397863268852,True,
3085,onnx_model_016,measure,15.417942968456298,15.41836379095912,15.419259362854064,0.8955718949437141,True,
3086,onnx_model_062,measure,15.423849466812678,15.42447987664491,15.425468866713345,0.988990068435669,True,
3087,onnx_model_011,measure,15.426603029785285,15.427703683730215,15.428579699713737,0.8760159835219383,True,
3088,onnx_model_016,measure,15.430752479335197,15.431836429983377,15.432692106813192,0.8556768298149109,True,
3089,onnx_model_063,measure,15.435389018891577,15.435924210585654,15.436829932034016,0.9057214483618736,True,
3090,onnx_model_009,measure,15.44403473075225,15.445054645650089,15.445894432719797,0.8397870697081089,True,
3091,onnx_model_066,measure,15.448146228173234,15.44912108592689,15.450258016586304,1.1369306594133377,True,
3092,onnx_model_047,measure,15.44896281424473,15.449281179811805,15.450371752958745,1.0905731469392776,True,
3093,onnx_model_022,measure,15.45467929815324,15.455592787824571,15.456491676624864,0.8988888002932072,True,
3094,onnx_model_079,measure,15.462017893091026,15.462734082713723,15.463780080899596,1.0459981858730316,True,
3095,onnx_model_066,measure,15.462556099998212,15.462891982868314,15.463893375825137,1.0013929568231106,True,
3096,onnx_model_093,measure,15.469348226615523,15.470114912837744,15.47103132493794,0.9164121001958847,True,
3097,onnx_model_078,measure,15.475703286834513,15.476255424786359,15.477153721731156,0.898296944797039,True,
3098,onnx_model_015,measure,15.488435860153022,15.489380083046854,15.490241539664567,0.8614566177129745,True,
3099,onnx_model_034,measure,15.490730855298718,15.49146446492523,15.492416844703257,0.9523797780275345,True,
3100,onnx_model_010,measure,15.491894734177286,15.492514370940626,15.493413930758834,0.8995598182082176,True,
3101,onnx_model_038,measure,15.499000863590169,15.49965347070247,15.500406723003834,0.7532523013651371,True,
3102,onnx_model_031,measure,15.520644863192254,15.521643029991537,15.522541337646544,0.8983076550066471,True,
3103,onnx_model_043,measure,15.526683005873398,15.527763274032623,15.528657814022154,0.8945399895310402,True,
3104,onnx_model_099,measure,15.529411209852704,15.529875839594752,15.530705275945365,0.8294363506138325,True,
3105,onnx_model_028,measure,15.541389794707527,15.541937416885048,15.542860401794314,0.9229849092662334,True,
3106,onnx_model_094,measure,15.543034856222077,15.544080089777708,15.54500765260309,0.9275628253817558,True,
3107,onnx_model_053,measure,15.547231480082258,15.548230579588562,15.549165145959705,0.9345663711428642,True,
3108,onnx_model_011,measure,15.54850288447156,15.549261418636888,15.550150929950178,0.8895113132894039,True,
3109,onnx_model_028,measure,15.55386460529907,15.554374958854169,15.55521229095757,0.8373321034014225,True,
3110,onnx_model_050,measure,15.555002566004083,15.555307372007519,15.556091752834618,0.7843808270990849,True,
3111,onnx_model_077,measure,15.556201524596935,15.557318834587932,15.558270373847336,0.951539259403944,True,
3112,onnx_model_026,measure,15.557105916999692,15.557481504045427,15.55840375693515,0.9222528897225857,True,
3113,onnx_model_040,measure,15.565067500623494,15.565649059601128,15.566808453761041,1.159394159913063,True,
3114,onnx_model_000,measure,15.565511890393847,15.565848097670823,15.567320426926017,1.472329255193472,True,
3115,onnx_model_067,measure,15.566375957973907,15.56692272098735,15.56779315462336,0.8704336360096931,True,
3116,onnx_model_083,measure,15.568834623100893,15.570024265907705,15.571086455602199,1.062189694494009,True,
3117,onnx_model_042,measure,15.56951307783973,15.570190662983805,15.571226340718567,1.0356777347624302,True,
3118,onnx_model_082,measure,15.58216908178851,15.582447861786932,15.58331143297255,0.863571185618639,True,
3119,onnx_model_014,measure,15.584407703734835,15.5855329958722,15.586487039923668,0.9540440514683723,True,
3120,onnx_model_040,measure,15.590179290640389,15.59074204787612,15.591494758613408,0.7527107372879982,True,
3121,onnx_model_087,measure,15.596353866499605,15.596731602679938,15.597572601865977,0.840999186038971,True,
3122,onnx_model_062,measure,15.598021482545711,15.598760870750993,15.599647966679186,0.8870959281921387,True,
3123,onnx_model_054,measure,15.602867087088923,15.603876895736903,15.604827662929893,0.9507671929895878,True,
3124,onnx_model_076,measure,15.604291314421001,15.604923284612596,15.60582295479253,0.8996701799333096,True,
3125,onnx_model_063,measure,15.61078190955212,15.611044771037996,15.611959519796073,0.9147487580776215,True,
3126,onnx_model_082,measure,15.614705232638087,15.615179790649563,15.616096362937242,0.9165722876787186,True,
3127,onnx_model_017,measure,15.615352852805534,15.615558600984514,15.616288848686963,0.7302477024495602,True,
3128,onnx_model_018,measure,15.627510469110621,15.62850884674117,15.629399670753628,0.8908240124583244,True,
3129,onnx_model_003,measure,15.635534696434902,15.636650032829493,15.637628371827304,0.978338997811079,True,
3130,onnx_model_006,measure,15.653183171163304,15.653849365655333,15.654739327728748,0.8899620734155178,True,
3131,onnx_model_070,measure,15.655038376912614,15.65597170079127,15.657128759659827,1.1570588685572147,True,
3132,onnx_model_056,measure,15.663654108758752,15.664351709652692,15.665166358929127,0.8146492764353752,True,
3133,onnx_model_092,measure,15.668638149233153,15.669393924996257,15.670338459778577,0.944534782320261,True,
3134,onnx_model_082,measure,15.669223911297612,15.669555491767824,15.670489265583456,0.9337738156318665,True,
3135,onnx_model_099,measure,15.676312960297881,15.676723887678236,15.677682128734887,0.958241056650877,True,
3136,onnx_model_068,measure,15.68043535623091,15.680908641777933,15.681893734727055,0.9850929491221905,True,
3137,onnx_model_077,measure,15.68420572321524,15.685114447027445,15.686148623004556,1.0341759771108627,True,
3138,onnx_model_007,measure,15.692236557069004,15.693368977867067,15.694297772832215,0.9287949651479721,True,
3139,onnx_model_054,measure,15.693354828507967,15.693761072587222,15.69463174790144,0.8706753142178059,True,
3140,onnx_model_042,measure,15.696727632912223,15.697853261604905,15.698774412740022,0.9211511351168156,True,
3141,onnx_model_049,measure,15.70105194595961,15.701994013041258,15.702906156890094,0.912143848836422,True,
3142,onnx_model_031,measure,15.703019746127076,15.704153847880661,15.705094956792891,0.941108912229538,True,
3143,onnx_model_045,measure,15.70467221436371,15.705189466942102,15.706036536954343,0.8470700122416019,True,
3144,onnx_model_070,measure,15.705929238056646,15.70617514103651,15.707077876664698,0.9027356281876564,True,
3145,onnx_model_053,measure,15.709509159002751,15.71030948869884,15.711510872934014,1.2013842351734638,True,
3146,onnx_model_029,measure,15.709856832139948,15.710467248689383,15.711701454594731,1.2342059053480625,True,
3147,onnx_model_004,measure,15.710031028694932,15.71062494860962,15.711742233019322,1.1172844097018242,True,
3148,onnx_model_011,measure,15.71373050003595,15.713962222915143,15.714786950033158,0.8247271180152893,True,
3149,onnx_model_094,measure,15.719468608554758,15.720008194912225,15.720875152852386,0.8669579401612282,True,
3150,onnx_model_001,measure,15.719951971278443,15.72036379063502,15.721318665891886,0.9548752568662167,True,
3151,onnx_model_010,measure,15.721066986683473,15.72141232388094,15.722208296880126,0.7959729991853237,True,
3152,onnx_model_046,measure,15.753798369285988,15.754430256783962,15.755406572949141,0.9763161651790142,True,
3153,onnx_model_088,measure,15.75673024651949,15.757671687752008,15.759548926725984,1.8772389739751816,True,
3154,onnx_model_032,measure,15.757097717309303,15.757833565585315,15.7594794947654,1.645929180085659,True,
3155,onnx_model_027,measure,15.75727670987009,15.75797717878595,15.759583341889083,1.60616310313344,True,
3156,onnx_model_036,measure,15.757876147401685,15.758532564621419,15.759733396582305,1.2008319608867168,True,
3157,onnx_model_069,measure,15.75860657835596,15.758965557906777,15.759874204639345,0.9086467325687408,True,
3158,onnx_model_097,measure,15.764535984829825,15.76509624067694,15.765955253969878,0.8590132929384708,True,
3159,onnx_model_084,measure,15.767590908705058,15.76817836984992,15.769142872653902,0.9645028039813042,True,
3160,onnx_model_083,measure,15.771164625878962,15.77238190965727,15.773293021600693,0.911111943423748,True,
3161,onnx_model_035,measure,15.77630630179875,15.777512903790921,15.778499819803983,0.9869160130620003,True,
3162,onnx_model_004,measure,15.778982796836383,15.779729126021266,15.780726902652532,0.9977766312658787,True,
3163,onnx_model_065,measure,15.813633156545613,15.813956828787923,15.814976636786014,1.0198079980909824,True,
3164,onnx_model_070,measure,15.81762792674356,15.81821063393727,15.8191885529086,0.9779189713299274,True,
3165,onnx_model_090,measure,15.818470243478732,15.819284725934267,15.82022969191894,0.944965984672308,True,
3166,onnx_model_077,measure,15.825803523786918,15.826450717635453,15.82741647399962,0.9657563641667366,True,
3167,onnx_model_036,measure,15.826354542286891,15.826838384848088,15.827786977868527,0.948593020439148,True,
3168,onnx_model_025,measure,15.839388116533032,15.840005533769727,15.841116925701499,1.111391931772232,True,
3169,onnx_model_003,measure,15.846839735757472,15.847347870003432,15.848344273865223,0.9964038617908955,True,
3170,onnx_model_054,measure,15.849704014792149,15.85062859673053,15.851628937758505,1.0003410279750824,True,
3171,onnx_model_058,measure,15.854095436110887,15.854850050993264,15.85582628659904,0.97623560577631,True,
3172,onnx_model_006,measure,15.857372573682426,15.858052648603916,15.859150195028633,1.097546424716711,True,
3173,onnx_model_033,measure,15.857536380582493,15.858211691025645,15.859278779942542,1.0670889168977737,True,
3174,onnx_model_096,measure,15.863674745130057,15.864515222609043,15.865602529607713,1.0873069986701012,True,
3175,onnx_model_021,measure,15.86392447473157,15.864698040764779,15.865739068947732,1.0410281829535961,True,
3176,onnx_model_034,measure,15.865643892663195,15.865871171001345,15.866874777711928,1.0036067105829716,True,
3177,onnx_model_061,measure,15.872864251296381,15.873099690768868,15.874103398993611,1.0037082247436047,True,
3178,onnx_model_055,measure,15.874446613377058,15.875322886742651,15.876362542621791,1.0396558791399002,True,
3179,onnx_model_008,measure,15.875803987742977,15.87645831471309,15.877488823607564,1.0305088944733143,True,
3180,onnx_model_008,measure,15.876868713456048,15.877585477661341,15.878591920714825,1.006443053483963,True,
3181,onnx_model_013,measure,15.879155269713815,15.879826306831092,15.880897883791476,1.0715769603848457,True,
3182,onnx_model_052,measure,15.891161955301373,15.892120937816799,15.893083086702973,0.9621488861739635,True,
3183,onnx_model_006,measure,15.902575538046392,15.903306680731475,15.90421255165711,0.9058709256350994,True,
3184,onnx_model_043,measure,15.918039274820627,15.91843485692516,15.919801073614508,1.3662166893482208,True,
3185,onnx_model_042,measure,15.922767812369687,15.923022406641394,15.923994394950569,0.9719883091747761,True,
3186,onnx_model_009,measure,15.92389143500031,15.924134721979499,15.925120304804295,0.9855828247964382,True,
3187,onnx_model_069,measure,15.95806373782796,15.958420123904943,15.959459719713777,1.0395958088338375,True,
3188,onnx_model_052,measure,15.968393449024658,15.969806137029082,15.971080749761313,1.274612732231617,True,
3189,onnx_model_066,measure,15.970801742630567,15.971191900782287,15.972278395667672,1.0864948853850365,True,
3190,onnx_model_034,measure,15.97452441804908,15.975584419909865,15.97660165373236,1.0172338224947453,True,
3191,onnx_model_040,measure,15.979227002980881,15.979857161641121,15.980941704008728,1.0845423676073551,True,
3192,onnx_model_075,measure,15.982523551524428,15.983171201776713,15.98414159566164,0.9703938849270344,True,
3193,onnx_model_097,measure,15.984536702542195,15.98536584386602,15.986273979768157,0.9081359021365643,True,
3194,onnx_model_038,measure,15.985661597177767,15.986371214967221,15.987221149727702,0.8499347604811192,True,
3195,onnx_model_062,measure,15.99595938289998,15.997448801994324,15.998321510851383,0.8727088570594788,True,
3196,onnx_model_046,measure,16.00255459778936,16.003547464031726,16.004450951702893,0.9034876711666584,True,
3197,onnx_model_000,measure,16.04059441784555,16.041804535780102,16.04289972782135,1.0951920412480831,True,
3198,onnx_model_052,measure,16.044741657559506,16.04520503990352,16.04631223389879,1.1071939952671528,True,
3199,onnx_model_013,measure,16.049163053661538,16.0496479049325,16.050761150661856,1.1132457293570042,True,
3200,onnx_model_005,measure,16.059806705790955,16.061068353708833,16.062171760946512,1.1034072376787663,True,
3201,onnx_model_054,measure,16.06108720189413,16.0614730627276,16.062631133943796,1.1580712161958218,True,
3202,onnx_model_032,measure,16.064275195785196,16.064934922847897,16.06591439479962,0.9794719517230988,True,
3203,onnx_model_037,measure,16.0704569727583,16.071254134643823,16.072495153639466,1.241018995642662,True,
3204,onnx_model_074,measure,16.07120699453623,16.071707346942276,16.07265844475478,0.9510978125035763,True,
3205,onnx_model_061,measure,16.0718799332519,16.072136542759836,16.07324852561578,1.1119828559458256,True,
3206,onnx_model_012,measure,16.081290366486233,16.083503058645874,16.084469014778733,0.9659561328589916,True,
3207,onnx_model_058,measure,16.0837065322819,16.083920642733574,16.08480903087184,0.8883881382644176,True,
3208,onnx_model_074,measure,16.099522341709132,16.100125475786626,16.1011780067347,1.052530948072672,True,
3209,onnx_model_019,measure,16.10666188083876,16.107484724838287,16.108542855829,1.0581309907138348,True,
3210,onnx_model_064,measure,16.115384428826932,16.11584880389273,16.116844596806914,0.9957929141819477,True,
3211,onnx_model_061,measure,16.11649542005173,16.116958031896502,16.117833215743303,0.8751838468015194,True,
3212,onnx_model_065,measure,16.116775440121483,16.1173553369008,16.11824668198824,0.8913450874388218,True,
3213,onnx_model_075,measure,16.1215656980543,16.12247348576784,16.12333615589887,0.8626701310276985,True,
3214,onnx_model_026,measure,16.12239451973798,16.122861303854734,16.123885490000248,1.0241861455142498,True,
3215,onnx_model_028,measure,16.123264622742912,16.12348649185151,16.124412541743368,0.926049891859293,True,
3216,onnx_model_023,measure,16.12459118521392,16.12564703868702,16.12662962684408,0.9825881570577621,True,
3217,onnx_model_017,measure,16.129182790262572,16.129855257924646,16.130687008611858,0.8317506872117519,True,
3218,onnx_model_089,measure,16.13242903040795,16.13290939386934,16.133826978038996,0.9175841696560383,True,
3219,onnx_model_080,measure,16.134308952193408,16.135047898627818,16.13588364701718,0.8357483893632889,True,
3220,onnx_model_021,measure,16.13819965273751,16.139107565861195,16.139963722787797,0.8561569266021252,True,
3221,onnx_model_064,measure,16.14119156122753,16.14218622772023,16.143097349908203,0.9111221879720688,True,
3222,onnx_model_030,measure,16.1473983708961,16.1483183237724,16.149192785844207,0.8744620718061924,True,
3223,onnx_model_050,measure,16.150996526743537,16.151412495877594,16.15229198662564,0.8794907480478287,True,
3224,onnx_model_015,measure,16.159938789289544,16.16051316494122,16.161413836758584,0.9006718173623085,True,
3225,onnx_model_062,measure,16.161340521843123,16.161563951987773,16.162473029922694,0.9090779349207878,True,
3226,onnx_model_039,measure,16.1651224302422,16.165705303661525,16.166514401789755,0.8090981282293797,True,
3227,onnx_model_074,measure,16.173647356692637,16.174757480621338,16.175871468614787,1.1139879934489727,True,
3228,onnx_model_013,measure,16.173823873353722,16.174926501698792,16.175998569931835,1.0720682330429554,True,
3229,onnx_model_003,measure,16.17475463262967,16.175402177032083,16.176272901706398,0.8707246743142605,True,
3230,onnx_model_055,measure,16.176587878558756,16.177490956615657,16.178489334881306,0.9983782656490803,True,
3231,onnx_model_085,measure,16.177387581216372,16.177859857678413,16.178633568808436,0.7737111300230026,True,
3232,onnx_model_001,measure,16.18384214806741,16.18485667789355,16.185725278686732,0.8686007931828499,True,
3233,onnx_model_056,measure,16.186700321745587,16.18694564886391,16.187858403660357,0.9127547964453697,True,
3234,onnx_model_088,measure,16.188007522184712,16.18907679989934,16.189860038924962,0.7832390256226063,True,
3235,onnx_model_075,measure,16.191806597089265,16.192082142923027,16.192825505975634,0.7433630526065826,True,
3236,onnx_model_080,measure,16.197157868644513,16.198047623038292,16.19881421001628,0.7665869779884815,True,
3237,onnx_model_034,measure,16.202558474957602,16.203035182785243,16.203919734805822,0.8845520205795765,True,
3238,onnx_model_059,measure,16.2108706309062,16.211162372026592,16.212149006780237,0.9866347536444664,True,
3239,onnx_model_086,measure,16.2156266939175,16.216371442656964,16.217276743613183,0.9053009562194347,True,
3240,onnx_model_032,measure,16.2229982934,16.223498911596835,16.224419701844454,0.9207902476191521,True,
3241,onnx_model_064,measure,16.230790616236643,16.23165917303413,16.232472138945013,0.8129659108817577,True,
3242,onnx_model_091,measure,16.236512041912945,16.23770682886243,16.23862804984674,0.9212209843099117,True,
3243,onnx_model_052,measure,16.240333723569663,16.240852638613433,16.24176365090534,0.9110122919082642,True,
3244,onnx_model_005,measure,16.24108549526431,16.241269039921463,16.24215250974521,0.8834698237478733,True,
3245,onnx_model_015,measure,16.243499842493947,16.24438625574112,16.24523263471201,0.8463789708912373,True,
3246,onnx_model_034,measure,16.24807306218571,16.248465158976614,16.24936561100185,0.9004520252346992,True,
3247,onnx_model_034,measure,16.25129325785693,16.251643650699407,16.252533131744713,0.8894810453057289,True,
3248,onnx_model_018,measure,16.25328847056444,16.253757198806852,16.25464522698894,0.8880281820893288,True,
3249,onnx_model_084,measure,16.2582464465003,16.25886748265475,16.259712528903037,0.8450462482869625,True,
3250,onnx_model_044,measure,16.267998556131136,16.26993645261973,16.270753145683557,0.8166930638253689,True,
3251,onnx_model_043,measure,16.27679557493238,16.277984170708805,16.279001784976572,1.0176142677664757,True,
3252,onnx_model_085,measure,16.28068193081732,16.281225100625306,16.282170908991247,0.9458083659410477,True,
3253,onnx_model_093,measure,16.28248461871093,16.283409843686968,16.284325203858316,0.9153601713478565,True,
3254,onnx_model_014,measure,16.28859725863451,16.289562619756907,16.29055135883391,0.9887390770018101,True,
3255,onnx_model_095,measure,16.288799351841824,16.289748433046043,16.290709489956498,0.9610569104552269,True,
3256,onnx_model_012,measure,16.294714131192613,16.29493169579655,16.2958474769257,0.9157811291515827,True,
3257,onnx_model_099,measure,16.296910810216936,16.29806845774874,16.29889448871836,0.826030969619751,True,
3258,onnx_model_018,measure,16.300501255886765,16.301116531714797,16.302016662899405,0.9001311846077442,True,
3259,onnx_model_009,measure,16.305361547280715,16.306237626820803,16.307101458776742,0.8638319559395313,True,
3260,onnx_model_021,measure,16.322710261977605,16.323325117584318,16.32415844174102,0.8333241567015648,True,
3261,onnx_model_021,measure,16.323401121668514,16.323701051995158,16.324442200828344,0.7411488331854343,True,
3262,onnx_model_039,measure,16.325749363589846,16.326715922914445,16.327473372686654,0.7574497722089291,True,
3263,onnx_model_075,measure,16.329315874561658,16.329710675869137,16.330649389885366,0.9387140162289143,True,
3264,onnx_model_001,measure,16.333132120498906,16.333878327626735,16.3346763048321,0.7979772053658962,True,
3265,onnx_model_086,measure,16.334389546709996,16.33477677591145,16.335582366678864,0.8055907674133778,True,
3266,onnx_model_084,measure,16.336473238657874,16.33676289068535,16.337672339752316,0.9094490669667721,True,
3267,onnx_model_089,measure,16.346254364225903,16.34789862902835,16.34883420681581,0.9355777874588966,True,
3268,onnx_model_088,measure,16.362238427572446,16.363068094011396,16.364051752723753,0.9836587123572826,True,
3269,onnx_model_085,measure,16.370525783613303,16.37127796979621,16.37221181485802,0.9338450618088245,True,
3270,onnx_model_045,measure,16.38676661527101,16.38743439083919,16.38831501500681,0.8806241676211357,True,
3271,onnx_model_027,measure,16.390370545619774,16.3915464268066,16.392596863675863,1.050436869263649,True,
3272,onnx_model_041,measure,16.390507397531696,16.39173112763092,16.39307706663385,1.345939002931118,True,
3273,onnx_model_016,measure,16.392186251741435,16.39272254286334,16.39357935078442,0.8568079210817814,True,
3274,onnx_model_025,measure,16.39283364857129,16.39321165299043,16.39400664390996,0.7949909195303917,True,
3275,onnx_model_057,measure,16.394048657131375,16.39522456889972,16.39607800077647,0.8534318767488003,True,
3276,onnx_model_029,measure,16.395609395487355,16.396174173802137,16.396995674818754,0.8215010166168213,True,
3277,onnx_model_057,measure,16.411352377264446,16.412220174912363,16.413036406971514,0.8162320591509342,True,
3278,onnx_model_063,measure,16.413833096841465,16.414272124879062,16.415417512878776,1.1453879997134209,True,
3279,onnx_model_002,measure,16.413854704565182,16.414479368831962,16.415589509997517,1.1101411655545235,True,
3280,onnx_model_020,measure,16.42764910992992,16.42983789369464,16.430824058596045,0.9861649014055729,True,
3281,onnx_model_091,measure,16.432411010650043,16.433045841753483,16.43407734297216,1.031501218676567,True,
3282,onnx_model_081,measure,16.43501519319264,16.435297581832856,16.43635114468634,1.0535628534853458,True,
3283,onnx_model_020,measure,16.446741398970758,16.44757607160136,16.44852306181565,0.9469902142882347,True,
3284,onnx_model_024,measure,16.450199056577283,16.450767166912556,16.451809899881482,1.0427329689264297,True,
3285,onnx_model_011,measure,16.45166230105644,16.451983659993857,16.452977117616683,0.9934576228260994,True,
3286,onnx_model_087,measure,16.46592332867201,16.467249497771263,16.46817712066695,0.9276228956878185,True,
3287,onnx_model_084,measure,16.47755069162444,16.478407026734203,16.479361320845783,0.9542941115796566,True,
3288,onnx_model_010,measure,16.485967849444904,16.48658804781735,16.487524076830596,0.9360290132462978,True,
3289,onnx_model_078,measure,16.49010284222751,16.490780336782336,16.491661631967872,0.8812951855361462,True,
3290,onnx_model_089,measure,16.491882670785788,16.492884025909007,16.49374862993136,0.8646040223538876,True,
3291,onnx_model_028,measure,16.51102197149965,16.51297567691654,16.513885075692087,0.9093987755477428,True,
3292,onnx_model_027,measure,16.516005487258354,16.517119894735515,16.518291451968253,1.1715572327375412,True,
3293,onnx_model_022,measure,16.51626514583932,16.517284327652305,16.51844357093796,1.1592432856559753,True,
3294,onnx_model_000,measure,16.516968219668172,16.517430735751987,16.51850436674431,1.0736309923231602,True,
3295,onnx_model_060,measure,16.522954262542598,16.523753123823553,16.524677199777216,0.9240759536623955,True,
3296,onnx_model_098,measure,16.523223880278636,16.5239200508222,16.524828848894686,0.9087980724871159,True,
3297,onnx_model_086,measure,16.52654397524705,16.527051893994212,16.527866552583873,0.8146585896611214,True,
3298,onnx_model_083,measure,16.530128900074125,16.53109479881823,16.53185330098495,0.7585021667182446,True,
3299,onnx_model_007,measure,16.53505381041731,16.53607607772574,16.5368644669652,0.7883892394602299,True,
3300,onnx_model_041,measure,16.546526916064774,16.547089722938836,16.54802807699889,0.9383540600538254,True,
3301,onnx_model_097,measure,16.547531269635222,16.548123267944902,16.548874295782298,0.751027837395668,True,
3302,onnx_model_071,measure,16.550065712751156,16.551095687784255,16.551934872753918,0.83918496966362,True,
3303,onnx_model_080,measure,16.556359255973188,16.5571559779346,16.557979242876172,0.823264941573143,True,
3304,onnx_model_089,measure,16.558330501007948,16.559197118040174,16.55996001791209,0.7628998719155788,True,
3305,onnx_model_073,measure,16.56322171272722,16.564188775606453,16.56516680587083,0.978030264377594,True,
3306,onnx_model_086,measure,16.563233199912887,16.564351676031947,16.565346115734428,0.9944397024810314,True,
3307,onnx_model_005,measure,16.56453582705486,16.56480217166245,16.56577609386295,0.9739222005009651,True,
3308,onnx_model_030,measure,16.568149311533254,16.56899541290477,16.569815401919186,0.8199890144169331,True,
3309,onnx_model_051,measure,16.572906528398935,16.574039090890437,16.57486627297476,0.8271820843219757,True,
3310,onnx_model_086,measure,16.584286786797076,16.58509386377409,16.586013361811638,0.9194980375468731,True,
3311,onnx_model_099,measure,16.590266971411747,16.59123811358586,16.59200360858813,0.7654950022697449,True,
3312,onnx_model_023,measure,16.599609601376297,16.600226829759777,16.601048791781068,0.821962021291256,True,
3313,onnx_model_003,measure,16.607822229194035,16.60827198298648,16.609109363984317,0.8373809978365898,True,
3314,onnx_model_022,measure,16.60939135716318,16.61032850202173,16.611240424681455,0.9119226597249508,True,
3315,onnx_model_086,measure,16.614865060125076,16.615460546687245,16.616318106651306,0.8575599640607834,True,
3316,onnx_model_049,measure,16.61654030418827,16.61753598181531,16.618360328953713,0.8243471384048462,True,
3317,onnx_model_001,measure,16.627792845414355,16.62858237978071,16.629472292028368,0.8899122476577759,True,
3318,onnx_model_086,measure,16.641076396449208,16.641707468777895,16.642689054831862,0.9815860539674759,True,
3319,onnx_model_087,measure,16.647657556276844,16.64790837559849,16.648760855663568,0.8524800650775433,True,
3320,onnx_model_035,measure,16.649463505151097,16.6499854340218,16.651133325882256,1.1478918604552746,True,
3321,onnx_model_010,measure,16.649503064900905,16.650147531647235,16.651275986805558,1.1284551583230495,True,
3322,onnx_model_095,measure,16.665933439212278,16.666497110854834,16.667362506035715,0.8653951808810234,True,
3323,onnx_model_020,measure,16.6669043958322,16.66745750559494,16.66847557062283,1.0180650278925896,True,
3324,onnx_model_098,measure,16.67112870931625,16.671720088925213,16.672790182754397,1.0700938291847706,True,
3325,onnx_model_072,measure,16.67124069586203,16.671882506925613,16.673251990694553,1.369483768939972,True,
3326,onnx_model_084,measure,16.672658994091854,16.672943183686584,16.673767139669508,0.8239559829235077,True,
3327,onnx_model_084,measure,16.673366959398987,16.673860677983612,16.67460798798129,0.747309997677803,True,
3328,onnx_model_094,measure,16.68384740389202,16.684846229851246,16.685674994718283,0.8287648670375347,True,
3329,onnx_model_051,measure,16.694945492249076,16.6959008728154,16.696734647732228,0.8337749168276787,True,
3330,onnx_model_012,measure,16.696581382663297,16.696876466739923,16.697841942775995,0.9654760360717773,True,
3331,onnx_model_034,measure,16.705321841747875,16.70606443285942,16.70704083889723,0.9764060378074646,True,
3332,onnx_model_029,measure,16.707794755934913,16.70825928496197,16.709166168700904,0.9068837389349937,True,
3333,onnx_model_008,measure,16.7158921672586,16.71639354666695,16.718005670700222,1.6121240332722664,True,
3334,onnx_model_084,measure,16.7160351938028,16.716555655002594,16.717545066028833,0.9894110262393951,True,
3335,onnx_model_070,measure,16.717209440404563,16.717658951878548,16.71853286260739,0.87391072884202,True,
3336,onnx_model_027,measure,16.718313037502433,16.718658342026174,16.71953267371282,0.8743316866457462,True,
3337,onnx_model_029,measure,16.720260543981052,16.720760457683355,16.721550909802318,0.7904521189630032,True,
3338,onnx_model_017,measure,16.722930272737468,16.72379207983613,16.72469786182046,0.9057819843292236,True,
3339,onnx_model_099,measure,16.727982391029297,16.728923063725233,16.729768430814147,0.8453670889139175,True,
3340,onnx_model_080,measure,16.741391329145138,16.742007665801793,16.74284753203392,0.8398662321269512,True,
3341,onnx_model_085,measure,16.757426963244246,16.758068564813584,16.758894284721464,0.8257199078798294,True,
3342,onnx_model_094,measure,16.76144071609296,16.762115687597543,16.76293841190636,0.8227243088185787,True,
3343,onnx_model_054,measure,16.762208298604648,16.7624766738154,16.763310088776052,0.8334149606525898,True,
3344,onnx_model_061,measure,16.768439846021664,16.76954426895827,16.77036577090621,0.8215019479393959,True,
3345,onnx_model_040,measure,16.774915039211997,16.775588077958673,16.7763835596852,0.795481726527214,True,
3346,onnx_model_027,measure,16.77775822322833,16.77860219683498,16.779348064679652,0.745867844671011,True,
3347,onnx_model_074,measure,16.783246394480848,16.783573225606233,16.784438921604306,0.8656959980726242,True,
3348,onnx_model_004,measure,16.783904962911507,16.784534382633865,16.78536217659712,0.8277939632534981,True,
3349,onnx_model_090,measure,16.788179520379952,16.788581906817853,16.789392547681928,0.8106408640742302,True,
3350,onnx_model_072,measure,16.795139950653734,16.795624473597854,16.796431637834758,0.8071642369031906,True,
3351,onnx_model_068,measure,16.80265417502568,16.803668113891035,16.804471540730447,0.8034268394112587,True,
3352,onnx_model_056,measure,16.80737899749077,16.807704385835677,16.808498956728727,0.7945708930492401,True,
3353,onnx_model_010,measure,16.815601990918275,16.8167567839846,16.817914583720267,1.1577997356653214,True,
3354,onnx_model_045,measure,16.816379516010482,16.81691711768508,16.818041905760765,1.124788075685501,True,
3355,onnx_model_002,measure,16.817230616587988,16.81745117297396,16.818418972659856,0.967799685895443,True,
3356,onnx_model_099,measure,16.82199762315055,16.822675433941185,16.823674323037267,0.9988890960812569,True,
3357,onnx_model_044,measure,16.82850293468526,16.828901007771492,16.829981671646237,1.080663874745369,True,
3358,onnx_model_032,measure,16.828680902193966,16.829061863943934,16.830110176932067,1.0483129881322384,True,
3359,onnx_model_036,measure,16.833760156615078,16.83432896574959,16.83553058002144,1.2016142718493938,True,
3360,onnx_model_016,measure,16.83557309391301,16.836775416042656,16.838156490586698,1.3810745440423489,True,
3361,onnx_model_014,measure,16.837240925579216,16.83825481776148,16.839120413642377,0.865595880895853,True,
3362,onnx_model_085,measure,16.84024933932997,16.841363647952676,16.842149370815605,0.7857228629291058,True,
3363,onnx_model_040,measure,16.848135644336086,16.848374193999916,16.8492221259512,0.8479319512844086,True,
3364,onnx_model_021,measure,16.8602886332033,16.861445780843496,16.862360579892993,0.9147990494966507,True,
3365,onnx_model_080,measure,16.862628327051212,16.86363452160731,16.864505126606673,0.8706049993634224,True,
3366,onnx_model_060,measure,16.862919789682323,16.86380273103714,16.864812321029603,1.0095899924635887,True,
3367,onnx_model_001,measure,16.87241009397407,16.873051641974598,16.873887200839818,0.8355588652193546,True,
3368,onnx_model_082,measure,16.88183085375331,16.882108447607607,16.883099641650915,0.9911940433084965,True,
3369,onnx_model_026,measure,16.886706484494873,16.887345081660897,16.888402972836047,1.0578911751508713,True,
3370,onnx_model_080,measure,16.88688526176153,16.88750354293734,16.888534653000534,1.0311100631952286,True,
3371,onnx_model_081,measure,16.889050724359553,16.88976073358208,16.890950785949826,1.19005236774683,True,
3372,onnx_model_091,measure,16.889478679488473,16.88991946587339,16.890808204654604,0.8887387812137604,True,
3373,onnx_model_054,measure,16.898919370444503,16.89917018963024,16.900237418711185,1.0672290809452534,True,
3374,onnx_model_097,measure,16.907181747483254,16.907480265945196,16.908473854884505,0.9935889393091202,True,
3375,onnx_model_099,measure,16.907210518466794,16.90765698160976,16.908605124801397,0.9481431916356087,True,
3376,onnx_model_037,measure,16.915781016949044,16.916880775708705,16.917921524029225,1.0407483205199242,True,
3377,onnx_model_015,measure,16.916126039466462,16.91704012779519,16.91803001984954,0.989892054349184,True,
3378,onnx_model_011,measure,16.920639646402552,16.92125180363655,16.922299325000495,1.0475213639438152,True,
3379,onnx_model_095,measure,16.92787695232154,16.92852790467441,16.929531272035092,1.0033673606812954,True,
3380,onnx_model_056,measure,16.933835903436524,16.934759330004454,16.935701770707965,0.9424407035112381,True,
3381,onnx_model_022,measure,16.94065463286508,16.94092473993078,16.94192753592506,1.0027959942817688,True,
3382,onnx_model_033,measure,16.941155734772035,16.942022525705397,16.94286263268441,0.8401069790124893,True,
3383,onnx_model_056,measure,16.948630334507865,16.949102023616433,16.95006180787459,0.9597842581570148,True,
3384,onnx_model_018,measure,16.96473094559317,16.96528465487063,16.96626900602132,0.9843511506915092,True,
3385,onnx_model_065,measure,16.965945897237376,16.966365188825876,16.967358756810427,0.9935679845511913,True,
3386,onnx_model_052,measure,16.976636690669086,16.977595194708556,16.978631825651973,1.0366309434175491,True,
3387,onnx_model_055,measure,16.98647007727937,16.98685391480103,16.98781630396843,0.9623891673982143,True,
3388,onnx_model_068,measure,16.988317908443488,16.989033958874643,16.99002685584128,0.9928969666361809,True,
3389,onnx_model_004,measure,16.99091891358203,16.991245702840388,16.992228410672396,0.9827078320086002,True,
3390,onnx_model_059,measure,16.994441568446316,16.995448180940002,16.99642654089257,0.9783599525690079,True,
3391,onnx_model_057,measure,17.000898340247534,17.00166235398501,17.003481811843812,1.819457858800888,True,
3392,onnx_model_056,measure,17.006127149674892,17.006758750882,17.00773440580815,0.9756549261510372,True,
3393,onnx_model_062,measure,17.006946945552848,17.007126369979233,17.007979101035744,0.8527310565114021,True,
3394,onnx_model_039,measure,17.023998671909553,17.025201888754964,17.026115365792066,0.913477037101984,True,
3395,onnx_model_070,measure,17.027501234496057,17.028345223981887,17.029496552888304,1.151328906416893,True,
3396,onnx_model_048,measure,17.027822760252963,17.028505778871477,17.02962266188115,1.116883009672165,True,
3397,onnx_model_068,measure,17.031305630356112,17.03184590768069,17.032789662014693,0.9437543340027332,True,
3398,onnx_model_029,measure,17.03420257635651,17.035010332707316,17.036002759821713,0.9924271143972874,True,
3399,onnx_model_049,measure,17.04779815225605,17.048236403614283,17.049218049738556,0.9816461242735386,True,
3400,onnx_model_042,measure,17.04981555673245,17.050434762611985,17.05136553198099,0.9307693690061569,True,
3401,onnx_model_010,measure,17.054223132135473,17.054585663601756,17.055593949742615,1.008286140859127,True,
3402,onnx_model_040,measure,17.068545970654576,17.069830170832574,17.07104685390368,1.2166830711066723,True,
3403,onnx_model_073,measure,17.074278694611074,17.075287614949048,17.076405209954828,1.1175950057804585,True,
3404,onnx_model_080,measure,17.07746749120011,17.078647741582245,17.07959278859198,0.9450470097362995,True,
3405,onnx_model_029,measure,17.07879860874026,17.079011503607035,17.080019228626043,1.0077250190079212,True,
3406,onnx_model_038,measure,17.082637687958112,17.083266591653228,17.084258136805147,0.9915451519191265,True,
3407,onnx_model_083,measure,17.092639951502786,17.09448006702587,17.09539571776986,0.9156507439911366,True,
3408,onnx_model_072,measure,17.099339986625207,17.09963002661243,17.10057980194688,0.9497753344476223,True,
3409,onnx_model_082,measure,17.104080454593817,17.104825181886554,17.10583871882409,1.0135369375348091,True,
3410,onnx_model_019,measure,17.108351497603426,17.10906586283818,17.11006753658876,1.0016737505793571,True,
3411,onnx_model_076,measure,17.12029474070889,17.121297743637115,17.122306030709296,1.0082870721817017,True,
3412,onnx_model_028,measure,17.123755604858395,17.12452983763069,17.125475274864584,0.9454372338950634,True,
3413,onnx_model_088,measure,17.125450169166722,17.125637823715806,17.12658695783466,0.9491341188549995,True,
3414,onnx_model_011,measure,17.128766283125966,17.129811186809093,17.131081621628255,1.270434819161892,True,
3415,onnx_model_028,measure,17.12924755650158,17.1299730646424,17.131036194972694,1.0631303302943707,True,
3416,onnx_model_018,measure,17.133392542453535,17.134300529956818,17.135219025891274,0.9184959344565868,True,
3417,onnx_model_092,measure,17.13993275375165,17.14044050173834,17.14146453794092,1.0240362025797367,True,
3418,onnx_model_085,measure,17.140586486564125,17.140848197042942,17.141733769793063,0.8855727501213551,True,
3419,onnx_model_050,measure,17.14059151018425,17.141010905615985,17.141935342922807,0.9244373068213463,True,
3420,onnx_model_051,measure,17.146540448925983,17.14715430373326,17.147986124735326,0.8318210020661354,True,
3421,onnx_model_060,measure,17.150176692122056,17.151214150711894,17.152150951791555,0.9368010796606541,True,
3422,onnx_model_072,measure,17.150425045060075,17.15137371374294,17.152334009762853,0.960296019911766,True,
3423,onnx_model_091,measure,17.15215016958679,17.152428208850324,17.153436264954507,1.008056104183197,True,
3424,onnx_model_037,measure,17.156027806523664,17.15667418995872,17.15767089370638,0.9967037476599216,True,
3425,onnx_model_055,measure,17.160224069269354,17.16089170658961,17.16187919396907,0.9874873794615269,True,
3426,onnx_model_015,measure,17.165819090134306,17.16611032700166,17.167350152973086,1.2398259714245796,True,
3427,onnx_model_012,measure,17.16599838914606,17.166274818591774,17.167220135685056,0.945317093282938,True,
3428,onnx_model_045,measure,17.184570119487677,17.186584825627506,17.187497059814632,0.9122341871261597,True,
3429,onnx_model_063,measure,17.188001865760068,17.18872530385852,17.189700768794864,0.9754649363458157,True,
3430,onnx_model_071,measure,17.191620260056688,17.19193492596969,17.192926740739495,0.9918147698044777,True,
3431,onnx_model_045,measure,17.20704821610256,17.20815661083907,17.209222426638007,1.0658157989382744,True,
3432,onnx_model_011,measure,17.207772970586767,17.208316183649004,17.209331715013832,1.0155313648283482,True,
3433,onnx_model_056,measure,17.210853725078405,17.211550932843238,17.212470861617476,0.9199287742376328,True,
3434,onnx_model_097,measure,17.213638925843153,17.21472372394055,17.21560062095523,0.8768970146775246,True,
3435,onnx_model_009,measure,17.222216179984294,17.222836033906788,17.223756413906813,0.920380000025034,True,
3436,onnx_model_031,measure,17.22619832943922,17.226976554840803,17.22796414187178,0.9875870309770107,True,
3437,onnx_model_076,measure,17.230691009098443,17.231183911673725,17.232210363727063,1.0264520533382893,True,
3438,onnx_model_046,measure,17.232719821048068,17.23342882003635,17.23441557493061,0.9867548942565918,True,
3439,onnx_model_086,measure,17.240726989225863,17.24165733065456,17.24265953572467,1.0022050701081753,True,
3440,onnx_model_042,measure,17.24592086577753,17.246895357966423,17.2479190537706,1.0236958041787148,True,
3441,onnx_model_075,measure,17.247279179662133,17.24801700981334,17.248922881670296,0.905871856957674,True,
3442,onnx_model_084,measure,17.254181338578864,17.255164535716176,17.256116956938058,0.9524212218821049,True,
3443,onnx_model_002,measure,17.261062739468684,17.261357247829437,17.26233663968742,0.9793918579816818,True,
3444,onnx_model_082,measure,17.266245214502693,17.266557522583753,17.26751174684614,0.9542242623865604,True,
3445,onnx_model_022,measure,17.272052226577394,17.272758309729397,17.273850115016103,1.091805286705494,True,
3446,onnx_model_067,measure,17.27243379243904,17.272917832713574,17.273982125800103,1.064293086528778,True,
3447,onnx_model_045,measure,17.272934852868314,17.273347599897534,17.274269371759146,0.9217718616127968,True,
3448,onnx_model_067,measure,17.278232000610842,17.27850697701797,17.279349237680435,0.8422606624662876,True,
3449,onnx_model_031,measure,17.28253333463006,17.28357548173517,17.2844119919464,0.8365102112293243,True,
3450,onnx_model_098,measure,17.296361924731205,17.29664932284504,17.297496614046395,0.8472912013530731,True,
3451,onnx_model_013,measure,17.29781269422318,17.298722754698247,17.299589201807976,0.8664471097290516,True,
3452,onnx_model_036,measure,17.303227176622414,17.30382836004719,17.30473496299237,0.9066029451787472,True,
3453,onnx_model_016,measure,17.307875388187476,17.308954783715308,17.30981626175344,0.8614780381321907,True,
3454,onnx_model_043,measure,17.308908039003736,17.309311151970178,17.31086483504623,1.5536830760538578,True,
3455,onnx_model_053,measure,17.311593162105897,17.312086977995932,17.313380897976458,1.2939199805259705,True,
3456,onnx_model_022,measure,17.31190527560185,17.31224689166993,17.313335480634123,1.0885889641940594,True,
3457,onnx_model_061,measure,17.3153465041554,17.31560293165967,17.31677019968629,1.1672680266201496,True,
3458,onnx_model_040,measure,17.315506088801236,17.316009543836117,17.317357456777245,1.3479129411280155,True,
3459,onnx_model_088,measure,17.316708274764906,17.31694359984249,17.317826577927917,0.8829780854284763,True,
3460,onnx_model_089,measure,17.31717360160971,17.317451525945216,17.31838998897001,0.9384630247950554,True,
3461,onnx_model_048,measure,17.322984237388884,17.32363669294864,17.32448419276625,0.847499817609787,True,
3462,onnx_model_099,measure,17.323995852780506,17.324578943662345,17.325492369942367,0.9134262800216675,True,
3463,onnx_model_038,measure,17.326941202338013,17.327732206787914,17.328569799661636,0.8375928737223148,True,
3464,onnx_model_004,measure,17.327699305637207,17.328099525999278,17.328895268030465,0.7957420311868191,True,
3465,onnx_model_032,measure,17.334100980501844,17.335134046617895,17.33597989473492,0.8458481170237064,True,
3466,onnx_model_029,measure,17.340369010409745,17.341202993877232,17.342025606893003,0.8226130157709122,True,
3467,onnx_model_013,measure,17.342086703918454,17.34324667789042,17.344128043856472,0.8813659660518169,True,
3468,onnx_model_082,measure,17.34598314287634,17.346367199905217,17.347245799843222,0.878599938005209,True,
3469,onnx_model_018,measure,17.352497870206264,17.353469620924443,17.35431340476498,0.8437838405370712,True,
3470,onnx_model_090,measure,17.35850871666335,17.359536482952535,17.360453405883163,0.9169229306280613,True,
3471,onnx_model_072,measure,17.361517447506174,17.36269346391782,17.363580559846014,0.8870959281921387,True,
3472,onnx_model_018,measure,17.38926335851896,17.390804428607225,17.391711813863367,0.9073852561414242,True,
3473,onnx_model_052,measure,17.404725364503108,17.40597513690591,17.40703572286293,1.0605859570205212,True,
3474,onnx_model_095,measure,17.404790793794252,17.406137725804,17.40716720279306,1.0294769890606403,True,
3475,onnx_model_007,measure,17.407919133708475,17.408384325914085,17.409359329845756,0.975003931671381,True,
3476,onnx_model_041,measure,17.410790876395005,17.411631868686527,17.41273948503658,1.107616350054741,True,
3477,onnx_model_055,measure,17.41133573161083,17.411792965605855,17.41286967182532,1.0767062194645405,True,
3478,onnx_model_016,measure,17.435814621995014,17.436090020928532,17.437079230789095,0.9892098605632782,True,
3479,onnx_model_083,measure,17.436065385303323,17.43644577683881,17.43737669661641,0.9309197776019573,True,
3480,onnx_model_079,measure,17.440364661338425,17.440600494854152,17.441625031642616,1.0245367884635925,True,
3481,onnx_model_037,measure,17.44133629422224,17.441723508760333,17.4427357329987,1.0122242383658886,True,
3482,onnx_model_003,measure,17.442459661977708,17.442830292973667,17.443827137816697,0.9968448430299759,True,
3483,onnx_model_038,measure,17.459173337613688,17.460046458989382,17.460952510591596,0.9060516022145748,True,
3484,onnx_model_084,measure,17.46566252728635,17.466171841602772,17.467149891890585,0.9780502878129482,True,
3485,onnx_model_012,measure,17.473494832573845,17.47437612665817,17.475273322779685,0.8971961215138435,True,
3486,onnx_model_091,measure,17.477363900551232,17.47849301295355,17.479511708952487,1.0186959989368916,True,
3487,onnx_model_060,measure,17.483751617664062,17.48475055769086,17.485661779996008,0.91122230514884,True,
3488,onnx_model_086,measure,17.486979408108375,17.487900785636157,17.48889453476295,0.993749126791954,True,
3489,onnx_model_076,measure,17.50052897406841,17.501116687897593,17.502009824849665,0.893136952072382,True,
3490,onnx_model_011,measure,17.50224781787451,17.50322482502088,17.504173137713224,0.9483126923441887,True,
3491,onnx_model_023,measure,17.503125209822695,17.503685920964926,17.504644402768463,0.9584818035364151,True,
3492,onnx_model_085,measure,17.506137145750518,17.50686436286196,17.50779838860035,0.9340257383882999,True,
3493,onnx_model_007,measure,17.507223134178943,17.50789445079863,17.508831972721964,0.9375219233334064,True,
3494,onnx_model_011,measure,17.51155436344617,17.512058375868946,17.512970499694347,0.9121238254010677,True,
3495,onnx_model_061,measure,17.519719588772226,17.520191836636513,17.521393410861492,1.2015742249786854,True,
3496,onnx_model_087,measure,17.529796719711197,17.53162980871275,17.532654305920005,1.0244972072541714,True,
3497,onnx_model_060,measure,17.535826075416526,17.5368858599104,17.53787398803979,0.9881281293928623,True,
3498,onnx_model_060,measure,17.539720217814317,17.540095219854265,17.54105293098837,0.9577111341059208,True,
3499,onnx_model_034,measure,17.54461755522544,17.545272741932422,17.54623092385009,0.9581819176673889,True,
3500,onnx_model_057,measure,17.548857818552907,17.549474569037557,17.550559921655804,1.0853526182472706,True,
3501,onnx_model_088,measure,17.549353636239303,17.549655973911285,17.55069243395701,1.0364600457251072,True,
3502,onnx_model_000,measure,17.549430471564452,17.550091160926968,17.551065793726593,0.9746327996253967,True,
3503,onnx_model_010,measure,17.55902015609719,17.559368365909904,17.560360070783645,0.9917048737406731,True,
3504,onnx_model_039,measure,17.574588940863517,17.575583769008517,17.576547640841454,0.9638718329370022,True,
3505,onnx_model_082,measure,17.575944420765254,17.576657459605485,17.577595512848347,0.9380532428622246,True,
3506,onnx_model_013,measure,17.58621142276783,17.587850095704198,17.588870655745268,1.0205600410699844,True,
3507,onnx_model_048,measure,17.595855003091135,17.59609165182337,17.597018523607403,0.9268717840313911,True,
3508,onnx_model_064,measure,17.603270935832146,17.604235151782632,17.605071390978992,0.8362391963601112,True,
3509,onnx_model_036,measure,17.60507163571953,17.60521872062236,17.60604304773733,0.824327114969492,True,
3510,onnx_model_074,measure,17.605268826987004,17.60557326488197,17.606438719667494,0.8654547855257988,True,
3511,onnx_model_002,measure,17.611606546997272,17.612674583680928,17.613415932748467,0.7413490675389767,True,
3512,onnx_model_065,measure,17.621765238524787,17.62365357298404,17.624472470022738,0.8188970386981964,True,
3513,onnx_model_099,measure,17.627936114818894,17.62870449386537,17.629525424912572,0.8209310472011566,True,
3514,onnx_model_041,measure,17.64868158294871,17.64982404978946,17.650940391700715,1.1163419112563133,True,
3515,onnx_model_096,measure,17.651936624901634,17.6521937539801,17.653064019046724,0.8702650666236877,True,
3516,onnx_model_048,measure,17.65630062982719,17.65729646384716,17.658132512588054,0.8360487408936024,True,
3517,onnx_model_092,measure,17.659209089215512,17.660361219663173,17.661135180853307,0.7739611901342869,True,
3518,onnx_model_002,measure,17.664935295314397,17.665368638001382,17.666365963872522,0.9973258711397648,True,
3519,onnx_model_076,measure,17.664954329630106,17.6655334206298,17.66668724361807,1.1538229882717133,True,
3520,onnx_model_070,measure,17.666444608953704,17.666784548666328,17.667588617652655,0.8040689863264561,True,
3521,onnx_model_054,measure,17.674802968458895,17.67583134584129,17.676664359867573,0.8330140262842178,True,
3522,onnx_model_082,measure,17.68290931378961,17.683888421859592,17.685054627712816,1.1662058532238007,True,
3523,onnx_model_059,measure,17.684020683198675,17.684256691951305,17.685186648741364,0.9299567900598049,True,
3524,onnx_model_009,measure,17.684458454801728,17.68464544089511,17.68554303701967,0.8975961245596409,True,
3525,onnx_model_024,measure,17.68907850768469,17.689782925881445,17.691072306595743,1.2893807142972946,True,
3526,onnx_model_029,measure,17.68908611192158,17.689985831733793,17.690945475827903,0.9596440941095352,True,
3527,onnx_model_099,measure,17.69828597000492,17.6992917410098,17.70032735960558,1.035618595778942,True,
3528,onnx_model_093,measure,17.70583958507792,17.706550468690693,17.707559688016772,1.0092193260788918,True,
3529,onnx_model_045,measure,17.710421702466686,17.71078109089285,17.711776692885906,0.9956019930541515,True,
3530,onnx_model_040,measure,17.71237078149391,17.712997383903712,17.71398108266294,0.9836987592279911,True,
3531,onnx_model_090,measure,17.715413782267007,17.716205341741443,17.717227844987065,1.0225032456219196,True,
3532,onnx_model_056,measure,17.716722946662163,17.717323596589267,17.718301565852016,0.9779692627489567,True,
3533,onnx_model_017,measure,17.75082222508765,17.751623536925763,17.752844247035682,1.2207101099193096,True,
3534,onnx_model_039,measure,17.753853701249326,17.75412023300305,17.755136153660715,1.0159206576645374,True,
3535,onnx_model_097,measure,17.756800752823896,17.7574110776186,17.758279618807137,0.8685411885380745,True,
3536,onnx_model_061,measure,17.75920716278155,17.759545414708555,17.76050421781838,0.9588031098246574,True,
3537,onnx_model_023,measure,17.76193902446144,17.762786485720426,17.763769493903965,0.9830081835389137,True,
3538,onnx_model_041,measure,17.765928153978944,17.767156522721052,17.768275268841535,1.1187461204826832,True,
3539,onnx_model_016,measure,17.772810901827516,17.773550546728075,17.77434274274856,0.7921960204839706,True,
3540,onnx_model_049,measure,17.77853849658428,17.77957018883899,17.78044054377824,0.8703549392521381,True,
3541,onnx_model_068,measure,17.786677737653953,17.787683070637286,17.788482910953462,0.7998403161764145,True,
3542,onnx_model_089,measure,17.79405691563473,17.794731688685715,17.795538953971118,0.8072652854025364,True,
3543,onnx_model_066,measure,17.80508470782599,17.80570649076253,17.806337229907513,0.6307391449809074,True,
3544,onnx_model_043,measure,17.80669779159793,17.80748728569597,17.808150626718998,0.6633410230278969,True,
3545,onnx_model_026,measure,17.808004872036626,17.80827861977741,17.809059774968773,0.7811551913619041,True,
3546,onnx_model_005,measure,17.81012054247202,17.81129300966859,17.812050589825958,0.7575801573693752,True,
3547,onnx_model_046,measure,17.815101877796973,17.81626744568348,17.8170581785962,0.7907329127192497,True,
3548,onnx_model_013,measure,17.81786251666442,17.81827666470781,17.819076595827937,0.7999311201274395,True,
3549,onnx_model_032,measure,17.82726226046892,17.82941587874666,17.830226429738104,0.8105509914457798,True,
3550,onnx_model_046,measure,17.831153013154136,17.83145746961236,17.832270856015384,0.8133864030241966,True,
3551,onnx_model_097,measure,17.83436786934137,17.83549179881811,17.836255700793117,0.7639019750058651,True,
3552,onnx_model_065,measure,17.844603742879894,17.846492929849774,17.847312207799405,0.8192779496312141,True,
3553,onnx_model_045,measure,17.857763635558648,17.858533788938075,17.859384134877473,0.8503459393978119,True,
3554,onnx_model_009,measure,17.878706481920855,17.879605632741004,17.880450228694826,0.8445959538221359,True,
3555,onnx_model_032,measure,17.883524786499397,17.884682743810117,17.885548599995673,0.8658561855554581,True,
3556,onnx_model_037,measure,17.888942651141242,17.889781856909394,17.89068395178765,0.902094878256321,True,
3557,onnx_model_009,measure,17.89505012886811,17.8959077806212,17.896777574904263,0.8697942830622196,True,
3558,onnx_model_073,measure,17.903183234408623,17.904001486022025,17.90497207082808,0.9705848060548306,True,
3559,onnx_model_003,measure,17.906259005869167,17.907136084977537,17.907865661662072,0.7295766845345497,True,
3560,onnx_model_055,measure,17.91347109920816,17.914087608922273,17.915017907042056,0.9302981197834015,True,
3561,onnx_model_056,measure,17.91481461278086,17.915112506598234,17.91601720592007,0.9046993218362331,True,
3562,onnx_model_016,measure,17.918282222555447,17.91924279788509,17.920074068009853,0.8312701247632504,True,
3563,onnx_model_021,measure,17.922651188872095,17.923299789894372,17.924186795949936,0.8870060555636883,True,
3564,onnx_model_067,measure,17.932194429423266,17.932402562815696,17.933294698596,0.8921357803046703,True,
3565,onnx_model_075,measure,17.94478767373107,17.945516510866582,17.946642471011728,1.1259601451456547,True,
3566,onnx_model_068,measure,17.95002737274321,17.950860959943384,17.95273100398481,1.8700440414249897,True,
3567,onnx_model_021,measure,17.951427125897673,17.9523779428564,17.953318460844457,0.9405179880559444,True,
3568,onnx_model_015,measure,17.957168523749452,17.957591492682695,17.958877929020673,1.2864363379776478,True,
3569,onnx_model_078,measure,17.964137398362244,17.965095426887274,17.966555743012577,1.4603161253035069,True,
3570,onnx_model_003,measure,17.966174148965358,17.966660992708057,17.9675528886728,0.8918959647417068,True,
3571,onnx_model_027,measure,17.98377043579791,17.984778551850468,17.985699492972344,0.9209411218762398,True,
3572,onnx_model_074,measure,17.990272549451632,17.990920717827976,17.991832009982318,0.9112921543419361,True,
3573,onnx_model_081,measure,17.99530700429197,17.996059445664287,17.996983121614903,0.9236759506165981,True,
3574,onnx_model_099,measure,17.99933407824191,18.00020840158686,18.00113581493497,0.92741334810853,True,
3575,onnx_model_064,measure,18.00440119399132,18.00535701867193,18.006288088858128,0.9310701861977577,True,
3576,onnx_model_070,measure,18.006523669980115,18.007515070959926,18.008578762877733,1.0636919178068638,True,
3577,onnx_model_069,measure,18.00656697546488,18.007693510036916,18.008708058856428,1.0145488195121288,True,
3578,onnx_model_034,measure,18.033804624424732,18.035933109931648,18.03689844487235,0.9653349407017231,True,
3579,onnx_model_026,measure,18.06966045467048,18.07019789284095,18.07124783890322,1.0499460622668266,True,
3580,onnx_model_051,measure,18.073105287059665,18.073552779853344,18.074649564921856,1.096785068511963,True,
3581,onnx_model_017,measure,18.074060079267035,18.074761266820133,18.07584311394021,1.081847120076418,True,
3582,onnx_model_028,measure,18.076048218588152,18.077101856004447,18.078192008659244,1.0901526547968388,True,
3583,onnx_model_027,measure,18.076594050915087,18.077278872951865,18.0783070968464,1.0282238945364952,True,
3584,onnx_model_051,measure,18.087177467330342,18.08855739189312,18.089596015866846,1.0386239737272263,True,
3585,onnx_model_050,measure,18.098894569557853,18.09996531670913,18.100962221622467,0.9969049133360386,True,
3586,onnx_model_016,measure,18.12922402476286,18.130270261783153,18.131452358793467,1.1820970103144646,True,
3587,onnx_model_027,measure,18.129399412874317,18.130458320025355,18.131575332954526,1.1170129291713238,True,
3588,onnx_model_025,measure,18.135676835064338,18.136893551796675,18.138285557739437,1.392005942761898,True,
3589,onnx_model_018,measure,18.135836316654135,18.13708316301927,18.138340742792934,1.2575797736644745,True,
3590,onnx_model_058,measure,18.137926039896264,18.138445682823658,18.13946508988738,1.0194070637226105,True,
3591,onnx_model_078,measure,18.141366181117935,18.141786171589047,18.14275225903839,0.9660874493420124,True,
3592,onnx_model_092,measure,18.15193399591385,18.153056364972144,18.154096321668476,1.039956696331501,True,
3593,onnx_model_079,measure,18.154724065493074,18.155409418046474,18.156654324848205,1.2449068017303944,True,
3594,onnx_model_080,measure,18.15496305529224,18.155595992691815,18.156858902890235,1.2629101984202862,True,
3595,onnx_model_047,measure,18.155100811337313,18.155770814977586,18.156817293725908,1.0464787483215332,True,
3596,onnx_model_046,measure,18.157528525468514,18.158085744827986,18.158985334914178,0.8995900861918926,True,
3597,onnx_model_083,measure,18.159632643941467,18.16021099500358,18.161255951970816,1.0449569672346115,True,
3598,onnx_model_026,measure,18.162951208676997,18.16348948702216,18.16431168001145,0.8221929892897606,True,
3599,onnx_model_095,measure,18.17657365143775,18.178537731990218,18.179548512678593,1.0107806883752346,True,
3600,onnx_model_010,measure,18.182057306099168,18.182772130705416,18.183760719839483,0.988589134067297,True,
3601,onnx_model_041,measure,18.184603485383057,18.18498205160722,18.185884536709636,0.9024851024150848,True,
3602,onnx_model_093,measure,18.209973932865616,18.211187103763223,18.212265783920884,1.078680157661438,True,
3603,onnx_model_027,measure,18.21732969809812,18.218572391662747,18.219986130017787,1.4137383550405502,True,
3604,onnx_model_021,measure,18.227974474719556,18.22840181691572,18.22953568166122,1.1338647454977036,True,
3605,onnx_model_046,measure,18.228918209127066,18.229662412777543,18.230555830989033,0.8934182114899158,True,
3606,onnx_model_037,measure,18.23369735565362,18.234790690708905,18.235686753876507,0.8960631676018238,True,
3607,onnx_model_003,measure,18.235155523880678,18.235784890595824,18.23665003478527,0.8651441894471645,True,
3608,onnx_model_060,measure,18.236021848768672,18.236749213654548,18.237567498814315,0.818285159766674,True,
3609,onnx_model_009,measure,18.249303299462156,18.249797656666487,18.250567530747503,0.7698740810155869,True,
3610,onnx_model_074,measure,18.265748449852804,18.266890718601644,18.26811945391819,1.2287353165447712,True,
3611,onnx_model_057,measure,18.265858494257227,18.267116978764534,18.268173818010837,1.056839246302843,True,
3612,onnx_model_064,measure,18.268940571200346,18.269421068951488,18.27054882189259,1.1277529411017895,True,
3613,onnx_model_072,measure,18.269335108402,18.269836397841573,18.271062989719212,1.2265918776392937,True,
3614,onnx_model_060,measure,18.270307599088564,18.27066625561565,18.271633674856275,0.9674192406237125,True,
3615,onnx_model_028,measure,18.292353855858966,18.292860202956945,18.293861025944352,1.000822987407446,True,
3616,onnx_model_029,measure,18.30559956794005,18.30615938268602,18.307206853758544,1.047471072524786,True,
3617,onnx_model_036,measure,18.307078833373254,18.307375474832952,18.30842598201707,1.0505071841180325,True,
3618,onnx_model_065,measure,18.311492063025668,18.312696208711714,18.31373436190188,1.0381531901657581,True,
3619,onnx_model_044,measure,18.31899562893699,18.319973691832274,18.320970276836306,0.9965850040316582,True,
3620,onnx_model_032,measure,18.32589573378438,18.32619705190882,18.327202633954585,1.005582045763731,True,
3621,onnx_model_018,measure,18.33349554990041,18.334429610986263,18.33541371161118,0.9841006249189377,True,
3622,onnx_model_038,measure,18.344316359672295,18.34565093088895,18.34664355777204,0.9926268830895424,True,
3623,onnx_model_017,measure,18.345712482624172,18.346027547027916,18.347063515800983,1.0359687730669975,True,
3624,onnx_model_088,measure,18.354163900007826,18.355306003708392,18.356310492847115,1.0044891387224197,True,
3625,onnx_model_093,measure,18.35808338545783,18.358529310673475,18.35950399376452,0.974683091044426,True,
3626,onnx_model_099,measure,18.361220739760203,18.361736667808145,18.362744513899088,1.0078460909426212,True,
3627,onnx_model_077,measure,18.365036537059435,18.365977147594094,18.366988660767674,1.0115131735801697,True,
3628,onnx_model_031,measure,18.37456955110095,18.375209407880902,18.376204730011523,0.9953221306204796,True,
3629,onnx_model_069,measure,18.38202316140519,18.382424011826515,18.383339582011104,0.9155701845884323,True,
3630,onnx_model_014,measure,18.383208682327197,18.383470109663904,18.384472455829382,1.0023461654782295,True,
3631,onnx_model_027,measure,18.386318975992236,18.386709146667272,18.387648802716285,0.9396560490131378,True,
3632,onnx_model_032,measure,18.417281202970592,18.4179551419802,18.419301440939307,1.346298959106207,True,
3633,onnx_model_086,measure,18.417602358641265,18.418152395635843,18.41980163101107,1.649235375225544,True,
3634,onnx_model_090,measure,18.418853536717727,18.41940945573151,18.420421298593283,1.0118428617715836,True,
3635,onnx_model_029,measure,18.430388990344618,18.430737979710102,18.43176867859438,1.0306988842785358,True,
3636,onnx_model_055,measure,18.435167700278505,18.436007846612483,18.437063423916698,1.0555773042142391,True,
3637,onnx_model_051,measure,18.43628417649096,18.43716366402805,18.43819317081943,1.029506791383028,True,
3638,onnx_model_008,measure,18.43735554043185,18.437540059909225,18.438685877714306,1.145817805081606,True,
3639,onnx_model_056,measure,18.437795272171456,18.438291769009084,18.43926990777254,0.9781387634575367,True,
3640,onnx_model_079,measure,18.440257521286746,18.440505777020007,18.443989047780633,3.483270760625601,True,
3641,onnx_model_038,measure,18.455621138132532,18.45621283398941,18.457141128834337,0.9282948449254036,True,
3642,onnx_model_089,measure,18.45716820382535,18.458359183743596,18.45936253061518,1.0033468715846539,True,
3643,onnx_model_018,measure,18.464827253571638,18.46558653190732,18.466492244042456,0.9057121351361275,True,
3644,onnx_model_014,measure,18.466604133786856,18.467718875966966,18.468496372923255,0.7774969562888145,True,
3645,onnx_model_029,measure,18.47092706751346,18.47172907786444,18.472567341756076,0.8382638916373253,True,
3646,onnx_model_084,measure,18.473520008370507,18.47375965770334,18.47457506787032,0.8154101669788361,True,
3647,onnx_model_084,measure,18.478017078124996,18.478861555922776,18.479791222605854,0.9296666830778122,True,
3648,onnx_model_036,measure,18.49688190923213,18.499123641755432,18.500186771620065,1.0631298646330833,True,
3649,onnx_model_041,measure,18.508923143954735,18.510484267026186,18.512075510807335,1.5912437811493874,True,
3650,onnx_model_088,measure,18.511332643759626,18.512198745738715,18.51312141958624,0.9226738475263119,True,
3651,onnx_model_018,measure,18.52125506082004,18.52329850476235,18.52390810381621,0.6095990538597107,True,
3652,onnx_model_092,measure,18.531369430864633,18.532172141596675,18.5329551207833,0.7829791866242886,True,
3653,onnx_model_089,measure,18.53218442484532,18.53251134697348,18.533362003974617,0.8506570011377335,True,
3654,onnx_model_022,measure,18.532393975571914,18.53264501085505,18.533452956937253,0.8079460822045803,True,
3655,onnx_model_067,measure,18.54248969893907,18.54368570772931,18.544647074770182,0.9613670408725739,True,
3656,onnx_model_011,measure,18.557873388815278,18.558804345782846,18.559548581019044,0.74423523619771,True,
3657,onnx_model_039,measure,18.55935255370429,18.55959576088935,18.560248070862144,0.6523099727928638,True,
3658,onnx_model_051,measure,18.573830629745288,18.574427413754165,18.575288920663297,0.8615069091320038,True,
3659,onnx_model_056,measure,18.574760199749573,18.57534987665713,18.576109420973808,0.7595443166792393,True,
3660,onnx_model_030,measure,18.5837388609535,18.584297094959766,18.585099569987506,0.8024750277400017,True,
3661,onnx_model_057,measure,18.590018024569396,18.59027300402522,18.59099645866081,0.7234546355903149,True,
3662,onnx_model_095,measure,18.594241132790142,18.595166966784745,18.595896733924747,0.7297671400010586,True,
3663,onnx_model_095,measure,18.60196256496577,18.603054970968515,18.60376121290028,0.7062419317662716,True,
3664,onnx_model_071,measure,18.607662999058025,18.60789853800088,18.608553973957896,0.6554359570145607,True,
3665,onnx_model_024,measure,18.608814137323222,18.609680694993585,18.610317004844546,0.6363098509609699,True,
3666,onnx_model_028,measure,18.61389772335428,18.614470900967717,18.61511489469558,0.6439937278628349,True,
3667,onnx_model_058,measure,18.61873538178226,18.619273309595883,18.61999043263495,0.7171230390667915,True,
3668,onnx_model_033,measure,18.62386664709541,18.624148005619645,18.62475513992831,0.6071343086659908,True,
3669,onnx_model_061,measure,18.639445626800054,18.63991862302646,18.640581763815135,0.6631407886743546,True,
3670,onnx_model_048,measure,18.642518922815707,18.64270243467763,18.643266496714205,0.5640620365738869,True,
3671,onnx_model_055,measure,18.646376575327224,18.64742586389184,18.64801213797182,0.586274079978466,True,
3672,onnx_model_050,measure,18.65706176213586,18.65817698976025,18.658746862784028,0.5698730237782001,True,
3673,onnx_model_028,measure,18.6582539771461,18.658394863829017,18.658968444913626,0.5735810846090317,True,
3674,onnx_model_097,measure,18.667327172057714,18.669121634680778,18.669694152660668,0.5725179798901081,True,
3675,onnx_model_008,measure,18.674535316170694,18.67484836978838,18.675401060841978,0.5526910535991192,True,
3676,onnx_model_095,measure,18.68780135119354,18.689558492042124,18.69028797885403,0.7294868119060993,True,
3677,onnx_model_044,measure,18.688077212408604,18.689654614776373,18.69022366590798,0.569051131606102,True,
3678,onnx_model_028,measure,18.702171693021757,18.702429587952793,18.70313675282523,0.7071648724377155,True,
3679,onnx_model_057,measure,18.70227142655817,18.702508908696473,18.70305459573865,0.5456870421767235,True,
3680,onnx_model_038,measure,18.71392228036144,18.71428730804473,18.714792417827994,0.5051097832620144,True,
3681,onnx_model_093,measure,18.723021073458007,18.724956278689206,18.72550037270412,0.5440940149128437,True,
3682,onnx_model_038,measure,18.734306700161543,18.735669082030654,18.73637367086485,0.7045888341963291,True,
3683,onnx_model_028,measure,18.73455731651592,18.735764222685248,18.73651708383113,0.7528611458837986,True,
3684,onnx_model_078,measure,18.73526513823073,18.73584805196151,18.73649125499651,0.6432030349969864,True,
3685,onnx_model_006,measure,18.737304711828003,18.73765744175762,18.738202617969364,0.5451762117445469,True,
3686,onnx_model_054,measure,18.740743437914873,18.74136086087674,18.741951363626868,0.5905027501285076,True,
3687,onnx_model_099,measure,18.741519523364758,18.742008131928742,18.74258387601003,0.5757440812885761,True,
3688,onnx_model_025,measure,18.74217894112335,18.742637747898698,18.743180569726974,0.542821828275919,True,
3689,onnx_model_002,measure,18.7432994720092,18.74431297276169,18.744790359865874,0.47738710418343544,True,
3690,onnx_model_046,measure,18.74705783100395,18.747944535687566,18.748494531027973,0.5499953404068947,True,
3691,onnx_model_025,measure,18.756582384427833,18.75868534296751,18.75938373990357,0.6983969360589981,True,
3692,onnx_model_026,measure,18.75907178125679,18.759459184017032,18.760051739867777,0.5925558507442474,True,
3693,onnx_model_022,measure,18.768196081523048,18.770216120872647,18.771019878797233,0.8037579245865345,True,
3694,onnx_model_007,measure,18.76954984066524,18.770315540023148,18.77112049004063,0.8049500174820423,True,
3695,onnx_model_034,measure,18.80729789412476,18.808409250807017,18.809563174843788,1.153924036771059,True,
3696,onnx_model_010,measure,18.808699833545198,18.809692369773984,18.810890988912433,1.1986191384494305,True,
3697,onnx_model_056,measure,18.80955318819905,18.810133748687804,18.81136719370261,1.2334450148046017,True,
3698,onnx_model_059,measure,18.82166652530503,18.822691559791565,18.823789606802166,1.0980470106005669,True,
3699,onnx_model_033,measure,18.828787877118774,18.829094169661403,18.83011296670884,1.0187970474362373,True,
3700,onnx_model_025,measure,18.830147328989444,18.831444778945297,18.83250339096412,1.0586120188236237,True,
3701,onnx_model_071,measure,18.838843040531657,18.839808456599712,18.840895251836628,1.08679523691535,True,
3702,onnx_model_009,measure,18.849415967497073,18.851213034708053,18.852633584756404,1.4205500483512878,True,
3703,onnx_model_054,measure,18.850573784472115,18.85140111297369,18.852690423838794,1.2893108651041985,True,
3704,onnx_model_094,measure,18.850748668486627,18.851552520878613,18.852797536645085,1.2450157664716244,True,
3705,onnx_model_052,measure,18.85352675110827,18.85409094579518,18.85513397771865,1.0430319234728813,True,
3706,onnx_model_069,measure,18.856935481547254,18.857372352853417,18.85829042783007,0.9180749766528606,True,
3707,onnx_model_028,measure,18.86165440681134,18.862518544774503,18.863550596870482,1.0320520959794521,True,
3708,onnx_model_035,measure,18.86414627956182,18.86476988485083,18.8658856456168,1.1157607659697533,True,
3709,onnx_model_054,measure,18.864653443890422,18.86493623070419,18.866033346857876,1.0971161536872387,True,
3710,onnx_model_043,measure,18.88391345949572,18.88526707701385,18.886185803916305,0.9187269024550915,True,
3711,onnx_model_014,measure,18.890696161415363,18.89142763800919,18.89234929997474,0.9216619655489922,True,
3712,onnx_model_036,measure,18.90071004897479,18.902666550595313,18.903699905611575,1.0333550162613392,True,
3713,onnx_model_028,measure,18.904740547355757,18.905958778690547,18.907107813749462,1.149035058915615,True,
3714,onnx_model_033,measure,18.90550167580987,18.906141746789217,18.907247458584607,1.1057117953896523,True,
3715,onnx_model_075,measure,18.913579868682326,18.914477912709117,18.915322858840227,0.8449461311101913,True,
3716,onnx_model_046,measure,18.923886513673537,18.92555733397603,18.926737125962973,1.1797919869422913,True,
3717,onnx_model_097,measure,18.925387744412905,18.925744158681482,18.926856262609363,1.1121039278805256,True,
3718,onnx_model_050,measure,18.92676582507989,18.926987912971526,18.927887782920152,0.8998699486255646,True,
3719,onnx_model_066,measure,18.92984247829772,18.930109936743975,18.93103828188032,0.9283451363444328,True,
3720,onnx_model_046,measure,18.93476701600641,18.935263322666287,18.936086266767234,0.822944100946188,True,
3721,onnx_model_032,measure,18.939703132954804,18.940309254918247,18.94159482885152,1.2855739332735538,True,
3722,onnx_model_025,measure,18.9503390615397,18.951838810928166,18.956509919837117,4.6711089089512825,True,
3723,onnx_model_040,measure,18.95108632048901,18.95200213091448,18.95655611762777,4.5539867132902145,True,
3724,onnx_model_079,measure,18.95831678113146,18.95877976482734,18.96044812584296,1.6683610156178474,True,
3725,onnx_model_013,measure,18.968927294841627,18.970723828766495,18.971634489949793,0.9106611832976341,True,
3726,onnx_model_057,measure,18.972207302828554,18.972855450585485,18.973655411042273,0.7999604567885399,True,
3727,onnx_model_088,measure,18.9787481862629,18.97988110501319,18.980918617919087,1.03751290589571,True,
3728,onnx_model_007,measure,18.97973004744815,18.980039265938103,18.981029659043998,0.9903931058943272,True,
3729,onnx_model_047,measure,18.982323718188372,18.98325001867488,18.98411340964958,0.8633909747004509,True,
3730,onnx_model_072,measure,18.984094556776913,18.98425831599161,18.98508093971759,0.8226237259805202,True,
3731,onnx_model_054,measure,18.98418292919748,18.984633568674326,18.98541476391256,0.7811952382326126,True,
3732,onnx_model_087,measure,18.989279003214317,18.989696292672306,18.990527573041618,0.8312803693115711,True,
3733,onnx_model_050,measure,18.992309787165286,18.99274937575683,18.99370741704479,0.958041287958622,True,
3734,onnx_model_089,measure,18.99328209059065,18.993802387733012,18.994752102997154,0.9497152641415596,True,
3735,onnx_model_041,measure,18.99446820070888,18.994844038039446,18.995783634018153,0.9395959787070751,True,
3736,onnx_model_096,measure,18.995389337206312,18.995877692941576,18.99671840062365,0.8407076820731163,True,
3737,onnx_model_004,measure,19.007693915020813,19.007946082856506,19.00886567076668,0.9195879101753235,True,
3738,onnx_model_041,measure,19.008712768421947,19.00899752182886,19.00985355861485,0.8560367859899998,True,
3739,onnx_model_079,measure,19.011448773297726,19.012071173638105,19.012919075787067,0.8479021489620209,True,
3740,onnx_model_090,measure,19.012665240549047,19.01301265368238,19.013843914028257,0.8312603458762169,True,
3741,onnx_model_076,measure,19.01471502684045,19.01506962394342,19.01615191064775,1.0822867043316364,True,
3742,onnx_model_003,measure,19.0147989999189,19.015230449847877,19.016267420724034,1.0369708761572838,True,
3743,onnx_model_058,measure,19.021969466178998,19.022487924899906,19.023332530632615,0.8446057327091694,True,
3744,onnx_model_047,measure,19.029325458387934,19.029554647859186,19.030454417690635,0.8997698314487934,True,
3745,onnx_model_008,measure,19.03023976715938,19.030548366717994,19.031383814755827,0.8354480378329754,True,
3746,onnx_model_038,measure,19.035278806957717,19.035606381949037,19.036800611764193,1.1942298151552677,True,
3747,onnx_model_024,measure,19.03571445581228,19.035976745653898,19.036986354738474,1.0096090845763683,True,
3748,onnx_model_096,measure,19.03604211887148,19.03628748562187,19.037523705977947,1.2362203560769558,True,
3749,onnx_model_052,measure,19.037006125181904,19.037148403003812,19.038024527952075,0.8761249482631683,True,
3750,onnx_model_097,measure,19.040610804514202,19.041250730864704,19.04237420577556,1.1234749108552933,True,
3751,onnx_model_063,measure,19.040918267236187,19.041415713727474,19.042923680972308,1.5079672448337078,True,
3752,onnx_model_084,measure,19.04221332479793,19.04255429888144,19.04348508780822,0.9307889267802238,True,
3753,onnx_model_020,measure,19.043739120903695,19.044712390750647,19.045607451815158,0.8950610645115376,True,
3754,onnx_model_074,measure,19.04740516047221,19.047837931662798,19.048836229834706,0.9982981719076633,True,
3755,onnx_model_048,measure,19.04820699240672,19.04894712101668,19.04985088761896,0.9037666022777557,True,
3756,onnx_model_066,measure,19.053574362552588,19.0541635658592,19.05532436259091,1.160796731710434,True,
3757,onnx_model_002,measure,19.05388499782497,19.05435291584581,19.055482462979853,1.1295471340417862,True,
3758,onnx_model_000,measure,19.055151397706105,19.055589305702597,19.056733961682767,1.144655980169773,True,
3759,onnx_model_007,measure,19.055245295814064,19.055793824605644,19.05679769301787,1.0038684122264385,True,
3760,onnx_model_011,measure,19.06531467323123,19.06711388286203,19.068097662646323,0.9837797842919827,True,
3761,onnx_model_076,measure,19.069631908912253,19.070411150809377,19.07129242597148,0.8812751621007919,True,
3762,onnx_model_066,measure,19.07370195078978,19.07459924183786,19.075745309703052,1.1460678651928902,True,
3763,onnx_model_065,measure,19.074553918600902,19.075043345801532,19.076558084692806,1.514738891273737,True,
3764,onnx_model_091,measure,19.074637763424864,19.075213588774204,19.0766075886786,1.3939999043941498,True,
3765,onnx_model_032,measure,19.075208338863845,19.075847113970667,19.077202880755067,1.3557667843997478,True,
3766,onnx_model_097,measure,19.075429471150517,19.07603707490489,19.077158086001873,1.121011096984148,True,
3767,onnx_model_059,measure,19.07596599271114,19.076735361944884,19.07767918566242,0.9438237175345421,True,
3768,onnx_model_092,measure,19.10041551067251,19.100985748693347,19.101939621847123,0.9538731537759304,True,
3769,onnx_model_096,measure,19.103539288574183,19.10425221780315,19.10545301064849,1.200792845338583,True,
3770,onnx_model_029,measure,19.103777859101232,19.104441036935896,19.105507724918425,1.0666879825294018,True,
3771,onnx_model_036,measure,19.105676366447195,19.106809529010206,19.107662820722908,0.8532917127013206,True,
3772,onnx_model_084,measure,19.110661151268562,19.110967642627656,19.111892931628972,0.9252890013158321,True,
3773,onnx_model_051,measure,19.11833474915736,19.119204760994762,19.12032352667302,1.11876567825675,True,
3774,onnx_model_010,measure,19.118374719468424,19.119391765911132,19.120376597624272,0.9848317131400108,True,
3775,onnx_model_072,measure,19.122240799062272,19.12269473494962,19.12365711387247,0.9623789228498936,True,
3776,onnx_model_026,measure,19.124680983921095,19.125973807647824,19.12703932262957,1.0655149817466736,True,
3777,onnx_model_047,measure,19.131812678384705,19.13234511902556,19.133208168670535,0.8630496449768543,True,
3778,onnx_model_004,measure,19.134111408652377,19.134444278664887,19.135378073900938,0.9337952360510826,True,
3779,onnx_model_031,measure,19.136076488739654,19.13660804182291,19.137393273878843,0.7852320559322834,True,
3780,onnx_model_054,measure,19.1542250052426,19.15463493904099,19.155462451744825,0.8275127038359642,True,
3781,onnx_model_001,measure,19.158896489701362,19.159700827673078,19.160557305905968,0.8564782328903675,True,
3782,onnx_model_022,measure,19.162227881381895,19.16278333775699,19.163638562895358,0.8552251383662224,True,
3783,onnx_model_092,measure,19.163867414200862,19.164861196652055,19.16562724392861,0.7660472765564919,True,
3784,onnx_model_047,measure,19.16921280316106,19.169850791804492,19.17065293667838,0.8021448738873005,True,
3785,onnx_model_078,measure,19.179163415927036,19.18087125988677,19.181948657613248,1.0773977264761925,True,
3786,onnx_model_007,measure,19.18022036752972,19.180981058627367,19.181974466890097,0.9934082627296448,True,
3787,onnx_model_045,measure,19.18059670914725,19.181068734731525,19.18184464983642,0.7759151048958302,True,
3788,onnx_model_050,measure,19.18789082902335,19.188214127905667,19.18934393581003,1.1298079043626785,True,
3789,onnx_model_099,measure,19.188036675841243,19.188357760664076,19.189295392949134,0.9376322850584984,True,
3790,onnx_model_094,measure,19.188192443231536,19.188738935627043,19.189439356792718,0.7004211656749249,True,
3791,onnx_model_087,measure,19.18955507090434,19.190656780730933,19.191460869740695,0.8040890097618103,True,
3792,onnx_model_080,measure,19.191854885975985,19.19271379103884,19.193490346893668,0.7765558548271656,True,
3793,onnx_model_076,measure,19.202474736921292,19.203736142721027,19.204474115744233,0.7379730232059956,True,
3794,onnx_model_027,measure,19.205379157186822,19.205730944871902,19.206491420976818,0.7604761049151421,True,
3795,onnx_model_045,measure,19.21550397196702,19.216744519770145,19.21746031101793,0.7157912477850914,True,
3796,onnx_model_031,measure,19.221635017250215,19.22271800460294,19.22335099801421,0.6329934112727642,True,
3797,onnx_model_064,measure,19.227243028733163,19.22766054980457,19.228433128912002,0.7725791074335575,True,
3798,onnx_model_097,measure,19.237673996620536,19.238651261664927,19.23923030262813,0.5790409632027149,True,
3799,onnx_model_024,measure,19.246360413095953,19.24743192270398,19.248067430686206,0.635507982224226,True,
3800,onnx_model_011,measure,19.247914381886773,19.248132824897766,19.248728316742927,0.5954918451607227,True,
3801,onnx_model_041,measure,19.248891053390942,19.24992625368759,19.250553235877305,0.6269821897149086,True,
3802,onnx_model_009,measure,19.252227748763904,19.252755612600595,19.253313151653856,0.5575390532612801,True,
3803,onnx_model_022,measure,19.274675457426017,19.27552512381226,19.2761924630031,0.6673391908407211,True,
3804,onnx_model_074,measure,19.281986659480676,19.28248157678172,19.2833621208556,0.8805440738797188,True,
3805,onnx_model_075,measure,19.286090809411025,19.286692591849715,19.28768201265484,0.9894208051264286,True,
3806,onnx_model_082,measure,19.289179807140194,19.28998024063185,19.290838121902198,0.8578812703490257,True,
3807,onnx_model_014,measure,19.293450601279485,19.294144787825644,19.295259055681527,1.1142678558826447,True,
3808,onnx_model_093,measure,19.293637700378955,19.294328346848488,19.295312837697566,0.9844908490777016,True,
3809,onnx_model_058,measure,19.301241995642055,19.301604366861284,19.302558690775186,0.9543239139020443,True,
3810,onnx_model_049,measure,19.306907993621657,19.30785693274811,19.308837175834924,0.9802430868148804,True,
3811,onnx_model_073,measure,19.310372701382235,19.31104891980067,19.311591100879014,0.5421810783445835,True,
3812,onnx_model_041,measure,19.322696962841466,19.323880270589143,19.324424535036087,0.5442644469439983,True,
3813,onnx_model_075,measure,19.32393821429996,19.324144452810287,19.32458433881402,0.4398860037326813,True,
3814,onnx_model_002,measure,19.33274388396712,19.33478949777782,19.33531880378723,0.5293060094118118,True,
3815,onnx_model_021,measure,19.33527334124289,19.33541801199317,19.335946477018297,0.528465025126934,True,
3816,onnx_model_043,measure,19.3391866177626,19.340152030810714,19.34073075093329,0.5787201225757599,True,
3817,onnx_model_065,measure,19.339496668659567,19.340263241901994,19.340815271716565,0.5520298145711422,True,
3818,onnx_model_048,measure,19.341892053772366,19.34301252802834,19.343505575787276,0.493047758936882,True,
3819,onnx_model_002,measure,19.350493608774723,19.350715009961277,19.35123455664143,0.5195466801524162,True,
3820,onnx_model_014,measure,19.357882455161008,19.35842107795179,19.35899015981704,0.5690818652510643,True,
3821,onnx_model_012,measure,19.35875599375025,19.35905108600855,19.359523583669215,0.4724976606667042,True,
3822,onnx_model_074,measure,19.36742122404919,19.367773595731705,19.368523600976914,0.7500052452087402,True,
3823,onnx_model_030,measure,19.367866348300804,19.368134561926126,19.368839491624385,0.7049296982586384,True,
3824,onnx_model_069,measure,19.391633788967418,19.392066583037376,19.393044892698526,0.9783096611499786,True,
3825,onnx_model_073,measure,19.398791267798835,19.39929628558457,19.400280236732215,0.9839511476457119,True,
3826,onnx_model_065,measure,19.401176132415415,19.401516215875745,19.40243367990479,0.9174640290439129,True,
3827,onnx_model_053,measure,19.401417304244344,19.401896247640252,19.402861693874,0.9654462337493896,True,
3828,onnx_model_032,measure,19.409594010239534,19.410095734987408,19.411040750797838,0.9450158104300499,True,
3829,onnx_model_064,measure,19.412525390301315,19.413261151872575,19.414163165725768,0.9020138531923294,True,
3830,onnx_model_076,measure,19.42570870356743,19.426382212899625,19.42741497559473,1.0327626951038837,True,
3831,onnx_model_021,measure,19.42964890671675,19.430660735815763,19.43179095396772,1.1302181519567966,True,
3832,onnx_model_001,measure,19.42976316428983,19.430821450892836,19.43191452883184,1.093077939003706,True,
3833,onnx_model_090,measure,19.453247966010117,19.454120669979602,19.455160566605628,1.0398966260254383,True,
3834,onnx_model_000,measure,19.456742296579897,19.457459185738117,19.458423709031194,0.9645232930779457,True,
3835,onnx_model_034,measure,19.460291720934926,19.460735674016178,19.461715476587415,0.9798025712370872,True,
3836,onnx_model_018,measure,19.46131812425932,19.461817129980773,19.462765862699598,0.9487327188253403,True,
3837,onnx_model_030,measure,19.465397414287054,19.465992586687207,19.46663397597149,0.6413892842829227,True,
3838,onnx_model_083,measure,19.46689589031438,19.467848253902048,19.468872700817883,1.0244469158351421,True,
3839,onnx_model_063,measure,19.468745944188775,19.46901938971132,19.469845920801163,0.8265310898423195,True,
3840,onnx_model_031,measure,19.474923119257145,19.476085170637816,19.476916641928256,0.8314712904393673,True,
3841,onnx_model_088,measure,19.47841496074702,19.479139947798103,19.479951520916075,0.8115731179714203,True,
3842,onnx_model_027,measure,19.48106385690986,19.482178192585707,19.48313322896138,0.9550363756716251,True,
3843,onnx_model_081,measure,19.48188062010824,19.48233743570745,19.483278223779052,0.9407880716025829,True,
3844,onnx_model_089,measure,19.48559697670595,19.48650494776666,19.487430055625737,0.9251078590750694,True,
3845,onnx_model_023,measure,19.486804889421464,19.487524294760078,19.48847972182557,0.9554270654916763,True,
3846,onnx_model_020,measure,19.494785702242037,19.49571587704122,19.4965005479753,0.7846709340810776,True,
3847,onnx_model_093,measure,19.509227030099726,19.510684659704566,19.51163583761081,0.9511779062449932,True,
3848,onnx_model_042,measure,19.509972955381585,19.510780351702124,19.51208083378151,1.3004820793867111,True,
3849,onnx_model_014,measure,19.51139051093471,19.5117508568801,19.512597776949406,0.8469200693070889,True,
3850,onnx_model_042,measure,19.516041280280376,19.516833507921547,19.517689344938844,0.8558370172977448,True,
3851,onnx_model_076,measure,19.524865843551844,19.525868642609566,19.526924679987133,1.0560373775660992,True,
3852,onnx_model_067,measure,19.525189941985122,19.525962099898607,19.526967911981046,1.005812082439661,True,
3853,onnx_model_077,measure,19.528607575739024,19.52912200661376,19.5299299727194,0.8079661056399345,True,
3854,onnx_model_027,measure,19.53428806714188,19.53514756076038,19.536040558014065,0.8929972536861897,True,
3855,onnx_model_083,measure,19.535172528012534,19.535495140589774,19.53633485781029,0.8397172205150127,True,
3856,onnx_model_050,measure,19.545869036183785,19.546519787982106,19.54724179999903,0.7220120169222355,True,
3857,onnx_model_010,measure,19.558805556106506,19.559464824851602,19.56041307700798,0.9482521563768387,True,
3858,onnx_model_058,measure,19.562337800810077,19.562669194769114,19.563443006016314,0.7738112471997738,True,
3859,onnx_model_020,measure,19.56730218046177,19.567683496978134,19.568578619044274,0.8951220661401749,True,
3860,onnx_model_033,measure,19.5699798178367,19.570812614634633,19.571509108878672,0.6964942440390587,True,
3861,onnx_model_085,measure,19.57658624704629,19.577732267789543,19.57863335078582,0.9010829962790012,True,
3862,onnx_model_054,measure,19.597462321233014,19.597877501975745,19.598723870702088,0.8463687263429165,True,
3863,onnx_model_001,measure,19.59881654761328,19.599957605823874,19.600692732725292,0.7351269014179707,True,
3864,onnx_model_056,measure,19.600786380004408,19.60190772265196,19.602687675040215,0.7799523882567883,True,
3865,onnx_model_058,measure,19.607355162117457,19.607922615949064,19.608692239038646,0.769623089581728,True,
3866,onnx_model_064,measure,19.613126198773113,19.61392536573112,19.614745835773647,0.820470042526722,True,
3867,onnx_model_041,measure,19.614607381145554,19.614884809590876,19.61560635175556,0.721542164683342,True,
3868,onnx_model_045,measure,19.61670496200116,19.617845577653497,19.618766107596457,0.920529942959547,True,
3869,onnx_model_008,measure,19.617652835553617,19.61800513183698,19.618894862942398,0.8897311054170132,True,
3870,onnx_model_077,measure,19.6196894714173,19.620111915748566,19.62103895796463,0.9270422160625458,True,
3871,onnx_model_040,measure,19.622488764900595,19.623258056584746,19.624140393920243,0.8823373354971409,True,
3872,onnx_model_074,measure,19.626648033803697,19.627361446619034,19.62823542766273,0.8739810436964035,True,
3873,onnx_model_011,measure,19.64583891344435,19.64754185685888,19.64879092061892,1.2490637600421906,True,
3874,onnx_model_033,measure,19.647328009370558,19.647785239852965,19.648956876713783,1.1716368608176708,True,
3875,onnx_model_036,measure,19.657755010476542,19.659249861724675,19.660343249794096,1.093388069421053,True,
3876,onnx_model_078,measure,19.66371410694981,19.664653653744608,19.665765166748315,1.111513003706932,True,
3877,onnx_model_036,measure,19.67114255751052,19.672029804904014,19.673055874649435,1.0260697454214096,True,
3878,onnx_model_010,measure,19.672623385018074,19.67316443193704,19.674488438759,1.3240068219602108,True,
3879,onnx_model_098,measure,19.672688598113645,19.673353170976043,19.674545977730304,1.1928067542612553,True,
3880,onnx_model_005,measure,19.673205809387323,19.674020698759705,19.67499486077577,0.9741620160639286,True,
3881,onnx_model_085,measure,19.680193106912885,19.681172964628786,19.681919544003904,0.7465793751180172,True,
3882,onnx_model_073,measure,19.68813605746345,19.689155768603086,19.68998400401324,0.8282354101538658,True,
3883,onnx_model_094,measure,19.70433827719832,19.705139511730522,19.705885118804872,0.7456070743501186,True,
3884,onnx_model_016,measure,19.70833875227635,19.709033723920584,19.709702665917575,0.6689419969916344,True,
3885,onnx_model_047,measure,19.717622217877476,19.7179332007654,19.718978367745876,1.0451669804751873,True,
3886,onnx_model_034,measure,19.71854114493048,19.71907533193007,19.720115318894386,1.039986964315176,True,
3887,onnx_model_026,measure,19.723536809880947,19.724339918699116,19.725319400895387,0.9794821962714195,True,
3888,onnx_model_044,measure,19.73594636738978,19.736550219822675,19.73776645073667,1.2162309139966965,True,
3889,onnx_model_086,measure,19.736212433504512,19.736785305663943,19.737826135009527,1.0408293455839157,True,
3890,onnx_model_064,measure,19.73681496380132,19.73724107304588,19.73823486175388,0.9937887080013752,True,
3891,onnx_model_014,measure,19.74890257849529,19.749461972620338,19.750438078772277,0.9761061519384384,True,
3892,onnx_model_045,measure,19.7496613178202,19.749858596827835,19.75079716090113,0.9385640732944012,True,
3893,onnx_model_041,measure,19.753506874146346,19.754020337946713,19.754963049665093,0.9427117183804512,True,
3894,onnx_model_054,measure,19.75572254025635,19.75619181478396,19.757269012741745,1.0771979577839375,True,
3895,onnx_model_017,measure,19.75590960784704,19.756360545754433,19.757402235642076,1.0416898876428604,True,
3896,onnx_model_090,measure,19.759257111563034,19.759643977042288,19.760603731963784,0.9597549214959145,True,
3897,onnx_model_030,measure,19.760101472955196,19.760719992686063,19.761607178952545,0.8871862664818764,True,
3898,onnx_model_044,measure,19.763295256796564,19.763849150855094,19.764773868955672,0.9247181005775928,True,
3899,onnx_model_045,measure,19.771285473991497,19.77199618704617,19.77289479598403,0.8986089378595352,True,
3900,onnx_model_049,measure,19.789012287310968,19.790127772837877,19.790999890770763,0.8721179328858852,True,
3901,onnx_model_028,measure,19.791275629713482,19.792222043965012,19.79312351765111,0.9014736860990524,True,
3902,onnx_model_070,measure,19.794673281242307,19.795294453855604,19.79597668070346,0.6822268478572369,True,
3903,onnx_model_087,measure,19.805541359457944,19.806137073785067,19.80679225968197,0.6551858969032764,True,
3904,onnx_model_062,measure,19.808493425064867,19.808974898885936,19.80963925179094,0.6643529050052166,True,
3905,onnx_model_073,measure,19.81121817742061,19.811784138903022,19.812525338027626,0.7411991246044636,True,
3906,onnx_model_053,measure,19.811516541873893,19.81189622171223,19.812605530023575,0.709308311343193,True,
3907,onnx_model_004,measure,19.817146789054146,19.817762051708996,19.818458816036582,0.6967643275856972,True,
3908,onnx_model_066,measure,19.81818502315834,19.81850599590689,19.819222918711603,0.7169228047132492,True,
3909,onnx_model_023,measure,19.825014991946546,19.825387296732515,19.826203597709537,0.8163009770214558,True,
3910,onnx_model_000,measure,19.830627290834936,19.83136415760964,19.832182572688907,0.8184150792658329,True,
3911,onnx_model_066,measure,19.837863794978723,19.8383379438892,19.839167821686715,0.8298777975142002,True,
3912,onnx_model_021,measure,19.85018193202566,19.851334197912365,19.85205050976947,0.7163118571043015,True,
3913,onnx_model_069,measure,19.85183016238475,19.85209684772417,19.852685356978327,0.5885092541575432,True,
3914,onnx_model_054,measure,19.860467539763434,19.860901264008135,19.861842582933605,0.9413189254701138,True,
3915,onnx_model_013,measure,19.863958678396934,19.8650778029114,19.86590491468087,0.8271117694675922,True,
3916,onnx_model_040,measure,19.866553793519717,19.867124622687697,19.867870731744915,0.7461090572178364,True,
3917,onnx_model_007,measure,19.8688908672223,19.87009083200246,19.870878889691085,0.7880576886236668,True,
3918,onnx_model_095,measure,19.892513752733606,19.893106130883098,19.89403952471912,0.9333938360214233,True,
3919,onnx_model_055,measure,19.900263694375177,19.901244911830872,19.902108993846923,0.8640820160508156,True,
3920,onnx_model_030,measure,19.90230951074697,19.903309976682067,19.90423091687262,0.9209401905536652,True,
3921,onnx_model_077,measure,19.90728162440416,19.908463983796537,19.90943314600736,0.9691622108221054,True,
3922,onnx_model_037,measure,19.910345829936364,19.9106963169761,19.911696357652545,1.000040676444769,True,
3923,onnx_model_089,measure,19.916818001357687,19.91794339288026,19.918939335737377,0.9959428571164608,True,
3924,onnx_model_036,measure,19.924018818054805,19.92516101291403,19.92613472370431,0.9737107902765274,True,
3925,onnx_model_072,measure,19.931062642803933,19.931355707813054,19.932339627761394,0.9839199483394623,True,
3926,onnx_model_051,measure,19.938185383898656,19.93856603372842,19.94014531560242,1.5792818740010262,True,
3927,onnx_model_074,measure,19.938411633802023,19.938748721033335,19.940257378853858,1.5086578205227852,True,
3928,onnx_model_024,measure,19.942476883091445,19.943479783833027,19.944459956604987,0.9801727719604969,True,
3929,onnx_model_002,measure,19.948361387887527,19.948695508763194,19.94950796291232,0.8124541491270065,True,
3930,onnx_model_098,measure,19.950188068870574,19.950737219769508,19.951515989843756,0.7787700742483139,True,
3931,onnx_model_089,measure,19.953356586282048,19.9537892206572,19.9546868968755,0.8976762183010578,True,
3932,onnx_model_040,measure,19.96975355638727,19.97093822900206,19.971869559027255,0.9313300251960754,True,
3933,onnx_model_040,measure,19.970740569038284,19.971104103606194,19.97201842162758,0.9143180213868618,True,
3934,onnx_model_053,measure,19.974429668854917,19.97524026595056,19.976240737829357,1.0004718787968159,True,
3935,onnx_model_098,measure,19.97553749497923,19.97633732203394,19.977315150666982,0.9778286330401897,True,
3936,onnx_model_088,measure,19.97679094307491,19.977427734993398,19.978251039981842,0.8233049884438515,True,
3937,onnx_model_057,measure,19.979324411962885,19.98057777201757,19.98157075000927,0.9929779917001724,True,
3938,onnx_model_020,measure,19.98432784990605,19.98485571378842,19.985831839963794,0.9761261753737926,True,
3939,onnx_model_000,measure,19.98479446535827,19.985300819855183,19.986323984805495,1.023164950311184,True,
3940,onnx_model_083,measure,19.98724686883585,19.987573720980436,19.98854878358543,0.9750626049935818,True,
3941,onnx_model_093,measure,19.991092100044412,19.99178694980219,19.99268233170733,0.8953819051384926,True,
3942,onnx_model_087,measure,20.000406925085013,20.00091427890584,20.001694481819868,0.7802029140293598,True,
3943,onnx_model_043,measure,20.001589525748706,20.001840308774263,20.00278034573421,0.9400369599461555,True,
3944,onnx_model_088,measure,20.004679795340262,20.005003892816603,20.005759578663856,0.7556858472526073,True,
3945,onnx_model_044,measure,20.02401622587421,20.025060136802495,20.026311966590583,1.2518297880887985,True,
3946,onnx_model_002,measure,20.026248999136673,20.026486578863114,20.027351822704077,0.8652438409626484,True,
3947,onnx_model_038,measure,20.03044770389672,20.031675070989877,20.032527070958167,0.851999968290329,True,
3948,onnx_model_064,measure,20.036730429215666,20.037804822903126,20.038722527679056,0.917704775929451,True,
3949,onnx_model_021,measure,20.05313368655935,20.054031897801906,20.054979839827865,0.9479420259594917,True,
3950,onnx_model_021,measure,20.057104697817657,20.058294250629842,20.05955607863143,1.261828001588583,True,
3951,onnx_model_078,measure,20.058401393739935,20.058781816624105,20.059726943727583,0.9451271034777164,True,
3952,onnx_model_079,measure,20.05880288123383,20.059207115788013,20.059980475809425,0.7733600214123726,True,
3953,onnx_model_047,measure,20.070311499319146,20.071279864758253,20.07230600481853,1.026140060275793,True,
3954,onnx_model_027,measure,20.073383877910512,20.074627016671002,20.07560582784936,0.9788111783564091,True,
3955,onnx_model_010,measure,20.078185093094582,20.078935897909105,20.07996421167627,1.0283137671649456,True,
3956,onnx_model_091,measure,20.08050968412531,20.081264483742416,20.082171046640724,0.9065628983080387,True,
3957,onnx_model_046,measure,20.090865840227423,20.092476135585457,20.09354224195704,1.0661063715815544,True,
3958,onnx_model_089,measure,20.093157594813608,20.093669343739748,20.0945903849788,0.9210412390530109,True,
3959,onnx_model_017,measure,20.093463468550656,20.094061619602144,20.09488934278488,0.8277231827378273,True,
3960,onnx_model_048,measure,20.097412234192593,20.09812028380111,20.098987231962383,0.8669481612741947,True,
3961,onnx_model_072,measure,20.10008785857144,20.101211840752512,20.10209570080042,0.8838600479066372,True,
3962,onnx_model_005,measure,20.101617156214886,20.102194237988442,20.103181945625693,0.9877076372504234,True,
3963,onnx_model_028,measure,20.10198514370985,20.1023593316786,20.10364691959694,1.2875879183411598,True,
3964,onnx_model_097,measure,20.102967096961855,20.103280362673104,20.10413834359497,0.8579809218645096,True,
3965,onnx_model_018,measure,20.109894935455756,20.110379196703434,20.111268086824566,0.8888901211321354,True,
3966,onnx_model_079,measure,20.11341944246495,20.114494148641825,20.115241709630936,0.7475609891116619,True,
3967,onnx_model_050,measure,20.11734224192905,20.118463904596865,20.119399112649262,0.9352080523967743,True,
3968,onnx_model_046,measure,20.125120485063462,20.125637400895357,20.126503136008978,0.8657351136207581,True,
3969,onnx_model_033,measure,20.12886712030681,20.12974224379286,20.130730411969125,0.9881681762635708,True,
3970,onnx_model_062,measure,20.12886714752378,20.129903791006655,20.130844107829034,0.9403168223798275,True,
3971,onnx_model_029,measure,20.130790592921056,20.130983512848616,20.131828208919615,0.8446960709989071,True,
3972,onnx_model_059,measure,20.13637264557237,20.13707298785448,20.137932271696627,0.8592838421463966,True,
3973,onnx_model_002,measure,20.13779424392879,20.1380630498752,20.138802816625684,0.739766750484705,True,
3974,onnx_model_027,measure,20.1429246546135,20.14402805874124,20.144828960765153,0.8009020239114761,True,
3975,onnx_model_059,measure,20.144714245432983,20.144969578832388,20.146008993964642,1.039415132254362,True,
3976,onnx_model_063,measure,20.145640871496024,20.14610415464267,20.147020005621016,0.9158509783446789,True,
3977,onnx_model_015,measure,20.148586562783166,20.14924351265654,20.15006970288232,0.8261902257800102,True,
3978,onnx_model_066,measure,20.156112299895522,20.15729763172567,20.15843254001811,1.1349082924425602,True,
3979,onnx_model_086,measure,20.156634432458382,20.157457776833326,20.15857995999977,1.1221831664443016,True,
3980,onnx_model_069,measure,20.1570637193932,20.157600728794932,20.158656775951385,1.0560471564531326,True,
3981,onnx_model_015,measure,20.17699994689405,20.17789830174297,20.178779467009008,0.8811652660369873,True,
3982,onnx_model_043,measure,20.183283536206627,20.18400403764099,20.185026711784303,1.0226741433143616,True,
3983,onnx_model_043,measure,20.187281334760197,20.18825500784442,20.189374956768006,1.119948923587799,True,
3984,onnx_model_020,measure,20.187491319776896,20.188414121046662,20.18948455573991,1.0704346932470798,True,
3985,onnx_model_082,measure,20.197651467159563,20.199723597615957,20.20075493864715,1.0313410311937332,True,
3986,onnx_model_099,measure,20.19929670198787,20.19988476485014,20.200862442608923,0.977677758783102,True,
3987,onnx_model_060,measure,20.206160020875554,20.20710381679237,20.208019176963717,0.9153601713478565,True,
3988,onnx_model_007,measure,20.208974634069026,20.20928128575906,20.210282508749515,1.0012229904532433,True,
3989,onnx_model_056,measure,20.212454633229164,20.213503691833466,20.21444204589352,0.9383540600538254,True,
3990,onnx_model_040,measure,20.213822128127674,20.21453691693023,20.215320876799524,0.7839598692953587,True,
3991,onnx_model_067,measure,20.219049055436926,20.219544985797256,20.22036498459056,0.8199987933039665,True,
3992,onnx_model_050,measure,20.222565561590635,20.22358421375975,20.22440153779462,0.8173240348696709,True,
3993,onnx_model_052,measure,20.227290765064748,20.227634232956916,20.228453639894724,0.8194069378077984,True,
3994,onnx_model_078,measure,20.23438336280986,20.23469092696905,20.235492940992117,0.802014023065567,True,
3995,onnx_model_012,measure,20.235396346095158,20.23564873682335,20.236391208600253,0.7424717769026756,True,
3996,onnx_model_072,measure,20.238888533118104,20.2396244648844,20.240429325029254,0.8048601448535919,True,
3997,onnx_model_014,measure,20.247439951637002,20.24767069891095,20.24846935691312,0.7986580021679401,True,
3998,onnx_model_046,measure,20.254679423985692,20.255708066746593,20.256709470879287,1.001404132694006,True,
3999,onnx_model_013,measure,20.255511859366827,20.25586706865579,20.256823617964983,0.956549309194088,True,
4000,onnx_model_042,measure,20.256147829917992,20.256311864592135,20.25730576366186,0.9938990697264671,True,
4001,onnx_model_078,measure,20.259664129595254,20.260532587766647,20.261641164775938,1.1085770092904568,True,
4002,onnx_model_004,measure,20.26021339950658,20.260731665883213,20.261780900880694,1.0492349974811077,True,
4003,onnx_model_056,measure,20.266812130751905,20.268010562751442,20.26901168562472,1.001122873276472,True,
4004,onnx_model_043,measure,20.26750778938067,20.26817522570491,20.269118417985737,0.9431922808289528,True,
4005,onnx_model_021,measure,20.271986659753676,20.27233764762059,20.273075970821083,0.738323200494051,True,
4006,onnx_model_050,measure,20.278500515752707,20.27929897978902,20.280042032711208,0.7430529221892357,True,
4007,onnx_model_014,measure,20.290498063593297,20.29127013590187,20.292174895759672,0.9047598578035831,True,
4008,onnx_model_096,measure,20.298095516350937,20.298398165032268,20.29929844569415,0.90028066188097,True,
4009,onnx_model_059,measure,20.30787256442171,20.3095245747827,20.310429153963923,0.9045791812241077,True,
4010,onnx_model_071,measure,20.316654095189786,20.31766642164439,20.318588824942708,0.9224032983183861,True,
4011,onnx_model_035,measure,20.327819464300347,20.328824661672115,20.329664958640933,0.8402969688177109,True,
4012,onnx_model_000,measure,20.32959944367592,20.329813711810857,20.330653778743,0.8400669321417809,True,
4013,onnx_model_046,measure,20.329815615739353,20.330171812791377,20.330976131837815,0.8043190464377403,True,
4014,onnx_model_018,measure,20.33563833371165,20.33619771664962,20.337060085963458,0.8623693138360977,True,
4015,onnx_model_053,measure,20.338151539307308,20.339298450853676,20.34047009795904,1.1716471053659916,True,
4016,onnx_model_091,measure,20.338568543464035,20.3394645168446,20.340999193955213,1.5346771106123924,True,
4017,onnx_model_054,measure,20.33862414176976,20.339629570953548,20.34104409860447,1.4145276509225368,True,
4018,onnx_model_088,measure,20.34011859537342,20.34058853285387,20.341523400042206,0.934867188334465,True,
4019,onnx_model_005,measure,20.35264332879972,20.3537714718841,20.354854059871286,1.0825879871845245,True,
4020,onnx_model_033,measure,20.352668996206148,20.35393470292911,20.35496547166258,1.030768733471632,True,
4021,onnx_model_017,measure,20.357502232215882,20.3581877569668,20.359048853628337,0.8610966615378857,True,
4022,onnx_model_063,measure,20.369453085653504,20.370274521876127,20.371242551598698,0.968029722571373,True,
4023,onnx_model_074,measure,20.37245366417357,20.37346394499764,20.374431313946843,0.9673689492046833,True,
4024,onnx_model_025,measure,20.378188714019842,20.37867528060451,20.379509205929935,0.8339253254234791,True,
4025,onnx_model_092,measure,20.38767657602798,20.389754049945623,20.39105026377365,1.2962138280272484,True,
4026,onnx_model_028,measure,20.38768911222806,20.389921988826245,20.39129775390029,1.375765074044466,True,
4027,onnx_model_081,measure,20.388155869940444,20.390090779867023,20.391241517849267,1.1507379822432995,True,
4028,onnx_model_013,measure,20.397044775623964,20.39751953072846,20.398387330584228,0.8677998557686806,True,
4029,onnx_model_055,measure,20.400753295244538,20.401624644640833,20.40255424194038,0.9295972995460033,True,
4030,onnx_model_061,measure,20.4086179136673,20.40890524396673,20.409964236896485,1.0589929297566414,True,
4031,onnx_model_024,measure,20.416513622677993,20.417190863750875,20.41822637198493,1.0355082340538502,True,
4032,onnx_model_055,measure,20.41754103077777,20.41832325560972,20.419237514026463,0.9142584167420864,True,
4033,onnx_model_071,measure,20.422792212617615,20.423458457924426,20.424405357800424,0.946899875998497,True,
4034,onnx_model_089,measure,20.428448853736136,20.429646890610456,20.43064651079476,0.99962018430233,True,
4035,onnx_model_097,measure,20.43019691434157,20.43074379581958,20.431590545922518,0.8467501029372215,True,
4036,onnx_model_097,measure,20.443149509316868,20.44382600300014,20.444650450721383,0.8244477212429047,True,
4037,onnx_model_084,measure,20.45509863751915,20.45587861398235,20.456987912766635,1.1092987842857838,True,
4038,onnx_model_016,measure,20.455671760420753,20.456041062716395,20.457098552957177,1.0574902407824993,True,
4039,onnx_model_013,measure,20.46522604131848,20.467325964011252,20.46847149077803,1.1455267667770386,True,
4040,onnx_model_070,measure,20.465821247936617,20.467488843016326,20.468580077867955,1.091234851628542,True,
4041,onnx_model_062,measure,20.47232374621196,20.472801211755723,20.47374511603266,0.9439042769372463,True,
4042,onnx_model_098,measure,20.482572084688783,20.483970802742988,20.484947820659727,0.977017916738987,True,
4043,onnx_model_076,measure,20.489960078206316,20.491177311632782,20.49234076263383,1.163451001048088,True,
4044,onnx_model_092,measure,20.49002030444671,20.491338738705963,20.492481690831482,1.142952125519514,True,
4045,onnx_model_038,measure,20.493183067259157,20.493711919989437,20.494676833972335,0.9649139828979969,True,
4046,onnx_model_090,measure,20.503662128982,20.504903392866254,20.506512581836432,1.6091889701783657,True,
4047,onnx_model_030,measure,20.504278881180493,20.50506096286699,20.50607692403719,1.0159611701965332,True,
4048,onnx_model_063,measure,20.505572236866126,20.506172415800393,20.507153540849686,0.9811250492930412,True,
4049,onnx_model_058,measure,20.51031261470735,20.511392768938094,20.51236213091761,0.9693619795143604,True,
4050,onnx_model_095,measure,20.51572140063696,20.516584657598287,20.51759311463684,1.008457038551569,True,
4051,onnx_model_038,measure,20.520750288053453,20.521834496874362,20.523745469748974,1.9109728746116161,True,
4052,onnx_model_022,measure,20.52119365969772,20.521992086898535,20.523872600868344,1.880513969808817,True,
4053,onnx_model_086,measure,20.530360386960734,20.531102223787457,20.5323722679168,1.2700441293418407,True,
4054,onnx_model_011,measure,20.530880699682,20.53126158658415,20.532320969738066,1.0593831539154053,True,
4055,onnx_model_041,measure,20.538055929960805,20.53859242098406,20.539552345871925,0.9599248878657818,True,
4056,onnx_model_061,measure,20.558277046552554,20.558779523707926,20.559778953902423,0.9994301944971085,True,
4057,onnx_model_025,measure,20.561129167169796,20.56200610799715,20.562910337001085,0.9042290039360523,True,
4058,onnx_model_047,measure,20.562000210515393,20.562364618759602,20.563296740874648,0.9321221150457859,True,
4059,onnx_model_054,measure,20.56609079256188,20.56651691161096,20.56746325083077,0.9463392198085785,True,
4060,onnx_model_087,measure,20.567133674615487,20.567557419650257,20.568400762975216,0.8433433249592781,True,
4061,onnx_model_097,measure,20.569824725463636,20.57063653273508,20.57144719362259,0.8106608875095844,True,
4062,onnx_model_023,measure,20.576844985568698,20.57770342566073,20.578588468953967,0.8850432932376862,True,
4063,onnx_model_059,measure,20.59144799029363,20.592856749892235,20.594105193857104,1.248443964868784,True,
4064,onnx_model_094,measure,20.613718575424276,20.61433032900095,20.615169344004244,0.8390150032937527,True,
4065,onnx_model_086,measure,20.614432941674963,20.61471243482083,20.615563863888383,0.8514290675520897,True,
4066,onnx_model_060,measure,20.619027745691643,20.619784195907414,20.620578395668417,0.7941997610032558,True,
4067,onnx_model_072,measure,20.619860020140205,20.62014479096979,20.621034952811897,0.8901618421077728,True,
4068,onnx_model_098,measure,20.620766325157312,20.62112901173532,20.621914384886622,0.7853731513023376,True,
4069,onnx_model_087,measure,20.627042331446606,20.628137163817883,20.62895518867299,0.818024855107069,True,
4070,onnx_model_098,measure,20.635818339230187,20.63617836870253,20.63692994788289,0.7515791803598404,True,
4071,onnx_model_040,measure,20.640553790110367,20.641151521820575,20.641969237010926,0.8177151903510094,True,
4072,onnx_model_067,measure,20.64577631470753,20.646187784615904,20.6470097778365,0.8219932205975056,True,
4073,onnx_model_053,measure,20.647875480218335,20.648233834654093,20.64905155869201,0.8177240379154682,True,
4074,onnx_model_016,measure,20.64961577317758,20.650269022677094,20.65102018089965,0.7511582225561142,True,
4075,onnx_model_063,measure,20.652299095998785,20.65324325673282,20.654051542747766,0.808286014944315,True,
4076,onnx_model_064,measure,20.656996318767256,20.657272575888783,20.658112281933427,0.8397060446441174,True,
4077,onnx_model_029,measure,20.65774839016353,20.658209155779332,20.65902410587296,0.814950093626976,True,
4078,onnx_model_026,measure,20.666261855090237,20.6672560130246,20.668105978984386,0.8499659597873688,True,
4079,onnx_model_065,measure,20.66745558218154,20.66764439176768,20.668481141794473,0.8367500267922878,True,
4080,onnx_model_051,measure,20.68466599054365,20.68573619192466,20.686723437625915,0.9872457012534142,True,
4081,onnx_model_058,measure,20.68488535789499,20.68589860992506,20.686854247003794,0.9556370787322521,True,
4082,onnx_model_075,measure,20.686955003612553,20.688074175734073,20.68899746099487,0.9232852607965469,True,
4083,onnx_model_042,measure,20.68938505481831,20.690215605776757,20.691114274784923,0.8986690081655979,True,
4084,onnx_model_070,measure,20.69415674202119,20.695343693718314,20.696364614646882,1.020920928567648,True,
4085,onnx_model_014,measure,20.694697438117004,20.695504719857126,20.69682344701141,1.3187271542847157,True,
4086,onnx_model_053,measure,20.69584854408905,20.69646164868027,20.69740537274629,0.9437240660190582,True,
4087,onnx_model_016,measure,20.697134078488784,20.697501556016505,20.698379183653742,0.8776276372373104,True,
4088,onnx_model_006,measure,20.70079114776678,20.70160226058215,20.70264003286138,1.0377722792327404,True,
4089,onnx_model_046,measure,20.71635939857378,20.716867196839303,20.71787715703249,1.0099601931869984,True,
4090,onnx_model_057,measure,20.718141013176258,20.719100411981344,20.72005093889311,0.950526911765337,True,
4091,onnx_model_041,measure,20.72131863774125,20.72227593883872,20.723174335900694,0.8983970619738102,True,
4092,onnx_model_093,measure,20.73883362105809,20.73941827379167,20.740378458984196,0.9601851925253868,True,
4093,onnx_model_059,measure,20.744968547078035,20.74559932295233,20.746602459810674,1.003136858344078,True,
4094,onnx_model_052,measure,20.74865549003694,20.749840684700757,20.750878868624568,1.0381839238107204,True,
4095,onnx_model_044,measure,20.750140415897754,20.750974650960416,20.751993026584387,1.0183756239712238,True,
4096,onnx_model_013,measure,20.75168512485362,20.75208725593984,20.753081645816565,0.9943898767232895,True,
4097,onnx_model_074,measure,20.75251492696204,20.753175203688443,20.754073991905898,0.8987882174551487,True,
4098,onnx_model_064,measure,20.759012457200146,20.759294946677983,20.760266112629324,0.9711659513413906,True,
4099,onnx_model_096,measure,20.767032922585667,20.76749267987907,20.768533998634666,1.0413187555968761,True,
4100,onnx_model_037,measure,20.771140682360805,20.771762505639344,20.77289908565581,1.136580016463995,True,
4101,onnx_model_044,measure,20.771348612020567,20.77192478394136,20.77301098871976,1.0862047784030437,True,
4102,onnx_model_096,measure,20.789278908445947,20.790335149969906,20.791328337974846,0.9931880049407482,True,
4103,onnx_model_086,measure,20.796702844837398,20.797550113871694,20.79881526902318,1.2651551514863968,True,
4104,onnx_model_002,measure,20.804518218645846,20.805039019789547,20.806029211729765,0.9901919402182102,True,
4105,onnx_model_003,measure,20.8102484674929,20.8112523406744,20.81226158887148,1.0092481970787048,True,
4106,onnx_model_031,measure,20.814869110595954,20.81548285158351,20.81639702990651,0.9141783230006695,True,
4107,onnx_model_059,measure,20.81734310727599,20.817630555015057,20.818443038966507,0.8124839514493942,True,
4108,onnx_model_033,measure,20.819055046042106,20.819672325626016,20.82042691996321,0.754594337195158,True,
4109,onnx_model_019,measure,20.82208178199728,20.8226662366651,20.823521642945707,0.8554062806069851,True,
4110,onnx_model_040,measure,20.823031781990878,20.823635088745505,20.824387137778103,0.7520490325987339,True,
4111,onnx_model_004,measure,20.8310030227439,20.831606169696897,20.832404186949134,0.7980172522366047,True,
4112,onnx_model_079,measure,20.83840506009246,20.838642274960876,20.83935478888452,0.7125139236450195,True,
4113,onnx_model_017,measure,20.839374018018532,20.84057241398841,20.841325595974922,0.7531819865107536,True,
4114,onnx_model_042,measure,20.84057065478748,20.840962685644627,20.841875069774687,0.9123841300606728,True,
4115,onnx_model_073,measure,20.844868396572522,20.845097224693745,20.845897565595806,0.8003409020602703,True,
4116,onnx_model_080,measure,20.84664037024213,20.847125429660082,20.848128646612167,1.003216952085495,True,
4117,onnx_model_085,measure,20.846684071367722,20.847288339864463,20.848578171804547,1.2898319400846958,True,
4118,onnx_model_012,measure,20.84788292367518,20.848227906040847,20.84912619367242,0.8982876315712929,True,
4119,onnx_model_074,measure,20.848743741358085,20.849221614655107,20.85006577987224,0.8441652171313763,True,
4120,onnx_model_022,measure,20.859598919371898,20.86029175762087,20.861238587647676,0.9468300268054008,True,
4121,onnx_model_099,measure,20.867997259975738,20.86848994065076,20.86947448272258,0.9845420718193054,True,
4122,onnx_model_035,measure,20.875913997577356,20.876715586986393,20.8783941376023,1.6785506159067154,True,
4123,onnx_model_053,measure,20.882680774283696,20.88363617192954,20.884643686935306,1.0075150057673454,True,
4124,onnx_model_078,measure,20.899647822953344,20.899887062609196,20.900908584706485,1.0215220972895622,True,
4125,onnx_model_036,measure,20.899694539175112,20.90004912065342,20.901021188590676,0.9720679372549057,True,
4126,onnx_model_049,measure,20.911744407338606,20.912263207603246,20.913262557704,0.9993501007556915,True,
4127,onnx_model_003,measure,20.913327193744514,20.91448511183262,20.915492446627468,1.0073347948491573,True,
4128,onnx_model_019,measure,20.91623534995218,20.91673416690901,20.917665016837418,0.9308499284088612,True,
4129,onnx_model_007,measure,20.91669400591567,20.917093720752746,20.91803923761472,0.945516861975193,True,
4130,onnx_model_087,measure,20.920208231466766,20.92128270259127,20.922233680728823,0.9509781375527382,True,
4131,onnx_model_025,measure,20.928427073713546,20.929458423983306,20.930453144945204,0.9947209618985653,True,
4132,onnx_model_047,measure,20.946195984454185,20.94668802479282,20.947592143900692,0.9041191078722477,True,
4133,onnx_model_050,measure,20.947829665279272,20.948831819929183,20.94981689285487,0.9850729256868362,True,
4134,onnx_model_034,measure,20.948191054811836,20.94899278599769,20.949966155923903,0.9733699262142181,True,
4135,onnx_model_062,measure,20.95343455021085,20.95418913383037,20.955308260861784,1.119127031415701,True,
4136,onnx_model_037,measure,20.95748996045814,20.958644493017346,20.959755854681134,1.111361663788557,True,
4137,onnx_model_064,measure,20.96107022008464,20.962061487603933,20.963162119966,1.1006323620676994,True,
4138,onnx_model_049,measure,20.965446308300173,20.966466090641916,20.967478745616972,1.0126549750566483,True,
4139,onnx_model_081,measure,20.975132380817026,20.97579267900437,20.976869094651192,1.0764156468212605,True,
4140,onnx_model_023,measure,20.9764559360368,20.97698010597378,20.977946672588587,0.9665666148066521,True,
4141,onnx_model_056,measure,20.97716714239915,20.977383522782475,20.97842907998711,1.0455572046339512,True,
4142,onnx_model_083,measure,20.97854000398741,20.979740893933922,20.980718011036515,0.9771171025931835,True,
4143,onnx_model_005,measure,20.983709304110846,20.983969661872834,20.985000100918114,1.0304390452802181,True,
4144,onnx_model_012,measure,20.984503551947945,20.98511634161696,20.98589593358338,0.7795919664204121,True,
4145,onnx_model_001,measure,20.985854220315986,20.98604752169922,20.98690909985453,0.8615781553089619,True,
4146,onnx_model_061,measure,21.00013101951497,21.001139579806477,21.002013651654124,0.8740718476474285,True,
4147,onnx_model_001,measure,21.015584148068374,21.016320827882737,21.018663640599698,2.342812716960907,True,
4148,onnx_model_094,measure,21.016046433800195,21.0175784076564,21.01871906593442,1.1406582780182362,True,
4149,onnx_model_048,measure,21.0180926604504,21.018823915626854,21.019931931979954,1.1080163531005383,True,
4150,onnx_model_012,measure,21.025052616655532,21.026236845646054,21.027295889798552,1.0590441524982452,True,
4151,onnx_model_077,measure,21.026821266392584,21.02740823291242,21.028473747894168,1.0655149817466736,True,
4152,onnx_model_060,measure,21.027274925645646,21.027833060827106,21.028681633993983,0.8485731668770313,True,
4153,onnx_model_003,measure,21.033736107505174,21.034980215597898,21.036021776031703,1.0415604338049889,True,
4154,onnx_model_036,measure,21.039614127384716,21.040327470749617,21.04131117090583,0.983700156211853,True,
4155,onnx_model_032,measure,21.041362079887826,21.042599940672517,21.04364707088098,1.0471302084624767,True,
4156,onnx_model_006,measure,21.041905413803736,21.042802084703,21.043768611736596,0.9665270335972309,True,
4157,onnx_model_090,measure,21.05277514425016,21.05400229478255,21.055005250964314,1.0029561817646027,True,
4158,onnx_model_095,measure,21.056586806776117,21.057234297972172,21.058195855934173,0.96155796200037,True,
4159,onnx_model_023,measure,21.059322917558095,21.060417799744755,21.0612565940246,0.8387942798435688,True,
4160,onnx_model_068,measure,21.06899363540273,21.069528287742287,21.070725011639297,1.196723897010088,True,
4161,onnx_model_086,measure,21.06918496223422,21.069712116848677,21.070836383849382,1.1242670007050037,True,
4162,onnx_model_032,measure,21.073478765073958,21.074058688711375,21.07501313276589,0.9544440545141697,True,
4163,onnx_model_060,measure,21.07835733617672,21.07923709275201,21.08019817993045,0.9610871784389019,True,
4164,onnx_model_064,measure,21.09021294296355,21.091432224027812,21.09269475378096,1.2625297531485558,True,
4165,onnx_model_013,measure,21.091263583744695,21.091595373582095,21.09256543777883,0.9700641967356205,True,
4166,onnx_model_018,measure,21.094089763402614,21.094915164634585,21.09590666880831,0.9915041737258434,True,
4167,onnx_model_048,measure,21.095099968350784,21.095278033986688,21.09623380098492,0.955766998231411,True,
4168,onnx_model_060,measure,21.098719015047568,21.099471444729716,21.100345085840672,0.8736411109566689,True,
4169,onnx_model_057,measure,21.106455713412025,21.10756658297032,21.10848027979955,0.9136968292295933,True,
4170,onnx_model_018,measure,21.111063783547873,21.1117168716155,21.112632332835346,0.9154612198472023,True,
4171,onnx_model_044,measure,21.114066569792,21.11485434602946,21.115681828930974,0.8274829015135765,True,
4172,onnx_model_072,measure,21.118969824244875,21.11990189086646,21.1207422176376,0.8403267711400986,True,
4173,onnx_model_031,measure,21.123748505940636,21.123976575676352,21.124863100703806,0.8865250274538994,True,
4174,onnx_model_078,measure,21.124138482519136,21.124336801003665,21.125150677748024,0.8138767443597317,True,
4175,onnx_model_083,measure,21.13065190819267,21.131367555819452,21.132243069820106,0.8755140006542206,True,
4176,onnx_model_004,measure,21.13454633814428,21.135485021863133,21.136364514008164,0.8794921450316906,True,
4177,onnx_model_000,measure,21.14606757122908,21.146587766706944,21.147508276626468,0.9205099195241928,True,
4178,onnx_model_002,measure,21.148414970758044,21.148735429625958,21.149636501912028,0.9010722860693932,True,
4179,onnx_model_023,measure,21.153465762180424,21.1538603506051,21.154627619776875,0.7672691717743874,True,
4180,onnx_model_037,measure,21.155980613418702,21.156849092803895,21.15766717772931,0.8180849254131317,True,
4181,onnx_model_057,measure,21.16148886913028,21.161890015006065,21.162711064796895,0.8210497908294201,True,
4182,onnx_model_048,measure,21.164244616101087,21.164930974598974,21.165702691767365,0.7717171683907509,True,
4183,onnx_model_058,measure,21.166792946441383,21.167928433045745,21.16873187990859,0.8034468628466129,True,
4184,onnx_model_086,measure,21.174253571949407,21.17495513893664,21.175862894859165,0.9077559225261211,True,
4185,onnx_model_066,measure,21.175614706151094,21.17595851700753,21.17687550978735,0.9169927798211575,True,
4186,onnx_model_054,measure,21.18119035410769,21.18210018100217,21.182950366754085,0.850185751914978,True,
4187,onnx_model_080,measure,21.18282053254849,21.183079852722585,21.183976928703487,0.8970759809017181,True,
4188,onnx_model_022,measure,21.18505480688577,21.186209031846374,21.18734499067068,1.1359588243067265,True,
4189,onnx_model_007,measure,21.185337003615636,21.1863727029413,21.187503763008863,1.131060067564249,True,
4190,onnx_model_098,measure,21.185790060509913,21.186516596004367,21.187563676852733,1.047080848366022,True,
4191,onnx_model_030,measure,21.18883662688829,21.189788304734975,21.19069768395275,0.9093792177736759,True,
4192,onnx_model_070,measure,21.196584995904807,21.1969459108077,21.197893311735243,0.9474009275436401,True,
4193,onnx_model_082,measure,21.19674711369898,21.19710616581142,21.198038988746703,0.932822935283184,True,
4194,onnx_model_060,measure,21.205799775681434,21.206266587600112,21.207168231718242,0.9016441181302071,True,
4195,onnx_model_008,measure,21.209627439570042,21.210399694740772,21.21155615290627,1.1564581654965878,True,
4196,onnx_model_093,measure,21.209931734107865,21.210557013750076,21.212017349898815,1.460336148738861,True,
4197,onnx_model_086,measure,21.21129449506458,21.21167353587225,21.212483745999634,0.8102101273834705,True,
4198,onnx_model_018,measure,21.212740641681048,21.213714585639536,21.21462222095579,0.9076353162527084,True,
4199,onnx_model_073,measure,21.21552971826214,21.215843732934445,21.216673880815506,0.8301478810608387,True,
4200,onnx_model_009,measure,21.218453839599803,21.21889960160479,21.219754696823657,0.8550952188670635,True,
4201,onnx_model_099,measure,21.229258795955147,21.229976697824895,21.23092812579125,0.9514279663562775,True,
4202,onnx_model_011,measure,21.23026159891638,21.231024719774723,21.23197206063196,0.9473408572375774,True,
4203,onnx_model_047,measure,21.234920859528987,21.235192833002657,21.236095227766782,0.9023947641253471,True,
4204,onnx_model_082,measure,21.241299154995154,21.24231405975297,21.24315303377807,0.8389740251004696,True,
4205,onnx_model_092,measure,21.24547534897372,21.24637606088072,21.247297782916576,0.9217220358550549,True,
4206,onnx_model_083,measure,21.24970840820607,21.25052164075896,21.251333363819867,0.8117230609059334,True,
4207,onnx_model_052,measure,21.25495695106842,21.255554848816246,21.25640347180888,0.8486229926347733,True,
4208,onnx_model_080,measure,21.26871238230965,21.270644621923566,21.271938080899417,1.2934589758515358,True,
4209,onnx_model_083,measure,21.270335762551692,21.27080837264657,21.271891611628234,1.0832389816641808,True,
4210,onnx_model_048,measure,21.271001767193212,21.27124532358721,21.272461415734142,1.2160921469330788,True,
4211,onnx_model_085,measure,21.27192825956254,21.272085760720074,21.273024254944175,0.938494224101305,True,
4212,onnx_model_043,measure,21.273847290095933,21.274256196804345,21.275210620835423,0.9544240310788155,True,
4213,onnx_model_054,measure,21.27531289025369,21.27643127180636,21.277338485699147,0.9072138927876949,True,
4214,onnx_model_066,measure,21.28121519185027,21.28156185382977,21.28250749176368,0.945637933909893,True,
4215,onnx_model_080,measure,21.28251536244252,21.28267561085522,21.283576984889805,0.9013740345835686,True,
4216,onnx_model_010,measure,21.296895094161695,21.297800150699914,21.298606793861836,0.8066431619226933,True,
4217,onnx_model_074,measure,21.307452794163627,21.308841628953815,21.309747591614723,0.905962660908699,True,
4218,onnx_model_039,measure,21.310471797281213,21.310977008659393,21.311849756632,0.8727479726076126,True,
4219,onnx_model_061,measure,21.31402826507911,21.315070488955826,21.31593665573746,0.8661667816340923,True,
4220,onnx_model_061,measure,21.31761026482273,21.31817009067163,21.319039202760905,0.8691120892763138,True,
4221,onnx_model_062,measure,21.318425285904308,21.31913848174736,21.319962558802217,0.8240770548582077,True,
4222,onnx_model_001,measure,21.31994087557399,21.320109808817506,21.320858561899513,0.7487530820071697,True,
4223,onnx_model_067,measure,21.323163079606363,21.324093049857765,21.325221955776215,1.1289059184491634,True,
4224,onnx_model_066,measure,21.32369286084368,21.32425833400339,21.325383774004877,1.125440001487732,True,
4225,onnx_model_055,measure,21.323896703516482,21.32440721662715,21.32544383779168,1.0366211645305157,True,
4226,onnx_model_067,measure,21.32779553015726,21.328687923960388,21.330293906852603,1.605982892215252,True,
4227,onnx_model_048,measure,21.32831094416116,21.32885517179966,21.329851024784148,0.9958529844880104,True,
4228,onnx_model_081,measure,21.329203925352996,21.32994739897549,21.33074979390949,0.8023949339985847,True,
4229,onnx_model_007,measure,21.334208501297034,21.334987548645586,21.335934398695827,0.9468500502407551,True,
4230,onnx_model_063,measure,21.3364641544183,21.337158645968884,21.338076550979167,0.9179050102829933,True,
4231,onnx_model_080,measure,21.338091501815178,21.33929594885558,21.340201309882104,0.9053610265254974,True,
4232,onnx_model_051,measure,21.342006332715236,21.342419826891273,21.343243612907827,0.8237860165536404,True,
4233,onnx_model_082,measure,21.343804228019163,21.344461096916348,21.345336772035807,0.8756751194596291,True,
4234,onnx_model_013,measure,21.349997860708456,21.350557314697653,21.351481611840427,0.9242971427738667,True,
4235,onnx_model_069,measure,21.354319504840724,21.35471535893157,21.355544725898653,0.8293669670820236,True,
4236,onnx_model_070,measure,21.356369125549385,21.356760626658797,21.357605011668056,0.8443850092589855,True,
4237,onnx_model_044,measure,21.368885708534872,21.369837583974004,21.370646812021732,0.8092280477285385,True,
4238,onnx_model_080,measure,21.381526316667617,21.381867450661957,21.38275604089722,0.8885902352631092,True,
4239,onnx_model_003,measure,21.397776114323356,21.39798590959981,21.398959520738572,0.9736111387610435,True,
4240,onnx_model_062,measure,21.401204416603424,21.40218006260693,21.403014158830047,0.834096223115921,True,
4241,onnx_model_055,measure,21.404541300025627,21.405232885852456,21.40609900187701,0.8661160245537758,True,
4242,onnx_model_027,measure,21.405854697257823,21.40619320096448,21.407026464585215,0.8332636207342148,True,
4243,onnx_model_043,measure,21.407927573862963,21.408241925761104,21.409022168722004,0.7802429609000683,True,
4244,onnx_model_027,measure,21.414656035920487,21.415240588597953,21.416098198853433,0.8576102554798126,True,
4245,onnx_model_072,measure,21.415470577859967,21.41619254881516,21.417005663737655,0.8131149224936962,True,
4246,onnx_model_078,measure,21.418745070346528,21.419226665981114,21.42003350984305,0.8068438619375229,True,
4247,onnx_model_084,measure,21.421078885372204,21.422250443603843,21.42305541364476,0.8049700409173965,True,
4248,onnx_model_093,measure,21.425249716891685,21.426275424659252,21.42704885499552,0.7734303362667561,True,
4249,onnx_model_035,measure,21.434738166474553,21.435269030742347,21.436070784926414,0.8017541840672493,True,
4250,onnx_model_070,measure,21.444745227299777,21.44629065087065,21.447148320730776,0.857669860124588,True,
4251,onnx_model_023,measure,21.453200947525108,21.454369918908924,21.455258176662028,0.8882577531039715,True,
4252,onnx_model_032,measure,21.46354727905754,21.46548072900623,21.466477032750845,0.9963037446141243,True,
4253,onnx_model_058,measure,21.47909589672018,21.480724154040217,21.48199706384912,1.2729098089039326,True,
4254,onnx_model_075,measure,21.479565129007653,21.480886472854763,21.482147390022874,1.260917168110609,True,
4255,onnx_model_000,measure,21.47976443484928,21.48103036591783,21.482187455985695,1.1570900678634644,True,
4256,onnx_model_044,measure,21.48243942736724,21.48340504989028,21.484381726942956,0.9766770526766777,True,
4257,onnx_model_051,measure,21.485466344916752,21.486635129898787,21.48755520861596,0.9200787171721458,True,
4258,onnx_model_050,measure,21.48777100193973,21.48876109160483,21.48964261682704,0.8815252222120762,True,
4259,onnx_model_072,measure,21.489233670072196,21.48973829904571,21.490633400622755,0.8951015770435333,True,
4260,onnx_model_024,measure,21.490787471793183,21.491850724909455,21.4927593418397,0.9086169302463531,True,
4261,onnx_model_063,measure,21.49546604641678,21.49598684674129,21.497188730631024,1.201883889734745,True,
4262,onnx_model_010,measure,21.495689021949694,21.49614674085751,21.497056549880654,0.909809023141861,True,
4263,onnx_model_025,measure,21.501658105047923,21.50240768166259,21.503298845607787,0.8911639451980591,True,
4264,onnx_model_020,measure,21.505285346158036,21.505519066005945,21.506428574677557,0.9095086716115475,True,
4265,onnx_model_070,measure,21.515177136831547,21.516669270582497,21.517741278745234,1.0720081627368927,True,
4266,onnx_model_059,measure,21.51590727956262,21.516829545609653,21.517853431869298,1.0238862596452236,True,
4267,onnx_model_054,measure,21.534631737463727,21.5350740859285,21.536079216748476,1.0051308199763298,True,
4268,onnx_model_075,measure,21.53795837054032,21.538302592933178,21.53927823761478,0.9756446816027164,True,
4269,onnx_model_096,measure,21.54012034519967,21.540494008921087,21.5414801328443,0.9861239232122898,True,
4270,onnx_model_001,measure,21.540504872615852,21.540862338617444,21.54185019666329,0.9878580458462238,True,
4271,onnx_model_002,measure,21.54376065490263,21.544065346941352,21.544965708628297,0.9003616869449615,True,
4272,onnx_model_097,measure,21.551270570485364,21.552186444867402,21.55318781780079,1.0013729333877563,True,
4273,onnx_model_089,measure,21.557588493282513,21.558416846673936,21.55932321958244,0.9063729085028172,True,
4274,onnx_model_010,measure,21.56257961022561,21.56354969367385,21.56460414873436,1.0544550605118275,True,
4275,onnx_model_026,measure,21.562884246087435,21.563726610969752,21.564731319900602,1.004708930850029,True,
4276,onnx_model_036,measure,21.565178967318488,21.565946920774877,21.56685572862625,0.9088078513741493,True,
4277,onnx_model_023,measure,21.56803714632267,21.569094453938305,21.56993490178138,0.8404478430747986,True,
4278,onnx_model_032,measure,21.569363760367963,21.570028719957918,21.570842206012458,0.8134860545396805,True,
4279,onnx_model_098,measure,21.572906835322645,21.574063449632376,21.574820989742875,0.7575401104986668,True,
4280,onnx_model_047,measure,21.575486600234864,21.576044134795666,21.576872939709574,0.8288049139082432,True,
4281,onnx_model_060,measure,21.577000833139074,21.57809563400224,21.5793087198399,1.21308583766222,True,
4282,onnx_model_011,measure,21.577899677635223,21.578273633029312,21.579433657694608,1.1600246652960777,True,
4283,onnx_model_055,measure,21.593311344664187,21.59368079993874,21.594660521950573,0.979722011834383,True,
4284,onnx_model_025,measure,21.60433117425939,21.60488572763279,21.605861673597246,0.9759459644556046,True,
4285,onnx_model_002,measure,21.6057274677799,21.60599776171148,21.606903954874724,0.9061931632459164,True,
4286,onnx_model_012,measure,21.614907150857526,21.61512905964628,21.61605689302087,0.9278333745896816,True,
4287,onnx_model_021,measure,21.616546378713867,21.617276872042567,21.618242607917637,0.9657358750700951,True,
4288,onnx_model_004,measure,21.62199433685624,21.622493939008564,21.62375495582819,1.261016819626093,True,
4289,onnx_model_081,measure,21.63032739425942,21.63098053075373,21.63192473584786,0.9442050941288471,True,
4290,onnx_model_003,measure,21.634112802057825,21.63516080658883,21.63646432477981,1.3035181909799576,True,
4291,onnx_model_034,measure,21.634185979045665,21.63532223366201,21.63662892766297,1.3066940009593964,True,
4292,onnx_model_013,measure,21.634542114803104,21.635466157924384,21.636671890038997,1.2057321146130562,True,
4293,onnx_model_004,measure,21.65923428265698,21.65989744802937,21.660869625862688,0.9721778333187103,True,
4294,onnx_model_029,measure,21.66589930414678,21.667093326803297,21.66806622594595,0.97289914265275,True,
4295,onnx_model_016,measure,21.678605083304056,21.679289870895445,21.680354754906148,1.0648840107023716,True,
4296,onnx_model_071,measure,21.68027880642649,21.680507755838335,21.681454785633832,0.9470297954976559,True,
4297,onnx_model_095,measure,21.687606006929254,21.688699105754495,21.6895805420354,0.8814362809062004,True,
4298,onnx_model_069,measure,21.688840356389157,21.689070391934365,21.690009326674044,0.9389347396790981,True,
4299,onnx_model_094,measure,21.693174236827304,21.69423021003604,21.695172891952097,0.9426819160580635,True,
4300,onnx_model_046,measure,21.699050647626198,21.699399946723133,21.700412842910737,1.0128961876034737,True,
4301,onnx_model_019,measure,21.70799666018931,21.708663765806705,21.709643127862364,0.9793620556592941,True,
4302,onnx_model_088,measure,21.717794784063756,21.719896347727627,21.72088817274198,0.9918250143527985,True,
4303,onnx_model_031,measure,21.73201525334123,21.733109764754772,21.7343282205984,1.2184558436274529,True,
4304,onnx_model_043,measure,21.73394840143197,21.73442245973274,21.73533851094544,0.9160512126982212,True,
4305,onnx_model_010,measure,21.739042152911086,21.73957916162908,21.740581016987562,1.0018553584814072,True,
4306,onnx_model_077,measure,21.74012398637943,21.7407119856216,21.74171652458608,1.0045389644801617,True,
4307,onnx_model_001,measure,21.744976384843085,21.745977804996073,21.746886972803622,0.9091678075492382,True,
4308,onnx_model_093,measure,21.750785899920945,21.751112265046686,21.75195588869974,0.8436236530542374,True,
4309,onnx_model_055,measure,21.757279401004496,21.758176672738045,21.759136077016592,0.9594042785465717,True,
4310,onnx_model_034,measure,21.758521471625706,21.759231217671186,21.760142229963094,0.9110122919082642,True,
4311,onnx_model_082,measure,21.759605211633424,21.760235857684165,21.761087315622717,0.8514579385519028,True,
4312,onnx_model_076,measure,21.772593559554316,21.77331425761804,21.774263862986118,0.949605368077755,True,
4313,onnx_model_030,measure,21.772881876868446,21.773479852825403,21.774413086939603,0.9332341141998768,True,
4314,onnx_model_023,measure,21.776011848099685,21.77665079990402,21.777598060667515,0.9472607634961605,True,
4315,onnx_model_008,measure,21.78009445424085,21.78084158571437,21.781958208885044,1.1166231706738472,True,
4316,onnx_model_066,measure,21.780103202168494,21.781007401645184,21.782088335603476,1.0809339582920074,True,
4317,onnx_model_043,measure,21.780806812189972,21.78143969271332,21.782386051956564,0.9463592432439327,True,
4318,onnx_model_089,measure,21.782710281198202,21.783636408858,21.784597946796566,0.9615379385650158,True,
4319,onnx_model_091,measure,21.798033935557083,21.79883810458705,21.799715622793883,0.8775182068347931,True,
4320,onnx_model_077,measure,21.79977974264778,21.800936935003847,21.80188728077337,0.9503457695245743,True,
4321,onnx_model_018,measure,21.803777763211706,21.804115085862577,21.804964751005173,0.849665142595768,True,
4322,onnx_model_036,measure,21.8042822046321,21.804487032815814,21.805361795704812,0.8747628889977932,True,
4323,onnx_model_046,measure,21.805969078884395,21.806581203825772,21.807465213816613,0.8840099908411503,True,
4324,onnx_model_058,measure,21.80917281460895,21.809725570958108,21.810576838906854,0.8512679487466812,True,
4325,onnx_model_036,measure,21.81176980065723,21.81280320091173,21.813729962799698,0.9267618879675865,True,
4326,onnx_model_044,measure,21.813312505250188,21.813826425932348,21.81465926859528,0.8328426629304886,True,
4327,onnx_model_014,measure,21.813882830679713,21.814187010750175,21.814993113745004,0.8061029948294163,True,
4328,onnx_model_081,measure,21.815502827059213,21.816209685988724,21.81731616985053,1.1064838618040085,True,
4329,onnx_model_024,measure,21.81620051246414,21.816573256626725,21.817450243979692,0.8769873529672623,True,
4330,onnx_model_008,measure,21.8166748229438,21.81695865979418,21.817797594703734,0.8389349095523357,True,
4331,onnx_model_070,measure,21.825664289600766,21.826019683852792,21.82691711001098,0.8974261581897736,True,
4332,onnx_model_038,measure,21.83204011135824,21.8331468119286,21.833925881888717,0.7790699601173401,True,
4333,onnx_model_029,measure,21.83369712826974,21.834023057017475,21.834884544834495,0.8614878170192242,True,
4334,onnx_model_034,measure,21.848925156554035,21.850111688952893,21.85108187282458,0.9701838716864586,True,
4335,onnx_model_034,measure,21.850351843486983,21.851178085897118,21.85249725403264,1.319168135523796,True,
4336,onnx_model_046,measure,21.850789842559124,21.851337879896164,21.85238803597167,1.0501560755074024,True,
4337,onnx_model_043,measure,21.854519774905874,21.855731481686234,21.856713749002665,0.9822673164308071,True,
4338,onnx_model_019,measure,21.874106233621784,21.875978528987616,21.877185181714594,1.2066527269780636,True,
4339,onnx_model_076,measure,21.87573539685394,21.8761538118124,21.877299649640918,1.1458378285169601,True,
4340,onnx_model_047,measure,21.88381707475137,21.884521988686174,21.88549779402092,0.9758053347468376,True,
4341,onnx_model_087,measure,21.88700504830069,21.88773305201903,21.888694770634174,0.9617186151444912,True,
4342,onnx_model_021,measure,21.89180756535753,21.892919540870935,21.89391507394612,0.99553307518363,True,
4343,onnx_model_034,measure,21.89349826920558,21.894012899603695,21.894856091588736,0.8431919850409031,True,
4344,onnx_model_039,measure,21.8982067338438,21.89908829703927,21.899996673688293,0.9083766490221024,True,
4345,onnx_model_007,measure,21.903720396919937,21.90422297688201,21.905115763656795,0.8927867747843266,True,
4346,onnx_model_007,measure,21.914253172091907,21.915337323676795,21.91631835885346,0.9810351766645908,True,
4347,onnx_model_091,measure,21.9170245799849,21.917566591873765,21.91855814680457,0.99155493080616,True,
4348,onnx_model_008,measure,21.922028948282158,21.92277905996889,21.923710740637034,0.9316806681454182,True,
4349,onnx_model_069,measure,21.933451090900075,21.93394816061482,21.93486236874014,0.9142081253230572,True,
4350,onnx_model_024,measure,21.93848897573241,21.939104912802577,21.93995337560773,0.8484628051519394,True,
4351,onnx_model_013,measure,21.94393483917432,21.944176914636046,21.945009626913816,0.8327122777700424,True,
4352,onnx_model_009,measure,21.9460308946743,21.94722986780107,21.94805047661066,0.8206088095903397,True,
4353,onnx_model_018,measure,21.9542696339442,21.95527781592682,21.956115126609802,0.8373106829822063,True,
4354,onnx_model_046,measure,21.961216505388936,21.962347353808582,21.96318107889965,0.8337250910699368,True,
4355,onnx_model_004,measure,21.96721422877742,21.968404958955944,21.969210339710116,0.805380754172802,True,
4356,onnx_model_033,measure,21.968763525394554,21.96930634183809,21.97009925870225,0.792916864156723,True,
4357,onnx_model_064,measure,21.97594996013526,21.976321056019515,21.977145382668823,0.8243266493082047,True,
4358,onnx_model_096,measure,21.981731835619666,21.98236562591046,21.983208888676018,0.8432627655565739,True,
4359,onnx_model_008,measure,21.986368141613056,21.9874306935817,21.988243127707392,0.8124341256916523,True,
4360,onnx_model_094,measure,21.990122769656296,21.99046387989074,21.991230436600745,0.7665567100048065,True,
4361,onnx_model_023,measure,21.99051809930685,21.99084442295134,21.991671624593437,0.8272016420960426,True,
4362,onnx_model_016,measure,21.998785268292067,21.999890587758273,22.000633680727333,0.7430929690599442,True,
4363,onnx_model_063,measure,22.000292118049643,22.000729833729565,22.001477043610066,0.7472098805010319,True,
4364,onnx_model_044,measure,22.00074665863994,22.001091811805964,22.00190065894276,0.8088471367955208,True,
4365,onnx_model_015,measure,22.00219570498391,22.003116349689662,22.003849753644317,0.733403954654932,True,
4366,onnx_model_088,measure,22.00540859224348,22.006073530763388,22.006821763701737,0.748232938349247,True,
4367,onnx_model_045,measure,22.00910313580481,22.010044899769127,22.010761061683297,0.7161619141697884,True,
4368,onnx_model_081,measure,22.01219515779487,22.012984147761017,22.013631267938763,0.6471201777458191,True,
4369,onnx_model_085,measure,22.01608506175029,22.016852820757776,22.017634326592088,0.7815058343112469,True,
4370,onnx_model_095,measure,22.026490053984755,22.027862939983606,22.02885458478704,0.9916448034346104,True,
4371,onnx_model_073,measure,22.027577206723123,22.028025949839503,22.028967268764973,0.9413189254701138,True,
4372,onnx_model_078,measure,22.03206811541014,22.033207308966666,22.034035903867334,0.8285949006676674,True,
4373,onnx_model_091,measure,22.04362900598528,22.044289133977145,22.045162974856794,0.8738408796489239,True,
4374,onnx_model_065,measure,22.04505989300993,22.0453045736067,22.046135112643242,0.8305390365421772,True,
4375,onnx_model_068,measure,22.047507098868838,22.04835862899199,22.049368789885193,1.010160893201828,True,
4376,onnx_model_007,measure,22.047610333826658,22.048515036702156,22.04949383670464,0.9788000024855137,True,
4377,onnx_model_024,measure,22.052235852507852,22.05272666271776,22.053726051934063,0.9993892163038254,True,
4378,onnx_model_099,measure,22.054574973916374,22.054944638628513,22.05587292276323,0.9282841347157955,True,
4379,onnx_model_048,measure,22.05968523497898,22.060109606944025,22.06102027790621,0.9106709621846676,True,
4380,onnx_model_013,measure,22.062041584701667,22.06324000703171,22.064203487709165,0.9634806774556637,True,
4381,onnx_model_055,measure,22.066054264198637,22.066431012935936,22.06751211779192,1.0811048559844494,True,
4382,onnx_model_004,measure,22.066261242091592,22.066592440009117,22.067643466871232,1.051026862114668,True,
4383,onnx_model_073,measure,22.07103737624579,22.071868958882987,22.072836147621274,0.9671887382864952,True,
4384,onnx_model_003,measure,22.07133760871457,22.072027881629765,22.072964952792972,0.9370711632072926,True,
4385,onnx_model_065,measure,22.07712896402099,22.0781904659234,22.07970866188407,1.5181959606707096,True,
4386,onnx_model_095,measure,22.077681025944447,22.078349908813834,22.079660429619253,1.3105208054184914,True,
4387,onnx_model_059,measure,22.07857734028439,22.078790195751935,22.079804874956608,1.014679204672575,True,
4388,onnx_model_053,measure,22.078873016487975,22.079146523028612,22.080073955934495,0.927432905882597,True,
4389,onnx_model_058,measure,22.086537131304667,22.087314249016345,22.088231722824275,0.9174738079309464,True,
4390,onnx_model_078,measure,22.099587132781583,22.10045551881194,22.101388731971383,0.9332131594419479,True,
4391,onnx_model_092,measure,22.102310490530282,22.10261863982305,22.103517008014023,0.8983681909739971,True,
4392,onnx_model_037,measure,22.102831271176036,22.10298556787893,22.103707008995116,0.7214411161839962,True,
4393,onnx_model_009,measure,22.11786593082685,22.118948470801115,22.119825958739966,0.8774879388511181,True,
4394,onnx_model_013,measure,22.121484631199056,22.1220482327044,22.122860577888787,0.8123451843857765,True,
4395,onnx_model_099,measure,22.12433734011203,22.12508842162788,22.125946242827922,0.857821200042963,True,
4396,onnx_model_039,measure,22.128490856868027,22.12916831765324,22.13005059491843,0.8822772651910782,True,
4397,onnx_model_009,measure,22.14101643102596,22.141272896900773,22.14218734484166,0.9144479408860207,True,
4398,onnx_model_062,measure,22.153704521776355,22.154415369033813,22.15555407293141,1.1387038975954056,True,
4399,onnx_model_082,measure,22.15428092752581,22.154577225912362,22.156016221735626,1.438995823264122,True,
4400,onnx_model_061,measure,22.155079714429363,22.155669712927192,22.1566675696522,0.9978567250072956,True,
4401,onnx_model_029,measure,22.162772977849244,22.16389441676438,22.16490628104657,1.0118642821907997,True,
4402,onnx_model_054,measure,22.172961110906794,22.175139782950282,22.17622335301712,1.0835700668394566,True,
4403,onnx_model_022,measure,22.174537812342333,22.17529952665791,22.176333591807634,1.0340651497244835,True,
4404,onnx_model_000,measure,22.17921140225371,22.179552732035518,22.18057123804465,1.01850600913167,True,
4405,onnx_model_087,measure,22.181046031553116,22.181767521891743,22.18288933392614,1.1218120343983173,True,
4406,onnx_model_013,measure,22.18124640535204,22.18192881764844,22.182995254639536,1.066436991095543,True,
4407,onnx_model_028,measure,22.183271956964436,22.18421250861138,22.185182672925293,0.9701643139123917,True,
4408,onnx_model_098,measure,22.190553606557256,22.191441279836,22.19243219261989,0.9909127838909626,True,
4409,onnx_model_061,measure,22.20422127561625,22.2047020168975,22.20569629687816,0.9942799806594849,True,
4410,onnx_model_052,measure,22.2067359118968,22.207918881904334,22.20882907183841,0.9101899340748787,True,
4411,onnx_model_073,measure,22.21146317877276,22.21204894175753,22.21289915777743,0.850216019898653,True,
4412,onnx_model_062,measure,22.213303727175255,22.214120490010828,22.21512076072395,1.000270713120699,True,
4413,onnx_model_053,measure,22.213873207045147,22.214279802981764,22.215367009863257,1.08720688149333,True,
4414,onnx_model_086,measure,22.219465892281278,22.220587231684476,22.22158533986658,0.9981081821024418,True,
4415,onnx_model_034,measure,22.222847368166445,22.223826420027763,22.224767207633704,0.9407876059412956,True,
4416,onnx_model_076,measure,22.239673324353266,22.239989482797682,22.240987369790673,0.9978869929909706,True,
4417,onnx_model_050,measure,22.241327688772756,22.242204373702407,22.243143658619374,0.9392849169671535,True,
4418,onnx_model_018,measure,22.243411804169476,22.24436196498573,22.24535387987271,0.9919148869812489,True,
4419,onnx_model_083,measure,22.246155762017157,22.246571845840663,22.247522552963346,0.9507071226835251,True,
4420,onnx_model_038,measure,22.251000582335262,22.25175995659083,22.252795595675707,1.0356390848755836,True,
4421,onnx_model_073,measure,22.25138828987615,22.251920021604747,22.252908740658313,0.9887190535664558,True,
4422,onnx_model_016,measure,22.257217676719286,22.258133011870086,22.258986092638224,0.8530807681381702,True,
4423,onnx_model_019,measure,22.260214049146622,22.26121285604313,22.262419309001416,1.2064529582858086,True,
4424,onnx_model_060,measure,22.26078776963637,22.261373080778867,22.26230425061658,0.9311698377132416,True,
4425,onnx_model_092,measure,22.27667870213461,22.277656042017043,22.278697421774268,1.0413797572255135,True,
4426,onnx_model_091,measure,22.2780841505645,22.278794205747545,22.279765642713755,0.9714369662106037,True,
4427,onnx_model_029,measure,22.281254798913086,22.282015088014305,22.282888538669795,0.87345065549016,True,
4428,onnx_model_027,measure,22.29232905112331,22.293123042676598,22.294022182002664,0.8991393260657787,True,
4429,onnx_model_039,measure,22.294079267724815,22.29524830263108,22.29616181878373,0.9135161526501179,True,
4430,onnx_model_004,measure,22.296160921647772,22.296310842968524,22.29716341290623,0.8525699377059937,True,
4431,onnx_model_049,measure,22.30721406279539,22.308390002697706,22.309355167672038,0.9651649743318558,True,
4432,onnx_model_046,measure,22.31079252715407,22.311577902641147,22.312543768901378,0.9658662602305412,True,
4433,onnx_model_085,measure,22.31846041759166,22.31876526493579,22.319726892746985,0.9616278111934662,True,
4434,onnx_model_076,measure,22.31931902381136,22.31982277566567,22.32083832565695,1.0155499912798405,True,
4435,onnx_model_045,measure,22.32752355571555,22.328061075881124,22.328987886663526,0.9268107824027538,True,
4436,onnx_model_068,measure,22.33723059088181,22.339207913726568,22.3401360376738,0.9281239472329617,True,
4437,onnx_model_070,measure,22.34197363159716,22.342358863912523,22.343317104969174,0.958241056650877,True,
4438,onnx_model_015,measure,22.34827093527152,22.348556614946574,22.34948842599988,0.9318110533058643,True,
4439,onnx_model_010,measure,22.35470250346509,22.355723707936704,22.356651511974633,0.9278040379285812,True,
4440,onnx_model_042,measure,22.37773335539652,22.37883069179952,22.379534740000963,0.7040482014417648,True,
4441,onnx_model_087,measure,22.3855446592663,22.386698998045176,22.387415950652212,0.7169526070356369,True,
4442,onnx_model_048,measure,22.38855513834091,22.38957986375317,22.390369524713606,0.7896609604358673,True,
4443,onnx_model_093,measure,22.39158332376848,22.392559908796102,22.393455701880157,0.8957930840551853,True,
4444,onnx_model_059,measure,22.393446607600772,22.393567012622952,22.394333529751748,0.7665171287953854,True,
4445,onnx_model_094,measure,22.396233462372482,22.396547969896346,22.397408935707062,0.8609658107161522,True,
4446,onnx_model_016,measure,22.397493884021443,22.398634324781597,22.399464613758028,0.8302889764308929,True,
4447,onnx_model_050,measure,22.404773867967567,22.40569764189422,22.406558537855744,0.860895961523056,True,
4448,onnx_model_058,measure,22.406073767543273,22.406671853736043,22.4075495316647,0.8776779286563396,True,
4449,onnx_model_006,measure,22.409389857558423,22.409767027013004,22.410650967620313,0.8839406073093414,True,
4450,onnx_model_098,measure,22.410096477079133,22.41074983496219,22.41163690201938,0.8870670571923256,True,
4451,onnx_model_097,measure,22.418697437810387,22.41985588474199,22.420696171931922,0.8402871899306774,True,
4452,onnx_model_091,measure,22.4254518820112,22.42589282989502,22.426494644023478,0.6018141284584999,True,
4453,onnx_model_012,measure,22.426476800466638,22.42659144802019,22.42721989285201,0.6284448318183422,True,
4454,onnx_model_019,measure,22.426640943053155,22.426815463695675,22.427579045761377,0.7635820657014847,True,
4455,onnx_model_019,measure,22.429936937912533,22.43070635991171,22.431350263766944,0.6439038552343845,True,
4456,onnx_model_062,measure,22.44345918672305,22.445546969771385,22.44632492866367,0.7779588922858238,True,
4457,onnx_model_024,measure,22.453024248231035,22.453558248002082,22.45457133371383,1.013085711747408,True,
4458,onnx_model_003,measure,22.45376794082626,22.45394373079762,22.45493674883619,0.9930180385708809,True,
4459,onnx_model_008,measure,22.463964042440054,22.465154620818794,22.466116189025342,0.9615682065486908,True,
4460,onnx_model_057,measure,22.468796693970333,22.469335187692195,22.47030276665464,0.9675789624452591,True,
4461,onnx_model_073,measure,22.472035763814585,22.472546642646194,22.473586088977754,1.0394463315606117,True,
4462,onnx_model_068,measure,22.472797455491257,22.472954477649182,22.474045963026583,1.0914853774011135,True,
4463,onnx_model_063,measure,22.474570725293297,22.47526033082977,22.476259029004723,0.9986981749534607,True,
4464,onnx_model_088,measure,22.475782970099374,22.476350713986903,22.47723887162283,0.8881576359272003,True,
4465,onnx_model_082,measure,22.480882570309912,22.481453873682767,22.482386847026646,0.9329733438789845,True,
4466,onnx_model_076,measure,22.481653316105138,22.481825820636004,22.482745989691466,0.9201690554618835,True,
4467,onnx_model_088,measure,22.48573543568369,22.485960780642927,22.486865209881216,0.9044292382895947,True,
4468,onnx_model_065,measure,22.492718668627184,22.493081255815923,22.493969834875315,0.8885790593922138,True,
4469,onnx_model_023,measure,22.50528776539998,22.506126352585852,22.506760177668184,0.6338250823318958,True,
4470,onnx_model_043,measure,22.519225509264793,22.520979546941817,22.521895898971707,0.916352029889822,True,
4471,onnx_model_016,measure,22.522293544060716,22.52310854382813,22.52404404198751,0.935498159378767,True,
4472,onnx_model_059,measure,22.525684248533565,22.526257258839905,22.527187266852707,0.9300080128014088,True,
4473,onnx_model_091,measure,22.533867285791406,22.53440269175917,22.535317291039973,0.9145992808043957,True,
4474,onnx_model_037,measure,22.53767760392226,22.538536690641195,22.540355106815696,1.8184161745011806,True,
4475,onnx_model_048,measure,22.539068742086446,22.53998270863667,22.54082031082362,0.837602186948061,True,
4476,onnx_model_036,measure,22.549809565711612,22.551036670804024,22.55196465458721,0.927983783185482,True,
4477,onnx_model_061,measure,22.553835183578354,22.55418198974803,22.555037165991962,0.8551762439310551,True,
4478,onnx_model_066,measure,22.561883563546363,22.56225309194997,22.563168602995574,0.9155110456049442,True,
4479,onnx_model_063,measure,22.568071741734364,22.568381992634386,22.569200958590955,0.818965956568718,True,
4480,onnx_model_048,measure,22.569827434415174,22.570415497757494,22.57121447660029,0.7989788427948952,True,
4481,onnx_model_074,measure,22.571022282324712,22.571307473815978,22.572156266774982,0.8487929590046406,True,
4482,onnx_model_065,measure,22.573335511412584,22.574374202638865,22.575194652657956,0.8204500190913677,True,
4483,onnx_model_012,measure,22.586617341807724,22.58741470100358,22.58833327703178,0.9185760281980038,True,
4484,onnx_model_011,measure,22.592218714922332,22.592553498689085,22.59343341179192,0.8799131028354168,True,
4485,onnx_model_004,measure,22.599162979286206,22.599676728714257,22.60083903884515,1.1623101308941841,True,
4486,onnx_model_030,measure,22.599301057884315,22.59984686272219,22.600974636618048,1.1277738958597183,True,
4487,onnx_model_023,measure,22.603091479182165,22.604196360800415,22.605110267642885,0.9139068424701691,True,
4488,onnx_model_059,measure,22.604317122179708,22.6045613437891,22.605462037026882,0.9006932377815247,True,
4489,onnx_model_046,measure,22.60581247842276,22.606687265913934,22.60755162872374,0.8643628098070621,True,
4490,onnx_model_054,measure,22.608345921494433,22.6087601557374,22.6096429140307,0.8827582933008671,True,
4491,onnx_model_035,measure,22.608880572485965,22.609121131710708,22.609945388976485,0.8242572657763958,True,
4492,onnx_model_025,measure,22.61036881382103,22.611160768661648,22.612072492018342,0.9117233566939831,True,
4493,onnx_model_070,measure,22.613440208761777,22.61429224163294,22.615176192019135,0.8839503861963749,True,
4494,onnx_model_085,measure,22.61639220351464,22.61739889672026,22.618281283881515,0.8823871612548828,True,
4495,onnx_model_075,measure,22.620061356785875,22.620501874946058,22.621476888656616,0.9750137105584145,True,
4496,onnx_model_045,measure,22.622140800241773,22.62272586300969,22.62371974159032,0.9938785806298256,True,
4497,onnx_model_034,measure,22.62305023444088,22.623833688907325,22.624820523895323,0.9868349879980087,True,
4498,onnx_model_086,measure,22.625692198060865,22.62604089360684,22.62702243961394,0.9815460070967674,True,
4499,onnx_model_010,measure,22.637507177015337,22.638268887996674,22.63913116697222,0.86227897554636,True,
4500,onnx_model_095,measure,22.65315954141848,22.65438058366999,22.655404119752347,1.0235360823571682,True,
4501,onnx_model_032,measure,22.657898327328862,22.658640902023762,22.659710234962404,1.0693329386413097,True,
4502,onnx_model_049,measure,22.659150195224996,22.659804673865438,22.660861843731254,1.0571698658168316,True,
4503,onnx_model_080,measure,22.659174874259744,22.659961101599038,22.66097385669127,1.0127550922334194,True,
4504,onnx_model_029,measure,22.6658493178663,22.666136069688946,22.666772979777306,0.6369100883603096,True,
4505,onnx_model_063,measure,22.67032862706063,22.670985226985067,22.671872433740646,0.8872067555785179,True,
4506,onnx_model_042,measure,22.684166230460846,22.68611567793414,22.687555123586208,1.4394456520676613,True,
4507,onnx_model_008,measure,22.685100689184047,22.68631017766893,22.687519335653633,1.2091579847037792,True,
4508,onnx_model_017,measure,22.685250339569397,22.686416880693287,22.687573548872024,1.1566681787371635,True,
4509,onnx_model_087,measure,22.685648079351324,22.68650888465345,22.687413414940238,0.9045302867889404,True,
4510,onnx_model_010,measure,22.69663840535121,22.697792263701558,22.698768849950284,0.9765862487256527,True,
4511,onnx_model_093,measure,22.69779285986712,22.69814220862463,22.699231058824807,1.088850200176239,True,
4512,onnx_model_041,measure,22.717741491839885,22.718454299028963,22.7193821426481,0.9278436191380024,True,
4513,onnx_model_012,measure,22.72419188916135,22.72467905189842,22.725695403758436,1.0163518600165844,True,
4514,onnx_model_020,measure,22.726712922578162,22.727913559880108,22.728787490632385,0.8739307522773743,True,
4515,onnx_model_058,measure,22.73230458109454,22.732996311970055,22.733897303696722,0.9009917266666889,True,
4516,onnx_model_069,measure,22.74581980655899,22.746057458687574,22.74677610490471,0.7186462171375751,True,
4517,onnx_model_085,measure,22.75111040857566,22.751952644903213,22.752627988811582,0.6753439083695412,True,
4518,onnx_model_097,measure,22.76627014463207,22.766787132713944,22.7674848199822,0.6976872682571411,True,
4519,onnx_model_099,measure,22.76871593654733,22.76969650387764,22.771012554876506,1.316050998866558,True,
4520,onnx_model_041,measure,22.768814986456476,22.76982346503064,22.771058091893792,1.2346268631517887,True,
4521,onnx_model_074,measure,22.768887930816735,22.769935267977417,22.770885834936053,0.9505669586360455,True,
4522,onnx_model_065,measure,22.772200821178888,22.773240559734404,22.775193652603775,1.9530928693711758,True,
4523,onnx_model_018,measure,22.778459485208547,22.779417311772704,22.78017058270052,0.7532709278166294,True,
4524,onnx_model_097,measure,22.782279770150073,22.78339243773371,22.784295744728297,0.903306994587183,True,
4525,onnx_model_035,measure,22.797664348000957,22.798517037648708,22.79942480288446,0.9077652357518673,True,
4526,onnx_model_069,measure,22.80667714421834,22.80767442472279,22.808967281598598,1.292856875807047,True,
4527,onnx_model_033,measure,22.80696928484177,22.80783311603591,22.809111225884408,1.278109848499298,True,
4528,onnx_model_043,measure,22.80736886859568,22.807997698895633,22.80914941802621,1.151719130575657,True,
4529,onnx_model_087,measure,22.83355511604673,22.83435158384964,22.835112049710006,0.7604658603668213,True,
4530,onnx_model_088,measure,22.83428026535498,22.834583614952862,22.83538684202358,0.8032270707190037,True,
4531,onnx_model_008,measure,22.83480003185832,22.835171772632748,22.83583919191733,0.6674192845821381,True,
4532,onnx_model_051,measure,22.83599727793402,22.83700084965676,22.837722912896425,0.7220632396638393,True,
4533,onnx_model_025,measure,22.84525895739539,22.84593578381464,22.846855501644313,0.9197178296744823,True,
4534,onnx_model_097,measure,22.86108304109871,22.862047269940376,22.862778360024095,0.7310900837182999,True,
4535,onnx_model_084,measure,22.86302241680511,22.863965115044266,22.864756068680435,0.7909536361694336,True,
4536,onnx_model_042,measure,22.884061877203138,22.884988667909056,22.885932712815702,0.9440449066460133,True,
4537,onnx_model_016,measure,22.894054132189424,22.89619090175256,22.897063229698688,0.872327946126461,True,
4538,onnx_model_064,measure,22.897113890090974,22.89828576380387,22.899201654829085,0.9158910252153873,True,
4539,onnx_model_033,measure,22.89985097430505,22.900436682626605,22.901291767600924,0.8550849743187428,True,
4540,onnx_model_085,measure,22.901902557787285,22.90250792959705,22.903358857613057,0.8509280160069466,True,
4541,onnx_model_074,measure,22.90253732567273,22.902882381808013,22.903839000035077,0.9566182270646095,True,
4542,onnx_model_000,measure,22.903160606206747,22.903453627601266,22.904433369636536,0.9797420352697372,True,
4543,onnx_model_026,measure,22.903621032671627,22.903968155849725,22.904759058728814,0.790902879089117,True,
4544,onnx_model_063,measure,22.91171272123808,22.91197561658919,22.912968834862113,0.9932182729244232,True,
4545,onnx_model_028,measure,22.918213319679978,22.919186923652887,22.920168680604547,0.9817569516599178,True,
4546,onnx_model_005,measure,22.926863032868894,22.92738893488422,22.92841523559764,1.0263007134199142,True,
4547,onnx_model_074,measure,22.929730210551266,22.930662367958575,22.931735587771982,1.0732198134064674,True,
4548,onnx_model_070,measure,22.93020595306339,22.930838102009147,22.931937261018902,1.0991590097546577,True,
4549,onnx_model_097,measure,22.934655149720687,22.935186246875674,22.936232435982674,1.0461891070008278,True,
4550,onnx_model_017,measure,22.935225220991473,22.935544276610017,22.936717847827822,1.1735712178051472,True,
4551,onnx_model_011,measure,22.936042045037485,22.936327185947448,22.937161641661078,0.8344557136297226,True,
4552,onnx_model_062,measure,22.941177193471535,22.942384278867394,22.94349545193836,1.1111730709671974,True,
4553,onnx_model_034,measure,22.941201230778358,22.942542319651693,22.943968440871686,1.4261212199926376,True,
4554,onnx_model_078,measure,22.943110428767504,22.943629956804216,22.94453341467306,0.9034578688442707,True,
4555,onnx_model_072,measure,22.94881534080089,22.94975472986698,22.950684867799282,0.9301379323005676,True,
4556,onnx_model_035,measure,22.95175901120548,22.95291095878929,22.95407344866544,1.162489876151085,True,
4557,onnx_model_073,measure,22.951908675555895,22.953090149909258,22.95416681561619,1.0766657069325447,True,
4558,onnx_model_061,measure,22.953112186988356,22.953571524936706,22.954380752984434,0.8092280477285385,True,
4559,onnx_model_078,measure,22.961584918508603,22.962536044884473,22.963223992846906,0.6879479624330997,True,
4560,onnx_model_048,measure,22.967649169493786,22.968447621911764,22.969282378908247,0.8347569964826107,True,
4561,onnx_model_049,measure,22.96964914300168,22.970497077796608,22.9712931108661,0.7960330694913864,True,
4562,onnx_model_071,measure,22.97831620528956,22.97951157297939,22.980412506032735,0.9009330533444881,True,
4563,onnx_model_067,measure,22.991030098197047,22.99165137903765,22.992590504698455,0.9391256608068943,True,
4564,onnx_model_041,measure,22.9974122318454,22.99782868195325,22.998646575957537,0.8178940042853355,True,
4565,onnx_model_049,measure,22.99967008929662,23.000869621988386,23.00170602183789,0.8363998495042324,True,
4566,onnx_model_074,measure,23.017201517552106,23.017963975667953,23.01878657983616,0.8226041682064533,True,
4567,onnx_model_044,measure,23.020000689282313,23.02101610787213,23.021888094954193,0.8719870820641518,True,
4568,onnx_model_086,measure,23.030886880086662,23.032112640794367,23.033057586755604,0.9449459612369537,True,
4569,onnx_model_045,measure,23.037954087137592,23.038282569032162,23.039142993744463,0.8604247123003006,True,
4570,onnx_model_029,measure,23.04637247792532,23.047367758583277,23.04819216579199,0.8244072087109089,True,
4571,onnx_model_016,measure,23.0492179115631,23.05049390066415,23.052021163981408,1.527263317257166,True,
4572,onnx_model_023,measure,23.049662635217697,23.050799812655896,23.052095635794103,1.2958231382071972,True,
4573,onnx_model_054,measure,23.05074763322884,23.051424238830805,23.052563766017556,1.1395271867513657,True,
4574,onnx_model_038,measure,23.05432858356268,23.05482964264229,23.055822549853474,0.9929072111845016,True,
4575,onnx_model_096,measure,23.05584214217591,23.057074759621173,23.058250214904547,1.1754552833735943,True,
4576,onnx_model_060,measure,23.056147502887065,23.05727758584544,23.058362878859043,1.0852930136024952,True,
4577,onnx_model_013,measure,23.078532997579675,23.0795910009183,23.080594989005476,1.0039880871772766,True,
4578,onnx_model_082,measure,23.097416845399504,23.097846040967852,23.098821364808828,0.9753238409757614,True,
4579,onnx_model_015,measure,23.097852858902463,23.0982129778713,23.099145330954343,0.9323530830442905,True,
4580,onnx_model_069,measure,23.10424214233592,23.105401231907308,23.106455996632576,1.0547647252678871,True,
4581,onnx_model_052,measure,23.105036761502657,23.10557458177209,23.106569963973016,0.9953822009265423,True,
4582,onnx_model_015,measure,23.107714120219754,23.108792518731207,23.109739768784493,0.9472500532865524,True,
4583,onnx_model_043,measure,23.11637352240038,23.1169909927994,23.118029265664518,1.0382728651165962,True,
4584,onnx_model_094,measure,23.119516638626934,23.12025744188577,23.121163093019277,0.9056511335074902,True,
4585,onnx_model_006,measure,23.12334854744494,23.124388253781945,23.125243298709393,0.8550449274480343,True,
4586,onnx_model_052,measure,23.12513733854353,23.12538798386231,23.126277003902942,0.8890200406312943,True,
4587,onnx_model_050,measure,23.126263955620114,23.126425676979125,23.127367025706917,0.9413487277925014,True,
4588,onnx_model_067,measure,23.132605640959483,23.133595855906606,23.1345165357925,0.9206798858940601,True,
4589,onnx_model_029,measure,23.137075645344375,23.1377497818321,23.138633552007377,0.8837701752781868,True,
4590,onnx_model_085,measure,23.140407302953786,23.1408571889624,23.14176514465362,0.9079556912183762,True,
4591,onnx_model_034,measure,23.146413722270516,23.14698738185689,23.147952125873417,0.9647440165281296,True,
4592,onnx_model_044,measure,23.151912010588525,23.152173569891602,23.153142541646957,0.9689717553555965,True,
4593,onnx_model_011,measure,23.15255130347424,23.15323804365471,23.15413971664384,0.9016729891300201,True,
4594,onnx_model_006,measure,23.161086844882618,23.161363618914038,23.16216608369723,0.8024647831916809,True,
4595,onnx_model_000,measure,23.164442206641354,23.165416292846203,23.166370044928044,0.9537520818412304,True,
4596,onnx_model_090,measure,23.165733099427385,23.16646754089743,23.1674034697935,0.9359288960695267,True,
4597,onnx_model_086,measure,23.169574933025576,23.17064610403031,23.17160435486585,0.9582508355379105,True,
4598,onnx_model_067,measure,23.170547580998914,23.17101189866662,23.171941807027906,0.9299083612859249,True,
4599,onnx_model_088,measure,23.182746322926295,23.183167174924165,23.184079047758132,0.9118728339672089,True,
4600,onnx_model_003,measure,23.18590829432359,23.18632811261341,23.187237701844424,0.9095892310142517,True,
4601,onnx_model_039,measure,23.193620774158667,23.194487442728132,23.195368346758187,0.8809040300548077,True,
4602,onnx_model_017,measure,23.196749484599213,23.19759216485545,23.198432341683656,0.8401768282055855,True,
4603,onnx_model_023,measure,23.206528235641304,23.208693085704,23.209682255983353,0.989170279353857,True,
4604,onnx_model_014,measure,23.206888231681837,23.20885854959488,23.20983507670462,0.9765271097421646,True,
4605,onnx_model_065,measure,23.209964218706425,23.21105690859258,23.21203962666914,0.982718076556921,True,
4606,onnx_model_020,measure,23.213684948441827,23.214263934642076,23.215229521039873,0.9655863977968693,True,
4607,onnx_model_071,measure,23.224852064560103,23.22545335488394,23.226446431595832,0.9930767118930817,True,
4608,onnx_model_092,measure,23.2411446074758,23.241684027016163,23.242692523635924,1.0084966197609901,True,
4609,onnx_model_038,measure,23.246219838550925,23.246918967925012,23.247853594832122,0.9346269071102142,True,
4610,onnx_model_064,measure,23.24869168230341,23.249097228981555,23.25015256460756,1.0553356260061264,True,
4611,onnx_model_092,measure,23.249542484991743,23.25024919770658,23.251589826773852,1.3406290672719479,True,
4612,onnx_model_090,measure,23.24967542940769,23.250426576007158,23.251477773766965,1.0511977598071098,True,
4613,onnx_model_069,measure,23.266431562106316,23.266815878916532,23.267870754003525,1.054875086992979,True,
4614,onnx_model_035,measure,23.26729499436641,23.26796706672758,23.268952259793878,0.9851930662989616,True,
4615,onnx_model_073,measure,23.272596591857944,23.273203630931675,23.2743844659999,1.1808350682258606,True,
4616,onnx_model_060,measure,23.274581745487776,23.27560427458957,23.276541706640273,0.937432050704956,True,
4617,onnx_model_010,measure,23.27714517266081,23.27776017272845,23.278677926864475,0.9177541360259056,True,
4618,onnx_model_094,measure,23.280250791434415,23.280899069737643,23.281829207669944,0.9301379323005676,True,
4619,onnx_model_010,measure,23.283987313049252,23.285047334618866,23.285888853948563,0.8415193296968937,True,
4620,onnx_model_051,measure,23.2883459275657,23.289112641941756,23.289982264861465,0.8696229197084904,True,
4621,onnx_model_052,measure,23.306876676405665,23.30728201987222,23.308303641621023,1.021621748805046,True,
4622,onnx_model_088,measure,23.306901174649777,23.30746854376048,23.308459437917918,0.9908941574394703,True,
4623,onnx_model_089,measure,23.311296193705285,23.31170416576788,23.312709075864404,1.004910096526146,True,
4624,onnx_model_001,measure,23.31283720351974,23.31393702980131,23.315009528771043,1.072498969733715,True,
4625,onnx_model_085,measure,23.313525884713723,23.31410067062825,23.315160765778273,1.0600951500236988,True,
4626,onnx_model_039,measure,23.314896948769547,23.315255616791546,23.31620641378686,0.9507969953119755,True,
4627,onnx_model_079,measure,23.315797804772135,23.316302245948464,23.317378220614046,1.07597466558218,True,
4628,onnx_model_040,measure,23.315907609553555,23.316462349612266,23.317495884839445,1.0335352271795273,True,
4629,onnx_model_068,measure,23.317370325249126,23.317647011950612,23.318478242028505,0.8312300778925419,True,
4630,onnx_model_046,measure,23.32587551685049,23.326730208005756,23.32768443180248,0.9542237967252731,True,
4631,onnx_model_013,measure,23.327009313268764,23.327782868873328,23.328639287035912,0.8564181625843048,True,
4632,onnx_model_096,measure,23.337148315603823,23.33889183588326,23.33984543895349,0.9536030702292919,True,
4633,onnx_model_064,measure,23.341052901311915,23.342066840734333,23.343039880972356,0.9730402380228043,True,
4634,onnx_model_012,measure,23.344815586739628,23.345260751899332,23.34617494000122,0.9141881018877029,True,
4635,onnx_model_026,measure,23.353520143618905,23.35439553577453,23.355385447852314,0.9899120777845383,True,
4636,onnx_model_026,measure,23.358226699936562,23.35860648099333,23.35950299492106,0.8965139277279377,True,
4637,onnx_model_072,measure,23.361484748445072,23.361739495769143,23.362557109910995,0.8176141418516636,True,
4638,onnx_model_029,measure,23.3634384762487,23.36376689001918,23.36457666894421,0.8097789250314236,True,
4639,onnx_model_045,measure,23.366151730349298,23.366795796900988,23.36759809171781,0.8022948168218136,True,
4640,onnx_model_092,measure,23.36982335079864,23.3708580089733,23.37178819673136,0.9301877580583096,True,
4641,onnx_model_099,measure,23.370044693102432,23.371017491910607,23.371937821619213,0.9203297086060047,True,
4642,onnx_model_012,measure,23.37754285366588,23.378176980651915,23.379142897669226,0.9659170173108578,True,
4643,onnx_model_001,measure,23.378118229646947,23.378536013886333,23.37943431083113,0.898296944797039,True,
4644,onnx_model_033,measure,23.383595868748305,23.384723324794322,23.385599290020764,0.8759652264416218,True,
4645,onnx_model_007,measure,23.395249391770246,23.395839074626565,23.39674609899521,0.9070243686437607,True,
4646,onnx_model_000,measure,23.402846606383488,23.403967685997486,23.404862015973777,0.8943299762904644,True,
4647,onnx_model_020,measure,23.40577446990681,23.40608031162992,23.406891372986138,0.8110613562166691,True,
4648,onnx_model_068,measure,23.40811126341125,23.409122854936868,23.410049025900662,0.926170963793993,True,
4649,onnx_model_018,measure,23.408379515960494,23.40928462287411,23.41024683183059,0.9622089564800262,True,
4650,onnx_model_026,measure,23.41191226135502,23.412472281605005,23.41357271373272,1.100432127714157,True,
4651,onnx_model_001,measure,23.411918284815044,23.412647685036063,23.414041564799845,1.3938797637820244,True,
4652,onnx_model_048,measure,23.413010314872203,23.413697320967913,23.414413721766323,0.7164007984101772,True,
4653,onnx_model_021,measure,23.43010285760351,23.43065087683499,23.431719347834587,1.0684709995985031,True,
4654,onnx_model_028,measure,23.4330657365849,23.433947543613613,23.43499339185655,1.0458482429385185,True,
4655,onnx_model_055,measure,23.438459660533244,23.439216268714517,23.44012598786503,0.9097191505134106,True,
4656,onnx_model_014,measure,23.44056819765276,23.441349332686514,23.442206251900643,0.8569192141294479,True,
4657,onnx_model_014,measure,23.44406460828573,23.444440929684788,23.445304561872035,0.8636321872472763,True,
4658,onnx_model_002,measure,23.44433411023337,23.444842943921685,23.445730931591243,0.887987669557333,True,
4659,onnx_model_026,measure,23.446640444283254,23.446951602585614,23.44786861585453,0.917013268917799,True,
4660,onnx_model_084,measure,23.455588325641493,23.456091535743326,23.45701497187838,0.9234361350536346,True,
4661,onnx_model_088,measure,23.465213533531077,23.467236571013927,23.46829067496583,1.0541039519011974,True,
4662,onnx_model_009,measure,23.47199589877661,23.472514463588595,23.473545033019036,1.0305694304406643,True,
4663,onnx_model_027,measure,23.473270702794018,23.473661874886602,23.474644342903048,0.9824680164456367,True,
4664,onnx_model_089,measure,23.474326667448892,23.474743460770696,23.475672367028892,0.9289062581956387,True,
4665,onnx_model_040,measure,23.481089197275235,23.4818977098912,23.482859638985246,0.9619290940463543,True,
4666,onnx_model_023,measure,23.49559255890581,23.49708186276257,23.498023272957653,0.9414101950824261,True,
4667,onnx_model_015,measure,23.498440176469455,23.499242049641907,23.50004900386557,0.8069542236626148,True,
4668,onnx_model_022,measure,23.507112058873926,23.50827006995678,23.509086521808058,0.8164518512785435,True,
4669,onnx_model_089,measure,23.522446023928996,23.52333090873435,23.524263721890748,0.9328131563961506,True,
4670,onnx_model_025,measure,23.52747878592923,23.52848518686369,23.529421445913613,0.9362590499222279,True,
4671,onnx_model_080,measure,23.545236636233398,23.54567255778238,23.546574261970818,0.9017041884362698,True,
4672,onnx_model_055,measure,23.54709259011786,23.547769453842193,23.549000544007868,1.2310901656746864,True,
4673,onnx_model_067,measure,23.547109348971627,23.547929507680237,23.549256399739534,1.3268920592963696,True,
4674,onnx_model_039,measure,23.547110782042342,23.54807352181524,23.549132303800434,1.058781985193491,True,
4675,onnx_model_098,measure,23.566061861713628,23.566481622867286,23.567485901992768,1.004279125481844,True,
4676,onnx_model_067,measure,23.56844163954722,23.568714757915586,23.56969265593216,0.9778980165719986,True,
4677,onnx_model_078,measure,23.572139251045986,23.57293419772759,23.57384634204209,0.9121443144977093,True,
4678,onnx_model_002,measure,23.581571369615713,23.582065145019442,23.58291365765035,0.8485126309096813,True,
4679,onnx_model_065,measure,23.592795777486582,23.593131800647825,23.59400675399229,0.8749533444643021,True,
4680,onnx_model_051,measure,23.593420243141317,23.594102395698428,23.594920069910586,0.8176742121577263,True,
4681,onnx_model_051,measure,23.602150737500242,23.603204858023673,23.60405494365841,0.8500856347382069,True,
4682,onnx_model_089,measure,23.607878504514282,23.608282750938088,23.609106947667897,0.8241967298090458,True,
4683,onnx_model_068,measure,23.61415989572656,23.615332551766187,23.61609816690907,0.7656151428818703,True,
4684,onnx_model_018,measure,23.618653620596344,23.61931912973523,23.62014572089538,0.8265911601483822,True,
4685,onnx_model_020,measure,23.622008083631226,23.622364517766982,23.62318316474557,0.8186469785869122,True,
4686,onnx_model_055,measure,23.626487850581523,23.62740546092391,23.628334656823426,0.9291958995163441,True,
4687,onnx_model_092,measure,23.634994365198228,23.63572869170457,23.636607501655817,0.8788099512457848,True,
4688,onnx_model_032,measure,23.636647815644483,23.637849212624133,23.63873186102137,0.8826483972370625,True,
4689,onnx_model_053,measure,23.641135895363995,23.641982128843665,23.64282066281885,0.8385339751839638,True,
4690,onnx_model_073,measure,23.642786542302147,23.64298512460664,23.643788582645357,0.8034580387175083,True,
4691,onnx_model_070,measure,23.64508704440138,23.646009674761444,23.646847707685083,0.8380329236388206,True,
4692,onnx_model_016,measure,23.648610994075817,23.649068167898804,23.649829535745084,0.7613678462803364,True,
4693,onnx_model_050,measure,23.6595727629368,23.660049852915108,23.660923212766647,0.873359851539135,True,
4694,onnx_model_078,measure,23.666734714331685,23.667142254766077,23.667969687841833,0.8274330757558346,True,
4695,onnx_model_024,measure,23.68751141578073,23.68819390097633,23.68920902069658,1.0151197202503681,True,
4696,onnx_model_058,measure,23.698832049395488,23.69942930759862,23.700251700822264,0.8223932236433029,True,
4697,onnx_model_042,measure,23.700485420972914,23.701471268665045,23.70228595798835,0.8146893233060837,True,
4698,onnx_model_082,measure,23.708083676287234,23.708505319897085,23.70931169297546,0.8063730783760548,True,
4699,onnx_model_014,measure,23.72845052730875,23.729560853913426,23.730495299678296,0.9344457648694515,True,
4700,onnx_model_040,measure,23.733305465970798,23.733730469830334,23.734641450922936,0.9109810926020145,True,
4701,onnx_model_061,measure,23.738913917908555,23.739862826652825,23.74077383801341,0.9110113605856895,True,
4702,onnx_model_046,measure,23.7431134526764,23.743998537771404,23.74503795383498,1.0394160635769367,True,
4703,onnx_model_015,measure,23.743156141224457,23.7441576696001,23.745171907823533,1.0142382234334946,True,
4704,onnx_model_039,measure,23.75175011281891,23.75239345477894,23.753321679774672,0.9282249957323074,True,
4705,onnx_model_056,measure,23.753339215022006,23.754537009634078,23.755520408973098,0.9833993390202522,True,
4706,onnx_model_080,measure,23.757603375503592,23.758753374684602,23.75952652376145,0.7731490768492222,True,
4707,onnx_model_040,measure,23.761925652887058,23.76277596084401,23.763600127771497,0.8241669274866581,True,
4708,onnx_model_069,measure,23.76390211177291,23.764833241701126,23.765643030870706,0.8097891695797443,True,
4709,onnx_model_084,measure,23.771332506733284,23.771867682691664,23.772686268668622,0.8185859769582748,True,
4710,onnx_model_034,measure,23.77376196413935,23.774910386651754,23.77583916299045,0.9287763386964798,True,
4711,onnx_model_035,measure,23.773807866579816,23.77507014060393,23.775982815772295,0.9126751683652401,True,
4712,onnx_model_091,measure,23.776244762974255,23.777197914663702,23.77813395485282,0.9360401891171932,True,
4713,onnx_model_079,measure,23.783273261463755,23.7843544986099,23.785385959781706,1.0314611718058586,True,
4714,onnx_model_068,measure,23.784486091671603,23.784778504632413,23.78577084094286,0.9923363104462624,True,
4715,onnx_model_014,measure,23.784571546312584,23.784939490724355,23.785874447785318,0.9349570609629154,True,
4716,onnx_model_013,measure,23.798646043933832,23.800140605773777,23.801181895658374,1.041289884597063,True,
4717,onnx_model_021,measure,23.80096187559083,23.801279791630805,23.802339054644108,1.0592630133032799,True,
4718,onnx_model_041,measure,23.8016453950148,23.802442621905357,23.803322033956647,0.8794120512902737,True,
4719,onnx_model_044,measure,23.803218696697122,23.803463962860405,23.80427464377135,0.8106809109449387,True,
4720,onnx_model_066,measure,23.80791908152565,23.808542978018522,23.80954427085817,1.0012928396463394,True,
4721,onnx_model_049,measure,23.81273897871811,23.81376747880131,23.8147034579888,0.9359791874885559,True,
4722,onnx_model_017,measure,23.827110675429847,23.82892583264038,23.82988613890484,0.9603062644600868,True,
4723,onnx_model_053,measure,23.831419797350733,23.83210681984201,23.833123922813684,1.0171029716730118,True,
4724,onnx_model_062,measure,23.833457983194076,23.83434281963855,23.835265493951738,0.9226743131875992,True,
4725,onnx_model_024,measure,23.83521608256938,23.835411961656064,23.83626244869083,0.8504870347678661,True,
4726,onnx_model_072,measure,23.84000106528799,23.840485646855086,23.84132551262155,0.8398657664656639,True,
4727,onnx_model_064,measure,23.852542738107395,23.853554277680814,23.854650381952524,1.096104271709919,True,
4728,onnx_model_071,measure,23.853341107894042,23.853757033590227,23.85478932596743,1.032292377203703,True,
4729,onnx_model_037,measure,23.855022402886984,23.856018031947315,23.857426839880645,1.4088079333305359,True,
4730,onnx_model_038,measure,23.855276106073518,23.85618587071076,23.857623502612114,1.4376319013535976,True,
4731,onnx_model_018,measure,23.85549914954304,23.856363808736205,23.857667897827923,1.3040890917181969,True,
4732,onnx_model_056,measure,23.863770313677282,23.864905525930226,23.866206197999418,1.3006720691919327,True,
4733,onnx_model_015,measure,23.86416957959613,23.86507435562089,23.86609495570883,1.020600087940693,True,
4734,onnx_model_037,measure,23.867653905749112,23.8684296538122,23.869355904869735,0.9262510575354099,True,
4735,onnx_model_043,measure,23.880468319040737,23.88158618286252,23.883041739929467,1.4555570669472218,True,
4736,onnx_model_024,measure,23.881113030489782,23.881775682792068,23.882910810876638,1.1351280845701694,True,
4737,onnx_model_065,measure,23.886621420057494,23.887264556717128,23.888224330730736,0.9597740136086941,True,
4738,onnx_model_067,measure,23.888959514895095,23.88951327186078,23.89070925489068,1.1959830299019814,True,
4739,onnx_model_052,measure,23.903447314206616,23.904950114898384,23.90636416291818,1.4140480197966099,True,
4740,onnx_model_036,measure,23.90379134485584,23.90511151170358,23.906187386717647,1.0758750140666962,True,
4741,onnx_model_073,measure,23.903826372802254,23.905255394987762,23.906403076834977,1.1476818472146988,True,
4742,onnx_model_058,measure,23.907423126799902,23.908639136701822,23.909643145743757,1.0040090419352055,True,
4743,onnx_model_051,measure,23.912105176082452,23.912894886918366,23.913914694916457,1.0198079980909824,True,
4744,onnx_model_089,measure,23.929961135744833,23.931144156027585,23.932131823617965,0.987667590379715,True,
4745,onnx_model_005,measure,23.935758604533696,23.936382172629237,23.937653539702296,1.271367073059082,True,
4746,onnx_model_053,measure,23.93706131872957,23.93774929177016,23.93864661687985,0.8973251096904278,True,
4747,onnx_model_068,measure,23.952499316003205,23.952868781983852,23.953971847891808,1.1030659079551697,True,
4748,onnx_model_019,measure,23.953683271894032,23.954067018814385,23.95499592460692,0.9289057925343513,True,
4749,onnx_model_001,measure,23.963240546043764,23.96521982876584,23.966072509996593,0.8526812307536602,True,
4750,onnx_model_081,measure,23.9746583099612,23.976299359928817,23.9774435646832,1.144204754382372,True,
4751,onnx_model_043,measure,23.975616569768835,23.976461838930845,23.977495623752475,1.0337848216295242,True,
4752,onnx_model_067,measure,23.98375006231364,23.984755132813007,23.985885170754045,1.1300379410386086,True,
4753,onnx_model_055,measure,23.984276313726927,23.984918433707207,23.986014887690544,1.096453983336687,True,
4754,onnx_model_079,measure,24.00421689928478,24.00523517280817,24.006194105837494,0.9589330293238163,True,
4755,onnx_model_002,measure,24.005541773172983,24.006288875825703,24.00715071382001,0.8618379943072796,True,
4756,onnx_model_019,measure,24.00803309548862,24.00837368890643,24.00934107787907,0.9673889726400375,True,
4757,onnx_model_000,measure,24.02323750342383,24.023560776840895,24.024575816933066,1.0150400921702385,True,
4758,onnx_model_040,measure,24.032212892126815,24.032846798654646,24.03387625562027,1.029456965625286,True,
4759,onnx_model_078,measure,24.03277655211856,24.033247940707952,24.034227532800287,0.9795920923352242,True,
4760,onnx_model_050,measure,24.036788636346717,24.037451992742717,24.03845260478556,1.0006120428442955,True,
4761,onnx_model_028,measure,24.04479072807405,24.045691454783082,24.04655459476635,0.863139983266592,True,
4762,onnx_model_095,measure,24.04737341599404,24.047763482667506,24.048645759932697,0.8822772651910782,True,
4763,onnx_model_050,measure,24.04847038869331,24.04881221661344,24.049746512901038,0.9342962875962257,True,
4764,onnx_model_016,measure,24.050246651594886,24.05097342468798,24.05241165868938,1.4382340013980865,True,
4765,onnx_model_081,measure,24.050624984142214,24.0511369057931,24.052459328901023,1.3224231079220772,True,
4766,onnx_model_081,measure,24.051271500639622,24.0515914298594,24.052554570604116,0.963140744715929,True,
4767,onnx_model_017,measure,24.051568635288934,24.05196839570999,24.052821517921984,0.8531222119927406,True,
4768,onnx_model_025,measure,24.06236854317235,24.06310378294438,24.063983915839344,0.880132894963026,True,
4769,onnx_model_069,measure,24.063086412657412,24.063491419889033,24.064300848636776,0.8094287477433681,True,
4770,onnx_model_089,measure,24.06776970742178,24.06852643098682,24.069726531859487,1.2001008726656437,True,
4771,onnx_model_038,measure,24.06836192220377,24.068706693593413,24.069790513720363,1.0838201269507408,True,
4772,onnx_model_087,measure,24.069016165939022,24.069212183821946,24.070078420918435,0.8662370964884758,True,
4773,onnx_model_085,measure,24.076721779498424,24.07731837267056,24.078243591822684,0.925219152122736,True,
4774,onnx_model_010,measure,24.08079104484015,24.081464875023812,24.08237335179001,0.9084767661988735,True,
4775,onnx_model_039,measure,24.081638736490593,24.081842362880707,24.082853814586997,1.011451706290245,True,
4776,onnx_model_089,measure,24.08217802859183,24.082468582782894,24.083286076784134,0.8174940012395382,True,
4777,onnx_model_030,measure,24.084170060104277,24.084504562895745,24.0854081409052,0.9035780094563961,True,
4778,onnx_model_099,measure,24.09283728013468,24.093664133921266,24.094561068806797,0.8969348855316639,True,
4779,onnx_model_058,measure,24.098705192235276,24.0997854298912,24.10071464581415,0.9292159229516983,True,
4780,onnx_model_069,measure,24.100356402820463,24.100809216033667,24.10172311263159,0.9138965979218483,True,
4781,onnx_model_040,measure,24.111127394009987,24.111945654731244,24.11276564374566,0.8199890144169331,True,
4782,onnx_model_052,measure,24.113095428207018,24.11398209584877,24.114894279744476,0.9121838957071304,True,
4783,onnx_model_047,measure,24.124539705849156,24.12511307373643,24.12613828293979,1.025209203362465,True,
4784,onnx_model_082,measure,24.12532677306691,24.125473198946565,24.126467508729547,0.9943097829818726,True,
4785,onnx_model_026,measure,24.127725252905474,24.128703478723764,24.129703549668193,1.000070944428444,True,
4786,onnx_model_089,measure,24.131706139831632,24.131924281828105,24.13286114204675,0.9368602186441422,True,
4787,onnx_model_022,measure,24.139066418919114,24.140082689002156,24.141084773931652,1.0020849294960499,True,
4788,onnx_model_011,measure,24.14465842027774,24.145303362980485,24.14633156778291,1.0282048024237156,True,
4789,onnx_model_067,measure,24.154573545221467,24.156563055701554,24.157728601712734,1.1655460111796856,True,
4790,onnx_model_094,measure,24.155946404276666,24.156747766770422,24.157773055601865,1.0252888314425945,True,
4791,onnx_model_037,measure,24.156646328557095,24.157179438043386,24.15814780863002,0.9683705866336823,True,
4792,onnx_model_085,measure,24.159783142336497,24.160388176795095,24.16136659681797,0.9784200228750706,True,
4793,onnx_model_022,measure,24.163357811590842,24.163589712698013,24.16456145979464,0.9717470966279507,True,
4794,onnx_model_075,measure,24.167594875243235,24.168784737586975,24.169701790902764,0.9170533157885075,True,
4795,onnx_model_013,measure,24.172094052045495,24.17292351461947,24.173843974713236,0.9204600937664509,True,
4796,onnx_model_076,measure,24.174692091023672,24.175062350928783,24.17596373381093,0.9013828821480274,True,
4797,onnx_model_027,measure,24.176039423528948,24.177181859966367,24.178013289812952,0.8314298465847969,True,
4798,onnx_model_050,measure,24.18399450901834,24.184232060797513,24.185144174844027,0.9121140465140343,True,
4799,onnx_model_057,measure,24.184601765038295,24.185260515660048,24.186108317691833,0.8478020317852497,True,
4800,onnx_model_027,measure,24.185790388635812,24.186204570811242,24.18710686592385,0.9022951126098633,True,
4801,onnx_model_034,measure,24.18690563623588,24.187202667817473,24.188117496669292,0.9148288518190384,True,
4802,onnx_model_065,measure,24.18723369355996,24.18756330385804,24.1884460109286,0.8827070705592632,True,
4803,onnx_model_031,measure,24.195845823994148,24.196681405883282,24.197498658671975,0.8172527886927128,True,
4804,onnx_model_088,measure,24.198228041918334,24.198728356976062,24.199618568643928,0.8902116678655148,True,
4805,onnx_model_078,measure,24.21347243061426,24.213841143995523,24.214756533969194,0.9153899736702442,True,
4806,onnx_model_031,measure,24.218617750790607,24.218977086711675,24.219892887864262,0.915801152586937,True,
4807,onnx_model_064,measure,24.224046454400828,24.22511521494016,24.22612766874954,1.0124538093805313,True,
4808,onnx_model_043,measure,24.227871035388695,24.22835123585537,24.229256256017834,0.9050201624631882,True,
4809,onnx_model_014,measure,24.235002662136957,24.235484294593334,24.236518249846995,1.0339552536606789,True,
4810,onnx_model_006,measure,24.243025000468354,24.243760967627168,24.244749195873737,0.9882282465696335,True,
4811,onnx_model_010,measure,24.252435389376107,24.252971595618874,24.253905270714313,0.9336750954389572,True,
4812,onnx_model_058,measure,24.254892202314824,24.25512198265642,24.256107036024332,0.9850533679127693,True,
4813,onnx_model_053,measure,24.255685641524686,24.256200813688338,24.25705018872395,0.8493750356137753,True,
4814,onnx_model_043,measure,24.260205404242523,24.261276461649686,24.262208222877234,0.9317612275481224,True,
4815,onnx_model_060,measure,24.26041028147978,24.261434772983193,24.262336156796664,0.901383813470602,True,
4816,onnx_model_055,measure,24.265859115669226,24.2665538135916,24.267462139949203,0.9083263576030731,True,
4817,onnx_model_025,measure,24.28580694813166,24.28670178167522,24.287672888021916,0.9711063466966152,True,
4818,onnx_model_016,measure,24.29144908478605,24.291895243804902,24.292788341641426,0.8930978365242481,True,
4819,onnx_model_053,measure,24.29238212629528,24.292883602902293,24.29388315277174,0.9995498694479465,True,
4820,onnx_model_050,measure,24.2936225901497,24.293978433590382,24.294821626972407,0.843193382024765,True,
4821,onnx_model_067,measure,24.305628957788418,24.30604092264548,24.306862785946578,0.8218633010983467,True,
4822,onnx_model_086,measure,24.309977423462033,24.311084059998393,24.311885001603514,0.8009416051208973,True,
4823,onnx_model_079,measure,24.312859428028325,24.313103628810495,24.313857320696115,0.7536918856203556,True,
4824,onnx_model_077,measure,24.324118454431552,24.325084522832185,24.325956881046295,0.872358214110136,True,
4825,onnx_model_064,measure,24.334080091970176,24.336180413607508,24.337085464969277,0.9050513617694378,True,
4826,onnx_model_057,measure,24.34007273609145,24.340334289707243,24.341236334759742,0.902045052498579,True,
4827,onnx_model_006,measure,24.34354387944483,24.344474439974874,24.34565187804401,1.1774380691349506,True,
4828,onnx_model_096,measure,24.344351564493994,24.344702813774347,24.345703004859388,1.0001910850405693,True,
4829,onnx_model_036,measure,24.344837834844675,24.345170152839273,24.346031920984387,0.8617681451141834,True,
4830,onnx_model_085,measure,24.35362787051483,24.354264058638364,24.35523568559438,0.9716269560158253,True,
4831,onnx_model_028,measure,24.356617711684503,24.357461396604776,24.358465285040438,1.0038884356617928,True,
4832,onnx_model_071,measure,24.35984118834713,24.360704591032118,24.36165748303756,0.952892005443573,True,
4833,onnx_model_009,measure,24.36330070238247,24.36390087660402,24.364846594631672,0.94571802765131,True,
4834,onnx_model_095,measure,24.363817956336817,24.36425711400807,24.365200456697494,0.9433426894247532,True,
4835,onnx_model_039,measure,24.370235004920065,24.371422464959323,24.37236459599808,0.9421310387551785,True,
4836,onnx_model_015,measure,24.37717353891855,24.377586881630123,24.3785837367177,0.9968550875782967,True,
4837,onnx_model_030,measure,24.384062515916554,24.384827845729887,24.386158374603838,1.330528873950243,True,
4838,onnx_model_024,measure,24.392036316368937,24.39237970067188,24.39326147781685,0.8817771449685097,True,
4839,onnx_model_022,measure,24.393625266413206,24.3944786908105,24.396335400640965,1.8567098304629326,True,
4840,onnx_model_048,measure,24.409037366263288,24.410600957926363,24.411500356625766,0.8993986994028091,True,
4841,onnx_model_021,measure,24.41335567324231,24.413736847694963,24.41465365095064,0.9168032556772232,True,
4842,onnx_model_026,measure,24.417463137934252,24.417878089938313,24.4187877997756,0.9097098372876644,True,
4843,onnx_model_025,measure,24.41891733276009,24.42000572476536,24.420916475821286,0.9107510559260845,True,
4844,onnx_model_066,measure,24.423342788752752,24.424168827943504,24.425143039785326,0.9742118418216705,True,
4845,onnx_model_036,measure,24.428256666509668,24.42937283962965,24.430451820604503,1.0789809748530388,True,
4846,onnx_model_044,measure,24.429095094862774,24.429534246679395,24.430573872756213,1.0396260768175125,True,
4847,onnx_model_056,measure,24.43250652623759,24.43279436370358,24.43372232792899,0.9279642254114151,True,
4848,onnx_model_032,measure,24.43360875595391,24.433865720871836,24.434786540921777,0.9208200499415398,True,
4849,onnx_model_078,measure,24.437595406600078,24.43801285373047,24.439021159894764,1.0083061642944813,True,
4850,onnx_model_064,measure,24.443965510416902,24.44424328673631,24.44522064458579,0.9773578494787216,True,
4851,onnx_model_045,measure,24.44659099617254,24.44745530281216,24.448509766720235,1.0544639080762863,True,
4852,onnx_model_063,measure,24.446624853561254,24.447645413689315,24.448632770683616,0.9873569943010807,True,
4853,onnx_model_034,measure,24.458683711834432,24.459860492963344,24.460987705737352,1.1272127740085125,True,
4854,onnx_model_058,measure,24.45871244715633,24.460022801999003,24.461033251602203,1.0104496031999588,True,
4855,onnx_model_058,measure,24.459917252742915,24.460470351856202,24.461440656799823,0.9703049436211586,True,
4856,onnx_model_010,measure,24.463103877968813,24.463673941791058,24.46456874301657,0.8948012255132198,True,
4857,onnx_model_027,measure,24.469764340743986,24.470790058840066,24.471779378596693,0.9893197566270828,True,
4858,onnx_model_072,measure,24.474398276643168,24.475150767713785,24.47613611072302,0.9853430092334747,True,
4859,onnx_model_038,measure,24.475725067382516,24.476240418851376,24.47711692471057,0.8765058591961861,True,
4860,onnx_model_030,measure,24.477993386071073,24.47833551093936,24.479147715028375,0.8122040890157223,True,
4861,onnx_model_000,measure,24.479356945866172,24.48037528898567,24.481179436668754,0.8041476830840111,True,
4862,onnx_model_046,measure,24.48176785214275,24.482405378017575,24.483463278971612,1.0579009540379047,True,
4863,onnx_model_079,measure,24.481893382186325,24.48256630403921,24.48359221359715,1.0259095579385757,True,
4864,onnx_model_058,measure,24.483999095708903,24.484843191690743,24.485739565920085,0.8963742293417454,True,
4865,onnx_model_067,measure,24.500458564342228,24.500960568897426,24.501949177589267,0.9886086918413639,True,
4866,onnx_model_058,measure,24.502922880396614,24.503169416915625,24.50415941886604,0.9900019504129887,True,
4867,onnx_model_048,measure,24.511269658122888,24.512381257954985,24.513324009720236,0.9427517652511597,True,
4868,onnx_model_055,measure,24.517337249445575,24.51854531466961,24.519468419719487,0.9231050498783588,True,
4869,onnx_model_042,measure,24.523474653688854,24.523708619643003,24.52488126885146,1.1726492084562778,True,
4870,onnx_model_099,measure,24.523588406922112,24.52386883366853,24.524927025660872,1.058191992342472,True,
4871,onnx_model_052,measure,24.523688050400654,24.524297137744725,24.52534609194845,1.0489542037248611,True,
4872,onnx_model_007,measure,24.52534935511899,24.52549244975671,24.526530724018812,1.0382742621004581,True,
4873,onnx_model_079,measure,24.527041033393,24.527753467671573,24.528674468863755,0.9210011921823025,True,
4874,onnx_model_036,measure,24.52819694621899,24.528769460041076,24.529795970767736,1.02651072666049,True,
4875,onnx_model_008,measure,24.52908568789607,24.529889297671616,24.531028723809868,1.1394261382520199,True,
4876,onnx_model_027,measure,24.52942105952725,24.530048871878535,24.531139123719186,1.0902518406510353,True,
4877,onnx_model_092,measure,24.53690343684765,24.53735965769738,24.53829311300069,0.933455303311348,True,
4878,onnx_model_074,measure,24.540705174735134,24.541514766868204,24.542502373922616,0.987607054412365,True,
4879,onnx_model_053,measure,24.550469832158846,24.5507934037596,24.55174451181665,0.951108057051897,True,
4880,onnx_model_067,measure,24.5510166509059,24.55119108967483,24.55200249189511,0.8114022202789783,True,
4881,onnx_model_075,measure,24.557143774851454,24.558227244764566,24.559024449903518,0.79720513895154,True,
4882,onnx_model_008,measure,24.575857718108306,24.576193776912987,24.576973538845778,0.7797619327902794,True,
4883,onnx_model_060,measure,24.579092514890764,24.5801265318878,24.580858843866736,0.7323119789361954,True,
4884,onnx_model_081,measure,24.585550270125918,24.58602262986824,24.58676623273641,0.7436028681695461,True,
4885,onnx_model_048,measure,24.588475951357616,24.58892134996131,24.589685572776943,0.7642228156328201,True,
4886,onnx_model_077,measure,24.588510792655683,24.589015187695622,24.58980535995215,0.7901722565293312,True,
4887,onnx_model_034,measure,24.599894817600205,24.600956266745925,24.6016972749494,0.7410082034766674,True,
4888,onnx_model_028,measure,24.601865432462382,24.602882718667388,24.60372387804091,0.8411593735218048,True,
4889,onnx_model_098,measure,24.603763940847212,24.604913318995386,24.605662742629647,0.7494236342608929,True,
4890,onnx_model_066,measure,24.609035057088352,24.60982415266335,24.610569810960442,0.7456582970917225,True,
4891,onnx_model_050,measure,24.618308199869926,24.61875891685486,24.619625063613057,0.8661467581987381,True,
4892,onnx_model_005,measure,24.62100816517048,24.62180492701009,24.62266853870824,0.8636116981506348,True,
4893,onnx_model_040,measure,24.623336390041214,24.623847469687462,24.624652619939297,0.8051502518355846,True,
4894,onnx_model_020,measure,24.634241215822943,24.634803835768253,24.635640646796674,0.8368110284209251,True,
4895,onnx_model_065,measure,24.63845758416365,24.638859424740076,24.63991117477417,1.0517500340938568,True,
4896,onnx_model_051,measure,24.64299125001862,24.644152828026563,24.64505965076387,0.9068227373063564,True,
4897,onnx_model_041,measure,24.64447764290783,24.645157186780125,24.64588893763721,0.7317508570849895,True,
4898,onnx_model_090,measure,24.647584161420234,24.648116090800613,24.648820840753615,0.7047499530017376,True,
4899,onnx_model_022,measure,24.65238850197883,24.653041062876582,24.65381018491462,0.7691220380365849,True,
4900,onnx_model_008,measure,24.653311576619572,24.65390525572002,24.65454629389569,0.6410381756722927,True,
4901,onnx_model_044,measure,24.65594870784913,24.656772445887327,24.657432339619845,0.6598937325179577,True,
4902,onnx_model_098,measure,24.659173749110067,24.65967011358589,24.660387076903135,0.716963317245245,True,
4903,onnx_model_049,measure,24.662418395534665,24.663627265952528,24.664475878700614,0.8486127480864525,True,
4904,onnx_model_044,measure,24.662882076344598,24.663792669773102,24.664635141845793,0.8424720726907253,True,
4905,onnx_model_057,measure,24.672079353933718,24.672861628700048,24.674066478852183,1.2048501521348953,True,
4906,onnx_model_038,measure,24.672664903202342,24.673022584989667,24.673939076717943,0.9164917282760143,True,
4907,onnx_model_077,measure,24.67289718311316,24.67344980686903,24.674250508658588,0.8007017895579338,True,
4908,onnx_model_015,measure,24.681305218332078,24.68247278779745,24.68338532280177,0.9125350043177605,True,
4909,onnx_model_058,measure,24.68891743261901,24.68960749078542,24.690514704678208,0.9072138927876949,True,
4910,onnx_model_092,measure,24.69107691946566,24.691743610892445,24.69262968469411,0.8860738016664982,True,
4911,onnx_model_095,measure,24.696723550641526,24.69785010861233,24.698749758768827,0.8996501564979553,True,
4912,onnx_model_089,measure,24.70432629316512,24.705000379588455,24.70626554498449,1.2651653960347176,True,
4913,onnx_model_027,measure,24.715277555414477,24.7165151280351,24.71748841786757,0.9732898324728012,True,
4914,onnx_model_020,measure,24.726857906845343,24.727739493828267,24.728812493849546,1.0730000212788582,True,
4915,onnx_model_014,measure,24.727224762459898,24.727901923004538,24.72893658000976,1.0346570052206516,True,
4916,onnx_model_065,measure,24.729492251140837,24.73015414364636,24.73121830681339,1.0641631670296192,True,
4917,onnx_model_031,measure,24.73770120240494,24.73845411092043,24.739438191987574,0.9840810671448708,True,
4918,onnx_model_089,measure,24.745617189685664,24.74667566874996,24.74766141269356,0.9857439436018467,True,
4919,onnx_model_058,measure,24.750386760108817,24.750883657950908,24.751800450962037,0.9167930111289024,True,
4920,onnx_model_094,measure,24.754347993123705,24.75502572162077,24.756009452044964,0.983730424195528,True,
4921,onnx_model_076,measure,24.76222730957437,24.763230066746473,24.764135998673737,0.9059319272637367,True,
4922,onnx_model_017,measure,24.783510539043846,24.78435462201014,24.78526544291526,0.9108209051191807,True,
4923,onnx_model_037,measure,24.79247174250798,24.79349657893181,24.794379737693816,0.8831587620079517,True,
4924,onnx_model_039,measure,24.80659787901772,24.80869360687211,24.809605439659208,0.9118327870965004,True,
4925,onnx_model_016,measure,24.81078830053867,24.811922444961965,24.812771097756922,0.848652794957161,True,
4926,onnx_model_033,measure,24.813212817839382,24.814048094674945,24.81496225297451,0.9141582995653152,True,
4927,onnx_model_056,measure,24.813922726267123,24.814493080601096,24.81539639784023,0.9033172391355038,True,
4928,onnx_model_058,measure,24.816310986305197,24.816685067024082,24.817572163883597,0.8870968595147133,True,
4929,onnx_model_040,measure,24.823889088012976,24.824862541630864,24.825802648905665,0.940107274800539,True,
4930,onnx_model_087,measure,24.82599361629485,24.82708237087354,24.827871340792626,0.7889699190855026,True,
4931,onnx_model_028,measure,24.82798981116817,24.829155972693115,24.83072084793821,1.5648752450942993,True,
4932,onnx_model_014,measure,24.828275110994152,24.829373656772077,24.83078487869352,1.4112219214439392,True,
4933,onnx_model_080,measure,24.829609406236887,24.83000833261758,24.83095019403845,0.9418614208698273,True,
4934,onnx_model_091,measure,24.8354010222293,24.8362872088328,24.837390455882996,1.1032470501959324,True,
4935,onnx_model_019,measure,24.83746297826235,24.838738007005304,24.84008148079738,1.3434737920761108,True,
4936,onnx_model_054,measure,24.837724511025407,24.838959788903594,24.84035146376118,1.3916748575866222,True,
4937,onnx_model_084,measure,24.838525542784144,24.839159328024834,24.840295567642897,1.136239618062973,True,
4938,onnx_model_025,measure,24.841828855583298,24.84264737786725,24.843574600759894,0.9272228926420212,True,
4939,onnx_model_080,measure,24.844727867089976,24.845832843799144,24.84673418663442,0.901342835277319,True,
4940,onnx_model_005,measure,24.846237770272552,24.846842071972787,24.847606394905597,0.7643229328095913,True,
4941,onnx_model_027,measure,24.853124109685574,24.85379974776879,24.8545557949692,0.7560472004115582,True,
4942,onnx_model_049,measure,24.853668691264335,24.85390861472115,24.85464702779427,0.7384130731225014,True,
4943,onnx_model_051,measure,24.85785105257141,24.85887743998319,24.859622455667704,0.7450156845152378,True,
4944,onnx_model_047,measure,24.860421866737024,24.86078169895336,24.861400024965405,0.618326012045145,True,
4945,onnx_model_055,measure,24.863105835900445,24.863560220692307,24.86414782796055,0.5876072682440281,True,
4946,onnx_model_043,measure,24.867159615409076,24.868307734839618,24.868894940707833,0.5872058682143688,True,
4947,onnx_model_066,measure,24.872372018803564,24.873053265735507,24.873725643847138,0.6723781116306782,True,
4948,onnx_model_065,measure,24.875497658162807,24.875880339648575,24.876500127837062,0.6197881884872913,True,
4949,onnx_model_076,measure,24.879651165347568,24.880668852012604,24.881338494829834,0.6696428172290325,True,
4950,onnx_model_015,measure,24.88111481030654,24.88139859866351,24.882086867000908,0.6882683373987675,True,
4951,onnx_model_028,measure,24.885143547187898,24.88624280691147,24.886929121799767,0.6863148882985115,True,
4952,onnx_model_071,measure,24.888617360306593,24.889086852781475,24.889773698989302,0.6868462078273296,True,
4953,onnx_model_076,measure,24.899662713569786,24.89993925159797,24.900753108784556,0.8138571865856647,True,
4954,onnx_model_075,measure,24.900733107964733,24.900844272691756,24.901415769010782,0.5714963190257549,True,
4955,onnx_model_047,measure,24.900966494586637,24.901462206616998,24.90200945781544,0.5472511984407902,True,
4956,onnx_model_009,measure,24.908325146717083,24.90916749369353,24.909836795646697,0.6693019531667233,True,
4957,onnx_model_061,measure,24.908725648871823,24.909269717987627,24.90992576489225,0.6560469046235085,True,
4958,onnx_model_061,measure,24.911982331069474,24.913089639041573,24.914047610014677,0.9579709731042385,True,
4959,onnx_model_047,measure,24.912404584674565,24.913189829792827,24.914281263947487,1.0914341546595097,True,
4960,onnx_model_084,measure,24.91274475076788,24.913280081003904,24.914170925039798,0.8908440358936787,True,
4961,onnx_model_001,measure,24.912939912263635,24.913377546705306,24.914301281794906,0.9237350896000862,True,
4962,onnx_model_015,measure,24.918609841142196,24.919435581658036,24.920013329945505,0.5777482874691486,True,
4963,onnx_model_058,measure,24.922110045921237,24.923168777953833,24.923747167922556,0.5783899687230587,True,
4964,onnx_model_006,measure,24.925350091952286,24.92590265488252,24.92647496284917,0.5723079666495323,True,
4965,onnx_model_010,measure,24.93720779813903,24.937642090022564,24.938210119958967,0.5680299364030361,True,
4966,onnx_model_073,measure,24.943078955552284,24.9433683748357,24.94403436081484,0.6659859791398048,True,
4967,onnx_model_035,measure,24.949396804322475,24.950193849857897,24.95083271386102,0.6388640031218529,True,
4968,onnx_model_021,measure,24.96542089828074,24.965994864702225,24.966854508966208,0.8596442639827728,True,
4969,onnx_model_047,measure,24.96581723509618,24.966095816809684,24.966945701744407,0.8498849347233772,True,
4970,onnx_model_046,measure,24.972670501838557,24.97310207458213,24.973824156913906,0.722082331776619,True,
4971,onnx_model_078,measure,24.976181983297007,24.976980656851083,24.97787087969482,0.8902228437364101,True,
4972,onnx_model_048,measure,24.977501185105847,24.9779396597296,24.978565499652177,0.6258399225771427,True,
4973,onnx_model_013,measure,24.989070239947704,24.989726996980608,24.99044879898429,0.7218020036816597,True,
4974,onnx_model_033,measure,24.994525221013564,24.995601632632315,24.996109538711607,0.5079060792922974,True,
4975,onnx_model_018,measure,24.999855353454027,25.000268063973635,25.00075475871563,0.48669474199414253,True,
4976,onnx_model_054,measure,25.01216181554936,25.012913420796394,25.01343070389703,0.5172831006348133,True,
4977,onnx_model_039,measure,25.014742884081542,25.015567374881357,25.016053809784353,0.4864349029958248,True,
4978,onnx_model_042,measure,25.024681939429477,25.026229492854327,25.027135524898767,0.9060320444405079,True,
4979,onnx_model_069,measure,25.02502132335802,25.02632880071178,25.02719616983086,0.8673691190779209,True,
4980,onnx_model_014,measure,25.031336317675294,25.03235087869689,25.03296515578404,0.6142770871520042,True,
4981,onnx_model_009,measure,25.033501821302888,25.034097167663276,25.034746812656522,0.6496449932456017,True,
4982,onnx_model_038,measure,25.03468180858701,25.034809642005712,25.03539627790451,0.5866358987987041,True,
4983,onnx_model_044,measure,25.039545767558703,25.040554943028837,25.04121235292405,0.6574098952114582,True,
4984,onnx_model_027,measure,25.042390150539152,25.043383169919252,25.04414848377928,0.7653138600289822,True,
4985,onnx_model_096,measure,25.04974746761154,25.05030805291608,25.05093012470752,0.6220717914402485,True,
4986,onnx_model_037,measure,25.05811809784196,25.059089744929224,25.059895277023315,0.805532094091177,True,
4987,onnx_model_002,measure,25.065942106688908,25.067058231681585,25.067775005009025,0.7167733274400234,True,
4988,onnx_model_063,measure,25.069106539367212,25.06994788488373,25.07078618882224,0.8383039385080338,True,
4989,onnx_model_071,measure,25.086871289551674,25.08794580679387,25.088677166961133,0.7313601672649384,True,
4990,onnx_model_000,measure,25.093046607477543,25.093840752728283,25.094811336603016,0.9705838747322559,True,
4991,onnx_model_074,measure,25.093194489358257,25.093943727668375,25.09470676863566,0.7630409672856331,True,
4992,onnx_model_017,measure,25.113440745592985,25.114005161914974,25.114847362972796,0.8422010578215122,True,
4993,onnx_model_087,measure,25.118295485877173,25.11905271699652,25.119931066874415,0.8783498778939247,True,
4994,onnx_model_091,measure,25.124257860714764,25.125111723784357,25.12618475360796,1.0730298236012459,True,
4995,onnx_model_060,measure,25.125971627076403,25.126278241630644,25.12703644298017,0.7582013495266438,True,
4996,onnx_model_048,measure,25.127375100116012,25.128176018595695,25.1287893448025,0.6133262068033218,True,
4997,onnx_model_029,measure,25.131173439056813,25.13194879097864,25.13315565465018,1.206863671541214,True,
4998,onnx_model_046,measure,25.136640876315873,25.13731717504561,25.13808366190642,0.7664868608117104,True,
4999,onnx_model_043,measure,25.139111648920622,25.140244058799,25.14090989390388,0.6658351048827171,True,
5000,onnx_model_086,measure,25.140950453703095,25.142044520936906,25.14259132090956,0.546799972653389,True,
5001,onnx_model_009,measure,25.144120889238362,25.144725056830794,25.145271976012737,0.5469191819429398,True,
5002,onnx_model_020,measure,25.149869812140604,25.15052838763222,25.15145496884361,0.9265812113881111,True,
5003,onnx_model_038,measure,25.152274037851864,25.15269042784348,25.153526776935905,0.8363490924239159,True,
5004,onnx_model_024,measure,25.154874327671056,25.155757057014853,25.156576263718307,0.8192067034542561,True,
5005,onnx_model_043,measure,25.157153488107706,25.15776598500088,25.158584931865335,0.8189468644559383,True,
5006,onnx_model_051,measure,25.164907112382718,25.165803944692016,25.16678257472813,0.9786300361156464,True,
5007,onnx_model_056,measure,25.166937246147874,25.167997904587537,25.168889358639717,0.8914540521800518,True,
5008,onnx_model_046,measure,25.169338895367815,25.170106432866305,25.171038524713367,0.9320918470621109,True,
5009,onnx_model_042,measure,25.170368043207308,25.17113458691165,25.171947692986578,0.8131060749292374,True,
5010,onnx_model_079,measure,25.172499405690658,25.17317003570497,25.174365708604455,1.1956728994846344,True,
5011,onnx_model_039,measure,25.172561979051217,25.173331573605537,25.174234739970416,0.9031663648784161,True,
5012,onnx_model_080,measure,25.183448909669625,25.184584353584796,25.185373352840543,0.788999255746603,True,
5013,onnx_model_058,measure,25.187192932715533,25.187592641916126,25.188446374610066,0.8537326939404011,True,
5014,onnx_model_093,measure,25.203998570236248,25.20468208566308,25.20559008186683,0.9079962037503719,True,
5015,onnx_model_029,measure,25.208648717330725,25.209827075712383,25.210674166679382,0.8470909669995308,True,
5016,onnx_model_075,measure,25.21336492630269,25.21390315471217,25.214748460799456,0.8453060872852802,True,
5017,onnx_model_038,measure,25.228521354624935,25.22897212859243,25.229849956929684,0.87782833725214,True,
5018,onnx_model_036,measure,25.230852265036592,25.231068112887442,25.23203495098278,0.9668380953371525,True,
5019,onnx_model_024,measure,25.244112645663684,25.24629339389503,25.24733204767108,1.038653776049614,True,
5020,onnx_model_058,measure,25.24450939872215,25.246461553964764,25.247463227715343,1.0016737505793571,True,
5021,onnx_model_048,measure,25.254768799715578,25.255719140637666,25.25651339069009,0.7942500524222851,True,
5022,onnx_model_021,measure,25.2563903597447,25.256660549901426,25.257478395011276,0.8178451098501682,True,
5023,onnx_model_090,measure,25.270881196163337,25.27171528665349,25.272564210928977,0.8489242754876614,True,
5024,onnx_model_008,measure,25.27440789315553,25.274783469736576,25.275634066667408,0.8505969308316708,True,
5025,onnx_model_000,measure,25.27618016634483,25.276854666881263,25.277773533016443,0.9188661351799965,True,
5026,onnx_model_099,measure,25.27999566947521,25.280999024864286,25.28202899172902,1.029966864734888,True,
5027,onnx_model_079,measure,25.280189872734926,25.28116104286164,25.28217377793044,1.0127350687980652,True,
5028,onnx_model_024,measure,25.282565670376172,25.283393896650523,25.284486474003643,1.0925773531198502,True,
5029,onnx_model_094,measure,25.282900286364015,25.283554962836206,25.28462798288092,1.0730200447142124,True,
5030,onnx_model_046,measure,25.290113852879006,25.290851593017578,25.291764618828893,0.9130258113145828,True,
5031,onnx_model_071,measure,25.291718209518645,25.29191300086677,25.292879146989435,0.9661461226642132,True,
5032,onnx_model_036,measure,25.299684043054576,25.300102397799492,25.30102418968454,0.921791885048151,True,
5033,onnx_model_060,measure,25.302167877663774,25.303247946780175,25.304222248960286,0.9743021801114082,True,
5034,onnx_model_030,measure,25.30713406388933,25.307461625896394,25.30838008178398,0.9184558875858784,True,
5035,onnx_model_031,measure,25.309243726131722,25.309601002838463,25.310592577792704,0.9915749542415142,True,
5036,onnx_model_057,measure,25.313443402330094,25.313844729680568,25.31476630177349,0.9215720929205418,True,
5037,onnx_model_087,measure,25.31491658854134,25.315988424699754,25.316930995788425,0.9425710886716843,True,
5038,onnx_model_078,measure,25.326405376130488,25.327155130915344,25.328092542942613,0.9374120272696018,True,
5039,onnx_model_039,measure,25.330554185866927,25.33131517888978,25.33223609859124,0.9209197014570236,True,
5040,onnx_model_033,measure,25.334294532786,25.335463142953813,25.33632729575038,0.8641527965664864,True,
5041,onnx_model_090,measure,25.341949403613526,25.342549312859774,25.343380061909556,0.830749049782753,True,
5042,onnx_model_048,measure,25.36538889120108,25.365603455808014,25.36647445196286,0.8709961548447609,True,
5043,onnx_model_052,measure,25.374442295247256,25.374743980821222,25.37566938996315,0.9254091419279575,True,
5044,onnx_model_061,measure,25.38331308635378,25.38389238063246,25.38476648181677,0.8741011843085289,True,
5045,onnx_model_068,measure,25.39617226344761,25.396986491046846,25.39772464381531,0.7381527684628963,True,
5046,onnx_model_001,measure,25.397657225189192,25.397862636018544,25.39857448870316,0.7118526846170425,True,
5047,onnx_model_081,measure,25.402127098532393,25.402803909033537,25.403571297880262,0.7673888467252254,True,
5048,onnx_model_009,measure,25.41104445873979,25.411799587775022,25.412464092019945,0.6645042449235916,True,
5049,onnx_model_041,measure,25.431623881353584,25.432809204794466,25.433828041888773,1.0188370943069458,True,
5050,onnx_model_074,measure,25.435332859283893,25.43608393985778,25.437005000654608,0.9210607968270779,True,
5051,onnx_model_065,measure,25.442784755385777,25.44330604793504,25.444321056827903,1.0150088928639889,True,
5052,onnx_model_039,measure,25.453798844141637,25.454641995951533,25.455737157724798,1.0951617732644081,True,
5053,onnx_model_012,measure,25.458203721696336,25.45904257101938,25.46007961174473,1.03704072535038,True,
5054,onnx_model_093,measure,25.45997289459001,25.460248242598027,25.46126665873453,1.0184161365032196,True,
5055,onnx_model_076,measure,25.46109235796632,25.46142347669229,25.46233441773802,0.9109410457313061,True,
5056,onnx_model_098,measure,25.462908678561224,25.463565648999065,25.46440608566627,0.8404366672039032,True,
5057,onnx_model_086,measure,25.468682638788895,25.469668368808925,25.470548862591386,0.8804937824606895,True,
5058,onnx_model_007,measure,25.47219587936305,25.472778069786727,25.473593079019338,0.8150092326104641,True,
5059,onnx_model_039,measure,25.48567530797793,25.487837455701083,25.48875000094995,0.9125452488660812,True,
5060,onnx_model_068,measure,25.487651927892674,25.48800007486716,25.48894321778789,0.9431429207324982,True,
5061,onnx_model_052,measure,25.49537739641979,25.49619868863374,25.49716634862125,0.9676599875092506,True,
5062,onnx_model_079,measure,25.501633029289902,25.502387783955783,25.503297322895378,0.9095389395952225,True,
5063,onnx_model_026,measure,25.50601245907714,25.5065178447403,25.5073655359447,0.8476912043988705,True,
5064,onnx_model_030,measure,25.508464969679693,25.509589593857527,25.51046933559701,0.8797417394816875,True,
5065,onnx_model_090,measure,25.516906605999004,25.517705732025206,25.518470915965736,0.7651839405298233,True,
5066,onnx_model_080,measure,25.52198534998708,25.52270541479811,25.523447785992175,0.7423711940646172,True,
5067,onnx_model_085,measure,25.52835255704784,25.528681023977697,25.52950302697718,0.822002999484539,True,
5068,onnx_model_053,measure,25.533173786671178,25.53375507891178,25.53474987996742,0.9948010556399822,True,
5069,onnx_model_056,measure,25.54429747790831,25.54497707961127,25.546040141023695,1.063061412423849,True,
5070,onnx_model_014,measure,25.544787262227654,25.54513774579391,25.546150360722095,1.0126149281859398,True,
5071,onnx_model_052,measure,25.54911481074075,25.549369198735803,25.550358799751848,0.9896010160446167,True,
5072,onnx_model_071,measure,25.549712451062447,25.550454281736165,25.551412402652204,0.9581209160387516,True,
5073,onnx_model_095,measure,25.56397188786715,25.565658572595567,25.566936132032424,1.2775594368577003,True,
5074,onnx_model_048,measure,25.564341471516197,25.565825389698148,25.567145430017263,1.3200403191149235,True,
5075,onnx_model_070,measure,25.56543776089633,25.565970114897937,25.56710553402081,1.1354191228747368,True,
5076,onnx_model_078,measure,25.57310224455015,25.57336764689535,25.57441918598488,1.0515390895307064,True,
5077,onnx_model_085,measure,25.578099949947713,25.578656690660864,25.57957975566387,0.9230650030076504,True,
5078,onnx_model_050,measure,25.57977402317137,25.58076135162264,25.581688563805073,0.9272121824324131,True,
5079,onnx_model_079,measure,25.584662360906897,25.584912181831896,25.585714526940137,0.8023451082408428,True,
5080,onnx_model_043,measure,25.586552743129023,25.58695019595325,25.587786254938692,0.8360589854419231,True,
5081,onnx_model_084,measure,25.59511992056256,25.59604184795171,25.596861314959824,0.8194670081138611,True,
5082,onnx_model_024,measure,25.59626918506227,25.596980270929635,25.597893486730754,0.9132158011198044,True,
5083,onnx_model_093,measure,25.60083396665924,25.601134217809886,25.601963844615966,0.8296268060803413,True,
5084,onnx_model_096,measure,25.60151513266621,25.602059315890074,25.60281138587743,0.7520699873566628,True,
5085,onnx_model_031,measure,25.60449333830113,25.605031815823168,25.60578477801755,0.7529621943831444,True,
5086,onnx_model_080,measure,25.609009768050587,25.610034986864775,25.61076611559838,0.7311287336051464,True,
5087,onnx_model_053,measure,25.610576868099802,25.6108620390296,25.611579241696745,0.7172026671469212,True,
5088,onnx_model_018,measure,25.616113666969152,25.616800907999277,25.617567094042897,0.7661860436201096,True,
5089,onnx_model_011,measure,25.62237907148643,25.622795943636447,25.623540037777275,0.7440941408276558,True,
5090,onnx_model_094,measure,25.626364703795122,25.626766711939126,25.627461683005095,0.6949710659682751,True,
5091,onnx_model_069,measure,25.63774607926689,25.638717137742788,25.6395453219302,0.828184187412262,True,
5092,onnx_model_080,measure,25.639103011128363,25.63965731486678,25.64044856885448,0.7912539876997471,True,
5093,onnx_model_037,measure,25.639153430196057,25.63982104603201,25.640784667804837,0.9636217728257179,True,
5094,onnx_model_029,measure,25.648211916834732,25.649025321938097,25.650032796896994,1.007474958896637,True,
5095,onnx_model_047,measure,25.64980175395417,25.65012897970155,25.651151773985475,1.022794283926487,True,
5096,onnx_model_010,measure,25.683798640142648,25.684386558830738,25.685514342971146,1.127784140408039,True,
5097,onnx_model_057,measure,25.683859853627837,25.684546432923526,25.685643448028713,1.097015105187893,True,
5098,onnx_model_035,measure,25.686030612368537,25.686861813999712,25.68778239376843,0.920579768717289,True,
5099,onnx_model_036,measure,25.694597524993245,25.69500292884186,25.695906536653638,0.9036078117787838,True,
5100,onnx_model_002,measure,25.70678221627149,25.707143866922706,25.70799907296896,0.8552060462534428,True,
5101,onnx_model_079,measure,25.737468799160663,25.738322974648327,25.739559915848076,1.2369411997497082,True,
5102,onnx_model_080,measure,25.738059816377948,25.73851176397875,25.739651940762997,1.14017678424716,True,
5103,onnx_model_024,measure,25.739900474314844,25.74095600983128,25.7421147916466,1.1587818153202534,True,
5104,onnx_model_028,measure,25.740584542610847,25.741146471817046,25.742240841966122,1.094370149075985,True,
5105,onnx_model_017,measure,25.761670472228083,25.7625469006598,25.76371988095343,1.1729802936315536,True,
5106,onnx_model_094,measure,25.762077383182387,25.762753082904965,25.76377435401082,1.0212711058557034,True,
5107,onnx_model_072,measure,25.775158781552882,25.77607388375327,25.777125231921673,1.0513481684029102,True,
5108,onnx_model_097,measure,25.778737888704512,25.77946015074849,25.780662436038256,1.2022852897644043,True,
5109,onnx_model_086,measure,25.784412200325537,25.7849669479765,25.785947121679783,0.9801737032830715,True,
5110,onnx_model_023,measure,25.78622874909819,25.787248344626278,25.788086839020252,0.8384943939745426,True,
5111,onnx_model_079,measure,25.79455960909595,25.79539118288085,25.79630465991795,0.913477037101984,True,
5112,onnx_model_029,measure,25.796678814105906,25.79760420974344,25.79843001998961,0.8258102461695671,True,
5113,onnx_model_064,measure,25.801031622959545,25.801701026968658,25.802439481019974,0.7384540513157845,True,
5114,onnx_model_041,measure,25.8040428238094,25.80468976870179,25.805397253949195,0.7074852474033833,True,
5115,onnx_model_073,measure,25.809738571390554,25.810641581658274,25.811402558814734,0.7609771564602852,True,
5116,onnx_model_009,measure,25.81703702241374,25.817644483875483,25.818297404795885,0.6529209204018116,True,
5117,onnx_model_056,measure,25.83605904434162,25.837652084883302,25.83864011382684,0.9880289435386658,True,
5118,onnx_model_046,measure,25.839988813452695,25.84095743764192,25.841966826934367,1.009389292448759,True,
5119,onnx_model_012,measure,25.844806446909438,25.84527328191325,25.84619242977351,0.9191478602588177,True,
5120,onnx_model_006,measure,25.850615118628124,25.851496571674943,25.85242890380323,0.9323321282863617,True,
5121,onnx_model_056,measure,25.86305683297976,25.863801581785083,25.864889700897038,1.0881191119551659,True,
5122,onnx_model_095,measure,25.86549237488135,25.86617027502507,25.86704480694607,0.8745319209992886,True,
5123,onnx_model_046,measure,25.866664657121294,25.867148333694786,25.867899721954018,0.7513882592320442,True,
5124,onnx_model_030,measure,25.869902006016456,25.87012945069,25.87087636999786,0.7469193078577518,True,
5125,onnx_model_065,measure,25.881764841122198,25.882101016584784,25.88295064168051,0.8496250957250595,True,
5126,onnx_model_032,measure,25.8841041203403,25.885173997841775,25.885996150784194,0.8221529424190521,True,
5127,onnx_model_080,measure,25.889864070183926,25.89021629281342,25.89099770784378,0.7814150303602219,True,
5128,onnx_model_014,measure,25.902743014846248,25.903294331859797,25.90428982488811,0.9954930283129215,True,
5129,onnx_model_059,measure,25.912904638836526,25.914607557002455,25.915802858769894,1.1953017674386501,True,
5130,onnx_model_025,measure,25.922171020683088,25.92311726277694,25.924081366043538,0.9641032665967941,True,
5131,onnx_model_042,measure,25.927837554646985,25.92831926094368,25.92926690261811,0.9476416744291782,True,
5132,onnx_model_015,measure,25.931532182372454,25.932498775888234,25.933398856781423,0.900080893188715,True,
5133,onnx_model_003,measure,25.93294481862898,25.933502743951976,25.93457914981991,1.076405867934227,True,
5134,onnx_model_087,measure,25.93303081399915,25.933714366983622,25.935169712640345,1.455345656722784,True,
5135,onnx_model_080,measure,25.93414315179565,25.934787155594677,25.935793137643486,1.0059820488095284,True,
5136,onnx_model_052,measure,25.935515162585887,25.9358872869052,25.936894811689854,1.007524784654379,True,
5137,onnx_model_004,measure,25.935972402547968,25.93624630989507,25.937109680846334,0.8633709512650967,True,
5138,onnx_model_008,measure,25.94487441827352,25.9453498236835,25.94632774265483,0.9779189713299274,True,
5139,onnx_model_078,measure,25.945880015237208,25.94642547890544,25.947416341863573,0.9908629581332207,True,
5140,onnx_model_009,measure,25.949143903238724,25.949657863005996,25.950522305909544,0.8644429035484791,True,
5141,onnx_model_006,measure,25.952699128113693,25.953866883646697,25.954802782740444,0.935899093747139,True,
5142,onnx_model_066,measure,25.96523712164806,25.966028110589832,25.9679176020436,1.8894914537668228,True,
5143,onnx_model_068,measure,25.97612265296195,25.978139261715114,25.979096261784434,0.9570000693202019,True,
5144,onnx_model_061,measure,25.986393174688192,25.98732030391693,25.988224622793496,0.9043188765645027,True,
5145,onnx_model_074,measure,25.99007231410347,25.990447528660297,25.991226418875158,0.7788902148604393,True,
5146,onnx_model_095,measure,26.005536179589313,26.006447061896324,26.007348133716732,0.9010718204081059,True,
5147,onnx_model_039,measure,26.00720955128671,26.007478561718017,26.008256089873612,0.7775281555950642,True,
5148,onnx_model_028,measure,26.017422549836457,26.018487778957933,26.019446291029453,0.9585120715200901,True,
5149,onnx_model_043,measure,26.02202412245429,26.022686139680445,26.023502681870013,0.8165421895682812,True,
5150,onnx_model_023,measure,26.03201964681566,26.03373855864629,26.03464350895956,0.904950313270092,True,
5151,onnx_model_095,measure,26.034671170482017,26.03586247563362,26.036724674981087,0.8621993474662304,True,
5152,onnx_model_043,measure,26.03577438549377,26.03622737992555,26.037011499982327,0.7841200567781925,True,
5153,onnx_model_000,measure,26.03739212934858,26.03822689084336,26.039045506622642,0.8186157792806625,True,
5154,onnx_model_020,measure,26.038369518911317,26.03859425894916,26.0394008718431,0.8066128939390182,True,
5155,onnx_model_096,measure,26.03971331586014,26.040643914602697,26.041403237730265,0.7593231275677681,True,
5156,onnx_model_081,measure,26.040950815701557,26.041497256606817,26.04226378398016,0.7665273733437061,True,
5157,onnx_model_029,measure,26.050026939631323,26.05048690503463,26.051346538588405,0.8596335537731647,True,
5158,onnx_model_097,measure,26.05704333048217,26.057563737034798,26.058471141848713,0.9074048139154911,True,
5159,onnx_model_024,measure,26.059230337120578,26.059695418924093,26.060582926031202,0.8875071071088314,True,
5160,onnx_model_079,measure,26.06112824590467,26.06175752868876,26.06269111391157,0.9335852228105068,True,
5161,onnx_model_043,measure,26.06981750656787,26.070944802835584,26.072172125801444,1.2273229658603668,True,
5162,onnx_model_035,measure,26.070370988095853,26.071107481606305,26.072363579645753,1.2560980394482613,True,
5163,onnx_model_050,measure,26.070857183222802,26.071561073884368,26.072730376850814,1.1693029664456844,True,
5164,onnx_model_078,measure,26.07361177042801,26.073974180966616,26.07491540070623,0.9412197396159172,True,
5165,onnx_model_044,measure,26.086020074100926,26.08716433402151,26.088074002880603,0.9096688590943813,True,
5166,onnx_model_089,measure,26.09754859661111,26.09829692589119,26.099291365593672,0.9944397024810314,True,
5167,onnx_model_076,measure,26.10107165513171,26.101510383654386,26.1028918097727,1.3814261183142662,True,
5168,onnx_model_056,measure,26.102287208913122,26.10298674972728,26.103931596037,0.9448463097214699,True,
5169,onnx_model_017,measure,26.107106432412664,26.108175272587687,26.109495031647384,1.3197590596973896,True,
5170,onnx_model_011,measure,26.107301660958637,26.108332711737603,26.10934997582808,1.0172640904784203,True,
5171,onnx_model_050,measure,26.10860799634614,26.10878211678937,26.109779772814363,0.997656024992466,True,
5172,onnx_model_062,measure,26.113746820609506,26.11403502197936,26.115063095930964,1.0280739516019821,True,
5173,onnx_model_084,measure,26.13402116732804,26.134305181913078,26.135278161615133,0.9729797020554543,True,
5174,onnx_model_062,measure,26.134759427291197,26.135372099932283,26.13635930698365,0.9872070513665676,True,
5175,onnx_model_025,measure,26.14582400723116,26.146592378616333,26.147714541759342,1.1221631430089474,True,
5176,onnx_model_081,measure,26.14814066032155,26.148932576645166,26.14977610995993,0.8435333147644997,True,
5177,onnx_model_052,measure,26.152879596263258,26.15400650165975,26.15490422770381,0.8977260440587997,True,
5178,onnx_model_043,measure,26.162287356347985,26.16313127661124,26.164036627858877,0.905351247638464,True,
5179,onnx_model_085,measure,26.173956207644995,26.174277684651315,26.17529695201665,1.0192673653364182,True,
5180,onnx_model_041,measure,26.17413931622579,26.17443591495976,26.175441356841475,1.0054418817162514,True,
5181,onnx_model_004,measure,26.17603726965271,26.17666561389342,26.177661676891148,0.9960629977285862,True,
5182,onnx_model_066,measure,26.17947762281913,26.1798905339092,26.18088586581871,0.995331909507513,True,
5183,onnx_model_020,measure,26.181619624519875,26.182107156608254,26.18302587373182,0.918717123568058,True,
5184,onnx_model_081,measure,26.185585025952996,26.186274899635464,26.18711713096127,0.8422313258051872,True,
5185,onnx_model_009,measure,26.188132325145347,26.18834875198081,26.18910979758948,0.7610456086695194,True,
5186,onnx_model_038,measure,26.1891409676178,26.190328534692526,26.19106459384784,0.7360591553151608,True,
5187,onnx_model_086,measure,26.191053047280498,26.191210701595992,26.19206801103428,0.8573094382882118,True,
5188,onnx_model_031,measure,26.200487707810957,26.202298076823354,26.20411303685978,1.8149600364267826,True,
5189,onnx_model_051,measure,26.201728617040832,26.20247019501403,26.204216744750738,1.7465497367084026,True,
5190,onnx_model_090,measure,26.201965942043365,26.202629727777094,26.204180916771293,1.5511889941990376,True,
5191,onnx_model_047,measure,26.202542151314965,26.203141591046005,26.204317696858197,1.1761058121919632,True,
5192,onnx_model_096,measure,26.20328516602776,26.20364355482161,26.20443202368915,0.7884688675403595,True,
5193,onnx_model_049,measure,26.20737033751315,26.207691459916532,26.20862355083227,0.9320909157395363,True,
5194,onnx_model_071,measure,26.231158968590492,26.231846665032208,26.23274603486061,0.8993698284029961,True,
5195,onnx_model_089,measure,26.248513808482343,26.248984621837735,26.24988668691367,0.9020650759339333,True,
5196,onnx_model_035,measure,26.25714006412537,26.25812620902434,26.259029345586896,0.9031365625560284,True,
5197,onnx_model_043,measure,26.287986887489858,26.288365659769624,26.289279536809772,0.9138770401477814,True,
5198,onnx_model_003,measure,26.29311465291836,26.293593166861683,26.294623635709286,1.0304688476026058,True,
5199,onnx_model_029,measure,26.295981253451842,26.2969295787625,26.29793451866135,1.0049398988485336,True,
5200,onnx_model_007,measure,26.306103024536,26.308247121982276,26.309426904655993,1.179782673716545,True,
5201,onnx_model_079,measure,26.30696154179162,26.308434658683836,26.309550929814577,1.1162711307406425,True,
5202,onnx_model_080,measure,26.31124026564491,26.311857264023274,26.313002571929246,1.145307905972004,True,
5203,onnx_model_063,measure,26.311455790959748,26.31204569293186,26.313122989609838,1.0772966779768467,True,
5204,onnx_model_076,measure,26.311924341174965,26.312503802590072,26.31331921275705,0.8154101669788361,True,
5205,onnx_model_034,measure,26.323923288511388,26.324656212702394,26.325450432952493,0.7942202500998974,True,
5206,onnx_model_069,measure,26.332683442564857,26.333788682706654,26.334803621750325,1.0149390436708927,True,
5207,onnx_model_050,measure,26.337758604152864,26.338110227603465,26.339032309595495,0.9220819920301437,True,
5208,onnx_model_004,measure,26.3582170434479,26.359336585737765,26.36034828890115,1.0117031633853912,True,
5209,onnx_model_071,measure,26.361635644830994,26.362695610616356,26.36378381960094,1.0882089845836163,True,
5210,onnx_model_012,measure,26.364961591163553,26.36608813982457,26.367114951834083,1.0268120095133781,True,
5211,onnx_model_074,measure,26.374224333920672,26.375421520788223,26.376443042885512,1.0215220972895622,True,
5212,onnx_model_090,measure,26.37649178752352,26.377766768913716,26.378790786024183,1.024017110466957,True,
5213,onnx_model_073,measure,26.38502053383392,26.38609456876293,26.387138713616878,1.0441448539495468,True,
5214,onnx_model_000,measure,26.402756378714333,26.403443216811866,26.404551242943853,1.1080261319875717,True,
5215,onnx_model_043,measure,26.408907259375642,26.40985559578985,26.410951187834144,1.0955920442938805,True,
5216,onnx_model_093,measure,26.416078598017883,26.417254810687155,26.418336065951735,1.0812552645802498,True,
5217,onnx_model_040,measure,26.425697682119942,26.426655299961567,26.427772272843868,1.1169728823006153,True,
5218,onnx_model_025,measure,26.429050739165422,26.430089527741075,26.431194567587227,1.1050398461520672,True,
5219,onnx_model_028,measure,26.430046851835257,26.430494316853583,26.431490369606763,0.9960527531802654,True,
5220,onnx_model_098,measure,26.431418327517978,26.43167261686176,26.43270736373961,1.034746877849102,True,
5221,onnx_model_071,measure,26.435981277555456,26.436967020854354,26.43790553463623,0.9385137818753719,True,
5222,onnx_model_094,measure,26.43929372872465,26.440128549933434,26.441170590929687,1.0420409962534904,True,
5223,onnx_model_057,measure,26.441118816603257,26.441317630931735,26.442335575819016,1.0179448872804642,True,
5224,onnx_model_014,measure,26.451765488744545,26.452590388711542,26.453630274627358,1.0398859158158302,True,
5225,onnx_model_071,measure,26.45365450954357,26.454852669034153,26.455777356866747,0.9246878325939178,True,
5226,onnx_model_093,measure,26.460153146535248,26.46100731799379,26.462180848699063,1.1735307052731514,True,
5227,onnx_model_008,measure,26.460263325886235,26.46117061888799,26.46229695994407,1.1263410560786724,True,
5228,onnx_model_028,measure,26.467765675879022,26.468607384711504,26.470156078692526,1.5486939810216427,True,
5229,onnx_model_069,measure,26.467772121993708,26.46878784801811,26.470200682990253,1.4128349721431732,True,
5230,onnx_model_004,measure,26.468101983769888,26.468932532705367,26.470233395695686,1.3008629903197289,True,
5231,onnx_model_000,measure,26.46889645956369,26.46944681974128,26.470493038650602,1.0462189093232155,True,
5232,onnx_model_093,measure,26.46907055835506,26.469627623911947,26.47062980895862,1.002185046672821,True,
5233,onnx_model_099,measure,26.473545153405393,26.473849639762193,26.474851573817432,1.0019340552389622,True,
5234,onnx_model_038,measure,26.477600054004903,26.478085791692138,26.47898228559643,0.8964939042925835,True,
5235,onnx_model_024,measure,26.47865137215178,26.479077827651054,26.480041679926217,0.9638522751629353,True,
5236,onnx_model_051,measure,26.483619609518318,26.484263704624027,26.486091509927064,1.8278053030371666,True,
5237,onnx_model_084,measure,26.485110539309385,26.485709553584456,26.48665347788483,0.9439243003726006,True,
5238,onnx_model_035,measure,26.486231590954826,26.486749089788646,26.48756794584915,0.8188560605049133,True,
5239,onnx_model_056,measure,26.497398310365252,26.497788954991847,26.498759320005774,0.9703650139272213,True,
5240,onnx_model_032,measure,26.5004383074565,26.500977485906333,26.50190320564434,0.9257197380065918,True,
5241,onnx_model_086,measure,26.502732810286314,26.503124967683107,26.504236530978233,1.1115632951259613,True,
5242,onnx_model_033,measure,26.502957134155935,26.503284270875156,26.504386726766825,1.1024558916687965,True,
5243,onnx_model_078,measure,26.508576389239572,26.5096388598904,26.51046049175784,0.8216318674385548,True,
5244,onnx_model_018,measure,26.510349227778796,26.51060072891414,26.511508874595165,0.9081456810235977,True,
5245,onnx_model_034,measure,26.51340214903116,26.51374146901071,26.514582827687263,0.8413586765527725,True,
5246,onnx_model_007,measure,26.514310027523667,26.514693477656692,26.51549317780882,0.7997001521289349,True,
5247,onnx_model_050,measure,26.521545426283367,26.52272800076753,26.52354247868061,0.814477913081646,True,
5248,onnx_model_064,measure,26.527184868182438,26.52776199998334,26.52866276167333,0.9007616899907589,True,
5249,onnx_model_021,measure,26.532903209523642,26.53388191293925,26.53471738100052,0.8354680612683296,True,
5250,onnx_model_069,measure,26.53668348504807,26.5369392237626,26.537814437877387,0.8752141147851944,True,
5251,onnx_model_056,measure,26.539092252239115,26.54003462800756,26.540864364709705,0.829736702144146,True,
5252,onnx_model_046,measure,26.54295244309338,26.544102611020207,26.54502241872251,0.9198077023029327,True,
5253,onnx_model_055,measure,26.554613808788638,26.55523219704628,26.556148788891733,0.9165918454527855,True,
5254,onnx_model_016,measure,26.556289927612085,26.557312089949846,26.557991270907223,0.6791809573769569,True,
5255,onnx_model_060,measure,26.571238006613548,26.572166946716607,26.572961417026818,0.7944703102111816,True,
5256,onnx_model_087,measure,26.573024391795094,26.574139907956123,26.57496083760634,0.8209296502172947,True,
5257,onnx_model_069,measure,26.574344684972395,26.57503354595974,26.57577259093523,0.739044975489378,True,
5258,onnx_model_051,measure,26.590131858081545,26.590987402014434,26.5919325388968,0.9451368823647499,True,
5259,onnx_model_082,measure,26.592254340993488,26.593156755901873,26.594115047715604,0.9582918137311935,True,
5260,onnx_model_023,measure,26.592388602552383,26.59331850381568,26.59426365001127,0.9451461955904961,True,
5261,onnx_model_024,measure,26.5963175080235,26.59748380072415,26.59837961383164,0.8958131074905396,True,
5262,onnx_model_022,measure,26.600115162387755,26.600601227022707,26.60141353076324,0.8123037405312061,True,
5263,onnx_model_048,measure,26.617433802887945,26.618671184871346,26.619513055775315,0.841870903968811,True,
5264,onnx_model_086,measure,26.621239900724365,26.621749105863273,26.622608058620244,0.8589527569711208,True,
5265,onnx_model_018,measure,26.621892945241466,26.622111674863845,26.622991867829114,0.8801929652690887,True,
5266,onnx_model_060,measure,26.623632082368978,26.6242064666003,26.625065680593252,0.8592139929533005,True,
5267,onnx_model_056,measure,26.624565179694027,26.62516031973064,26.62590606790036,0.7457481697201729,True,
5268,onnx_model_020,measure,26.628244347972338,26.629125136882067,26.62994909286499,0.8239559829235077,True,
5269,onnx_model_006,measure,26.635273732408518,26.636169015895575,26.636914322618395,0.7453067228198051,True,
5270,onnx_model_086,measure,26.642134355276266,26.643134937621653,26.643963171634823,0.8282340131700039,True,
5271,onnx_model_051,measure,26.645685080352354,26.646201957948506,26.647183192893863,0.9812349453568459,True,
5272,onnx_model_053,measure,26.64607797808255,26.646361680701375,26.64730655681342,0.9448761120438576,True,
5273,onnx_model_011,measure,26.6490251105466,26.649524402804673,26.650342277716845,0.8178749121725559,True,
5274,onnx_model_094,measure,26.65301513910806,26.653562077786773,26.654283258598298,0.7211808115243912,True,
5275,onnx_model_089,measure,26.66426370110571,26.66450224397704,26.665248102042824,0.7458580657839775,True,
5276,onnx_model_048,measure,26.671756453412215,26.672469879034907,26.67324245767668,0.7725786417722702,True,
5277,onnx_model_081,measure,26.677014348736957,26.677426220849156,26.67806460382417,0.638382975012064,True,
5278,onnx_model_018,measure,26.688684340409598,26.689245988614857,26.68987288000062,0.6268913857638836,True,
5279,onnx_model_056,measure,26.694337754346567,26.695050611626357,26.695670139975846,0.6195283494889736,True,
5280,onnx_model_099,measure,26.699687415478504,26.700830678921193,26.701589441858232,0.7587629370391369,True,
5281,onnx_model_069,measure,26.699945666064327,26.700924136675894,26.702033625915647,1.1094892397522926,True,
5282,onnx_model_070,measure,26.700411784313893,26.7010088278912,26.701999821700156,0.9909938089549541,True,
5283,onnx_model_088,measure,26.701386781060975,26.701691385824233,26.702364936005324,0.6735501810908318,True,
5284,onnx_model_089,measure,26.70735557047945,26.707548729609698,26.708261854946613,0.7131253369152546,True,
5285,onnx_model_094,measure,26.720114515326085,26.720557015854865,26.721465983893722,0.9089680388569832,True,
5286,onnx_model_053,measure,26.721416295360356,26.721656505949795,26.72233604779467,0.6795418448746204,True,
5287,onnx_model_040,measure,26.72398933402402,26.72455404372886,26.72545527666807,0.9012329392135143,True,
5288,onnx_model_049,measure,26.725690543911295,26.726623417809606,26.727335340809077,0.711922999471426,True,
5289,onnx_model_097,measure,26.738711408141693,26.739560468588024,26.740472151897848,0.9116833098232746,True,
5290,onnx_model_029,measure,26.740873677535742,26.741706409025937,26.74250685982406,0.8004507981240749,True,
5291,onnx_model_052,measure,26.742699043473426,26.743734964635223,26.744517161045223,0.7821964100003242,True,
5292,onnx_model_051,measure,26.756745567900904,26.758758431766182,26.75966884288937,0.9104111231863499,True,
5293,onnx_model_045,measure,26.765049642692176,26.765894155949354,26.766722009982914,0.8278540335595608,True,
5294,onnx_model_079,measure,26.76737447277447,26.767958319745958,26.768885662779212,0.9273430332541466,True,
5295,onnx_model_052,measure,26.767848828729637,26.768312712665647,26.769154683686793,0.8419710211455822,True,
5296,onnx_model_033,measure,26.77220998059832,26.773397207725793,26.774177831597626,0.780623871833086,True,
5297,onnx_model_005,measure,26.77482032992552,26.77550513483584,26.77641003485769,0.9049000218510628,True,
5298,onnx_model_003,measure,26.77890828548035,26.779643340967596,26.780441377777606,0.7980368100106716,True,
5299,onnx_model_093,measure,26.780643294086417,26.781670313794166,26.78252885583788,0.8585420437157154,True,
5300,onnx_model_002,measure,26.78310975972885,26.7837519608438,26.784753654617816,1.0016937740147114,True,
5301,onnx_model_043,measure,26.78371121076217,26.784120130818337,26.784943426027894,0.823295209556818,True,
5302,onnx_model_058,measure,26.7912722251169,26.792174831964076,26.79336724895984,1.1924169957637787,True,
5303,onnx_model_000,measure,26.79185498627367,26.792342269793153,26.793646348640323,1.304078847169876,True,
5304,onnx_model_028,measure,26.79197723286585,26.792484239675105,26.79349363874644,1.0093990713357925,True,
5305,onnx_model_057,measure,26.799787549537005,26.800866493955255,26.801776002626866,0.9095086716115475,True,
5306,onnx_model_040,measure,26.804745573120144,26.804996443912387,26.805856418795884,0.8599748834967613,True,
5307,onnx_model_090,measure,26.805314800052592,26.805951669812202,26.80670751677826,0.7558469660580158,True,
5308,onnx_model_071,measure,26.809519495218254,26.809930262621492,26.810771842021495,0.8415794000029564,True,
5309,onnx_model_036,measure,26.82067389739739,26.82099529588595,26.82188779162243,0.8924957364797592,True,
5310,onnx_model_062,measure,26.824775080900352,26.82511041779071,26.82592291291803,0.8124951273202896,True,
5311,onnx_model_053,measure,26.82638914243835,26.827157619874924,26.828069081995636,0.9114621207118034,True,
5312,onnx_model_019,measure,26.826577266405657,26.827318043913692,26.82819384895265,0.8758050389587879,True,
5313,onnx_model_099,measure,26.829107877725875,26.829412835650146,26.8302382347174,0.8253990672528744,True,
5314,onnx_model_064,measure,26.83185776337975,26.832464045844972,26.83318556798622,0.7215221412479877,True,
5315,onnx_model_088,measure,26.836088945706578,26.836408664938062,26.83711968595162,0.7110210135579109,True,
5316,onnx_model_060,measure,26.844560378389577,26.845345221925527,26.846197481732816,0.8522598072886467,True,
5317,onnx_model_048,measure,26.845891185594606,26.846293253824115,26.846992522943765,0.6992691196501255,True,
5318,onnx_model_057,measure,26.853527007066077,26.854230791796,26.855068193748593,0.8374019525945187,True,
5319,onnx_model_017,measure,26.85484631693674,26.855161911807954,26.85594661394134,0.7847021333873272,True,
5320,onnx_model_096,measure,26.855822073162262,26.85607470665127,26.856814893893898,0.7401872426271439,True,
5321,onnx_model_051,measure,26.860395631610704,26.861033031716943,26.861903576646,0.8705449290573597,True,
5322,onnx_model_086,measure,26.86431676262307,26.865121874026954,26.866043034940958,0.921160914003849,True,
5323,onnx_model_032,measure,26.876964242751917,26.877258794847876,26.878229269757867,0.9704749099910259,True,
5324,onnx_model_045,measure,26.87786770473779,26.87833246588707,26.879417618736625,1.0851528495550156,True,
5325,onnx_model_057,measure,26.878867194604773,26.87951014470309,26.880410665646195,0.9005209431052208,True,
5326,onnx_model_098,measure,26.88799954457436,26.888650198932737,26.889649607706815,0.9994087740778923,True,
5327,onnx_model_030,measure,26.89136713698442,26.891871402040124,26.892817820888013,0.9464188478887081,True,
5328,onnx_model_013,measure,26.892422309709747,26.892913181800395,26.893950743600726,1.0375618003308773,True,
5329,onnx_model_070,measure,26.89729929840247,26.898174402769655,26.89909307891503,0.9186761453747749,True,
5330,onnx_model_067,measure,26.901243485266644,26.902315463870764,26.903297211043537,0.9817471727728844,True,
5331,onnx_model_048,measure,26.9080622357879,26.90853234194219,26.90938268788159,0.8503459393978119,True,
5332,onnx_model_010,measure,26.917855318715777,26.91960359690711,26.920558320824057,0.9547239169478416,True,
5333,onnx_model_002,measure,26.9375417287783,26.937797149643302,26.93860795069486,0.8108010515570641,True,
5334,onnx_model_041,measure,26.93788071045928,26.93817440699786,26.938942576758564,0.7681697607040405,True,
5335,onnx_model_042,measure,26.939018503395914,26.940164149738848,26.94105245778337,0.8883080445230007,True,
5336,onnx_model_027,measure,26.940462688498982,26.94114846084267,26.942353821825236,1.205360982567072,True,
5337,onnx_model_008,measure,26.940719317559147,26.941314335912466,26.94222661992535,0.9122840128839016,True,
5338,onnx_model_038,measure,26.946371363075535,26.947583762928843,26.948571279644966,0.9875167161226273,True,
5339,onnx_model_069,measure,26.9471146497202,26.947790385689586,26.948727687820792,0.9373021312057972,True,
5340,onnx_model_073,measure,26.954596019716437,26.95494890259579,26.955806452780962,0.8575501851737499,True,
5341,onnx_model_051,measure,26.965185386006624,26.966030437964946,26.966801363043487,0.7709250785410404,True,
5342,onnx_model_039,measure,26.981073724003608,26.98202670365572,26.982871579937637,0.8448762819170952,True,
5343,onnx_model_018,measure,26.985819701194444,26.986091049853712,26.986882986035198,0.7919361814856529,True,
5344,onnx_model_086,measure,26.986828641477693,26.987029703799635,26.98799617169425,0.9664678946137428,True,
5345,onnx_model_084,measure,26.987128690665465,26.987389317713678,26.988350505009294,0.9611872956156731,True,
5346,onnx_model_084,measure,26.98882852350177,26.989567207638174,26.990392236039042,0.8250284008681774,True,
5347,onnx_model_095,measure,26.991122755639058,26.991620781831443,26.992376227863133,0.7554460316896439,True,
5348,onnx_model_013,measure,26.992487045865644,26.993626984767616,26.994467512704432,0.8405279368162155,True,
5349,onnx_model_054,measure,26.998591253505452,26.999734413810074,27.00055162794888,0.8172141388058662,True,
5350,onnx_model_000,measure,27.00732842106576,27.00779651897028,27.008607640862465,0.8111218921840191,True,
5351,onnx_model_052,measure,27.011878665464508,27.01284691877663,27.013721651863307,0.8747330866754055,True,
5352,onnx_model_065,measure,27.015463577306452,27.015944947954267,27.016806134954095,0.8611869998276234,True,
5353,onnx_model_063,measure,27.019610894784176,27.02002600580454,27.020971213001758,0.9452071972191334,True,
5354,onnx_model_041,measure,27.021190669972203,27.02218798501417,27.023064240813255,0.8762557990849018,True,
5355,onnx_model_073,measure,27.025675639258058,27.026284161955118,27.0271410709247,0.8569089695811272,True,
5356,onnx_model_022,measure,27.030351211683993,27.03135926881805,27.03219481697306,0.8355481550097466,True,
5357,onnx_model_039,measure,27.03421348687344,27.035414687823504,27.03632587986067,0.911192037165165,True,
5358,onnx_model_026,measure,27.039974025807943,27.040545800700784,27.04140046564862,0.8546649478375912,True,
5359,onnx_model_055,measure,27.049380088130476,27.049635408911854,27.050520251039416,0.8848421275615692,True,
5360,onnx_model_080,measure,27.05185834010528,27.05275102192536,27.05365952802822,0.9085061028599739,True,
5361,onnx_model_095,measure,27.06366899649565,27.063882530666888,27.064809592906386,0.9270622394979,True,
5362,onnx_model_023,measure,27.085323012299064,27.08605499798432,27.087088983040303,1.0339850559830666,True,
5363,onnx_model_039,measure,27.08758828710056,27.08830854203552,27.08917080098763,0.8622589521110058,True,
5364,onnx_model_081,measure,27.090460553881822,27.091394807677716,27.0923007898964,0.905982218682766,True,
5365,onnx_model_048,measure,27.093440813202854,27.09452504804358,27.095388249028474,0.8632009848952293,True,
5366,onnx_model_013,measure,27.09730201554222,27.09762266697362,27.098601687699556,0.9790207259356976,True,
5367,onnx_model_029,measure,27.10356688560234,27.103844713885337,27.1049219109118,1.0771970264613628,True,
5368,onnx_model_046,measure,27.103674006736394,27.104008274618536,27.105059542693198,1.0512680746614933,True,
5369,onnx_model_062,measure,27.10557450256135,27.1062772879377,27.107130208984017,0.8529210463166237,True,
5370,onnx_model_008,measure,27.10841955893504,27.10935009876266,27.11024799477309,0.8978960104286671,True,
5371,onnx_model_067,measure,27.12535676199415,27.126468387898058,27.12734335102141,0.8749631233513355,True,
5372,onnx_model_087,measure,27.12861374400631,27.129563150927424,27.130480965599418,0.9178146719932556,True,
5373,onnx_model_073,measure,27.136675561296467,27.13786295801401,27.139392675831914,1.529717817902565,True,
5374,onnx_model_053,measure,27.136999359016656,27.13813378289342,27.139563800767064,1.4300178736448288,True,
5375,onnx_model_037,measure,27.137674831685292,27.138352397829294,27.139726259745657,1.3738619163632393,True,
5376,onnx_model_077,measure,27.1474192744859,27.148002200759947,27.14911090862006,1.1087078601121902,True,
5377,onnx_model_094,measure,27.14776144618609,27.14817985892296,27.149270200636238,1.0903417132794857,True,
5378,onnx_model_060,measure,27.148166272689977,27.14866330800578,27.149477414786816,0.8141067810356617,True,
5379,onnx_model_058,measure,27.149643546444743,27.15071277273819,27.151648161001503,0.9353882633149624,True,
5380,onnx_model_043,measure,27.151284676851162,27.151748291682452,27.152548101730645,0.7998100481927395,True,
5381,onnx_model_054,measure,27.156792456302487,27.157774657011032,27.158693484030664,0.9188270196318626,True,
5382,onnx_model_090,measure,27.167467486081733,27.168915684800595,27.169759227894247,0.8435430936515331,True,
5383,onnx_model_073,measure,27.179896255159942,27.181062453892082,27.18201092677191,0.9484728798270226,True,
5384,onnx_model_098,measure,27.181711029251268,27.182116396725178,27.18300320301205,0.8868062868714333,True,
5385,onnx_model_063,measure,27.182770799814364,27.183101459871978,27.183942668605596,0.8412087336182594,True,
5386,onnx_model_025,measure,27.185839638652133,27.1861734688282,27.187045376747847,0.8719079196453094,True,
5387,onnx_model_002,measure,27.193734110513006,27.194269087631255,27.195118041709065,0.8489540778100491,True,
5388,onnx_model_017,measure,27.200579593022155,27.20143925677985,27.202332756016403,0.8934992365539074,True,
5389,onnx_model_020,measure,27.221852656984833,27.222663210704923,27.223946881014854,1.2836703099310398,True,
5390,onnx_model_091,measure,27.22228243957041,27.22285398375243,27.224070355761796,1.2163720093667507,True,
5391,onnx_model_003,measure,27.229828925779636,27.230373637750745,27.23163618799299,1.2625502422451973,True,
5392,onnx_model_048,measure,27.231556624762412,27.231835886836052,27.232851547654718,1.0156608186662197,True,
5393,onnx_model_006,measure,27.23387462024552,27.235105632804334,27.236034598667175,0.928965862840414,True,
5394,onnx_model_025,measure,27.237228681850155,27.23826949670911,27.23916608095169,0.8965842425823212,True,
5395,onnx_model_017,measure,27.24099024060934,27.2413969617337,27.24223719863221,0.8402368985116482,True,
5396,onnx_model_018,measure,27.243600008866384,27.244484620634466,27.245335618965328,0.85099833086133,True,
5397,onnx_model_073,measure,27.25241518285062,27.253561123739928,27.25448993872851,0.9288149885833263,True,
5398,onnx_model_050,measure,27.257382140566545,27.257847060915083,27.258848644793034,1.0015838779509068,True,
5399,onnx_model_003,measure,27.26365676002166,27.264112159609795,27.265053619630635,0.941460020840168,True,
5400,onnx_model_013,measure,27.26855645874181,27.269319387618452,27.270138705614954,0.8193179965019226,True,
5401,onnx_model_059,measure,27.26987020335387,27.270248734857887,27.27103745378554,0.7887189276516438,True,
5402,onnx_model_057,measure,27.27044612591809,27.270654666703194,27.27137196995318,0.7173032499849796,True,
5403,onnx_model_062,measure,27.27155804485232,27.272597579751164,27.273481749929488,0.8841701783239841,True,
5404,onnx_model_075,measure,27.271887513305025,27.272782881744206,27.273699283599854,0.9164018556475639,True,
5405,onnx_model_037,measure,27.276861244211098,27.277922631707042,27.2786053000018,0.6826682947576046,True,
5406,onnx_model_001,measure,27.280452383449465,27.28084874385968,27.281716763973236,0.8680201135575771,True,
5407,onnx_model_077,measure,27.280895097671774,27.28121109260246,27.281994010787457,0.7829181849956512,True,
5408,onnx_model_075,measure,27.298392344016403,27.29921544669196,27.300081161782146,0.8657150901854038,True,
5409,onnx_model_026,measure,27.310679475814975,27.311333821620792,27.312774510588497,1.440688967704773,True,
5410,onnx_model_034,measure,27.335174410578702,27.335996992886066,27.3369057206437,0.9087277576327324,True,
5411,onnx_model_066,measure,27.339932089201973,27.341128376778215,27.34205180266872,0.9234258905053139,True,
5412,onnx_model_077,measure,27.34852629216441,27.349353100638837,27.35033635981381,0.9832591749727726,True,
5413,onnx_model_028,measure,27.36233505959131,27.36268683662638,27.363727604970336,1.0407683439552784,True,
5414,onnx_model_097,measure,27.371303001723135,27.372109277639538,27.373084340710193,0.9750630706548691,True,
5415,onnx_model_002,measure,27.37473851202975,27.37532554101199,27.376236774027348,0.911233015358448,True,
5416,onnx_model_037,measure,27.377039640610487,27.377464117016643,27.378313039895147,0.8489228785037994,True,
5417,onnx_model_021,measure,27.38924275865863,27.38954378804192,27.390490617603064,0.9468295611441135,True,
5418,onnx_model_073,measure,27.389780129638993,27.389939840883017,27.390944690909237,1.0048500262200832,True,
5419,onnx_model_035,measure,27.39184356895226,27.392163096927106,27.393086281605065,0.9231846779584885,True,
5420,onnx_model_093,measure,27.396774220028416,27.397311072796583,27.39824621984735,0.935147050768137,True,
5421,onnx_model_003,measure,27.412071277627767,27.41246935678646,27.41368789272383,1.2185359373688698,True,
5422,onnx_model_098,measure,27.413083652303783,27.41379815293476,27.414833309594542,1.0351566597819328,True,
5423,onnx_model_023,measure,27.414242357999562,27.41493023466319,27.4158555730246,0.9253383614122868,True,
5424,onnx_model_077,measure,27.41896053538248,27.420079462695867,27.420980003662407,0.900540966540575,True,
5425,onnx_model_075,measure,27.42451876120185,27.425199023913592,27.42602656688541,0.8275429718196392,True,
5426,onnx_model_050,measure,27.43045215859353,27.4312532315962,27.43219614494592,0.9429133497178555,True,
5427,onnx_model_041,measure,27.43082470748795,27.43142011994496,27.432311713695526,0.8915937505662441,True,
5428,onnx_model_077,measure,27.439763120080876,27.440564621705562,27.441527982708067,0.9633610025048256,True,
5429,onnx_model_025,measure,27.453810594928246,27.455820991657674,27.456834889017045,1.0138973593711853,True,
5430,onnx_model_009,measure,27.461049514179823,27.462059329729527,27.46293611684814,0.8767871186137199,True,
5431,onnx_model_035,measure,27.463812932335895,27.464157768990844,27.465094920713454,0.9371517226099968,True,
5432,onnx_model_008,measure,27.473134689891168,27.47532749082893,27.47633848292753,1.0109920985996723,True,
5433,onnx_model_012,measure,27.474477597910976,27.4754941877909,27.476510629989207,1.016442198306322,True,
5434,onnx_model_005,measure,27.47530000360798,27.475974370725453,27.476933323778212,0.9589530527591705,True,
5435,onnx_model_004,measure,27.47844221554897,27.47915622871369,27.480098319705576,0.94209099188447,True,
5436,onnx_model_063,measure,27.48053277101987,27.481322737876326,27.48225311562419,0.9303777478635311,True,
5437,onnx_model_059,measure,27.486080409726064,27.48647542204708,27.48740947758779,0.9340555407106876,True,
5438,onnx_model_018,measure,27.49388489720313,27.494648908730596,27.49555805698037,0.9091482497751713,True,
5439,onnx_model_023,measure,27.502981067163997,27.50382526172325,27.504793712869287,0.9684511460363865,True,
5440,onnx_model_067,measure,27.50709125594616,27.50802165782079,27.508960853796452,0.9391959756612778,True,
5441,onnx_model_022,measure,27.5104651405719,27.511189450044185,27.51215376285836,0.9643128141760826,True,
5442,onnx_model_017,measure,27.511813164402344,27.51225306186825,27.51311131287366,0.8582510054111481,True,
5443,onnx_model_015,measure,27.517504473608486,27.5183489988558,27.519217730965465,0.8687321096658707,True,
5444,onnx_model_046,measure,27.52756879819512,27.52945189503953,27.53027573088184,0.8238358423113823,True,
5445,onnx_model_039,measure,27.534063041643854,27.53451664187014,27.535295011941344,0.7783700712025166,True,
5446,onnx_model_007,measure,27.5348320972086,27.535391223616898,27.536221211776137,0.8299881592392921,True,
5447,onnx_model_066,measure,27.535851710648895,27.536318115890026,27.537054064683616,0.7359487935900688,True,
5448,onnx_model_007,measure,27.540447171492072,27.541279105935246,27.54206881672144,0.7897107861936092,True,
5449,onnx_model_076,measure,27.554433348657877,27.55629355693236,27.557196161709726,0.9026047773659229,True,
5450,onnx_model_032,measure,27.55939884176658,27.560423406772316,27.56137654883787,0.9531420655548573,True,
5451,onnx_model_021,measure,27.559472810355885,27.560585103929043,27.561528587713838,0.9434837847948074,True,
5452,onnx_model_082,measure,27.576026127800205,27.576803302858025,27.577922790776938,1.1194879189133644,True,
5453,onnx_model_058,measure,27.579968951041344,27.581205039750785,27.582366107031703,1.1610672809183598,True,
5454,onnx_model_095,measure,27.582053902685622,27.582470274996012,27.583390914835036,0.9206398390233517,True,
5455,onnx_model_056,measure,27.598953709253514,27.599645662587136,27.60072977375239,1.0841111652553082,True,
5456,onnx_model_050,measure,27.5994168765403,27.599820895586163,27.60086532169953,1.0444261133670807,True,
5457,onnx_model_026,measure,27.608295426614532,27.6091079399921,27.61005882686004,0.9508868679404259,True,
5458,onnx_model_023,measure,27.61336882428275,27.614287284668535,27.615318255033344,1.0309703648090363,True,
5459,onnx_model_072,measure,27.619786609027344,27.620555670000613,27.621528268791735,0.9725987911224365,True,
5460,onnx_model_095,measure,27.624229169217124,27.624760542996228,27.625692834611982,0.9322916157543659,True,
5461,onnx_model_077,measure,27.63466786098729,27.635919925756752,27.63684754865244,0.9276228956878185,True,
5462,onnx_model_091,measure,27.645504587522716,27.64714807877317,27.648287443909794,1.1393651366233826,True,
5463,onnx_model_067,measure,27.647793475230973,27.64839968783781,27.649467478040606,1.0677902027964592,True,
5464,onnx_model_047,measure,27.649248109735165,27.649569681845605,27.65050520002842,0.9355181828141212,True,
5465,onnx_model_020,measure,27.650740090029124,27.65174796199426,27.65265356376767,0.9056017734110355,True,
5466,onnx_model_094,measure,27.65419442349918,27.654902569018304,27.65590917179361,1.0066027753055096,True,
5467,onnx_model_051,measure,27.654307021327075,27.655065728817135,27.656044008675963,0.9782798588275909,True,
5468,onnx_model_006,measure,27.664835740986398,27.666266290005296,27.66723878774792,0.9724977426230907,True,
5469,onnx_model_074,measure,27.667432114948802,27.668466010596603,27.66963539365679,1.1693830601871014,True,
5470,onnx_model_045,measure,27.668045344298413,27.66864538192749,27.669749550987035,1.1041690595448017,True,
5471,onnx_model_001,measure,27.67225784241509,27.672969392035156,27.67398636462167,1.0169725865125656,True,
5472,onnx_model_049,measure,27.673887790790886,27.67412558896467,27.67512597097084,1.0003820061683655,True,
5473,onnx_model_008,measure,27.674147700438716,27.674482667818666,27.675518868025392,1.0362002067267895,True,
5474,onnx_model_003,measure,27.68764461245624,27.689772952813655,27.6908409926109,1.0680397972464561,True,
5475,onnx_model_001,measure,27.69366335555935,27.69406036194414,27.69499376695603,0.9334050118923187,True,
5476,onnx_model_090,measure,27.697497002679807,27.698215189855546,27.699113487731665,0.8982978761196136,True,
5477,onnx_model_094,measure,27.698212532370903,27.69857039488852,27.69951573200524,0.9453371167182922,True,
5478,onnx_model_012,measure,27.703508846904768,27.703752445988357,27.704761603847146,1.0091578587889671,True,
5479,onnx_model_030,measure,27.70507266915112,27.705982784740627,27.706950654741377,0.9678700007498264,True,
5480,onnx_model_014,measure,27.706673063250058,27.70706590358168,27.707856827881187,0.7909242995083332,True,
5481,onnx_model_031,measure,27.711516768689815,27.712079104036093,27.712811655830592,0.7325517944991589,True,
5482,onnx_model_074,measure,27.716670483962204,27.71703165769577,27.717713984660804,0.682326965034008,True,
5483,onnx_model_068,measure,27.730307982418946,27.73194883298129,27.733247791882604,1.2989589013159275,True,
5484,onnx_model_011,measure,27.731682901390368,27.73213884467259,27.73329502204433,1.1561773717403412,True,
5485,onnx_model_088,measure,27.732458894908813,27.732642150949687,27.73373253364116,1.0903826914727688,True,
5486,onnx_model_033,measure,27.738594233892023,27.738951785024256,27.73980579804629,0.8540130220353603,True,
5487,onnx_model_060,measure,27.741686103342573,27.742043861653656,27.74293249193579,0.8886302821338177,True,
5488,onnx_model_028,measure,27.757810356869808,27.758159345947206,27.75913841696456,0.9790710173547268,True,
5489,onnx_model_037,measure,27.761799652368655,27.76236243499443,27.763233941979706,0.8715069852769375,True,
5490,onnx_model_048,measure,27.77129512010181,27.77346895681694,27.774605537764728,1.1365809477865696,True,
5491,onnx_model_045,measure,27.771535387250818,27.773645913694054,27.774776772595942,1.130858901888132,True,
5492,onnx_model_025,measure,27.77165659250957,27.773796659894288,27.774913793895394,1.1171340011060238,True,
5493,onnx_model_089,measure,27.775326699141562,27.776159050874412,27.77716112602502,1.0020751506090164,True,
5494,onnx_model_077,measure,27.77923148044912,27.780392728745937,27.78152834670618,1.1356179602444172,True,
5495,onnx_model_057,measure,27.779996903101534,27.78055413486436,27.7817319938913,1.1778590269386768,True,
5496,onnx_model_024,measure,27.780707612399755,27.78101114369929,27.781985555775464,0.9744120761752129,True,
5497,onnx_model_048,measure,27.782343474618433,27.78320819977671,27.784371601883322,1.1634021066129208,True,
5498,onnx_model_097,measure,27.7830128440247,27.78337363479659,27.785042225848883,1.6685910522937775,True,
5499,onnx_model_004,measure,27.783716241094897,27.78446932695806,27.78535266686231,0.8833399042487144,True,
5500,onnx_model_046,measure,27.785353785212997,27.785541224759072,27.786381762940437,0.8405381813645363,True,
5501,onnx_model_035,measure,27.788104726875222,27.78864058572799,27.789578299038112,0.9377133101224899,True,
5502,onnx_model_007,measure,27.801590180707766,27.803814539685845,27.805022766813636,1.208227127790451,True,
5503,onnx_model_025,measure,27.803011773036925,27.80397852184251,27.8052140600048,1.23553816229105,True,
5504,onnx_model_081,measure,27.80367728874588,27.8041263227351,27.80517390370369,1.0475809685885906,True,
5505,onnx_model_061,measure,27.813962509673615,27.8154380149208,27.816405343823135,0.9673289023339748,True,
5506,onnx_model_033,measure,27.81584395952118,27.816503058653325,27.817405445035547,0.9023863822221756,True,
5507,onnx_model_023,measure,27.819545410885414,27.820643779821694,27.82158977771178,0.9459978900849819,True,
5508,onnx_model_049,measure,27.824038201656062,27.824831209611148,27.825838464777917,1.0072551667690277,True,
5509,onnx_model_060,measure,27.826112762526456,27.82705989573151,27.828068994916975,1.0090991854667664,True,
5510,onnx_model_025,measure,27.834917031663963,27.835288827773184,27.8361763949506,0.8875671774148941,True,
5511,onnx_model_077,measure,27.837029086771985,27.83741338690743,27.838217354845256,0.8039679378271103,True,
5512,onnx_model_073,measure,27.844049228273324,27.844452627934515,27.845422610640526,0.9699827060103416,True,
5513,onnx_model_016,measure,27.847692450583622,27.848662399686873,27.84966039704159,0.9979973547160625,True,
5514,onnx_model_003,measure,27.848934535087476,27.849754706025124,27.850643505807966,0.8887997828423977,True,
5515,onnx_model_008,measure,27.85418685789207,27.854872634634376,27.855973596684635,1.1009620502591133,True,
5516,onnx_model_010,measure,27.854656792320114,27.85503294877708,27.85608487902209,1.051930245012045,True,
5517,onnx_model_073,measure,27.860746551335602,27.861383239738643,27.862349767703563,0.9665279649198055,True,
5518,onnx_model_068,measure,27.86363972342329,27.8646008069627,27.865424752701074,0.8239457383751869,True,
5519,onnx_model_063,measure,27.865941091177802,27.866659248713404,27.867481832858175,0.8225841447710991,True,
5520,onnx_model_082,measure,27.870478668136652,27.870753230992705,27.87154564773664,0.7924167439341545,True,
5521,onnx_model_062,measure,27.873608780861744,27.874782260041684,27.875627225730568,0.8449656888842583,True,
5522,onnx_model_044,measure,27.876504280829494,27.876856221817434,27.87770049693063,0.8442751131951809,True,
5523,onnx_model_067,measure,27.882458422974196,27.882943202741444,27.883766487706453,0.8232849650084972,True,
5524,onnx_model_023,measure,27.885746137736728,27.885991416871548,27.886801826767623,0.8104098960757256,True,
5525,onnx_model_000,measure,27.885888382564943,27.886344357859343,27.887121103703976,0.7767458446323872,True,
5526,onnx_model_017,measure,27.895306993480453,27.897383661940694,27.89891788875684,1.5342268161475658,True,
5527,onnx_model_023,measure,27.897090229749836,27.89757681870833,27.898964738007635,1.3879192993044853,True,
5528,onnx_model_005,measure,27.89749566701408,27.898106175940484,27.899138076696545,1.0319007560610771,True,
5529,onnx_model_077,measure,27.897615923950685,27.898380616679788,27.89931693673134,0.9363200515508652,True,
5530,onnx_model_021,measure,27.91260167240026,27.91357030067593,27.914585990831256,1.01569015532732,True,
5531,onnx_model_067,measure,27.924450851693532,27.924810476601124,27.925755112897605,0.9446362964808941,True,
5532,onnx_model_038,measure,27.92781388125387,27.92898136470467,27.92997419182211,0.9928271174430847,True,
5533,onnx_model_014,measure,27.928794722687353,27.929142691660672,27.930083860643208,0.9411689825356007,True,
5534,onnx_model_008,measure,27.930670399713787,27.931302106007934,27.93213707394898,0.8349679410457611,True,
5535,onnx_model_047,measure,27.93268834531598,27.93335472792387,27.934335271827877,0.9805439040064812,True,
5536,onnx_model_035,measure,27.934513483901412,27.93555736495182,27.936466111801565,0.908746849745512,True,
5537,onnx_model_025,measure,27.936495446542093,27.937693194951862,27.938631247729063,0.9380527772009373,True,
5538,onnx_model_082,measure,27.938540666071038,27.938773178029805,27.939642089884728,0.8689118549227715,True,
5539,onnx_model_063,measure,27.944250748640908,27.94486895482987,27.94586572982371,0.9967749938368797,True,
5540,onnx_model_079,measure,27.944734064684653,27.945027095731348,27.945996958762407,0.9698630310595036,True,
5541,onnx_model_023,measure,27.957246437282762,27.958254268858582,27.959250401705503,0.9961328469216824,True,
5542,onnx_model_075,measure,27.96499549825741,27.96548176696524,27.9664102117531,0.9284447878599167,True,
5543,onnx_model_095,measure,27.96563841012064,27.965867860708386,27.966839388012886,0.9715273045003414,True,
5544,onnx_model_071,measure,27.96964965462338,27.970062464941293,27.97103116568178,0.9687007404863834,True,
5545,onnx_model_009,measure,27.97115368622675,27.97226489102468,27.97318815579638,0.9232647716999054,True,
5546,onnx_model_002,measure,27.972374008492146,27.97264509368688,27.97352753067389,0.8824369870126247,True,
5547,onnx_model_097,measure,27.97798913523883,27.978802447672933,27.97994285589084,1.140408217906952,True,
5548,onnx_model_078,measure,27.978299466679037,27.978972450830042,27.980052593629807,1.0801427997648716,True,
5549,onnx_model_026,measure,27.989177185020836,27.99029351072386,27.991221895907074,0.9283851832151413,True,
5550,onnx_model_099,measure,27.996265699803953,27.997386984992772,27.99807081464678,0.6838296540081501,True,
5551,onnx_model_035,measure,27.998823539757158,27.999223665799946,27.99991355696693,0.6898911669850349,True,
5552,onnx_model_026,measure,28.00096626852344,28.002076818607748,28.00275389663875,0.6770780310034752,True,
5553,onnx_model_021,measure,28.00206466465989,28.002288030926138,28.003179064951837,0.8910340256989002,True,
5554,onnx_model_076,measure,28.006050208846226,28.006393764633685,28.00712081696838,0.7270523346960545,True,
5555,onnx_model_072,measure,28.01163363973573,28.01230354886502,28.012947542592883,0.6439937278628349,True,
5556,onnx_model_088,measure,28.014913825945357,28.01511011365801,28.015713600907475,0.6034872494637966,True,
5557,onnx_model_060,measure,28.028605604586556,28.029876893851906,28.030565441586077,0.6885477341711521,True,
5558,onnx_model_013,measure,28.041790700720636,28.04278851673007,28.043539543636143,0.7510269060730934,True,
5559,onnx_model_031,measure,28.045493432548415,28.045764312613755,28.046560696791857,0.7963841781020164,True,
5560,onnx_model_081,measure,28.057870578374317,28.05878624599427,28.05966730089858,0.8810549043118954,True,
5561,onnx_model_066,measure,28.058687109475713,28.059133667033166,28.060063553974032,0.9298869408667088,True,
5562,onnx_model_039,measure,28.06327772961586,28.0642818226479,28.065227400045842,0.945577397942543,True,
5563,onnx_model_070,measure,28.064563604880142,28.065322450827807,28.066233071964234,0.9106211364269257,True,
5564,onnx_model_079,measure,28.067496096949917,28.068474262021482,28.069406082853675,0.9318208321928978,True,
5565,onnx_model_094,measure,28.07067051131664,28.071682550944388,28.07258143881336,0.8988878689706326,True,
5566,onnx_model_011,measure,28.076345379242913,28.076817711815238,28.077764520887285,0.946809072047472,True,
5567,onnx_model_009,measure,28.078227955811542,28.07898077275604,28.07988267764449,0.9019048884510994,True,
5568,onnx_model_020,measure,28.080929128666394,28.082100693602115,28.08302081283182,0.9201192297041416,True,
5569,onnx_model_048,measure,28.083586593932477,28.084240722004324,28.08510365197435,0.8629299700260162,True,
5570,onnx_model_013,measure,28.08964385718858,28.090322111733258,28.09112440701574,0.8022952824831009,True,
5571,onnx_model_031,measure,28.095309588003623,28.096345530822873,28.09717913577333,0.8336049504578114,True,
5572,onnx_model_041,measure,28.101961137561926,28.102398306597024,28.103142120875418,0.7438142783939838,True,
5573,onnx_model_096,measure,28.103939317752147,28.104357230942696,28.105164103675634,0.806872732937336,True,
5574,onnx_model_033,measure,28.107325672466906,28.10838949494064,28.109411036595702,1.0215416550636292,True,
5575,onnx_model_071,measure,28.10787451244061,28.108546883799136,28.109525525011122,0.9786412119865417,True,
5576,onnx_model_062,measure,28.10964276202146,28.110758238006383,28.111666915006936,0.9086770005524158,True,
5577,onnx_model_075,measure,28.11232824794312,28.112883056979626,28.113726109731942,0.8430527523159981,True,
5578,onnx_model_058,measure,28.11705017628165,28.117986978963017,28.118916996754706,0.9300177916884422,True,
5579,onnx_model_056,measure,28.117880721392712,28.118333547841758,28.119356692768633,1.0231449268758297,True,
5580,onnx_model_022,measure,28.119001349139275,28.11945468885824,28.120344429742545,0.8897408843040466,True,
5581,onnx_model_058,measure,28.12644211218975,28.127572018653154,28.128511453978717,0.939435325562954,True,
5582,onnx_model_066,measure,28.142084171153602,28.14274701382965,28.143561341799796,0.8143279701471329,True,
5583,onnx_model_046,measure,28.14579735270693,28.1468016509898,28.14775258861482,0.9509376250207424,True,
5584,onnx_model_081,measure,28.14586915750261,28.146966313943267,28.147883116733283,0.9168027900159359,True,
5585,onnx_model_063,measure,28.159626716902267,28.16013449477032,28.161214718595147,1.0802238248288631,True,
5586,onnx_model_055,measure,28.16061738291179,28.161311022005975,28.162323656957597,1.012634951621294,True,
5587,onnx_model_060,measure,28.16705860783908,28.1675456026569,28.168388364836574,0.842762179672718,True,
5588,onnx_model_041,measure,28.16770035014389,28.16795122390613,28.16868913685903,0.7379129528999329,True,
5589,onnx_model_078,measure,28.172027099107407,28.172959793824703,28.173780884593725,0.8210907690227032,True,
5590,onnx_model_060,measure,28.182419209910858,28.18400285579264,28.184897185768932,0.8943299762904644,True,
5591,onnx_model_019,measure,28.187396213236177,28.188119009602815,28.18894684361294,0.8278340101242065,True,
5592,onnx_model_058,measure,28.191265121376766,28.192182764876634,28.19304272858426,0.8599637076258659,True,
5593,onnx_model_007,measure,28.19912964955885,28.200261300895363,28.201074176002294,0.8128751069307327,True,
5594,onnx_model_049,measure,28.203647876646404,28.20429480774328,28.205161074642092,0.8662668988108635,True,
5595,onnx_model_037,measure,28.205009818566104,28.205311391036958,28.206061827018857,0.7504359818994999,True,
5596,onnx_model_072,measure,28.206179541167202,28.207277958747,28.208081695716828,0.8037369698286057,True,
5597,onnx_model_072,measure,28.21029060086609,28.211303740739822,28.21209708880633,0.79334806650877,True,
5598,onnx_model_006,measure,28.222220150802315,28.223326624836773,28.224127697758377,0.8010729216039181,True,
5599,onnx_model_046,measure,28.22827616269068,28.229350805748254,28.23018354875967,0.8327430114150047,True,
5600,onnx_model_014,measure,28.23549311940154,28.23641123669222,28.23722185799852,0.8106213063001633,True,
5601,onnx_model_033,measure,28.23979130240122,28.24045074591413,28.241374571807683,0.9238258935511112,True,
5602,onnx_model_049,measure,28.239806354298292,28.240627671591938,28.241777787916362,1.1501163244247437,True,
5603,onnx_model_031,measure,28.24956517797034,28.25000043772161,28.250999927986413,0.9994902648031712,True,
5604,onnx_model_014,measure,28.260170508035465,28.261257587000728,28.26225767796859,1.0000909678637981,True,
5605,onnx_model_060,measure,28.262477938119158,28.26348583167419,28.264429265633225,0.9434339590370655,True,
5606,onnx_model_075,measure,28.263804289126252,28.264525938779116,28.265444645658135,0.9187068790197372,True,
5607,onnx_model_014,measure,28.270292652183507,28.270703501999378,28.271718139760196,1.0146377608180046,True,
5608,onnx_model_050,measure,28.27089476929365,28.271078063640743,28.272157435771078,1.0793721303343773,True,
5609,onnx_model_010,measure,28.277366493996926,28.27839543297887,28.27937352191657,0.9780889376997948,True,
5610,onnx_model_037,measure,28.288967001733035,28.289605802856386,28.290547532960773,0.9417301043868065,True,
5611,onnx_model_035,measure,28.290500673421118,28.290711423847824,28.291676377877593,0.9649540297687054,True,
5612,onnx_model_082,measure,28.298960437097897,28.299904979765415,28.300932632759213,1.027652993798256,True,
5613,onnx_model_070,measure,28.299516680144812,28.30007700668648,28.301079942844808,1.0029361583292484,True,
5614,onnx_model_068,measure,28.308541707170136,28.30931040784344,28.310316560789943,1.0061529465019703,True,
5615,onnx_model_036,measure,28.310498736322305,28.311537721659988,28.31253204168752,0.9943200275301933,True,
5616,onnx_model_059,measure,28.312897820263004,28.31375466566533,28.31466609891504,0.9114332497119904,True,
5617,onnx_model_098,measure,28.31722167418943,28.31788897467777,28.31880760099739,0.918626319617033,True,
5618,onnx_model_072,measure,28.319977593077073,28.321029133629054,28.321886382997036,0.8572493679821491,True,
5619,onnx_model_086,measure,28.328544801702883,28.329106978606433,28.32995933899656,0.8523603901267052,True,
5620,onnx_model_049,measure,28.329680054896382,28.330054469872266,28.330885959789157,0.8314899168908596,True,
5621,onnx_model_022,measure,28.34004616252913,28.34110951377079,28.341945813968778,0.8363001979887486,True,
5622,onnx_model_088,measure,28.34498538932805,28.346169071737677,28.346991274040192,0.8222023025155067,True,
5623,onnx_model_013,measure,28.349120502808887,28.350217947736382,28.351559889037162,1.341941300779581,True,
5624,onnx_model_034,measure,28.349345712830345,28.350378973875195,28.35172627493739,1.3473010621964931,True,
5625,onnx_model_033,measure,28.353826148960817,28.35494573460892,28.35584476403892,0.8990294300019741,True,
5626,onnx_model_054,measure,28.355444264566017,28.35594000481069,28.356910950038582,0.9709452278912067,True,
5627,onnx_model_037,measure,28.362830322296237,28.363155961036682,28.364016186911613,0.8602258749306202,True,
5628,onnx_model_018,measure,28.367503706953126,28.368252839893103,28.3694581608288,1.2053209356963634,True,
5629,onnx_model_068,measure,28.36864701075973,28.369552098680288,28.370480423793197,0.9283251129090786,True,
5630,onnx_model_082,measure,28.375714160936294,28.37675404874608,28.37781282188371,1.0587731376290321,True,
5631,onnx_model_050,measure,28.382286560591513,28.383032974787056,28.383941531646997,0.9085568599402905,True,
5632,onnx_model_060,measure,28.388596060824593,28.389167685993016,28.390247237868607,1.079551875591278,True,
5633,onnx_model_069,measure,28.39090672770679,28.39148860797286,28.39239721465856,0.9086066856980324,True,
5634,onnx_model_071,measure,28.39509295478447,28.395634568762034,28.396590164862573,0.955596100538969,True,
5635,onnx_model_072,measure,28.397197164359966,28.397822226863354,28.398759798612446,0.9375717490911484,True,
5636,onnx_model_090,measure,28.398384230246773,28.39885472971946,28.39996788604185,1.113156322389841,True,
5637,onnx_model_062,measure,28.398899139061328,28.399214713834226,28.400183434598148,0.9687207639217377,True,
5638,onnx_model_059,measure,28.399271406500535,28.399563636630774,28.400638359598815,1.0747229680418968,True,
5639,onnx_model_022,measure,28.404198661806163,28.40486556570977,28.405939135700464,1.0735699906945229,True,
5640,onnx_model_034,measure,28.404322454639892,28.40503120981157,28.406051789876074,1.0205800645053387,True,
5641,onnx_model_058,measure,28.41237273717248,28.413277145009488,28.414218443911523,0.9412989020347595,True,
5642,onnx_model_039,measure,28.413501838469397,28.414315768983215,28.41518235579133,0.8665868081152439,True,
5643,onnx_model_047,measure,28.418131768638222,28.41840328881517,28.41923140268773,0.8281138725578785,True,
5644,onnx_model_036,measure,28.423519533730975,28.424454741645604,28.42536619398743,0.91145234182477,True,
5645,onnx_model_051,measure,28.42599276750114,28.426584008615464,28.427409427706152,0.8254190906882286,True,
5646,onnx_model_064,measure,28.439105291847163,28.439643994905055,28.440565345808864,0.9213509038090706,True,
5647,onnx_model_065,measure,28.44141677990062,28.441787909716368,28.44264759402722,0.8596843108534813,True,
5648,onnx_model_098,measure,28.442800533705917,28.443863584659994,28.44469589786604,0.8323132060468197,True,
5649,onnx_model_023,measure,28.463296757304235,28.463919738773257,28.46487680869177,0.957069918513298,True,
5650,onnx_model_019,measure,28.46415537938918,28.46497475495562,28.465855578891933,0.8808239363133907,True,
5651,onnx_model_043,measure,28.467585699029712,28.468079556711018,28.46892937179655,0.8498150855302811,True,
5652,onnx_model_083,measure,28.471003887080233,28.47215336980298,28.472998726647347,0.8453568443655968,True,
5653,onnx_model_050,measure,28.475196735630846,28.476256399881095,28.477112135849893,0.855735968798399,True,
5654,onnx_model_004,measure,28.47929868779169,28.48038002802059,28.481199515983462,0.8194879628717899,True,
5655,onnx_model_081,measure,28.481796887499563,28.48242448363453,28.483250414021313,0.8259303867816925,True,
5656,onnx_model_019,measure,28.483003428727617,28.483347518835217,28.4841570276767,0.8095088414847851,True,
5657,onnx_model_005,measure,28.48632488716735,28.487381025683135,28.488189061637968,0.8080359548330307,True,
5658,onnx_model_065,measure,28.48950464086319,28.490409231744707,28.491262855008245,0.8536232635378838,True,
5659,onnx_model_033,measure,28.492136526743188,28.492480699904263,28.49322727881372,0.7465789094567299,True,
5660,onnx_model_002,measure,28.51822299648184,28.518454882781953,28.51931711193174,0.8622291497886181,True,
5661,onnx_model_002,measure,28.53529726273651,28.535539818927646,28.536407528910786,0.8677099831402302,True,
5662,onnx_model_081,measure,28.54492169142239,28.54665138060227,28.547476037871093,0.8246572688221931,True,
5663,onnx_model_051,measure,28.55400543327438,28.554713665973395,28.555640417616814,0.9267516434192657,True,
5664,onnx_model_024,measure,28.55531621503836,28.555737962946296,28.55664289277047,0.9049298241734505,True,
5665,onnx_model_035,measure,28.558604593941613,28.558884233701974,28.559853476006538,0.9692423045635223,True,
5666,onnx_model_079,measure,28.561607056294175,28.562082131858915,28.56299054902047,0.9084171615540981,True,
5667,onnx_model_048,measure,28.564430936557095,28.56521876482293,28.566188167780638,0.9694029577076435,True,
5668,onnx_model_035,measure,28.57145209433798,28.572410975582898,28.573335523717105,0.9245481342077255,True,
5669,onnx_model_089,measure,28.578093773223756,28.57855629781261,28.579588058870286,1.0317610576748848,True,
5670,onnx_model_086,measure,28.57934490983822,28.579707846976817,28.580594822764397,0.8869757875800133,True,
5671,onnx_model_062,measure,28.581878811352148,28.582855248823762,28.583818641025573,0.9633922018110752,True,
5672,onnx_model_021,measure,28.588490913591308,28.589059923775494,28.589908165857196,0.8482420817017555,True,
5673,onnx_model_019,measure,28.595550195686425,28.596149279735982,28.59705166472122,0.9023849852383137,True,
5674,onnx_model_018,measure,28.600402066732133,28.601271676830947,28.602165925782174,0.8942489512264729,True,
5675,onnx_model_082,measure,28.611236527455937,28.612386002670974,28.61335807060823,0.9720679372549057,True,
5676,onnx_model_086,measure,28.616821918541508,28.617578162811697,28.618539129849523,0.9609670378267765,True,
5677,onnx_model_011,measure,28.6210633099667,28.621760221663862,28.622574780602008,0.8145589381456375,True,
5678,onnx_model_085,measure,28.623530075298426,28.623758430592716,28.624577968847007,0.8195382542908192,True,
5679,onnx_model_075,measure,28.625120014774062,28.62575784092769,28.62654387485236,0.7860339246690273,True,
5680,onnx_model_085,measure,28.633771218927116,28.63476330973208,28.6355779976584,0.8146879263222218,True,
5681,onnx_model_033,measure,28.641858122069266,28.642795467749238,28.643550362903625,0.7548951543867588,True,
5682,onnx_model_013,measure,28.649099819855806,28.649772359989583,28.65057485504076,0.8024950511753559,True,
5683,onnx_model_094,measure,28.652588061492636,28.65380483493209,28.654642396606505,0.8375616744160652,True,
5684,onnx_model_009,measure,28.658442133102287,28.65887572383508,28.6596312597394,0.7555359043180943,True,
5685,onnx_model_031,measure,28.670791542894797,28.671853702981025,28.672781826928258,0.9281239472329617,True,
5686,onnx_model_073,measure,28.67228467827852,28.672878792043775,28.67372287577018,0.8440837264060974,True,
5687,onnx_model_011,measure,28.673753002203497,28.67493954859674,28.67575355572626,0.8140071295201778,True,
5688,onnx_model_064,measure,28.679710893182925,28.679976442828774,28.680793285835534,0.816843006759882,True,
5689,onnx_model_025,measure,28.684271331391372,28.68501303670928,28.68583814566955,0.8251089602708817,True,
5690,onnx_model_075,measure,28.68510173626625,28.685367630794644,28.686230462044477,0.862831249833107,True,
5691,onnx_model_002,measure,28.688619743616904,28.689456954598427,28.690516277682036,1.0593230836093426,True,
5692,onnx_model_057,measure,28.689343392787052,28.689639932010323,28.690669008996338,1.029076986014843,True,
5693,onnx_model_019,measure,28.690614282444777,28.690816077869385,28.69167109299451,0.8550151251256466,True,
5694,onnx_model_092,measure,28.695423717788096,28.69589330861345,28.69681653380394,0.9232251904904842,True,
5695,onnx_model_025,measure,28.703899351252343,28.705036929808557,28.70587728684768,0.8403570391237736,True,
5696,onnx_model_087,measure,28.728233967959444,28.729098808020353,28.730047862045467,0.9490540251135826,True,
5697,onnx_model_078,measure,28.730190567112935,28.73127259965986,28.732342083007097,1.0694833472371101,True,
5698,onnx_model_010,measure,28.731051097918208,28.731434397865087,28.7324570720084,1.0226741433143616,True,
5699,onnx_model_052,measure,28.736801242957576,28.73768843570724,28.738629183731973,0.9407480247318745,True,
5700,onnx_model_077,measure,28.737875555156116,28.738054892979562,28.739051095675677,0.9962026961147785,True,
5701,onnx_model_051,measure,28.749508653198877,28.750287093687803,28.751408866606653,1.1217729188501835,True,
5702,onnx_model_053,measure,28.749776372949825,28.750451487023383,28.751898917835206,1.4474308118224144,True,
5703,onnx_model_030,measure,28.751012631683484,28.751505369786173,28.752440637908876,0.935268122702837,True,
5704,onnx_model_009,measure,28.753949853897435,28.754689523018897,28.755402617622167,0.7130946032702923,True,
5705,onnx_model_039,measure,28.757557137184417,28.758641975931823,28.759307861793786,0.6658858619630337,True,
5706,onnx_model_011,measure,28.762680311915,28.76346992282197,28.763978970702738,0.5090478807687759,True,
5707,onnx_model_066,measure,28.763513931960496,28.763687707018107,28.764120288658887,0.4325816407799721,True,
5708,onnx_model_016,measure,28.76511127542348,28.765269433613867,28.765698548872024,0.42911525815725327,True,
5709,onnx_model_080,measure,28.774609358412803,28.775876505766064,28.77647738903761,0.6008832715451717,True,
5710,onnx_model_084,measure,28.77574432791475,28.77597987279296,28.776505932677537,0.5260598845779896,True,
5711,onnx_model_009,measure,28.775976638352937,28.776242611929774,28.77659703558311,0.3544236533343792,True,
5712,onnx_model_003,measure,28.776995886958264,28.777733916882426,28.778230431023985,0.49651414155960083,True,
5713,onnx_model_043,measure,28.791781615328592,28.792388222645968,28.792846713680774,0.4584910348057747,True,
5714,onnx_model_061,measure,28.798593480040992,28.799027292989194,28.79952459782362,0.49730483442544937,True,
5715,onnx_model_004,measure,28.802307552164702,28.802766470704228,28.803415172733366,0.6487020291388035,True,
5716,onnx_model_014,measure,28.80809058324858,28.808589498978108,28.80906020384282,0.4707048647105694,True,
5717,onnx_model_062,measure,28.82017521803192,28.821207975037396,28.821693116798997,0.4851417616009712,True,
5718,onnx_model_014,measure,28.822669979992284,28.82283052895218,28.82320643402636,0.3759050741791725,True,
5719,onnx_model_074,measure,28.83767121972176,28.83837291272357,28.838948176708072,0.5752639845013618,True,
5720,onnx_model_096,measure,28.83935107021253,28.84008761262521,28.840484156738967,0.39654411375522614,True,
5721,onnx_model_040,measure,28.845113041430476,28.845628985669464,28.846090734004974,0.4617483355104923,True,
5722,onnx_model_057,measure,28.850338728315677,28.851227898616344,28.85166929801926,0.4413994029164314,True,
5723,onnx_model_001,measure,28.853190589364072,28.85380374500528,28.854304366745055,0.5006217397749424,True,
5724,onnx_model_071,measure,28.85665611256892,28.857442441862077,28.85792822483927,0.485782977193594,True,
5725,onnx_model_052,measure,28.85788366129441,28.857998638879508,28.85836651781574,0.3678789362311363,True,
5726,onnx_model_087,measure,28.858407754888145,28.859588661696762,28.86001582397148,0.4271622747182846,True,
5727,onnx_model_008,measure,28.859073544275113,28.859678362030536,28.86007982492447,0.4014628939330578,True,
5728,onnx_model_004,measure,28.865018807110985,28.86529509862885,28.865963699761778,0.6686011329293251,True,
5729,onnx_model_060,measure,28.883041285409607,28.885220844764262,28.88693284895271,1.7120041884481907,True,
5730,onnx_model_035,measure,28.884052946239116,28.885395606979728,28.88724151579663,1.8459088169038296,True,
5731,onnx_model_020,measure,28.889055829808473,28.889478617813438,28.890292655676603,0.8140378631651402,True,
5732,onnx_model_028,measure,28.894720492583495,28.89551751781255,28.896355660632253,0.8381428197026253,True,
5733,onnx_model_003,measure,28.897707661060437,28.89858519891277,28.899590930901468,1.005731988698244,True,
5734,onnx_model_031,measure,28.898036020455706,28.8987649907358,28.89973729895428,0.9723082184791565,True,
5735,onnx_model_058,measure,28.90216460804784,28.90295642800629,28.903766186907887,0.8097589015960693,True,
5736,onnx_model_073,measure,28.90667475733048,28.90699227899313,28.9077710499987,0.7787710055708885,True,
5737,onnx_model_089,measure,28.916629481749137,28.918027095030993,28.918899063020945,0.8719679899513721,True,
5738,onnx_model_083,measure,28.91869605158821,28.918996267020702,28.91986546991393,0.8692028932273388,True,
5739,onnx_model_069,measure,28.91961672122039,28.919961020816118,28.920849489979446,0.8884691633284092,True,
5740,onnx_model_002,measure,28.919723106859635,28.92012203671038,28.920982983894646,0.8609471842646599,True,
5741,onnx_model_007,measure,28.923403310119763,28.924284478649497,28.925265072844923,0.9805941954255104,True,
5742,onnx_model_073,measure,28.924314873960647,28.92478732485324,28.926000060979277,1.212736126035452,True,
5743,onnx_model_037,measure,28.925186333943348,28.925492314621806,28.926493217702955,1.0009030811488628,True,
5744,onnx_model_025,measure,28.93036250844889,28.930822046939284,28.931771891657263,0.9498447179794312,True,
5745,onnx_model_095,measure,28.932384224672262,28.9330613729544,28.934121668804437,1.0602958500385284,True,
5746,onnx_model_014,measure,28.93792126040101,28.93842031992972,28.93935946468264,0.9391447529196739,True,
5747,onnx_model_005,measure,28.941397868738072,28.942687841597944,28.944218661636114,1.5308200381696224,True,
5748,onnx_model_071,measure,28.941466898075504,28.942917929030955,28.944285608828068,1.3676797971129417,True,
5749,onnx_model_034,measure,28.941705950834614,28.94312615459785,28.944341825786978,1.2156711891293526,True,
5750,onnx_model_086,measure,28.95344614967391,28.954708300996572,28.955700957681984,0.9926566854119301,True,
5751,onnx_model_027,measure,28.95869631122189,28.95900326501578,28.959896652959287,0.8933879435062408,True,
5752,onnx_model_044,measure,28.97756397347173,28.979136475827545,28.979998964816332,0.8624889887869358,True,
5753,onnx_model_010,measure,28.98543628810562,28.98617545561865,28.986957252025604,0.7817964069545269,True,
5754,onnx_model_046,measure,28.99377895166699,28.99411931587383,28.99498141463846,0.8620987646281719,True,
5755,onnx_model_007,measure,28.99704833199732,28.99814837379381,28.99867952382192,0.5311500281095505,True,
5756,onnx_model_088,measure,28.998094502757343,28.99838408268988,28.998821804765612,0.4377220757305622,True,
5757,onnx_model_093,measure,29.000304406621293,29.00095925759524,29.001413761638105,0.4545040428638458,True,
5758,onnx_model_001,measure,29.00586521170978,29.006571124773473,29.00710803596303,0.5369111895561218,True,
5759,onnx_model_054,measure,29.01115526826998,29.012266410980374,29.01274818694219,0.4817759618163109,True,
5760,onnx_model_089,measure,29.01578155603772,29.016922721639276,29.01741351466626,0.49079302698373795,True,
5761,onnx_model_007,measure,29.018825526808975,29.019554544705898,29.02022355562076,0.6690109148621559,True,
5762,onnx_model_074,measure,29.019043736775316,29.019666446838528,29.020332713611424,0.6662667728960514,True,
5763,onnx_model_007,measure,29.021225366949043,29.021476187743247,29.022022315766662,0.5461280234158039,True,
5764,onnx_model_057,measure,29.024543435409466,29.025193793699145,29.0259806397371,0.786846037954092,True,
5765,onnx_model_058,measure,29.032256676819912,29.03313799481839,29.033631783910096,0.49378909170627594,True,
5766,onnx_model_018,measure,29.033543430471763,29.033732204698026,29.034256510902196,0.5243062041699886,True,
5767,onnx_model_037,measure,29.050321898243574,29.051433060783893,29.051910588983446,0.4775281995534897,True,
5768,onnx_model_091,measure,29.053169285807034,29.05406203866005,29.05482209287584,0.7600542157888412,True,
5769,onnx_model_098,measure,29.054548844020513,29.054869182873517,29.05553298490122,0.6638020277023315,True,
5770,onnx_model_047,measure,29.065488277546702,29.06569880899042,29.066505081020296,0.806272029876709,True,
5771,onnx_model_019,measure,29.070448545481895,29.070673654787242,29.07142049493268,0.7468401454389095,True,
5772,onnx_model_000,measure,29.07337097552723,29.073577024042606,29.074334573931992,0.7575498893857002,True,
5773,onnx_model_011,measure,29.074305850788306,29.074441677890718,29.075172897893935,0.7312200032174587,True,
5774,onnx_model_049,measure,29.081447753640223,29.082378734834492,29.083222698885947,0.8439640514552593,True,
5775,onnx_model_009,measure,29.083817828584987,29.08442464377731,29.085190629586577,0.7659858092665672,True,
5776,onnx_model_050,measure,29.085714331624843,29.08640306489542,29.08721458679065,0.8115218952298164,True,
5777,onnx_model_097,measure,29.08778353590738,29.08841554960236,29.089216882828623,0.8013332262635231,True,
5778,onnx_model_010,measure,29.0908492536445,29.091431031934917,29.092287349980325,0.8563180454075336,True,
5779,onnx_model_068,measure,29.093297340653773,29.094488814938813,29.095341284759343,0.8524698205292225,True,
5780,onnx_model_030,measure,29.09652331478992,29.097540464717895,29.098326258827,0.7857941091060638,True,
5781,onnx_model_066,measure,29.10069641762985,29.101527633611113,29.102354124654084,0.826491042971611,True,
5782,onnx_model_050,measure,29.102461818146626,29.10360548365861,29.104356621857733,0.75113819912076,True,
5783,onnx_model_005,measure,29.10711162807298,29.107557385694236,29.108279157895595,0.721772201359272,True,
5784,onnx_model_037,measure,29.113023645405946,29.11348173674196,29.114159765653312,0.6780289113521576,True,
5785,onnx_model_009,measure,29.115922920990144,29.11636163201183,29.117070528678596,0.708896666765213,True,
5786,onnx_model_079,measure,29.12076185778947,29.12127187475562,29.12195156700909,0.6796922534704208,True,
5787,onnx_model_068,measure,29.128970631167025,29.1301517249085,29.130884747952223,0.7330230437219143,True,
5788,onnx_model_032,measure,29.13335643958512,29.134084099903703,29.134818605612963,0.7345057092607021,True,
5789,onnx_model_006,measure,29.144580205870746,29.14501912565902,29.145804988685995,0.7858630269765854,True,
5790,onnx_model_040,measure,29.146943207836163,29.148035609629005,29.148835439700633,0.7998300716280937,True,
5791,onnx_model_075,measure,29.153414999643108,29.15406151395291,29.154936536680907,0.8750227279961109,True,
5792,onnx_model_015,measure,29.163860747462266,29.165164067875594,29.16611133888364,0.9472710080444813,True,
5793,onnx_model_022,measure,29.1653582058149,29.165538349654526,29.1664799596183,0.9416099637746811,True,
5794,onnx_model_001,measure,29.18742123991748,29.187725714873523,29.188639521598816,0.9138067252933979,True,
5795,onnx_model_038,measure,29.190846167149193,29.19186988286674,29.19273466570303,0.8647828362882137,True,
5796,onnx_model_092,measure,29.193360819169797,29.1939540640451,29.196944007650018,2.989943604916334,True,
5797,onnx_model_029,measure,29.19528040703231,29.196396606974304,29.1971852555871,0.7886486127972603,True,
5798,onnx_model_063,measure,29.202349508433098,29.20342574873939,29.204334937036037,0.9091882966458797,True,
5799,onnx_model_065,measure,29.206516338537607,29.207555728964508,29.208392599597573,0.8368706330657005,True,
5800,onnx_model_072,measure,29.213438715113426,29.214632811956108,29.215517322998494,0.8845110423862934,True,
5801,onnx_model_026,measure,29.21994123028461,29.22077032784,29.221638107672334,0.8677798323333263,True,
5802,onnx_model_072,measure,29.222876165636354,29.223865521606058,29.224712781608105,0.8472600020468235,True,
5803,onnx_model_049,measure,29.230674255392824,29.230939538683742,29.231894693803042,0.9551551192998886,True,
5804,onnx_model_077,measure,29.23404267771186,29.235121657606214,29.236064930912107,0.9432733058929443,True,
5805,onnx_model_010,measure,29.240990381858015,29.241292126942426,29.242146691773087,0.85456483066082,True,
5806,onnx_model_094,measure,29.242044721037416,29.242291556671262,29.243158855941147,0.8672992698848248,True,
5807,onnx_model_041,measure,29.24748150306413,29.248384568840265,29.24919917760417,0.8146087639033794,True,
5808,onnx_model_074,measure,29.255807371194273,29.25642762798816,29.257274236995727,0.8466090075671673,True,
5809,onnx_model_027,measure,29.2623242356372,29.2634996608831,29.264414429664612,0.9147687815129757,True,
5810,onnx_model_059,measure,29.268481682465303,29.26965898880735,29.270494897849858,0.83590904250741,True,
5811,onnx_model_003,measure,29.279153588743696,29.280741745606065,29.281829172745347,1.0874271392822266,True,
5812,onnx_model_015,measure,29.28056470474681,29.280908251646906,29.281957095954567,1.0488443076610565,True,
5813,onnx_model_079,measure,29.282301798909216,29.28318018093705,29.28408674383536,0.9065628983080387,True,
5814,onnx_model_014,measure,29.28279094614974,29.283341757953167,29.284234534949064,0.8927769958972931,True,
5815,onnx_model_070,measure,29.285388814254183,29.286452831700444,29.287308337632567,0.855505932122469,True,
5816,onnx_model_016,measure,29.304826960188,29.306534413713962,29.30781874479726,1.2843310832977295,True,
5817,onnx_model_085,measure,29.30572334299931,29.30671316385269,29.307864622678608,1.1514588259160519,True,
5818,onnx_model_007,measure,29.306752254471352,29.307146557606757,29.30811579991132,0.9692423045635223,True,
5819,onnx_model_006,measure,29.31718019336861,29.318339232821018,29.31935400189832,1.0147690773010254,True,
5820,onnx_model_004,measure,29.330425542946408,29.331602895632386,29.332529356703162,0.9264610707759857,True,
5821,onnx_model_093,measure,29.332814271036508,29.33376539684832,29.334640349727124,0.8749528788030148,True,
5822,onnx_model_006,measure,29.33435309279787,29.334740770980716,29.33556389482692,0.8231238462030888,True,
5823,onnx_model_095,measure,29.338766856632127,29.339788785669953,29.3406303958036,0.8416101336479187,True,
5824,onnx_model_097,measure,29.34189427911744,29.34285451285541,29.343680002726614,0.8254898712038994,True,
5825,onnx_model_039,measure,29.343660627680215,29.34382916567847,29.344650136772543,0.8209710940718651,True,
5826,onnx_model_091,measure,29.345149885754886,29.345889191608876,29.346914581023157,1.025389414280653,True,
5827,onnx_model_029,measure,29.345345177890735,29.34605347365141,29.34702877793461,0.9753042832016945,True,
5828,onnx_model_044,measure,29.36751813260523,29.36825192067772,29.369158894754946,0.9069740772247314,True,
5829,onnx_model_008,measure,29.37429295982193,29.375382263679057,29.37637879885733,0.9965351782739162,True,
5830,onnx_model_044,measure,29.37554203175903,29.375759791582823,29.37681103963405,1.051248051226139,True,
5831,onnx_model_020,measure,29.38058205444855,29.381035199854523,29.38187149958685,0.8362997323274612,True,
5832,onnx_model_095,measure,29.386085519474506,29.38709999760613,29.388046307023615,0.9463094174861908,True,
5833,onnx_model_087,measure,29.39861275093211,29.399274810682982,29.400175702758133,0.9008920751512051,True,
5834,onnx_model_060,measure,29.399295622737192,29.399656004738063,29.40049540065229,0.8393959142267704,True,
5835,onnx_model_030,measure,29.40153549769121,29.40272765373811,29.40354635985568,0.8187061175704002,True,
5836,onnx_model_071,measure,29.40745509465597,29.40776745369658,29.40856083203107,0.793378334492445,True,
5837,onnx_model_059,measure,29.40858099018404,29.409766814671457,29.410739012993872,0.9721983224153519,True,
5838,onnx_model_070,measure,29.409488527844047,29.409932248760015,29.41090034879744,0.9681000374257565,True,
5839,onnx_model_017,measure,29.426522515557387,29.427124188747257,29.42801802791655,0.893839169293642,True,
5840,onnx_model_009,measure,29.429543084989394,29.43023968068883,29.431111808866262,0.872128177434206,True,
5841,onnx_model_005,measure,29.4386193265108,29.439334117807448,29.440216685645282,0.8825678378343582,True,
5842,onnx_model_022,measure,29.459317209590537,29.46043764287606,29.461386295966804,0.9486530907452106,True,
5843,onnx_model_036,measure,29.46071534576173,29.461481406819075,29.462369023822248,0.887617003172636,True,
5844,onnx_model_068,measure,29.473311955203503,29.473660988733172,29.474646782968193,0.9857942350208759,True,
5845,onnx_model_059,measure,29.486695521021417,29.488887341693044,29.48978465795517,0.8973162621259689,True,
5846,onnx_model_078,measure,29.502993301717574,29.504082064609975,29.505060544703156,0.9784800931811333,True,
5847,onnx_model_019,measure,29.506432492325683,29.507364003919065,29.508456389885396,1.0923859663307667,True,
5848,onnx_model_007,measure,29.516501385203963,29.51879083365202,29.51976461475715,0.9737811051309109,True,
5849,onnx_model_044,measure,29.518841437780438,29.51919292891398,29.52023510960862,1.0421806946396828,True,
5850,onnx_model_022,measure,29.530195578153727,29.53053999785334,29.53158760862425,1.0476107709109783,True,
5851,onnx_model_053,measure,29.534657436428176,29.535908272024244,29.537091271020472,1.1829989962279797,True,
5852,onnx_model_084,measure,29.53625506886733,29.5372022818774,29.538161584641784,0.9593027643859386,True,
5853,onnx_model_083,measure,29.537621430619986,29.538272836711258,29.539329424966127,1.0565882548689842,True,
5854,onnx_model_068,measure,29.537805735310002,29.5384517069906,29.539872096851468,1.420389860868454,True,
5855,onnx_model_085,measure,29.539012611049134,29.53946354985237,29.540338042657822,0.8744928054511547,True,
5856,onnx_model_020,measure,29.53999540488181,29.540437110699713,29.54137675696984,0.9396462701261044,True,
5857,onnx_model_081,measure,29.540084287344413,29.54060747474432,29.54152678186074,0.9193071164190769,True,
5858,onnx_model_044,measure,29.54940307820423,29.5497645707801,29.550560944713652,0.7963739335536957,True,
5859,onnx_model_041,measure,29.553559781431204,29.55378998303786,29.5546626416035,0.8726585656404495,True,
5860,onnx_model_036,measure,29.56247724757406,29.562889138702303,29.56373528763652,0.8461489342153072,True,
5861,onnx_model_072,measure,29.56684743772728,29.56797363376245,29.56879703886807,0.8234051056206226,True,
5862,onnx_model_095,measure,29.57563327269122,29.576023615896702,29.57683450775221,0.8108918555080891,True,
5863,onnx_model_091,measure,29.584617052453684,29.585078006610274,29.5859197168611,0.8417102508246899,True,
5864,onnx_model_032,measure,29.585569455161718,29.586016099900007,29.58685799082741,0.8418909274041653,True,
5865,onnx_model_058,measure,29.589729525380548,29.590080847032368,29.590916955843568,0.8361088111996651,True,
5866,onnx_model_073,measure,29.595116632727365,29.596139813773334,29.59695893060416,0.8191168308258057,True,
5867,onnx_model_021,measure,29.609060358939708,29.611183890607208,29.612058063037694,0.874172430485487,True,
5868,onnx_model_095,measure,29.618396465064574,29.61927686491981,29.620222742669284,0.9458777494728565,True,
5869,onnx_model_017,measure,29.624113127135868,29.62444245396182,29.625340329948813,0.8978759869933128,True,
5870,onnx_model_062,measure,29.637509081548426,29.639653937891126,29.640690558589995,1.0366206988692284,True,
5871,onnx_model_086,measure,29.65067387095596,29.650989515706897,29.652077354025096,1.0878383181989193,True,
5872,onnx_model_068,measure,29.651612240341432,29.65218145167455,29.653111348859966,0.9298971854150295,True,
5873,onnx_model_050,measure,29.654147605558155,29.655342710670084,29.656262889970094,0.9201793000102043,True,
5874,onnx_model_098,measure,29.672181894095715,29.67249472392723,29.673360840883106,0.8661169558763504,True,
5875,onnx_model_015,measure,29.681746592921662,29.683587200008333,29.684541563969105,0.9543639607727528,True,
5876,onnx_model_062,measure,29.692427523964255,29.69285369385034,29.69366848282516,0.8147889748215675,True,
5877,onnx_model_043,measure,29.69286072320301,29.6932544359006,29.69388690777123,0.6324718706309795,True,
5878,onnx_model_099,measure,29.69471595875746,29.695108389947563,29.696095605846494,0.9872158989310265,True,
5879,onnx_model_086,measure,29.69482857791515,29.695277691818774,29.69612294761464,0.845255795866251,True,
5880,onnx_model_070,measure,29.695410308776772,29.69573412882164,29.69628381403163,0.5496852099895477,True,
5881,onnx_model_057,measure,29.705083254933996,29.70644296472892,29.707021404989064,0.5784402601420879,True,
5882,onnx_model_022,measure,29.713056792200714,29.714246117975563,29.714983529876918,0.7374119013547897,True,
5883,onnx_model_073,measure,29.72150719104378,29.722206509672105,29.72304046479985,0.8339551277458668,True,
5884,onnx_model_028,measure,29.73058624634844,29.731338577810675,29.732380057685077,1.0414798744022846,True,
5885,onnx_model_060,measure,29.735533412000542,29.73671691166237,29.73764688987285,0.9299782104790211,True,
5886,onnx_model_020,measure,29.743898064274628,29.7449663230218,29.746035445015877,1.0691219940781593,True,
5887,onnx_model_006,measure,29.757026211516255,29.75735150463879,29.75828479975462,0.9332951158285141,True,
5888,onnx_model_048,measure,29.763518882501952,29.764638556633145,29.76556958677247,0.9310301393270493,True,
5889,onnx_model_067,measure,29.76642687394873,29.766837105620652,29.767769959755242,0.9328541345894337,True,
5890,onnx_model_053,measure,29.77549180447631,29.776074514724314,29.777029600925744,0.9550862014293671,True,
5891,onnx_model_074,measure,29.808814885108607,29.80935453576967,29.81041639484465,1.0618590749800205,True,
5892,onnx_model_034,measure,29.81224986058317,29.812743577640504,29.813776300754398,1.0327231138944626,True,
5893,onnx_model_091,measure,29.813813846654075,29.815078295767307,29.816086942795664,1.0086470283567905,True,
5894,onnx_model_035,measure,29.8178118327727,29.818416852038354,29.81944017764181,1.023325603455305,True,
5895,onnx_model_019,measure,29.822528802794434,29.823760399594903,29.824673644732684,0.9132451377809048,True,
5896,onnx_model_006,measure,29.82796147361148,29.828986673615873,29.830130106769502,1.143433153629303,True,
5897,onnx_model_051,measure,29.828760667641117,29.829175672959536,29.830183438956738,1.0077659972012043,True,
5898,onnx_model_050,measure,29.83628065290935,29.83743285899982,29.83830742072314,0.8745617233216763,True,
5899,onnx_model_034,measure,29.839953613341418,29.840545575600117,29.841258730739355,0.7131551392376423,True,
5900,onnx_model_032,measure,29.843015093387407,29.84348724782467,29.844193229917437,0.7059820927679539,True,
5901,onnx_model_051,measure,29.861061059109158,29.86143911164254,29.862416018731892,0.9769070893526077,True,
5902,onnx_model_011,measure,29.866452548431806,29.867658864706755,29.868658494669944,0.9996299631893635,True,
5903,onnx_model_059,measure,29.86801683002896,29.868756821844727,29.869598761666566,0.8419398218393326,True,
5904,onnx_model_044,measure,29.869576516766255,29.869763194583356,29.870650009717792,0.8868151344358921,True,
5905,onnx_model_005,measure,29.874870324164945,29.875873690005392,29.87677664589137,0.902955885976553,True,
5906,onnx_model_095,measure,29.88478337079287,29.88500011758879,29.886012281756848,1.012164168059826,True,
5907,onnx_model_013,measure,29.887108621238767,29.888234715908766,29.889164433814585,0.929717905819416,True,
5908,onnx_model_052,measure,29.889809513766924,29.890383841935545,29.89127845177427,0.8946098387241364,True,
5909,onnx_model_037,measure,29.894606250425163,29.895504975691438,29.896474548615515,0.9695729240775108,True,
5910,onnx_model_059,measure,29.894831147542895,29.89568923600018,29.896638279780746,0.9490437805652618,True,
5911,onnx_model_072,measure,29.897709112836022,29.89885791996494,29.899692866951227,0.8349469862878323,True,
5912,onnx_model_027,measure,29.904090066238002,29.90491638565436,29.905787721741945,0.8713360875844955,True,
5913,onnx_model_025,measure,29.907897539468696,29.90900724194944,29.90986450202763,0.8572600781917572,True,
5914,onnx_model_096,measure,29.910635453859342,29.911079410929233,29.911870935931802,0.7915250025689602,True,
5915,onnx_model_040,measure,29.914636965842785,29.915101065766066,29.916020513046533,0.9194472804665565,True,
5916,onnx_model_083,measure,29.91517712145625,29.91549665760249,29.916263454593718,0.7667969912290573,True,
5917,onnx_model_006,measure,29.91856745744837,29.919480860698968,29.920398655813187,0.9177951142191887,True,
5918,onnx_model_083,measure,29.919604228881273,29.919859119690955,29.920525275636464,0.6661559455096722,True,
5919,onnx_model_069,measure,29.927410225036933,29.92776493774727,29.928588572889566,0.8236351422965527,True,
5920,onnx_model_095,measure,29.929339568925453,29.929763908032328,29.93052811967209,0.7642116397619247,True,
5921,onnx_model_076,measure,29.936369296974938,29.936751539818943,29.93758718902245,0.8356492035090923,True,
5922,onnx_model_031,measure,29.939235820884896,29.939826905727386,29.94075678382069,0.9298780933022499,True,
5923,onnx_model_085,measure,29.94208658935294,29.942980139981955,29.943730535916984,0.7503959350287914,True,
5924,onnx_model_000,measure,29.945066733820493,29.945952178910375,29.94673275295645,0.7805740460753441,True,
5925,onnx_model_025,measure,29.946390948338497,29.94682960677892,29.947647741995752,0.818135216832161,True,
5926,onnx_model_020,measure,29.951170976869403,29.95187779283151,29.952768185641617,0.8903928101062775,True,
5927,onnx_model_098,measure,29.951577101766368,29.952041654847562,29.952895517926663,0.8538630791008472,True,
5928,onnx_model_054,measure,29.953696759864826,29.95411475468427,29.95487111294642,0.7563582621514797,True,
5929,onnx_model_080,measure,29.956872872195426,29.9570938879624,29.95787953166291,0.7856437005102634,True,
5930,onnx_model_092,measure,29.962722161393472,29.963105755858123,29.96390730002895,0.8015441708266735,True,
5931,onnx_model_053,measure,29.96604706608013,29.967129944823682,29.967891262844205,0.7613180205225945,True,
5932,onnx_model_038,measure,29.967920838365462,29.969108706805855,29.96989885903895,0.790152233093977,True,
5933,onnx_model_019,measure,29.98273488050516,29.984117495827377,29.985014942009002,0.8974461816251278,True,
5934,onnx_model_001,measure,29.9845542086658,29.98511006264016,29.985960378777236,0.8503161370754242,True,
5935,onnx_model_098,measure,29.98731192080788,29.9881800590083,29.98930190084502,1.121841836720705,True,
5936,onnx_model_048,measure,29.988295285130768,29.988537688739598,29.98946663364768,0.9289449080824852,True,
5937,onnx_model_003,measure,29.988769941539303,29.988914333749563,29.989731847774237,0.8175140246748924,True,
5938,onnx_model_017,measure,29.993737970223517,29.99395222077146,29.994860246777534,0.9080260060727596,True,
5939,onnx_model_025,measure,29.99610803436169,29.997100554872304,29.997867222875357,0.7666680030524731,True,
5940,onnx_model_084,measure,30.006947491519274,30.008086447604,30.008891057688743,0.8046100847423077,True,
5941,onnx_model_017,measure,30.011248307744808,30.012108923867345,30.01287601189688,0.7670880295336246,True,
5942,onnx_model_075,measure,30.013321813787474,30.014094528742135,30.014928163029253,0.8336342871189117,True,
5943,onnx_model_086,measure,30.014741252731945,30.015023303683847,30.015778549946845,0.7552462629973888,True,
5944,onnx_model_093,measure,30.01585401970134,30.016994460951537,30.017816613893956,0.8221529424190521,True,
5945,onnx_model_024,measure,30.02198266257555,30.023050592746586,30.023979087825865,0.9284950792789459,True,
5946,onnx_model_026,measure,30.02292468158241,30.023212239611894,30.024086641613394,0.8744020015001297,True,
5947,onnx_model_087,measure,30.024060375849288,30.024231316987425,30.02502921363339,0.797896645963192,True,
5948,onnx_model_092,measure,30.027128644009164,30.028248813934624,30.028922764584422,0.6739506497979164,True,
5949,onnx_model_063,measure,30.02907060830192,30.03013821458444,30.030838165897876,0.6999513134360313,True,
5950,onnx_model_016,measure,30.040181686839365,30.0410587140359,30.041912406682968,0.8536926470696926,True,
5951,onnx_model_061,measure,30.043124062614588,30.044131014030427,30.045009112916887,0.8780988864600658,True,
5952,onnx_model_096,measure,30.04405763132789,30.04448188096285,30.045376821886748,0.8949409238994122,True,
5953,onnx_model_027,measure,30.051762446443703,30.05260639358312,30.053471609018743,0.8652154356241226,True,
5954,onnx_model_087,measure,30.056924855011932,30.05770519701764,30.05858177272603,0.8765757083892822,True,
5955,onnx_model_023,measure,30.06133883298466,30.061803105752915,30.06281955773011,1.0164519771933556,True,
5956,onnx_model_049,measure,30.064134599431213,30.065038996748626,30.065948735922575,0.9097391739487648,True,
5957,onnx_model_047,measure,30.068704233104697,30.069189495872706,30.07010108884424,0.9115929715335369,True,
5958,onnx_model_082,measure,30.071675609361236,30.07232034765184,30.073186203837395,0.8658561855554581,True,
5959,onnx_model_025,measure,30.075290778621323,30.076408738736063,30.077259515877813,0.8507771417498589,True,
5960,onnx_model_047,measure,30.084922437790464,30.085482536815107,30.08629815792665,0.8156211115419865,True,
5961,onnx_model_006,measure,30.09018697920844,30.090521385893226,30.0914796567522,0.9582708589732647,True,
5962,onnx_model_012,measure,30.095750537051426,30.09671558998525,30.09766104677692,0.9454567916691303,True,
5963,onnx_model_095,measure,30.097264541225137,30.09775664890185,30.098597747739404,0.8410988375544548,True,
5964,onnx_model_059,measure,30.098592516830628,30.098759865853935,30.09960675565526,0.8468898013234138,True,
5965,onnx_model_090,measure,30.0990580102353,30.09973728377372,30.10063552064821,0.8982368744909763,True,
5966,onnx_model_065,measure,30.10752807424181,30.10787616483867,30.108653772622347,0.7776077836751938,True,
5967,onnx_model_033,measure,30.109084221941586,30.10993468761444,30.110862120985985,0.9274333715438843,True,
5968,onnx_model_017,measure,30.11121928897202,30.112168493680656,30.11318132886663,1.0128351859748363,True,
5969,onnx_model_042,measure,30.11704571891294,30.117506550624967,30.118523473851383,1.016923226416111,True,
5970,onnx_model_037,measure,30.117519188913434,30.117970992811024,30.118745404761285,0.7744119502604008,True,
5971,onnx_model_039,measure,30.123047614719813,30.124054516665637,30.12502090400085,0.9663873352110386,True,
5972,onnx_model_049,measure,30.126280907378913,30.127329371869564,30.128263587597758,0.9342157281935215,True,
5973,onnx_model_056,measure,30.13578599275857,30.136579405982047,30.137793513014913,1.2141070328652859,True,
5974,onnx_model_085,measure,30.13590878396452,30.13679415360093,30.137847705744207,1.0535521432757378,True,
5975,onnx_model_010,measure,30.144880935231328,30.146157782990485,30.14739518472925,1.2374017387628555,True,
5976,onnx_model_085,measure,30.145543524158782,30.14635007781908,30.147448776755482,1.0986989364027977,True,
5977,onnx_model_095,measure,30.155045142985404,30.155765685718507,30.156713366974145,0.9476812556385994,True,
5978,onnx_model_009,measure,30.159308840437884,30.160025983583182,30.161124822683632,1.0988391004502773,True,
5979,onnx_model_030,measure,30.159887782263738,30.160215934738517,30.161249950993806,1.0340162552893162,True,
5980,onnx_model_054,measure,30.16509842905597,30.165549913886935,30.16654581669718,0.9959028102457523,True,
5981,onnx_model_077,measure,30.166091894896944,30.16667984193191,30.16753984661773,0.860004685819149,True,
5982,onnx_model_006,measure,30.168078899898248,30.168773331679404,30.16962911793962,0.8557862602174282,True,
5983,onnx_model_068,measure,30.170591996350357,30.170853435993195,30.17174039175734,0.886955764144659,True,
5984,onnx_model_027,measure,30.182377194603205,30.18296749284491,30.183896398637444,0.9289057925343513,True,
5985,onnx_model_005,measure,30.182897164032816,30.18333464069292,30.18419337272644,0.858732033520937,True,
5986,onnx_model_089,measure,30.18782855170812,30.188436158001423,30.189280803781003,0.8446457795798779,True,
5987,onnx_model_057,measure,30.188456352378918,30.18881515879184,30.18966249888763,0.8473400957882404,True,
5988,onnx_model_009,measure,30.193328657844756,30.193890746682882,30.194676760584116,0.7860139012336731,True,
5989,onnx_model_089,measure,30.194903161628268,30.195903952699155,30.196760901715606,0.8569490164518356,True,
5990,onnx_model_066,measure,30.19754828071399,30.197987052612007,30.198848189786077,0.8611371740698814,True,
5991,onnx_model_073,measure,30.203960130249403,30.205073933582753,30.20589444367215,0.8205100893974304,True,
5992,onnx_model_041,measure,30.207295752209916,30.20812453282997,30.20904815895483,0.9236261248588562,True,
5993,onnx_model_077,measure,30.207513938657186,30.208291459828615,30.209197983611375,0.9065237827599049,True,
5994,onnx_model_080,measure,30.20957817510087,30.2104165898636,30.211210038047284,0.7934481836855412,True,
5995,onnx_model_084,measure,30.213232039157358,30.21443263394758,30.21523398673162,0.80135278403759,True,
5996,onnx_model_077,measure,30.224242482449835,30.22545562684536,30.226453403942287,0.997777096927166,True,
5997,onnx_model_092,measure,30.242626207659608,30.24369759298861,30.244839212857187,1.1416198685765266,True,
5998,onnx_model_064,measure,30.24319827838703,30.243858939036727,30.244974088855088,1.1151498183608055,True,
5999,onnx_model_096,measure,30.247302004447338,30.248198066838086,30.249018216039985,0.8201492018997669,True,
6000,onnx_model_080,measure,30.250041223699448,30.251241642981768,30.252064406871796,0.8227638900279999,True,
6001,onnx_model_008,measure,30.263521409048344,30.264305725693703,30.265205265022814,0.8995393291115761,True,
6002,onnx_model_022,measure,30.265237298259375,30.26642717793584,30.267297632992268,0.8704550564289093,True,
6003,onnx_model_093,measure,30.267544396996534,30.268518432974815,30.269384308718145,0.865875743329525,True,
6004,onnx_model_052,measure,30.269066798660624,30.269481303635985,30.270337441004813,0.8561373688280582,True,
6005,onnx_model_016,measure,30.27312853914684,30.273559014778584,30.274400864727795,0.8418499492108822,True,
6006,onnx_model_081,measure,30.296324428086884,30.29663806501776,30.29768099775538,1.0429327376186848,True,
6007,onnx_model_066,measure,30.29852269362055,30.29890483384952,30.299867593683302,0.9627598337829113,True,
6008,onnx_model_099,measure,30.300971637100865,30.30209060991183,30.30296597396955,0.8753640577197075,True,
6009,onnx_model_016,measure,30.305453943280426,30.306187867652625,30.30694759171456,0.7597240619361401,True,
6010,onnx_model_020,measure,30.33696771458792,30.3382513159886,30.339258359745145,1.00704375654459,True,
6011,onnx_model_087,measure,30.338373832765917,30.338691412936896,30.339736037887633,1.044624950736761,True,
6012,onnx_model_021,measure,30.34277836369025,30.34404497873038,30.34510226873681,1.057290006428957,True,
6013,onnx_model_035,measure,30.351299746995753,30.352412283886224,30.353484351653606,1.072067767381668,True,
6014,onnx_model_013,measure,30.352901929769452,30.35359677579254,30.354432513937354,0.8357381448149681,True,
6015,onnx_model_083,measure,30.36421586813783,30.36475560674444,30.36569166602567,0.9360592812299728,True,
6016,onnx_model_040,measure,30.370797892193703,30.372000578790903,30.373029474634677,1.0288958437740803,True,
6017,onnx_model_090,measure,30.373476700376543,30.37433471577242,30.375169552862644,0.8348370902240276,True,
6018,onnx_model_086,measure,30.375883940078495,30.37640859792009,30.377257430925965,0.848833005875349,True,
6019,onnx_model_048,measure,30.381848409278042,30.38248669076711,30.38333668699488,0.8499962277710438,True,
6020,onnx_model_081,measure,30.39058108248695,30.391571099869907,30.392891078721732,1.3199788518249989,True,
6021,onnx_model_017,measure,30.391228512399174,30.391774646937847,30.39293920993805,1.164563000202179,True,
6022,onnx_model_080,measure,30.391830593080922,30.39222510298714,30.393130152951926,0.9050499647855759,True,
6023,onnx_model_018,measure,30.39735992348918,30.398462699726224,30.399380784947425,0.9180852212011814,True,
6024,onnx_model_027,measure,30.40110832610766,30.401627365034074,30.40255496883765,0.9276038035750389,True,
6025,onnx_model_061,measure,30.401620842014626,30.40199940279126,30.40286570880562,0.8663060143589973,True,
6026,onnx_model_098,measure,30.407130895504274,30.408091502729803,30.408915428910404,0.82392618060112,True,
6027,onnx_model_006,measure,30.411426873988397,30.412139386869967,30.41303762467578,0.898237805813551,True,
6028,onnx_model_092,measure,30.412229599424403,30.412501544691622,30.413233125582337,0.7315808907151222,True,
6029,onnx_model_050,measure,30.4161299277373,30.41645735502243,30.417261152993888,0.803797971457243,True,
6030,onnx_model_002,measure,30.421787525597587,30.42248541302979,30.423343173693866,0.857760664075613,True,
6031,onnx_model_016,measure,30.42408928767161,30.42456343397498,30.42539597582072,0.8325418457388878,True,
6032,onnx_model_018,measure,30.427241296453087,30.42763489158824,30.42864906974137,1.0141781531274319,True,
6033,onnx_model_003,measure,30.427300119805416,30.42780159879476,30.429101068992168,1.2994701974093914,True,
6034,onnx_model_055,measure,30.428222547235297,30.428747726604342,30.42956796567887,0.8202390745282173,True,
6035,onnx_model_067,measure,30.43110230761581,30.431790510658175,30.432601161766797,0.810651108622551,True,
6036,onnx_model_075,measure,30.4363746381653,30.436842544935644,30.437684995587915,0.8424506522715092,True,
6037,onnx_model_052,measure,30.443492344430787,30.443908466026187,30.44470444880426,0.7959827780723572,True,
6038,onnx_model_052,measure,30.450892163009065,30.451927389018238,30.452739502768964,0.8121137507259846,True,
6039,onnx_model_076,measure,30.45390801059885,30.454962288029492,30.455734024755657,0.7717367261648178,True,
6040,onnx_model_049,measure,30.45596076885007,30.45695563685149,30.45778479287401,0.8291560225188732,True,
6041,onnx_model_086,measure,30.459291624932032,30.460008759982884,30.460762342903763,0.7535829208791256,True,
6042,onnx_model_088,measure,30.46302424093011,30.463984126690775,30.46476121386513,0.7770871743559837,True,
6043,onnx_model_027,measure,30.472138281814665,30.473108149599284,30.473869347013533,0.7611974142491817,True,
6044,onnx_model_031,measure,30.474092040736966,30.475089496932924,30.47588419681415,0.7946998812258244,True,
6045,onnx_model_075,measure,30.474999623934597,30.475450943689793,30.476124573964626,0.6736302748322487,True,
6046,onnx_model_015,measure,30.478644271847045,30.479349083732814,30.48012028960511,0.771205872297287,True,
6047,onnx_model_083,measure,30.4831067745287,30.483343536034226,30.484040120616555,0.6965845823287964,True,
6048,onnx_model_057,measure,30.48506946585304,30.486283774953336,30.48705617384985,0.7723988965153694,True,
6049,onnx_model_079,measure,30.492854935273616,30.49327750969678,30.49407813185826,0.8006221614778042,True,
6050,onnx_model_094,measure,30.49741362823174,30.49831028562039,30.499279578682035,0.9692930616438389,True,
6051,onnx_model_008,measure,30.5081910384341,30.50950854178518,30.510600197594613,1.0916558094322681,True,
6052,onnx_model_033,measure,30.509345742587733,30.509693283587694,30.510739161632955,1.0458780452609062,True,
6053,onnx_model_009,measure,30.517355502667957,30.51796202082187,30.51883146399632,0.8694431744515896,True,
6054,onnx_model_094,measure,30.520911147847624,30.522060732822865,30.5230568558909,0.9961230680346489,True,
6055,onnx_model_089,measure,30.521926680948297,30.522221677936614,30.52320522768423,0.9835497476160526,True,
6056,onnx_model_019,measure,30.523787169837973,30.524427791591734,30.52531696204096,0.8891704492270947,True,
6057,onnx_model_067,measure,30.528816833105083,30.52954148175195,30.530453806743026,0.9123249910771847,True,
6058,onnx_model_074,measure,30.533853732077088,30.534691561944783,30.535537088755518,0.8455268107354641,True,
6059,onnx_model_071,measure,30.535426582531183,30.53569216374308,30.536463640630245,0.7714768871665001,True,
6060,onnx_model_039,measure,30.544418046778606,30.544701809994876,30.545556273777038,0.8544637821614742,True,
6061,onnx_model_026,measure,30.54779712555741,30.54877916071564,30.54964994592592,0.8707852102816105,True,
6062,onnx_model_036,measure,30.555832329077862,30.556875851005316,30.55782019579783,0.9443447925150394,True,
6063,onnx_model_046,measure,30.574411095565125,30.575048284605145,30.576282860711217,1.2345761060714722,True,
6064,onnx_model_034,measure,30.57467425930034,30.575209761969745,30.576328427996486,1.1186660267412663,True,
6065,onnx_model_083,measure,30.575450064833174,30.575669685844332,30.576514350716025,0.8446648716926575,True,
6066,onnx_model_006,measure,30.576577221271528,30.577743597794324,30.578555059619248,0.8114618249237537,True,
6067,onnx_model_087,measure,30.595903400345463,30.59779350971803,30.598583401646465,0.789891928434372,True,
6068,onnx_model_078,measure,30.607065826206078,30.60880757588893,30.609805021900684,0.9974460117518902,True,
6069,onnx_model_042,measure,30.61030776761244,30.61102926870808,30.61198582779616,0.9565590880811214,True,
6070,onnx_model_065,measure,30.627268424120874,30.62824035482481,30.629255053587258,1.014698762446642,True,
6071,onnx_model_045,measure,30.62745484593753,30.628410909790546,30.629397965967655,0.9870561771094799,True,
6072,onnx_model_000,measure,30.629805321667416,30.630632122047246,30.631662339903414,1.030217856168747,True,
6073,onnx_model_049,measure,30.63811427346329,30.638891011010855,30.639826989732683,0.9359787218272686,True,
6074,onnx_model_092,measure,30.640315210373803,30.64104902278632,30.64189366903156,0.8446462452411652,True,
6075,onnx_model_032,measure,30.645316196426876,30.646116595715284,30.646960749756545,0.8441540412604809,True,
6076,onnx_model_095,measure,30.664112434843293,30.666186125017703,30.667083660606295,0.8975355885922909,True,
6077,onnx_model_028,measure,30.667410674029455,30.668318427633494,30.669160328805447,0.841901171952486,True,
6078,onnx_model_022,measure,30.67153502931047,30.672383565921336,30.673174718860537,0.7911529392004013,True,
6079,onnx_model_062,measure,30.672772953381795,30.673273406922817,30.67417433997616,0.9009330533444881,True,
6080,onnx_model_055,measure,30.672993978485362,30.673443880863488,30.67434999300167,0.9061121381819248,True,
6081,onnx_model_078,measure,30.681333114562218,30.681570549029857,30.682461491785944,0.8909427560865879,True,
6082,onnx_model_048,measure,30.684151461196507,30.684710587840527,30.68555686576292,0.8462779223918915,True,
6083,onnx_model_076,measure,30.685868409577512,30.686764992773533,30.68757454166189,0.8095488883554935,True,
6084,onnx_model_047,measure,30.68806699109686,30.688758852891624,30.689534697681665,0.7758447900414467,True,
6085,onnx_model_076,measure,30.693271171472276,30.693753937724978,30.69464595289901,0.8920151740312576,True,
6086,onnx_model_097,measure,30.705089473459957,30.705889966804534,30.706732948776335,0.8429819718003273,True,
6087,onnx_model_010,measure,30.708739932953208,30.708953579887748,30.70974264992401,0.7890700362622738,True,
6088,onnx_model_018,measure,30.71076445505729,30.711964993737638,30.71288776770234,0.922773964703083,True,
6089,onnx_model_092,measure,30.713273756806633,30.714107306674123,30.71498084673658,0.8735400624573231,True,
6090,onnx_model_015,measure,30.72791444650145,30.729199895635247,30.730115996673703,0.9161010384559631,True,
6091,onnx_model_010,measure,30.732009599549123,30.732334423810244,30.733171795960516,0.837372150272131,True,
6092,onnx_model_068,measure,30.734344200925428,30.735398968681693,30.736411593854427,1.0126251727342606,True,
6093,onnx_model_081,measure,30.736196007422947,30.73650834802538,30.737439397722483,0.9310496971011162,True,
6094,onnx_model_018,measure,30.73620930988638,30.736689020879567,30.737588200718164,0.8991798385977745,True,
6095,onnx_model_036,measure,30.745877849978562,30.74781060172245,30.748943225014955,1.1326232925057411,True,
6096,onnx_model_093,measure,30.750622932303227,30.751166029833257,30.7520152637735,0.849233940243721,True,
6097,onnx_model_025,measure,30.763391733859496,30.764236855786294,30.765048719011247,0.811863224953413,True,
6098,onnx_model_040,measure,30.770102661872965,30.771270986646414,30.772215101867914,0.9441152215003967,True,
6099,onnx_model_023,measure,30.772238286344013,30.773442754987627,30.77443853765726,0.9957826696336269,True,
6100,onnx_model_008,measure,30.772291292930678,30.773642574902624,30.774573594797403,0.9310198947787285,True,
6101,onnx_model_036,measure,30.77951086860618,30.77979726390913,30.780580672901124,0.7834089919924736,True,
6102,onnx_model_011,measure,30.784232465222985,30.7848057448864,30.785721585620195,0.9158407337963581,True,
6103,onnx_model_020,measure,30.785001545065345,30.785179043654352,30.78599420376122,0.8151601068675518,True,
6104,onnx_model_000,measure,30.78595120466927,30.78614169359207,30.786942766979337,0.8010733872652054,True,
6105,onnx_model_042,measure,30.797151153072246,30.798176530748606,30.79930000565946,1.1234749108552933,True,
6106,onnx_model_018,measure,30.797642084522273,30.798342746682465,30.79943110467866,1.0883579961955547,True,
6107,onnx_model_016,measure,30.79850370020806,30.798810795880854,30.799554439727217,0.7436438463628292,True,
6108,onnx_model_039,measure,30.8008996855564,30.801788556855172,30.802666344679892,0.8777878247201443,True,
6109,onnx_model_032,measure,30.80316120528781,30.80388889880851,30.80478666583076,0.8977670222520828,True,
6110,onnx_model_024,measure,30.806663572179243,30.80700809787959,30.807890164665878,0.8820667862892151,True,
6111,onnx_model_050,measure,30.815613329821662,30.816113305743784,30.816998668946326,0.8853632025420666,True,
6112,onnx_model_005,measure,30.81973380734019,30.82026038877666,30.8211129498668,0.8525610901415348,True,
6113,onnx_model_031,measure,30.836054876963264,30.836348309647292,30.83740855474025,1.060245092958212,True,
6114,onnx_model_055,measure,30.84887042899575,30.84967815782875,30.850706762634218,1.028604805469513,True,
6115,onnx_model_011,measure,30.849079600664503,30.8498500646092,30.850828524678946,0.978460069745779,True,
6116,onnx_model_066,measure,30.857170904955503,30.858072435017675,30.85890655964613,0.8341246284544468,True,
6117,onnx_model_005,measure,30.859715767464415,30.86012696987018,30.861048050690442,0.9210808202624321,True,
6118,onnx_model_026,measure,30.86644683259554,30.867270348593593,30.868085999041796,0.8156504482030869,True,
6119,onnx_model_045,measure,30.867780514287826,30.868182491976768,30.869105436839163,0.922944862395525,True,
6120,onnx_model_015,measure,30.87234231503875,30.873328954912722,30.87411587079987,0.7869158871471882,True,
6121,onnx_model_056,measure,30.87719659150944,30.878344769589603,30.879573294892907,1.2285253033041954,True,
6122,onnx_model_005,measure,30.87755407073314,30.878505123779178,30.879390727728605,0.8856039494276047,True,
6123,onnx_model_016,measure,30.879362670774636,30.87968597887084,30.880426285788417,0.740306917577982,True,
6124,onnx_model_039,measure,30.887459293238802,30.88866449566558,30.889509331900626,0.8448362350463867,True,
6125,onnx_model_096,measure,30.88982891765101,30.890739559661597,30.89156238362193,0.8228239603340626,True,
6126,onnx_model_016,measure,30.897255485777457,30.89778338978067,30.898590202908963,0.8068131282925606,True,
6127,onnx_model_003,measure,30.898794741133692,30.899823436979204,30.900646200869232,0.8227638900279999,True,
6128,onnx_model_068,measure,30.91367269920413,30.914868415798992,30.915887051727623,1.0186359286308289,True,
6129,onnx_model_082,measure,30.921238489244338,30.92211933899671,30.923168933950365,1.0495949536561966,True,
6130,onnx_model_002,measure,30.921660268706937,30.922292317729443,30.923315783031285,1.0234653018414974,True,
6131,onnx_model_010,measure,30.92726241998006,30.92753597488627,30.92851192969829,0.9759548120200634,True,
6132,onnx_model_075,measure,30.928307772970296,30.92860788293183,30.92937192460522,0.7640416733920574,True,
6133,onnx_model_031,measure,30.94229967548431,30.943593928590417,30.944493458606303,0.8995300158858299,True,
6134,onnx_model_074,measure,30.946234735879358,30.946731884032488,30.94753857702017,0.8066929876804352,True,
6135,onnx_model_035,measure,30.946725039988085,30.947096556890756,30.94806167203933,0.9651151485741138,True,
6136,onnx_model_055,measure,30.947422514406988,30.947692709974945,30.94849534565583,0.8026356808841228,True,
6137,onnx_model_004,measure,30.951250850648528,30.951752678025514,30.952517110854387,0.7644328288733959,True,
6138,onnx_model_010,measure,30.95943633300875,30.959752033930272,30.96043556276709,0.6835288368165493,True,
6139,onnx_model_099,measure,30.96667139976649,30.967673630919307,30.96840031258762,0.7266816683113575,True,
6140,onnx_model_032,measure,30.973646909315665,30.97464593499899,30.97570564877242,1.0597137734293938,True,
6141,onnx_model_037,measure,30.97365985351971,30.974811479914933,30.975845765788108,1.0342858731746674,True,
6142,onnx_model_017,measure,30.974906193861266,30.975249531678855,30.97596219694242,0.7126652635633945,True,
6143,onnx_model_037,measure,30.98510857523261,30.986186591908336,30.98727701464668,1.0904227383434772,True,
6144,onnx_model_011,measure,30.985209112425267,30.986350603867322,30.987392123788595,1.041519921272993,True,
6145,onnx_model_050,measure,30.990063227515233,30.990632322616875,30.991471488028765,0.8391654118895531,True,
6146,onnx_model_007,measure,30.995729037825118,30.99665075261146,30.99730933504179,0.6585824303328991,True,
6147,onnx_model_043,measure,30.997437543911897,30.99845876963809,30.9990862919949,0.6275223568081856,True,
6148,onnx_model_056,measure,31.009349065401068,31.01028093183413,31.010932640638202,0.6517088040709496,True,
6149,onnx_model_067,measure,31.01286157769446,31.013076946604997,31.013712845742702,0.6358991377055645,True,
6150,onnx_model_073,measure,31.02615693857222,31.027916975785047,31.028563946019858,0.646970234811306,True,
6151,onnx_model_089,measure,31.02959446207977,31.030764258001,31.03148136101663,0.7171030156314373,True,
6152,onnx_model_049,measure,31.04640502867435,31.0466845696792,31.047399139031768,0.7145693525671959,True,
6153,onnx_model_039,measure,31.04894433565432,31.049592687748373,31.050368282943964,0.7755951955914497,True,
6154,onnx_model_066,measure,31.049070481912207,31.049747762735933,31.05045806290582,0.7103001698851585,True,
6155,onnx_model_018,measure,31.051738971886437,31.052671771030873,31.053350520785898,0.67874975502491,True,
6156,onnx_model_050,measure,31.05967589020001,31.060539626982063,31.061386916786432,0.8472898043692112,True,
6157,onnx_model_032,measure,31.06230560176228,31.062538445927203,31.063134809955955,0.5963640287518501,True,
6158,onnx_model_057,measure,31.06420917585628,31.065282471943647,31.066152746789157,0.8702748455107212,True,
6159,onnx_model_000,measure,31.06481176315673,31.065414793789387,31.066258498001844,0.8437042124569416,True,
6160,onnx_model_076,measure,31.074060629791425,31.074428347870708,31.075003460980952,0.5751131102442741,True,
6161,onnx_model_058,measure,31.076872482082997,31.077140011824667,31.07786915777251,0.72914594784379,True,
6162,onnx_model_099,measure,31.095474462016746,31.09713033074513,31.09800673695281,0.8764062076807022,True,
6163,onnx_model_006,measure,31.09999043850179,31.10018287273124,31.10104617383331,0.8633011020720005,True,
6164,onnx_model_030,measure,31.104149838551876,31.10531198279932,31.106198998633772,0.8870158344507217,True,
6165,onnx_model_034,measure,31.10722580197877,31.108386256732047,31.109237434808165,0.8511780761182308,True,
6166,onnx_model_055,measure,31.110305399654806,31.11144886771217,31.11226509977132,0.8162320591509342,True,
6167,onnx_model_040,measure,31.127470460867123,31.128539685625583,31.129488789942116,0.9491043165326118,True,
6168,onnx_model_097,measure,31.132410697534148,31.132755929604173,31.13360729860142,0.851368997246027,True,
6169,onnx_model_010,measure,31.145520918909586,31.145884855650365,31.146621926687658,0.7370710372924805,True,
6170,onnx_model_091,measure,31.147139279405508,31.14778567990288,31.148358187638223,0.5725077353417873,True,
6171,onnx_model_057,measure,31.155997319167145,31.156660008709878,31.157453967723995,0.7939590141177177,True,
6172,onnx_model_055,measure,31.17793320817507,31.178739588707685,31.179750880692154,1.0112919844686985,True,
6173,onnx_model_006,measure,31.178299510716,31.178897568956017,31.18002758687362,1.1300179176032543,True,
6174,onnx_model_012,measure,31.179676005852958,31.179839960765094,31.180487510748208,0.6475499831140041,True,
6175,onnx_model_053,measure,31.194035462703905,31.194757025688887,31.195721278898418,0.9642532095313072,True,
6176,onnx_model_017,measure,31.199984084633385,31.200995343737304,31.201876057777554,0.8807140402495861,True,
6177,onnx_model_087,measure,31.200120746107768,31.201153764966875,31.20194729277864,0.7935278117656708,True,
6178,onnx_model_012,measure,31.202153379082038,31.203119090758264,31.203785557765514,0.6664670072495937,True,
6179,onnx_model_066,measure,31.206797707046118,31.207052687648684,31.207958830986172,0.9061433374881744,True,
6180,onnx_model_051,measure,31.210257562521722,31.211215240880847,31.212007445748895,0.7922048680484295,True,
6181,onnx_model_013,measure,31.22491408189397,31.22633332759142,31.227194524835795,0.8611972443759441,True,
6182,onnx_model_011,measure,31.225466622473096,31.22651577461511,31.227275107987225,0.7593333721160889,True,
6183,onnx_model_020,measure,31.232475750663262,31.233526811935008,31.234320730902255,0.7939189672470093,True,
6184,onnx_model_091,measure,31.237062430797515,31.2375849657692,31.238540140911937,0.9551751427352428,True,
6185,onnx_model_069,measure,31.250636294149977,31.25280881393701,31.253755563870072,0.9467499330639839,True,
6186,onnx_model_064,measure,31.253873831783842,31.254931478761137,31.255621650721878,0.6901719607412815,True,
6187,onnx_model_012,measure,31.256605104073884,31.256785502657294,31.257402415852994,0.6169131956994534,True,
6188,onnx_model_030,measure,31.259584723665682,31.260706866625696,31.261824802029878,1.1179354041814804,True,
6189,onnx_model_053,measure,31.260542669507558,31.260864646639675,31.262046032585204,1.1813859455287457,True,
6190,onnx_model_047,measure,31.261237390583933,31.261879034806043,31.26244434993714,0.565315131098032,True,
6191,onnx_model_037,measure,31.272484256440034,31.273712900001556,31.274586259853095,0.873359851539135,True,
6192,onnx_model_009,measure,31.275453025701513,31.2757733669132,31.276400628965348,0.6272620521485806,True,
6193,onnx_model_089,measure,31.27842728017832,31.279685282614082,31.280496935825795,0.8116532117128372,True,
6194,onnx_model_030,measure,31.282207361142383,31.28275305358693,31.28355906577781,0.8060121908783913,True,
6195,onnx_model_070,measure,31.285147063959368,31.285706758964807,31.286544390954077,0.8376319892704487,True,
6196,onnx_model_044,measure,31.290418760964034,31.290755996014923,31.29150027083233,0.7442748174071312,True,
6197,onnx_model_062,measure,31.297986582712674,31.298776251729578,31.299396029673517,0.6197779439389706,True,
6198,onnx_model_012,measure,31.304141706653784,31.304673100821674,31.3053861358203,0.7130349986255169,True,
6199,onnx_model_086,measure,31.314366574108565,31.31566777965054,31.31646129861474,0.7935189642012119,True,
6200,onnx_model_090,measure,31.31565153244816,31.316008187830448,31.316825160756707,0.8169729262590408,True,
6201,onnx_model_025,measure,31.31820058750281,31.318989604711533,31.31966822501272,0.6786203011870384,True,
6202,onnx_model_030,measure,31.321387676715638,31.321816307958215,31.32276515197009,0.9488440118730068,True,
6203,onnx_model_089,measure,31.32139600216319,31.321915125939995,31.322891382034868,0.9762560948729515,True,
6204,onnx_model_065,measure,31.328715633006443,31.329071148764342,31.329669686034322,0.5985372699797153,True,
6205,onnx_model_085,measure,31.329339978151737,31.329731383826584,31.33032784704119,0.5964632146060467,True,
6206,onnx_model_065,measure,31.333131595981374,31.333486520685256,31.333998444024473,0.5119233392179012,True,
6207,onnx_model_001,measure,31.333852138127487,31.33404537383467,31.33455206686631,0.5066930316388607,True,
6208,onnx_model_079,measure,31.34029359680436,31.340766499750316,31.341589723713696,0.8232239633798599,True,
6209,onnx_model_016,measure,31.344676567867104,31.345845964737236,31.346733401995152,0.8874372579157352,True,
6210,onnx_model_002,measure,31.345888759516278,31.346211439929903,31.34699138160795,0.7799416780471802,True,
6211,onnx_model_036,measure,31.347985927239456,31.34820865560323,31.349086384754628,0.8777291513979435,True,
6212,onnx_model_052,measure,31.348762451680923,31.34918192587793,31.350045887753367,0.8639618754386902,True,
6213,onnx_model_046,measure,31.357455508831922,31.358274649828672,31.35907421959564,0.7995697669684887,True,
6214,onnx_model_046,measure,31.36537043026856,31.366294253617525,31.36712699662894,0.8327430114150047,True,
6215,onnx_model_063,measure,31.36834400780922,31.3693462559022,31.370208764914423,0.86250901222229,True,
6216,onnx_model_046,measure,31.38401546494577,31.384452770929784,31.385321903042495,0.869132112711668,True,
6217,onnx_model_061,measure,31.385322587834303,31.385470946785063,31.386342552956194,0.871606171131134,True,
6218,onnx_model_079,measure,31.394054017850785,31.394563539884984,31.395502424798906,0.9388849139213562,True,
6219,onnx_model_055,measure,31.40999893951712,31.410744016990066,31.4117058259435,0.9618089534342289,True,
6220,onnx_model_011,measure,31.41274053611761,31.413925744593143,31.414930194616318,1.0044500231742859,True,
6221,onnx_model_015,measure,31.419517276715133,31.42014989675954,31.42109829885885,0.9484020993113518,True,
6222,onnx_model_084,measure,31.42109264158797,31.421243144664913,31.422081738710403,0.8385940454900265,True,
6223,onnx_model_001,measure,31.421839961581057,31.422177861910313,31.423045911826193,0.8680499158799648,True,
6224,onnx_model_056,measure,31.42343621075151,31.424278624821454,31.42518619960174,0.9075747802853584,True,
6225,onnx_model_032,measure,31.425368444376694,31.426403222605586,31.427225295919925,0.8220733143389225,True,
6226,onnx_model_045,measure,31.427750765466918,31.428442480042577,31.429299908690155,0.8574286475777626,True,
6227,onnx_model_061,measure,31.432263067467186,31.43251990992576,31.433419700711966,0.8997907862067223,True,
6228,onnx_model_070,measure,31.436021673723825,31.436659849714488,31.437432888895273,0.7730391807854176,True,
6229,onnx_model_068,measure,31.439416812167828,31.439669230021536,31.440484910737723,0.8156807161867619,True,
6230,onnx_model_038,measure,31.440665327488272,31.44171625096351,31.442524677608162,0.8084266446530819,True,
6231,onnx_model_067,measure,31.442155558309974,31.442634045612067,31.443452931940556,0.8188863284885883,True,
6232,onnx_model_096,measure,31.44734555791858,31.447699283715338,31.44849431468174,0.7950309664011002,True,
6233,onnx_model_002,measure,31.449045328388095,31.44973242888227,31.45054770866409,0.8152797818183899,True,
6234,onnx_model_056,measure,31.450062342264637,31.450671914964914,31.451495199929923,0.8232849650084972,True,
6235,onnx_model_010,measure,31.45150511208461,31.45168056199327,31.452543692663312,0.8631306700408459,True,
6236,onnx_model_046,measure,31.463713070164513,31.464769351761788,31.465607475023717,0.8381232619285583,True,
6237,onnx_model_013,measure,31.464948873462788,31.465144003741443,31.466151679866016,1.007676124572754,True,
6238,onnx_model_067,measure,31.46562613529097,31.465776016004384,31.466569563839585,0.793547835201025,True,
6239,onnx_model_078,measure,31.476798924440462,31.477790432982147,31.478788150008768,0.9977170266211033,True,
6240,onnx_model_038,measure,31.479391701111755,31.480005914811045,31.48086137091741,0.855456106364727,True,
6241,onnx_model_029,measure,31.48540600507134,31.48608290590346,31.48701520776376,0.9323018603026867,True,
6242,onnx_model_094,measure,31.516249720921415,31.51724364887923,31.518303522840142,1.0598739609122276,True,
6243,onnx_model_037,measure,31.516262905634804,31.517408662009984,31.5183499106206,0.9412486106157303,True,
6244,onnx_model_084,measure,31.51739450337283,31.517885197885334,31.518644250929356,0.7590530440211296,True,
6245,onnx_model_085,measure,31.522113458166906,31.522879130672663,31.52366151800379,0.7823873311281204,True,
6246,onnx_model_075,measure,31.538166109592563,31.53888643765822,31.539810955990106,0.9245183318853378,True,
6247,onnx_model_052,measure,31.53896347576207,31.539248055778444,31.540142064914107,0.8940091356635094,True,
6248,onnx_model_094,measure,31.54436934009132,31.545372787863016,31.546345576643944,0.9727887809276581,True,
6249,onnx_model_036,measure,31.544521398748998,31.54553972464055,31.546496603637934,0.9568789973855019,True,
6250,onnx_model_007,measure,31.54809771030355,31.548743665684015,31.54955217288807,0.8085072040557861,True,
6251,onnx_model_080,measure,31.554431351695705,31.554778015706688,31.55563897266984,0.8609569631516933,True,
6252,onnx_model_001,measure,31.557210597586394,31.557868069969118,31.559050557669252,1.1824877001345158,True,
6253,onnx_model_016,measure,31.557572323158553,31.55822493787855,31.55916104791686,0.9361100383102894,True,
6254,onnx_model_030,measure,31.571760964833015,31.57339304080233,31.57447589887306,1.082858070731163,True,
6255,onnx_model_079,measure,31.5723359454447,31.573558054864407,31.5746059557423,1.047900877892971,True,
6256,onnx_model_030,measure,31.57955344351791,31.579848951660097,31.580873088911176,1.0241372510790825,True,
6257,onnx_model_073,measure,31.579801470099152,31.58021205291152,31.581079341005534,0.8672880940139294,True,
6258,onnx_model_005,measure,31.584371712332445,31.58530427189544,31.58620599564165,0.9017237462103367,True,
6259,onnx_model_007,measure,31.58845202034926,31.589435915928334,31.590642539784312,1.2066238559782505,True,
6260,onnx_model_034,measure,31.588745291863443,31.589596902020276,31.590693125966936,1.096223946660757,True,
6261,onnx_model_026,measure,31.58978549677638,31.59014708781615,31.590945114847273,0.7980270311236382,True,
6262,onnx_model_057,measure,31.596659172182815,31.597178282681853,31.598008520901203,0.8302382193505764,True,
6263,onnx_model_047,measure,31.601322548561733,31.602234894875437,31.60312804300338,0.8931481279432774,True,
6264,onnx_model_010,measure,31.602673237127803,31.603224565740675,31.604085041675717,0.8604759350419044,True,
6265,onnx_model_008,measure,31.603763817989186,31.60418127477169,31.605156828649342,0.9755538776516914,True,
6266,onnx_model_069,measure,31.603842648609575,31.604341408703476,31.60529146483168,0.9500561282038689,True,
6267,onnx_model_060,measure,31.606510067906154,31.607515041716397,31.60835832497105,0.8432832546532154,True,
6268,onnx_model_014,measure,31.607590858844457,31.60789571562782,31.608643737621605,0.7480219937860966,True,
6269,onnx_model_023,measure,31.615446774860366,31.61588896997273,31.616691845934838,0.8028759621083736,True,
6270,onnx_model_056,measure,31.619184282288295,31.61991689587012,31.620727666653693,0.810770783573389,True,
6271,onnx_model_089,measure,31.625963015695213,31.62696681683883,31.62782533885911,0.8585220202803612,True,
6272,onnx_model_014,measure,31.6339072379298,31.635051634628326,31.635931928642094,0.8802940137684345,True,
6273,onnx_model_090,measure,31.639836782908514,31.640155115630478,31.64095414476469,0.7990291342139244,True,
6274,onnx_model_051,measure,31.64139888207317,31.642172881867737,31.643020272720605,0.847390852868557,True,
6275,onnx_model_037,measure,31.658953519915766,31.65924727777019,31.660170492716134,0.9232149459421635,True,
6276,onnx_model_020,measure,31.661027024975596,31.66138859791681,31.66225042566657,0.8618277497589588,True,
6277,onnx_model_021,measure,31.66541928926498,31.66647378494963,31.667402709834278,0.928924884647131,True,
6278,onnx_model_077,measure,31.669201163386568,31.6696391007863,31.670415206812322,0.7761060260236263,True,
6279,onnx_model_061,measure,31.675762299967282,31.676778601948172,31.67766563873738,0.8870367892086506,True,
6280,onnx_model_013,measure,31.68134413124869,31.68197082169354,31.68290719203651,0.9363703429698944,True,
6281,onnx_model_015,measure,31.68452254625131,31.68518818775192,31.686242120806128,1.0539330542087555,True,
6282,onnx_model_011,measure,31.684533507835578,31.685376004781574,31.686359584797174,0.9835800155997276,True,
6283,onnx_model_043,measure,31.69594049607627,31.696624776814133,31.697418205905706,0.7934290915727615,True,
6284,onnx_model_003,measure,31.705655124686782,31.70773263182491,31.708767008036375,1.034376211464405,True,
6285,onnx_model_051,measure,31.70834634849377,31.708889881614596,31.70977130671963,0.881425105035305,True,
6286,onnx_model_084,measure,31.712897992194993,31.71401314996183,31.71484943991527,0.8362899534404278,True,
6287,onnx_model_022,measure,31.71547430075707,31.716073436662555,31.71675937063992,0.6859339773654938,True,
6288,onnx_model_005,measure,31.71968938635788,31.719987406861037,31.72081132279709,0.8239159360527992,True,
6289,onnx_model_011,measure,31.75747515679392,31.75810982193798,31.75910962279886,0.9998008608818054,True,
6290,onnx_model_005,measure,31.764001786313035,31.764413323719054,31.765346206724644,0.9328830055892467,True,
6291,onnx_model_013,measure,31.766811414137084,31.767637211829424,31.768521663732827,0.8844519034028053,True,
6292,onnx_model_063,measure,31.778143084430724,31.77881038095802,31.77960255695507,0.7921759970486164,True,
6293,onnx_model_030,measure,31.785071259670335,31.785857415758073,31.78659551870078,0.7381029427051544,True,
6294,onnx_model_048,measure,31.78757227778581,31.787834303919226,31.78857498196885,0.7406780496239662,True,
6295,onnx_model_083,measure,31.795340331361853,31.79580326192081,31.79647937696427,0.6761150434613228,True,
6296,onnx_model_060,measure,31.806104010319533,31.80679445480928,31.80767798377201,0.8835289627313614,True,
6297,onnx_model_024,measure,31.80795998343879,31.808915375731885,31.809768117032945,0.8527413010597229,True,
6298,onnx_model_065,measure,31.810101481170832,31.81099285464734,31.811825217679143,0.8323630318045616,True,
6299,onnx_model_060,measure,31.811703871611364,31.811967127025127,31.812765744980425,0.7986179552972317,True,
6300,onnx_model_098,measure,31.81606881243852,31.816998520866036,31.817809111904353,0.8105910383164883,True,
6301,onnx_model_026,measure,31.824307782411402,31.825052690692246,31.82589453086257,0.8418401703238487,True,
6302,onnx_model_098,measure,31.82597129356382,31.82711324794218,31.827946241013706,0.832993071526289,True,
6303,onnx_model_060,measure,31.827087369791172,31.827471919823438,31.828384103719145,0.9121838957071304,True,
6304,onnx_model_091,measure,31.828084814200302,31.82847889373079,31.82939741993323,0.9185262024402618,True,
6305,onnx_model_061,measure,31.8402955122183,31.840637074783444,31.841605165041983,0.968090258538723,True,
6306,onnx_model_045,measure,31.842755072815343,31.843841766938567,31.844766033813357,0.9242668747901917,True,
6307,onnx_model_082,measure,31.844528716904435,31.844860823825,31.845768007915467,0.9071840904653072,True,
6308,onnx_model_033,measure,31.847646491922397,31.847989009693265,31.84882496902719,0.8359593339264393,True,
6309,onnx_model_030,measure,31.878479225228322,31.879052607808262,31.879996922798455,0.9443149901926517,True,
6310,onnx_model_086,measure,31.88647336534515,31.887313549872488,31.888356332667172,1.0427827946841717,True,
6311,onnx_model_074,measure,31.890437958963748,31.891676012892276,31.892650926019996,0.974913127720356,True,
6312,onnx_model_011,measure,31.892897990204926,31.893908195663244,31.895016822963953,1.108627300709486,True,
6313,onnx_model_061,measure,31.893723115838718,31.894085332751274,31.895136490929872,1.0511581785976887,True,
6314,onnx_model_041,measure,31.8995857381639,31.90036537963897,31.901279487647116,0.914108008146286,True,
6315,onnx_model_047,measure,31.90193109014411,31.90250104991719,31.90350799402222,1.0069441050291061,True,
6316,onnx_model_038,measure,31.919669841933576,31.92074384680018,31.9215984409675,0.8545941673219204,True,
6317,onnx_model_053,measure,31.929342929396817,31.929859664756805,31.930818957742304,0.9592929854989052,True,
6318,onnx_model_023,measure,31.930334075621232,31.93091464973986,31.93184031965211,0.9256699122488499,True,
6319,onnx_model_053,measure,31.939193985802135,31.940061456989497,31.94123341469094,1.1719577014446259,True,
6320,onnx_model_067,measure,31.95760667535643,31.95853153569624,31.95968328602612,1.1517503298819065,True,
6321,onnx_model_096,measure,31.9619851208334,31.963023365009576,31.96408331859857,1.0599535889923573,True,
6322,onnx_model_007,measure,31.96444260374158,31.965385243762285,31.96638702787459,1.001784112304449,True,
6323,onnx_model_071,measure,31.975875434798056,31.97668960178271,31.977859645616263,1.170043833553791,True,
6324,onnx_model_096,measure,31.976195071140374,31.976888950914145,31.977978772949427,1.0898220352828503,True,
6325,onnx_model_052,measure,31.980968186322112,31.98121699783951,31.982294575776905,1.0775779373943806,True,
6326,onnx_model_043,measure,31.98107430955634,31.98138848366216,31.98244446096942,1.0559773072600365,True,
6327,onnx_model_095,measure,31.98398375164285,31.98468424892053,31.98558140359819,0.8971546776592731,True,
6328,onnx_model_022,measure,31.985294906912234,31.98569610202685,31.986635978799313,0.9398767724633217,True,
6329,onnx_model_074,measure,31.995957119048473,31.99686310859397,31.997695340774953,0.8322321809828281,True,
6330,onnx_model_021,measure,31.998433916905576,31.99893078999594,31.99977215891704,0.8413689211010933,True,
6331,onnx_model_072,measure,32.01608146512795,32.016997060738504,32.01781344274059,0.8163820020854473,True,
6332,onnx_model_017,measure,32.0273810381574,32.02803842863068,32.02897779503837,0.9393664076924324,True,
6333,onnx_model_091,measure,32.03901619542158,32.04027674300596,32.041225966997445,0.9492239914834499,True,
6334,onnx_model_063,measure,32.04376380161166,32.044532221741974,32.04552576970309,0.9935479611158371,True,
6335,onnx_model_055,measure,32.048103808938734,32.048810864798725,32.049600465688854,0.7896008901298046,True,
6336,onnx_model_067,measure,32.059834867548126,32.06086584972218,32.06171697797254,0.8511282503604889,True,
6337,onnx_model_076,measure,32.06363875016457,32.06394949089736,32.0648733866401,0.9238957427442074,True,
6338,onnx_model_089,measure,32.06365099703412,32.064120365772396,32.065019805915654,0.8994401432573795,True,
6339,onnx_model_032,measure,32.07088904045044,32.07124332571402,32.072080155834556,0.8368301205337048,True,
6340,onnx_model_081,measure,32.07420845441964,32.07531095761806,32.076278927735984,0.9679701179265976,True,
6341,onnx_model_015,measure,32.0745964907679,32.07547449879348,32.07642487483099,0.9503760375082493,True,
6342,onnx_model_087,measure,32.07952847886896,32.080665034707636,32.081457040738314,0.7920060306787491,True,
6343,onnx_model_094,measure,32.09351039640965,32.09569556592032,32.09663503197953,0.9394660592079163,True,
6344,onnx_model_040,measure,32.095632778065124,32.09605784481391,32.09711871063337,1.0608658194541931,True,
6345,onnx_model_029,measure,32.096314989470535,32.09673308767378,32.0974993146956,0.7662270218133926,True,
6346,onnx_model_099,measure,32.09853161166871,32.099790098611265,32.10055034374818,0.7602451369166374,True,
6347,onnx_model_084,measure,32.10041505119982,32.10070147179067,32.10152669996023,0.8252281695604324,True,
6348,onnx_model_020,measure,32.10623090163102,32.106749237980694,32.10754955885932,0.8003208786249161,True,
6349,onnx_model_048,measure,32.112747426955444,32.11376839969307,32.11462878482416,0.8603851310908794,True,
6350,onnx_model_038,measure,32.129000623046025,32.129850529599935,32.130713279824704,0.8627502247691154,True,
6351,onnx_model_052,measure,32.13763053718758,32.13794430484995,32.13883752282709,0.8932179771363735,True,
6352,onnx_model_048,measure,32.14042361462829,32.14105731295422,32.14182398002595,0.7666670717298985,True,
6353,onnx_model_006,measure,32.14536047701741,32.14604721777141,32.146815788932145,0.7685711607336998,True,
6354,onnx_model_010,measure,32.148199456099974,32.1490367599763,32.14986868202686,0.8319220505654812,True,
6355,onnx_model_000,measure,32.14974383962696,32.14999951981008,32.15073651075363,0.7369909435510635,True,
6356,onnx_model_049,measure,32.15220541503069,32.15295622078702,32.153710033744574,0.7538129575550556,True,
6357,onnx_model_070,measure,32.15438021154555,32.15492922067642,32.15567687200382,0.7476513274013996,True,
6358,onnx_model_015,measure,32.15553423778204,32.15580752072856,32.15651805093512,0.7105302065610886,True,
6359,onnx_model_005,measure,32.157473399305424,32.15774538367987,32.158490660600364,0.7452769204974174,True,
6360,onnx_model_079,measure,32.1586698461351,32.15971918590367,32.16050126263872,0.7820767350494862,True,
6361,onnx_model_010,measure,32.16169668967669,32.16273726290092,32.16364985797554,0.9125950746238232,True,
6362,onnx_model_002,measure,32.16239613971079,32.1628990508616,32.1637810068205,0.8819559589028358,True,
6363,onnx_model_007,measure,32.164282888655734,32.164999132975936,32.165666291024536,0.6671580485999584,True,
6364,onnx_model_041,measure,32.16556408943937,32.16581360064447,32.16647689184174,0.663291197270155,True,
6365,onnx_model_072,measure,32.1708266077429,32.1717155398801,32.17241847561672,0.7029357366263866,True,
6366,onnx_model_010,measure,32.18594492455559,32.18665768299252,32.187484443653375,0.8267606608569622,True,
6367,onnx_model_011,measure,32.189017068887026,32.18972342973575,32.19053104473278,0.8076149970293045,True,
6368,onnx_model_002,measure,32.19166007965775,32.19275891967118,32.1936635999009,0.9046802297234535,True,
6369,onnx_model_016,measure,32.19257013563943,32.192918923683465,32.193780933041126,0.8620093576610088,True,
6370,onnx_model_000,measure,32.19716268683491,32.19800611399114,32.19882411882281,0.8180048316717148,True,
6371,onnx_model_049,measure,32.19752584612405,32.19816807191819,32.198949246667325,0.7811747491359711,True,
6372,onnx_model_042,measure,32.199089690306884,32.20016524894163,32.200915744993836,0.7504960522055626,True,
6373,onnx_model_083,measure,32.20119136200213,32.20213384088129,32.202803623862565,0.6697829812765121,True,
6374,onnx_model_072,measure,32.20462240964951,32.20503534562886,32.20578378904611,0.7484434172511101,True,
6375,onnx_model_031,measure,32.209926847738686,32.21100384090096,32.21168327284977,0.6794319488108158,True,
6376,onnx_model_049,measure,32.21338330699414,32.21391357202083,32.21463494282216,0.7213708013296127,True,
6377,onnx_model_091,measure,32.2211607446258,32.22187787061557,32.22278590686619,0.9080362506210804,True,
6378,onnx_model_084,measure,32.22149652362962,32.22204417688772,32.22300026472658,0.956087838858366,True,
6379,onnx_model_021,measure,32.225489296126376,32.22622006479651,32.22697145259008,0.7513877935707569,True,
6380,onnx_model_049,measure,32.23354014318628,32.234321624971926,32.235247113741934,0.9254887700080872,True,
6381,onnx_model_005,measure,32.24910655905707,32.249553308822215,32.250491973012686,0.9386641904711723,True,
6382,onnx_model_038,measure,32.25170010288972,32.25282635958865,32.2537125647068,0.886205118149519,True,
6383,onnx_model_005,measure,32.25399092628842,32.25501512084156,32.2559536146,0.9384937584400177,True,
6384,onnx_model_079,measure,32.269793833783176,32.27025623200461,32.2711331686005,0.8769365958869457,True,
6385,onnx_model_020,measure,32.279130015458904,32.279436932876706,32.2803626130335,0.9256801567971706,True,
6386,onnx_model_011,measure,32.28041342943102,32.28168063797057,32.282870589755476,1.1899517849087715,True,
6387,onnx_model_022,measure,32.28128182372429,32.281868354883045,32.282920023892075,1.0516690090298653,True,
6388,onnx_model_041,measure,32.281993541604,32.282332616858184,32.2834363556467,1.1037387885153294,True,
6389,onnx_model_096,measure,32.28263781462352,32.28305314667523,32.28410236071795,1.0492140427231789,True,
6390,onnx_model_092,measure,32.283803250351106,32.284212570637465,32.28529102075845,1.078450120985508,True,
6391,onnx_model_091,measure,32.28394807826411,32.284390047658235,32.28542761085555,1.0375631973147392,True,
6392,onnx_model_096,measure,32.293083967020195,32.29374108277261,32.294477592688054,0.7365099154412746,True,
6393,onnx_model_016,measure,32.29949904621848,32.300796834751964,32.30197573592886,1.1789011768996716,True,
6394,onnx_model_039,measure,32.30037728340961,32.30098037375137,32.30202845670283,1.0480829514563084,True,
6395,onnx_model_039,measure,32.30288239262462,32.303221113979816,32.30400355067104,0.782436691224575,True,
6396,onnx_model_054,measure,32.31884561544519,32.319303513970226,32.3202950488776,0.9915349073708057,True,
6397,onnx_model_084,measure,32.320303628286766,32.320471613667905,32.321355894673616,0.8842810057103634,True,
6398,onnx_model_016,measure,32.34337892543428,32.344694608822465,32.34589719492942,1.202586106956005,True,
6399,onnx_model_014,measure,32.34379603384913,32.344884279649705,32.34606675663963,1.1824769899249077,True,
6400,onnx_model_018,measure,32.34404581425438,32.34503776067868,32.346107865683734,1.070105005055666,True,
6401,onnx_model_040,measure,32.34636471123506,32.347414057701826,32.34844501782209,1.0309601202607155,True,
6402,onnx_model_051,measure,32.34831351482009,32.34864125074819,32.349563874769956,0.92262402176857,True,
6403,onnx_model_057,measure,32.369385647260295,32.36987206758931,32.370976246893406,1.1041793040931225,True,
6404,onnx_model_036,measure,32.37352150523131,32.37422971101478,32.37517921580002,0.9495047852396965,True,
6405,onnx_model_083,measure,32.375215601019576,32.376409764867276,32.377265200950205,0.8554360829293728,True,
6406,onnx_model_003,measure,32.385583397317355,32.38749384460971,32.388317700941116,0.8238563314080238,True,
6407,onnx_model_011,measure,32.39020308501047,32.390542909968644,32.39138369867578,0.8407887071371078,True,
6408,onnx_model_066,measure,32.393275308791715,32.393606944940984,32.39444369496778,0.8367500267922878,True,
6409,onnx_model_049,measure,32.40359432430381,32.40468377992511,32.40550925862044,0.825478695333004,True,
6410,onnx_model_014,measure,32.4060307771172,32.40673772385344,32.40749421203509,0.7564881816506386,True,
6411,onnx_model_019,measure,32.409753130466356,32.41073061386123,32.41162566561252,0.8950517512857914,True,
6412,onnx_model_098,measure,32.41535636701182,32.41585134761408,32.41669456101954,0.8432134054601192,True,
6413,onnx_model_001,measure,32.42340461059869,32.42392581701279,32.42485298868269,0.9271716699004173,True,
6414,onnx_model_002,measure,32.423558259882185,32.42408678261563,32.42504299990833,0.9562172926962376,True,
6415,onnx_model_052,measure,32.432186562502864,32.43326458800584,32.43421548558399,0.950897578150034,True,
6416,onnx_model_098,measure,32.43349566671118,32.43431139783934,32.43522210884839,0.910711009055376,True,
6417,onnx_model_029,measure,32.4355204963994,32.43643969390541,32.43728311685845,0.8434229530394077,True,
6418,onnx_model_017,measure,32.43882621853084,32.43950268579647,32.44036418385804,0.8614980615675449,True,
6419,onnx_model_078,measure,32.44789425455288,32.4485856317915,32.44952077884227,0.935147050768137,True,
6420,onnx_model_043,measure,32.460441648917154,32.4607640709728,32.46196915162727,1.2050806544721127,True,
6421,onnx_model_090,measure,32.46058656051939,32.460925958584994,32.462079270742834,1.1533121578395367,True,
6422,onnx_model_018,measure,32.464182374667324,32.46530046360567,32.46622662479058,0.9261611849069595,True,
6423,onnx_model_017,measure,32.47321112682613,32.47344804182649,32.47435520589352,0.907164067029953,True,
6424,onnx_model_048,measure,32.47581128118025,32.47657865192741,32.47741968091577,0.8410289883613586,True,
6425,onnx_model_037,measure,32.478965220536764,32.47965502971783,32.48050982458517,0.85479486733675,True,
6426,onnx_model_068,measure,32.480371310157096,32.48066041059792,32.48150180093944,0.8413903415203094,True,
6427,onnx_model_088,measure,32.488401436128555,32.488734719809145,32.489652203861624,0.9174840524792671,True,
6428,onnx_model_094,measure,32.5163929986514,32.51696068281308,32.51804087590426,1.0801930911839008,True,
6429,onnx_model_098,measure,32.52112242747973,32.52234777295962,32.52346699079499,1.119217835366726,True,
6430,onnx_model_000,measure,32.522319133734236,32.52277109771967,32.523820522706956,1.0494249872863293,True,
6431,onnx_model_029,measure,32.53967384743647,32.540120407007635,32.54121324373409,1.0928367264568806,True,
6432,onnx_model_032,measure,32.547272066475166,32.548521575983614,32.5496427170001,1.1211410164833069,True,
6433,onnx_model_067,measure,32.55238409608656,32.55295077478513,32.55405495362356,1.1041788384318352,True,
6434,onnx_model_095,measure,32.55439260621173,32.55536165786907,32.556324056815356,0.9623989462852478,True,
6435,onnx_model_025,measure,32.555807044012525,32.55642946762964,32.557373131625354,0.9436639957129955,True,
6436,onnx_model_085,measure,32.56335974902781,32.563624534755945,32.564525657799095,0.9011230431497097,True,
6437,onnx_model_085,measure,32.56789364223135,32.56881946977228,32.570015953853726,1.1964840814471245,True,
6438,onnx_model_058,measure,32.568438576530575,32.56899875961244,32.570534308906645,1.5355492942035198,True,
6439,onnx_model_079,measure,32.56859539009632,32.56914944667369,32.57058849185705,1.4390451833605766,True,
6440,onnx_model_089,measure,32.569627602029755,32.57013806561008,32.57100530480966,0.867239199578762,True,
6441,onnx_model_003,measure,32.58608638648302,32.58723220974207,32.58822730090469,0.995091162621975,True,
6442,onnx_model_031,measure,32.592191873882264,32.59245704067871,32.59338907292113,0.9320322424173355,True,
6443,onnx_model_068,measure,32.592794494442856,32.59348805062473,32.5944546489045,0.966598279774189,True,
6444,onnx_model_032,measure,32.593696714447795,32.59389461390674,32.59463691478595,0.7423008792102337,True,
6445,onnx_model_045,measure,32.601444284680426,32.60186880175024,32.60272510861978,0.8563068695366383,True,
6446,onnx_model_061,measure,32.61500714078739,32.61695915600285,32.617975507862866,1.0163518600165844,True,
6447,onnx_model_037,measure,32.61793540728577,32.618126154877245,32.61903372965753,0.9075747802853584,True,
6448,onnx_model_058,measure,32.62325443680219,32.62425623694435,32.62516599660739,0.9097596630454063,True,
6449,onnx_model_040,measure,32.62873512544447,32.62938513699919,32.630234200973064,0.8490639738738537,True,
6450,onnx_model_028,measure,32.63314248915595,32.633455995004624,32.63429356692359,0.837571918964386,True,
6451,onnx_model_027,measure,32.6357673670087,32.636517483741045,32.63737564580515,0.8581620641052723,True,
6452,onnx_model_059,measure,32.6478516027282,32.6486038886942,32.649584892671555,0.9810039773583412,True,
6453,onnx_model_053,measure,32.65057089264497,32.65077348286286,32.65156429586932,0.7908130064606667,True,
6454,onnx_model_025,measure,32.65783925261562,32.658796614035964,32.659691805019975,0.8951909840106964,True,
6455,onnx_model_002,measure,32.65994958111513,32.660909689962864,32.66166889388114,0.7592039182782173,True,
6456,onnx_model_009,measure,32.66989969050925,32.67189124459401,32.67276954371482,0.8782991208136082,True,
6457,onnx_model_060,measure,32.68420849253677,32.6850764779374,32.686176558956504,1.100081019103527,True,
6458,onnx_model_066,measure,32.68436788282729,32.68526963470504,32.68631478166208,1.045146957039833,True,
6459,onnx_model_028,measure,32.68909035826826,32.68956615263596,32.690686171874404,1.1200192384421825,True,
6460,onnx_model_032,measure,32.69784343921734,32.69893774576485,32.700357164721936,1.4194189570844173,True,
6461,onnx_model_057,measure,32.69794967921639,32.699116305913776,32.70021108677611,1.0947808623313904,True,
6462,onnx_model_011,measure,32.70270276374946,32.70358620304614,32.70445751864463,0.871315598487854,True,
6463,onnx_model_038,measure,32.709892444479266,32.71070761885494,32.711510214954615,0.8025960996747017,True,
6464,onnx_model_005,measure,32.71068625682096,32.711091328877956,32.711883494630456,0.7921657525002956,True,
6465,onnx_model_099,measure,32.71600021118749,32.71712171193212,32.717958332039416,0.836620107293129,True,
6466,onnx_model_032,measure,32.72475511830072,32.72518371697515,32.72611101903021,0.9273020550608635,True,
6467,onnx_model_057,measure,32.7381995008965,32.740332572720945,32.74130897875875,0.9764060378074646,True,
6468,onnx_model_057,measure,32.74059346288814,32.74140598298982,32.74229845870286,0.892475713044405,True,
6469,onnx_model_093,measure,32.74359758237531,32.74452217575163,32.74542834889144,0.9061731398105621,True,
6470,onnx_model_076,measure,32.74536454303156,32.74557477701455,32.74662454193458,1.049764920026064,True,
6471,onnx_model_052,measure,32.746045182304094,32.74672232801095,32.74773949198425,1.017163973301649,True,
6472,onnx_model_032,measure,32.7532679294577,32.75396133866161,32.75497964397073,1.0183053091168404,True,
6473,onnx_model_062,measure,32.754607284547134,32.75507607776672,32.75609574560076,1.0196678340435028,True,
6474,onnx_model_051,measure,32.763999410561205,32.76432621059939,32.7653163629584,0.9901523590087891,True,
6475,onnx_model_066,measure,32.76764002436528,32.76853538164869,32.76951321074739,0.977829098701477,True,
6476,onnx_model_074,measure,32.774970378490636,32.77574416482821,32.77668955177069,0.9453869424760342,True,
6477,onnx_model_069,measure,32.77938974202995,32.77991072461009,32.78085963893682,0.9489143267273903,True,
6478,onnx_model_025,measure,32.7835864075007,32.78407998988405,32.78493067668751,0.8506868034601212,True,
6479,onnx_model_075,measure,32.787015021582945,32.78815035801381,32.78891815664247,0.7677986286580563,True,
6480,onnx_model_020,measure,32.79278506634131,32.79314018180594,32.793940372765064,0.8001909591257572,True,
6481,onnx_model_056,measure,32.797565305124515,32.79819064261392,32.79901161277667,0.8209701627492905,True,
6482,onnx_model_034,measure,32.80459960529474,32.80523804901168,32.805991461034864,0.7534120231866837,True,
6483,onnx_model_011,measure,32.80780384479571,32.808220577891916,32.80914042703807,0.9198491461575031,True,
6484,onnx_model_016,measure,32.80807150588783,32.80838795565069,32.80932336393744,0.9354082867503166,True,
6485,onnx_model_041,measure,32.81054571918138,32.81155192060396,32.8124687327072,0.916812103241682,True,
6486,onnx_model_008,measure,32.82303249198044,32.823760407045484,32.8247125367634,0.9521297179162502,True,
6487,onnx_model_079,measure,32.83732653456182,32.83893910981715,32.84028326487169,1.344155054539442,True,
6488,onnx_model_073,measure,32.84287962122964,32.84351334488019,32.84443634888157,0.9230040013790131,True,
6489,onnx_model_031,measure,32.84727549422907,32.847682680003345,32.84868777077645,1.0050907731056213,True,
6490,onnx_model_034,measure,32.847506382898075,32.84785013785586,32.84881660575047,0.9664678946137428,True,
6491,onnx_model_071,measure,32.856138816720474,32.85703781293705,32.85794446570799,0.9066527709364891,True,
6492,onnx_model_082,measure,32.857031428225575,32.85740947863087,32.85839836858213,0.9888899512588978,True,
6493,onnx_model_063,measure,32.85934330795882,32.85962896794081,32.86049510492012,0.8661369793117046,True,
6494,onnx_model_047,measure,32.863949455330825,32.86472892295569,32.865559400990605,0.8304780349135399,True,
6495,onnx_model_055,measure,32.869320277498886,32.86984515795484,32.870697948616,0.8527906611561775,True,
6496,onnx_model_097,measure,32.88100043697441,32.881931812968105,32.8828177168034,0.8859038352966309,True,
6497,onnx_model_068,measure,32.901840297091546,32.90304514672607,32.90390711463988,0.8619679138064384,True,
6498,onnx_model_014,measure,32.90425520373706,32.90512885665521,32.90603273594752,0.9038792923092842,True,
6499,onnx_model_028,measure,32.906355228771304,32.90731713688001,32.90826437762007,0.9472407400608063,True,
6500,onnx_model_017,measure,32.90795921685077,32.90837850468233,32.909184937831014,0.8064331486821175,True,
6501,onnx_model_090,measure,32.91439093982948,32.9154217527248,32.91628695791587,0.8652051910758018,True,
6502,onnx_model_060,measure,32.929372189768785,32.930527716875076,32.93176969792694,1.2419810518622398,True,
6503,onnx_model_015,measure,32.93005262465617,32.93072184594348,32.93190224003047,1.1803940869867802,True,
6504,onnx_model_064,measure,32.93037440861531,32.930876028724015,32.932023650966585,1.1476222425699234,True,
6505,onnx_model_085,measure,32.94577719677953,32.94624777883291,32.947085961699486,0.8381828665733337,True,
6506,onnx_model_054,measure,32.95065951006657,32.95131147373468,32.952183611691,0.8721379563212395,True,
6507,onnx_model_032,measure,32.95540046581346,32.95640789158642,32.957232689950615,0.8247983641922474,True,
6508,onnx_model_005,measure,32.95924677132133,32.96055249962956,32.9613999905996,0.8474909700453281,True,
6509,onnx_model_081,measure,32.96626433461095,32.96664555184543,32.967468556948006,0.8230051025748253,True,
6510,onnx_model_058,measure,32.97896310223227,32.97972632665187,32.980646405834705,0.9200791828334332,True,
6511,onnx_model_009,measure,32.98360964472944,32.983871035743505,32.98464929498732,0.7782592438161373,True,
6512,onnx_model_005,measure,33.00208317133997,33.003951956983656,33.00496369972825,1.0117427445948124,True,
6513,onnx_model_081,measure,33.00753438943553,33.00826961360872,33.009309289976954,1.0396763682365417,True,
6514,onnx_model_018,measure,33.009600201405384,33.0106398887001,33.01167272264138,1.0328339412808418,True,
6515,onnx_model_074,measure,33.01816257851651,33.01898497203365,33.0201131766662,1.128204632550478,True,
6516,onnx_model_062,measure,33.01835855670965,33.019173179753125,33.020169503986835,0.9963242337107658,True,
6517,onnx_model_052,measure,33.027293023066385,33.02847406966612,33.02972975699231,1.2556873261928558,True,
6518,onnx_model_045,measure,33.02816050103528,33.02868413878605,33.02978295786306,1.098819077014923,True,
6519,onnx_model_001,measure,33.05037418189583,33.051057437900454,33.05211113067344,1.0536927729845047,True,
6520,onnx_model_026,measure,33.05501959791946,33.055348293855786,33.05637075798586,1.0224641300737858,True,
6521,onnx_model_018,measure,33.05711456306241,33.05760511383414,33.058704593684524,1.0994798503816128,True,
6522,onnx_model_010,measure,33.05744702127828,33.057793942745775,33.05895465891808,1.1607161723077297,True,
6523,onnx_model_008,measure,33.06471033554704,33.0651794616133,33.0661532827653,0.9738211520016193,True,
6524,onnx_model_035,measure,33.065656573204656,33.06625179992989,33.067127003800124,0.8752038702368736,True,
6525,onnx_model_091,measure,33.068534235599216,33.06935505894944,33.0702096526511,0.8545937016606331,True,
6526,onnx_model_045,measure,33.07296094840731,33.07343411259353,33.07426875876263,0.8346461690962315,True,
6527,onnx_model_018,measure,33.07836233929505,33.07949398178607,33.08020592480898,0.7119430229067802,True,
6528,onnx_model_024,measure,33.0802116606841,33.080353955738246,33.08105273498222,0.6987792439758778,True,
6529,onnx_model_059,measure,33.08567642818672,33.086274339817464,33.08699089195579,0.7165521383285522,True,
6530,onnx_model_035,measure,33.092228798817644,33.093214662745595,33.093892079778016,0.6774170324206352,True,
6531,onnx_model_078,measure,33.10637788746429,33.108142317738384,33.1094979448244,1.3556270860135555,True,
6532,onnx_model_056,measure,33.107334488379394,33.10831037769094,33.109382334630936,1.0719569399952888,True,
6533,onnx_model_049,measure,33.10962717289962,33.11074454477057,33.11166668776423,0.922142993658781,True,
6534,onnx_model_022,measure,33.11803715458574,33.11890029767528,33.11986703472212,0.9667370468378067,True,
6535,onnx_model_036,measure,33.12282378414315,33.123090081848204,33.12398913083598,0.899048987776041,True,
6536,onnx_model_056,measure,33.126450178957754,33.12722710566595,33.12820725888014,0.98015321418643,True,
6537,onnx_model_060,measure,33.12815029197207,33.128354157786816,33.129253286868334,0.899129081517458,True,
6538,onnx_model_003,measure,33.12863628588922,33.129348958842456,33.130313662812114,0.9647039696574211,True,
6539,onnx_model_090,measure,33.13146456302624,33.132532259915024,33.13343424489722,0.9019849821925163,True,
6540,onnx_model_027,measure,33.13961927976281,33.14068849384785,33.14158808393404,0.8995900861918926,True,
6541,onnx_model_020,measure,33.167542022053325,33.168825989589095,33.1700245779939,1.1985884048044682,True,
6542,onnx_model_071,measure,33.16776192880823,33.16899027163163,33.170169663615525,1.179391983896494,True,
6543,onnx_model_046,measure,33.16888802726093,33.16942296363413,33.17046331195161,1.0403483174741268,True,
6544,onnx_model_040,measure,33.17282733651589,33.17371460190043,33.174649288877845,0.9346869774162769,True,
6545,onnx_model_023,measure,33.178740427693484,33.17987309861928,33.18080358672887,0.930488109588623,True,
6546,onnx_model_006,measure,33.18121088285558,33.18202218366787,33.182890774682164,0.8685910142958164,True,
6547,onnx_model_085,measure,33.188515306483424,33.1891088639386,33.18990097986534,0.7921159267425537,True,
6548,onnx_model_070,measure,33.19160864328878,33.192119476851076,33.19291519979015,0.7957229390740395,True,
6549,onnx_model_072,measure,33.20290908600718,33.20316839963198,33.203992686700076,0.8242870680987835,True,
6550,onnx_model_084,measure,33.20973941881145,33.2102157860063,33.21094154473394,0.7257587276399136,True,
6551,onnx_model_098,measure,33.212873994268804,33.21316329902038,33.213914626743644,0.7513277232646942,True,
6552,onnx_model_097,measure,33.224955318221774,33.22613747091964,33.22704546665773,0.9079957380890846,True,
6553,onnx_model_053,measure,33.226640102232444,33.227145115844905,33.227783389855176,0.638274010270834,True,
6554,onnx_model_017,measure,33.228807129513584,33.22992047201842,33.2303676516749,0.4471796564757824,True,
6555,onnx_model_030,measure,33.243112590240365,33.24453670484945,33.24500446394086,0.4677590914070606,True,
6556,onnx_model_026,measure,33.24646648685704,33.247160942759365,33.24759525898844,0.4343162290751934,True,
6557,onnx_model_010,measure,33.24932499148884,33.249749874696136,33.250157018657774,0.4071439616382122,True,
6558,onnx_model_037,measure,33.264498268338485,33.26537255104631,33.26611670572311,0.7441546767950058,True,
6559,onnx_model_029,measure,33.268642687138694,33.26933812862262,33.27001860272139,0.6804740987718105,True,
6560,onnx_model_032,measure,33.27235626705827,33.27324209967628,33.27415381278843,0.9117131121456623,True,
6561,onnx_model_057,measure,33.272390423481134,33.27339879795909,33.27457624580711,1.177447848021984,True,
6562,onnx_model_061,measure,33.27389852189508,33.274249805603176,33.27484727092087,0.5974653176963329,True,
6563,onnx_model_058,measure,33.27821841221502,33.279084014706314,33.27996752364561,0.8835089392960072,True,
6564,onnx_model_015,measure,33.27865697826916,33.27925363695249,33.28009872371331,0.8450867608189583,True,
6565,onnx_model_041,measure,33.2903919834601,33.29133229702711,33.29204079369083,0.7084966637194157,True,
6566,onnx_model_013,measure,33.29431131251135,33.295288156718016,33.296030677855015,0.7425211369991302,True,
6567,onnx_model_026,measure,33.29791919387023,33.29826034558937,33.29899133602157,0.730990432202816,True,
6568,onnx_model_007,measure,33.29953358095303,33.30021928995848,33.30096938600764,0.7500960491597652,True,
6569,onnx_model_036,measure,33.30916762423822,33.311202737968415,33.31203048164025,0.8277436718344688,True,
6570,onnx_model_024,measure,33.30952540815227,33.31136758159846,33.312177690677345,0.8101090788841248,True,
6571,onnx_model_016,measure,33.312459738145236,33.313398321624845,33.314066492021084,0.6681703962385654,True,
6572,onnx_model_016,measure,33.315275886868434,33.31638383679092,33.31719400687143,0.8101700805127621,True,
6573,onnx_model_078,measure,33.32330162611283,33.32443360798061,33.325136073864996,0.7024658843874931,True,
6574,onnx_model_061,measure,33.3330789803165,33.33336096769199,33.33410404995084,0.7430822588503361,True,
6575,onnx_model_061,measure,33.33438314388288,33.33528149779886,33.335915913805366,0.6344160065054893,True,
6576,onnx_model_007,measure,33.34004731868407,33.34112956468016,33.34172187093645,0.5923062562942505,True,
6577,onnx_model_037,measure,33.34443639655421,33.34497314086184,33.34575381502509,0.7806741632521152,True,
6578,onnx_model_080,measure,33.3634458996283,33.365024575963616,33.365900159813464,0.8755838498473167,True,
6579,onnx_model_090,measure,33.36430646621804,33.36520214378834,33.36601700261235,0.8148588240146637,True,
6580,onnx_model_005,measure,33.36775410316664,33.36825074860826,33.369075004942715,0.8242563344538212,True,
6581,onnx_model_033,measure,33.36797515384941,33.36842070193961,33.369226122740656,0.8054208010435104,True,
6582,onnx_model_076,measure,33.37139827729903,33.372457755729556,33.37347475858405,1.0170028544962406,True,
6583,onnx_model_051,measure,33.37203780468981,33.37263913964853,33.37352137686685,0.8822372183203697,True,
6584,onnx_model_002,measure,33.378382655052306,33.37876334087923,33.37955796159804,0.794620718806982,True,
6585,onnx_model_011,measure,33.38037081030342,33.380767590831965,33.381475125905126,0.7075350731611252,True,
6586,onnx_model_038,measure,33.38584193474648,33.38672794075683,33.38745588483289,0.7279440760612488,True,
6587,onnx_model_056,measure,33.38764931984763,33.388685531914234,33.389409568626434,0.7240367121994495,True,
6588,onnx_model_054,measure,33.39053097824058,33.39164685085416,33.392450528685,0.8036778308451176,True,
6589,onnx_model_023,measure,33.39286272314318,33.39373748470098,33.394625432789326,0.8879480883479118,True,
6590,onnx_model_095,measure,33.39330138521649,33.39390666689724,33.3947438178584,0.8371509611606598,True,
6591,onnx_model_018,measure,33.40565273578953,33.405969115905464,33.40669821202755,0.7290961220860481,True,
6592,onnx_model_071,measure,33.415006029226234,33.41692958958447,33.41773530188948,0.8057123050093651,True,
6593,onnx_model_094,measure,33.41552710077077,33.41709551587701,33.41795608168468,0.8605658076703548,True,
6594,onnx_model_021,measure,33.420370251167476,33.42118939803913,33.42193252965808,0.7431316189467907,True,
6595,onnx_model_022,measure,33.421644930205105,33.42203089687973,33.42287656478584,0.8456679061055183,True,
6596,onnx_model_053,measure,33.42291286712949,33.42411010991782,33.424851027783006,0.7409178651869297,True,
6597,onnx_model_072,measure,33.42601141811058,33.42707422375679,33.42783289588988,0.7586721330881119,True,
6598,onnx_model_041,measure,33.430571026375794,33.43105316674337,33.431811147835106,0.7579810917377472,True,
6599,onnx_model_041,measure,33.43097603074762,33.43141156900674,33.43209493672475,0.6833677180111408,True,
6600,onnx_model_089,measure,33.43524969535772,33.43631676258519,33.4370665079914,0.7497454062104225,True,
6601,onnx_model_051,measure,33.43918110160595,33.440290555823594,33.44110424304381,0.8136872202157974,True,
6602,onnx_model_076,measure,33.44256312079597,33.443326697684824,33.44402254000306,0.6958423182368279,True,
6603,onnx_model_059,measure,33.446849197833586,33.447245796676725,33.44795561674982,0.7098200730979443,True,
6604,onnx_model_034,measure,33.449813848004645,33.450247121974826,33.45131799764931,1.0708756744861603,True,
6605,onnx_model_011,measure,33.45029750673146,33.450814300682396,33.45165428658947,0.8399859070777893,True,
6606,onnx_model_001,measure,33.45656882160981,33.456919334828854,33.45763590699062,0.7165721617639065,True,
6607,onnx_model_094,measure,33.45873271331636,33.45989066269249,33.46077248966321,0.8818269707262516,True,
6608,onnx_model_078,measure,33.45902916539023,33.46008612494916,33.46090290788561,0.8167829364538193,True,
6609,onnx_model_015,measure,33.46486488511724,33.465131185017526,33.46584719559178,0.7160105742514133,True,
6610,onnx_model_084,measure,33.46945618251564,33.470074521843344,33.47078676568344,0.712243840098381,True,
6611,onnx_model_041,measure,33.472424761666275,33.47301694471389,33.473969554994255,0.9526102803647518,True,
6612,onnx_model_061,measure,33.47285569290307,33.47324362490326,33.47412182483822,0.8781999349594116,True,
6613,onnx_model_025,measure,33.47416040412889,33.47534458898008,33.476123509928584,0.7789209485054016,True,
6614,onnx_model_063,measure,33.47552863182152,33.475738868582994,33.476390917785466,0.6520492024719715,True,
6615,onnx_model_072,measure,33.47787327073898,33.47863235883415,33.479336857795715,0.7044989615678787,True,
6616,onnx_model_095,measure,33.49685549831737,33.49859367264435,33.49936062004417,0.7669473998248577,True,
6617,onnx_model_024,measure,33.505972306981064,33.50659087393433,33.507303438615054,0.7125646807253361,True,
6618,onnx_model_081,measure,33.50887188124658,33.509534128941596,33.510674425866455,1.1402969248592854,True,
6619,onnx_model_041,measure,33.508990979048605,33.50971892988309,33.51053984090686,0.8209110237658024,True,
6620,onnx_model_019,measure,33.51295359586621,33.51392092788592,33.51485919067636,0.9382627904415131,True,
6621,onnx_model_047,measure,33.51332815643014,33.51408511959016,33.5149857616052,0.9006420150399208,True,
6622,onnx_model_041,measure,33.516208754915446,33.517205129843205,33.517969933804125,0.7648039609193802,True,
6623,onnx_model_000,measure,33.51712794137834,33.51756281964481,33.5182776786387,0.7148589938879013,True,
6624,onnx_model_009,measure,33.52184048883518,33.52251598471776,33.523180367890745,0.6643831729888916,True,
6625,onnx_model_096,measure,33.52559814215474,33.52640793379396,33.52735543483868,0.9475010447204113,True,
6626,onnx_model_062,measure,33.52611821091603,33.526569339912385,33.527465383987874,0.8960440754890442,True,
6627,onnx_model_042,measure,33.528245014811716,33.52869801688939,33.52943178080022,0.7337639108300209,True,
6628,onnx_model_060,measure,33.53627042699175,33.53667253488675,33.537629483733326,0.956948846578598,True,
6629,onnx_model_024,measure,33.544433752334,33.54485424794257,33.545566520653665,0.7122727110981941,True,
6630,onnx_model_003,measure,33.55134639696404,33.55178754683584,33.55268357973546,0.8960328996181488,True,
6631,onnx_model_032,measure,33.561325214079346,33.56291934661567,33.56393865402788,1.0193074122071266,True,
6632,onnx_model_033,measure,33.56198421404495,33.563086073845625,33.56405355269089,0.9674788452684879,True,
6633,onnx_model_047,measure,33.56574148181824,33.56630405085161,33.56705218274146,0.7481318898499012,True,
6634,onnx_model_078,measure,33.57010610918522,33.571279468014836,33.572147918865085,0.8684508502483368,True,
6635,onnx_model_031,measure,33.57326088799446,33.57436974160373,33.57509801676497,0.7282751612365246,True,
6636,onnx_model_056,measure,33.579661369044885,33.58032675599679,33.581335462629795,1.008706633001566,True,
6637,onnx_model_008,measure,33.58021533690914,33.5804858780466,33.58144923998043,0.9633619338274002,True,
6638,onnx_model_061,measure,33.59736847635882,33.59768595267087,33.59842205280438,0.7361001335084438,True,
6639,onnx_model_096,measure,33.59993560051557,33.600659284740686,33.60134044988081,0.6811651401221752,True,
6640,onnx_model_034,measure,33.60827531917728,33.60858313692734,33.609290822874755,0.7076859474182129,True,
6641,onnx_model_058,measure,33.611394906384184,33.6125157228671,33.613257001619786,0.7412787526845932,True,
6642,onnx_model_006,measure,33.622057232349285,33.62348206760362,33.62451205588877,1.0299882851541042,True,
6643,onnx_model_076,measure,33.62234526672081,33.623672920744866,33.6245582238771,0.8853031322360039,True,
6644,onnx_model_091,measure,33.62465458097929,33.625770347658545,33.6263930615969,0.6227139383554459,True,
6645,onnx_model_006,measure,33.630653962277165,33.631645805668086,33.63238266669214,0.7368610240519047,True,
6646,onnx_model_078,measure,33.639260993410545,33.6396041540429,33.640379186719656,0.775032676756382,True,
6647,onnx_model_098,measure,33.64582220562137,33.6466023568064,33.64740562392399,0.8032671175897121,True,
6648,onnx_model_037,measure,33.64793284119148,33.64863670384511,33.64931113598868,0.6744321435689926,True,
6649,onnx_model_019,measure,33.65348599503283,33.654534444678575,33.6555622080341,1.0277633555233479,True,
6650,onnx_model_099,measure,33.65441511546108,33.654733903706074,33.655693497974426,0.9595942683517933,True,
6651,onnx_model_010,measure,33.67488230442886,33.67593329073861,33.67676856787875,0.8352771401405334,True,
6652,onnx_model_072,measure,33.68097902097376,33.68199130566791,33.68275819392875,0.7668882608413696,True,
6653,onnx_model_071,measure,33.68372297017235,33.683977531734854,33.68481354089454,0.8360091596841812,True,
6654,onnx_model_099,measure,33.704943089429705,33.70603466872126,33.70685622096062,0.8215522393584251,True,
6655,onnx_model_084,measure,33.71137575233909,33.71207803674042,33.71289159404114,0.8135573007166386,True,
6656,onnx_model_027,measure,33.72767848489185,33.72815711097792,33.72916300268844,1.0058917105197906,True,
6657,onnx_model_071,measure,33.72803016581798,33.728333516046405,33.729286797810346,0.9532817639410496,True,
6658,onnx_model_074,measure,33.739779775181674,33.74055047892034,33.741580506786704,1.0300278663635254,True,
6659,onnx_model_011,measure,33.73990961228235,33.740755297709256,33.74174137273803,0.9860750287771225,True,
6660,onnx_model_053,measure,33.750584185644755,33.75196946458891,33.752811695914716,0.8422313258051872,True,
6661,onnx_model_070,measure,33.752316888436404,33.752907938789576,33.75369598669931,0.7880479097366333,True,
6662,onnx_model_057,measure,33.77265257959537,33.77292230259627,33.77382980892435,0.9075063280761242,True,
6663,onnx_model_061,measure,33.77338918735091,33.773924538865685,33.774658693932,0.7341550663113594,True,
6664,onnx_model_032,measure,33.77512592895623,33.77588152885437,33.776658094953746,0.7765660993754864,True,
6665,onnx_model_052,measure,33.78109257305095,33.78188268560916,33.78266977192834,0.7870863191783428,True,
6666,onnx_model_077,measure,33.78662241812605,33.78691374883056,33.78780823992565,0.8944910950958729,True,
6667,onnx_model_080,measure,33.79046366721784,33.79103066492826,33.79180864384398,0.777978915721178,True,
6668,onnx_model_024,measure,33.791108208831375,33.79139068862423,33.7921518557705,0.7611671462655067,True,
6669,onnx_model_068,measure,33.79406206248568,33.79437521286309,33.79512306395918,0.7478510960936546,True,
6670,onnx_model_064,measure,33.80101143311105,33.80134586291388,33.80298006860539,1.6342056915163994,True,
6671,onnx_model_013,measure,33.80429990801876,33.805205408949405,33.805993627756834,0.7882188074290752,True,
6672,onnx_model_088,measure,33.81071230777958,33.81121965171769,33.81202167598531,0.8020242676138878,True,
6673,onnx_model_046,measure,33.81446963272078,33.81525155575946,33.81614431273192,0.8927569724619389,True,
6674,onnx_model_022,measure,33.814770430838124,33.81541935401037,33.816297793760896,0.8784397505223751,True,
6675,onnx_model_041,measure,33.8214580983759,33.822525401599705,33.82324101170525,0.7156101055443287,True,
6676,onnx_model_022,measure,33.82301008188562,33.82333720475435,33.82417797297239,0.8407682180404663,True,
6677,onnx_model_061,measure,33.838148453520695,33.83839976694435,33.83915019361302,0.7504266686737537,True,
6678,onnx_model_064,measure,33.84119960767083,33.842375363688916,33.84319136478007,0.8160010911524296,True,
6679,onnx_model_041,measure,33.85949262988851,33.86042398167774,33.861104825977236,0.6808442994952202,True,
6680,onnx_model_039,measure,33.86203609304705,33.862321288790554,33.86309279501438,0.7715062238276005,True,
6681,onnx_model_019,measure,33.87148944715229,33.87332235975191,33.874328542966396,1.0061832144856453,True,
6682,onnx_model_076,measure,33.871939101573545,33.873485820833594,33.874828182626516,1.34236179292202,True,
6683,onnx_model_010,measure,33.87390280801852,33.87444471381605,33.87521052872762,0.7658149115741253,True,
6684,onnx_model_042,measure,33.87500936701495,33.87530500860885,33.876058641821146,0.7536332122981548,True,
6685,onnx_model_004,measure,33.878942763036,33.87928325077519,33.88022812688723,0.9448761120438576,True,
6686,onnx_model_079,measure,33.87899945821366,33.87944985786453,33.88029457302764,0.8447151631116867,True,
6687,onnx_model_013,measure,33.88292820903198,33.88351582689211,33.88426319696009,0.7473700679838657,True,
6688,onnx_model_059,measure,33.88417599840051,33.88440512679517,33.8851990760304,0.7939492352306843,True,
6689,onnx_model_008,measure,33.88528655195717,33.88641727203503,33.88712996663526,0.7126946002244949,True,
6690,onnx_model_075,measure,33.88748076174129,33.88834846299142,33.88907829998061,0.7298369891941547,True,
6691,onnx_model_029,measure,33.89053605330043,33.89130134601146,33.892074605915695,0.7732599042356014,True,
6692,onnx_model_009,measure,33.89828506575428,33.8993109408766,33.90002448670566,0.7135458290576935,True,
6693,onnx_model_062,measure,33.910514432951786,33.91125125763938,33.91202856460586,0.777306966483593,True,
6694,onnx_model_018,measure,33.91653719915703,33.917255139909685,33.91802904102951,0.7739011198282242,True,
6695,onnx_model_085,measure,33.91735482233069,33.91764103388414,33.91828599991277,0.6449660286307335,True,
6696,onnx_model_095,measure,33.92873997936534,33.92954222578555,33.9306082627736,1.0660369880497456,True,
6697,onnx_model_033,measure,33.9292480038153,33.929733058903366,33.93067650264129,0.943443737924099,True,
6698,onnx_model_035,measure,33.93282529570862,33.93390130158514,33.93469390878454,0.7926071994006634,True,
6699,onnx_model_031,measure,33.93996954503551,33.940918430686,33.941706428769976,0.7879980839788914,True,
6700,onnx_model_060,measure,33.949522443052125,33.9499575230293,33.95085297478363,0.8954517543315887,True,
6701,onnx_model_045,measure,33.950382790686255,33.950968344695866,33.95177288400009,0.8045393042266369,True,
6702,onnx_model_006,measure,33.962128200426264,33.962999052833766,33.963791188783944,0.7921359501779079,True,
6703,onnx_model_061,measure,33.97387943965447,33.9750454518944,33.9759105858393,0.8651339448988438,True,
6704,onnx_model_015,measure,33.974927610270235,33.975421676877886,33.9763600807637,0.9384038858115673,True,
6705,onnx_model_094,measure,33.98186613132409,33.98268518364057,33.98352177394554,0.8365903049707413,True,
6706,onnx_model_021,measure,33.98872856707369,33.989873056765646,33.99074030574411,0.8672489784657955,True,
6707,onnx_model_022,measure,33.99663721266072,33.99706808384508,33.997902038972825,0.8339551277458668,True,
6708,onnx_model_075,measure,34.00535219355115,34.006181937642395,34.006970536895096,0.7885992527008057,True,
6709,onnx_model_050,measure,34.015371882130204,34.017266938928515,34.01804863475263,0.7816958241164684,True,
6710,onnx_model_051,measure,34.03090779959103,34.03228948498145,34.03306252369657,0.7730387151241302,True,
6711,onnx_model_049,measure,34.03345032151616,34.03428964689374,34.03501873277128,0.7290858775377274,True,
6712,onnx_model_034,measure,34.0487513907396,34.04932354390621,34.050483017694205,1.1594737879931927,True,
6713,onnx_model_012,measure,34.04923440936118,34.04975907178596,34.05070752464235,0.9484528563916683,True,
6714,onnx_model_003,measure,34.04953826077735,34.04993242165074,34.050849835854024,0.917414203286171,True,
6715,onnx_model_053,measure,34.05719271490334,34.05815038271248,34.05896269669756,0.8123139850795269,True,
6716,onnx_model_030,measure,34.06797262790476,34.0692887250334,34.0703488397412,1.0601147077977657,True,
6717,onnx_model_041,measure,34.068716668162715,34.06947845593095,34.070403343997896,0.9248880669474602,True,
6718,onnx_model_049,measure,34.07945990110247,34.08073741802946,34.08197212498635,1.2347069568932056,True,
6719,onnx_model_011,measure,34.07998601139594,34.080928090028465,34.08262712974101,1.699039712548256,True,
6720,onnx_model_053,measure,34.080447095764725,34.0811151759699,34.08267956972122,1.5643937513232231,True,
6721,onnx_model_050,measure,34.08180236710731,34.08214646577835,34.08301933482289,0.8728690445423126,True,
6722,onnx_model_048,measure,34.08613577802369,34.087254996877164,34.08808211889118,0.827122014015913,True,
6723,onnx_model_094,measure,34.08652967015936,34.087425029836595,34.08825700171292,0.8319718763232231,True,
6724,onnx_model_019,measure,34.09138654388439,34.09251421364024,34.09330142987892,0.7872162386775017,True,
6725,onnx_model_091,measure,34.09516461460144,34.09552872367203,34.09643058758229,0.9018639102578163,True,
6726,onnx_model_042,measure,34.097827260484394,34.09869183693081,34.099469325039536,0.7774881087243557,True,
6727,onnx_model_046,measure,34.105432165523595,34.105730305891484,34.10647179465741,0.741488765925169,True,
6728,onnx_model_013,measure,34.10906490964015,34.10971492994577,34.110642774030566,0.9278440847992897,True,
6729,onnx_model_036,measure,34.109230935710855,34.109875845722854,34.110763212665915,0.8873669430613518,True,
6730,onnx_model_073,measure,34.11203357103282,34.11298506567255,34.113869967870414,0.8849021978676319,True,
6731,onnx_model_002,measure,34.11302257630899,34.11334454873577,34.11413160478696,0.7870560511946678,True,
6732,onnx_model_007,measure,34.11461355200144,34.11534803779796,34.116098613943905,0.7505761459469795,True,
6733,onnx_model_003,measure,34.126055303558104,34.12631901167333,34.1270417557098,0.7227440364658833,True,
6734,onnx_model_070,measure,34.12724240147564,34.1282612439245,34.12903487496078,0.7736310362815857,True,
6735,onnx_model_071,measure,34.13067648621938,34.13125599687919,34.13203049870208,0.7745018228888512,True,
6736,onnx_model_019,measure,34.13629641985625,34.137258756905794,34.137966031674296,0.7072747685015202,True,
6737,onnx_model_078,measure,34.1455010194029,34.14618818089366,34.14709528489038,0.9071039967238903,True,
6738,onnx_model_027,measure,34.14683190136415,34.14719111658633,34.14795129187405,0.7601752877235413,True,
6739,onnx_model_064,measure,34.14774497521913,34.14804625278339,34.148854648694396,0.8083959110081196,True,
6740,onnx_model_093,measure,34.15080168261852,34.15109318494797,34.151826228015125,0.7330430671572685,True,
6741,onnx_model_073,measure,34.156523142032434,34.157068251632154,34.15792723465711,0.8589830249547958,True,
6742,onnx_model_049,measure,34.15988160375686,34.16015179362148,34.160948417615145,0.7966239936649799,True,
6743,onnx_model_099,measure,34.16199350107155,34.163169589824975,34.1640734677203,0.9038778953254223,True,
6744,onnx_model_042,measure,34.17295179292083,34.17429871484637,34.17518197372556,0.8832588791847229,True,
6745,onnx_model_059,measure,34.175801694210975,34.17640518862754,34.177178849931806,0.7736613042652607,True,
6746,onnx_model_064,measure,34.177528748199194,34.17839772673324,34.17912240372971,0.7246769964694977,True,
6747,onnx_model_080,measure,34.18339149138033,34.18437608098611,34.185508923605084,1.132842618972063,True,
6748,onnx_model_045,measure,34.18379393718003,34.18457616074011,34.18555536167696,0.9792009368538857,True,
6749,onnx_model_083,measure,34.18770630362084,34.18878217600286,34.18966366164386,0.881485641002655,True,
6750,onnx_model_063,measure,34.18887370462993,34.18914792081341,34.1897935885936,0.6456677801907063,True,
6751,onnx_model_050,measure,34.192557778881,34.1930592157878,34.19388948380947,0.8302680216729641,True,
6752,onnx_model_061,measure,34.19859398649174,34.19911272265017,34.199924195650965,0.8114730007946491,True,
6753,onnx_model_080,measure,34.19933863455719,34.199521008878946,34.20019897771999,0.6779688410460949,True,
6754,onnx_model_012,measure,34.20149943580206,34.202438144013286,34.203200853895396,0.7627098821103573,True,
6755,onnx_model_060,measure,34.202393712986115,34.20282032992691,34.203487077727914,0.6667478010058403,True,
6756,onnx_model_063,measure,34.20479797122086,34.20572955068201,34.20658032782376,0.8507771417498589,True,
6757,onnx_model_025,measure,34.205204884678906,34.2058887029998,34.2067470648326,0.8583618327975273,True,
6758,onnx_model_078,measure,34.20947730125358,34.20996524160728,34.2106825360097,0.7172944024205208,True,
6759,onnx_model_055,measure,34.21570654885203,34.21692856773734,34.217699453700334,0.7708859629929066,True,
6760,onnx_model_065,measure,34.219612817430345,34.21992263989523,34.22079587960616,0.8732397109270096,True,
6761,onnx_model_007,measure,34.2302364876765,34.231025744695216,34.23211809201166,1.0923473164439201,True,
6762,onnx_model_046,measure,34.23089370104804,34.2312005776912,34.23216334776953,0.9627700783312321,True,
6763,onnx_model_059,measure,34.23301859349374,34.23338184366003,34.23406491195783,0.683068297803402,True,
6764,onnx_model_079,measure,34.234984624295926,34.2352863936685,34.23599051265046,0.7041189819574356,True,
6765,onnx_model_064,measure,34.242345051087604,34.243216417729855,34.24398529995233,0.7688822224736214,True,
6766,onnx_model_038,measure,34.24915148136652,34.25021079275757,34.25116956559941,0.9587728418409824,True,
6767,onnx_model_004,measure,34.24937390534003,34.25037449458614,34.25127935502678,0.9048604406416416,True,
6768,onnx_model_090,measure,34.26230290718483,34.263528008013964,34.264396267943084,0.8682599291205406,True,
6769,onnx_model_050,measure,34.26299098110825,34.26374086178839,34.26450258959085,0.7617278024554253,True,
6770,onnx_model_081,measure,34.2649477957516,34.26572965271771,34.26648572972044,0.7560770027339458,True,
6771,onnx_model_040,measure,34.28290053939779,34.28375373361632,34.28449926059693,0.7455269806087017,True,
6772,onnx_model_093,measure,34.291462238291444,34.291784058790654,34.29269940778613,0.9153489954769611,True,
6773,onnx_model_029,measure,34.291539439149226,34.29194711800665,34.292811140883714,0.8640228770673275,True,
6774,onnx_model_042,measure,34.31307440196798,34.31403350178152,34.31486939964816,0.8358978666365147,True,
6775,onnx_model_075,measure,34.323299207678765,34.325139672961086,34.32607405865565,0.9343856945633888,True,
6776,onnx_model_039,measure,34.324850022175774,34.32532768975943,34.32621028786525,0.8825981058180332,True,
6777,onnx_model_024,measure,34.33365103703398,34.334436223842204,34.33526047086343,0.824247021228075,True,
6778,onnx_model_061,measure,34.34049806732604,34.34148643584922,34.34237654786557,0.8901120163500309,True,
6779,onnx_model_063,measure,34.35268240268605,34.35364041896537,34.35445944592357,0.8190269581973553,True,
6780,onnx_model_008,measure,34.35621037420668,34.35670335078612,34.35753603372723,0.832682941108942,True,
6781,onnx_model_003,measure,34.357114252825426,34.35765445884317,34.35840167896822,0.7472201250493526,True,
6782,onnx_model_026,measure,34.3587686907887,34.35963666671887,34.360417059622705,0.7803929038345814,True,
6783,onnx_model_062,measure,34.36854014797483,34.37065747566521,34.37156070303172,0.9032273665070534,True,
6784,onnx_model_088,measure,34.37904833557344,34.37978585762903,34.38060253998265,0.8166823536157608,True,
6785,onnx_model_013,measure,34.38930621686003,34.39084819564596,34.39166916580871,0.8209701627492905,True,
6786,onnx_model_031,measure,34.39199243996529,34.39288851385936,34.393806628882885,0.9181150235235691,True,
6787,onnx_model_069,measure,34.39295636296874,34.393249820917845,34.3942647697404,1.0149488225579262,True,
6788,onnx_model_027,measure,34.39451284925328,34.39549872558564,34.396263058763,0.7643331773579121,True,
6789,onnx_model_058,measure,34.40761588533523,34.40848771575838,34.4092902620323,0.8025462739169598,True,
6790,onnx_model_048,measure,34.41547811234972,34.4165131310001,34.41730329301208,0.7901620119810104,True,
6791,onnx_model_061,measure,34.421677783726146,34.42252782359719,34.42328520398587,0.7573803886771202,True,
6792,onnx_model_076,measure,34.42715719130027,34.42751010460779,34.428343498613685,0.833394005894661,True,
6793,onnx_model_097,measure,34.4282331697316,34.4284872720018,34.42946160491556,0.9743329137563705,True,
6794,onnx_model_070,measure,34.431459782495736,34.43169881682843,34.432435346767306,0.7365299388766289,True,
6795,onnx_model_069,measure,34.43412707419475,34.434669443871826,34.43540256796405,0.7331240922212601,True,
6796,onnx_model_056,measure,34.44811822785445,34.44965289486572,34.450659377966076,1.0064831003546715,True,
6797,onnx_model_052,measure,34.449117966463305,34.449824621900916,34.45082428166643,0.9996597655117512,True,
6798,onnx_model_069,measure,34.4497864526142,34.450266781728715,34.450942527037114,0.6757453083992004,True,
6799,onnx_model_058,measure,34.45238966615924,34.453194146975875,34.45397049188614,0.7763449102640152,True,
6800,onnx_model_073,measure,34.456221594653776,34.45719961076975,34.457941620610654,0.7420098409056664,True,
6801,onnx_model_085,measure,34.45746023708887,34.45805172994733,34.45870313886553,0.6514089182019234,True,
6802,onnx_model_026,measure,34.46150091905121,34.46193346893415,34.46264284662902,0.7093776948750019,True,
6803,onnx_model_040,measure,34.472585559850344,34.47288675000891,34.473625022917986,0.7382729090750217,True,
6804,onnx_model_054,measure,34.47478705408868,34.475848419591784,34.47653244994581,0.6840303540229797,True,
6805,onnx_model_000,measure,34.47785439477415,34.47875730879605,34.47943844366819,0.6811348721385002,True,
6806,onnx_model_012,measure,34.479345320585054,34.47957969177514,34.480313195846975,0.7335040718317032,True,
6807,onnx_model_044,measure,34.48133582490087,34.48253512987867,34.48318152874708,0.6463988684117794,True,
6808,onnx_model_008,measure,34.4852408504191,34.48641194868833,34.4872357849963,0.8238363079726696,True,
6809,onnx_model_001,measure,34.48621035953144,34.486576491966844,34.4873833656311,0.8068736642599106,True,
6810,onnx_model_004,measure,34.48744772869681,34.488601200748235,34.489409416913986,0.8082161657512188,True,
6811,onnx_model_098,measure,34.50470595861512,34.505691858008504,34.50648983474821,0.7979767397046089,True,
6812,onnx_model_042,measure,34.513590836761416,34.51483690086752,34.515705591998994,0.8686911314725876,True,
6813,onnx_model_032,measure,34.52352696017273,34.52397720562294,34.52476102579385,0.7838201709091663,True,
6814,onnx_model_075,measure,34.52793302665341,34.52899351064116,34.52978828176856,0.7947711274027824,True,
6815,onnx_model_090,measure,34.52931250920829,34.52988823177293,34.53053774591535,0.6495141424238682,True,
6816,onnx_model_080,measure,34.53323125161676,34.53376658400521,34.53443316090852,0.6665769033133984,True,
6817,onnx_model_003,measure,34.53769295933185,34.5386729799211,34.53946693986654,0.7939599454402924,True,
6818,onnx_model_056,measure,34.541133940584835,34.54170293966308,34.54249171866104,0.7887789979577065,True,
6819,onnx_model_033,measure,34.558210727918606,34.55873947404325,34.55954838171601,0.8089076727628708,True,
6820,onnx_model_071,measure,34.558638482238116,34.55913438461721,34.55992886470631,0.7944800890982151,True,
6821,onnx_model_069,measure,34.570607517195675,34.57118490058929,34.571921510621905,0.7366100326180458,True,
6822,onnx_model_028,measure,34.57797061308583,34.57914731698111,34.57986958883703,0.7222718559205532,True,
6823,onnx_model_023,measure,34.58053696152588,34.58109604101628,34.58205372095108,0.9576799347996712,True,
6824,onnx_model_058,measure,34.58091111772909,34.58126013260335,34.58226882992312,1.0086973197758198,True,
6825,onnx_model_059,measure,34.582049798932125,34.58238164475188,34.58313329285011,0.7516480982303619,True,
6826,onnx_model_083,measure,34.61434450420218,34.61536010168493,34.61617674399167,0.8166423067450523,True,
6827,onnx_model_096,measure,34.624827832384035,34.626404916867614,34.627153609879315,0.748693011701107,True,
6828,onnx_model_038,measure,34.62843043601434,34.629404668696225,34.63059047283605,1.1858041398227215,True,
6829,onnx_model_024,measure,34.62867868925443,34.62957082502544,34.630689430981874,1.1186059564352036,True,
6830,onnx_model_057,measure,34.629243859096135,34.629757759626955,34.63072739262134,0.9696329943835735,True,
6831,onnx_model_096,measure,34.63158248724649,34.63196812197566,34.63298688782379,1.0187658481299877,True,
6832,onnx_model_020,measure,34.63169539610871,34.632132914848626,34.63293820573017,0.8052908815443516,True,
6833,onnx_model_012,measure,34.63228662087215,34.632585955783725,34.63336784159765,0.78188581392169,True,
6834,onnx_model_028,measure,34.63408661307193,34.634621636010706,34.63539874274284,0.7771067321300507,True,
6835,onnx_model_046,measure,34.6353040700262,34.63554256595671,34.63643973181024,0.8971658535301685,True,
6836,onnx_model_052,measure,34.63994498192089,34.6407027146779,34.641737862024456,1.0351473465561867,True,
6837,onnx_model_007,measure,34.64050093469216,34.64086918067187,34.64180497964844,0.9357989765703678,True,
6838,onnx_model_072,measure,34.641040708407644,34.64131556963548,34.64198359986767,0.6680302321910858,True,
6839,onnx_model_037,measure,34.64500129431267,34.64622770668939,34.64709160896018,0.8639022707939148,True,
6840,onnx_model_040,measure,34.64529898438215,34.64639529585838,34.647219602018595,0.8243061602115631,True,
6841,onnx_model_024,measure,34.655022680086084,34.65544723160565,34.65620767790824,0.7604463025927544,True,
6842,onnx_model_031,measure,34.65740216848306,34.65859297197312,34.659332687966526,0.7397159934043884,True,
6843,onnx_model_057,measure,34.672354157942614,34.67355945101008,34.674301320686936,0.7418696768581867,True,
6844,onnx_model_095,measure,34.68772692855256,34.68852549884468,34.6895575709641,1.0320721194148064,True,
6845,onnx_model_009,measure,34.68912321138296,34.68969002272934,34.69034738186747,0.6573591381311417,True,
6846,onnx_model_076,measure,34.70846015876727,34.70960823493078,34.71070402767509,1.09579274430871,True,
6847,onnx_model_099,measure,34.708689755845285,34.70979278581217,34.71081729279831,1.0245069861412048,True,
6848,onnx_model_095,measure,34.719589626771665,34.721047098748386,34.722090541850775,1.043443102389574,True,
6849,onnx_model_065,measure,34.719717545600716,34.7212127125822,34.72220307588577,0.9903633035719395,True,
6850,onnx_model_054,measure,34.727555986101834,34.728424932807684,34.72932123672217,0.8963039144873619,True,
6851,onnx_model_011,measure,34.72922456274433,34.72948398580775,34.73039696086198,0.9129750542342663,True,
6852,onnx_model_000,measure,34.73615034846847,34.73665247159079,34.737554726656526,0.9022550657391548,True,
6853,onnx_model_068,measure,34.737548595304396,34.73772301664576,34.73864172259346,0.9187059476971626,True,
6854,onnx_model_031,measure,34.74135505723662,34.7418667236343,34.74282933259383,0.9626089595258236,True,
6855,onnx_model_082,measure,34.74611474545124,34.747047420591116,34.74777036579326,0.7229452021420002,True,
6856,onnx_model_087,measure,34.764641105084685,34.76499849371612,34.76577106304467,0.772569328546524,True,
6857,onnx_model_027,measure,34.770167203429125,34.77099730679765,34.771780765615404,0.7834588177502155,True,
6858,onnx_model_015,measure,34.77700422366655,34.778004065621644,34.77888162387535,0.8775582537055016,True,
6859,onnx_model_070,measure,34.785470261646935,34.786103531718254,34.78700226964429,0.8987379260361195,True,
6860,onnx_model_045,measure,34.786858727435096,34.7871330389753,34.78809475665912,0.9617176838219166,True,
6861,onnx_model_020,measure,34.78721118100532,34.787514994852245,34.788254039827734,0.739044975489378,True,
6862,onnx_model_047,measure,34.81186344270142,34.812500157859176,34.8134634885937,0.9633307345211506,True,
6863,onnx_model_023,measure,34.81796678926759,34.81874342588708,34.819606836885214,0.8634109981358051,True,
6864,onnx_model_076,measure,34.83756079134308,34.838856036774814,34.83960409881547,0.748062040656805,True,
6865,onnx_model_021,measure,34.84438353350631,34.844877312891185,34.84573075501248,0.853442121297121,True,
6866,onnx_model_013,measure,34.84567872719822,34.84591341158375,34.846795639023185,0.8822274394333363,True,
6867,onnx_model_051,measure,34.846060509654606,34.846323751844466,34.847119664773345,0.795912928879261,True,
6868,onnx_model_092,measure,34.85203280981956,34.85234684078023,34.85325243277475,0.9055919945240021,True,
6869,onnx_model_048,measure,34.85270808453558,34.85334807401523,34.85407310258597,0.725028570741415,True,
6870,onnx_model_053,measure,34.85783196154223,34.85830095876008,34.859069970902056,0.7690121419727802,True,
6871,onnx_model_001,measure,34.89129502718557,34.89235560176894,34.893891310784966,1.5357090160250664,True,
6872,onnx_model_047,measure,34.89155314971534,34.8925488400273,34.89404768869281,1.4988486655056477,True,
6873,onnx_model_041,measure,34.89655879837375,34.89730588160455,34.89823470776901,0.9288261644542217,True,
6874,onnx_model_057,measure,34.9041633238925,34.90447077201679,34.90525433095172,0.7835589349269867,True,
6875,onnx_model_064,measure,34.90672620358244,34.90748406993225,34.90838775690645,0.9036869741976261,True,
6876,onnx_model_027,measure,34.90980172506797,34.91062698373571,34.91162051167339,0.9935279376804829,True,
6877,onnx_model_012,measure,34.911380581099586,34.911720362026244,34.91311617475003,1.3958127237856388,True,
6878,onnx_model_098,measure,34.91139691280095,34.9118870687671,34.91335084103048,1.463772263377905,True,
6879,onnx_model_069,measure,34.91147761265872,34.91203562077135,34.91340410290286,1.368482131510973,True,
6880,onnx_model_039,measure,34.912304738632045,34.912559596821666,34.91366133186966,1.1017350479960442,True,
6881,onnx_model_043,measure,34.91675604283584,34.91789134172723,34.91875767894089,0.866337213665247,True,
6882,onnx_model_083,measure,34.923107919763794,34.92399547575042,34.924918880686164,0.923404935747385,True,
6883,onnx_model_056,measure,34.92566780335622,34.92614751588553,34.92718257382512,1.0350579395890236,True,
6884,onnx_model_012,measure,34.92590388029792,34.92631452390924,34.92729480704293,0.9802831336855888,True,
6885,onnx_model_077,measure,34.92886461901734,34.929517621640116,34.9303921549581,0.8745333179831505,True,
6886,onnx_model_063,measure,34.934690533674775,34.935720482841134,34.93691849987954,1.1980170384049416,True,
6887,onnx_model_076,measure,34.93530064171333,34.93592873867601,34.93708792189136,1.1591832153499126,True,
6888,onnx_model_030,measure,34.93561737940315,34.93640963267535,34.93725092196837,0.8412892930209637,True,
6889,onnx_model_053,measure,34.94217209051811,34.942478177603334,34.94338737661019,0.9091990068554878,True,
6890,onnx_model_070,measure,34.94564443569077,34.946626564022154,34.94743650360033,0.8099395781755447,True,
6891,onnx_model_023,measure,34.949782528459316,34.95067391684279,34.95155780762434,0.8838907815515995,True,
6892,onnx_model_035,measure,34.950803601072664,34.95104623492807,34.952090619597584,1.0443846695125103,True,
6893,onnx_model_029,measure,34.95144843548078,34.95175322890282,34.95256967097521,0.81644207239151,True,
6894,onnx_model_035,measure,34.95711747888921,34.95780176669359,34.95872979098931,0.9280242957174778,True,
6895,onnx_model_041,measure,34.958745951125046,34.96003178600222,34.960978785995394,0.9469999931752682,True,
6896,onnx_model_087,measure,34.95934555346232,34.96019633766264,34.96148582873866,1.2894910760223866,True,
6897,onnx_model_071,measure,34.96086234702456,34.96113883983344,34.96198644069955,0.8476008661091328,True,
6898,onnx_model_095,measure,34.96204773572899,34.96320399502292,34.964013133663684,0.8091386407613754,True,
6899,onnx_model_029,measure,34.9641563306245,34.96523541677743,34.96611817460507,0.8827578276395798,True,
6900,onnx_model_062,measure,34.972431630141045,34.9733460736461,34.97426442988217,0.9183562360703945,True,
6901,onnx_model_091,measure,34.98027471197243,34.98049255879596,34.98130586370826,0.8133049122989178,True,
6902,onnx_model_099,measure,34.98279763984559,34.983535351697356,34.984526415821165,0.9910641238093376,True,
6903,onnx_model_098,measure,34.98333061233434,34.98371905181557,34.984678184613585,0.9591327980160713,True,
6904,onnx_model_019,measure,34.98873077969501,34.98990609170869,34.991119348909706,1.2132572010159492,True,
6905,onnx_model_054,measure,34.98888932675641,34.990068721584976,34.99100655363873,0.9378320537507534,True,
6906,onnx_model_072,measure,34.99615984033926,34.99736340763047,35.00813561398536,10.772206354886293,True,
6907,onnx_model_037,measure,34.997504125948836,35.007757995743304,35.00866687390953,0.9088781662285328,True,
